DATEPRD,WELL_BORE_CODE,NPD_WELL_BORE_CODE,NPD_WELL_BORE_NAME,NPD_FIELD_CODE,NPD_FIELD_NAME,NPD_FACILITY_CODE,NPD_FACILITY_NAME,ON_STREAM_HRS,AVG_CHOKE_SIZE_P,AVG_CHOKE_UOM,FLOW_KIND,WELL_TYPE,AVG_DOWNHOLE_PRESSURE_PSI,AVG_DOWNHOLE_TEMPERATURE_F,AVG_DP_TUBING_PSI,DP_CHOKE_SIZE_PSI,AVG_WHP_P_PSI,AVG_WHT_P,BORE_OIL_VOL_STB_D,BORE_GAS_VOL_MSCF_D,BORE_WAT_VOL_STB_D,GOR_MSCF/STB,WCUT,AVG_DOWNHOLE_PRESSURE_PSI_WAS_MISSING,AVG_DOWNHOLE_TEMPERATURE_F_WAS_MISSING,AVG_DP_TUBING_PSI_WAS_MISSING,GOR_MSCF/STB_WAS_MISSING,WCUT_WAS_MISSING
2014-04-07,NO 15/9-F-1 C,7405,15/9-F-1 C,3420717,VOLVE,369304,MÆRSK INSPIRER,0.0,0.0,%,production,WI,0.0,32.0,0.0,0.0,0.0,32.0,0.0,0.0,0.0,0.8041210953705838,0.0,0,0,0,1,1
2014-04-08,NO 15/9-F-1 C,7405,15/9-F-1 C,3420717,VOLVE,369304,MÆRSK INSPIRER,0.0,1.0030591666666666,%,production,OP,1125.4083648330002,75.5941505,1005.397106847,0.0,0.0,32.0,0.0,0.0,0.0,0.8041210953705838,0.0,1,1,1,1,1
2014-04-09,NO 15/9-F-1 C,7405,15/9-F-1 C,3420717,VOLVE,369304,MÆRSK INSPIRER,0.0,0.9790077083333332,%,production,OP,2250.8167296660004,119.188301,2010.794213694,0.0,0.0,32.0,0.0,0.0,0.0,0.8041210953705838,0.0,1,1,1,1,1
2014-04-10,NO 15/9-F-1 C,7405,15/9-F-1 C,3420717,VOLVE,369304,MÆRSK INSPIRER,0.0,0.5457591666666667,%,production,OP,3376.2250944990005,162.78245149999998,3016.191320541,0.0,0.0,32.0,0.0,0.0,0.0,0.8041210953705838,0.0,1,1,1,1,1
2014-04-11,NO 15/9-F-1 C,7405,15/9-F-1 C,3420717,VOLVE,369304,MÆRSK INSPIRER,0.0,1.215986875,%,production,OP,4501.633459332001,206.376602,4021.588427388,479.66894841,480.0450319440001,50.863856,0.0,0.0,0.0,0.8041210953705838,0.0,0,0,0,1,1
2014-04-12,NO 15/9-F-1 C,7405,15/9-F-1 C,3420717,VOLVE,369304,MÆRSK INSPIRER,0.0,3.0870154166666666,%,production,OP,4401.914612964,206.462102,4082.057380272,319.857232692,319.857232692,47.667722,0.0,0.0,0.0,0.8041210953705838,0.0,0,0,0,1,1
2014-04-13,NO 15/9-F-1 C,7405,15/9-F-1 C,3420717,VOLVE,369304,MÆRSK INSPIRER,0.0,1.9623652083333332,%,production,OP,4402.408177278,206.52593,4003.5129216,234.428690388,398.895255678,48.96167,0.0,0.0,0.0,0.8041210953705838,0.0,0,0,0,1,1
2014-04-14,NO 15/9-F-1 C,7405,15/9-F-1 C,3420717,VOLVE,369304,MÆRSK INSPIRER,0.0,0.0,%,production,OP,4405.997432664,206.543714,4101.482609688001,300.76704105600004,304.514822976,46.636466,0.0,0.0,0.0,0.8041210953705838,0.0,0,0,0,1,1
2014-04-15,NO 15/9-F-1 C,7405,15/9-F-1 C,3420717,VOLVE,369304,MÆRSK INSPIRER,0.0,31.141855625,%,production,OP,4407.098706198,206.638448,4205.241489546001,176.678474814,201.857216652,47.296994,0.0,0.0,0.0,0.8041210953705838,0.0,0,0,0,1,1
2014-04-16,NO 15/9-F-1 C,7405,15/9-F-1 C,3420717,VOLVE,369304,MÆRSK INSPIRER,0.0,0.0,%,production,OP,4406.136524106,206.718242,4346.381738333999,21.61356276,59.754785772,47.878232,0.0,0.0,0.0,0.8041210953705838,0.0,0,0,0,1,1
2014-04-17,NO 15/9-F-1 C,7405,15/9-F-1 C,3420717,VOLVE,369304,MÆRSK INSPIRER,0.0,41.23599395833333,%,production,OP,4414.016583684,206.455028,4103.1395238000005,272.596600392,310.877059884,47.937722,0.0,0.0,0.0,0.8041210953705838,0.0,0,0,0,1,1
2014-04-18,NO 15/9-F-1 C,7405,15/9-F-1 C,3420717,VOLVE,369304,MÆRSK INSPIRER,0.0,0.0,%,production,OP,4421.462979642,206.096612,3969.700647774,413.395719804,451.7623318680001,49.351172,0.0,0.0,0.0,0.8041210953705838,0.0,0,0,0,1,1
2014-04-19,NO 15/9-F-1 C,7405,15/9-F-1 C,3420717,VOLVE,369304,MÆRSK INSPIRER,0.0,0.4368616666666666,%,production,OP,4429.047016662,205.908134,3765.475540734,625.94194698,663.5714759279999,49.350542,0.0,0.0,0.0,0.8041210953705838,0.0,0,0,0,1,1
2014-04-20,NO 15/9-F-1 C,7405,15/9-F-1 C,3420717,VOLVE,369304,MÆRSK INSPIRER,0.0,0.4542847916666667,%,production,OP,4552.316118204,205.807154,4101.882914568,413.126529276,450.433203636,49.315568,0.0,0.0,0.0,0.8041210953705838,0.0,0,0,0,1,1
2014-04-21,NO 15/9-F-1 C,7405,15/9-F-1 C,3420717,VOLVE,369304,MÆRSK INSPIRER,11.5,20.98974833333333,%,production,OP,4371.09202635,216.8174824347826,2970.308382132,1012.01090586,1400.783644218,66.55427443478261,0.0,0.0,0.0,0.8041210953705838,0.0,0,0,0,1,1
2014-04-22,NO 15/9-F-1 C,7405,15/9-F-1 C,3420717,VOLVE,369304,MÆRSK INSPIRER,24.0,43.34345125,%,production,OP,4197.709545341,223.435776125,2640.551847572625,1144.863384449875,1557.1576977683749,100.29065225,3971.826320700001,3193.829331623,0.0,0.8041210953705838,0.0,0,0,0,0,0
2014-04-23,NO 15/9-F-1 C,7405,15/9-F-1 C,3420717,VOLVE,369304,MÆRSK INSPIRER,24.0,47.167523125,%,production,OP,3919.5039085047497,225.758802125,2480.91534078025,1024.361468953125,1438.5885677245,141.361842875,7336.8117726,5852.365856733001,0.0,0.7976715279229598,0.0,0,0,0,0,0
2014-04-24,NO 15/9-F-1 C,7405,15/9-F-1 C,3420717,VOLVE,369304,MÆRSK INSPIRER,24.0,47.73231020833333,%,production,OP,3812.2186411905,226.1646215,2440.147990242875,957.963670834875,1372.070650947625,145.484239625,9748.0104361,7829.527140457,0.0,0.8031923223493646,0.0,0,0,0,0,0
2014-04-25,NO 15/9-F-1 C,7405,15/9-F-1 C,3420717,VOLVE,369304,MÆRSK INSPIRER,24.0,48.53376875,%,production,OP,3706.112433102625,226.34804675,2400.943143144375,890.6114410927499,1305.16928995825,148.1850125,7854.085747,6288.259789744,0.0,0.800635489897205,0.0,0,0,0,0,0
2014-04-26,NO 15/9-F-1 C,7405,15/9-F-1 C,3420717,VOLVE,369304,MÆRSK INSPIRER,24.0,49.84450229166666,%,production,OP,3585.32561160625,226.493654375,2355.739708685,814.358005690375,1229.58590292125,150.30264874999995,8464.7005018,6801.688559193,0.0,0.8035356428436702,0.0,0,0,0,0,0
2014-04-27,NO 15/9-F-1 C,7405,15/9-F-1 C,3420717,VOLVE,369304,MÆRSK INSPIRER,24.0,50.296981875,%,production,OP,3491.592843071625,226.496847125,2319.143403254375,757.12369934725,1172.44943981725,152.480718125,8488.4759836,6868.577426168999,0.0,0.8091649713610907,0.0,0,0,0,0,0
2014-04-28,NO 15/9-F-1 C,7405,15/9-F-1 C,3420717,VOLVE,369304,MÆRSK INSPIRER,24.0,50.735878541666665,%,production,OP,3408.696585685375,226.474945625,2287.005886236,706.445050171625,1121.690699449375,154.12702625,8463.6312341,6812.195388737001,0.0,0.8048785681127791,0.0,0,0,0,0,0
2014-04-29,NO 15/9-F-1 C,7405,15/9-F-1 C,3420717,VOLVE,369304,MÆRSK INSPIRER,24.0,50.11391979166667,%,production,OP,3375.66822714125,226.378052375,2274.121770906375,687.12788917375,1101.546456234875,150.2724545,8047.560302600001,6529.698977557001,0.0,0.8113886360624586,0.0,0,0,0,0,0
2014-04-30,NO 15/9-F-1 C,7405,15/9-F-1 C,3420717,VOLVE,369304,MÆRSK INSPIRER,24.0,48.92679020833334,%,production,OP,3383.70431134775,226.207830125,2279.698364163,690.534671647625,1104.00594718475,145.032159125,7708.9169322,6254.510943542,0.0,0.8113345880556874,0.0,0,0,0,0,0
2014-05-01,NO 15/9-F-1 C,7405,15/9-F-1 C,3420717,VOLVE,369304,MÆRSK INSPIRER,24.0,48.93862895833333,%,production,OP,3351.6671515605,226.178460125,2268.379492886125,670.0152725380001,1083.287658674375,144.278301875,7628.910549000001,6166.260214536001,0.0,0.8082753330151806,0.0,0,0,0,0,0
2014-05-02,NO 15/9-F-1 C,7405,15/9-F-1 C,3420717,VOLVE,369304,MÆRSK INSPIRER,24.0,48.303704583333335,%,production,OP,3356.4549677406253,226.0703825,2272.60387269575,669.354718118375,1083.8510950448751,141.345168125,6755.5075324,5469.2112498490005,0.0,0.8095929467354139,0.0,0,0,0,0,0
2014-05-03,NO 15/9-F-1 C,7405,15/9-F-1 C,3420717,VOLVE,369304,MÆRSK INSPIRER,24.0,48.17349875,%,production,OP,3346.9773145926247,226.03184075,2271.38161934,663.29826663875,1075.5956952526249,141.130281875,6567.6309077000005,5224.101098971,0.0,0.7954315905368824,0.0,0,0,0,0,0
2014-05-04,NO 15/9-F-1 C,7405,15/9-F-1 C,3420717,VOLVE,369304,MÆRSK INSPIRER,24.0,47.466087916666666,%,production,OP,3344.5158263486246,225.97576775,2272.565676334125,659.797369611,1071.9501500145,136.902239,6102.373662,4922.108148215,0.0,0.8065891111954331,0.0,0,0,0,0,0
2014-05-05,NO 15/9-F-1 C,7405,15/9-F-1 C,3420717,VOLVE,369304,MÆRSK INSPIRER,24.0,47.84001958333333,%,production,OP,3327.515124659625,226.003517,2268.81874349075,646.122679338,1058.6963811688752,130.8285005,5950.9150372,4837.424910203,0.0,0.812887577786539,0.0,0,0,0,0,0
2014-05-06,NO 15/9-F-1 C,7405,15/9-F-1 C,3420717,VOLVE,369304,MÆRSK INSPIRER,24.0,49.00558229166667,%,production,OP,3276.4443531645,226.148396375,2247.3762862896247,615.685642220875,1029.068066874875,137.989060625,6307.6101623,5118.871062205,0.0,0.8115389078418347,0.0,0,0,0,0,0
2014-05-07,NO 15/9-F-1 C,7405,15/9-F-1 C,3420717,VOLVE,369304,MÆRSK INSPIRER,24.0,47.920399583333335,%,production,OP,3274.49897660025,226.10869775,2248.9379920195,609.869394820625,1025.56098458075,135.366156125,5820.0240911,4767.492975528,0.0,0.8191534778727919,0.0,0,0,0,0,0
2014-05-08,NO 15/9-F-1 C,7405,15/9-F-1 C,3420717,VOLVE,369304,MÆRSK INSPIRER,24.0,47.296947708333335,%,production,OP,3273.317989577125,226.077886625,2250.147122457875,596.964644813875,1023.17086711925,135.780724625,5748.0057666,4504.902401297,0.0,0.7837331040051639,0.0,0,0,0,0,0
2014-05-09,NO 15/9-F-1 C,7405,15/9-F-1 C,3420717,VOLVE,369304,MÆRSK INSPIRER,13.83334,29.13358708333333,%,production,OP,3303.934289936601,225.67901928528903,2274.9531856306585,605.464469914659,1028.9811043059426,132.71954430735022,1112.038408,858.94885369,0.0,0.7724093408201778,0.0,0,0,0,0,0
2014-05-10,NO 15/9-F-1 C,7405,15/9-F-1 C,3420717,VOLVE,369304,MÆRSK INSPIRER,24.0,48.13438479166667,%,production,OP,3278.742295955375,225.830642,2250.481713037375,607.775644382375,1028.260582918,135.272801375,5938.775703900001,1842.105863926,0.0,0.3101827642213002,0.0,0,0,0,0,0
2014-05-11,NO 15/9-F-1 C,7405,15/9-F-1 C,3420717,VOLVE,369304,MÆRSK INSPIRER,24.0,47.49388729166667,%,production,OP,3264.75730594625,226.105613375,2250.43308602625,601.6682362187499,1014.32421992,136.443800375,5179.0924521,4157.660372284,0.0,0.8027777860188935,0.0,0,0,0,0,0
2014-05-12,NO 15/9-F-1 C,7405,15/9-F-1 C,3420717,VOLVE,369304,MÆRSK INSPIRER,24.0,46.93359,%,production,OP,3278.187930503125,225.988999625,2259.6413613055,606.353764349375,1018.546569197625,134.39374924999998,4836.9267881,3928.336951747,0.0,0.8121555532764423,0.0,0,0,0,0,0
2014-05-13,NO 15/9-F-1 C,7405,15/9-F-1 C,3420717,VOLVE,369304,MÆRSK INSPIRER,24.0,46.335198958333336,%,production,OP,3290.984668023957,225.8914517446809,2270.9581159662075,608.080154685,1020.02655205775,129.65955574999998,4659.491247999999,3783.77234268,0.0,0.8120569695895694,0.0,0,0,0,0,0
2014-05-14,NO 15/9-F-1 C,7405,15/9-F-1 C,3420717,VOLVE,369304,MÆRSK INSPIRER,24.0,45.16208958333333,%,production,OP,3271.712811664085,225.934582625,2265.548206023835,594.38133371475,1006.16460564025,130.99164274999998,4486.1440844,3633.1957590850006,0.0,0.8098705014221412,0.0,0,0,0,0,0
2014-05-15,NO 15/9-F-1 C,7405,15/9-F-1 C,3420717,VOLVE,369304,MÆRSK INSPIRER,24.0,46.31644395833333,%,production,OP,3276.301076771875,225.87684570212764,2274.56773556175,589.588157171875,1001.733341210125,119.47662425,4678.5493723,3769.683189968,0.0,0.8057376100991755,0.0,0,0,0,0,0
2014-05-16,NO 15/9-F-1 C,7405,15/9-F-1 C,3420717,VOLVE,369304,MÆRSK INSPIRER,24.0,46.34614208333333,%,production,OP,3273.519232180851,225.8784215,2278.662196939976,582.155554932,994.857035240875,119.079958625,4629.8662429000005,3703.241407094,0.0,0.7998592643519671,0.0,0,0,0,0,0
2014-05-17,NO 15/9-F-1 C,7405,15/9-F-1 C,3420717,VOLVE,369304,MÆRSK INSPIRER,24.0,47.08721125,%,production,OP,3243.08609058125,225.999846125,2267.616979774125,563.32544664625,975.469110807125,129.057392375,4924.1664528,3887.3828473040007,0.0,0.7894499271229024,0.0,0,0,0,0,0
2014-05-18,NO 15/9-F-1 C,7405,15/9-F-1 C,3420717,VOLVE,369304,MÆRSK INSPIRER,24.0,47.769806875,%,production,OP,3192.314840685875,226.20025323404252,2243.66680950975,536.496822017625,948.6480311761252,128.896724,5249.9786108,4145.507171426,0.0,0.7896236306369068,0.0,0,0,0,0,0
2014-05-19,NO 15/9-F-1 C,7405,15/9-F-1 C,3420717,VOLVE,369304,MÆRSK INSPIRER,24.0,47.13594875,%,production,OP,3197.9492282424258,226.14876125,2250.6431672045505,535.2779800765,947.306061037875,132.35649425,4961.402128,3867.573066339,0.0,0.7795322706281147,0.0,0,0,0,0,0
2014-05-20,NO 15/9-F-1 C,7405,15/9-F-1 C,3420717,VOLVE,369304,MÆRSK INSPIRER,24.0,47.14246875,%,production,OP,3193.0676543816253,226.145567,2251.53380358125,529.524815141375,941.5338508003751,132.130623875,4925.2986186,3862.09328434,0.0,0.7841338329731138,0.0,0,0,0,0,0
2014-05-21,NO 15/9-F-1 C,7405,15/9-F-1 C,3420717,VOLVE,369304,MÆRSK INSPIRER,24.0,46.524590833333335,%,production,OP,3191.791712792875,226.132667375,2253.521866641875,526.210310073375,938.269846151,126.025514,4678.1719837,3707.800534864,0.0,0.7925746526170835,0.0,0,0,0,0,0
2014-05-22,NO 15/9-F-1 C,7405,15/9-F-1 C,3420717,VOLVE,369304,MÆRSK INSPIRER,24.0,46.2889975,%,production,OP,3190.583951150625,226.1342615,2256.019073515,522.41097620925,934.564877635625,128.590038125,4625.5891721,3782.761282819,0.0,0.8177901543084167,0.0,0,0,0,0,0
2014-05-23,NO 15/9-F-1 C,7405,15/9-F-1 C,3420717,VOLVE,369304,MÆRSK INSPIRER,24.0,46.284226875,%,production,OP,3188.847906723125,226.16099337500003,2256.386252320125,520.295932379625,932.461654403,120.295364375,4672.6369509,3816.778520741,586.9021711,0.8168360950888445,0.1115881368093757,0,0,0,0,0
2014-05-24,NO 15/9-F-1 C,7405,15/9-F-1 C,3420717,VOLVE,369304,MÆRSK INSPIRER,24.0,46.24215791666666,%,production,OP,3189.719071426875,226.189364,2259.006569260625,518.521144676375,930.71250216625,130.4432375,4695.5947574,3827.655095194,631.6227202,0.8151587377002296,0.1185652214980636,0,0,0,0,0
2014-05-25,NO 15/9-F-1 C,7405,15/9-F-1 C,3420717,VOLVE,369304,MÆRSK INSPIRER,24.0,46.261677291666665,%,production,OP,3190.5038992395,226.225017875,2261.2068773045003,517.36958828075,929.297021935,131.416095875,4720.9426917,3736.638165737,635.3337081000001,0.7915025472150872,0.1186148101176636,0,0,0,0,0
2014-05-26,NO 15/9-F-1 C,7405,15/9-F-1 C,3420717,VOLVE,369304,MÆRSK INSPIRER,24.0,46.26510666666667,%,production,OP,3190.455642473872,226.257280625,2263.2221879649974,515.304304571625,927.233454508875,131.18455025,4574.3272206,3761.514546711,544.8233422000001,0.8223098972394052,0.1064284661129404,0,0,0,0,0
2014-05-27,NO 15/9-F-1 C,7405,15/9-F-1 C,3420717,VOLVE,369304,MÆRSK INSPIRER,24.0,46.226333333333336,%,production,OP,3190.552816326625,226.285632125,2266.1210064745,512.4894282189999,924.431809852125,131.560194875,4500.359055,3736.305501263,572.8758948,0.8302238678293637,0.1129212229413077,0,0,0,0,0
2014-05-28,NO 15/9-F-1 C,7405,15/9-F-1 C,3420717,VOLVE,369304,MÆRSK INSPIRER,24.0,46.215003125,%,production,OP,3180.199889064875,225.400478375,2258.46756272825,509.888271402625,921.732326336625,131.914819625,4371.4808481,3610.912536532,484.0637776,0.8260158655622225,0.099692993251033,0,0,0,0,0
2014-05-29,NO 15/9-F-1 C,7405,15/9-F-1 C,3420717,VOLVE,369304,MÆRSK INSPIRER,24.0,46.21505770833333,%,production,OP,3190.94014332725,226.331673875,2270.56210025075,508.3913493127501,920.3780430765,133.107506375,4395.1305337,3631.18105545,485.1330453,0.8261827555763455,0.0994071400953731,0,0,0,0,0
2014-05-30,NO 15/9-F-1 C,7405,15/9-F-1 C,3420717,VOLVE,369304,MÆRSK INSPIRER,24.0,46.231572291666666,%,production,OP,3190.839774009625,226.352504,2272.23732541025,506.528946571,918.6024485993752,132.533047625,4428.5294248,3671.951523453,490.3535876,0.8291582083410978,0.0996879954989514,0,0,0,0,0
2014-05-31,NO 15/9-F-1 C,7405,15/9-F-1 C,3420717,VOLVE,369304,MÆRSK INSPIRER,24.0,46.2074025,%,production,OP,3190.741921705625,226.373082125,2273.9563399592503,504.62874934375,916.785581746375,132.0728555,4503.0636733,3734.929287404,496.8320919,0.8294196037132461,0.0993684899109344,0,0,0,0,0
2014-06-01,NO 15/9-F-1 C,7405,15/9-F-1 C,3420717,VOLVE,369304,MÆRSK INSPIRER,24.0,46.264785,%,production,OP,3190.9192095092503,226.388923625,2275.1257148775003,503.66411067062495,915.79349463175,132.73429887499998,4555.1433001000005,3779.935753672,503.6879848,0.8298170890889465,0.0995660769125564,0,0,0,0,0
2014-06-02,NO 15/9-F-1 C,7405,15/9-F-1 C,3420717,VOLVE,369304,MÆRSK INSPIRER,22.0,41.71340020833333,%,production,OP,3210.1032179406816,226.08424403766907,2284.904311349367,512.7375511514866,925.1989065913148,123.39314601321362,2892.2433323,2410.698313657,290.6521201,0.8335046663379942,0.0913168919453007,0,0,0,0,0
2014-06-03,NO 15/9-F-1 C,7405,15/9-F-1 C,3420717,VOLVE,369304,MÆRSK INSPIRER,24.0,46.19318770833333,%,production,OP,3194.3239765592502,226.336681625,2289.68363218125,492.35802691075,904.640344378,127.484003375,4497.8431310000005,3703.308858171,507.587667,0.8233521602047619,0.1014073887911535,0,0,0,0,0
2014-06-04,NO 15/9-F-1 C,7405,15/9-F-1 C,3420717,VOLVE,369304,MÆRSK INSPIRER,24.0,46.15730520833333,%,production,OP,3209.221515448125,226.32966725,2312.646359568625,484.23958529325006,896.5751558795,128.72536887500002,4445.637708,3680.9959712700006,501.4865513,0.8280017880552853,0.1013693056844621,0,0,0,0,0
2014-06-05,NO 15/9-F-1 C,7405,15/9-F-1 C,3420717,VOLVE,369304,MÆRSK INSPIRER,24.0,47.04156520833333,%,production,OP,3205.9873975075525,226.35074131042285,2302.59751584432,490.8330008635467,903.3898816632328,129.6403021667992,4260.0254149,3514.4303041030007,569.6680917,0.8249787176881194,0.1179511890188315,0,0,0,0,0
2014-06-06,NO 15/9-F-1 C,7405,15/9-F-1 C,3420717,VOLVE,369304,MÆRSK INSPIRER,24.0,47.202699375,%,production,OP,3201.71087067775,226.376250125,2286.87543059825,502.49521619075006,914.8354400795,133.761621125,4342.3590278,3526.1900992030005,579.7946858,0.8120448071263004,0.1177928848906154,0,0,0,0,0
2014-06-07,NO 15/9-F-1 C,7405,15/9-F-1 C,3420717,VOLVE,369304,MÆRSK INSPIRER,24.0,47.19410729166667,%,production,OP,3200.1204746185,226.38939575,2281.133077037375,506.67182713075,918.9873975811248,133.907758625,4367.015083,3542.285480022,579.1028067,0.8111456939572929,0.1170822895074837,0,0,0,0,0
2014-06-08,NO 15/9-F-1 C,7405,15/9-F-1 C,3420717,VOLVE,369304,MÆRSK INSPIRER,24.0,47.152024375,%,production,OP,3198.14664643325,226.4048825,2279.7739078096247,506.059636840875,918.372738623625,125.692086875,4344.371767000001,3530.023509888,573.9451625,0.8125509738144837,0.116695440884967,0,0,0,0,0
2014-06-09,NO 15/9-F-1 C,7405,15/9-F-1 C,3420717,VOLVE,369304,MÆRSK INSPIRER,19.5,38.978911458333336,%,production,OP,3211.873972019154,225.96306721538463,2307.7466030601,502.8510923054,904.1273689590538,128.40660343076922,1499.8051945,1233.042767995,177.0581515,0.8221352829799125,0.105588897224306,0,0,0,0,0
2014-06-10,NO 15/9-F-1 C,7405,15/9-F-1 C,3420717,VOLVE,369304,MÆRSK INSPIRER,24.0,46.512532291666666,%,production,OP,3203.188774659875,226.383356375,2292.680954251375,498.22992357862495,910.5078204085,130.075076,4070.1989491,3364.1595458100005,533.8790728,0.8265344244545788,0.115957868276889,0,0,0,0,0
2014-06-11,NO 15/9-F-1 C,7405,15/9-F-1 C,3420717,VOLVE,369304,MÆRSK INSPIRER,24.0,47.815207916666665,%,production,OP,3167.843304135875,226.5174935,2272.53027799725,483.1770852512501,895.313026138625,129.731625125,4691.6950752,3841.999926334,592.6887963,0.81889378247162,0.1121585431173004,0,0,0,0,0
2014-06-12,NO 15/9-F-1 C,7405,15/9-F-1 C,3420717,VOLVE,369304,MÆRSK INSPIRER,24.0,48.72777375,%,production,OP,3125.5233429598748,226.6508495,2256.199745538625,457.29441961,869.32359742125,142.80984875,5062.3535785,4116.0985018540005,640.8058427999999,0.8130800107158103,0.1123597983964355,0,0,0,0,0
2014-06-13,NO 15/9-F-1 C,7405,15/9-F-1 C,3420717,VOLVE,369304,MÆRSK INSPIRER,24.0,48.263916875,%,production,OP,3115.753136079375,226.6433585,2243.52259339175,460.34245965575,872.230542687625,144.18892175000002,5150.6625109,4248.641987041,356.94671750000003,0.8248729125719042,0.0648097391622127,0,0,0,0,0
2014-06-14,NO 15/9-F-1 C,7405,15/9-F-1 C,3420717,VOLVE,369304,MÆRSK INSPIRER,24.0,48.00591375,%,production,OP,3130.3920057385,226.588609625,2256.7591601262498,461.73976783425,873.63284561225,139.251932375,4913.6624701,4074.401376123,341.6624792,0.8291984646719294,0.0650126267159766,0,0,0,0,0
2014-06-15,NO 15/9-F-1 C,7405,15/9-F-1 C,3420717,VOLVE,369304,MÆRSK INSPIRER,24.0,48.04032458333333,%,production,OP,3116.5376828808758,226.6048475,2247.475610125,457.511731858375,869.062072755875,141.39349025,4944.7970296,4098.554512041001,343.1091355,0.8288620316479492,0.0648856323821531,0,0,0,0,0
2014-06-16,NO 15/9-F-1 C,7405,15/9-F-1 C,3420717,VOLVE,369304,MÆRSK INSPIRER,24.0,47.74037104166667,%,production,OP,3123.8403618033194,226.557765125,2252.920291834944,459.344628432,870.920069968375,139.00090662500003,4764.0907883,3925.321076367,326.0637504,0.8239391839481919,0.0640577310415559,0,0,0,0,0
2014-06-17,NO 15/9-F-1 C,7405,15/9-F-1 C,3420717,VOLVE,369304,MÆRSK INSPIRER,24.0,47.62397166666667,%,production,OP,3134.54288452,226.520954375,2262.279877493375,460.686722456875,872.263007026625,137.4929,4569.5469650000005,3780.470065083001,318.7046727,0.8273183521340611,0.0651980905078682,0,0,0,0,0
2014-06-18,NO 15/9-F-1 C,7405,15/9-F-1 C,3420717,VOLVE,369304,MÆRSK INSPIRER,24.0,47.639864583333335,%,production,OP,3132.58632794325,226.518131,2265.4500002540003,455.412711706125,867.1363276892499,137.592263,4553.5708476,3759.483951461,322.667253,0.8256122672259442,0.0661713489667982,0,0,0,0,0
2014-06-19,NO 15/9-F-1 C,7405,15/9-F-1 C,3420717,VOLVE,369304,MÆRSK INSPIRER,24.0,47.60717375,%,production,OP,3130.1820058226253,226.519668875,2268.0816301585,450.3887857485,862.1003756641251,135.58987175,4498.9752968,3737.2759492190007,333.1083376,0.8306949255483186,0.0689367905862751,0,0,0,0,0
2014-06-20,NO 15/9-F-1 C,7405,15/9-F-1 C,3420717,VOLVE,369304,MÆRSK INSPIRER,24.0,47.58517291666666,%,production,OP,3126.71203512675,226.53078725,2269.673289257,445.31929972912496,857.03874586975,137.20256037500002,4469.6647822,3703.132990965,319.9626347,0.8285035167989246,0.0668032410143271,0,0,0,0,0
2014-06-21,NO 15/9-F-1 C,7405,15/9-F-1 C,3420717,VOLVE,369304,MÆRSK INSPIRER,24.0,47.61119583333333,%,production,OP,3122.7242636627498,226.541986625,2271.284540572,439.654097319375,851.43972309075,137.664891875,4453.4370724,3678.231536554,317.5096088,0.825930955519658,0.0665506512682592,0,0,0,0,0
2014-06-22,NO 15/9-F-1 C,7405,15/9-F-1 C,3420717,VOLVE,369304,MÆRSK INSPIRER,24.0,47.619820833333335,%,production,OP,3117.582019935,226.5522245,2272.940937986125,432.8845362965,844.641081948875,137.1529865,4420.0381813,3616.85388166,325.183177,0.8182856648075897,0.0685285579841734,0,0,0,0,0
2014-06-23,NO 15/9-F-1 C,7405,15/9-F-1 C,3420717,VOLVE,369304,MÆRSK INSPIRER,24.0,47.65973229166666,%,production,OP,3116.25673521,226.5562415,2282.805903026625,417.413263339125,833.450832183375,136.18905312500002,4376.0724094,3612.149610473,325.1202789,0.8254318650472832,0.0691569779109749,0,0,0,0,0
2014-06-24,NO 15/9-F-1 C,7405,15/9-F-1 C,3420717,VOLVE,369304,MÆRSK INSPIRER,24.0,47.6279225,%,production,OP,3116.827317723625,226.54376825,2291.4457925136253,413.635712369625,825.38152521,135.22982975,4140.3932287,3413.2356781060003,595.3305165,0.8243747609397206,0.1257105668596929,0,0,0,0,0
2014-06-25,NO 15/9-F-1 C,7405,15/9-F-1 C,3420717,VOLVE,369304,MÆRSK INSPIRER,24.0,46.567545,%,production,OP,3115.7339781411065,226.55043978723407,2290.8253583949813,413.0232259605,824.9086197461249,136.4129885,3625.1319935,3004.6530746340004,499.0964235,0.8288396339833854,0.1210157084032331,0,0,0,0,0
2014-06-26,NO 15/9-F-1 C,7405,15/9-F-1 C,3420717,VOLVE,369304,MÆRSK INSPIRER,16.58333,44.0,%,production,OP,3184.4397224025447,225.40523764336237,2300.029666929234,509.4158203421847,884.4100554733108,120.473237097958,2326.1604323,1957.1247823850003,323.6736226,0.8413541711092926,0.12214863870493,0,0,0,0,0
2014-06-27,NO 15/9-F-1 C,7405,15/9-F-1 C,3420717,VOLVE,369304,MÆRSK INSPIRER,23.83333,44.37510354166667,%,production,OP,3150.975745619387,225.74283023331108,2361.065157443596,377.5571368875129,789.9105881757911,122.91909402836365,2631.9709945,2232.3898024460004,372.356752,0.8481817645828925,0.1239401235214068,0,0,0,0,0
2014-06-28,NO 15/9-F-1 C,7405,15/9-F-1 C,3420717,VOLVE,369304,MÆRSK INSPIRER,24.0,47.05341229166667,%,production,OP,3119.662348315,226.539824,2331.7171976965,375.688036525375,787.9451506185001,132.23857925,3704.4464976,3114.492032897,576.5239846,0.8407442339671489,0.1346713290823072,0,0,0,0,0
2014-06-29,NO 15/9-F-1 C,7405,15/9-F-1 C,3420717,VOLVE,369304,MÆRSK INSPIRER,24.0,46.83165625,%,production,OP,3122.071671225,226.57873080851067,2323.4627859756247,386.46775321025,798.608885249375,132.746680625,3597.0165428,3023.517127933,514.0661713000001,0.8405624750281036,0.1250439864751151,0,0,0,0,0
2014-06-30,NO 15/9-F-1 C,7405,15/9-F-1 C,3420717,VOLVE,369304,MÆRSK INSPIRER,24.0,45.827834583333335,%,production,OP,3123.405153618625,226.594234625,2323.6755567216246,387.64047004575,799.7295968970001,132.810584,3223.6534212,2718.493116476,448.9037397,0.8432957149171592,0.1222319272465704,0,0,0,0,0
2014-07-01,NO 15/9-F-1 C,7405,15/9-F-1 C,3420717,VOLVE,369304,MÆRSK INSPIRER,24.0,46.78695666666667,%,production,OP,3123.896442649,226.606029875,2326.6596501175,385.150294494,797.2367925315,133.257267875,3542.7983806,2977.295482838,494.9451489,0.8403795991161576,0.1225796401588908,0,0,0,0,0
2014-07-02,NO 15/9-F-1 C,7405,15/9-F-1 C,3420717,VOLVE,369304,MÆRSK INSPIRER,24.0,46.799730833333335,%,production,OP,3124.221185752625,226.614371375,2329.2923950016248,382.75522761075,794.9287907510001,124.97449775,3549.0881906,2979.321487177001,495.1338432,0.8394611030145531,0.1224299356123052,0,0,0,0,0
2014-07-03,NO 15/9-F-1 C,7405,15/9-F-1 C,3420717,VOLVE,369304,MÆRSK INSPIRER,24.0,46.80368645833333,%,production,OP,3123.138096357875,226.623245375,2331.946877456,379.01837793,791.191218901875,123.47776625,3554.3087329000005,2978.834144317,496.1402128,0.8380909955130814,0.1224901781138872,0,0,0,0,0
2014-07-04,NO 15/9-F-1 C,7405,15/9-F-1 C,3420717,VOLVE,369304,MÆRSK INSPIRER,24.0,46.84702458333334,%,production,OP,3121.3841367157497,226.632306875,2336.57178272425,372.4033277015,784.8123539915,124.553195375,3545.7545913000004,2972.906571922,500.3543855,0.8384411541668557,0.123663101604278,0,0,0,0,0
2014-07-05,NO 15/9-F-1 C,7405,15/9-F-1 C,3420717,VOLVE,369304,MÆRSK INSPIRER,24.0,46.85599229166667,%,production,OP,3120.04162872825,226.638266,2342.132654466,365.51227620225,777.90897426225,129.61693175,3544.0563426000003,2961.8301162670004,502.8703095,0.8357175591892917,0.1242598032358838,0,0,0,0,0
2014-07-06,NO 15/9-F-1 C,7405,15/9-F-1 C,3420717,VOLVE,369304,MÆRSK INSPIRER,24.0,46.8647225,%,production,OP,3119.2940122275,226.6418825,2349.2236468915,357.65302957725004,770.070365336,133.94522037500002,3543.5531578,2961.27179086,505.071743,0.8356786702470391,0.1247514292816306,0,0,0,0,0
2014-07-07,NO 15/9-F-1 C,7405,15/9-F-1 C,3420717,VOLVE,369304,MÆRSK INSPIRER,24.0,46.824565625,%,production,WI,3119.33309392525,226.644206,2355.51501460675,351.4778373,763.8180793185,130.939572875,3283.28082,2749.134975372,971.5869507,0.8373133844128509,0.2283471550844827,0,0,0,0,0
2014-07-08,NO 15/9-F-1 C,7405,15/9-F-1 C,3420717,VOLVE,369304,MÆRSK INSPIRER,24.0,46.80372041666666,%,production,OP,3118.999503503625,226.649480375,2364.4529753135,342.08801674750003,754.546528190125,135.473026625,3291.6462673000005,2750.4924724400003,1554.212051,0.8355978282855144,0.3207299819581272,0,0,0,0,0
2014-07-09,NO 15/9-F-1 C,7405,15/9-F-1 C,3420717,VOLVE,369304,MÆRSK INSPIRER,24.0,46.80707625,%,production,OP,3120.2872113001254,226.6523075,2377.014544260875,330.662566713625,743.27266703925,133.02125225,3283.0921257000005,2749.552395126,1554.1491529,0.8374886508978964,0.3212883260083738,0,0,0,0,0
2014-07-10,NO 15/9-F-1 C,7405,15/9-F-1 C,3420717,VOLVE,369304,MÆRSK INSPIRER,24.0,46.79164125,%,production,OP,3120.7135081983747,226.65715175,2382.00144322575,326.044405712375,738.7120649726251,135.47999825000002,3085.0889069,2586.477232907,1339.0376509,0.8383801280806453,0.302667121612784,0,0,0,0,0
2014-07-11,NO 15/9-F-1 C,7405,15/9-F-1 C,3420717,VOLVE,369304,MÆRSK INSPIRER,24.0,46.78772979166666,%,production,OP,3121.039438800625,226.65995825,2388.71527641875,319.627616386625,732.324162381875,133.014942875,3092.7624751,2574.2519900610005,1592.4540958,0.8323471365119192,0.3398891111439273,0,0,0,0,0
2014-07-12,NO 15/9-F-1 C,7405,15/9-F-1 C,3420717,VOLVE,369304,MÆRSK INSPIRER,24.0,46.85940979166666,%,production,OP,3125.04061721475,226.655676125,2406.5780718932497,305.743609085,718.4625453215,133.94008175,3072.1947964,2565.154923341,1282.3035647000002,0.8349584233222614,0.2944779072958645,0,0,0,0,0
2014-07-13,NO 15/9-F-1 C,7405,15/9-F-1 C,3420717,VOLVE,369304,MÆRSK INSPIRER,24.0,46.800471875,%,production,OP,3129.3259250708747,226.641657875,2418.408679536875,297.90624204662504,710.917245534,134.96669675,3029.1095979,2525.542777498,1256.6411399,0.8337574775270233,0.293213772050838,0,0,0,0,0
2014-07-14,NO 15/9-F-1 C,7405,15/9-F-1 C,3420717,VOLVE,369304,MÆRSK INSPIRER,24.0,47.002657291666665,%,production,OP,3132.48494638125,226.616935625,2428.10591719525,291.54902405775,704.379029186,134.195058125,3094.7123162,2581.360486024,1354.3218892,0.8341196926484123,0.3044080640144768,0,0,0,0,0
2014-07-15,NO 15/9-F-1 C,7405,15/9-F-1 C,3420717,VOLVE,369304,MÆRSK INSPIRER,24.0,47.88535770833333,%,production,OP,3119.0532249745,226.6602245,2410.366056533875,295.58565821962503,708.687168440625,133.5118025,2994.4527448,2487.6769435700003,1552.325108,0.8307617970896224,0.3414121292607348,0,0,0,0,0
2014-07-16,NO 15/9-F-1 C,7405,15/9-F-1 C,3420717,VOLVE,369304,MÆRSK INSPIRER,24.0,47.76055458333333,%,production,OP,3115.814320964,226.66919,2412.589742890375,290.31190128537503,703.224578073625,133.552710875,2933.1899954,2448.267150958,1533.3298818,0.8346773154134289,0.3432940911395257,0,0,0,0,0
2014-07-17,NO 15/9-F-1 C,7405,15/9-F-1 C,3420717,VOLVE,369304,MÆRSK INSPIRER,24.0,47.71350395833333,%,production,OP,3114.85143181175,226.67254775,2416.1129969215,285.83173487625,698.73843489025,131.048021,2916.2075084,2430.234405697,1521.3792428,0.8333544162055762,0.3428393241864157,0,0,0,0,0
2014-07-18,NO 15/9-F-1 C,7405,15/9-F-1 C,3420717,VOLVE,369304,MÆRSK INSPIRER,24.0,47.69516729166666,%,production,OP,3117.2042533558747,226.666320125,2429.012045121875,275.706598858375,688.1922082340001,138.086799875,2889.3500197000003,2414.154210199,1515.5926176,0.8355353950677323,0.3440663687118929,0,0,0,0,0
2014-07-19,NO 15/9-F-1 C,7405,15/9-F-1 C,3420717,VOLVE,369304,MÆRSK INSPIRER,24.0,47.686235,%,production,OP,3118.817574484,226.665038,2431.39807432475,274.4473698775,687.41950015925,136.952072375,2881.2990629,2417.8647257280004,1513.7685727,0.8391578496174718,0.3444244089530024,0,0,0,0,0
2014-07-20,NO 15/9-F-1 C,7405,15/9-F-1 C,3420717,VOLVE,369304,MÆRSK INSPIRER,22.41666,43.93395229166666,%,production,OP,3133.4722864538994,226.4376960871468,2448.634168455772,268.88840643269043,684.8381179981276,131.98657981115653,1829.5170347,1586.303128182,876.2334311000001,0.8670611413258135,0.3238411827607048,0,0,0,0,0
2014-07-21,NO 15/9-F-1 C,7405,15/9-F-1 C,3420717,VOLVE,369304,MÆRSK INSPIRER,24.0,47.97656,%,production,OP,3119.9402048635,226.656113,2469.99319375775,236.23526558625,649.94701110575,134.053188125,3065.2131073,2576.770634465,1608.2415189,0.8406497506905007,0.3441226346531721,0,0,0,0,0
2014-07-22,NO 15/9-F-1 C,7405,15/9-F-1 C,3420717,VOLVE,369304,MÆRSK INSPIRER,24.0,47.700909583333335,%,production,OP,3119.2179246883748,226.717212125,2447.0226645346247,259.15752435,672.19526015375,137.760479,2947.5936603,2446.3915872410003,1523.6435744,0.8299622910004534,0.340765540816183,0,0,0,0,0
2014-07-23,NO 15/9-F-1 C,7405,15/9-F-1 C,3420717,VOLVE,369304,MÆRSK INSPIRER,24.0,47.718328541666665,%,production,OP,3121.290892389875,226.72705625,2451.83614035425,256.437191622,669.454752035625,138.172665125,2926.3341025,2468.1666312610005,1508.7367247,0.8434329590570052,0.3401832312230542,0,0,0,0,0
2014-07-24,NO 15/9-F-1 C,7405,15/9-F-1 C,3420717,VOLVE,369304,MÆRSK INSPIRER,24.0,47.633364791666665,%,production,OP,3123.8055854068757,226.728079625,2455.2179823353754,255.47559270362495,668.5876030715,139.494471125,2934.6995498,2462.9517095120004,1462.0663345,0.8392517420326217,0.3325322232236098,0,0,0,0,0
2014-07-25,NO 15/9-F-1 C,7405,15/9-F-1 C,3420717,VOLVE,369304,MÆRSK INSPIRER,24.0,47.65598479166667,%,production,OP,3125.9527793265,226.72866725,2462.3238532423748,250.46082529137504,663.628926084125,139.04120337499998,2919.8555982000003,2445.098716074,1467.9787559,0.8374039858619471,0.3345565573887988,0,0,0,0,0
2014-07-26,NO 15/9-F-1 C,7405,15/9-F-1 C,3420717,VOLVE,369304,MÆRSK INSPIRER,24.0,47.609579583333336,%,production,OP,3127.215555695125,226.729911875,2467.27405155,247.244924912,659.941504145125,140.06982875,2886.393809,2430.7319898200003,1581.887215,0.8421345632882075,0.3540259009009009,0,0,0,0,0
2014-07-27,NO 15/9-F-1 C,7405,15/9-F-1 C,3420717,VOLVE,369304,MÆRSK INSPIRER,24.0,47.59103270833333,%,production,OP,3130.55972405575,226.728874625,2479.530463567,238.400927677875,651.02926048875,138.004579625,2898.5331423,2423.9201373370006,1636.1053772,0.8362575200411918,0.36080171995284,0,0,0,0,0
2014-07-28,NO 15/9-F-1 C,7405,15/9-F-1 C,3420717,VOLVE,369304,MÆRSK INSPIRER,24.0,47.60245354166667,%,production,OP,3134.078472844,226.72875237500003,2486.6041904272497,234.89432884375,647.47428241675,138.65413325,2880.4184895,2413.0795838780004,1542.6388006,0.83775312256688,0.3487720595554671,0,0,0,0,0
2014-07-29,NO 15/9-F-1 C,7405,15/9-F-1 C,3420717,VOLVE,369304,MÆRSK INSPIRER,24.0,48.1316,%,production,OP,3132.32366412525,226.744264625,2485.47925152625,234.25065926462503,646.8444125990001,133.99511337500002,3028.6064131,2538.5901465600004,1627.4883375,0.8382040451276626,0.3495393510388242,0,0,0,0,0
2014-07-30,NO 15/9-F-1 C,7405,15/9-F-1 C,3420717,VOLVE,369304,MÆRSK INSPIRER,24.0,48.716769166666666,%,production,OP,3112.896153382375,226.8189305,2460.3674205522498,239.62601531787504,652.528732830125,134.89689987499997,3078.4217083000003,2552.492837656,1529.4930977,0.8291563273394292,0.3319273819273818,0,0,0,0,0
2014-07-31,NO 15/9-F-1 C,7405,15/9-F-1 C,3420717,VOLVE,369304,MÆRSK INSPIRER,24.0,48.717893125,%,production,OP,3119.654495111625,226.795664,2492.4024531155,213.56402529775,627.2520419961251,138.126694625,2364.5282733,1979.555267237,1373.3171154,0.8371882415574922,0.3674087535968499,0,0,0,0,0
2014-08-01,NO 15/9-F-1 C,7405,15/9-F-1 C,3420717,VOLVE,369304,MÆRSK INSPIRER,24.0,48.721320625,%,production,OP,3118.7057139265003,226.79759075,2485.3063843600003,219.726614377125,633.3993295665,138.278978,2379.9383078,1991.723300269,1372.8768287,0.8368802223743927,0.3658258610575714,0,0,0,0,0
2014-08-02,NO 15/9-F-1 C,7405,15/9-F-1 C,3420717,VOLVE,369304,MÆRSK INSPIRER,24.0,48.704525,%,production,OP,3120.5595171235,226.79006,2494.8802823075,211.82685682575,625.679234816,136.51321437500002,2386.4168121,1987.847511944,1370.7382933,0.8329842053847806,0.3648340978337295,0,0,0,0,0
2014-08-03,NO 15/9-F-1 C,7405,15/9-F-1 C,3420717,VOLVE,369304,MÆRSK INSPIRER,24.0,48.69856083333333,%,production,OP,3120.2018050695,226.7899685,2492.89663988425,213.838089706875,627.30516518525,135.69523175,2373.9000902,1997.709495066,1339.2263452,0.8415305695943142,0.3606735101805738,0,0,0,0,0
2014-08-04,NO 15/9-F-1 C,7405,15/9-F-1 C,3420717,VOLVE,369304,MÆRSK INSPIRER,24.0,49.53813770833333,%,production,OP,3087.7879906611247,226.8715385,2449.0922933405,225.06472890225,638.6956973206251,133.848717875,2629.0147838000003,2186.410063046,1435.7120306,0.831646165140899,0.3532124288190146,0,0,0,0,0
2014-08-05,NO 15/9-F-1 C,7405,15/9-F-1 C,3420717,VOLVE,369304,MÆRSK INSPIRER,24.0,49.63278125,%,production,OP,3048.215695832875,226.985276,2418.6216225155,216.288932766,629.594073317375,146.44852137499998,3193.6510275,2651.368700451,1649.3139782000003,0.830199880206229,0.3405587230671325,0,0,0,0,0
2014-08-06,NO 15/9-F-1 C,7405,15/9-F-1 C,3420717,VOLVE,369304,MÆRSK INSPIRER,24.0,49.59429395833333,%,production,OP,3043.228824062625,226.976913875,2425.116010192875,204.61300814937505,618.11281386975,144.832808375,2954.5124513,2461.8816741020005,1590.1268661,0.8332615667328667,0.3498906634926786,0,0,0,0,0
2014-08-07,NO 15/9-F-1 C,7405,15/9-F-1 C,3420717,VOLVE,369304,MÆRSK INSPIRER,24.0,50.194875,%,production,OP,3047.158550110375,226.9529354893617,2451.765896637875,181.81034530312505,595.3926534725,141.263657375,3278.6263606,2733.027587555,1847.0656046,0.8335892190700396,0.3603543906150296,0,0,0,0,0
2014-08-08,NO 15/9-F-1 C,7405,15/9-F-1 C,3420717,VOLVE,369304,MÆRSK INSPIRER,24.0,50.21089125,%,production,OP,3048.46745460625,226.93462437500003,2463.015204064,171.7009519515,585.45225054225,144.608823875,3260.1343192000004,2719.053560765,1869.331532,0.8340311455118894,0.3644300568962134,0,0,0,0,0
2014-08-09,NO 15/9-F-1 C,7405,15/9-F-1 C,3420717,VOLVE,369304,MÆRSK INSPIRER,24.0,49.946295416666665,%,production,OP,3053.705758814375,226.909513625,2471.405045017375,168.328283623875,582.300713797,136.651783625,3103.2035597,2601.1706201360003,1823.7933076,0.8382210738336052,0.3701632772905416,0,0,0,0,0
2014-08-10,NO 15/9-F-1 C,7405,15/9-F-1 C,3420717,VOLVE,369304,MÆRSK INSPIRER,24.0,50.239226875,%,production,OP,3054.94913030725,226.905777125,2478.09632177975,162.717947880875,576.8528085275,133.21558475,3202.8341501,2684.005133603001,1906.9445958,0.8380094028656463,0.3731951402651436,0,0,0,0,0
2014-08-11,NO 15/9-F-1 C,7405,15/9-F-1 C,3420717,VOLVE,369304,MÆRSK INSPIRER,24.0,49.43711270833333,%,production,OP,3095.811523037375,226.706900375,2554.0948892852048,126.9262224969202,541.7166337521702,123.30311975,2212.755158,1870.806473763,1512.699305,0.8454647442575299,0.4060442343407057,0,0,0,0,0
2014-08-12,NO 15/9-F-1 C,7405,15/9-F-1 C,3420717,VOLVE,369304,MÆRSK INSPIRER,24.0,48.82824395833333,%,production,OP,3125.649927896,226.64918675,2587.6454056521247,123.01494662,538.004522243875,111.681444875,1805.3641643,1583.1647107930005,1511.6300373,0.8769226409270432,0.4557228458737865,0,0,0,0,0
2014-08-13,NO 15/9-F-1 C,7405,15/9-F-1 C,3420717,VOLVE,369304,MÆRSK INSPIRER,24.0,48.57821125,%,production,OP,3131.297771070125,226.68684125,2581.7261842935,134.747635483875,549.571586776625,123.6021425,1752.2152698,1564.454629586,1478.3569424,0.8928438511807791,0.4576145788715393,0,0,0,0,0
2014-08-14,NO 15/9-F-1 C,7405,15/9-F-1 C,3420717,VOLVE,369304,MÆRSK INSPIRER,24.0,48.498236041666665,%,production,OP,3130.7193021152502,226.739591375,2567.5012077620004,148.727606573875,563.21809435325,134.295633875,1869.2686339,1662.3024814640005,1566.0368938,0.8892796098524426,0.4558653898969185,0,0,0,0,0
2014-08-15,NO 15/9-F-1 C,7405,15/9-F-1 C,3420717,VOLVE,369304,MÆRSK INSPIRER,24.0,48.471804375,%,production,OP,3129.583189245,226.766698625,2556.05422260675,159.2252424785,573.52896663825,135.192291125,1870.1492073,1640.7968886050005,1559.1181028,0.8773614865596079,0.4546505016415693,0,0,0,0,0
2014-08-16,NO 15/9-F-1 C,7405,15/9-F-1 C,3420717,VOLVE,369304,MÆRSK INSPIRER,24.0,48.479274583333336,%,production,OP,3132.84677993175,226.7642915,2561.8839524977498,156.579637558375,570.962827434,127.123041125,1863.041722,1561.5948451800002,1550.6897574,0.8381963896673272,0.4542506540885138,0,0,0,0,0
2014-08-17,NO 15/9-F-1 C,7405,15/9-F-1 C,3420717,VOLVE,369304,MÆRSK INSPIRER,24.0,48.47285604166667,%,production,OP,3133.0540966446247,226.779061625,2555.24258995875,163.29580042425,577.811506685875,128.764090625,1862.5385372,1562.4434574210002,1554.5894396,0.8388784587350658,0.4549403622441466,0,0,0,0,0
2014-08-18,NO 15/9-F-1 C,7405,15/9-F-1 C,3420717,VOLVE,369304,MÆRSK INSPIRER,24.0,48.446861041666665,%,production,OP,3134.0051682215,226.78707275,2553.834956887625,165.74030713575002,580.1702113338749,134.715354875,1845.1157635,1556.782511011,1553.0169871,0.8437316193418343,0.457020693740051,0,0,0,0,0
2014-08-19,NO 15/9-F-1 C,7405,15/9-F-1 C,3420717,VOLVE,369304,MÆRSK INSPIRER,0.99166,15.61403125,%,production,OP,3148.2709566905214,226.78662009319729,2559.572767830483,184.4403914006044,588.6981888600387,134.3278494016901,0.0,0.0,0.0,0.8482347945645959,0.4545433076577,0,0,0,1,1
2014-08-20,NO 15/9-F-1 C,7405,15/9-F-1 C,3420717,VOLVE,369304,MÆRSK INSPIRER,0.0,0.515046875,%,production,OP,3523.605240642,218.565032,3515.400295944,8.204944698,8.204944698,59.65403,0.0,0.0,0.0,0.8527379697873576,0.4520659215753491,0,0,0,1,1
2014-08-21,NO 15/9-F-1 C,7405,15/9-F-1 C,3420717,VOLVE,369304,MÆRSK INSPIRER,0.0,0.53602,%,production,OP,3395.43748065,219.431462,3386.936223318,8.501257332,8.501257332,66.73199,0.0,0.0,0.0,0.8572411450101193,0.4495885354929981,0,0,0,1,1
2014-08-22,NO 15/9-F-1 C,7405,15/9-F-1 C,3420717,VOLVE,369304,MÆRSK INSPIRER,0.0,0.53602,%,production,OP,3395.43748065,219.431462,3386.936223318,8.501257332,8.501257332,66.73199,0.0,0.0,0.0,0.861744320232881,0.4471111494106471,0,0,0,1,1
2014-08-23,NO 15/9-F-1 C,7405,15/9-F-1 C,3420717,VOLVE,369304,MÆRSK INSPIRER,0.0,0.53602,%,production,OP,3395.43748065,219.431462,3386.936223318,8.501257332,8.501257332,66.73199,0.0,0.0,0.0,0.8662474954556427,0.4446337633282962,0,0,0,1,1
2014-08-24,NO 15/9-F-1 C,7405,15/9-F-1 C,3420717,VOLVE,369304,MÆRSK INSPIRER,0.0,0.53602,%,production,OP,3395.43748065,219.431462,3386.936223318,8.501257332,8.501257332,66.73199,0.0,0.0,0.0,0.8707506706784044,0.4421563772459452,0,0,0,1,1
2014-08-25,NO 15/9-F-1 C,7405,15/9-F-1 C,3420717,VOLVE,369304,MÆRSK INSPIRER,0.0,0.5051947916666667,%,production,OP,3862.152650166,215.251016,2984.68261275,877.470037416,877.470037416,70.145816,0.0,0.0,0.0,0.8752538459011661,0.4396789911635942,0,0,0,1,1
2014-08-26,NO 15/9-F-1 C,7405,15/9-F-1 C,3420717,VOLVE,369304,MÆRSK INSPIRER,0.0,0.5274535416666667,%,production,OP,3894.747765096,214.255814,2736.7262281020003,1158.021536994,1158.021536994,65.62758199999999,0.0,0.0,0.0,0.8797570211239277,0.4372016050812433,0,0,0,1,1
2014-08-27,NO 15/9-F-1 C,7405,15/9-F-1 C,3420717,VOLVE,369304,MÆRSK INSPIRER,0.0,0.518573125,%,production,OP,3931.919119002,214.17035,2756.169587268,1175.749531734,1175.749531734,64.891328,0.0,0.0,0.0,0.8842601963466894,0.4347242189988923,0,0,0,1,1
2014-08-28,NO 15/9-F-1 C,7405,15/9-F-1 C,3420717,VOLVE,369304,MÆRSK INSPIRER,0.0,0.50971375,%,production,OP,3860.201308914,208.508918,2672.1387761700003,1188.062532744,1188.062532744,63.377834,0.0,0.0,0.0,0.8887633715694511,0.4322468329165413,0,0,0,1,1
2014-08-29,NO 15/9-F-1 C,7405,15/9-F-1 C,3420717,VOLVE,369304,MÆRSK INSPIRER,0.0,0.492385,%,production,OP,4010.847783336,214.12931,2831.339301756,1179.50848158,1179.50848158,60.669068,0.0,0.0,0.0,0.8932665467922127,0.4297694468341903,0,0,0,1,1
2014-08-30,NO 15/9-F-1 C,7405,15/9-F-1 C,3420717,VOLVE,369304,MÆRSK INSPIRER,0.0,0.4792820833333333,%,production,OP,4046.622131226,214.029986,2853.4074136080003,1193.214717618,1193.214717618,59.957348,0.0,0.0,0.0,0.8977697220149745,0.4272920607518394,0,0,0,1,1
2014-08-31,NO 15/9-F-1 C,7405,15/9-F-1 C,3420717,VOLVE,369304,MÆRSK INSPIRER,0.0,0.4920739583333333,%,production,OP,4075.690502148,213.85805,3004.024010202,1071.6664919460002,1071.6664919460002,62.105972,0.0,0.0,0.0,0.9022728972377362,0.4248146746694884,0,0,0,1,1
2014-09-01,NO 15/9-F-1 C,7405,15/9-F-1 C,3420717,VOLVE,369304,MÆRSK INSPIRER,0.0,0.5062270833333333,%,production,OP,4103.363027358,213.707948,3365.141653134,738.1614735300001,738.221374224,59.96075,0.0,0.0,0.0,0.9067760724604979,0.4223372885871374,0,0,0,1,1
2014-09-02,NO 15/9-F-1 C,7405,15/9-F-1 C,3420717,VOLVE,369304,MÆRSK INSPIRER,3.875,3.734342083333333,%,production,OP,4125.472048177259,213.32661395137035,3533.6460514472446,517.0802583349498,591.8259967300139,69.38161271892645,0.0,0.0,0.0,0.9112792476832595,0.4198599025047865,0,0,0,1,1
2014-09-03,NO 15/9-F-1 C,7405,15/9-F-1 C,3420717,VOLVE,369304,MÆRSK INSPIRER,19.16667,40.66990729166667,%,production,OP,3597.294287415073,224.5156379434644,2985.380939068451,193.65368958566128,611.9133483466219,115.68199752798373,652.6935837,597.725311496,467.5844754,0.9157824229060212,0.4173825164224355,0,0,0,0,0
2014-09-04,NO 15/9-F-1 C,7405,15/9-F-1 C,3420717,VOLVE,369304,MÆRSK INSPIRER,24.0,61.08915979166667,%,production,OP,3441.564625871875,225.26591750000003,3028.389539082125,34.390386229125006,413.17508678975,128.810232125,1825.931843,1637.740048173,3380.4583845,0.8969338337854924,0.6492902446390819,0,0,0,0,0
2014-09-05,NO 15/9-F-1 C,7405,15/9-F-1 C,3420717,VOLVE,369304,MÆRSK INSPIRER,24.0,53.051124791666666,%,production,OP,3241.744918152,227.282100125,2677.25231446025,149.506702363875,564.49260369175,151.325227625,2689.7114503,2453.9235064570003,2160.7384293,0.9123370858919828,0.4454717568338607,0,0,0,0,0
2014-09-06,NO 15/9-F-1 C,7405,15/9-F-1 C,3420717,VOLVE,369304,MÆRSK INSPIRER,24.0,49.88744208333333,%,production,OP,3266.998502619625,227.19768575,2633.70880062975,218.76878644675,633.289701989875,148.797753875,2658.6397889,2430.292321805,2150.6747333000003,0.9141111676548414,0.4471894535847872,0,0,0,0,0
2014-09-07,NO 15/9-F-1 C,7405,15/9-F-1 C,3420717,VOLVE,369304,MÆRSK INSPIRER,24.0,49.63412854166667,%,production,OP,3276.965743623125,227.16959075,2625.212084800125,237.3945120175,651.753658823,141.234570875,2592.2822934,2374.075557169,2117.5274346,0.915824469894132,0.449599358974359,0,0,0,0,0
2014-09-08,NO 15/9-F-1 C,7405,15/9-F-1 C,3420717,VOLVE,369304,MÆRSK INSPIRER,24.0,49.466828125,%,production,OP,3262.326514390625,227.18210459574468,2604.598661785375,243.533919189875,657.7278526052501,145.237956125,2584.8603176,2360.68881384,2119.6030719,0.9132751962519432,0.4505515074537067,0,0,0,0,0
2014-09-09,NO 15/9-F-1 C,7405,15/9-F-1 C,3420717,VOLVE,369304,MÆRSK INSPIRER,24.0,49.47163729166667,%,production,OP,3258.65840970025,227.13360725,2598.163401266,246.46475946675,660.4950084342499,143.58719975,2573.2241691,2343.316806616,2099.9788647,0.9106539705149702,0.4493660663813292,0,0,0,0,0
2014-09-10,NO 15/9-F-1 C,7405,15/9-F-1 C,3420717,VOLVE,369304,MÆRSK INSPIRER,24.0,48.697325,%,production,OP,3258.34151375675,227.098294625,2599.3133985031254,245.080305281,659.0281152536251,144.490532375,2451.0131608,2235.18037004,1982.7997044,0.9119413986787598,0.4471996822334449,0,0,0,0,0
2014-09-11,NO 15/9-F-1 C,7405,15/9-F-1 C,3420717,VOLVE,369304,MÆRSK INSPIRER,24.0,48.65349166666667,%,production,OP,3277.2953636295,227.01000275,2623.715473937625,239.540358292375,653.579889691875,135.576789125,2391.9518449,2154.017654471,2057.2081567,0.900527182043271,0.4623812485862926,0,0,0,0,0
2014-09-12,NO 15/9-F-1 C,7405,15/9-F-1 C,3420717,VOLVE,369304,MÆRSK INSPIRER,24.0,48.61656083333333,%,production,OP,3272.193854428375,226.991940875,2621.233749871,237.020637291375,650.960104557375,134.082796625,2460.6994682000004,2015.832645959,2042.4900013,0.8192112332326303,0.4535651931000767,0,0,0,0,0
2014-09-13,NO 15/9-F-1 C,7405,15/9-F-1 C,3420717,VOLVE,369304,MÆRSK INSPIRER,24.0,48.64684104166667,%,production,OP,3267.701471589375,226.97514125,2622.255098402125,231.45958727375,645.44637318725,137.715065375,2463.4040865,2017.286199011,2066.8315660000003,0.8189018643210731,0.4562304755293302,0,0,0,0,0
2014-09-14,NO 15/9-F-1 C,7405,15/9-F-1 C,3420717,VOLVE,369304,MÆRSK INSPIRER,24.0,48.62197604166667,%,production,OP,3265.510409718,226.967659625,2627.96593641425,223.55513713875,637.54447330375,141.470853875,2418.2432507000003,1999.353394351,2028.6524193,0.8267792720075842,0.4561951909476661,0,0,0,0,0
2014-09-15,NO 15/9-F-1 C,7405,15/9-F-1 C,3420717,VOLVE,369304,MÆRSK INSPIRER,24.0,48.62278125,%,production,OP,3262.525808689125,226.9548155,2629.481483800625,218.90905027925,633.0443248885,138.64053575,2153.3164535,1800.7336334350002,1833.1651245,0.8362605647247473,0.4598453770905649,0,0,0,0,0
2014-09-16,NO 15/9-F-1 C,7405,15/9-F-1 C,3420717,VOLVE,369304,MÆRSK INSPIRER,24.0,48.6273175,%,production,OP,3260.528354418,226.94223125,2632.63241319925,212.110137191125,627.8959412187501,136.704522875,2131.4908128,1799.17448943,1832.5990416,0.84409206862428,0.4623000761614623,0,0,0,0,0
2014-09-17,NO 15/9-F-1 C,7405,15/9-F-1 C,3420717,VOLVE,369304,MÆRSK INSPIRER,24.0,48.64232,%,production,OP,3257.914881458125,226.93550075,2635.545722007875,207.7396315965,622.36915945025,137.236005875,2166.839545,1833.826332511,1870.4636978,0.8463138568532079,0.4632953199975074,0,0,0,0,0
2014-09-18,NO 15/9-F-1 C,7405,15/9-F-1 C,3420717,VOLVE,369304,MÆRSK INSPIRER,24.0,48.644703125,%,production,OP,3256.8140762760004,226.92263675,2639.286868439375,203.13461768562505,617.527207836625,137.94500675,2097.9661255,1757.185664277,1916.505107,0.8375662709321472,0.4773991382687034,0,0,0,0,0
2014-09-19,NO 15/9-F-1 C,7405,15/9-F-1 C,3420717,VOLVE,369304,MÆRSK INSPIRER,24.0,48.6,%,production,OP,3256.957460225617,226.9084980851064,2644.0665570911488,198.48593177859576,612.8909031344681,138.6913934893617,2073.121376,1751.670567578,1901.3466649,0.8449435657056289,0.478390226146956,0,0,0,0,0
2014-09-20,NO 15/9-F-1 C,7405,15/9-F-1 C,3420717,VOLVE,369304,MÆRSK INSPIRER,24.0,49.14886479166667,%,production,OP,3217.863356904875,226.996177625,2603.249959466625,200.32049673925,614.61339743825,140.945084,2253.009942,1893.51064754,2015.0035316,0.8404359928652281,0.4721174251355812,0,0,0,0,0
2014-09-21,NO 15/9-F-1 C,7405,15/9-F-1 C,3420717,VOLVE,369304,MÆRSK INSPIRER,24.0,49.4,%,production,OP,3184.3751070357503,227.10409987234044,2576.87584162725,193.43519198501065,607.4992654085,142.97187424999998,2375.7870332,2005.4010367260005,2092.9342775,0.8440996641120989,0.4683519360423381,0,0,0,0,0
2014-09-22,NO 15/9-F-1 C,7405,15/9-F-1 C,3420717,VOLVE,369304,MÆRSK INSPIRER,24.0,49.3,%,production,OP,3189.216746393361,227.05142880851065,2588.2389745028936,186.8134802948936,600.9777718904681,141.93844029787232,2243.2607365,1892.420129604,2087.9653276,0.8436023948587485,0.4820725809965002,0,0,0,0,0
2014-09-23,NO 15/9-F-1 C,7405,15/9-F-1 C,3420717,VOLVE,369304,MÆRSK INSPIRER,24.0,49.18709416666667,%,production,OP,3186.70777736275,227.036509625,2591.009305224,181.363468117,595.6984721387499,137.63175125,2228.5425811,1882.837838906,2062.8689857000004,0.8448740692119235,0.480697074514862,0,0,0,0,0
2014-09-24,NO 15/9-F-1 C,7405,15/9-F-1 C,3420717,VOLVE,369304,MÆRSK INSPIRER,24.0,49.163099375,%,production,OP,3188.41417360575,227.022333125,2601.637009998375,172.29593106537502,586.7771636073751,138.1363805,2129.2893793,1814.645506353,2002.2981154,0.8522305723187149,0.484631662277163,0,0,0,0,0
2014-09-25,NO 15/9-F-1 C,7405,15/9-F-1 C,3420717,VOLVE,369304,MÆRSK INSPIRER,24.0,49.12950270833333,%,production,OP,3190.9638389105,227.0030975,2610.6538683555,165.643654416875,580.309970555,132.268917875,2043.559269,1742.860256222,2034.753535,0.8528552524316338,0.4989204194941394,0,0,0,0,0
2014-09-26,NO 15/9-F-1 C,7405,15/9-F-1 C,3420717,VOLVE,369304,MÆRSK INSPIRER,24.0,49.138491875,%,production,OP,3190.358220655,226.995056375,2613.494785072375,162.241407402125,576.863435582625,130.290980375,2043.8737595,1744.133351157,2025.1930238,0.8533469070925758,0.4977045429953782,0,0,0,0,0
2014-09-27,NO 15/9-F-1 C,7405,15/9-F-1 C,3420717,VOLVE,369304,MÆRSK INSPIRER,24.0,49.132468125,%,production,OP,3189.33939518075,226.9893755,2614.002140082875,160.815103710125,575.3372550978751,127.910161625,2025.7591067,1739.1006532600002,2030.5393623,0.8584933161638494,0.5005892386416498,0,0,0,0,0
2014-09-28,NO 15/9-F-1 C,7405,15/9-F-1 C,3420717,VOLVE,369304,MÆRSK INSPIRER,23.09167,49.013996041666665,%,production,OP,3191.4506817495303,226.977754315344,2620.3737908324592,157.3124140838227,571.0768909170708,128.84938525936064,1939.2113211,1661.584180466,1935.8777218,0.8568350248303426,0.4995698680387605,0,0,0,0,0
2014-09-29,NO 15/9-F-1 C,7405,15/9-F-1 C,3420717,VOLVE,369304,MÆRSK INSPIRER,0.0,6.592465833333334,%,production,OP,3525.494360592,221.116586,3463.746607662,4.001453382,61.74775293,82.698674,0.0,0.0,0.0,0.8750773966434282,0.5730878165028469,0,0,0,1,1
2014-09-30,NO 15/9-F-1 C,7405,15/9-F-1 C,3420717,VOLVE,369304,MÆRSK INSPIRER,8.16666,14.407040208333331,%,production,OP,3508.751666871305,221.94746052380043,2891.437753268337,324.8837721713032,617.3139136029681,81.90512236249091,0.0,0.0,0.0,0.893319768456514,0.6466057649669332,0,0,0,1,1
2014-10-01,NO 15/9-F-1 C,7405,15/9-F-1 C,3420717,VOLVE,369304,MÆRSK INSPIRER,24.0,53.67234583333333,%,production,OP,3278.3298659956345,225.46492959614895,3161.201629426593,38.24549145787453,117.12823656904126,126.3425327180286,347.197512,316.492107135,893.3417143,0.9115621402695996,0.7201237134310196,0,0,0,0,0
2014-10-02,NO 15/9-F-1 C,7405,15/9-F-1 C,3420717,VOLVE,369304,MÆRSK INSPIRER,24.0,58.427841666666666,%,production,OP,3072.962937534375,227.30392025,2624.88002332075,65.38040489425,448.082914213625,137.70186875,1252.1124767,1120.558032408,1938.6452382,0.8949340041409716,0.6075814622799584,0,0,0,0,0
2014-10-03,NO 15/9-F-1 C,7405,15/9-F-1 C,3420717,VOLVE,369304,MÆRSK INSPIRER,24.0,51.87470145833333,%,production,OP,3207.29624779825,227.12693225,2699.677802965875,81.579315367875,507.61844483237496,124.6297655,1731.0815082,1518.559645466,2859.6621165,0.877231741124089,0.6229191499856138,0,0,0,0,0
2014-10-04,NO 15/9-F-1 C,7405,15/9-F-1 C,3420717,VOLVE,369304,MÆRSK INSPIRER,24.0,50.89765583333333,%,production,OP,3189.0993875070003,227.176832375,2656.64058959875,117.466436346125,532.45879790825,135.64292,1809.2009484,1557.426651139,2892.054638,0.8608367426052583,0.6151664347639944,0,0,0,0,0
2014-10-05,NO 15/9-F-1 C,7405,15/9-F-1 C,3420717,VOLVE,369304,MÆRSK INSPIRER,24.0,50.54632395833333,%,production,OP,3183.2122527842503,227.188037,2637.5272764882498,130.24603971025,545.6849762960001,135.104029625,2032.7407958,1748.099191967,2217.8499041,0.8599715200181353,0.5217745157519348,0,0,0,0,0
2014-10-06,NO 15/9-F-1 C,7405,15/9-F-1 C,3420717,VOLVE,369304,MÆRSK INSPIRER,24.0,50.20831770833333,%,production,OP,3203.9134751566253,227.1177725,2654.794536869875,134.216693668625,549.11893828675,135.976411625,1983.3028892,1703.329687336,2165.9589716,0.8588348741946662,0.5220106718408926,0,0,0,0,0
2014-10-07,NO 15/9-F-1 C,7405,15/9-F-1 C,3420717,VOLVE,369304,MÆRSK INSPIRER,24.0,50.43001520833333,%,production,OP,3200.314212148625,227.124344,2646.030920904,139.30309474474998,554.283291244625,131.21287475,2027.2686611,1701.481315938,2108.7845987,0.8392973997905008,0.509854314303963,0,0,0,0,0
2014-10-08,NO 15/9-F-1 C,7405,15/9-F-1 C,3420717,VOLVE,369304,MÆRSK INSPIRER,24.0,50.49317979166667,%,production,OP,3200.5365070566254,227.11313225,2645.278623906125,140.203693097625,555.2578831505,127.944425375,2014.8777354,1764.859548587,2171.871393,0.8759139661824863,0.5187488732648279,0,0,0,0,0
2014-10-09,NO 15/9-F-1 C,7405,15/9-F-1 C,3420717,VOLVE,369304,MÆRSK INSPIRER,24.0,50.453150625,%,production,OP,3197.616324051125,227.112531125,2641.7012344415,140.73640256349998,555.915089609625,127.760675,2049.9748752,1782.658157387,2162.6253723,0.8696000028844646,0.5133706606942888,0,0,0,0,0
2014-10-10,NO 15/9-F-1 C,7405,15/9-F-1 C,3420717,VOLVE,369304,MÆRSK INSPIRER,24.0,50.40970020833333,%,production,OP,3193.413784547,227.10863587234044,2636.7657363395,141.695889366,556.6480482075,128.779483625,2070.605452,1797.307401241,2058.5290168,0.8680105615992555,0.4985376553741165,0,0,0,0,0
2014-10-11,NO 15/9-F-1 C,7405,15/9-F-1 C,3420717,VOLVE,369304,MÆRSK INSPIRER,24.0,50.3959,%,production,OP,3193.102312420375,227.09916425,2638.695059010125,139.598848378125,554.4072534102501,126.886302125,2044.2511481,1771.302362455,2052.8052897,0.8664798178547248,0.5010439374865671,0,0,0,0,0
2014-10-12,NO 15/9-F-1 C,7405,15/9-F-1 C,3420717,VOLVE,369304,MÆRSK INSPIRER,24.0,50.37767895833333,%,production,OP,3192.9453510881253,227.08805075,2640.662070409375,137.474863560125,552.28328067875,133.217705,2033.9358597,1760.9692812350002,2049.7232828,0.8657939102832566,0.5019329996149403,0,0,0,0,0
2014-10-13,NO 15/9-F-1 C,7405,15/9-F-1 C,3420717,VOLVE,369304,MÆRSK INSPIRER,24.0,50.36086604166667,%,production,OP,3195.552445397625,227.072190125,2647.1220871023747,133.650580138375,548.43035829525,141.37156475,2017.0162708,1751.7503788,2112.8729752,0.8684859929787335,0.5116052391105697,0,0,0,0,0
2014-10-14,NO 15/9-F-1 C,7405,15/9-F-1 C,3420717,VOLVE,369304,MÆRSK INSPIRER,24.0,50.363024375,%,production,OP,3197.205123191375,227.05984625,2651.1459095742503,131.25647111025,546.059213617125,140.809298375,2015.3180221,1750.6171300770002,2124.8865123,0.8686555227908017,0.5132322557122023,0,0,0,0,0
2014-10-15,NO 15/9-F-1 C,7405,15/9-F-1 C,3420717,VOLVE,369304,MÆRSK INSPIRER,24.0,50.467119375,%,production,OP,3194.0170187403746,227.06208575,2647.7167761402497,131.457261113125,546.300242600125,141.11186750000002,2029.5329927,1756.911269058,2111.1747265,0.8656726820295163,0.5098584275124559,0,0,0,0,0
2014-10-16,NO 15/9-F-1 C,7405,15/9-F-1 C,3420717,VOLVE,369304,MÆRSK INSPIRER,24.0,50.563285416666666,%,production,OP,3191.0088611230003,227.0677895,2645.892219251625,130.22291521412498,545.116641871375,138.65423375,2027.834744,1753.467026367,2086.7702637,0.8646991731230541,0.5071617469465123,0,0,0,0,0
2014-10-17,NO 15/9-F-1 C,7405,15/9-F-1 C,3420717,VOLVE,369304,MÆRSK INSPIRER,24.0,50.558733958333335,%,production,OP,3193.920628902875,227.053137125,2652.0512911595,126.9839719225,541.869337743375,139.133484875,2020.6014625,1752.8532568810003,2078.8451031,0.8674908384517713,0.5071038419049957,0,0,0,0,0
2014-10-18,NO 15/9-F-1 C,7405,15/9-F-1 C,3420717,VOLVE,369304,MÆRSK INSPIRER,24.0,50.47798458333333,%,production,OP,3194.1046579518747,227.048226875,2652.884597923625,126.20182429125,541.22006002825,129.729783125,2020.4127682000003,1756.8840767390002,2067.3347508,0.8695669045411054,0.5057393445145407,0,0,0,0,0
2014-10-19,NO 15/9-F-1 C,7405,15/9-F-1 C,3420717,VOLVE,369304,MÆRSK INSPIRER,24.0,50.519794583333336,%,production,OP,3194.0709064006246,227.0442545,2655.50732309925,123.392211609375,538.563583301375,122.30516075,2033.9358597,1768.230689849,2068.2153242,0.8693640369317295,0.50417823027032,0,0,0,0,0
2014-10-20,NO 15/9-F-1 C,7405,15/9-F-1 C,3420717,VOLVE,369304,MÆRSK INSPIRER,24.0,50.863903125,%,production,OP,3201.299709099125,227.02470725,2673.9680316855,112.09679418575,527.331677413625,132.956010875,2053.8745574,1790.4616466460002,2105.5767956,0.8717482965038263,0.5062150309995463,0,0,0,0,0
2014-10-21,NO 15/9-F-1 C,7405,15/9-F-1 C,3420717,VOLVE,369304,MÆRSK INSPIRER,24.0,50.91154375,%,production,OP,3196.811496102625,227.032574375,2662.78013274425,118.681863851,534.031363358375,132.23879075,1988.9008201,1714.948223636,2075.008319,0.8622592973488613,0.5105941712711458,0,0,0,0,0
2014-10-22,NO 15/9-F-1 C,7405,15/9-F-1 C,3420717,VOLVE,369304,MÆRSK INSPIRER,24.0,50.849293333333335,%,production,OP,3199.8796662141253,227.02067075,2667.8930667095,116.8909467135,531.986599504625,132.238644125,1976.4469963,1712.598736645,2109.2248854,0.8665037513533446,0.5162492110165185,0,0,0,0,0
2014-10-23,NO 15/9-F-1 C,7405,15/9-F-1 C,3420717,VOLVE,369304,MÆRSK INSPIRER,24.0,50.818976875,%,production,OP,3199.798958610375,227.01939575,2667.071849467,117.62368473275,532.7271091433751,121.977842,1974.4971552,1717.121490274,2073.121376,0.8696500198806667,0.5121829935355544,0,0,0,0,0
2014-10-24,NO 15/9-F-1 C,7405,15/9-F-1 C,3420717,VOLVE,369304,MÆRSK INSPIRER,24.0,50.7731125,%,production,OP,3201.635526458375,227.013453125,2670.068793834,116.41976055425,531.566732624375,122.666410625,1976.5098944,1716.5995390080002,2088.21692,0.8685003519949999,0.5137410250061896,0,0,0,0,0
2014-10-25,NO 15/9-F-1 C,7405,15/9-F-1 C,3420717,VOLVE,369304,MÆRSK INSPIRER,24.0,50.78375583333333,%,production,OP,3203.344847634375,227.00850725,2672.66381977325,115.43248688825,530.681027861125,119.0911385,1996.8259807,1737.8102541220003,2099.2869856,0.870286279785282,0.5125071019455493,0,0,0,0,0
2014-10-26,NO 15/9-F-1 C,7405,15/9-F-1 C,3420717,VOLVE,369304,MÆRSK INSPIRER,25.0,50.8003956,%,production,OP,3204.73019948448,227.00452928,2674.554311541,114.8357655054,530.17588794348,117.11806412,2095.3873034,1814.6299678850005,2113.6906505,0.8660117224823117,0.5021742703865869,0,0,0,0,0
2014-10-27,NO 15/9-F-1 C,7405,15/9-F-1 C,3420717,VOLVE,369304,MÆRSK INSPIRER,24.0,50.77880020833334,%,production,OP,3190.309351913875,227.048466125,2653.715901350375,122.476755926375,536.5934505635,127.94626625,2001.417542,1737.1608167890004,2092.3052965,0.8679652198176848,0.5111008680955673,0,0,0,0,0
2014-10-28,NO 15/9-F-1 C,7405,15/9-F-1 C,3420717,VOLVE,369304,MÆRSK INSPIRER,24.0,50.498065,%,production,OP,3190.2710135358748,227.055387875,2658.477692274375,119.05922251075,531.7933212615001,128.108545625,1982.1707234,1716.257692712,2046.3896835000005,0.865847564213903,0.5079704601164734,0,0,0,0,0
2014-10-29,NO 15/9-F-1 C,7405,15/9-F-1 C,3420717,VOLVE,369304,MÆRSK INSPIRER,24.0,50.498615,%,production,OP,3201.247815711375,227.021236625,2677.999423328,110.36119695875,523.2483923833751,138.7675595,1914.3665716,1650.2209694470002,2013.997162,0.8620193195641571,0.5126809273728704,0,0,0,0,0
2014-10-30,NO 15/9-F-1 C,7405,15/9-F-1 C,3420717,VOLVE,369304,MÆRSK INSPIRER,24.0,51.03952375,%,production,OP,3207.074505847625,227.00015075,2686.8562534035,105.0831614035,520.218252444125,136.03330775,2001.7320325,1722.561013515,2080.2288613,0.8605352692306482,0.5096150882923973,0,0,0,0,0
2014-10-31,NO 15/9-F-1 C,7405,15/9-F-1 C,3420717,VOLVE,369304,MÆRSK INSPIRER,24.0,51.309790625,%,production,OP,3183.5103995446248,227.0694100425532,2649.166524620625,119.422968749875,534.343874924,137.221475,2028.9669098,1768.223626909,2074.0648475,0.8714896326639936,0.5054956846994619,0,0,0,0,0
2014-11-01,NO 15/9-F-1 C,7405,15/9-F-1 C,3420717,VOLVE,369304,MÆRSK INSPIRER,24.0,50.91824458333333,%,production,OP,3187.71322912475,227.052461,2658.97363460725,113.611311198,528.7395945175,125.570363375,1990.9764574,1732.113993012,2035.7599046000005,0.8699821570336164,0.5055607622617931,0,0,0,0,0
2014-11-02,NO 15/9-F-1 C,7405,15/9-F-1 C,3420717,VOLVE,369304,MÆRSK INSPIRER,24.0,50.90593520833333,%,production,OP,3191.7870927282497,227.03571902127655,2666.380468429125,110.0544838915,525.4066242991249,123.75029825,2020.8530549,1757.6659441970005,2074.0019494000003,0.869764350225839,0.506489716295716,0,0,0,0,0
2014-11-03,NO 15/9-F-1 C,7405,15/9-F-1 C,3420717,VOLVE,369304,MÆRSK INSPIRER,24.0,50.93084979166667,%,production,OP,3195.817112553,227.02024925,2673.273496071125,107.0346960395,522.543616481875,130.391826125,1856.5632177,1613.36972685,2065.8880945,0.8690087746372138,0.5266829158782592,0,0,0,0,0
2014-11-04,NO 15/9-F-1 C,7405,15/9-F-1 C,3420717,VOLVE,369304,MÆRSK INSPIRER,24.0,50.89229104166667,%,production,OP,3197.89344634475,227.012977625,2677.32122564,105.043278975125,520.57222070475,137.728089875,1828.3219708,1592.478256624,1916.3793108,0.8710053710765153,0.5117575920451491,0,0,0,0,0
2014-11-05,NO 15/9-F-1 C,7405,15/9-F-1 C,3420717,VOLVE,369304,MÆRSK INSPIRER,24.0,51.13204354166667,%,production,OP,3216.7657123425,226.945953125,2707.733397805,93.4854878095,509.0323145375,136.541948,1813.1006306,1583.225805224,1927.9525612,0.8732145246124984,0.5153502135243284,0,0,0,0,0
2014-11-06,NO 15/9-F-1 C,7405,15/9-F-1 C,3420717,VOLVE,369304,MÆRSK INSPIRER,24.0,51.639753125,%,production,OP,3215.286336829,226.92850625,2705.595102571,94.05836977975,509.69123425800007,130.847174375,1837.4421953,1603.626047973,1951.6651449,0.8727491139992979,0.515072540752299,0,0,0,0,0
2014-11-07,NO 15/9-F-1 C,7405,15/9-F-1 C,3420717,VOLVE,369304,MÆRSK INSPIRER,24.0,50.84322375,%,production,OP,3190.9907192865003,227.044906625,2661.847897977625,114.80693799425,529.142821308875,133.441317125,1843.7320053,1597.676227317,1908.2654559,0.8665447162192298,0.5085998792999397,0,0,0,0,0
2014-11-08,NO 15/9-F-1 C,7405,15/9-F-1 C,3420717,VOLVE,369304,MÆRSK INSPIRER,24.0,50.808165,%,production,OP,3190.7381356095,227.042751125,2664.5998006436253,113.430276579375,526.138334965875,128.392476875,1838.4485649,1612.3498383140002,2023.1802846000005,0.8770165611903871,0.5239188859027608,0,0,0,0,0
2014-11-09,NO 15/9-F-1 C,7405,15/9-F-1 C,3420717,VOLVE,369304,MÆRSK INSPIRER,24.0,50.800791875,%,production,OP,3197.787529323625,227.016561125,2678.411473264375,107.179882099125,519.37605605925,128.01413787500002,1823.6046133,1611.719824066,2047.962136,0.8838099072086835,0.5289750296492454,0,0,0,0,0
2014-11-10,NO 15/9-F-1 C,7405,15/9-F-1 C,3420717,VOLVE,369304,MÆRSK INSPIRER,24.0,51.7,%,production,OP,3226.607172162125,226.9203497446809,2727.827944353125,84.675505008,498.779227809,129.36023975,1781.7773768,1627.574005484,2038.1500324,0.9134553096678424,0.533557267997102,0,0,0,0,0
2014-11-11,NO 15/9-F-1 C,7405,15/9-F-1 C,3420717,VOLVE,369304,MÆRSK INSPIRER,24.0,51.69625333333333,%,production,OP,3190.536094653876,227.033526125,2661.27639689,116.6740665575,529.259697763875,140.60784425,1852.6635355,1646.6746672729998,2085.072015,0.8888147446743979,0.5295104224902164,0,0,0,0,0
2014-11-12,NO 15/9-F-1 C,7405,15/9-F-1 C,3420717,VOLVE,369304,MÆRSK INSPIRER,24.0,51.636312708333335,%,production,OP,3178.9985755703747,227.08145375,2650.41908789675,115.982836600875,528.579487673625,138.6084725,1857.2550968,1632.184339569,1999.5934971,0.8788153778020098,0.518452681876743,0,0,0,0,0
2014-11-13,NO 15/9-F-1 C,7405,15/9-F-1 C,3420717,VOLVE,369304,MÆRSK INSPIRER,24.0,51.60534604166666,%,production,OP,3194.831388980625,227.029176875,2681.508496873,100.86713034375,513.322892107625,137.763165875,1829.8944233,1612.689918875,1961.6659428,0.8813021660379197,0.5173769512781805,0,0,0,0,0
2014-11-14,NO 15/9-F-1 C,7405,15/9-F-1 C,3420717,VOLVE,369304,MÆRSK INSPIRER,24.0,51.58439916666666,%,production,OP,3203.589194361625,226.98977675,2692.6329749271254,98.516019039375,510.9562194345,136.848511625,1826.9382126,1606.61402474,1960.9111656,0.8794024962965517,0.5176845671017237,0,0,0,0,0
2014-11-15,NO 15/9-F-1 C,7405,15/9-F-1 C,3420717,VOLVE,369304,MÆRSK INSPIRER,24.0,51.596816458333336,%,production,OP,3191.8367622,227.03569175,2674.6301241122496,104.71791946,517.20663808775,136.3933265,1845.9334388,1618.841739615,1954.4326613,0.8769773089258152,0.5142748382185002,0,0,0,0,0
2014-11-16,NO 15/9-F-1 C,7405,15/9-F-1 C,3420717,VOLVE,369304,MÆRSK INSPIRER,24.0,52.04162958333333,%,production,OP,3207.3114103125004,226.976038625,2702.8019758751248,92.056262206125,504.50943443737503,133.702623125,1841.4676737,1615.8611789350002,2006.8267786,0.877485498123518,0.5214847261494207,0,0,0,0,0
2014-11-17,NO 15/9-F-1 C,7405,15/9-F-1 C,3420717,VOLVE,369304,MÆRSK INSPIRER,24.0,52.620324583333336,%,production,OP,3221.9568792006253,226.903728125,2731.093668307125,78.499826249125,490.8632108935,132.807154625,1843.6062091,1590.539479594,2076.1404848,0.8627327635061824,0.5296619008649047,0,0,0,0,0
2014-11-18,NO 15/9-F-1 C,7405,15/9-F-1 C,3420717,VOLVE,369304,MÆRSK INSPIRER,24.0,50.949218125,%,production,OP,3196.8082720287503,227.03108637500003,2673.47618969775,111.028018228625,523.332082331,138.8497535,1818.1953767,1559.2269945450005,1969.6540015,0.8575684519531538,0.5199926936999768,0,0,0,0,0
2014-11-19,NO 15/9-F-1 C,7405,15/9-F-1 C,3420717,VOLVE,369304,MÆRSK INSPIRER,24.0,50.93181270833333,%,production,OP,3212.65183638075,226.95658175,2700.333302206875,100.0161380085,512.318534173875,138.149862125,1772.0910694000002,1522.3012379310003,1923.4867961,0.8590423281386016,0.5204833631180324,0,0,0,0,0
2014-11-20,NO 15/9-F-1 C,7405,15/9-F-1 C,3420717,VOLVE,369304,MÆRSK INSPIRER,24.0,50.943275416666665,%,production,OP,3190.8330478723747,227.01740525,2662.337733606375,116.2754779605,528.495314266,141.38107625,1794.6085892,1545.205646057,1902.667525,0.8610265521719258,0.5146133170018033,0,0,0,0,0
2014-11-21,NO 15/9-F-1 C,7405,15/9-F-1 C,3420717,VOLVE,369304,MÆRSK INSPIRER,24.0,50.92782416666667,%,production,OP,3192.2976567045,226.99718675000005,2670.339159774125,109.818963330875,521.9584969303751,139.9260455,1783.790116,1542.3871798500002,1891.0942746000003,0.864668531356522,0.5145996645329135,0,0,0,0,0
2014-11-22,NO 15/9-F-1 C,7405,15/9-F-1 C,3420717,VOLVE,369304,MÆRSK INSPIRER,24.0,50.927135,%,production,OP,3189.664380014375,226.98918125,2668.477772298375,108.872871392,521.186607716,135.7011005,1781.0854977,1535.3733272830002,1889.9621088,0.8620435848058391,0.5148290927782061,0,0,0,0,0
2014-11-23,NO 15/9-F-1 C,7405,15/9-F-1 C,3420717,VOLVE,369304,MÆRSK INSPIRER,24.0,50.84675833333333,%,production,OP,3206.15957290575,226.733177,2703.621739716,90.242271940125,502.53783318975,133.83722862500002,1716.4262509,1506.640581069,1883.5465026,0.8777776384385872,0.5232113217436882,0,0,0,0,0
2014-11-24,NO 15/9-F-1 C,7405,15/9-F-1 C,3420717,VOLVE,369304,MÆRSK INSPIRER,15.775,26.529501875,%,production,OP,3335.142110600356,225.82246845842408,2923.522539428733,134.88918291195347,411.6195711716225,114.38516970426116,0.0,0.0,0.0,0.9120274149809338,0.5190348334395125,0,0,0,1,1
2014-11-25,NO 15/9-F-1 C,7405,15/9-F-1 C,3420717,VOLVE,369304,MÆRSK INSPIRER,0.0,0.0,%,production,OP,3544.80994128,219.337088,2832.594895722,701.3418367740001,712.215045558,56.764364,0.0,0.0,0.0,0.9462771915232804,0.5148583451353367,0,0,0,1,1
2014-11-26,NO 15/9-F-1 C,7405,15/9-F-1 C,3420717,VOLVE,369304,MÆRSK INSPIRER,0.0,0.2603722916666666,%,production,OP,3573.634503324,216.484106,2577.852618168,987.815963082,995.781885156,51.848492,0.0,0.0,0.0,0.9805269680656269,0.5106818568311609,0,0,0,1,1
2014-11-27,NO 15/9-F-1 C,7405,15/9-F-1 C,3420717,VOLVE,369304,MÆRSK INSPIRER,0.0,7.32565,%,production,OP,3660.36389145,216.229496,3556.255470012,98.082382614,104.108421438,48.593282,0.0,0.0,0.0,1.0147767446079734,0.5065053685269851,0,0,0,1,1
2014-11-28,NO 15/9-F-1 C,7405,15/9-F-1 C,3420717,VOLVE,369304,MÆRSK INSPIRER,0.0,0.0493395833333333,%,production,OP,3837.385816248,216.225644,3171.986571444,664.6866731099999,665.399244804,48.337646,0.0,0.0,0.0,1.04902652115032,0.5023288802228094,0,0,0,1,1
2014-11-29,NO 15/9-F-1 C,7405,15/9-F-1 C,3420717,VOLVE,369304,MÆRSK INSPIRER,0.0,0.0468558333333333,%,production,OP,3898.45537149,215.767562,2721.410070264,1176.329393658,1177.045301226,46.150826,0.0,0.0,0.0,1.0832762976926666,0.4981523919186336,0,0,0,1,1
2014-11-30,NO 15/9-F-1 C,7405,15/9-F-1 C,3420717,VOLVE,369304,MÆRSK INSPIRER,12.0,35.116491458333336,%,production,OP,3587.63531154,222.492074,3027.466792218,471.906224574,560.1685193220001,93.501716,7.9251606,8.856573613,7.7364663,1.117526074235013,0.4939759036144578,0,0,0,0,0
2014-12-01,NO 15/9-F-1 C,7405,15/9-F-1 C,3420717,VOLVE,369304,MÆRSK INSPIRER,13.5,56.644213541666666,%,production,OP,3704.420054178,222.165824,3609.497034318,32.752046046,94.92301986,69.571418,756.6012449000001,913.1350230760002,1153.8027464,1.2068907224659524,0.6039574622197346,0,0,0,0,0
2014-12-02,NO 15/9-F-1 C,7405,15/9-F-1 C,3420717,VOLVE,369304,MÆRSK INSPIRER,0.0,0.2790766666666666,%,production,OP,3786.266738034,216.73371200000005,3243.168176046,503.440821648,543.0985619879999,47.814044,0.0,0.0,0.0,1.2002910040274664,0.5976841545553275,0,0,0,1,1
2014-12-03,NO 15/9-F-1 C,7405,15/9-F-1 C,3420717,VOLVE,369304,MÆRSK INSPIRER,0.0,0.2586745833333333,%,production,OP,3809.915764086,215.291624,3078.759625956,692.703228456,731.1561381299999,49.26029,0.0,0.0,0.0,1.1936912855889803,0.5914108468909204,0,0,0,1,1
2014-12-04,NO 15/9-F-1 C,7405,15/9-F-1 C,3420717,VOLVE,369304,MÆRSK INSPIRER,0.0,9.26999875,%,production,OP,3832.619142378,217.302116,2911.183736022,812.716371936,921.435406356,62.82383,0.0,0.0,0.0,1.1870915671504942,0.5851375392265133,0,0,0,1,1
2014-12-05,NO 15/9-F-1 C,7405,15/9-F-1 C,3420717,VOLVE,369304,MÆRSK INSPIRER,14.0,27.032211666666665,%,production,OP,3733.939907674286,226.2010080714286,2663.776900356,644.4350378897143,1070.1630073182855,137.29308735714284,0.0,0.0,0.0,1.1804918487120082,0.5788642315621063,0,0,0,1,1
2014-12-06,NO 15/9-F-1 C,7405,15/9-F-1 C,3420717,VOLVE,369304,MÆRSK INSPIRER,0.0,0.0219539583333333,%,production,OP,3915.994526754,217.694462,3803.357000688,28.347967176,112.637526066,52.17638,0.0,0.0,0.0,1.1738921302735221,0.5725909238976993,0,0,0,1,1
2014-12-07,NO 15/9-F-1 C,7405,15/9-F-1 C,3420717,VOLVE,369304,MÆRSK INSPIRER,0.0,0.0223116666666666,%,production,OP,4002.352327524,216.33035,4001.30399286,79.852266318,1.048334664,47.92865,0.0,0.0,0.0,1.167292411835036,0.5663176162332921,0,0,0,1,1
2014-12-08,NO 15/9-F-1 C,7405,15/9-F-1 C,3420717,VOLVE,369304,MÆRSK INSPIRER,0.0,0.0245039583333333,%,production,OP,4042.026312120001,215.69081,4039.715566704,141.99147681,2.310745416,46.485266,0.0,0.0,0.0,1.16069269339655,0.5600443085688851,0,0,0,1,1
2014-12-09,NO 15/9-F-1 C,7405,15/9-F-1 C,3420717,VOLVE,369304,MÆRSK INSPIRER,0.0,0.0121975,%,production,OP,4075.677158652,215.282858,4071.879918774,256.969916196,3.797239878,46.018274,0.0,0.0,0.0,1.154092974958064,0.5537710009044781,0,0,0,1,1
2014-12-10,NO 15/9-F-1 C,7405,15/9-F-1 C,3420717,VOLVE,369304,MÆRSK INSPIRER,0.0,0.0066666666666666,%,production,OP,4105.9882151580005,214.981088,4099.295146572,252.117669906,6.693068586,44.638016,0.0,0.0,0.0,1.147493256519578,0.5474976932400709,0,0,0,1,1
2014-12-11,NO 15/9-F-1 C,7405,15/9-F-1 C,3420717,VOLVE,369304,MÆRSK INSPIRER,0.0,0.0167258333333333,%,production,OP,4134.4658463060005,214.738106,4126.94533593,248.75104785,7.520510376,41.81396,0.0,0.0,0.0,1.1408935380810918,0.5412243855756639,0,0,0,1,1
2014-12-12,NO 15/9-F-1 C,7405,15/9-F-1 C,3420717,VOLVE,369304,MÆRSK INSPIRER,0.0,0.0196739583333333,%,production,OP,4161.078288774001,214.535966,4152.80706171,247.08122535600003,8.271227064,42.545012,0.0,0.0,0.0,1.1342938196426058,0.5349510779112568,0,0,0,1,1
2014-12-13,NO 15/9-F-1 C,7405,15/9-F-1 C,3420717,VOLVE,369304,MÆRSK INSPIRER,0.0,0.0300970833333333,%,production,OP,4186.1302674,214.35881,4177.26772041,245.011097982,8.86254699,44.31866,0.0,0.0,0.0,1.1276941012041197,0.5286777702468497,0,0,0,1,1
2014-12-14,NO 15/9-F-1 C,7405,15/9-F-1 C,3420717,VOLVE,369304,MÆRSK INSPIRER,0.0,0.0215533333333333,%,production,OP,4209.781033908001,214.201652,4199.268969744,244.997319372,10.512064164,46.781042,0.0,0.0,0.0,1.1210943827656337,0.5224044625824427,0,0,0,1,1
2014-12-15,NO 15/9-F-1 C,7405,15/9-F-1 C,3420717,VOLVE,369304,MÆRSK INSPIRER,0.0,0.04302,%,production,OP,4232.905457514,214.06154,4223.038232298,245.724684942,9.867225216,44.536892,0.0,0.0,0.0,1.1144946643271476,0.5161311549180356,0,0,0,1,1
2014-12-16,NO 15/9-F-1 C,7405,15/9-F-1 C,3420717,VOLVE,369304,MÆRSK INSPIRER,0.0,0.0,%,production,OP,4254.137425296,213.930554,4244.512558578,247.297331976,9.624866718,44.30273,0.0,0.0,0.0,1.1078949458886616,0.5098578472536286,0,0,0,1,1
2014-12-17,NO 15/9-F-1 C,7405,15/9-F-1 C,3420717,VOLVE,369304,MÆRSK INSPIRER,0.0,0.0,%,production,OP,4274.39821863,213.813698,4264.422069876,250.736473032,9.976148754,46.110056,0.0,0.0,0.0,1.1012952274501755,0.5035845395892214,0,0,0,1,1
2014-12-18,NO 15/9-F-1 C,7405,15/9-F-1 C,3420717,VOLVE,369304,MÆRSK INSPIRER,0.0,0.0,%,production,OP,4294.093798878,213.703736,4283.67122316,249.40067305200003,10.422575718,48.014528,0.0,0.0,0.0,1.0946955090116894,0.4973112319248144,0,0,0,1,1
2014-12-19,NO 15/9-F-1 C,7405,15/9-F-1 C,3420717,VOLVE,369304,MÆRSK INSPIRER,0.0,0.0,%,production,OP,4312.525227918,213.601532,4301.843324256,245.929623636,10.681903662,44.581532,0.0,0.0,0.0,1.0880957905732034,0.4910379242604074,0,0,0,1,1
2014-12-20,NO 15/9-F-1 C,7405,15/9-F-1 C,3420717,VOLVE,369304,MÆRSK INSPIRER,0.0,0.0,%,production,OP,4329.708024816,213.50498,4319.280807882,245.050548318,10.427216934,45.025664,0.0,0.0,0.0,1.0814960721347173,0.4847646165960003,0,0,0,1,1
2014-12-21,NO 15/9-F-1 C,7405,15/9-F-1 C,3420717,VOLVE,369304,MÆRSK INSPIRER,0.0,0.0037839583333333,%,production,OP,4346.321257488,213.415916,4335.472125012,246.748508184,10.849132476,47.300684,0.0,0.0,0.0,1.0748963536962313,0.4784913089315932,0,0,0,1,1
2014-12-22,NO 15/9-F-1 C,7405,15/9-F-1 C,3420717,VOLVE,369304,MÆRSK INSPIRER,0.0,0.0006647916666666,%,production,OP,4362.584803542,213.33119,4351.830961032,247.79031613800004,10.75384251,48.460748,0.0,0.0,0.0,1.0682966352577452,0.47221800126718616,0,0,0,1,1
2014-12-23,NO 15/9-F-1 C,7405,15/9-F-1 C,3420717,VOLVE,369304,MÆRSK INSPIRER,0.0,0.0001997916666666,%,production,OP,4378.658639892,213.24947,4367.940041616,246.464813856,10.718598276,46.993964000000005,0.0,0.0,0.0,1.0616969168192592,0.4659446936027791,0,0,0,1,1
2014-12-24,NO 15/9-F-1 C,7405,15/9-F-1 C,3420717,VOLVE,369304,MÆRSK INSPIRER,0.0,0.0002066666666666,%,production,OP,4393.336920606001,213.172736,4382.596131515999,245.852173344,10.74078909,45.624434,0.0,0.0,0.0,1.055097198380773,0.459671385938372,0,0,0,1,1
2014-12-25,NO 15/9-F-1 C,7405,15/9-F-1 C,3420717,VOLVE,369304,MÆRSK INSPIRER,0.0,0.0,%,production,OP,4407.545713314,213.100178,4396.915008066,245.14685355,10.630705248,46.126814,0.0,0.0,0.0,1.048497479942287,0.45339807827396494,0,0,0,1,1
2014-12-26,NO 15/9-F-1 C,7405,15/9-F-1 C,3420717,VOLVE,369304,MÆRSK INSPIRER,0.0,0.000968125,%,production,OP,4421.89098678,213.03068,4411.209808308,245.606188896,10.681178472,44.515004,0.0,0.0,0.0,1.041897761503801,0.4471247706095579,0,0,0,1,1
2014-12-27,NO 15/9-F-1 C,7405,15/9-F-1 C,3420717,VOLVE,369304,MÆRSK INSPIRER,0.0,0.0260033333333333,%,production,OP,4435.45494054,212.96372,4424.828151318,244.156824162,10.626789222,43.348802,0.0,0.0,0.0,1.035298043065315,0.4408514629451508,0,0,0,1,1
2014-12-28,NO 15/9-F-1 C,7405,15/9-F-1 C,3420717,VOLVE,369304,MÆRSK INSPIRER,0.0,0.0160752083333333,%,production,OP,4448.278040196,212.895932,4437.813403458,244.833281394,10.464636738,44.592152,0.0,0.0,0.0,1.0286983246268289,0.4345781552807437,0,0,0,1,1
2014-12-29,NO 15/9-F-1 C,7405,15/9-F-1 C,3420717,VOLVE,369304,MÆRSK INSPIRER,0.0,0.0,%,production,OP,4459.815087906,212.835956,4258.070420742,56.04703434,201.744667164,46.457474,0.0,0.0,0.0,1.0220986061883428,0.4283048476163367,0,0,0,1,1
2014-12-30,NO 15/9-F-1 C,7405,15/9-F-1 C,3420717,VOLVE,369304,MÆRSK INSPIRER,0.0,0.0,%,production,OP,4470.105098892,212.78246,2549.2939107780003,1661.64887751,1920.8111881140003,46.618214,0.0,0.0,0.0,1.0154988877498567,0.4220315399519296,0,0,0,1,1
2014-12-31,NO 15/9-F-1 C,7405,15/9-F-1 C,3420717,VOLVE,369304,MÆRSK INSPIRER,0.0,0.0,%,production,OP,4486.491492132,212.72144,2548.892445594,1677.204638124,1937.599046538,48.072452,0.0,0.0,0.0,1.0088991693113707,0.4157582322875225,0,0,0,1,1
2015-01-01,NO 15/9-F-1 C,7405,15/9-F-1 C,3420717,VOLVE,369304,MÆRSK INSPIRER,9.5,44.0,%,production,OP,4328.45006480144,221.54153018574507,2790.65596967944,1130.5331620496638,1537.794095122,70.40682530289655,591.3050381,592.6647149860001,410.0327139,1.0022994508728846,0.4094849246231155,0,0,0,0,0
2015-01-02,NO 15/9-F-1 C,7405,15/9-F-1 C,3420717,VOLVE,369304,MÆRSK INSPIRER,24.0,45.9521175,%,production,OP,4237.286520666376,225.374155625,2783.081663135875,1036.403955963375,1454.2048575305,114.117413,4974.4220347,4199.224008449,1884.8673627,0.8441631970823017,0.2747904707759458,0,0,0,0,0
2015-01-03,NO 15/9-F-1 C,7405,15/9-F-1 C,3420717,VOLVE,369304,MÆRSK INSPIRER,24.0,47.7989475,%,production,OP,4060.9015272237502,226.21338275,2676.674090257,962.13432010875,1384.22743696675,141.521074625,5766.5607061,5249.32179827,2171.9342911,0.91030374356714,0.2735952207397078,0,0,0,0,0
2015-01-04,NO 15/9-F-1 C,7405,15/9-F-1 C,3420717,VOLVE,369304,MÆRSK INSPIRER,24.0,47.710102291666665,%,production,OP,3934.85852558575,226.2413525,2678.9920996595,836.4438152,1255.86642592625,135.385476875,4960.9618413,4081.302927944,2521.1445423,0.8226837977198614,0.3369565217391305,0,0,0,0,0
2015-01-05,NO 15/9-F-1 C,7405,15/9-F-1 C,3420717,VOLVE,369304,MÆRSK INSPIRER,24.0,47.867310208333336,%,production,OP,3844.526759156375,226.291795625,2659.654446000875,764.379995811625,1184.8723131555,133.25754725000002,4969.8933715,4076.4863560110007,2551.0211398,0.820236180395284,0.33919028543233,0,0,0,0,0
2015-01-06,NO 15/9-F-1 C,7405,15/9-F-1 C,3420717,VOLVE,369304,MÆRSK INSPIRER,24.0,47.97249833333333,%,production,OP,3753.97693413725,226.303007,2650.47553185175,686.920705412375,1103.5014022855,139.079025875,4930.2675685,4023.581757088,2590.6469428,0.8160980517153041,0.3444590333938263,0,0,0,0,0
2015-01-07,NO 15/9-F-1 C,7405,15/9-F-1 C,3420717,VOLVE,369304,MÆRSK INSPIRER,24.0,47.37564708333333,%,production,OP,3694.318157478,226.186836875,2668.154512812625,609.343529335375,1026.163644665375,127.40429375,3612.1749849,2967.643269034,2902.3699264,0.8215668624691937,0.4455215162252711,0,0,0,0,0
2015-01-08,NO 15/9-F-1 C,7405,15/9-F-1 C,3420717,VOLVE,369304,MÆRSK INSPIRER,24.0,48.11144854166667,%,production,OP,3641.07941536975,226.181242625,2646.3708023488757,574.88057576025,994.7086130208752,129.574157,3939.8740859,3208.313302681,3225.9177528,0.8143187403279953,0.4501830119286912,0,0,0,0,0
2015-01-09,NO 15/9-F-1 C,7405,15/9-F-1 C,3420717,VOLVE,369304,MÆRSK INSPIRER,17.66667,36.354937291666666,%,production,OP,3592.933908319199,225.60974369365024,2737.426559816051,458.59215598767065,855.5073485031477,118.8632250142217,2237.5999075,1822.5591774760003,1778.8211661,0.814515218456676,0.4428871210223001,0,0,0,0,0
2015-01-10,NO 15/9-F-1 C,7405,15/9-F-1 C,3420717,VOLVE,369304,MÆRSK INSPIRER,20.66666,40.78884583333333,%,production,OP,3544.907133406626,225.7484976184531,2598.768448704067,551.4144893999148,946.1386847025592,129.35918427982654,2660.0235471,2165.642900564,1960.8482675,0.814144259333726,0.4243459559524133,0,0,0,0,0
2015-01-11,NO 15/9-F-1 C,7405,15/9-F-1 C,3420717,VOLVE,369304,MÆRSK INSPIRER,24.0,47.8685125,%,production,OP,3533.8444762415,226.017747875,2667.928519435625,438.41628863812497,865.915956805875,129.274709,3062.9487757,2481.949605524,2307.731289,0.8103137816781739,0.4296907023317367,0,0,0,0,0
2015-01-12,NO 15/9-F-1 C,7405,15/9-F-1 C,3420717,VOLVE,369304,MÆRSK INSPIRER,24.0,49.043021458333335,%,production,OP,3479.6551369515,226.18669475,2577.957018333375,476.8555949563751,901.698118618125,128.118537125,3756.8406149,3057.170271298,2633.2918546,0.8137609722310182,0.4120872090161917,0,0,0,0,0
2015-01-13,NO 15/9-F-1 C,7405,15/9-F-1 C,3420717,VOLVE,369304,MÆRSK INSPIRER,24.0,50.15571125,%,production,OP,3396.8737677910003,226.235070125,2533.7513425787497,436.8638955565,863.12242521225,133.376495375,3838.8597373,3137.720983116,2677.4463208,0.8173575482918959,0.410884064825629,0,0,0,0,0
2015-01-14,NO 15/9-F-1 C,7405,15/9-F-1 C,3420717,VOLVE,369304,MÆRSK INSPIRER,24.0,55.80191166666667,%,production,OP,3336.9470817727497,225.564573875,2728.86803904575,257.9343101175,608.079042727,110.656394375,3652.7442594,3007.7918451700007,2755.3770667,0.8234334603167813,0.4299820378677084,0,0,0,0,0
2015-01-15,NO 15/9-F-1 C,7405,15/9-F-1 C,3420717,VOLVE,369304,MÆRSK INSPIRER,24.0,50.53954125,%,production,OP,3347.63854585625,226.076826875,2682.502191492125,341.502634314625,665.1363543641249,128.745713375,2899.7282062,2364.392972723,2075.1341152,0.8153843410798355,0.4171239284901509,0,0,0,0,0
2015-01-16,NO 15/9-F-1 C,7405,15/9-F-1 C,3420717,VOLVE,369304,MÆRSK INSPIRER,24.0,48.985481875,%,production,OP,3322.6560646052503,226.078795625,2584.083822307875,310.663349412625,738.572242297375,126.46034675,2849.8500129,2274.039606479,1932.9215111,0.7979506276419591,0.4041425565491847,0,0,0,0,0
2015-01-17,NO 15/9-F-1 C,7405,15/9-F-1 C,3420717,VOLVE,369304,MÆRSK INSPIRER,24.0,48.97446,%,production,OP,3319.676301198,226.07097800000005,2588.876956548,304.13090739,730.79934465,126.803372,2635.2416957,2173.0459211250004,1840.9015908,0.8246097216322974,0.4112695847677931,0,0,0,0,0
2015-01-18,NO 15/9-F-1 C,7405,15/9-F-1 C,3420717,VOLVE,369304,MÆRSK INSPIRER,24.0,48.97446,%,production,OP,3319.676301198,226.07097800000005,2588.876956548,304.13090739,730.79934465,126.803372,2781.1023896,2283.74514548,1841.4676737,0.8211654321035141,0.3983644700855864,0,0,0,0,0
2015-01-19,NO 15/9-F-1 C,7405,15/9-F-1 C,3420717,VOLVE,369304,MÆRSK INSPIRER,24.0,48.97446,%,production,OP,3319.676301198,226.07097800000005,2588.876956548,304.13090739,730.79934465,126.803372,2813.5578092,2302.979296835,1858.7646512,0.8185292263427221,0.3978245651822734,0,0,0,0,0
2015-01-20,NO 15/9-F-1 C,7405,15/9-F-1 C,3420717,VOLVE,369304,MÆRSK INSPIRER,18.66667,29.400224166666668,%,production,OP,3249.942433017543,224.97694339519688,2510.0701565687127,295.96160090813703,739.8722764488302,126.03767462376848,1423.0066144,1168.592381054,1134.2414373,0.8212135974833316,0.4435398578350591,0,0,0,0,0
2015-01-21,NO 15/9-F-1 C,7405,15/9-F-1 C,3420717,VOLVE,369304,MÆRSK INSPIRER,1.0,18.765333958333333,%,production,OP,3289.318761593394,222.95382061501388,3025.2651721155958,5.973973362027363,264.0535894777986,64.72906124599007,48.0541484,39.615677313,35.3487322,0.8243966157352609,0.4238310708898944,0,0,0,0,0
2015-01-22,NO 15/9-F-1 C,7405,15/9-F-1 C,3420717,VOLVE,369304,MÆRSK INSPIRER,0.0,0.0,%,production,OP,3404.835507936,217.610438,2942.978241192,114.063829758,461.857266744,44.787722,0.0,0.0,0.0,0.8292780814325053,0.44310782084979633,0,0,0,1,1
2015-01-23,NO 15/9-F-1 C,7405,15/9-F-1 C,3420717,VOLVE,369304,MÆRSK INSPIRER,0.0,0.0,%,production,OP,3474.126832284,216.063482,2802.723159318,279.95379798,671.403672966,44.398022,0.0,0.0,0.0,0.8341595471297497,0.46238457080969825,0,0,0,1,1
2015-01-24,NO 15/9-F-1 C,7405,15/9-F-1 C,3420717,VOLVE,369304,MÆRSK INSPIRER,0.0,0.0,%,production,OP,3524.9890482,214.839806,2579.042074806,542.2644484499999,945.946973394,47.131268,0.0,0.0,0.0,0.8390410128269941,0.4816613207696002,0,0,0,1,1
2015-01-25,NO 15/9-F-1 C,7405,15/9-F-1 C,3420717,VOLVE,369304,MÆRSK INSPIRER,0.0,0.0,%,production,OP,3621.364768668,214.444652,2404.725978936,805.52002149,1216.638789732,47.32988,0.0,0.0,0.0,0.8439224785242385,0.5009380707295021,0,0,0,1,1
2015-01-26,NO 15/9-F-1 C,7405,15/9-F-1 C,3420717,VOLVE,369304,MÆRSK INSPIRER,0.0,0.0,%,production,OP,3794.89606392,214.870424,2447.743379508,930.022526184,1347.152684412,49.814024,0.0,0.0,0.0,0.8488039442214829,0.5202148206894041,0,0,0,1,1
2015-01-27,NO 15/9-F-1 C,7405,15/9-F-1 C,3420717,VOLVE,369304,MÆRSK INSPIRER,0.0,0.0,%,production,OP,3855.448413654,214.69118,2476.7123994,958.818515742,1378.736014254,49.490006,0.0,0.0,0.0,0.8536854099187273,0.539491570649306,0,0,0,1,1
2015-01-28,NO 15/9-F-1 C,7405,15/9-F-1 C,3420717,VOLVE,369304,MÆRSK INSPIRER,0.0,0.0,%,production,OP,3897.622998408,214.479014,2495.626369866,980.819329962,1401.996628542,45.862664,0.0,0.0,0.0,0.8585668756159717,0.5587683206092079,0,0,0,1,1
2015-01-29,NO 15/9-F-1 C,7405,15/9-F-1 C,3420717,VOLVE,369304,MÆRSK INSPIRER,13.69167,31.08471645833333,%,production,OP,3749.3192474120015,218.72487206936188,3290.509829751468,47.33187687010119,458.8094176605353,54.07382794196179,0.0,0.0,0.0,0.863448341313216,0.5780450705691098,0,0,0,1,1
2015-01-30,NO 15/9-F-1 C,7405,15/9-F-1 C,3420717,VOLVE,369304,MÆRSK INSPIRER,14.725,33.57207416666667,%,production,OP,3774.045725343983,215.2764284550085,3356.957501566319,6.997090396003395,417.0882237776638,42.82058182342954,0.0,0.0,0.0,0.8683298070104605,0.5973218205290117,0,0,0,1,1
2015-01-31,NO 15/9-F-1 C,7405,15/9-F-1 C,3420717,VOLVE,369304,MÆRSK INSPIRER,0.0,0.0,%,production,OP,3816.619565484,213.134648,3004.350055626,401.595428124,812.269509858,48.89093,0.0,0.0,0.0,0.8732112727077048,0.6165985704889136,0,0,0,1,1
2015-02-01,NO 15/9-F-1 C,7405,15/9-F-1 C,3420717,VOLVE,369304,MÆRSK INSPIRER,0.0,0.0,%,production,OP,3848.59275747,212.836118,2799.290399934,637.811276748,1049.302357536,46.204052,0.0,0.0,0.0,0.8780927384049493,0.6358753204488157,0,0,0,1,1
2015-02-02,NO 15/9-F-1 C,7405,15/9-F-1 C,3420717,VOLVE,369304,MÆRSK INSPIRER,0.0,0.0,%,production,OP,3883.5715719300006,212.774144,2668.092070932,805.798639488,1215.479500998,45.868136,0.0,0.0,0.0,0.8829742041021936,0.6551520704087175,0,0,0,1,1
2015-02-03,NO 15/9-F-1 C,7405,15/9-F-1 C,3420717,VOLVE,369304,MÆRSK INSPIRER,0.0,0.0,%,production,OP,4008.531816552,213.294632,2662.196566308,936.785503086,1346.335250244,47.333336,0.0,0.0,0.0,0.887855669799438,0.6744288203686195,0,0,0,1,1
2015-02-04,NO 15/9-F-1 C,7405,15/9-F-1 C,3420717,VOLVE,369304,MÆRSK INSPIRER,0.0,15.735302916666669,%,production,OP,4092.10865871,213.325574,3153.987210606,657.815787936,938.121448104,45.896792,0.0,0.0,0.0,0.8927371354966824,0.6937055703285214,0,0,0,1,1
2015-02-05,NO 15/9-F-1 C,7405,15/9-F-1 C,3420717,VOLVE,369304,MÆRSK INSPIRER,0.0,16.228658333333332,%,production,OP,4135.378425402,213.260288,4133.429694834001,100.980822006,1.948730568,43.091528,0.0,0.0,0.0,0.8976186011939268,0.7129823202884233,0,0,0,1,1
2015-02-06,NO 15/9-F-1 C,7405,15/9-F-1 C,3420717,VOLVE,369304,MÆRSK INSPIRER,0.0,0.0,%,production,OP,4161.388670094,213.186326,4159.345809863999,307.772521494,2.04286023,47.764634,0.0,0.0,0.0,0.9025000668911712,0.7322590702483253,0,0,0,1,1
2015-02-07,NO 15/9-F-1 C,7405,15/9-F-1 C,3420717,VOLVE,369304,MÆRSK INSPIRER,0.0,0.0,%,production,OP,4181.131967844,213.107306,4178.685611898,260.150599536,2.446355946,50.77463,0.0,0.0,0.0,0.9073815325884156,0.7515358202082272,0,0,0,1,1
2015-02-08,NO 15/9-F-1 C,7405,15/9-F-1 C,3420717,VOLVE,369304,MÆRSK INSPIRER,0.0,0.0,%,production,OP,4199.020809726,213.031544,4195.894080522,184.14314556,3.126729204,49.006148,0.0,0.0,0.0,0.91226299828566,0.7708125701681291,0,0,0,1,1
2015-02-09,NO 15/9-F-1 C,7405,15/9-F-1 C,3420717,VOLVE,369304,MÆRSK INSPIRER,10.475,21.282293541666668,%,production,OP,3972.9530889241146,224.66240256324585,3229.446181750453,334.5320923784248,743.506907173661,109.37962515990452,787.8616006000001,722.5829053750001,2965.4567207,0.9171444639829044,0.790089320128031,0,0,0,0,0
2015-02-10,NO 15/9-F-1 C,7405,15/9-F-1 C,3420717,VOLVE,369304,MÆRSK INSPIRER,24.0,48.896484375,%,production,OP,3871.716706680875,226.030484375,2983.522789188375,472.70304219462497,888.1939174925,144.468477125,2531.0824421,2184.644681193,4175.3645723,0.8631266389649616,0.6225896608643456,0,0,0,0,0
2015-02-11,NO 15/9-F-1 C,7405,15/9-F-1 C,3420717,VOLVE,369304,MÆRSK INSPIRER,24.0,48.95931,%,production,OP,3770.861276069125,226.2395645,2890.663424381625,466.46979543625,880.1978516875,133.3542065,2981.9989210000003,2561.3670686190003,3503.6757624,0.8589429897446298,0.5402176232131426,0,0,0,0,0
2015-02-12,NO 15/9-F-1 C,7405,15/9-F-1 C,3420717,VOLVE,369304,MÆRSK INSPIRER,24.0,48.945120625,%,production,OP,3693.59060456725,226.2944135,2843.795452250374,436.90161147975,849.795152316875,138.03392,2931.2401543,2510.707425175,3460.9679525,0.8565341947475381,0.5414354311803833,0,0,0,0,0
2015-02-13,NO 15/9-F-1 C,7405,15/9-F-1 C,3420717,VOLVE,369304,MÆRSK INSPIRER,24.0,48.40793416666666,%,production,OP,3604.1014536746766,224.69977477952315,2797.0567449186715,396.0525532967752,807.0447087560053,137.1554488438016,2662.8539616000003,2277.679139461,3363.4758975,0.8553526300377492,0.5581300685725021,0,0,0,0,0
2015-02-14,NO 15/9-F-1 C,7405,15/9-F-1 C,3420717,VOLVE,369304,MÆRSK INSPIRER,24.0,49.024828541666665,%,production,OP,3584.7783469727497,226.27007225,2804.874728550625,365.10726060887504,779.9036184221251,144.7170785,2649.6453606,2262.3271330770003,3421.9082324,0.8538226159310266,0.5635968092820884,0,0,0,0,0
2015-02-15,NO 15/9-F-1 C,7405,15/9-F-1 C,3420717,VOLVE,369304,MÆRSK INSPIRER,24.0,48.045273125,%,production,OP,3515.6120535609825,224.54424552371535,2773.007753065742,331.8091079107582,742.6043004952408,136.52287778615147,2635.5561862,2244.2329402380005,3389.8930995000005,0.851521569522592,0.5625959059260729,0,0,0,0,0
2015-02-16,NO 15/9-F-1 C,7405,15/9-F-1 C,3420717,VOLVE,369304,MÆRSK INSPIRER,24.0,49.02818,%,production,OP,3516.27368456375,226.23016475,2790.853469976625,311.178738924,725.420214587125,133.53976775,2638.8268874,2250.655977874,2945.3293287,0.8529001991834109,0.5274439350761988,0,0,0,0,0
2015-02-17,NO 15/9-F-1 C,7405,15/9-F-1 C,3420717,VOLVE,369304,MÆRSK INSPIRER,24.0,46.803729347826085,%,production,OP,3492.2776457571817,226.21409313636363,2787.9035028135,289.6425176775,704.3741429436818,129.17534327272728,2576.8722589,2221.81375609,2981.8102267,0.8622133861763233,0.5364239159952928,0,0,0,0,0
2015-02-18,NO 15/9-F-1 C,7405,15/9-F-1 C,3420717,VOLVE,369304,MÆRSK INSPIRER,24.0,50.76397333333333,%,production,OP,3446.9385345667497,226.362954875,2728.0430508152504,303.973169500125,718.8954837515,130.510528625,3268.4368684,2743.198927449,3466.314291,0.8392999583289733,0.5146907746044791,0,0,0,0,0
2015-02-19,NO 15/9-F-1 C,7405,15/9-F-1 C,3420717,VOLVE,369304,MÆRSK INSPIRER,24.0,52.93471854166667,%,production,OP,3342.55144678475,226.530392,2621.92588933675,305.8377750065,720.625557448,143.96232162500002,4106.1137642,3429.096569317,3892.0086318,0.8351197181174779,0.4866152878263604,0,0,0,0,0
2015-02-20,NO 15/9-F-1 C,7405,15/9-F-1 C,3420717,VOLVE,369304,MÆRSK INSPIRER,24.0,53.106881875,%,production,OP,3284.369870069,226.463759375,2604.352713596875,262.19329659825,680.017156472125,148.7067905,4013.9051496,3368.8641701440006,4418.277034500001,0.8392984000829516,0.5239778906617137,0,0,0,0,0
2015-02-21,NO 15/9-F-1 C,7405,15/9-F-1 C,3420717,VOLVE,369304,MÆRSK INSPIRER,24.0,53.2423425,%,production,OP,3245.14457865575,226.4339855,2606.659863279125,223.700108663,638.484715376625,154.51023425,3928.5524279,3293.507897549,4228.1360782,0.83835151954674,0.5183642939212375,0,0,0,0,0
2015-02-22,NO 15/9-F-1 C,7405,15/9-F-1 C,3420717,VOLVE,369304,MÆRSK INSPIRER,24.0,53.32468583333333,%,production,OP,3221.404169598876,226.417164125,2619.21726842725,187.3157913775,602.186901171625,145.93970825000002,2991.433636,2505.992912725,3425.6821184,0.8377230511039825,0.5338351760370109,0,0,0,0,0
2015-02-23,NO 15/9-F-1 C,7405,15/9-F-1 C,3420717,VOLVE,369304,MÆRSK INSPIRER,24.0,53.273245208333336,%,production,OP,3207.3331176665,226.39673525,2636.61376673175,155.436233507,570.71935093475,133.33238112499998,2579.2623867,2178.354073682,3015.7123026,0.8445647425848223,0.5390037435499646,0,0,0,0,0
2015-02-24,NO 15/9-F-1 C,7405,15/9-F-1 C,3420717,VOLVE,369304,MÆRSK INSPIRER,24.0,55.83618875,%,production,OP,3180.5745161756254,226.473453875,2609.18518335125,151.38466345275,571.3893328243751,145.6280765,3936.792079,3283.377522707,3496.6940733,0.8340236052143815,0.4703976037162705,0,0,0,0,0
2015-02-25,NO 15/9-F-1 C,7405,15/9-F-1 C,3420717,VOLVE,369304,MÆRSK INSPIRER,24.0,60.367970625,%,production,OP,3070.6847501277502,226.718196125,2477.848291691625,174.795576389875,592.836458436125,165.702668,5918.2709233,4867.641933258001,4848.2484461,0.8224770370167216,0.4503078738593478,0,0,0,0,0
2015-02-26,NO 15/9-F-1 C,7405,15/9-F-1 C,3420717,VOLVE,369304,MÆRSK INSPIRER,24.0,60.36061541666667,%,production,OP,3027.46372829025,226.695500375,2489.225504504,122.780139162875,538.2382237862499,155.895332375,4644.9617869,3828.579280893001,3915.7841136,0.8242434397825595,0.4574115572535909,0,0,0,0,0
2015-02-27,NO 15/9-F-1 C,7405,15/9-F-1 C,3420717,VOLVE,369304,MÆRSK INSPIRER,18.94167,47.620348541666665,%,production,OP,3019.115681527143,226.58682870094032,2532.2584145038727,71.99097711016287,486.8572670232702,142.57120667373363,2514.4773437,2099.250205123,2669.2066697,0.8348654285482636,0.5149246487247313,0,0,0,0,0
2015-02-28,NO 15/9-F-1 C,7405,15/9-F-1 C,3420717,VOLVE,369304,MÆRSK INSPIRER,0.0,0.0,%,production,OP,3117.524222292,220.08794,2314.600235964,419.683262142,802.9239863280001,45.954788,0.0,0.0,0.0,0.8338833335867212,0.5308661727084653,0,0,0,1,1
2015-03-01,NO 15/9-F-1 C,7405,15/9-F-1 C,3420717,VOLVE,369304,MÆRSK INSPIRER,0.0,0.0,%,production,OP,3198.1013885340003,217.877144,2300.349382236,500.860885704,897.752006298,45.609296,0.0,0.0,0.0,0.8329012386251788,0.5468076966921993,0,0,0,1,1
2015-03-02,NO 15/9-F-1 C,7405,15/9-F-1 C,3420717,VOLVE,369304,MÆRSK INSPIRER,0.0,0.0,%,production,OP,3268.975512576,216.820814,2301.857342322,561.439487316,967.118170254,47.507504,0.0,0.0,0.0,0.8319191436636364,0.5627492206759332,0,0,0,1,1
2015-03-03,NO 15/9-F-1 C,7405,15/9-F-1 C,3420717,VOLVE,369304,MÆRSK INSPIRER,0.0,0.0,%,production,OP,3337.21850226,216.173516,2321.607746934,601.362647196,1015.610755326,44.66309,0.0,0.0,0.0,0.8309370487020941,0.5786907446596673,0,0,0,1,1
2015-03-04,NO 15/9-F-1 C,7405,15/9-F-1 C,3420717,VOLVE,369304,MÆRSK INSPIRER,0.0,0.0,%,production,OP,3270.98907513,208.184036,2247.310726092,616.855606356,1023.678349038,45.710474,0.0,0.0,0.0,0.8299549537405516,0.5946322686434012,0,0,0,1,1
2015-03-05,NO 15/9-F-1 C,7405,15/9-F-1 C,3420717,VOLVE,369304,MÆRSK INSPIRER,0.0,0.0,%,production,OP,3470.196447522,215.16971,2350.351812888,688.625049972,1119.844634634,47.214032,0.0,0.0,0.0,0.8289728587790093,0.6105737926271353,0,0,0,1,1
2015-03-06,NO 15/9-F-1 C,7405,15/9-F-1 C,3420717,VOLVE,369304,MÆRSK INSPIRER,0.0,0.89993625,%,production,OP,3526.998404652,214.648988,2386.405068852,716.54791077,1140.5933358,47.143202,0.0,0.0,0.0,0.8279907638174668,0.6265153166108692,0,0,0,1,1
2015-03-07,NO 15/9-F-1 C,7405,15/9-F-1 C,3420717,VOLVE,369304,MÆRSK INSPIRER,0.0,0.102563125,%,production,OP,3584.334681774,214.17161,3189.350375766,310.452968772,394.984306008,50.546894,0.0,0.0,0.0,0.8270086688559245,0.6424568405946033,0,0,0,1,1
2015-03-08,NO 15/9-F-1 C,7405,15/9-F-1 C,3420717,VOLVE,369304,MÆRSK INSPIRER,0.0,0.0,%,production,OP,3687.70427964,213.43019,2590.510519542,978.42852357,1097.193760098,53.918726,0.0,0.0,0.0,0.826026573894382,0.6583983645783372,0,0,0,1,1
2015-03-09,NO 15/9-F-1 C,7405,15/9-F-1 C,3420717,VOLVE,369304,MÆRSK INSPIRER,0.0,0.0,%,production,OP,3842.37715398,214.006658,2570.620298298,1105.0825219560002,1271.756855682,46.944662,0.0,0.0,0.0,0.8250444789328397,0.6743398885620713,0,0,0,1,1
2015-03-10,NO 15/9-F-1 C,7405,15/9-F-1 C,3420717,VOLVE,369304,MÆRSK INSPIRER,0.0,0.0,%,production,OP,3908.277779964,213.966446,2589.03780369,1153.351168356,1319.239976274,49.197074,0.0,0.0,0.0,0.8240623839712973,0.6902814125458052,0,0,0,1,1
2015-03-11,NO 15/9-F-1 C,7405,15/9-F-1 C,3420717,VOLVE,369304,MÆRSK INSPIRER,0.0,0.0,%,production,OP,3948.48477921,213.863414,2600.2155922740003,1182.22069218,1348.269186936,47.822432,0.0,0.0,0.0,0.8230802890097549,0.7062229365295392,0,0,0,1,1
2015-03-12,NO 15/9-F-1 C,7405,15/9-F-1 C,3420717,VOLVE,369304,MÆRSK INSPIRER,0.0,0.0,%,production,OP,3988.826518758,213.75014,2611.57453332,1210.65756765,1377.251985438,47.319926,0.0,0.0,0.0,0.8220981940482125,0.7221644605132732,0,0,0,1,1
2015-03-13,NO 15/9-F-1 C,7405,15/9-F-1 C,3420717,VOLVE,369304,MÆRSK INSPIRER,0.0,0.0,%,production,OP,4027.20125295,213.636416,2621.998269342,1238.519947602,1405.202983608,45.906152,0.0,0.0,0.0,0.8211160990866702,0.7381059844970073,0,0,0,1,1
2015-03-14,NO 15/9-F-1 C,7405,15/9-F-1 C,3420717,VOLVE,369304,MÆRSK INSPIRER,0.0,0.0,%,production,OP,4064.410461774,213.524024,2631.678395538,1266.309228402,1432.732066236,46.534406,0.0,0.0,0.0,0.8201340041251277,0.7540475084807412,0,0,0,1,1
2015-03-15,NO 15/9-F-1 C,7405,15/9-F-1 C,3420717,VOLVE,369304,MÆRSK INSPIRER,0.0,0.0,%,production,OP,4101.250258812,213.422504,2640.80331627,1293.368677986,1460.446942542,47.870744,0.0,0.0,0.0,0.8191519091635854,0.7699890324644751,0,0,0,1,1
2015-03-16,NO 15/9-F-1 C,7405,15/9-F-1 C,3420717,VOLVE,369304,MÆRSK INSPIRER,0.0,0.0,%,production,OP,4131.37769721,213.321938,2648.294964084,1210.55386548,1483.082733126,47.87015,0.0,0.0,0.0,0.8181698142020429,0.7859305564482092,0,0,0,1,1
2015-03-17,NO 15/9-F-1 C,7405,15/9-F-1 C,3420717,VOLVE,369304,MÆRSK INSPIRER,0.0,0.0,%,production,OP,4159.641107232001,213.228986,2655.024002094,1149.922324998,1504.617105138,48.531596,0.0,0.0,0.0,0.8171877192405006,0.8018720804319432,0,0,0,1,1
2015-03-18,NO 15/9-F-1 C,7405,15/9-F-1 C,3420717,VOLVE,369304,MÆRSK INSPIRER,8.20833,19.218938125,%,production,OP,3903.195988357845,224.0545226506756,3362.0370235504297,270.1075252193759,541.1589648074156,117.57135293211164,577.1529656,471.0754965920001,2590.772739,0.8162056242789582,0.8178136044156772,0,0,0,0,0
2015-03-19,NO 15/9-F-1 C,7405,15/9-F-1 C,3420717,VOLVE,369304,MÆRSK INSPIRER,24.0,51.612996875,%,production,OP,3774.8190639482505,226.31595425,3220.7441409420003,311.788699254625,554.0749230062501,155.2542815,1359.4795334,1117.226796757,6544.0441202,0.8218047931643838,0.8279907047813077,0,0,0,0,0
2015-03-20,NO 15/9-F-1 C,7405,15/9-F-1 C,3420717,VOLVE,369304,MÆRSK INSPIRER,24.0,51.83247729166666,%,production,OP,3668.683612573625,226.651410125,3071.30273287275,355.6889793705,597.3808797008751,158.547453875,1401.8099547000002,1147.15565186,7116.0394416,0.8183389253399199,0.8354267738862674,0,0,0,0,0
2015-03-21,NO 15/9-F-1 C,7405,15/9-F-1 C,3420717,VOLVE,369304,MÆRSK INSPIRER,24.0,51.95842125,%,production,OP,3574.0159170045,226.7171945,2946.36105311475,356.176128774625,627.65486388975,162.377727125,1419.8617094,1158.995611329,6705.1890524,0.816273587530411,0.8252488813884717,0,0,0,0,0
2015-03-22,NO 15/9-F-1 C,7405,15/9-F-1 C,3420717,VOLVE,369304,MÆRSK INSPIRER,24.0,53.54530145833333,%,production,OP,3509.15069917275,226.68200075,2881.2970032931253,213.553380112875,627.853695879625,139.582053125,2422.205831,2061.61921395,4774.5318729,0.8511329580520689,0.6634300247336543,0,0,0,0,0
2015-03-23,NO 15/9-F-1 C,7405,15/9-F-1 C,3420717,VOLVE,369304,MÆRSK INSPIRER,24.0,53.516415,%,production,OP,3454.7789685545,226.6518785,2847.771841253,193.7854772705,607.0071273015001,150.326751125,2157.3419319,1887.82144937,4390.6647686,0.8750682594424752,0.6705345564574228,0,0,0,0,0
2015-03-24,NO 15/9-F-1 C,7405,15/9-F-1 C,3420717,VOLVE,369304,MÆRSK INSPIRER,24.0,53.53940541666667,%,production,OP,3412.590448066,226.61249075,2824.2047133250003,175.24450223775,588.385734741,155.60639450000002,2237.6628056,1935.273458613,5021.155323,0.8648637559554384,0.6917317990399112,0,0,0,0,0
2015-03-25,NO 15/9-F-1 C,7405,15/9-F-1 C,3420717,VOLVE,369304,MÆRSK INSPIRER,24.0,54.719445416666666,%,production,OP,3369.393692898875,226.6350455,2793.4533335375004,160.587986288625,575.9403593613749,157.71575675000005,2817.0172047,2388.906318581,5650.136323,0.8480268826882823,0.6673005638218055,0,0,0,0,0
2015-03-26,NO 15/9-F-1 C,7405,15/9-F-1 C,3420717,VOLVE,369304,MÆRSK INSPIRER,24.0,60.038315625,%,production,OP,3247.904183443875,226.840350125,2669.2431499108748,126.726831635,578.661033533,167.30221625,3832.6957235,3162.038685536,5489.4316775,0.8250168846298189,0.5888604007826732,0,0,0,0,0
2015-03-27,NO 15/9-F-1 C,7405,15/9-F-1 C,3420717,VOLVE,369304,MÆRSK INSPIRER,24.0,59.87418208333333,%,production,OP,3199.1687322408748,226.745082125,2651.9645977166247,96.66336103825,547.2041345242501,161.5540685,3890.9393641,3145.20134287,5376.0264032000005,0.8083398502401247,0.5801280093393877,0,0,0,0,0
2015-03-28,NO 15/9-F-1 C,7405,15/9-F-1 C,3420717,VOLVE,369304,MÆRSK INSPIRER,24.0,59.895556875,%,production,OP,3154.4417294817504,226.73372675,2625.5819528515,101.424324037,528.85977663025,154.64511950000002,3553.8684462,2672.006257984,4915.5494131000005,0.7518585165528742,0.5803881086941992,0,0,0,0,0
2015-03-29,NO 15/9-F-1 C,7405,15/9-F-1 C,3420717,VOLVE,369304,MÆRSK INSPIRER,24.0,57.23280326086957,%,production,OP,3116.3913008071363,226.7172127727273,2608.264199193273,93.1973181801818,508.12710161386366,162.37853886363638,3463.9241632000003,2795.852085708,4762.2038453000005,0.8071343233811361,0.5789119547348702,0,0,0,0,0
2015-03-30,NO 15/9-F-1 C,7405,15/9-F-1 C,3420717,VOLVE,369304,MÆRSK INSPIRER,24.0,63.47054083333333,%,production,OP,3077.197211815787,226.766454125,2580.001490761037,76.853439478625,497.1957210547501,163.05901924999998,3927.6089564,3184.44303751,4901.9005254,0.8107841368273135,0.5551724629215404,0,0,0,0,0
2015-03-31,NO 15/9-F-1 C,7405,15/9-F-1 C,3420717,VOLVE,369304,MÆRSK INSPIRER,24.0,65.01727458333333,%,production,OP,3022.117476529,226.786931375,2543.862645597375,61.420671088625,478.25483093162495,164.2895015,3917.6081585,3125.832995655,4770.9466812,0.7978932218815471,0.5491070459037043,0,0,0,0,0
2015-04-01,NO 15/9-F-1 C,7405,15/9-F-1 C,3420717,VOLVE,369304,MÆRSK INSPIRER,6.45833,17.946539583333333,%,production,OP,3064.655858623376,224.67360851877189,2651.938127702404,7.582851001703771,412.71773092097214,94.66460531769047,361.7898712000001,297.410162137,453.8726896,0.8220522071293408,0.5564466378778531,0,0,0,0,0
2015-04-02,NO 15/9-F-1 C,7405,15/9-F-1 C,3420717,VOLVE,369304,MÆRSK INSPIRER,0.0,0.35100625,%,production,OP,3212.700188424,218.278256,2607.309835968,202.883360502,605.390352456,49.43399,0.0,0.0,0.0,0.8216917008154255,0.5722650098399295,0,0,0,1,1
2015-04-03,NO 15/9-F-1 C,7405,15/9-F-1 C,3420717,VOLVE,369304,MÆRSK INSPIRER,0.0,0.3189860416666666,%,production,OP,3289.288229514,216.942242,2586.7702795980003,268.789933044,702.5179499159999,50.507654,0.0,0.0,0.0,0.8213311945015102,0.5880833818020057,0,0,0,1,1
2015-04-04,NO 15/9-F-1 C,7405,15/9-F-1 C,3420717,VOLVE,369304,MÆRSK INSPIRER,0.0,0.3008183333333333,%,production,OP,3357.917455392,216.159188,2585.031709092,313.262644908,772.8857462999999,48.10262,0.0,0.0,0.0,0.8209706881875949,0.6039017537640821,0,0,0,1,1
2015-04-05,NO 15/9-F-1 C,7405,15/9-F-1 C,3420717,VOLVE,369304,MÆRSK INSPIRER,0.0,0.2997152083333333,%,production,OP,3423.30363159,215.38499,2555.896040538,406.42693398,867.407591052,47.536592,0.0,0.0,0.0,0.8206101818736795,0.6197201257261583,0,0,0,1,1
2015-04-06,NO 15/9-F-1 C,7405,15/9-F-1 C,3420717,VOLVE,369304,MÆRSK INSPIRER,0.0,0.3137583333333333,%,production,OP,3451.610117898,215.003426,2433.855700932,582.322348632,1017.754416966,49.349966,0.0,0.0,0.0,0.8202496755597642,0.6355384976882347,0,0,0,1,1
2015-04-07,NO 15/9-F-1 C,7405,15/9-F-1 C,3420717,VOLVE,369304,MÆRSK INSPIRER,0.0,0.3034204166666667,%,production,OP,3509.412982266,214.011212,2294.339877744,786.717150132,1215.073104522,49.279874,0.0,0.0,0.0,0.8198891692458489,0.6513568696503109,0,0,0,1,1
2015-04-08,NO 15/9-F-1 C,7405,15/9-F-1 C,3420717,VOLVE,369304,MÆRSK INSPIRER,0.0,0.3074210416666667,%,production,OP,3718.848434418,214.408238,2353.681450254,940.913864718,1365.166984164,51.259262,0.0,0.0,0.0,0.8195286629319336,0.6671752416123873,0,0,0,1,1
2015-04-09,NO 15/9-F-1 C,7405,15/9-F-1 C,3420717,VOLVE,369304,MÆRSK INSPIRER,0.0,0.2935772916666667,%,production,OP,3815.889299154,214.323638,2389.923690732,1004.30475315,1425.9656084219998,46.538672,0.0,0.0,0.0,0.8191681566180183,0.6829936135744635,0,0,0,1,1
2015-04-10,NO 15/9-F-1 C,7405,15/9-F-1 C,3420717,VOLVE,369304,MÆRSK INSPIRER,0.0,0.2657122916666666,%,production,OP,3862.563397782,214.152638,2408.435470824,1033.857405954,1454.127926958,47.20694,0.0,0.0,0.0,0.818807650304103,0.6988119855365399,0,0,0,1,1
2015-04-11,NO 15/9-F-1 C,7405,15/9-F-1 C,3420717,VOLVE,369304,MÆRSK INSPIRER,0.0,0.2414604166666666,%,production,OP,3903.980304024,214.000214,2424.98604708,1061.246816988,1478.994256944,47.812208,0.0,0.0,0.0,0.8184471439901877,0.7146303574986161,0,0,0,1,1
2015-04-12,NO 15/9-F-1 C,7405,15/9-F-1 C,3420717,VOLVE,369304,MÆRSK INSPIRER,0.0,0.240975,%,production,OP,3945.175157088001,213.858662,2440.033304466,1084.93572849,1505.141852622,46.487318,0.0,0.0,0.0,0.8180866376762723,0.7304487294606925,0,0,0,1,1
2015-04-13,NO 15/9-F-1 C,7405,15/9-F-1 C,3420717,VOLVE,369304,MÆRSK INSPIRER,0.0,0.2366616666666666,%,production,OP,3987.023986494,213.72818,2455.09158474,1112.36313948,1531.932401754,47.878232,0.0,0.0,0.0,0.8177261313623571,0.7462671014227689,0,0,0,1,1
2015-04-14,NO 15/9-F-1 C,7405,15/9-F-1 C,3420717,VOLVE,369304,MÆRSK INSPIRER,0.0,0.2762360416666666,%,production,OP,4023.361661976,213.605312,2466.702891906,1135.834348944,1556.6587700700002,48.164432,0.0,0.0,0.0,0.8173656250484418,0.7620854733848451,0,0,0,1,1
2015-04-15,NO 15/9-F-1 C,7405,15/9-F-1 C,3420717,VOLVE,369304,MÆRSK INSPIRER,0.0,0.2627485416666666,%,production,OP,4061.738136624,213.495836,2479.59357927,1158.03488049,1582.144557354,50.524556,0.0,0.0,0.0,0.8170051187345264,0.7779038453469214,0,0,0,1,1
2015-04-16,NO 15/9-F-1 C,7405,15/9-F-1 C,3420717,VOLVE,369304,MÆRSK INSPIRER,0.0,0.25917375,%,production,OP,4099.168528398,213.38825,2491.6849622160003,1183.162568952,1607.483566182,52.683152,0.0,0.0,0.0,0.8166446124206111,0.7937222173089977,0,0,0,1,1
2015-04-17,NO 15/9-F-1 C,7405,15/9-F-1 C,3420717,VOLVE,369304,MÆRSK INSPIRER,0.0,0.27304125,%,production,OP,4134.357647958,213.288818,2500.982188092,1206.193878162,1633.375459866,53.957426,0.0,0.0,0.0,0.8162841061066958,0.8095405892710741,0,0,0,1,1
2015-04-18,NO 15/9-F-1 C,7405,15/9-F-1 C,3420717,VOLVE,369304,MÆRSK INSPIRER,0.0,0.2626077083333333,%,production,OP,4169.2115847000005,213.199916,2510.916130788,1232.135954994,1658.295453912,54.419342,0.0,0.0,0.0,0.8159235997927805,0.8253589612331503,0,0,0,1,1
2015-04-19,NO 15/9-F-1 C,7405,15/9-F-1 C,3420717,VOLVE,369304,MÆRSK INSPIRER,0.0,0.2196847916666666,%,production,OP,4202.900576226,213.112256,2519.545166598,1255.9400266680002,1683.355409628,54.14666,0.0,0.0,0.0,0.8155630934788651,0.8411773331952266,0,0,0,1,1
2015-04-20,NO 15/9-F-1 C,7405,15/9-F-1 C,3420717,VOLVE,369304,MÆRSK INSPIRER,16.375,31.6905675,%,production,OP,3997.063295421939,222.8678554656489,3466.0575656527785,268.3491359901527,531.0057297691603,89.0985553129771,515.1983371,419.991017307,3087.4790347000003,0.8152025871649499,0.856995705157303,0,0,0,0,0
2015-04-21,NO 15/9-F-1 C,7405,15/9-F-1 C,3420717,VOLVE,369304,MÆRSK INSPIRER,24.0,52.61598541666667,%,production,OP,3812.6712322695,226.427553125,3335.82656653075,292.41096676200004,476.84466573875,165.41068887499998,1087.3194547,898.542635889,7946.105667299999,0.8263832970200234,0.8796337557443253,0,0,0,0,0
2015-04-22,NO 15/9-F-1 C,7405,15/9-F-1 C,3420717,VOLVE,369304,MÆRSK INSPIRER,24.0,52.5973525,%,production,OP,3680.590972513875,226.685556125,3142.864436748375,314.567856978125,537.7265357655,169.9051265,1688.6252907000005,1387.032517345,6876.7121711,0.8213974556605282,0.8028536180587172,0,0,0,0,0
2015-04-23,NO 15/9-F-1 C,7405,15/9-F-1 C,3420717,VOLVE,369304,MÆRSK INSPIRER,24.0,52.65871770833333,%,production,OP,3609.313328582875,226.661247125,3038.378493482875,219.4860658325,570.9348351,162.48502025,2014.8777354,1636.4934392630005,5529.2461748000005,0.8122048353162821,0.7329209117740242,0,0,0,0,0
2015-04-24,NO 15/9-F-1 C,7405,15/9-F-1 C,3420717,VOLVE,369304,MÆRSK INSPIRER,24.0,52.65301916666667,%,production,OP,3575.349429614375,226.593390875,2998.884782056,156.87744589675,576.4646475583751,151.207619,2005.5059185,1629.788590321,5516.2262681,0.8126570833258799,0.7333717993745087,0,0,0,0,0
2015-04-25,NO 15/9-F-1 C,7405,15/9-F-1 C,3420717,VOLVE,369304,MÆRSK INSPIRER,24.0,52.70381208333333,%,production,OP,3534.569572571125,226.5993485,2963.817696864875,151.124703989125,570.7518757062501,152.76706025,2141.8689993,1740.309828588,5175.3185661,0.8125192666576545,0.707282479756563,0,0,0,0,0
2015-04-26,NO 15/9-F-1 C,7405,15/9-F-1 C,3420717,VOLVE,369304,MÆRSK INSPIRER,24.0,52.70324479166667,%,production,OP,3499.589066001125,226.583730125,2937.870078372625,142.449781781875,561.7189876284999,152.684872625,2138.0322152000003,1735.3067950390002,4849.0661214,0.81163734704375,0.6940028446428893,0,0,0,0,0
2015-04-27,NO 15/9-F-1 C,7405,15/9-F-1 C,3420717,VOLVE,369304,MÆRSK INSPIRER,24.0,55.266608958333336,%,production,OP,3435.526548893875,226.754461625,2874.4981929402497,140.73317546799998,561.028355953625,158.646679625,2496.7400795,2020.67535077,5656.6777254,0.809325474990838,0.6937799412168573,0,0,0,0,0
2015-04-28,NO 15/9-F-1 C,7405,15/9-F-1 C,3420717,VOLVE,369304,MÆRSK INSPIRER,24.0,56.90749458333333,%,production,OP,3365.28149998225,226.80901925,2814.2147648096247,130.48250603949998,551.0667351726249,160.34706387499998,2792.6127419,2256.543291511,5730.01691,0.8080401760165729,0.6723296850899269,0,0,0,0,0
2015-04-29,NO 15/9-F-1 C,7405,15/9-F-1 C,3420717,VOLVE,369304,MÆRSK INSPIRER,24.0,59.771223125,%,production,OP,3262.532250793625,226.921050125,2723.0211402815003,120.158238890875,539.511110512125,169.748370875,3616.3891576,2912.307253016,5121.163302000001,0.8053080368565034,0.5861095914077572,0,0,0,0,0
2015-04-30,NO 15/9-F-1 C,7405,15/9-F-1 C,3420717,VOLVE,369304,MÆRSK INSPIRER,24.0,62.13158229166667,%,production,OP,3181.6527075162503,226.911588875,2664.690322485375,97.663540064625,516.962385030875,170.84300037500003,3823.3868047,3078.786046021,5793.6068891,0.8052509995160103,0.6024343026069667,0,0,0,0,0
2015-05-01,NO 15/9-F-1 C,7405,15/9-F-1 C,3420717,VOLVE,369304,MÆRSK INSPIRER,24.0,65.019064375,%,production,OP,3098.601887968,226.920492125,2604.4094083467503,76.998652732875,494.19247962125,171.896321375,4182.4720576,3350.2533232440005,5825.9994106,0.8010222846931473,0.5821068111260542,0,0,0,0,0
2015-05-02,NO 15/9-F-1 C,7405,15/9-F-1 C,3420717,VOLVE,369304,MÆRSK INSPIRER,24.0,68.38614583333333,%,production,OP,3052.7520977048757,226.875145625,2585.14977606725,51.928946233,467.602321637625,170.0233055,3906.7267872,3125.198390496,5464.2724375,0.7999531476670956,0.5831045661702027,0,0,0,0,0
2015-05-03,NO 15/9-F-1 C,7405,15/9-F-1 C,3420717,VOLVE,369304,MÆRSK INSPIRER,9.70833,28.40512895833333,%,production,OP,3037.7069130247432,226.8187216946148,2584.352102584012,38.83907267052072,453.35481044073146,167.01812922327733,1330.294815,1076.493409189,1879.4581261,0.809214165950876,0.5855460406419627,0,0,0,0,0
2015-05-04,NO 15/9-F-1 C,7405,15/9-F-1 C,3420717,VOLVE,369304,MÆRSK INSPIRER,0.0,0.0,%,production,OP,3228.027949302,219.002846,2268.56038851,540.391572756,959.467560792,51.04814,0.0,0.0,0.0,0.809768583024959,0.587072428702549,0,0,0,1,1
2015-05-05,NO 15/9-F-1 C,7405,15/9-F-1 C,3420717,VOLVE,369304,MÆRSK INSPIRER,0.0,0.0,%,production,OP,3313.928155182,217.351814,2296.727058186,840.445461966,1017.201096996,49.594262,0.0,0.0,0.0,0.810323000099042,0.5885988167631354,0,0,0,1,1
2015-05-06,NO 15/9-F-1 C,7405,15/9-F-1 C,3420717,VOLVE,369304,MÆRSK INSPIRER,0.0,0.0,%,production,OP,3384.469997166,216.320648,2306.138428968,1054.881534282,1078.331568198,48.483752,0.0,0.0,0.0,0.810877417173125,0.5901252048237218,0,0,0,1,1
2015-05-07,NO 15/9-F-1 C,7405,15/9-F-1 C,3420717,VOLVE,369304,MÆRSK INSPIRER,0.0,0.0,%,production,OP,3449.4097464,215.459996,2281.696915284,1146.688412712,1167.712831116,50.191934,0.0,0.0,0.0,0.811431834247208,0.5916515928843081,0,0,0,1,1
2015-05-08,NO 15/9-F-1 C,7405,15/9-F-1 C,3420717,VOLVE,369304,MÆRSK INSPIRER,0.0,0.0,%,production,OP,3532.525802832,214.94944400000003,2244.82491981,1268.000226444,1287.7008830220002,50.432252,0.0,0.0,0.0,0.811986251321291,0.5931779809448945,0,0,0,1,1
2015-05-09,NO 15/9-F-1 C,7405,15/9-F-1 C,3420717,VOLVE,369304,MÆRSK INSPIRER,0.0,0.0,%,production,OP,3711.293404998,215.001014,2306.834176254,1386.766478238,1404.4592287439998,49.437482,0.0,0.0,0.0,0.812540668395374,0.5947043690054808,0,0,0,1,1
2015-05-10,NO 15/9-F-1 C,7405,15/9-F-1 C,3420717,VOLVE,369304,MÆRSK INSPIRER,0.0,0.0,%,production,OP,3795.879856674,214.728908,2341.118693808,1383.348657768,1454.761162866,50.173232,0.0,0.0,0.0,0.813095085469457,0.5962307570660672,0,0,0,1,1
2015-05-11,NO 15/9-F-1 C,7405,15/9-F-1 C,3420717,VOLVE,369304,MÆRSK INSPIRER,0.0,0.0,%,production,OP,3845.94146283,214.489202,2360.033534502,1378.507289328,1485.907928328,50.19683,0.0,0.0,0.0,0.81364950254354,0.5977571451266536,0,0,0,1,1
2015-05-12,NO 15/9-F-1 C,7405,15/9-F-1 C,3420717,VOLVE,369304,MÆRSK INSPIRER,0.0,0.0,%,production,OP,3894.257681694,214.28159,2378.838291354,1407.671820444,1515.41939034,49.79066,0.0,0.0,0.0,0.814203919617623,0.5992835331872399,0,0,0,1,1
2015-05-13,NO 15/9-F-1 C,7405,15/9-F-1 C,3420717,VOLVE,369304,MÆRSK INSPIRER,0.0,0.0,%,production,OP,3936.062564586,214.096442,2395.149990024,1258.766382174,1540.912574562,52.066634,0.0,0.0,0.0,0.8147583366917058,0.6008099212478263,0,0,0,1,1
2015-05-14,NO 15/9-F-1 C,7405,15/9-F-1 C,3420717,VOLVE,369304,MÆRSK INSPIRER,0.0,0.0,%,production,OP,3977.905882548,213.933992,2410.70488041,1145.2220785319998,1567.201002138,52.683134,0.0,0.0,0.0,0.8153127537657888,0.6023363093084126,0,0,0,1,1
2015-05-15,NO 15/9-F-1 C,7405,15/9-F-1 C,3420717,VOLVE,369304,MÆRSK INSPIRER,0.0,0.0,%,production,OP,4015.268686614,213.78362,2424.13467402,1169.137974504,1591.1340125939998,51.083258,0.0,0.0,0.0,0.8158671708398718,0.603862697368999,0,0,0,1,1
2015-05-16,NO 15/9-F-1 C,7405,15/9-F-1 C,3420717,VOLVE,369304,MÆRSK INSPIRER,0.0,0.0,%,production,OP,4047.727900938,213.647882,2435.0686537260003,1190.61621681,1612.659247212,49.972802,0.0,0.0,0.0,0.8164215879139548,0.6053890854295854,0,0,0,1,1
2015-05-17,NO 15/9-F-1 C,7405,15/9-F-1 C,3420717,VOLVE,369304,MÆRSK INSPIRER,0.0,0.0,%,production,OP,4080.642099468,213.526544,2446.054411998,1212.58149672,1634.58768747,51.979964,0.0,0.0,0.0,0.8169760049880378,0.6069154734901717,0,0,0,1,1
2015-05-18,NO 15/9-F-1 C,7405,15/9-F-1 C,3420717,VOLVE,369304,MÆRSK INSPIRER,0.0,0.0,%,production,OP,4114.6031822820005,213.416186,2456.913842172,1235.563928124,1657.68934011,48.873038,0.0,0.0,0.0,0.8175304220621208,0.6084418615507581,0,0,0,1,1
2015-05-19,NO 15/9-F-1 C,7405,15/9-F-1 C,3420717,VOLVE,369304,MÆRSK INSPIRER,0.0,0.0,%,production,OP,4147.181472804001,213.310796,2467.4726085720004,1257.41564328,1679.708864232,48.317036,0.0,0.0,0.0,0.8180848391362038,0.6099682496113444,0,0,0,1,1
2015-05-20,NO 15/9-F-1 C,7405,15/9-F-1 C,3420717,VOLVE,369304,MÆRSK INSPIRER,0.0,0.0,%,production,OP,4175.513775876,213.212174,2476.265392284,1277.2205821799998,1699.248383592,52.04048,0.0,0.0,0.0,0.8186392562102868,0.6114946376719308,0,0,0,1,1
2015-05-21,NO 15/9-F-1 C,7405,15/9-F-1 C,3420717,VOLVE,369304,MÆRSK INSPIRER,0.0,0.0,%,production,OP,4200.64276968,213.121112,2483.576467788,1295.2332865140002,1717.066301892,52.188026,0.0,0.0,0.0,0.8191936732843698,0.6130210257325172,0,0,0,1,1
2015-05-22,NO 15/9-F-1 C,7405,15/9-F-1 C,3420717,VOLVE,369304,MÆRSK INSPIRER,7.375,22.22338895833333,%,production,OP,3836.991071977424,225.07473169491524,3414.9412714965765,174.46830464705084,422.0498004808474,151.45000959322033,899.9460148000001,737.7290270579999,1434.8314572000002,0.8197480903584528,0.6145474137931035,0,0,0,0,0
2015-05-23,NO 15/9-F-1 C,7405,15/9-F-1 C,3420717,VOLVE,369304,MÆRSK INSPIRER,24.0,73.66493208333333,%,production,OP,3614.27983762225,226.76244125,3193.971428462375,95.352117804625,420.308409159875,182.156871875,3161.3214041,2690.0806745910004,4832.2094306,0.8509355205396594,0.6045150172716328,0,0,0,0,0
2015-05-24,NO 15/9-F-1 C,7405,15/9-F-1 C,3420717,VOLVE,369304,MÆRSK INSPIRER,24.0,68.76318791666667,%,production,OP,3408.899463631125,226.976324,2900.26830305025,83.110771609875,508.631160580875,174.195455375,3378.3827472000003,2784.3147732180005,5436.9746621,0.824156107097586,0.6167616818762353,0,0,0,0,0
2015-05-25,NO 15/9-F-1 C,7405,15/9-F-1 C,3420717,VOLVE,369304,MÆRSK INSPIRER,24.0,57.351834375,%,production,OP,3385.629814684375,226.704447125,2859.5140361491253,108.505958489875,526.11577853525,165.414990875,3174.9073937,2623.5802693150004,5052.604373,0.8263485966617472,0.6141108656264573,0,0,0,0,0
2015-05-26,NO 15/9-F-1 C,7405,15/9-F-1 C,3420717,VOLVE,369304,MÆRSK INSPIRER,24.0,56.38096854166667,%,production,OP,3373.5439854851247,226.586105,2868.638313275,87.89287691875,504.905672210125,159.04995200000002,2222.5672616,1834.162175308,4795.6027364,0.8252448450030746,0.6833124215809284,0,0,0,0,0
2015-05-27,NO 15/9-F-1 C,7405,15/9-F-1 C,3420717,VOLVE,369304,MÆRSK INSPIRER,20.0,56.4645325,%,production,OP,3376.9771135073747,225.99281675,2910.4064411205,50.5027271465,466.570672386875,133.570854125,1850.2734077,1521.2361465790002,4070.2618472,0.8221683023969885,0.6874820724750077,0,0,0,0,0
2015-05-28,NO 15/9-F-1 C,7405,15/9-F-1 C,3420717,VOLVE,369304,MÆRSK INSPIRER,0.0,0.0,%,production,OP,3465.3896392784263,221.7563974993825,3049.286004853296,0.3689175221154987,416.1036344251303,56.35865322820173,0.0,0.0,0.0,0.8218327563888763,0.6976143629906685,0,0,0,1,1
2015-05-29,NO 15/9-F-1 C,7405,15/9-F-1 C,3420717,VOLVE,369304,MÆRSK INSPIRER,0.0,0.2199297916666666,%,production,OP,3582.107043132,215.873798,2712.852828264,453.58531449,869.254214868,50.573732,0.0,0.0,0.0,0.8214972103807642,0.7077466535063293,0,0,0,1,1
2015-05-30,NO 15/9-F-1 C,7405,15/9-F-1 C,3420717,VOLVE,369304,MÆRSK INSPIRER,0.0,0.1830391666666666,%,production,OP,3638.02368831,214.707794,2511.919938786,710.4931544220001,1126.103749524,52.693844,0.0,0.0,0.0,0.821161664372652,0.7178789440219902,0,0,0,1,1
2015-05-31,NO 15/9-F-1 C,7405,15/9-F-1 C,3420717,VOLVE,369304,MÆRSK INSPIRER,0.0,0.1663166666666666,%,production,OP,3721.758621888,214.412828,2434.683432798,871.435151274,1287.07518909,53.825054,0.0,0.0,0.0,0.82082611836454,0.7280112345376509,0,0,0,1,1
2015-06-01,NO 15/9-F-1 C,7405,15/9-F-1 C,3420717,VOLVE,369304,MÆRSK INSPIRER,0.0,0.1595891666666666,%,production,OP,3873.963384582,214.496546,2477.775963054,980.181162762,1396.187421528,50.878274000000005,0.0,0.0,0.0,0.8204905723564279,0.7381435250533117,0,0,0,1,1
2015-06-02,NO 15/9-F-1 C,7405,15/9-F-1 C,3420717,VOLVE,369304,MÆRSK INSPIRER,0.0,0.15192375,%,production,OP,3949.385030076001,214.23425,2503.9281999480004,1029.0849305640002,1445.456830128,48.627986,0.0,0.0,0.0,0.8201550263483157,0.7482758155689725,0,0,0,1,1
2015-06-03,NO 15/9-F-1 C,7405,15/9-F-1 C,3420717,VOLVE,369304,MÆRSK INSPIRER,0.0,0.1298077083333333,%,production,OP,3991.195279374,213.992492,2518.639839402,1056.536272824,1472.5554399720002,53.059712,0.0,0.0,0.0,0.8198194803402036,0.7584081060846333,0,0,0,1,1
2015-06-04,NO 15/9-F-1 C,7405,15/9-F-1 C,3420717,VOLVE,369304,MÆRSK INSPIRER,0.0,0.1384429166666666,%,production,OP,4029.059769882,213.801764,2531.218695066,1082.004220434,1497.841074816,54.67514,0.0,0.0,0.0,0.8194839343320914,0.7685403966002942,0,0,0,1,1
2015-06-05,NO 15/9-F-1 C,7405,15/9-F-1 C,3420717,VOLVE,369304,MÆRSK INSPIRER,0.0,0.113429375,%,production,OP,4065.080537334,213.631214,2542.80911676,1106.244421374,1522.271420574,55.425488,0.0,0.0,0.0,0.8191483883239793,0.7786726871159549,0,0,0,1,1
2015-06-06,NO 15/9-F-1 C,7405,15/9-F-1 C,3420717,VOLVE,369304,MÆRSK INSPIRER,0.0,0.1380558333333333,%,production,OP,4096.308234,213.47114,2552.34609045,1127.822594862,1543.96214355,52.060064,0.0,0.0,0.0,0.8188128423158672,0.7888049776316157,0,0,0,1,1
2015-06-07,NO 15/9-F-1 C,7405,15/9-F-1 C,3420717,VOLVE,369304,MÆRSK INSPIRER,0.0,0.1170914583333333,%,production,OP,4123.607866511999,213.337994,2561.546285904,1468.0444680960002,1562.061580608,53.858948,0.0,0.0,0.0,0.818477296307755,0.7989372681472765,0,0,0,1,1
2015-06-08,NO 15/9-F-1 C,7405,15/9-F-1 C,3420717,VOLVE,369304,MÆRSK INSPIRER,0.0,0.0938704166666666,%,production,OP,4149.860324664,213.216386,2569.343383746,1485.6794934779998,1580.516940918,55.220324000000005,0.0,0.0,0.0,0.818141750299643,0.8090695586629373,0,0,0,1,1
2015-06-09,NO 15/9-F-1 C,7405,15/9-F-1 C,3420717,VOLVE,369304,MÆRSK INSPIRER,0.0,0.0938747916666666,%,production,OP,4175.241104436001,213.112058,2576.065169856,1503.92150289,1599.17593458,57.012368,0.0,0.0,0.0,0.8178062042915308,0.8192018491785982,0,0,0,1,1
2015-06-10,NO 15/9-F-1 C,7405,15/9-F-1 C,3420717,VOLVE,369304,MÆRSK INSPIRER,0.0,0.083115625,%,production,OP,4199.092893612001,213.01583,2582.53575015,1419.494447976,1616.557143462,57.41069,0.0,0.0,0.0,0.8174706582834187,0.829334139694259,0,0,0,1,1
2015-06-11,NO 15/9-F-1 C,7405,15/9-F-1 C,3420717,VOLVE,369304,MÆRSK INSPIRER,10.44986,22.757833541666667,%,production,OP,3955.050414079472,224.4273784513936,3467.425144085216,241.8736697615559,487.62526999425575,109.5891202105368,523.8153768,428.027936733,2739.1493569,0.8171351122753066,0.8394664302099197,0,0,0,0,0
2015-06-12,NO 15/9-F-1 C,7405,15/9-F-1 C,3420717,VOLVE,369304,MÆRSK INSPIRER,24.0,60.862071666666665,%,production,OP,3770.829645698625,226.300909625,3285.83612568675,82.59630369412501,484.993520011875,165.64774549999998,1338.7860585,1096.6888266780002,8097.312699699999,0.8191666022476736,0.8581208089480209,0,0,0,0,0
2015-06-13,NO 15/9-F-1 C,7405,15/9-F-1 C,3420717,VOLVE,369304,MÆRSK INSPIRER,24.0,54.85205479166667,%,production,OP,3681.71738294625,226.522963625,3151.356907194875,128.02976237825,530.3604757513749,166.22327675000005,1610.4429524000002,1303.725846339,6372.7096958,0.8095448798084355,0.798269803501363,0,0,0,0,0
2015-06-14,NO 15/9-F-1 C,7405,15/9-F-1 C,3420717,VOLVE,369304,MÆRSK INSPIRER,24.0,51.820223125,%,production,OP,3640.85072066,226.4455595,3079.6615628887503,158.97096366987498,561.1891577712499,154.363176125,1478.5456367,1208.274096856,4697.481700400001,0.8172044655671061,0.7605992402562354,0,0,0,0,0
2015-06-15,NO 15/9-F-1 C,7405,15/9-F-1 C,3420717,VOLVE,369304,MÆRSK INSPIRER,24.0,51.75249770833334,%,production,OP,3608.083107202,226.439242625,3044.0253999532497,161.76014714512502,564.05770724875,151.656487625,1509.9317886,1228.574045857,4423.0572901000005,0.8136619515747308,0.7455023482141911,0,0,0,0,0
2015-06-16,NO 15/9-F-1 C,7405,15/9-F-1 C,3420717,VOLVE,369304,MÆRSK INSPIRER,24.0,51.4827875,%,production,OP,3576.048180395625,226.3803245,3021.920312476125,152.23416612687498,554.1278679195,146.68352075,1543.519374,1255.1780219550003,3798.1646666,0.8131922689782839,0.7110425546946754,0,0,0,0,0
2015-06-17,NO 15/9-F-1 C,7405,15/9-F-1 C,3420717,VOLVE,369304,MÆRSK INSPIRER,24.0,51.35455979166667,%,production,OP,3556.362601726375,226.328793125,3014.5180261998757,139.296329326375,541.8445755265,140.234918,1392.6268321,1143.434541921,3462.1630164000003,0.8210631272964685,0.7131437455464145,0,0,0,0,0
2015-06-18,NO 15/9-F-1 C,7405,15/9-F-1 C,3420717,VOLVE,369304,MÆRSK INSPIRER,24.0,51.822890625,%,production,OP,3535.755790027125,226.3327385,3003.5875002112502,129.45439209,532.168289815875,145.097712875,1404.3258787000002,1147.063127346,3426.1853032000004,0.8168069425651039,0.7092800687508952,0,0,0,0,0
2015-06-19,NO 15/9-F-1 C,7405,15/9-F-1 C,3420717,VOLVE,369304,MÆRSK INSPIRER,24.0,52.09687666666667,%,production,OP,3513.14747507925,226.357851875,2989.442711564,121.046536208375,523.70476351525,146.33814575,1444.3290703,1203.567706787,3487.9512374,0.833305741424292,0.7071680885522271,0,0,0,0,0
2015-06-20,NO 15/9-F-1 C,7405,15/9-F-1 C,3420717,VOLVE,369304,MÆRSK INSPIRER,24.0,52.4484025,%,production,OP,3490.159405323,226.37061725,2976.0649050121247,111.5592047955,514.094500310875,145.704870125,1377.7828805,1144.607696255,3499.8389783,0.83076057371218,0.7175297880022695,0,0,0,0,0
2015-06-21,NO 15/9-F-1 C,7405,15/9-F-1 C,3420717,VOLVE,369304,MÆRSK INSPIRER,24.0,52.694649375,%,production,OP,3478.709041991,226.320532625,2978.769265430375,97.21786548525,499.939776560625,143.860686875,1287.2096165,1076.57922391,3370.3317904,0.8363666726148948,0.7236289483990331,0,0,0,0,0
2015-06-22,NO 15/9-F-1 C,7405,15/9-F-1 C,3420717,VOLVE,369304,MÆRSK INSPIRER,24.0,53.39161958333333,%,production,OP,3459.6285497712497,226.40717525,2958.198108906125,98.807587722125,501.430440865125,148.1811605,1329.0997511,1103.780371585,3452.7283014000004,0.8304721828978454,0.7220519565932259,0,0,0,0,0
2015-06-23,NO 15/9-F-1 C,7405,15/9-F-1 C,3420717,VOLVE,369304,MÆRSK INSPIRER,24.0,55.36180895833333,%,production,OP,3405.65027703075,226.667038625,2888.130293408875,115.18095473675,517.519983621875,158.812377875,2123.6914484,1763.882037691,4690.5629094000005,0.8305735934567697,0.6883457327992025,0,0,0,0,0
2015-06-24,NO 15/9-F-1 C,7405,15/9-F-1 C,3420717,VOLVE,369304,MÆRSK INSPIRER,24.0,56.58418833333333,%,production,OP,3320.9246704586253,226.803436625,2794.1973663910003,125.110567444125,526.727304067625,166.484526125,2655.6835782000003,2195.2013044640003,5174.9411775,0.8266049925842027,0.6608592978144051,0,0,0,0,0
2015-06-25,NO 15/9-F-1 C,7405,15/9-F-1 C,3420717,VOLVE,369304,MÆRSK INSPIRER,24.0,56.562099583333335,%,production,OP,3280.97970955425,226.705080125,2776.17810513075,103.514989396125,504.8016044235,163.82166387499998,2440.0059933,2017.348352883,4470.2308651,0.8267800810417788,0.6468998033932862,0,0,0,0,0
2015-06-26,NO 15/9-F-1 C,7405,15/9-F-1 C,3420717,VOLVE,369304,MÆRSK INSPIRER,24.0,58.21413104166667,%,production,OP,3251.84220385225,226.69184375,2761.935340292875,86.426279857375,489.906863559375,162.17847725,2809.1549422000003,2308.021882848,4814.535064500001,0.8216071844867567,0.6315229318438704,0,0,0,0,0
2015-06-27,NO 15/9-F-1 C,7405,15/9-F-1 C,3420717,VOLVE,369304,MÆRSK INSPIRER,24.0,60.88890333333333,%,production,OP,3205.93715713275,226.753146125,2722.874757658375,69.240056436625,483.062399474375,164.6291765,2739.5267455000003,2246.767829404,4699.3686434,0.8201299122538536,0.6317293627239597,0,0,0,0,0
2015-06-28,NO 15/9-F-1 C,7405,15/9-F-1 C,3420717,VOLVE,369304,MÆRSK INSPIRER,24.0,62.82589333333333,%,production,OP,3165.262957250875,226.789152875,2695.3278504645,56.758829476375006,469.935106786375,161.870784875,2842.4280371000004,2333.3202744870005,4725.848743500001,0.8208898322251214,0.624428635540116,0,0,0,0,0
2015-06-29,NO 15/9-F-1 C,7405,15/9-F-1 C,3420717,VOLVE,369304,MÆRSK INSPIRER,24.0,69.60881708333334,%,production,OP,3101.05915198025,226.916733875,2637.796823568,52.256275847625005,463.26232841225,168.753620375,3995.9791911,3224.7791347030006,6125.4572647,0.8070059878903659,0.6051964354515965,0,0,0,0,0
2015-06-30,NO 15/9-F-1 C,7405,15/9-F-1 C,3420717,VOLVE,369304,MÆRSK INSPIRER,24.0,73.33077083333333,%,production,OP,3005.46258773475,226.975863875,2557.923502567,45.30254073775,447.53908516775,170.8318775,4058.814393,3249.1932462540003,5980.4771442,0.8005276742532732,0.5957070896925044,0,0,0,0,0
2015-07-01,NO 15/9-F-1 C,7405,15/9-F-1 C,3420717,VOLVE,369304,MÆRSK INSPIRER,3.29167,10.210002291666669,%,production,OP,3062.055306808878,225.52834014975377,2660.5066331781263,7.130527989083875,401.5486736307514,106.16992384304017,97.6807493,81.12881345699999,165.86228970000002,0.8305506871966634,0.6293556085918854,0,0,0,0,0
2015-07-02,NO 15/9-F-1 C,7405,15/9-F-1 C,3420717,VOLVE,369304,MÆRSK INSPIRER,0.0,0.0,%,production,OP,3248.802322194,218.497964,2548.121278548,315.822855684,700.681043646,61.444004,0.0,0.0,0.0,0.8316585458672439,0.6429871781107696,0,0,0,1,1
2015-07-03,NO 15/9-F-1 C,7405,15/9-F-1 C,3420717,VOLVE,369304,MÆRSK INSPIRER,0.0,0.0,%,production,OP,3333.885964134,217.10354,2534.576324766,400.867337364,799.309639368,60.376874,0.0,0.0,0.0,0.8327664045378244,0.6566187476296537,0,0,0,1,1
2015-07-04,NO 15/9-F-1 C,7405,15/9-F-1 C,3420717,VOLVE,369304,MÆRSK INSPIRER,0.0,0.0,%,production,OP,3404.914553646,216.084218,2482.454888934,524.732109972,922.459664712,60.129284,0.0,0.0,0.0,0.8338742632084049,0.6702503171485378,0,0,0,1,1
2015-07-05,NO 15/9-F-1 C,7405,15/9-F-1 C,3420717,VOLVE,369304,MÆRSK INSPIRER,0.0,0.0,%,production,OP,3466.381222932,215.338478,2408.942088558,658.822641732,1057.439134374,57.799508,0.0,0.0,0.0,0.8349821218789854,0.6838818866674219,0,0,0,1,1
2015-07-06,NO 15/9-F-1 C,7405,15/9-F-1 C,3420717,VOLVE,369304,MÆRSK INSPIRER,0.0,0.0,%,production,OP,3529.170638778,214.738196,2329.723783338,798.840731514,1199.44685544,60.84185,0.0,0.0,0.0,0.8360899805495658,0.697513456186306,0,0,0,1,1
2015-07-07,NO 15/9-F-1 C,7405,15/9-F-1 C,3420717,VOLVE,369304,MÆRSK INSPIRER,0.0,0.0,%,production,OP,3633.507495066,214.596842,2283.8098288680003,950.442136128,1349.697666198,59.74016,0.0,0.0,0.0,0.8371978392201462,0.7111450257051901,0,0,0,1,1
2015-07-08,NO 15/9-F-1 C,7405,15/9-F-1 C,3420717,VOLVE,369304,MÆRSK INSPIRER,0.0,0.0,%,production,OP,3790.762625958,214.746314,2338.809398772,1051.284446844,1451.953227186,59.696582,0.0,0.0,0.0,0.8383056978907267,0.7247765952240742,0,0,0,1,1
2015-07-09,NO 15/9-F-1 C,7405,15/9-F-1 C,3420717,VOLVE,369304,MÆRSK INSPIRER,0.0,0.0,%,production,OP,3865.138837548,214.55222,2367.66702948,1098.209751288,1497.471808068,57.181208,0.0,0.0,0.0,0.8394135565613072,0.7384081647429583,0,0,0,1,1
2015-07-10,NO 15/9-F-1 C,7405,15/9-F-1 C,3420717,VOLVE,369304,MÆRSK INSPIRER,0.0,0.0,%,production,OP,3912.251241012,214.365416,2384.946566724,1129.24048635,1527.304674288,57.54785,0.0,0.0,0.0,0.8405214152318877,0.7520397342618425,0,0,0,1,1
2015-07-11,NO 15/9-F-1 C,7405,15/9-F-1 C,3420717,VOLVE,369304,MÆRSK INSPIRER,0.0,0.0,%,production,OP,3953.03897241,214.20255200000005,2399.615855082,1154.936288658,1553.423117328,57.512012,0.0,0.0,0.0,0.8416292739024682,0.7656713037807266,0,0,0,1,1
2015-07-12,NO 15/9-F-1 C,7405,15/9-F-1 C,3420717,VOLVE,369304,MÆRSK INSPIRER,0.0,0.0,%,production,OP,3992.577491514,214.050416,2414.126616906,1177.995590202,1578.450874608,58.091576,0.0,0.0,0.0,0.8427371325730487,0.7793028732996107,0,0,0,1,1
2015-07-13,NO 15/9-F-1 C,7405,15/9-F-1 C,3420717,VOLVE,369304,MÆRSK INSPIRER,0.0,0.0,%,production,OP,4029.862120098,213.910142,2427.147258318,1199.877763338,1602.71486178,60.160514,0.0,0.0,0.0,0.8438449912436292,0.7929344428184948,0,0,0,1,1
2015-07-14,NO 15/9-F-1 C,7405,15/9-F-1 C,3420717,VOLVE,369304,MÆRSK INSPIRER,0.0,0.0,%,production,OP,4064.550713520001,213.77561,2438.8220921280003,1216.43588157,1625.728621392,62.116574,0.0,0.0,0.0,0.8449528499142097,0.8065660123373789,0,0,0,1,1
2015-07-15,NO 15/9-F-1 C,7405,15/9-F-1 C,3420717,VOLVE,369304,MÆRSK INSPIRER,0.0,0.0,%,production,OP,4096.345363728,213.653066,2449.654980348,1238.814809856,1646.69038338,62.603312,0.0,0.0,0.0,0.8460607085847902,0.820197581856263,0,0,0,1,1
2015-07-16,NO 15/9-F-1 C,7405,15/9-F-1 C,3420717,VOLVE,369304,MÆRSK INSPIRER,0.0,0.0,%,production,OP,4127.549854314,213.543662,2459.747594616,1260.2900063640002,1667.8022596980002,62.946356,0.0,0.0,0.0,0.8471685672553707,0.8338291513751471,0,0,0,1,1
2015-07-17,NO 15/9-F-1 C,7405,15/9-F-1 C,3420717,VOLVE,369304,MÆRSK INSPIRER,0.0,0.0,%,production,OP,4161.574318734,213.439802,2470.606154562,1288.71629406,1690.968164172,60.016172,0.0,0.0,0.0,0.8482764259259511,0.8474607208940312,0,0,0,1,1
2015-07-18,NO 15/9-F-1 C,7405,15/9-F-1 C,3420717,VOLVE,369304,MÆRSK INSPIRER,0.0,0.0,%,production,OP,4190.666185812001,213.331784,2479.5686327340004,1310.436314712,1711.097553078,56.37578,0.0,0.0,0.0,0.8493842845965316,0.8610922904129154,0,0,0,1,1
2015-07-19,NO 15/9-F-1 C,7405,15/9-F-1 C,3420717,VOLVE,369304,MÆRSK INSPIRER,0.0,0.0,%,production,OP,4216.601445858,213.244178,2488.197668544,1329.18407163,1728.403777314,57.08093,0.0,0.0,0.0,0.8504921432671121,0.8747238599317995,0,0,0,1,1
2015-07-20,NO 15/9-F-1 C,7405,15/9-F-1 C,3420717,VOLVE,369304,MÆRSK INSPIRER,0.0,0.0,%,production,OP,4239.480030054,213.160514,2495.196477234,1347.139195878,1744.28355282,58.61913800000001,0.0,0.0,0.0,0.8516000019376926,0.8883554294506836,0,0,0,1,1
2015-07-21,NO 15/9-F-1 C,7405,15/9-F-1 C,3420717,VOLVE,369304,MÆRSK INSPIRER,0.0,0.0,%,production,OP,4259.605212858,213.07073,2521.734805284,1333.229761602,1737.870407574,57.180848,0.0,0.0,0.0,0.8527078606082731,0.9019869989695677,0,0,0,1,1
2015-07-22,NO 15/9-F-1 C,7405,15/9-F-1 C,3420717,VOLVE,369304,MÆRSK INSPIRER,22.375,55.01502395833333,%,production,OP,3899.7704634467264,225.58596367597767,3489.262495597743,148.03926971346368,410.5079678489832,147.3159439329609,696.281967,594.496488475,7555.319772000001,0.8538157192788536,0.9156185684884518,0,0,0,0,0
2015-07-23,NO 15/9-F-1 C,7405,15/9-F-1 C,3420717,VOLVE,369304,MÆRSK INSPIRER,24.0,76.03492895833334,%,production,OP,3739.84133123,226.61507375,3320.0820752192503,23.9949295955,419.7592560107501,164.31232137499998,1042.9762942,884.8829099290001,8489.608149400001,0.8484209227475653,0.8905882973950223,0,0,0,0,0
2015-07-24,NO 15/9-F-1 C,7405,15/9-F-1 C,3420717,VOLVE,369304,MÆRSK INSPIRER,24.0,62.365308125,%,production,OP,3606.466685886625,226.782078875,3135.619646632,69.85979172412499,470.847039254625,171.135974375,1664.5982164999998,1407.594854567,7247.9996554,0.8456063695217831,0.8132308626031236,0,0,0,0,0
2015-07-25,NO 15/9-F-1 C,7405,15/9-F-1 C,3420717,VOLVE,369304,MÆRSK INSPIRER,24.0,53.82786041666667,%,production,OP,3601.52357631125,226.535975,3102.33669503025,104.01655799475,499.186881281,159.08429674999996,1285.3226735,1087.320543062,4681.1910925,0.8459514217555737,0.7845772717689227,0,0,0,0,0
2015-07-26,NO 15/9-F-1 C,7405,15/9-F-1 C,3420717,VOLVE,369304,MÆRSK INSPIRER,24.0,53.75939666666667,%,production,OP,3564.8809644775,226.5745505,3064.860395707625,104.824217205875,500.02056876987496,157.97995887500002,1444.2032741,1217.921013455,4614.896495100001,0.8433168898706349,0.761647220030727,0,0,0,0,0
2015-07-27,NO 15/9-F-1 C,7405,15/9-F-1 C,3420717,VOLVE,369304,MÆRSK INSPIRER,24.0,53.47774666666667,%,production,OP,3535.3817309818746,226.5408965,3040.008639019,100.22140908125,495.373091962875,155.986319,1432.189737,1208.018771575,4264.2395876,0.8434767687313767,0.7485811452421439,0,0,0,0,0
2015-07-28,NO 15/9-F-1 C,7405,15/9-F-1 C,3420717,VOLVE,369304,MÆRSK INSPIRER,24.0,53.414213333333336,%,production,OP,3511.067986711,226.50622025,3024.6829449325,91.123540957875,486.3850417785,153.50769237499998,1407.5336818,1194.528909322,4218.3239746,0.8486680814589087,0.7498099369437861,0,0,0,0,0
2015-07-29,NO 15/9-F-1 C,7405,15/9-F-1 C,3420717,VOLVE,369304,MÆRSK INSPIRER,24.0,53.51099875,%,production,OP,3496.79550419125,226.425426125,3024.726205537625,76.63036196975,472.06929865362497,149.674767875,1148.7708984,972.502918393,3648.3413924,0.8465595008956924,0.7605286620863271,0,0,0,0,0
2015-07-30,NO 15/9-F-1 C,7405,15/9-F-1 C,3420717,VOLVE,369304,MÆRSK INSPIRER,24.0,54.51366604166667,%,production,OP,3481.028417168,226.463291375,3010.123290194375,75.381877887375,470.905126973625,149.980294625,1268.5917789,1067.92712241,3831.1861691,0.8418209389122819,0.751245683275777,0,0,0,0,0
2015-07-31,NO 15/9-F-1 C,7405,15/9-F-1 C,3420717,VOLVE,369304,MÆRSK INSPIRER,24.0,56.361824166666665,%,production,OP,3439.6650662075,226.634872625,2962.64297064875,79.18846969475001,477.0220955587501,153.611077625,1682.3983788,1414.1280740670002,4458.7205128000005,0.8405429367303906,0.7260436724159122,0,0,0,0,0
2015-08-01,NO 15/9-F-1 C,7405,15/9-F-1 C,3420717,VOLVE,369304,MÆRSK INSPIRER,24.0,58.64992895833333,%,production,OP,3358.6445127562497,226.841307875,2869.679241936125,86.69745257137501,488.965270820125,155.019371,2201.4335,1846.851100165,5197.4586973000005,0.8389311329027199,0.7024644445011179,0,0,0,0,0
2015-08-02,NO 15/9-F-1 C,7405,15/9-F-1 C,3420717,VOLVE,369304,MÆRSK INSPIRER,24.0,58.559740625,%,production,OP,3321.7057363481254,226.712607125,2852.684084929,68.18064449537499,469.02165141912496,153.99339275,2031.5457319,1697.3805729740002,4487.4649445000005,0.835511869765554,0.6883659449654587,0,0,0,0,0
2015-08-03,NO 15/9-F-1 C,7405,15/9-F-1 C,3420717,VOLVE,369304,MÆRSK INSPIRER,24.0,62.10371354166666,%,production,OP,3274.758923977375,226.78944575,2809.488577693,56.985185448375,465.27034628437497,163.66621325,2419.3754165,2039.73822583,5157.1410152,0.8430846291646612,0.6806744315398856,0,0,0,0,0
2015-08-04,NO 15/9-F-1 C,7405,15/9-F-1 C,3420717,VOLVE,369304,MÆRSK INSPIRER,24.0,63.750488125,%,production,OP,3198.084579234125,226.854543125,2730.586355599375,56.533111067250005,467.4982236347501,164.748258125,2791.4805761,2359.885051268,5314.763653800001,0.8453883116625566,0.655638234312805,0,0,0,0,0
2015-08-05,NO 15/9-F-1 C,7405,15/9-F-1 C,3420717,VOLVE,369304,MÆRSK INSPIRER,24.0,70.87810604166667,%,production,OP,3090.884817864125,226.9260395,2652.019298194,84.579517046625,438.865519670125,162.912583625,4609.3614623,3808.3390137350007,7212.7767194,0.8262183482209916,0.6101076310007076,0,0,0,0,0
2015-08-06,NO 15/9-F-1 C,7405,15/9-F-1 C,3420717,VOLVE,369304,MÆRSK INSPIRER,24.0,73.51619541666666,%,production,OP,3027.517582712625,226.8980135,2597.2372006845,34.68762045875,430.280382028125,168.048987125,3667.2737205,3062.134811824,5506.9173493,0.8349894349872813,0.6002618985588724,0,0,0,0,0
2015-08-07,NO 15/9-F-1 C,7405,15/9-F-1 C,3420717,VOLVE,369304,MÆRSK INSPIRER,3.79167,11.826260833333333,%,production,OP,3052.1083985526075,226.6570417725277,2662.999098228212,17.363780455587747,389.1093003243958,159.97229554920128,337.6998989,289.506732277,673.5128548,0.8572899583921079,0.6660446600733968,0,0,0,0,0
2015-08-08,NO 15/9-F-1 C,7405,15/9-F-1 C,3420717,VOLVE,369304,MÆRSK INSPIRER,0.0,0.0,%,production,OP,3249.842244654,218.608898,2325.239933568,636.889125144,924.602311086,61.718864,0.0,0.0,0.0,0.8577814525411367,0.6722940583494185,0,0,0,1,1
2015-08-09,NO 15/9-F-1 C,7405,15/9-F-1 C,3420717,VOLVE,369304,MÆRSK INSPIRER,0.0,0.0,%,production,OP,3334.525726752,217.086998,2324.538094686,737.63788635,1009.987632066,59.490284,0.0,0.0,0.0,0.8582729466901656,0.6785434566254401,0,0,0,1,1
2015-08-10,NO 15/9-F-1 C,7405,15/9-F-1 C,3420717,VOLVE,369304,MÆRSK INSPIRER,0.0,0.0,%,production,OP,3404.949217728,215.9798,2275.963418106,862.9807412160001,1128.9857996219998,60.42767,0.0,0.0,0.0,0.8587644408391945,0.6847928549014618,0,0,0,1,1
2015-08-11,NO 15/9-F-1 C,7405,15/9-F-1 C,3420717,VOLVE,369304,MÆRSK INSPIRER,0.0,0.0,%,production,OP,3475.679899188,215.36159,2218.010004294,996.636013938,1257.6698948940002,60.065402,0.0,0.0,0.0,0.8592559349882233,0.6910422531774834,0,0,0,1,1
2015-08-12,NO 15/9-F-1 C,7405,15/9-F-1 C,3420717,VOLVE,369304,MÆRSK INSPIRER,0.0,0.0,%,production,OP,3645.479946852,215.424158,2270.783240898,1116.01519632,1374.696705954,59.943380000000005,0.0,0.0,0.0,0.8597474291372521,0.697291651453505,0,0,0,1,1
2015-08-13,NO 15/9-F-1 C,7405,15/9-F-1 C,3420717,VOLVE,369304,MÆRSK INSPIRER,0.0,0.0,%,production,OP,3754.256126244,215.151332,2315.468288394,1180.310396682,1438.78783785,59.590076,0.0,0.0,0.0,0.860238923286281,0.7035410497295267,0,0,0,1,1
2015-08-14,NO 15/9-F-1 C,7405,15/9-F-1 C,3420717,VOLVE,369304,MÆRSK INSPIRER,0.0,0.0,%,production,OP,3810.070954746,214.876418,2338.869444504,1214.226517716,1471.201510242,61.903238,0.0,0.0,0.0,0.8607304174353099,0.7097904480055484,0,0,0,1,1
2015-08-15,NO 15/9-F-1 C,7405,15/9-F-1 C,3420717,VOLVE,369304,MÆRSK INSPIRER,0.0,0.0,%,production,OP,3859.543271508,214.643804,2358.67539867,1244.282017266,1500.867872838,61.79945,0.0,0.0,0.0,0.8612219115843387,0.71603984628157,0,0,0,1,1
2015-08-16,NO 15/9-F-1 C,7405,15/9-F-1 C,3420717,VOLVE,369304,MÆRSK INSPIRER,0.0,0.0,%,production,OP,3905.706691338,214.442564,2377.280438196,1268.30364594,1528.426253142,63.403934,0.0,0.0,0.0,0.8617134057333676,0.7222892445575917,0,0,0,1,1
2015-08-17,NO 15/9-F-1 C,7405,15/9-F-1 C,3420717,VOLVE,369304,MÆRSK INSPIRER,0.0,0.0,%,production,OP,3949.302938568,214.26116,2393.6688619680003,1291.362367332,1555.6340766,64.542974,0.0,0.0,0.0,0.8622048998823965,0.7285386428336134,0,0,0,1,1
2015-08-18,NO 15/9-F-1 C,7405,15/9-F-1 C,3420717,VOLVE,369304,MÆRSK INSPIRER,0.0,0.0,%,production,OP,3986.03076627,214.093202,2406.253084038,1305.766526226,1579.777682232,63.324068,0.0,0.0,0.0,0.8626963940314253,0.734788041109635,0,0,0,1,1
2015-08-19,NO 15/9-F-1 C,7405,15/9-F-1 C,3420717,VOLVE,369304,MÆRSK INSPIRER,0.0,0.0,%,production,OP,4022.068068054,213.947276,2418.619459032,1315.534255374,1603.448609022,63.075992,0.0,0.0,0.0,0.8631878881804541,0.7410374393856566,0,0,0,1,1
2015-08-20,NO 15/9-F-1 C,7405,15/9-F-1 C,3420717,VOLVE,369304,MÆRSK INSPIRER,0.0,0.0,%,production,OP,4061.157404472,213.814778,2432.147588406,1327.280302842,1629.009816066,61.716722,0.0,0.0,0.0,0.863679382329483,0.7472868376616782,0,0,0,1,1
2015-08-21,NO 15/9-F-1 C,7405,15/9-F-1 C,3420717,VOLVE,369304,MÆRSK INSPIRER,0.0,20.258738541666663,%,production,OP,4095.909959652,213.711728,3235.631856528,624.476773104,860.278103124,60.987632000000005,0.0,0.0,0.0,0.8641708764785119,0.7535362359376999,0,0,0,1,1
2015-08-22,NO 15/9-F-1 C,7405,15/9-F-1 C,3420717,VOLVE,369304,MÆRSK INSPIRER,0.0,19.413798125,%,production,OP,4128.977898462,213.57698,4128.977898462,0.00435114,0.0,62.130488,0.0,0.0,0.0,0.8646623706275407,0.7597856342137216,0,0,0,1,1
2015-08-23,NO 15/9-F-1 C,7405,15/9-F-1 C,3420717,VOLVE,369304,MÆRSK INSPIRER,0.0,0.49004875,%,production,OP,4155.77163843,213.462032,4155.77163843,0.0,0.0,64.050746,0.0,0.0,0.0,0.8651538647765696,0.7660350324897433,0,0,0,1,1
2015-08-24,NO 15/9-F-1 C,7405,15/9-F-1 C,3420717,VOLVE,369304,MÆRSK INSPIRER,0.0,0.4611933333333333,%,production,OP,4178.092551516001,213.36243800000003,4178.092551516001,0.001160304,0.0,64.274252,0.0,0.0,0.0,0.8656453589255985,0.7722844307657649,0,0,0,1,1
2015-08-25,NO 15/9-F-1 C,7405,15/9-F-1 C,3420717,VOLVE,369304,MÆRSK INSPIRER,0.0,9.518707291666669,%,production,OP,4201.178395014,213.27161,4116.65561502,14.630998325999998,84.522779994,78.878282,0.0,0.0,0.0,0.8661368530746273,0.7785338290417865,0,0,0,1,1
2015-08-26,NO 15/9-F-1 C,7405,15/9-F-1 C,3420717,VOLVE,369304,MÆRSK INSPIRER,0.0,19.526529375,%,production,OP,4222.672301424,213.185984,4153.134557514,3.333263316,69.53774391,82.72661000000001,0.0,0.0,0.0,0.8666283472236561,0.7847832273178081,0,0,0,1,1
2015-08-27,NO 15/9-F-1 C,7405,15/9-F-1 C,3420717,VOLVE,369304,MÆRSK INSPIRER,0.0,0.1184897916666666,%,production,OP,4244.356207614001,213.104552,4244.32168857,0.6404878079999999,0.034519044,58.838036,0.0,0.0,0.0,0.867119841372685,0.7910326255938298,0,0,0,1,1
2015-08-28,NO 15/9-F-1 C,7405,15/9-F-1 C,3420717,VOLVE,369304,MÆRSK INSPIRER,0.0,0.1066629166666666,%,production,OP,4261.521599952,213.027116,4261.22224152,0.299358432,0.299358432,57.283826,0.0,0.0,0.0,0.8676113355217139,0.7972820238698515,0,0,0,1,1
2015-08-29,NO 15/9-F-1 C,7405,15/9-F-1 C,3420717,VOLVE,369304,MÆRSK INSPIRER,0.0,0.0911470833333333,%,production,OP,4087.607259342,204.576818,4086.971702826,0.635556516,0.635556516,58.4447,0.0,0.0,0.0,0.8681028296707427,0.8035314221458731,0,0,0,1,1
2015-08-30,NO 15/9-F-1 C,7405,15/9-F-1 C,3420717,VOLVE,369304,MÆRSK INSPIRER,0.0,0.090775625,%,production,OP,4292.234846832001,212.88938,4291.457878266,0.776968566,0.776968566,58.129934,0.0,0.0,0.0,0.8685943238197716,0.8097808204218948,0,0,0,1,1
2015-08-31,NO 15/9-F-1 C,7405,15/9-F-1 C,3420717,VOLVE,369304,MÆRSK INSPIRER,0.0,0.0918545833333333,%,production,OP,4300.533921192,212.579636,4300.533921192,206.812004808,0.0,59.735318,0.0,0.0,0.0,0.8690858179688005,0.8160302186979165,0,0,0,1,1
2015-09-01,NO 15/9-F-1 C,7405,15/9-F-1 C,3420717,VOLVE,369304,MÆRSK INSPIRER,0.0,0.0910697916666666,%,production,OP,4319.607868572,212.767124,4304.168283395999,399.907040766,15.439585176,73.58576000000001,0.0,0.0,0.0,0.8695773121178293,0.8222796169739381,0,0,0,1,1
2015-09-02,NO 15/9-F-1 C,7405,15/9-F-1 C,3420717,VOLVE,369304,MÆRSK INSPIRER,0.0,0.0824066666666666,%,production,OP,4332.887837928,212.663012,3992.686705128,77.823184698,340.2011328,70.897352,0.0,0.0,0.0,0.8700688062668581,0.8285290152499597,0,0,0,1,1
2015-09-03,NO 15/9-F-1 C,7405,15/9-F-1 C,3420717,VOLVE,369304,MÆRSK INSPIRER,0.0,0.0695116666666666,%,production,OP,4317.948488814,211.824572,2967.899105466,918.359005338,1350.049383348,67.352558,0.0,0.0,0.0,0.8705603004158871,0.8347784135259814,0,0,0,1,1
2015-09-04,NO 15/9-F-1 C,7405,15/9-F-1 C,3420717,VOLVE,369304,MÆRSK INSPIRER,16.15833,38.67100104166666,%,production,OP,4026.091587219439,225.274358993422,3540.9558218638667,130.93809424729486,485.1357653555722,137.74194792684517,1110.2143631,967.05421333,5873.4874761,0.8710517945649159,0.841027811802003,0,0,0,0,0
2015-09-05,NO 15/9-F-1 C,7405,15/9-F-1 C,3420717,VOLVE,369304,MÆRSK INSPIRER,24.0,58.93306104166667,%,production,OP,3850.16704222475,226.46852975,3363.506763646625,99.52343787925,486.660278578125,173.580689,1832.221653,1556.1238918560002,8913.604241500001,0.8493098470417434,0.8294945711024613,0,0,0,0,0
2015-09-06,NO 15/9-F-1 C,7405,15/9-F-1 C,3420717,VOLVE,369304,MÆRSK INSPIRER,24.0,55.80773916666666,%,production,OP,3744.900900276125,226.57088,3230.308783652125,127.3291623625,514.592116624,170.07811099999998,2166.2734621000004,1825.703245217,6721.290966,0.8427852148671714,0.7562579174952759,0,0,0,0,0
2015-09-07,NO 15/9-F-1 C,7405,15/9-F-1 C,3420717,VOLVE,369304,MÆRSK INSPIRER,24.0,53.856190833333336,%,production,OP,3683.006755658125,226.575044375,3151.46415977425,144.698692663875,531.5425958838749,164.50195737500002,2266.1556449,1905.191337712,6185.084663500001,0.8407151300483916,0.7318552588490966,0,0,0,0,0
2015-09-08,NO 15/9-F-1 C,7405,15/9-F-1 C,3420717,VOLVE,369304,MÆRSK INSPIRER,24.0,53.287,%,production,OP,3636.5242189902497,226.554351875,3104.28974047875,145.676674833,532.2344785115,160.756187,2326.6636171,1958.491461275,5378.1020405,0.8417596110073285,0.6980227925809822,0,0,0,0,0
2015-09-09,NO 15/9-F-1 C,7405,15/9-F-1 C,3420717,VOLVE,369304,MÆRSK INSPIRER,24.0,53.28875020833333,%,production,OP,3592.305417296625,226.551219125,3066.86580289575,138.7438221735,525.439614400875,159.524612,2328.1102734,1953.652994228,5150.4738166,0.8391582720756874,0.6886963835155593,0,0,0,0,0
2015-09-10,NO 15/9-F-1 C,7405,15/9-F-1 C,3420717,VOLVE,369304,MÆRSK INSPIRER,24.0,53.29369604166666,%,production,OP,3556.072368601875,226.51914725,3043.44700049575,126.092269233625,512.625368106125,157.144353875,2236.7193341,1877.278951979,4743.837600100001,0.8393001854809692,0.6795786704150223,0,0,0,0,0
2015-09-11,NO 15/9-F-1 C,7405,15/9-F-1 C,3420717,VOLVE,369304,MÆRSK INSPIRER,24.0,53.26502791666667,%,production,OP,3529.0643863565,226.4568185,3034.60705526075,107.84878829025,494.45733109575,153.27297575,2104.0043431,1777.414630731,4446.8327719,0.8447770730892081,0.6788190110417667,0,0,0,0,0
2015-09-12,NO 15/9-F-1 C,7405,15/9-F-1 C,3420717,VOLVE,369304,MÆRSK INSPIRER,24.0,55.98024041666667,%,production,OP,3475.93653788575,226.65441875,2981.3467750095,107.007238533125,494.58976287625,160.59731262500003,2498.1867358,2080.0577251140003,5397.2230629000005,0.8326269991373958,0.6835899846248218,0,0,0,0,0
2015-09-13,NO 15/9-F-1 C,7405,15/9-F-1 C,3420717,VOLVE,369304,MÆRSK INSPIRER,24.0,56.80937041666667,%,production,OP,3413.344479476625,226.689995,2927.998453670625,97.956631646375,485.346025806,158.833127,2590.0808599,2152.368104834,5285.8305278,0.8310042123229698,0.671138902864627,0,0,0,0,0
2015-09-14,NO 15/9-F-1 C,7405,15/9-F-1 C,3420717,VOLVE,369304,MÆRSK INSPIRER,24.0,57.749569791666666,%,production,OP,3375.734307058375,226.651503875,2905.536920200375,81.788233542,470.197386858,161.38236725,2688.5163864,2264.4361269610004,5144.561395199999,0.8422623490099477,0.6567739448834072,0,0,0,0,0
2015-09-15,NO 15/9-F-1 C,7405,15/9-F-1 C,3420717,VOLVE,369304,MÆRSK INSPIRER,24.0,60.309085,%,production,OP,3313.612567602125,226.736060375,2850.642191619,71.74879383075,462.970375983125,164.52448587499998,2730.0291324,2271.319315138,5601.453193599999,0.8319762189282051,0.672323720368413,0,0,0,0,0
2015-09-16,NO 15/9-F-1 C,7405,15/9-F-1 C,3420717,VOLVE,369304,MÆRSK INSPIRER,24.0,62.16607291666666,%,production,OP,3263.7535372293746,226.7179175,2812.964960277125,57.478653070375,450.78857695225,164.92888399999998,2759.0251565,2284.9317194000005,5582.206375,0.8281663231728494,0.6692304792067263,0,0,0,0,0
2015-09-17,NO 15/9-F-1 C,7405,15/9-F-1 C,3420717,VOLVE,369304,MÆRSK INSPIRER,24.0,65.79759375,%,production,OP,3199.2944681003746,226.78362650000005,2749.567956076125,48.906067258625,449.7265120242501,170.204946125,3240.6359082000004,2702.589494478,5856.5049891,0.8339688786510867,0.6437742423928149,0,0,0,0,0
2015-09-18,NO 15/9-F-1 C,7405,15/9-F-1 C,3420717,VOLVE,369304,MÆRSK INSPIRER,24.0,77.67799083333334,%,production,OP,3103.866646503,226.912994375,2656.675534691876,32.643856762875,447.191111811125,175.602683,3865.717226,3175.436376422,6675.3124549,0.821435244943599,0.6332694866608191,0,0,0,0,0
2015-09-19,NO 15/9-F-1 C,7405,15/9-F-1 C,3420717,VOLVE,369304,MÆRSK INSPIRER,24.0,93.63542895833334,%,production,OP,3067.585375694875,226.53124025,2653.8375972972503,15.66249045225,413.747778397625,162.787748,3205.2871760000003,2625.974605975,4816.8622942,0.8192634424888111,0.6004453434946919,0,0,0,0,0
2015-09-20,NO 15/9-F-1 C,7405,15/9-F-1 C,3420717,VOLVE,369304,MÆRSK INSPIRER,8.30847,34.853130416666666,%,production,OP,3155.174722332298,222.62956938814727,2797.436861918168,2.819496545447227,357.7378604141306,84.84081678912001,686.0295767,578.769793124,1109.7111783,0.8436513712835086,0.6179684763572679,0,0,0,0,0
2015-09-21,NO 15/9-F-1 C,7405,15/9-F-1 C,3420717,VOLVE,369304,MÆRSK INSPIRER,0.0,0.0001433333333333,%,production,OP,3301.733650218,218.052212,2791.473867,96.932811426,510.259783218,60.292418,0.0,0.0,0.0,0.843674420955445,0.6243623687065595,0,0,0,1,1
2015-09-22,NO 15/9-F-1 C,7405,15/9-F-1 C,3420717,VOLVE,369304,MÆRSK INSPIRER,0.0,0.0,%,production,OP,3325.88958408,213.58004,2689.231359432,205.05327402,636.658224648,59.058068000000006,0.0,0.0,0.0,0.8436974706273814,0.630756261055851,0,0,0,1,1
2015-09-23,NO 15/9-F-1 C,7405,15/9-F-1 C,3420717,VOLVE,369304,MÆRSK INSPIRER,0.0,0.0,%,production,OP,3445.099072002,215.550752,2634.691124874,365.30793579,810.407947128,61.42451,0.0,0.0,0.0,0.8437205202993178,0.6371501534051427,0,0,0,1,1
2015-09-24,NO 15/9-F-1 C,7405,15/9-F-1 C,3420717,VOLVE,369304,MÆRSK INSPIRER,0.0,0.0,%,production,OP,3510.014309814,214.73375,2495.590980594,570.864346632,1014.42332922,56.225480000000005,0.0,0.0,0.0,0.8437435699712542,0.6435440457544342,0,0,0,1,1
2015-09-25,NO 15/9-F-1 C,7405,15/9-F-1 C,3420717,VOLVE,369304,MÆRSK INSPIRER,0.0,0.0,%,production,OP,3569.59258434,214.269692,2382.4276917780003,742.83169713,1187.164892562,57.234974,0.0,0.0,0.0,0.8437666196431906,0.6499379381037258,0,0,0,1,1
2015-09-26,NO 15/9-F-1 C,7405,15/9-F-1 C,3420717,VOLVE,369304,MÆRSK INSPIRER,0.0,0.0,%,production,OP,3696.197124768,214.582424,2384.75975778,865.6600281899999,1311.437366988,61.206476,0.0,0.0,0.0,0.843789669315127,0.6563318304530174,0,0,0,1,1
2015-09-27,NO 15/9-F-1 C,7405,15/9-F-1 C,3420717,VOLVE,369304,MÆRSK INSPIRER,0.0,0.0,%,production,OP,3818.458067172,214.519442,2428.661890152,941.7389859,1389.79617702,59.744714,0.0,0.0,0.0,0.8438127189870633,0.6627257228023089,0,0,0,1,1
2015-09-28,NO 15/9-F-1 C,7405,15/9-F-1 C,3420717,VOLVE,369304,MÆRSK INSPIRER,0.0,0.0,%,production,OP,3887.936345502,214.341368,2453.212762488,989.02717542,1434.723583014,57.823556,0.0,0.0,0.0,0.8438357686589997,0.6691196151516006,0,0,0,1,1
2015-09-29,NO 15/9-F-1 C,7405,15/9-F-1 C,3420717,VOLVE,369304,MÆRSK INSPIRER,0.0,0.0,%,production,OP,3932.783400444,214.165112,2468.259439722,1021.582259862,1464.523960722,57.074198,0.0,0.0,0.0,0.8438588183309361,0.6755135075008921,0,0,0,1,1
2015-09-30,NO 15/9-F-1 C,7405,15/9-F-1 C,3420717,VOLVE,369304,MÆRSK INSPIRER,0.0,0.0,%,production,OP,3973.944314616,214.011392,2482.469392734,1047.025405974,1491.474921882,56.759306,0.0,0.0,0.0,0.8438818680028725,0.6819073998501837,0,0,0,1,1
2015-10-01,NO 15/9-F-1 C,7405,15/9-F-1 C,3420717,VOLVE,369304,MÆRSK INSPIRER,0.0,0.0,%,production,OP,4015.061137236,213.870074,2496.503269614,1073.936916798,1518.557867622,57.00641,0.0,0.0,0.0,0.8439049176748089,0.6883012921994752,0,0,0,1,1
2015-10-02,NO 15/9-F-1 C,7405,15/9-F-1 C,3420717,VOLVE,369304,MÆRSK INSPIRER,0.0,0.0,%,production,OP,4052.86862781,213.737882,2508.951301002,1099.317986646,1543.917326808,56.787854,0.0,0.0,0.0,0.8439279673467452,0.6946951845487668,0,0,0,1,1
2015-10-03,NO 15/9-F-1 C,7405,15/9-F-1 C,3420717,VOLVE,369304,MÆRSK INSPIRER,0.0,0.0,%,production,OP,4086.108001536,213.615302,2518.902648258,1121.660510394,1567.205353278,57.68981599999999,0.0,0.0,0.0,0.8439510170186816,0.7010890768980584,0,0,0,1,1
2015-10-04,NO 15/9-F-1 C,7405,15/9-F-1 C,3420717,VOLVE,369304,MÆRSK INSPIRER,0.0,0.0,%,production,OP,4117.581102497999,213.501992,2527.7927524680003,1141.700991006,1589.7883500300002,59.199926,0.0,0.0,0.0,0.843974066690618,0.70748296924735,0,0,0,1,1
2015-10-05,NO 15/9-F-1 C,7405,15/9-F-1 C,3420717,VOLVE,369304,MÆRSK INSPIRER,0.0,0.0,%,production,OP,4147.382350434,213.398618,2536.152452712,1165.82052033,1611.229897722,60.787004,0.0,0.0,0.0,0.8439971163625544,0.7138768615966415,0,0,0,1,1
2015-10-06,NO 15/9-F-1 C,7405,15/9-F-1 C,3420717,VOLVE,369304,MÆRSK INSPIRER,0.0,0.0,%,production,OP,4175.815019802,213.304046,2544.221206728,1188.188570766,1631.593813074,59.220266,0.0,0.0,0.0,0.8440201660344908,0.7202707539459331,0,0,0,1,1
2015-10-07,NO 15/9-F-1 C,7405,15/9-F-1 C,3420717,VOLVE,369304,MÆRSK INSPIRER,0.0,0.0,%,production,OP,4198.651978092,213.212876,2551.750274346,1206.927625404,1646.901703746,56.589422,0.0,0.0,0.0,0.8440432157064272,0.7266646462952248,0,0,0,1,1
2015-10-08,NO 15/9-F-1 C,7405,15/9-F-1 C,3420717,VOLVE,369304,MÆRSK INSPIRER,0.0,0.0,%,production,OP,4220.586945059999,213.12707,2558.057541852,1221.796050936,1662.529403208,56.992136,0.0,0.0,0.0,0.8440662653783635,0.7330585386445163,0,0,0,1,1
2015-10-09,NO 15/9-F-1 C,7405,15/9-F-1 C,3420717,VOLVE,369304,MÆRSK INSPIRER,0.0,0.0,%,production,OP,4242.145248342,213.048554,2563.716199422,1233.752983656,1678.42904892,58.95788,0.0,0.0,0.0,0.8440893150502999,0.7394524309938079,0,0,0,1,1
2015-10-10,NO 15/9-F-1 C,7405,15/9-F-1 C,3420717,VOLVE,369304,MÆRSK INSPIRER,0.0,0.0,%,production,OP,4262.791842756,212.976338,2569.311040272,1250.988429348,1693.480802484,57.80741,0.0,0.0,0.0,0.8441123647222363,0.7458463233430994,0,0,0,1,1
2015-10-11,NO 15/9-F-1 C,7405,15/9-F-1 C,3420717,VOLVE,369304,MÆRSK INSPIRER,0.0,0.0,%,production,OP,4282.519186326001,212.907056,2574.21201933,1268.528889954,1708.3071669960002,56.302394,0.0,0.0,0.0,0.8441354143941727,0.7522402156923911,0,0,0,1,1
2015-10-12,NO 15/9-F-1 C,7405,15/9-F-1 C,3420717,VOLVE,369304,MÆRSK INSPIRER,0.0,0.0,%,production,OP,4300.691577498,212.840312,2579.503875798,1283.569910706,1721.1877017,54.069332,0.0,0.0,0.0,0.8441584640661091,0.7586341080416826,0,0,0,1,1
2015-10-13,NO 15/9-F-1 C,7405,15/9-F-1 C,3420717,VOLVE,369304,MÆRSK INSPIRER,0.0,0.0,%,production,OP,4315.964949126,212.773154,2582.537490606,1292.049122262,1733.42745852,56.399054,0.0,0.0,0.0,0.8441815137380455,0.7650280003909742,0,0,0,1,1
2015-10-14,NO 15/9-F-1 C,7405,15/9-F-1 C,3420717,VOLVE,369304,MÆRSK INSPIRER,6.10819,13.458973541666667,%,production,OP,4097.258200601081,222.07918911594103,3304.0980646452745,461.7568563018292,793.1601359558058,96.59703144934916,430.5374945,363.461717576,1453.0090081,0.8442045634099818,0.7714218927402657,0,0,0,0,0
2015-10-15,NO 15/9-F-1 C,7405,15/9-F-1 C,3420717,VOLVE,369304,MÆRSK INSPIRER,24.0,59.00992166666666,%,production,OP,3868.577591836,226.226106125,3479.2101875621247,117.758023158625,389.367404273875,175.576735625,664.3297322000001,570.225048312,10347.2406348,0.8583464214730203,0.9396698463471754,0,0,0,0,0
2015-10-16,NO 15/9-F-1 C,7405,15/9-F-1 C,3420717,VOLVE,369304,MÆRSK INSPIRER,24.0,55.379709166666665,%,production,OP,3739.880144003125,226.4946665,3312.3670235608747,156.00965936975,427.51312044225,176.104902125,992.7836104,841.184147002,7727.5976679,0.8472985836894311,0.8861536464156142,0,0,0,0,0
2015-10-17,NO 15/9-F-1 C,7405,15/9-F-1 C,3420717,VOLVE,369304,MÆRSK INSPIRER,24.0,51.612866875,%,production,OP,3694.906198940874,226.408144625,3227.46877342275,195.847567122,467.437425518125,163.267470875,968.3162495,816.173923315,5422.6967934,0.8428795073267022,0.8484878308023897,0,0,0,0,0
2015-10-18,NO 15/9-F-1 C,7405,15/9-F-1 C,3420717,VOLVE,369304,MÆRSK INSPIRER,24.0,50.16502833333333,%,production,OP,3670.9139434835,226.3336175,3194.9820381382497,204.406637205125,475.93190534525,156.292618625,944.7923601,789.438223386,4494.3837355,0.8355679583421305,0.8262986262084278,0,0,0,0,0
2015-10-19,NO 15/9-F-1 C,7405,15/9-F-1 C,3420717,VOLVE,369304,MÆRSK INSPIRER,24.0,52.3161675,%,production,OP,3610.265992556125,226.566204875,3124.998586411,213.987104165375,485.267406145125,163.179353375,1417.9747664,1195.20836415,5416.5327796,0.8428981900604858,0.7925271489048409,0,0,0,0,0
2015-10-20,NO 15/9-F-1 C,7405,15/9-F-1 C,3420717,VOLVE,369304,MÆRSK INSPIRER,24.0,51.12081625,%,production,OP,3552.0678905732498,226.557809375,3062.234657971875,218.890228577125,489.83323260137496,157.71161375000003,1387.9723727,1168.5807272030002,5133.6171258,0.8419337086153805,0.787172686502387,0,0,0,0,0
2015-10-21,NO 15/9-F-1 C,7405,15/9-F-1 C,3420717,VOLVE,369304,MÆRSK INSPIRER,24.0,52.894195625,%,production,OP,3527.494386266,226.45572725,3050.769540045,143.695706547875,476.724846221,142.168521875,1309.6642382,1102.693031972,4413.2451865,0.8419662076804809,0.771154120918373,0,0,0,0,0
2015-10-22,NO 15/9-F-1 C,7405,15/9-F-1 C,3420717,VOLVE,369304,MÆRSK INSPIRER,24.0,55.40024979166667,%,production,OP,3486.6133893907504,226.525560125,3018.653101882625,89.360924360125,467.960287508125,147.780180875,1370.4867009,1151.1970661280002,4393.7467755,0.8399914171892423,0.7622430273667671,0,0,0,0,0
2015-10-23,NO 15/9-F-1 C,7405,15/9-F-1 C,3420717,VOLVE,369304,MÆRSK INSPIRER,24.0,56.32230520833333,%,production,OP,3456.814120619125,226.501033625,3003.3574639000003,75.5308953675,453.456656719125,148.192081625,1375.3927526999998,1162.138619629,4589.1711722,0.844950373155329,0.7694059834017021,0,0,0,0,0
2015-10-24,NO 15/9-F-1 C,7405,15/9-F-1 C,3420717,VOLVE,369304,MÆRSK INSPIRER,24.0,58.327817083333336,%,production,OP,3406.1076483205,226.600490375,2956.565675999875,67.29432029899999,449.541972320625,151.710203,1590.6300509,1352.9305241430002,4624.268312,0.850562658097333,0.7440617757491726,0,0,0,0,0
2015-10-25,NO 15/9-F-1 C,7405,15/9-F-1 C,3420717,VOLVE,369304,MÆRSK INSPIRER,24.0,59.99157,%,production,OP,3373.4813961492,226.53407624,2937.5971428426,75.90087425208,435.8842533066,151.85181956000002,1788.5074735000003,1500.904061201,4943.8535581,0.8391936200656865,0.7343417168055607,0,0,0,0,0
2015-10-26,NO 15/9-F-1 C,7405,15/9-F-1 C,3420717,VOLVE,369304,MÆRSK INSPIRER,24.0,55.619190208333336,%,production,OP,3290.107074780875,226.729137125,2820.9564966662497,197.6909396695,469.150578114625,158.970844625,2475.9837065,2279.4247450820003,5409.2994981,0.9206137904292386,0.6859993937750267,0,0,0,0,0
2015-10-27,NO 15/9-F-1 C,7405,15/9-F-1 C,3420717,VOLVE,369304,MÆRSK INSPIRER,24.0,56.48961791666667,%,production,OP,3226.351234481375,226.712304125,2773.931448381,181.32422929475,452.41978610037495,167.6383055,2633.0402622,2417.87037608,5324.6386555,0.9182808219042508,0.6691195649596496,0,0,0,0,0
2015-10-28,NO 15/9-F-1 C,7405,15/9-F-1 C,3420717,VOLVE,369304,MÆRSK INSPIRER,24.0,56.471529375,%,production,OP,3186.1575696665,226.64938625,2751.6404826203748,163.67173287699998,434.517087046125,165.03808475,2514.7289361000003,2268.62339094,5039.9618549,0.902134364612006,0.6671301307135126,0,0,0,0,0
2015-10-29,NO 15/9-F-1 C,7405,15/9-F-1 C,3420717,VOLVE,369304,MÆRSK INSPIRER,24.0,67.6650875,%,production,OP,3114.83799162375,226.809552125,2687.075973887,107.762384923375,427.76201773675,169.715595125,3812.882822000001,3298.287389047,6380.5719583,0.8650377006122953,0.6259479338282026,0,0,0,0,0
2015-10-30,NO 15/9-F-1 C,7405,15/9-F-1 C,3420717,VOLVE,369304,MÆRSK INSPIRER,1.69167,6.64388375,%,production,OP,3093.9475099874853,226.69079600202167,2667.7020722053417,17.617912651313056,426.24543778214377,164.68386174771678,20.8821692,18.391189466,42.078828900000005,0.8807125969461066,0.6683316683316683,0,0,0,0,0
2015-10-31,NO 15/9-F-1 C,7405,15/9-F-1 C,3420717,VOLVE,369304,MÆRSK INSPIRER,0.0,0.21763375,%,production,OP,3322.931679108,218.400836,2340.773938482,606.627816672,982.157740626,54.596966,0.0,0.0,0.0,0.8801315238168373,0.6787643408521704,0,0,0,1,1
2015-11-01,NO 15/9-F-1 C,7405,15/9-F-1 C,3420717,VOLVE,369304,MÆRSK INSPIRER,0.0,0.2066427083333333,%,production,OP,3408.77590032,216.84736400000003,2345.985443898,687.23573097,1062.790456422,53.406014,0.0,0.0,0.0,0.879550450687568,0.6891970133726724,0,0,0,1,1
2015-11-02,NO 15/9-F-1 C,7405,15/9-F-1 C,3420717,VOLVE,369304,MÆRSK INSPIRER,0.0,0.1991004166666666,%,production,OP,3472.749406398,215.787578,2297.294156766,792.2027773679999,1175.455249632,53.310758,0.0,0.0,0.0,0.8789693775582987,0.6996296858931744,0,0,0,1,1
2015-11-03,NO 15/9-F-1 C,7405,15/9-F-1 C,3420717,VOLVE,369304,MÆRSK INSPIRER,0.0,0.174335625,%,production,OP,3556.79443122,215.294198,2263.21356264,908.832184308,1293.58086858,51.606626,0.0,0.0,0.0,0.8783883044290294,0.7100623584136765,0,0,0,1,1
2015-11-04,NO 15/9-F-1 C,7405,15/9-F-1 C,3420717,VOLVE,369304,MÆRSK INSPIRER,0.0,0.1608583333333333,%,production,OP,3712.978021368,215.276054,2317.076614776,1006.508025408,1395.901406592,54.469796,0.0,0.0,0.0,0.8778072312997601,0.7204950309341785,0,0,0,1,1
2015-11-05,NO 15/9-F-1 C,7405,15/9-F-1 C,3420717,VOLVE,369304,MÆRSK INSPIRER,0.0,0.1591741666666666,%,production,OP,3809.06917728,214.989692,2355.22784541,1059.517528914,1453.8413318700002,55.049162,0.0,0.0,0.0,0.8772261581704908,0.7309277034546805,0,0,0,1,1
2015-11-06,NO 15/9-F-1 C,7405,15/9-F-1 C,3420717,VOLVE,369304,MÆRSK INSPIRER,0.0,0.15893125,%,production,OP,3869.853732852,214.718432,2379.27949695,1105.879360728,1490.5742359019998,55.230044,0.0,0.0,0.0,0.8766450850412215,0.7413603759751826,0,0,0,1,1
2015-11-07,NO 15/9-F-1 C,7405,15/9-F-1 C,3420717,VOLVE,369304,MÆRSK INSPIRER,0.0,0.1510695833333333,%,production,OP,3917.398349556,214.49084,2397.772422102,1136.901828624,1519.625927454,54.710096,0.0,0.0,0.0,0.8760640119119522,0.7517930484956846,0,0,0,1,1
2015-11-08,NO 15/9-F-1 C,7405,15/9-F-1 C,3420717,VOLVE,369304,MÆRSK INSPIRER,0.0,0.1399916666666666,%,production,OP,3961.12919205,214.290554,2413.87541109,1164.911567184,1547.25378096,54.305132,0.0,0.0,0.0,0.8754829387826829,0.7622257210161867,0,0,0,1,1
2015-11-09,NO 15/9-F-1 C,7405,15/9-F-1 C,3420717,VOLVE,369304,MÆRSK INSPIRER,0.0,0.1445260416666666,%,production,OP,4003.244746338,214.115,2428.8882944700003,1192.13476467,1574.356451868,52.819376,0.0,0.0,0.0,0.8749018656534135,0.7726583935366886,0,0,0,1,1
2015-11-10,NO 15/9-F-1 C,7405,15/9-F-1 C,3420717,VOLVE,369304,MÆRSK INSPIRER,0.0,0.1361075,%,production,OP,4044.645263286,213.957986,2442.969018624,1222.028981964,1601.676244662,55.218236000000005,0.0,0.0,0.0,0.8743207925241443,0.7830910660571907,0,0,0,1,1
2015-11-11,NO 15/9-F-1 C,7405,15/9-F-1 C,3420717,VOLVE,369304,MÆRSK INSPIRER,0.0,0.128306875,%,production,OP,4084.516209486,213.815696,2456.098728612,1259.889701484,1628.417480874,54.50963,0.0,0.0,0.0,0.8737397193948749,0.7935237385776928,0,0,0,1,1
2015-11-12,NO 15/9-F-1 C,7405,15/9-F-1 C,3420717,VOLVE,369304,MÆRSK INSPIRER,0.0,0.1442560416666666,%,production,OP,4122.240738324,213.687266,2468.302225932,1284.072757452,1653.938512392,53.139218,0.0,0.0,0.0,0.8731586462656057,0.8039564110981947,0,0,0,1,1
2015-11-13,NO 15/9-F-1 C,7405,15/9-F-1 C,3420717,VOLVE,369304,MÆRSK INSPIRER,0.0,0.1431941666666666,%,production,OP,4157.0307133080005,213.570356,2479.405610022,1302.751041168,1677.625103286,51.27197,0.0,0.0,0.0,0.8725775731363363,0.8143890836186968,0,0,0,1,1
2015-11-14,NO 15/9-F-1 C,7405,15/9-F-1 C,3420717,VOLVE,369304,MÆRSK INSPIRER,0.0,0.1582275,%,production,OP,4188.094517034,213.459548,2490.085048038,1327.815202986,1698.009468996,51.562544,0.0,0.0,0.0,0.8719965000070671,0.8248217561391988,0,0,0,1,1
2015-11-15,NO 15/9-F-1 C,7405,15/9-F-1 C,3420717,VOLVE,369304,MÆRSK INSPIRER,0.0,0.1444608333333333,%,production,OP,4220.323991166,213.359252,2499.1278772620003,1347.2192568540002,1721.196113904,54.390344,0.0,0.0,0.0,0.8714154268777977,0.8352544286597009,0,0,0,1,1
2015-11-16,NO 15/9-F-1 C,7405,15/9-F-1 C,3420717,VOLVE,369304,MÆRSK INSPIRER,0.0,0.12348375,%,production,OP,4249.4248506,213.267254,2507.31179145,1364.40002322,1742.11305915,52.179548,0.0,0.0,0.0,0.8708343537485285,0.845687101180203,0,0,0,1,1
2015-11-17,NO 15/9-F-1 C,7405,15/9-F-1 C,3420717,VOLVE,369304,MÆRSK INSPIRER,0.0,0.131763125,%,production,OP,4276.047590766,213.17684000000003,2515.094675568,1383.656573442,1760.952915198,50.111636,0.0,0.0,0.0,0.8702532806192591,0.8561197737007049,0,0,0,1,1
2015-11-18,NO 15/9-F-1 C,7405,15/9-F-1 C,3420717,VOLVE,369304,MÆRSK INSPIRER,13.25833,27.954128333333333,%,production,OP,4043.238519438986,223.3419081892003,3442.0021940108004,341.87037719433835,601.2363254281856,95.9002949606866,396.8241129000001,345.106902251,2576.8093608,0.8696722074899899,0.866552446221207,0,0,0,0,0
2015-11-19,NO 15/9-F-1 C,7405,15/9-F-1 C,3420717,VOLVE,369304,MÆRSK INSPIRER,24.0,56.91126104166667,%,production,OP,3927.080013759125,225.700884875,3537.767630254875,82.385666215375,389.31238350425,148.342314125,361.4753807,313.512605896,5346.1498057,0.8673138549266628,0.9366679890681476,0,0,0,0,0
2015-11-20,NO 15/9-F-1 C,7405,15/9-F-1 C,3420717,VOLVE,369304,MÆRSK INSPIRER,24.0,60.68199979166667,%,production,OP,3827.2856237445,226.190848625,3440.156539557,74.430815375375,387.1290841875,165.372842375,1101.4086291,954.025561059,7112.7058423,0.8661867501787852,0.8659126759269185,0,0,0,0,0
2015-11-21,NO 15/9-F-1 C,7405,15/9-F-1 C,3420717,VOLVE,369304,MÆRSK INSPIRER,24.0,60.689033125,%,production,OP,3647.712719234875,226.725473,3227.100700216625,107.800451355125,420.61201901825,178.62872825,1586.7303687,1369.902415816,8962.2244728,0.8633492134762341,0.8495841159109203,0,0,0,0,0
2015-11-22,NO 15/9-F-1 C,7405,15/9-F-1 C,3420717,VOLVE,369304,MÆRSK INSPIRER,24.0,60.66511104166667,%,production,OP,3544.226728373875,226.786221125,3079.0248037660003,93.613728596125,465.201924607875,175.383176375,1906.9445958,1639.878000111,6488.6308941,0.859950521752332,0.7728631470118894,0,0,0,0,0
2015-11-23,NO 15/9-F-1 C,7405,15/9-F-1 C,3420717,VOLVE,369304,MÆRSK INSPIRER,24.0,60.61981875,%,production,OP,3478.504686470625,226.763673875,2998.2485366095,81.83066320025,480.256149861125,161.2544885,1910.4668894,1632.1098255520003,6509.135674699999,0.8542989332123833,0.7730929845137866,0,0,0,0,0
2015-11-24,NO 15/9-F-1 C,7405,15/9-F-1 C,3420717,VOLVE,369304,MÆRSK INSPIRER,24.0,60.613366041666666,%,production,OP,3424.244907058625,226.7018555,2955.510615198625,69.48002482925,468.73429186,164.5622495,1893.3586062,1610.6900474140002,5725.614043,0.8507052188315662,0.7514942376911139,0,0,0,0,0
2015-11-25,NO 15/9-F-1 C,7405,15/9-F-1 C,3420717,VOLVE,369304,MÆRSK INSPIRER,24.0,62.96496,%,production,OP,3379.199996111625,226.694175875,2927.239584638375,52.53990067825,451.96041147325,166.60917350000005,1942.7965128,1657.525815142,5866.1283984,0.8531649116217211,0.7512081964044075,0,0,0,0,0
2015-11-26,NO 15/9-F-1 C,7405,15/9-F-1 C,3420717,VOLVE,369304,MÆRSK INSPIRER,24.0,65.61386729166666,%,production,OP,3334.0858023250003,226.634391125,2900.3139688688752,36.758608995875,433.771833456125,155.724527375,1823.2272247,1559.6882045270002,5027.5709292,0.8554546484372711,0.7338664512160413,0,0,0,0,0
2015-11-27,NO 15/9-F-1 C,7405,15/9-F-1 C,3420717,VOLVE,369304,MÆRSK INSPIRER,24.0,55.41932270833333,%,production,OP,3293.688634088,226.67000525,2863.6308400655003,154.3290738475,430.0577940225,156.968649125,1961.2256561,1664.707059387,5366.0885034,0.8488095463208233,0.732340443795871,0,0,0,0,0
2015-11-28,NO 15/9-F-1 C,7405,15/9-F-1 C,3420717,VOLVE,369304,MÆRSK INSPIRER,24.0,55.424830625,%,production,OP,3253.09055800475,226.63246775,2830.625835661,150.469150358875,422.46472234375,156.87970587499998,2003.9963641,1725.79760577,5087.3870223,0.8611780124386903,0.717404030369687,0,0,0,0,0
2015-11-29,NO 15/9-F-1 C,7405,15/9-F-1 C,3420717,VOLVE,369304,MÆRSK INSPIRER,24.0,55.49048416666667,%,production,OP,3222.00107046625,226.591232375,2808.7186615997502,141.390569267875,413.2824088665,159.430110875,2043.0560842,1748.877174808,4736.9188091000005,0.8560103603288054,0.6986631784995315,0,0,0,0,0
2015-11-30,NO 15/9-F-1 C,7405,15/9-F-1 C,3420717,VOLVE,369304,MÆRSK INSPIRER,24.0,55.475823958333336,%,production,OP,3199.2600517916253,226.558617125,2797.29545059,130.327161276625,401.964601201625,162.85170499999998,2026.4509858,1731.6224123880002,4674.1465053,0.8545098916884941,0.6975715988773221,0,0,0,0,0
2015-12-01,NO 15/9-F-1 C,7405,15/9-F-1 C,3420717,VOLVE,369304,MÆRSK INSPIRER,24.0,55.73844625,%,production,OP,3180.58789895275,226.548909875,2787.47909140925,124.120247980125,393.1088075435,160.62953937499998,2002.4868097,1720.6222364850005,4635.4641738,0.8592427316626235,0.6983275690529208,0,0,0,0,0
2015-12-02,NO 15/9-F-1 C,7405,15/9-F-1 C,3420717,VOLVE,369304,MÆRSK INSPIRER,24.0,56.257409375,%,production,OP,3148.842328999625,226.617709625,2760.286466725,131.645405615375,388.555862274625,154.38037175000002,2199.2949646,1875.572192528,4640.118633200001,0.8528061141035361,0.6784380805238279,0,0,0,0,0
2015-12-03,NO 15/9-F-1 C,7405,15/9-F-1 C,3420717,VOLVE,369304,MÆRSK INSPIRER,24.0,56.99664666666666,%,production,OP,3122.258235417375,226.650697625,2740.93979351575,124.496098849,381.318441901625,161.34648650000003,2217.4725155,1898.56771258,4687.9840873,0.8561854540740078,0.6788811163332968,0,0,0,0,0
2015-12-04,NO 15/9-F-1 C,7405,15/9-F-1 C,3420717,VOLVE,369304,MÆRSK INSPIRER,24.0,56.93237583333333,%,production,OP,3099.110231049875,226.655700125,2726.1476277555003,121.635006742,372.962603294375,158.908215875,2340.3754029,2093.62139509,4849.3177138,0.8945664838622717,0.674481877750269,0,0,0,0,0
2015-12-05,NO 15/9-F-1 C,7405,15/9-F-1 C,3420717,VOLVE,369304,MÆRSK INSPIRER,24.0,56.804535,%,production,OP,3076.701757314625,226.66996925,2712.528813372,121.51452246675,364.172943942625,152.62593875,2103.6269545,1821.243704901,4574.3901187,0.8657636283871833,0.6849922766831179,0,0,0,0,0
2015-12-06,NO 15/9-F-1 C,7405,15/9-F-1 C,3420717,VOLVE,369304,MÆRSK INSPIRER,24.0,56.827998541666666,%,production,OP,3063.616332262625,226.663128125,2713.2602611573748,114.48529205625,350.35607110525,162.36231237500002,2242.2543669,1936.401056984,4710.1242185,0.8635956230341282,0.6774838511227315,0,0,0,0,0
2015-12-07,NO 15/9-F-1 C,7405,15/9-F-1 C,3420717,VOLVE,369304,MÆRSK INSPIRER,24.0,57.602083541666666,%,production,OP,3043.858893307625,226.713369875,2694.978586874,121.055909289125,348.88030643362504,165.88564287499997,2275.0871751,1970.099756312,4805.2890438,0.8659447329640921,0.6786770780587906,0,0,0,0,0
2015-12-08,NO 15/9-F-1 C,7405,15/9-F-1 C,3420717,VOLVE,369304,MÆRSK INSPIRER,24.0,59.02969145833333,%,production,OP,3017.931453227125,226.7586875,2670.6053981745,119.31522666725,347.3260550526249,157.83924762499998,2555.6127011,2210.521527618,5085.4371812,0.8649673429258417,0.6655416807289909,0,0,0,0,0
2015-12-09,NO 15/9-F-1 C,7405,15/9-F-1 C,3420717,VOLVE,369304,MÆRSK INSPIRER,5.65833,13.989628958333334,%,production,OP,3010.8267085327147,226.74611560394675,2674.56741362728,111.8162775613417,336.2592949054348,163.8038885084221,615.0805199,538.406503612,1207.1403352,0.8753431236930318,0.6624555590072831,0,0,0,0,0
2015-12-10,NO 15/9-F-1 C,7405,15/9-F-1 C,3420717,VOLVE,369304,MÆRSK INSPIRER,0.0,0.0,%,production,OP,3198.735929784,219.044606,2270.7764241120003,546.715229556,927.959505672,49.447292,0.0,0.0,0.0,0.876713003459761,0.6642987711222478,0,0,0,1,1
2015-12-11,NO 15/9-F-1 C,7405,15/9-F-1 C,3420717,VOLVE,369304,MÆRSK INSPIRER,0.0,0.0,%,production,OP,3281.262406746,217.697756,2315.444502162,582.096379428,965.817904584,47.436494,0.0,0.0,0.0,0.8780828832264902,0.6661419832372124,0,0,0,1,1
2015-12-12,NO 15/9-F-1 C,7405,15/9-F-1 C,3420717,VOLVE,369304,MÆRSK INSPIRER,0.0,0.0,%,production,OP,3353.356735482,216.840272,2351.7264830520003,617.428506456,1001.63025243,51.245096,0.0,0.0,0.0,0.8794527629932194,0.667985195352177,0,0,0,1,1
2015-12-13,NO 15/9-F-1 C,7405,15/9-F-1 C,3420717,VOLVE,369304,MÆRSK INSPIRER,0.0,0.0,%,production,OP,3414.211779522,216.102326,2361.252143778,669.950682282,1052.959635744,52.063898,0.0,0.0,0.0,0.8808226427599486,0.6698284074671416,0,0,0,1,1
2015-12-14,NO 15/9-F-1 C,7405,15/9-F-1 C,3420717,VOLVE,369304,MÆRSK INSPIRER,0.0,0.0,%,production,OP,3481.259801124,215.43809,2341.356846204,758.150175576,1139.90295492,48.177842,0.0,0.0,0.0,0.8821925225266777,0.6716716195821062,0,0,0,1,1
2015-12-15,NO 15/9-F-1 C,7405,15/9-F-1 C,3420717,VOLVE,369304,MÆRSK INSPIRER,0.0,0.0,%,production,OP,3547.573205256,214.76057,2281.887785292,885.42435645,1265.6854199640002,47.861852,0.0,0.0,0.0,0.8835624022934069,0.6735148316970708,0,0,0,1,1
2015-12-16,NO 15/9-F-1 C,7405,15/9-F-1 C,3420717,VOLVE,369304,MÆRSK INSPIRER,0.0,0.0,%,production,OP,3675.467133504,214.907504,2286.652138554,1009.06490031,1388.81499495,49.95077,0.0,0.0,0.0,0.8849322820601361,0.6753580438120355,0,0,0,1,1
2015-12-17,NO 15/9-F-1 C,7405,15/9-F-1 C,3420717,VOLVE,369304,MÆRSK INSPIRER,0.0,0.0,%,production,OP,3802.582932882,214.826576,2335.573891068,1087.775717568,1467.009041814,51.615212,0.0,0.0,0.0,0.8863021618268653,0.6772012559270001,0,0,0,1,1
2015-12-18,NO 15/9-F-1 C,7405,15/9-F-1 C,3420717,VOLVE,369304,MÆRSK INSPIRER,0.0,0.0,%,production,OP,3879.105996948,214.64312,2364.40657524,1136.0391426,1514.6994217079998,51.68858,0.0,0.0,0.0,0.8876720415935945,0.6790444680419647,0,0,0,1,1
2015-12-19,NO 15/9-F-1 C,7405,15/9-F-1 C,3420717,VOLVE,369304,MÆRSK INSPIRER,0.0,0.0,%,production,OP,3929.794022226,214.458062,2383.786407762,1167.701808228,1546.007614464,52.208384,0.0,0.0,0.0,0.8890419213603237,0.6808876801569292,0,0,0,1,1
2015-12-20,NO 15/9-F-1 C,7405,15/9-F-1 C,3420717,VOLVE,369304,MÆRSK INSPIRER,0.0,0.0,%,production,OP,3971.490996846,214.296584,2399.144771658,1194.595479378,1572.346225188,51.176012,0.0,0.0,0.0,0.8904118011270529,0.6827308922718939,0,0,0,1,1
2015-12-21,NO 15/9-F-1 C,7405,15/9-F-1 C,3420717,VOLVE,369304,MÆRSK INSPIRER,0.0,0.0,%,production,OP,4012.085682666,214.149182,2413.994922402,1220.628349998,1598.090760264,48.82577,0.0,0.0,0.0,0.8917816808937821,0.6845741043868585,0,0,0,1,1
2015-12-22,NO 15/9-F-1 C,7405,15/9-F-1 C,3420717,VOLVE,369304,MÆRSK INSPIRER,0.0,0.0,%,production,OP,4049.891287746,214.01166200000003,2427.61993716,1244.606902386,1622.2713505860002,49.9118,0.0,0.0,0.0,0.8931515606605112,0.6864173165018231,0,0,0,1,1
2015-12-23,NO 15/9-F-1 C,7405,15/9-F-1 C,3420717,VOLVE,369304,MÆRSK INSPIRER,0.0,0.0,%,production,OP,4084.888086918,213.887822,2439.570778284,1272.50394642,1645.317308634,48.723926,0.0,0.0,0.0,0.8945214404272404,0.6882605286167878,0,0,0,1,1
2015-12-24,NO 15/9-F-1 C,7405,15/9-F-1 C,3420717,VOLVE,369304,MÆRSK INSPIRER,0.0,0.0,%,production,OP,4118.3943305640005,213.770012,2450.66502498,1296.23143803,1667.729305584,49.528472,0.0,0.0,0.0,0.8958913201939696,0.6901037407317524,0,0,0,1,1
2015-12-25,NO 15/9-F-1 C,7405,15/9-F-1 C,3420717,VOLVE,369304,MÆRSK INSPIRER,0.0,0.0,%,production,OP,4149.174149886,213.664046,2460.800860572,1316.991307122,1688.373289314,48.282476,0.0,0.0,0.0,0.8972611999606988,0.691946952846717,0,0,0,1,1
2015-12-26,NO 15/9-F-1 C,7405,15/9-F-1 C,3420717,VOLVE,369304,MÆRSK INSPIRER,0.0,0.0,%,production,OP,4178.654863842,213.563318,2470.654017102,1336.665421746,1708.00084674,49.093376,0.0,0.0,0.0,0.898631079727428,0.6937901649616816,0,0,0,1,1
2015-12-27,NO 15/9-F-1 C,7405,15/9-F-1 C,3420717,VOLVE,369304,MÆRSK INSPIRER,0.0,0.0,%,production,OP,4205.331413106,213.468044,2478.464313402,1355.338629132,1726.867099704,46.063166,0.0,0.0,0.0,0.9000009594941571,0.6956333770766462,0,0,0,1,1
2015-12-28,NO 15/9-F-1 C,7405,15/9-F-1 C,3420717,VOLVE,369304,MÆRSK INSPIRER,0.0,0.0,%,production,OP,4228.618279272,213.378548,2485.834274334,1371.7554803520002,1742.784004938,48.274178,0.0,0.0,0.0,0.9013708392608863,0.6974765891916108,0,0,0,1,1
2015-12-29,NO 15/9-F-1 C,7405,15/9-F-1 C,3420717,VOLVE,369304,MÆRSK INSPIRER,0.0,0.0,%,production,OP,4249.460239872,213.29393,2492.01463359,1386.317150514,1757.445606282,49.199936,0.0,0.0,0.0,0.9027407190276155,0.6993198013065755,0,0,0,1,1
2015-12-30,NO 15/9-F-1 C,7405,15/9-F-1 C,3420717,VOLVE,369304,MÆRSK INSPIRER,0.0,0.0,%,production,OP,4276.025109876,213.218546,2499.3267243600003,1405.398929946,1776.698385516,50.728262,0.0,0.0,0.0,0.9041105987943447,0.7011630134215401,0,0,0,1,1
2015-12-31,NO 15/9-F-1 C,7405,15/9-F-1 C,3420717,VOLVE,369304,MÆRSK INSPIRER,0.0,0.0,%,production,OP,4291.125741246,213.142334,2504.723733378,1415.115895794,1786.402007868,49.083116,0.0,0.0,0.0,0.9054804785610738,0.7030062255365047,0,0,0,1,1
2016-01-01,NO 15/9-F-1 C,7405,15/9-F-1 C,3420717,VOLVE,369304,MÆRSK INSPIRER,0.0,0.0,%,production,OP,4306.415212092,213.07019,2508.877331622,1426.466569674,1797.53788047,47.56577,0.0,0.0,0.0,0.906850358327803,0.7048494376514692,0,0,0,1,1
2016-01-02,NO 15/9-F-1 C,7405,15/9-F-1 C,3420717,VOLVE,369304,MÆRSK INSPIRER,0.0,0.0,%,production,OP,4323.591917394,213.006452,2514.83636289,1436.659985352,1808.755554504,47.570738,0.0,0.0,0.0,0.9082202380945322,0.7066926497664339,0,0,0,1,1
2016-01-03,NO 15/9-F-1 C,7405,15/9-F-1 C,3420717,VOLVE,369304,MÆRSK INSPIRER,0.0,0.00224625,%,production,OP,4340.220379056,212.944946,2519.97795999,1362.451727766,1820.242419066,40.658306,0.0,0.0,0.0,0.9095901178612614,0.7085358618813985,0,0,0,1,1
2016-01-04,NO 15/9-F-1 C,7405,15/9-F-1 C,3420717,VOLVE,369304,MÆRSK INSPIRER,14.34167,26.607074791666665,%,production,OP,4122.975656529759,223.08754078887603,3524.035389499706,360.2888585378671,598.9402670300534,77.07751242266487,520.9220642,474.539162368,1277.7120034,0.9109599976279906,0.7103790739963631,0,0,0,0,0
2016-01-05,NO 15/9-F-1 C,7405,15/9-F-1 C,3420717,VOLVE,369304,MÆRSK INSPIRER,24.0,49.877799375,%,production,OP,4030.8331797242495,225.588476,3632.567479615,190.95871686675,398.26570010925,124.177627625,205.4880927,186.362028546,5305.1402445,0.9069237350802468,0.9627105875907408,0,0,0,0,0
2016-01-06,NO 15/9-F-1 C,7405,15/9-F-1 C,3420717,VOLVE,369304,MÆRSK INSPIRER,24.0,57.80311041666667,%,production,OP,3840.484713264125,226.507651625,3470.066732182375,141.691142393125,370.41798108175,172.339958,590.4244647,539.664766373,9219.0374151,0.9140284636531932,0.9398107182703036,0,0,0,0,0
2016-01-07,NO 15/9-F-1 C,7405,15/9-F-1 C,3420717,VOLVE,369304,MÆRSK INSPIRER,24.0,57.47243,%,production,OP,3700.728199515125,226.72392125,3311.1141158195,161.037407683,389.614083695625,174.536864375,1034.7995412,940.191380481,8889.2626768,0.908573441567931,0.8957282291798707,0,0,0,0,0
2016-01-08,NO 15/9-F-1 C,7405,15/9-F-1 C,3420717,VOLVE,369304,MÆRSK INSPIRER,24.0,54.51911208333333,%,production,OP,3625.14112911725,226.71122225,3201.3869978021253,195.3223240915,423.754131315125,170.4348845,1222.9277583,1099.075394104,7059.619845900001,0.8987247093252932,0.8523488403882079,0,0,0,0,0
2016-01-09,NO 15/9-F-1 C,7405,15/9-F-1 C,3420717,VOLVE,369304,MÆRSK INSPIRER,24.0,53.01708979166666,%,production,OP,3570.5179146935,226.668792125,3128.22667904725,214.01939627175005,442.29123564625,165.734675,1292.7446493,1162.433850521,6098.0336931,0.899198346054218,0.8250868055555556,0,0,0,0,0
2016-01-10,NO 15/9-F-1 C,7405,15/9-F-1 C,3420717,VOLVE,369304,MÆRSK INSPIRER,24.0,52.210673541666665,%,production,OP,3547.46147160675,226.529994875,3108.726691607125,210.532885200625,438.734779999625,156.39637062499995,1178.7732921,1061.1693014179998,5100.721419500001,0.9002318838828736,0.8122821427140511,0,0,0,0,0
2016-01-11,NO 15/9-F-1 C,7405,15/9-F-1 C,3420717,VOLVE,369304,MÆRSK INSPIRER,24.0,51.28628979166667,%,production,OP,3527.300349595,226.45749125000003,3101.806995102875,197.4787490755,425.493354492125,151.226559875,1072.0981144999998,961.565602656,4615.9657628,0.8969007497083888,0.8115179193436025,0,0,0,0,0
2016-01-12,NO 15/9-F-1 C,7405,15/9-F-1 C,3420717,VOLVE,369304,MÆRSK INSPIRER,24.0,51.57828333333333,%,production,OP,3517.5519951065,226.401070625,3106.763064427875,182.844158037375,410.788930678625,155.06444975000002,985.0471441,881.6328980880002,4306.7587032,0.8950159425044721,0.8138542545731163,0,0,0,0,0
2016-01-13,NO 15/9-F-1 C,7405,15/9-F-1 C,3420717,VOLVE,369304,MÆRSK INSPIRER,23.5,52.317711458333335,%,production,OP,3481.76357916517,226.5300576192468,3072.343688276166,189.51963690700012,409.4198908890032,160.1583065791183,1463.5758889,1310.4822547430003,5322.5630182,0.8953975428824108,0.784328627967115,0,0,0,0,0
2016-01-14,NO 15/9-F-1 C,7405,15/9-F-1 C,3420717,VOLVE,369304,MÆRSK INSPIRER,24.0,52.69472979166667,%,production,OP,3427.5456969707498,226.615818125,2995.596867288,204.408700975,431.94882968275,160.30240025,1625.4127002000002,1407.614983946,5477.795529,0.8660046668595606,0.7711720327276591,0,0,0,0,0
2016-01-15,NO 15/9-F-1 C,7405,15/9-F-1 C,3420717,VOLVE,369304,MÆRSK INSPIRER,24.0,52.143671875,%,production,OP,3414.845755728125,226.4991185,3004.454878818875,182.95695529862505,410.39087690925,154.5932735,1255.9492608,1097.954152379,4572.1257871,0.8742026343322484,0.7845001564877669,0,0,0,0,0
2016-01-16,NO 15/9-F-1 C,7405,15/9-F-1 C,3420717,VOLVE,369304,MÆRSK INSPIRER,24.0,52.301532083333335,%,production,OP,3396.3812308295,226.48550225,2998.50964731225,170.46008538574998,397.87158351725,158.94886475,1252.6785596,1091.636352549,4370.8518671,0.8714417151815679,0.7772433925755254,0,0,0,0,0
2016-01-17,NO 15/9-F-1 C,7405,15/9-F-1 C,3420717,VOLVE,369304,MÆRSK INSPIRER,24.0,52.331526875,%,production,OP,3381.7792793846247,226.461528125,2994.953258141375,159.5354787605,386.82602124325,159.267522875,1240.4134301,1080.712103251,4229.708530700001,0.8712515335825369,0.7732384325269064,0,0,0,0,0
2016-01-18,NO 15/9-F-1 C,7405,15/9-F-1 C,3420717,VOLVE,369304,MÆRSK INSPIRER,24.0,52.809105,%,production,OP,3360.910384019375,226.50169325,2975.886876910375,157.59075486725,385.023507109,157.650470375,1242.3632712,1085.9581019360005,4427.585953299999,0.8741067344071369,0.7808863497698153,0,0,0,0,0
2016-01-19,NO 15/9-F-1 C,7405,15/9-F-1 C,3420717,VOLVE,369304,MÆRSK INSPIRER,24.0,53.83305833333333,%,production,OP,3329.488209525125,226.594967,2939.740434031375,162.22621164999998,389.74777549375,163.950768125,1621.7017122999998,1413.2769897970002,4911.209444200001,0.8714777687399746,0.7517643094401387,0,0,0,0,0
2016-01-20,NO 15/9-F-1 C,7405,15/9-F-1 C,3420717,VOLVE,369304,MÆRSK INSPIRER,13.84167,33.37631770833333,%,production,OP,3302.8336127333487,226.3759267818435,2920.193135866451,153.83439160977676,382.6404768668975,156.81777445631343,947.3711822,862.8257014559999,3101.4424129,0.9107578082038896,0.7660126454459306,0,0,0,0,0
2016-01-21,NO 15/9-F-1 C,7405,15/9-F-1 C,3420717,VOLVE,369304,MÆRSK INSPIRER,0.0,0.0,%,production,OP,3477.483591756,219.789752,2874.4424197860003,213.86433252,603.04117197,52.16126,0.0,0.0,0.0,0.9083700347528881,0.7654138405259996,0,0,0,1,1
2016-01-22,NO 15/9-F-1 C,7405,15/9-F-1 C,3420717,VOLVE,369304,MÆRSK INSPIRER,0.0,0.0,%,production,OP,3553.766908008,217.875722,2909.474028078,247.27456101,644.29287993,46.191776,0.0,0.0,0.0,0.9059822613018866,0.7648150356060686,0,0,0,1,1
2016-01-23,NO 15/9-F-1 C,7405,15/9-F-1 C,3420717,VOLVE,369304,MÆRSK INSPIRER,0.0,0.0,%,production,OP,3618.744367122,216.597254,2880.857015412,358.53248562,737.88735171,49.045946,0.0,0.0,0.0,0.9035944878508851,0.7642162306861376,0,0,0,1,1
2016-01-24,NO 15/9-F-1 C,7405,15/9-F-1 C,3420717,VOLVE,369304,MÆRSK INSPIRER,0.0,0.0,%,production,OP,3679.431892272,215.536802,2759.68443816,547.727159682,919.747454112,49.235432,0.0,0.0,0.0,0.9012067143998836,0.7636174257662066,0,0,0,1,1
2016-01-25,NO 15/9-F-1 C,7405,15/9-F-1 C,3420717,VOLVE,369304,MÆRSK INSPIRER,0.0,0.0,%,production,OP,3732.614426112,214.97225,2647.383110178,755.759804298,1085.231315934,50.76653,0.0,0.0,0.0,0.8988189409488822,0.7630186208462756,0,0,0,1,1
2016-01-26,NO 15/9-F-1 C,7405,15/9-F-1 C,3420717,VOLVE,369304,MÆRSK INSPIRER,0.0,0.0,%,production,OP,3780.111470352,214.613258,2587.208584434,837.9728541420001,1192.9028859179998,48.201728,0.0,0.0,0.0,0.8964311674978807,0.7624198159263446,0,0,0,1,1
2016-01-27,NO 15/9-F-1 C,7405,15/9-F-1 C,3420717,VOLVE,369304,MÆRSK INSPIRER,0.0,0.0,%,production,OP,3823.278405102,214.342286,2520.276883308,1077.455828754,1303.001521794,51.800216,0.0,0.0,0.0,0.8940433940468792,0.7618210110064136,0,0,0,1,1
2016-01-28,NO 15/9-F-1 C,7405,15/9-F-1 C,3420717,VOLVE,369304,MÆRSK INSPIRER,0.0,0.0,%,production,OP,3863.231007696,214.11915800000003,2468.6944086840003,1168.905188514,1394.536599012,48.604604,0.0,0.0,0.0,0.8916556205958777,0.7612222060864826,0,0,0,1,1
2016-01-29,NO 15/9-F-1 C,7405,15/9-F-1 C,3420717,VOLVE,369304,MÆRSK INSPIRER,0.0,0.0,%,production,OP,3907.31211696,214.019456,2432.618816868,1249.05057663,1474.6933000919998,48.075278,0.0,0.0,0.0,0.8892678471448763,0.7606234011665516,0,0,0,1,1
2016-01-30,NO 15/9-F-1 C,7405,15/9-F-1 C,3420717,VOLVE,369304,MÆRSK INSPIRER,0.0,0.0,%,production,OP,3996.897593382,214.144646,2453.3139990120003,1317.93419916,1543.58359437,43.532204,0.0,0.0,0.0,0.8868800736938748,0.7600245962466206,0,0,0,1,1
2016-01-31,NO 15/9-F-1 C,7405,15/9-F-1 C,3420717,VOLVE,369304,MÆRSK INSPIRER,0.0,0.0,%,production,OP,4077.385996368,214.044512,2478.60151935,1373.248211448,1598.7844770180002,46.684796,0.0,0.0,0.0,0.8844923002428733,0.7594257913266896,0,0,0,1,1
2016-02-01,NO 15/9-F-1 C,7405,15/9-F-1 C,3420717,VOLVE,369304,MÆRSK INSPIRER,0.0,0.0,%,production,OP,4135.70490594,213.92006,2494.84432497,1415.3025597,1640.86058097,47.570306,0.0,0.0,0.0,0.8821045267918718,0.7588269864067586,0,0,0,1,1
2016-02-02,NO 15/9-F-1 C,7405,15/9-F-1 C,3420717,VOLVE,369304,MÆRSK INSPIRER,0.0,0.0,%,production,OP,4174.07398365,213.802484,2506.039228038,1442.337932976,1668.0347556119998,47.281622,0.0,0.0,0.0,0.8797167533408703,0.7582281814868276,0,0,0,1,1
2016-02-03,NO 15/9-F-1 C,7405,15/9-F-1 C,3420717,VOLVE,369304,MÆRSK INSPIRER,0.0,0.0,%,production,OP,4210.587155112,213.694088,2516.840643012,1468.390383726,1693.7465121,48.455564,0.0,0.0,0.0,0.8773289798898688,0.7576293765668966,0,0,0,1,1
2016-02-04,NO 15/9-F-1 C,7405,15/9-F-1 C,3420717,VOLVE,369304,MÆRSK INSPIRER,0.0,0.0,%,production,OP,4244.314146594,213.587726,2526.25375425,1489.841648964,1718.060392344,48.068978,0.0,0.0,0.0,0.8749412064388673,0.7570305716469656,0,0,0,1,1
2016-02-05,NO 15/9-F-1 C,7405,15/9-F-1 C,3420717,VOLVE,369304,MÆRSK INSPIRER,0.0,0.0,%,production,OP,4269.344659596,213.486386,2532.273701478,1492.316432358,1737.070958118,47.34203,0.0,0.0,0.0,0.8725534329878658,0.7564317667270346,0,0,0,1,1
2016-02-06,NO 15/9-F-1 C,7405,15/9-F-1 C,3420717,VOLVE,369304,MÆRSK INSPIRER,22.075,40.326566041666666,%,production,OP,4101.254199312136,221.05727122989808,3393.5030191602536,405.2758953293816,707.7511801518822,64.15731450056626,413.3663132,359.697170556,1279.5989464,0.8701656595368643,0.7558329618071036,0,0,0,0,0
2016-02-07,NO 15/9-F-1 C,7405,15/9-F-1 C,3420717,VOLVE,369304,MÆRSK INSPIRER,24.0,53.38167666666666,%,production,OP,3949.737324356375,225.79175300000003,3603.081861561625,119.027504513125,346.65546279475,119.335761125,328.6425725,292.69176507000003,6235.1515511,0.8906081851887889,0.9499310054045766,0,0,0,0,0
2016-02-08,NO 15/9-F-1 C,7405,15/9-F-1 C,3420717,VOLVE,369304,MÆRSK INSPIRER,24.0,54.219458125,%,production,OP,3845.507001501,226.216887875,3483.6844134565,133.61936977375,361.8225880445,154.69986725,457.7094737,408.254529909,6680.595895300001,0.8919512340629099,0.9358798131994008,0,0,0,0,0
2016-02-09,NO 15/9-F-1 C,7405,15/9-F-1 C,3420717,VOLVE,369304,MÆRSK INSPIRER,24.0,54.16731395833333,%,production,OP,3745.661648759125,226.500051875,3337.654126914625,179.66931247687498,408.0075218445,163.09156025,746.6633451,669.4519392249999,6646.8825137,0.896591407115801,0.8990114676557662,0,0,0,0,0
2016-02-10,NO 15/9-F-1 C,7405,15/9-F-1 C,3420717,VOLVE,369304,MÆRSK INSPIRER,24.0,54.142060416666666,%,production,OP,3646.995642298,226.669064375,3191.521144403875,226.916812794625,455.474497894125,172.95648462499997,1303.9405111,1135.3838497620002,6969.4239705,0.8707328594340503,0.8423929570611848,0,0,0,0,0
2016-02-11,NO 15/9-F-1 C,7405,15/9-F-1 C,3420717,VOLVE,369304,MÆRSK INSPIRER,24.0,54.17009291666667,%,production,OP,3562.936817714625,226.72351925,3081.1819690481248,252.7926888445,481.7548486665,171.094905125,1322.3067563,1156.036945763,6835.765508,0.8742577622440301,0.8379143119280202,0,0,0,0,0
2016-02-12,NO 15/9-F-1 C,7405,15/9-F-1 C,3420717,VOLVE,369304,MÆRSK INSPIRER,24.0,53.736417708333335,%,production,OP,3496.5726593475,226.68140975,3013.5338436562497,250.72974991637503,483.03881569125,166.07748650000002,1940.0918945,1688.458667166,5899.0241047,0.8702982946079207,0.7525113935425894,0,0,0,0,0
2016-02-13,NO 15/9-F-1 C,7405,15/9-F-1 C,3420717,VOLVE,369304,MÆRSK INSPIRER,24.0,52.608562291666665,%,production,OP,3467.106150050625,226.52530175,3007.82854428275,227.53205492575,459.277605767875,163.352367875,1844.2351901,1610.494403976,4976.1831815,0.8732586888165138,0.7296008705595928,0,0,0,0,0
2016-02-14,NO 15/9-F-1 C,7405,15/9-F-1 C,3420717,VOLVE,369304,MÆRSK INSPIRER,24.0,52.71173125,%,production,OP,3434.36146770475,226.5042335,2992.48253278975,210.273965176,441.878934915,162.49149875,1516.5989872,1335.232915385,4797.5525775,0.8804126381820652,0.759809537091456,0,0,0,0,0
2016-02-15,NO 15/9-F-1 C,7405,15/9-F-1 C,3420717,VOLVE,369304,MÆRSK INSPIRER,24.0,52.63981979166667,%,production,OP,3405.350994139375,226.473126125,2979.0109863655,195.118198214625,426.340007773875,161.019111875,1509.4915019,1322.69443115,4773.7770957,0.8762516579160081,0.7597601505565789,0,0,0,0,0
2016-02-16,NO 15/9-F-1 C,7405,15/9-F-1 C,3420717,VOLVE,369304,MÆRSK INSPIRER,24.0,52.647161458333336,%,production,OP,3381.385972588125,226.440741125,2967.11601508775,183.121579471875,414.26995750037497,143.154527,1493.3895883,1314.665280958,4756.1027296,0.8803230525093919,0.7610382552159342,0,0,0,0,0
2016-02-17,NO 15/9-F-1 C,7405,15/9-F-1 C,3420717,VOLVE,369304,MÆRSK INSPIRER,24.0,52.618571875,%,production,OP,3359.8256871201247,226.417451375,2952.88939479225,175.70678668975,406.936292327875,141.5888855,1488.169046,1303.3900035420002,4702.3248541,0.8758346419348922,0.7596041495209356,0,0,0,0,0
2016-02-18,NO 15/9-F-1 C,7405,15/9-F-1 C,3420717,VOLVE,369304,MÆRSK INSPIRER,24.0,52.604102708333336,%,production,OP,3341.777702292625,226.390635875,2943.261346303125,167.385796483625,398.5163559895,155.68199637499998,1460.7454744,1289.556529258,4677.3543084,0.8828071363956709,0.7620199204820265,0,0,0,0,0
2016-02-19,NO 15/9-F-1 C,7405,15/9-F-1 C,3420717,VOLVE,369304,MÆRSK INSPIRER,24.0,52.6160475,%,production,OP,3326.15401857025,226.370076125,2936.061061701375,158.94402588300002,390.09295686887504,141.142261625,1875.1181572,1655.519587035,4132.3422719,0.8828881426368815,0.6878684130623698,0,0,0,0,0
2016-02-20,NO 15/9-F-1 C,7405,15/9-F-1 C,3420717,VOLVE,369304,MÆRSK INSPIRER,24.0,52.570600416666665,%,production,OP,3314.62182963325,226.34462525,2935.165500397375,148.65660745124998,379.456329235875,148.9967915,1936.5067028,1689.46231094,4206.4991318,0.8724278147332007,0.6847623533266438,0,0,0,0,0
2016-02-21,NO 15/9-F-1 C,7405,15/9-F-1 C,3420717,VOLVE,369304,MÆRSK INSPIRER,24.0,53.22882729166667,%,production,OP,3298.493425757375,226.3998425,2918.51529210025,149.7780956565,379.978133657125,153.69070475,1866.6898118,1666.035951548,4289.2730314,0.8925081933893909,0.696767206146804,0,0,0,0,0
2016-02-22,NO 15/9-F-1 C,7405,15/9-F-1 C,3420717,VOLVE,369304,MÆRSK INSPIRER,24.0,53.596062708333335,%,production,OP,3275.587093979,226.432804625,2900.004796198875,143.92231331475,375.582297780125,159.695753375,1915.4987374,1725.522504257,4446.7698738,0.9008215304799082,0.6989283454602974,0,0,0,0,0
2016-02-23,NO 15/9-F-1 C,7405,15/9-F-1 C,3420717,VOLVE,369304,MÆRSK INSPIRER,24.0,53.547580833333335,%,production,OP,3266.0780310391247,226.403759375,2903.857803187875,130.9360640385,362.22022785125,157.784924375,1912.0393419,1717.074168576,4485.892492,0.8980328651970819,0.7011472782862592,0,0,0,0,0
2016-02-24,NO 15/9-F-1 C,7405,15/9-F-1 C,3420717,VOLVE,369304,MÆRSK INSPIRER,24.0,54.271806875,%,production,OP,3257.5929907685,226.437201875,2899.098810288625,127.03953960625,358.49418047987496,159.08889725,2056.9565643,1838.835016412,4510.988833900001,0.893959089037824,0.6868188695868687,0,0,0,0,0
2016-02-25,NO 15/9-F-1 C,7405,15/9-F-1 C,3420717,VOLVE,369304,MÆRSK INSPIRER,24.0,54.970360416666665,%,production,OP,3225.38735725775,226.54581875,2856.787847511875,136.50169181799998,368.59950974587497,163.31604725000005,2127.4653344000003,1892.016129436,4661.6926815,0.8893287701769285,0.6866378232149639,0,0,0,0,0
2016-02-26,NO 15/9-F-1 C,7405,15/9-F-1 C,3420717,VOLVE,369304,MÆRSK INSPIRER,5.65833,15.770389791666666,%,production,OP,3240.96407788193,226.0619511371553,2967.846725646689,53.73151667670599,273.1173522352413,144.3675076820122,156.4275747,141.902233834,325.183177,0.907143348007172,0.6751991641635104,0,0,0,0,0
2016-02-27,NO 15/9-F-1 C,7405,15/9-F-1 C,3420717,VOLVE,369304,MÆRSK INSPIRER,0.0,0.0,%,production,OP,3444.673385472,219.049196,2837.693706612,381.516367404,606.97967886,50.702468,0.0,0.0,0.0,0.905954447381189,0.6758348761994022,0,0,0,1,1
2016-02-28,NO 15/9-F-1 C,7405,15/9-F-1 C,3420717,VOLVE,369304,MÆRSK INSPIRER,0.74999,2.628432708333333,%,production,OP,3508.317374653199,219.9598470808944,3274.9573521568163,115.7492278893758,233.36002249638287,57.06959960300805,3.4593955000000003,3.129941861,7.233281499999999,0.904765546755206,0.676470588235294,0,0,0,0,0
2016-02-29,NO 15/9-F-1 C,7405,15/9-F-1 C,3420717,VOLVE,369304,MÆRSK INSPIRER,0.0,0.2417777083333333,%,production,OP,3596.58415614,217.200506,3311.795081316,59.427289968,284.789074824,46.290506,0.0,0.0,0.0,0.9046470018789574,0.6910145840663551,0,0,0,1,1
2016-03-01,NO 15/9-F-1 C,7405,15/9-F-1 C,3420717,VOLVE,369304,MÆRSK INSPIRER,0.0,0.2712339583333333,%,production,OP,3667.690776096,216.392126,3309.128122572,133.882547268,358.562653524,43.886336,0.0,0.0,0.0,0.9045284570027089,0.7055585798974162,0,0,0,1,1
2016-03-02,NO 15/9-F-1 C,7405,15/9-F-1 C,3420717,VOLVE,369304,MÆRSK INSPIRER,0.0,0.2538847916666666,%,production,OP,3729.309590244,215.46941,3212.58662367,290.916930324,516.722966574,47.790392,0.0,0.0,0.0,0.9044099121264603,0.7201025757284772,0,0,0,1,1
2016-03-03,NO 15/9-F-1 C,7405,15/9-F-1 C,3420717,VOLVE,369304,MÆRSK INSPIRER,0.0,0.2466052083333333,%,production,OP,3783.350749044,214.66184,2985.952710516,571.765467726,797.398038528,51.50435,0.0,0.0,0.0,0.9042913672502116,0.7346465715595383,0,0,0,1,1
2016-03-04,NO 15/9-F-1 C,7405,15/9-F-1 C,3420717,VOLVE,369304,MÆRSK INSPIRER,0.0,0.2340091666666666,%,production,OP,3832.805516208,214.380014,2832.391407408,774.755576196,1000.4141088,49.543988,0.0,0.0,0.0,0.9041728223739631,0.7491905673905994,0,0,0,1,1
2016-03-05,NO 15/9-F-1 C,7405,15/9-F-1 C,3420717,VOLVE,369304,MÆRSK INSPIRER,0.0,0.2229166666666666,%,production,OP,3878.527150290001,214.178036,2731.175188728,921.691978578,1147.351961562,48.280712,0.0,0.0,0.0,0.9040542774977145,0.7637345632216604,0,0,0,1,1
2016-03-06,NO 15/9-F-1 C,7405,15/9-F-1 C,3420717,VOLVE,369304,MÆRSK INSPIRER,0.0,0.2074802083333333,%,production,OP,3920.730887682,214.010636,2681.4074295600003,1014.243192024,1239.323458122,46.7231,0.0,0.0,0.0,0.9039357326214659,0.7782785590527215,0,0,0,1,1
2016-03-07,NO 15/9-F-1 C,7405,15/9-F-1 C,3420717,VOLVE,369304,MÆRSK INSPIRER,0.0,0.2058483333333333,%,production,OP,3959.792956956,213.795518,3891.130517376,19.202596086,68.66243958,48.31844,0.0,0.0,0.0,0.9038171877452174,0.7928225548837826,0,0,0,1,1
2016-03-08,NO 15/9-F-1 C,7405,15/9-F-1 C,3420717,VOLVE,369304,MÆRSK INSPIRER,0.0,0.2053054166666666,%,production,OP,3994.714481406,213.435482,3873.68288109,103.684620402,121.031600316,58.52669,0.0,0.0,0.0,0.9036986428689687,0.8073665507148436,0,0,0,1,1
2016-03-09,NO 15/9-F-1 C,7405,15/9-F-1 C,3420717,VOLVE,369304,MÆRSK INSPIRER,0.0,0.1994375,%,production,OP,4028.397526374,213.424718,3232.684684368,776.044818978,795.712842006,46.207202,0.0,0.0,0.0,0.9035800979927201,0.8219105465459047,0,0,0,1,1
2016-03-10,NO 15/9-F-1 C,7405,15/9-F-1 C,3420717,VOLVE,369304,MÆRSK INSPIRER,0.0,0.1960785416666666,%,production,OP,4056.404509212,213.59021,2808.248672004,1226.49426687,1248.155837208,47.117354,0.0,0.0,0.0,0.9034615531164716,0.8364545423769658,0,0,0,1,1
2016-03-11,NO 15/9-F-1 C,7405,15/9-F-1 C,3420717,VOLVE,369304,MÆRSK INSPIRER,0.0,0.1936027083333333,%,production,OP,4079.510948106,213.546398,2747.297612808,1308.612751938,1332.213335298,45.598388,0.0,0.0,0.0,0.903343008240223,0.8509985382080268,0,0,0,1,1
2016-03-12,NO 15/9-F-1 C,7405,15/9-F-1 C,3420717,VOLVE,369304,MÆRSK INSPIRER,0.0,0.1853425,%,production,OP,4139.676916608,213.62036,2733.7704987,1380.370447476,1405.906417908,45.101732,0.0,0.0,0.0,0.9032244633639743,0.8655425340390879,0,0,0,1,1
2016-03-13,NO 15/9-F-1 C,7405,15/9-F-1 C,3420717,VOLVE,369304,MÆRSK INSPIRER,0.0,0.1991566666666666,%,production,OP,4211.766023976,213.577322,2743.01957196,1441.2894532740002,1468.746452016,45.582962,0.0,0.0,0.0,0.9031059184877258,0.880086529870149,0,0,0,1,1
2016-03-14,NO 15/9-F-1 C,7405,15/9-F-1 C,3420717,VOLVE,369304,MÆRSK INSPIRER,0.0,0.2127272916666666,%,production,OP,4269.935254332,213.509012,2750.485983162,1489.56636684,1519.44927117,49.40834,0.0,0.0,0.0,0.9029873736114772,0.89463052570121,0,0,0,1,1
2016-03-15,NO 15/9-F-1 C,7405,15/9-F-1 C,3420717,VOLVE,369304,MÆRSK INSPIRER,0.0,0.188889375,%,production,OP,4314.888332052,213.435554,2756.242106268,1526.374690632,1558.646225784,52.254626,0.0,0.0,0.0,0.9028688287352286,0.9091745215322711,0,0,0,1,1
2016-03-16,NO 15/9-F-1 C,7405,15/9-F-1 C,3420717,VOLVE,369304,MÆRSK INSPIRER,0.0,0.18592,%,production,OP,4347.1034474220005,213.360134,2760.24428484,1552.317492654,1586.859162582,52.283282,0.0,0.0,0.0,0.90275028385898,0.9237185173633322,0,0,0,1,1
2016-03-17,NO 15/9-F-1 C,7405,15/9-F-1 C,3420717,VOLVE,369304,MÆRSK INSPIRER,21.75833,39.20017375,%,production,OP,4192.753800362546,221.77462663065597,3502.8927772164307,394.1804306680356,689.8610231461155,76.32684365967884,316.377443,285.57232155,4808.182356400001,0.9026317389827314,0.9382625131943932,0,0,0,0,0
2016-03-18,NO 15/9-F-1 C,7405,15/9-F-1 C,3420717,VOLVE,369304,MÆRSK INSPIRER,24.0,49.500873125,%,production,OP,4078.1446387783744,225.602450375,3673.2867409905,179.033514230875,404.857897787875,135.65183225,238.8869838,219.07120998,5305.6434293,0.9170495876134044,0.9569148393098208,0,0,0,0,0
2016-03-19,NO 15/9-F-1 C,7405,15/9-F-1 C,3420717,VOLVE,369304,MÆRSK INSPIRER,24.0,51.160925625,%,production,OP,3993.197260039375,226.038111125,3603.1893921305,163.166429549875,390.00786790887497,142.545707375,400.2206103,369.209891295,5852.8568993,0.9225159369434904,0.9359962179126096,0,0,0,0,0
2016-03-20,NO 15/9-F-1 C,7405,15/9-F-1 C,3420717,VOLVE,369304,MÆRSK INSPIRER,24.0,51.054733125,%,production,OP,3921.030400216876,226.210842875,3506.02361946025,188.03765154675,415.006780756625,158.151390125,513.6887827,468.379925541,5397.6004515,0.9117970672420525,0.9131003809240068,0,0,0,0,0
2016-03-21,NO 15/9-F-1 C,7405,15/9-F-1 C,3420717,VOLVE,369304,MÆRSK INSPIRER,24.0,51.04212541666666,%,production,OP,3852.9519652087497,226.3572940425532,3405.08526941525,220.4325596475,447.8666957935,161.1437465,684.6458185,628.135152813,5780.3982881,0.91746000025121,0.8941003638627828,0,0,0,0,0
2016-03-22,NO 15/9-F-1 C,7405,15/9-F-1 C,3420717,VOLVE,369304,MÆRSK INSPIRER,24.0,51.69106729166667,%,production,OP,3784.049950047375,226.500564125,3317.5370027845,238.95481873500003,466.5129472628751,164.957786,1191.3529121,1080.7498899800005,6196.9724044,0.907161831732094,0.8387519686715191,0,0,0,0,0
2016-03-23,NO 15/9-F-1 C,7405,15/9-F-1 C,3420717,VOLVE,369304,MÆRSK INSPIRER,24.0,52.67782833333333,%,production,OP,3705.8009911922495,226.626537125,3218.655838493625,253.74082038025,487.145152698625,166.5458705,1534.2104551999998,1382.9098792670002,6141.7478726,0.9013821243231744,0.8001278290368574,0,0,0,0,0
2016-03-24,NO 15/9-F-1 C,7405,15/9-F-1 C,3420717,VOLVE,369304,MÆRSK INSPIRER,24.0,52.94942541666666,%,production,OP,3631.65476152425,226.667847125,3132.979722366875,262.12066881975,498.67503915737495,155.553764,1552.5767004000002,1413.624839592,6183.8895996,0.9105024178372628,0.7993170731707318,0,0,0,0,0
2016-03-25,NO 15/9-F-1 C,7405,15/9-F-1 C,3420717,VOLVE,369304,MÆRSK INSPIRER,24.0,52.93515,%,production,OP,3570.446589235375,226.64827475,3074.702196970875,260.864346642125,495.7443922645,163.372569875,1560.1244724,1428.116226737,5885.1865227,0.9153860810477984,0.790455432496135,0,0,0,0,0
2016-03-26,NO 15/9-F-1 C,7405,15/9-F-1 C,3420717,VOLVE,369304,MÆRSK INSPIRER,24.0,53.88785583333333,%,production,OP,3509.3313379585,226.669169375,3027.248679239,246.96465710675,482.0826587195,155.827470125,1668.7494911,1540.230511121,5743.9802882,0.9229848574250152,0.7748805715594851,0,0,0,0,0
2016-03-27,NO 15/9-F-1 C,7405,15/9-F-1 C,3420717,VOLVE,369304,MÆRSK INSPIRER,23.0,54.10047478260869,%,production,OP,3453.8156540100003,226.65049700000003,2991.6992800320004,227.094393039,462.116373978,153.18266586956523,1593.0830768,1487.0267966890003,5482.072599800001,0.9334270248328586,0.7748342015895311,0,0,0,0,0
2016-03-28,NO 15/9-F-1 C,7405,15/9-F-1 C,3420717,VOLVE,369304,MÆRSK INSPIRER,24.0,54.32923666666667,%,production,OP,3409.27536888925,226.624323125,2966.940679253875,207.23229169412505,442.334689635375,165.08334875,1708.8155808,1588.206590512,5546.668948500001,0.9294195396840098,0.7644794673740605,0,0,0,0,0
2016-03-29,NO 15/9-F-1 C,7405,15/9-F-1 C,3420717,VOLVE,369304,MÆRSK INSPIRER,24.0,54.763819375,%,production,OP,3357.9828554435,226.634343125,2930.407048369,192.609185852625,427.5758070745,169.4347985,1734.3522094,1595.3733557300002,5625.102879200001,0.9198669953445732,0.7643368716134216,0,0,0,0,0
2016-03-30,NO 15/9-F-1 C,7405,15/9-F-1 C,3420717,VOLVE,369304,MÆRSK INSPIRER,24.0,54.743668125,%,production,OP,3319.2365973496253,226.59149225,2907.390294326625,177.115235599625,411.846303023,166.33400450000002,1845.6189483,1697.4699191650002,5237.2731946,0.9197293518949512,0.739425800779689,0,0,0,0,0
2016-03-31,NO 15/9-F-1 C,7405,15/9-F-1 C,3420717,VOLVE,369304,MÆRSK INSPIRER,24.0,54.69002416666667,%,production,OP,3285.91236732875,226.56377975,2885.751615819625,172.015213038,400.160751509125,166.506224,1807.8171902,1655.038600821,5164.374296700001,0.9154900228810756,0.7407103356818735,0,0,0,0,0
2016-04-01,NO 15/9-F-1 C,7405,15/9-F-1 C,3420717,VOLVE,369304,MÆRSK INSPIRER,24.0,54.770475833333336,%,production,OP,3257.093567523625,226.5323915,2864.66526921125,164.98280992124998,392.428298312375,153.200777375,1883.7351969,1719.841075321,4995.367102,0.912995137613442,0.7261655496530095,0,0,0,0,0
2016-04-02,NO 15/9-F-1 C,7405,15/9-F-1 C,3420717,VOLVE,369304,MÆRSK INSPIRER,24.0,54.687739791666665,%,production,OP,3234.51771691475,226.50354275,2851.87087499275,154.909869453625,382.646841922,157.20683150000002,1790.8347032,1655.558080058,4819.4411163,0.9244616921370368,0.7290832104286598,0,0,0,0,0
2016-04-03,NO 15/9-F-1 C,7405,15/9-F-1 C,3420717,VOLVE,369304,MÆRSK INSPIRER,24.0,54.724105,%,production,OP,3217.132443947125,226.47908825,2844.667589917375,143.72869664962502,372.46485402975,162.503823875,1762.2160677000002,1618.925435454,4706.3503325,0.91868725131248,0.7275723926022442,0,0,0,0,0
2016-04-04,NO 15/9-F-1 C,7405,15/9-F-1 C,3420717,VOLVE,369304,MÆRSK INSPIRER,24.0,55.06794666666666,%,production,OP,3202.145289704,226.475506625,2837.885171880125,133.393367331875,364.26011782387496,161.150635625,1773.2861333,1617.4425712010002,5014.865513,0.9121159528784096,0.7387674545740944,0,0,0,0,0
2016-04-05,NO 15/9-F-1 C,7405,15/9-F-1 C,3420717,VOLVE,369304,MÆRSK INSPIRER,24.0,55.99812791666667,%,production,OP,3172.740261411,226.5400595,2805.1971993922502,131.999769708875,367.54306201875,161.993045375,1996.2598978,1836.034207555,4986.3097756,0.9197370590765368,0.7141081305060624,0,0,0,0,0
2016-04-06,NO 15/9-F-1 C,7405,15/9-F-1 C,3420717,VOLVE,369304,MÆRSK INSPIRER,20.82499,45.143435,%,production,OP,3168.178038262268,226.14194693644416,2796.7706126880253,142.5680215787212,371.4074255742419,151.82311756648525,1308.28048,1235.95446501,3411.5300459,0.9447167361313836,0.7228108050480416,0,0,0,0,0
2016-04-07,NO 15/9-F-1 C,7405,15/9-F-1 C,3420717,VOLVE,369304,MÆRSK INSPIRER,0.0,0.0,%,production,OP,3309.75483177,220.673354,2772.213690828,208.421926608,537.541140942,67.496126,0.0,0.0,0.0,0.9447167361313836,0.7228108050480416,0,0,0,1,1
2016-04-08,NO 15/9-F-1 C,7405,15/9-F-1 C,3420717,VOLVE,369304,MÆRSK INSPIRER,0.0,0.7128079166666667,%,production,OP,3408.098862936,218.530526,3251.174563722,71.117642844,156.924299214,45.456242,0.0,0.0,0.0,0.9447167361313836,0.7228108050480416,0,0,0,1,1
2016-04-09,NO 15/9-F-1 C,7405,15/9-F-1 C,3420717,VOLVE,369304,MÆRSK INSPIRER,0.0,0.7791114583333333,%,production,OP,3479.683818216,217.458482,3438.789483888,55.931148978,40.894334328,35.740058,0.0,0.0,0.0,0.9447167361313836,0.7228108050480416,0,0,0,1,1
2016-04-10,NO 15/9-F-1 C,7405,15/9-F-1 C,3420717,VOLVE,369304,MÆRSK INSPIRER,0.0,0.0,%,production,OP,3551.824414074,216.73121,3426.127666488,0.987853818,125.696747586,44.407418,0.0,0.0,0.0,0.9447167361313836,0.7228108050480416,0,0,0,1,1
2016-04-11,NO 15/9-F-1 C,7405,15/9-F-1 C,3420717,VOLVE,369304,MÆRSK INSPIRER,0.0,0.0,%,production,OP,3617.362445058,215.837582,3509.16467721,3.138042168,108.197767848,48.451784,0.0,0.0,0.0,0.9447167361313836,0.7228108050480416,0,0,0,1,1
2016-04-12,NO 15/9-F-1 C,7405,15/9-F-1 C,3420717,VOLVE,369304,MÆRSK INSPIRER,0.0,0.0,%,production,OP,3675.41448471,215.095856,3581.9311120380003,11.36880363,93.483372672,50.020214,0.0,0.0,0.0,0.9447167361313836,0.7228108050480416,0,0,0,1,1
2016-04-13,NO 15/9-F-1 C,7405,15/9-F-1 C,3420717,VOLVE,369304,MÆRSK INSPIRER,0.0,0.0,%,production,OP,3727.327645974,214.716218,3624.242467626,7.189098546,103.085178348,50.426636,0.0,0.0,0.0,0.9447167361313836,0.7228108050480416,0,0,0,1,1
2016-04-14,NO 15/9-F-1 C,7405,15/9-F-1 C,3420717,VOLVE,369304,MÆRSK INSPIRER,0.0,0.0,%,production,OP,3775.102292946,214.469168,3662.377308966,3.61362177,112.72498398,52.338848,0.0,0.0,0.0,0.9447167361313836,0.7228108050480416,0,0,0,1,1
2016-04-15,NO 15/9-F-1 C,7405,15/9-F-1 C,3420717,VOLVE,369304,MÆRSK INSPIRER,0.0,0.0,%,production,OP,3819.236631156,214.284056,3699.38636535,1.118823132,119.850265806,50.971406,0.0,0.0,0.0,0.9447167361313836,0.7228108050480416,0,0,0,1,1
2016-04-16,NO 15/9-F-1 C,7405,15/9-F-1 C,3420717,VOLVE,369304,MÆRSK INSPIRER,0.0,0.0,%,production,OP,3860.155476906,214.106,3734.339218008,0.986693514,125.816258898,50.141894,0.0,0.0,0.0,0.9447167361313836,0.7228108050480416,0,0,0,1,1
2016-04-17,NO 15/9-F-1 C,7405,15/9-F-1 C,3420717,VOLVE,369304,MÆRSK INSPIRER,0.0,0.0,%,production,OP,3919.920125262,214.156526,3825.67240233,38.366612064,94.247722932,49.644446,0.0,0.0,0.0,0.9447167361313836,0.7228108050480416,0,0,0,1,1
2016-04-18,NO 15/9-F-1 C,7405,15/9-F-1 C,3420717,VOLVE,369304,MÆRSK INSPIRER,0.0,0.0,%,production,OP,4015.65187701,214.215836,3816.747198924,59.755656,198.904678086,53.136032,0.0,0.0,0.0,0.9447167361313836,0.7228108050480416,0,0,0,1,1
2016-04-19,NO 15/9-F-1 C,7405,15/9-F-1 C,3420717,VOLVE,369304,MÆRSK INSPIRER,0.0,0.265188125,%,production,OP,4091.600010444,214.119572,3967.218467442,27.068151864,124.381543002,50.214308,0.0,0.0,0.0,0.9447167361313836,0.7228108050480416,0,0,0,1,1
2016-04-20,NO 15/9-F-1 C,7405,15/9-F-1 C,3420717,VOLVE,369304,MÆRSK INSPIRER,0.0,0.0,%,production,OP,4134.972028926,214.036556,3869.838793938,107.529867858,265.133234988,49.769834,0.0,0.0,0.0,0.9447167361313836,0.7228108050480416,0,0,0,1,1
2016-04-21,NO 15/9-F-1 C,7405,15/9-F-1 C,3420717,VOLVE,369304,MÆRSK INSPIRER,0.0,0.0,%,production,OP,0.0,32.0,0.0,0.0,0.0,32.0,0.0,0.0,0.0,0.9447167361313836,0.7228108050480416,0,0,0,1,1
