DATEPRD,WELL_BORE_CODE,NPD_WELL_BORE_CODE,NPD_WELL_BORE_NAME,NPD_FIELD_CODE,NPD_FIELD_NAME,NPD_FACILITY_CODE,NPD_FACILITY_NAME,ON_STREAM_HRS,AVG_CHOKE_SIZE_P,AVG_CHOKE_UOM,FLOW_KIND,WELL_TYPE,AVG_DOWNHOLE_PRESSURE_PSI,AVG_DOWNHOLE_TEMPERATURE_F,AVG_DP_TUBING_PSI,AVG_ANNULUS_PRESS_PSI,DP_CHOKE_SIZE_PSI,AVG_WHP_P_PSI,AVG_WHT_P,BORE_OIL_VOL_STB_D,BORE_GAS_VOL_MSCF_D,BORE_WAT_VOL_STB_D,GOR_MSCF/STB,WCUT,AVG_CHOKE_SIZE_P_WAS_MISSING,AVG_DOWNHOLE_PRESSURE_PSI_WAS_MISSING,AVG_DOWNHOLE_TEMPERATURE_F_WAS_MISSING,AVG_DP_TUBING_PSI_WAS_MISSING,AVG_ANNULUS_PRESS_PSI_WAS_MISSING,DP_CHOKE_SIZE_PSI_WAS_MISSING,AVG_WHP_P_PSI_WAS_MISSING,AVG_WHT_P_WAS_MISSING,GOR_MSCF/STB_WAS_MISSING,WCUT_WAS_MISSING
2013-07-08,NO 15/9-F-11 H,7078,15/9-F-11,3420717,VOLVE,369304,MÆRSK INSPIRER,0.0,0.0,%,production,OP,0.0,32.0,0.0,0.0,0.0,0.0,32.0,0.0,0.0,0.0,0.8720605282697769,0.0,0,0,0,0,0,0,0,0,1,1
2013-07-09,NO 15/9-F-11 H,7078,15/9-F-11,3420717,VOLVE,369304,MÆRSK INSPIRER,0.0,0.0,%,production,OP,0.0,32.0,0.0,0.0,0.0,0.0,32.0,0.0,0.0,0.0,0.8720605282697769,0.0,0,0,0,0,0,0,0,0,1,1
2013-07-10,NO 15/9-F-11 H,7078,15/9-F-11,3420717,VOLVE,369304,MÆRSK INSPIRER,0.0,0.0,%,production,OP,0.0,32.0,0.0,0.0,0.0,0.0,32.0,0.0,0.0,0.0,0.8720605282697769,0.0,1,1,1,1,1,1,1,1,1,1
2013-07-11,NO 15/9-F-11 H,7078,15/9-F-11,3420717,VOLVE,369304,MÆRSK INSPIRER,0.0,0.0,%,production,OP,0.0,32.0,0.0,0.0,0.0,0.0,32.0,0.0,0.0,0.0,0.8720605282697769,0.0,0,0,0,0,0,0,0,0,1,1
2013-07-12,NO 15/9-F-11 H,7078,15/9-F-11,3420717,VOLVE,369304,MÆRSK INSPIRER,0.0,0.0,%,production,OP,0.0,32.0,0.0,0.0,0.0,0.0,32.0,0.0,0.0,0.0,0.8720605282697769,0.0,1,1,1,1,1,1,1,1,1,1
2013-07-13,NO 15/9-F-11 H,7078,15/9-F-11,3420717,VOLVE,369304,MÆRSK INSPIRER,0.0,0.0,%,production,OP,0.0,32.0,0.0,0.0,0.0,0.0,32.0,0.0,0.0,0.0,0.8720605282697769,0.0,0,0,0,0,0,0,0,0,1,1
2013-07-14,NO 15/9-F-11 H,7078,15/9-F-11,3420717,VOLVE,369304,MÆRSK INSPIRER,0.0,0.0,%,production,OP,0.0,32.0,0.0,0.0,0.0,0.0,32.0,0.0,0.0,0.0,0.8720605282697769,0.0,0,0,0,0,0,0,0,0,1,1
2013-07-15,NO 15/9-F-11 H,7078,15/9-F-11,3420717,VOLVE,369304,MÆRSK INSPIRER,0.0,0.0,%,production,OP,0.0,32.0,0.0,0.0,0.0,0.0,32.0,0.0,0.0,0.0,0.8720605282697769,0.0,0,0,0,0,0,0,0,0,1,1
2013-07-16,NO 15/9-F-11 H,7078,15/9-F-11,3420717,VOLVE,369304,MÆRSK INSPIRER,0.0,0.0,%,production,OP,0.0,32.0,0.0,0.0,0.0,0.0,32.0,0.0,0.0,0.0,0.8720605282697769,0.0,0,0,0,0,0,0,0,0,1,1
2013-07-17,NO 15/9-F-11 H,7078,15/9-F-11,3420717,VOLVE,369304,MÆRSK INSPIRER,0.0,0.0,%,production,OP,0.0,32.0,0.0,0.0,0.0,0.0,32.0,0.0,0.0,0.0,0.8720605282697769,0.0,0,0,0,0,0,0,0,0,1,1
2013-07-18,NO 15/9-F-11 H,7078,15/9-F-11,3420717,VOLVE,369304,MÆRSK INSPIRER,0.0,0.0,%,production,OP,0.0,32.0,0.0,0.0,0.0,0.0,32.0,0.0,0.0,0.0,0.8720605282697769,0.0,0,0,0,0,0,0,0,0,1,1
2013-07-19,NO 15/9-F-11 H,7078,15/9-F-11,3420717,VOLVE,369304,MÆRSK INSPIRER,0.0,0.0,%,production,OP,0.0,32.0,0.0,0.0,0.0,0.0,32.0,0.0,0.0,0.0,0.8720605282697769,0.0,0,0,0,0,0,0,0,0,1,1
2013-07-20,NO 15/9-F-11 H,7078,15/9-F-11,3420717,VOLVE,369304,MÆRSK INSPIRER,0.0,0.0,%,production,OP,0.0,32.0,0.0,0.0,0.0,0.0,32.0,0.0,0.0,0.0,0.8720605282697769,0.0,0,0,0,0,0,0,0,0,1,1
2013-07-21,NO 15/9-F-11 H,7078,15/9-F-11,3420717,VOLVE,369304,MÆRSK INSPIRER,0.0,0.0,%,production,OP,0.0,32.0,0.0,0.0,0.0,0.0,32.0,0.0,0.0,0.0,0.8720605282697769,0.0,0,0,0,0,0,0,0,0,1,1
2013-07-22,NO 15/9-F-11 H,7078,15/9-F-11,3420717,VOLVE,369304,MÆRSK INSPIRER,0.0,0.0,%,production,OP,0.0,32.0,0.0,0.0,0.0,0.0,32.0,0.0,0.0,0.0,0.8720605282697769,0.0,0,0,0,0,0,0,0,0,1,1
2013-07-23,NO 15/9-F-11 H,7078,15/9-F-11,3420717,VOLVE,369304,MÆRSK INSPIRER,0.0,1.113273958333333,%,production,OP,13.969117413,32.31698,189.441673776,20.924342184,136.708975293,203.410791189,48.375167,0.0,0.0,0.0,0.8720605282697769,0.0,0,1,1,1,1,1,1,1,1,1
2013-07-24,NO 15/9-F-11 H,7078,15/9-F-11,3420717,VOLVE,369304,MÆRSK INSPIRER,7.0,3.256547708333333,%,production,OP,27.938234826,32.63396,378.883347552,41.848684368,273.417950586,406.821582378,64.750334,112.2731085,97.908946309,0.0,0.8720605282697769,0.0,0,0,0,0,0,0,0,0,0,0
2013-07-25,NO 15/9-F-11 H,7078,15/9-F-11,3420717,VOLVE,369304,MÆRSK INSPIRER,24.0,8.549130833333333,%,production,OP,2372.738428188,140.568332,891.593257704,282.309360138,1058.127484722,1481.145170484,98.541392,4560.11225,3847.187302617001,0.0,0.8436606582693223,0.0,0,0,0,0,0,0,0,0,0,0
2013-07-26,NO 15/9-F-11 H,7078,15/9-F-11,3420717,VOLVE,369304,MÆRSK INSPIRER,24.0,9.419192291666668,%,production,OP,1581.8256187920001,104.37888799999999,594.3955051360001,188.20624009199997,705.4183231479999,987.430113656,76.360928,5607.239818800001,4639.876597285,0.0,0.827479606227717,0.0,0,1,1,1,1,1,1,1,0,0
2013-07-27,NO 15/9-F-11 H,7078,15/9-F-11,3420717,VOLVE,369304,MÆRSK INSPIRER,24.0,9.322098333333331,%,production,OP,790.9128093960001,68.189444,297.19775256800006,94.10312004599999,352.70916157399995,493.715056828,54.180464,5575.4133802,4753.949081784001,0.0,0.8526630686554525,0.0,0,1,1,1,1,1,1,1,0,0
2013-07-28,NO 15/9-F-11 H,7078,15/9-F-11,3420717,VOLVE,369304,MÆRSK INSPIRER,0.84,2.464222083333333,%,production,OP,0.0,32.0,0.0,0.0,0.0,0.0,32.0,352.2922581,318.2479540190001,0.0,0.9033634623008484,0.0,0,0,0,0,0,0,0,0,0,0
2013-07-29,NO 15/9-F-11 H,7078,15/9-F-11,3420717,VOLVE,369304,MÆRSK INSPIRER,4.0,2.5369872916666667,%,production,OP,0.0,32.0,0.0,0.0,0.0,0.0,32.0,777.3576179,663.6514997500001,0.0,0.8537274022512671,0.0,0,0,0,0,0,0,0,0,0,0
2013-07-30,NO 15/9-F-11 H,7078,15/9-F-11,3420717,VOLVE,369304,MÆRSK INSPIRER,24.0,9.778704583333331,%,production,OP,1986.635747779576,126.99623297240664,1300.8628251856237,156.2802734963528,481.5534969772275,685.7729225939522,82.36300357405312,6493.474047800001,5504.314061649001,0.0,0.8476686009877672,0.0,0,1,1,1,1,1,1,1,0,0
2013-07-31,NO 15/9-F-11 H,7078,15/9-F-11,3420717,VOLVE,369304,MÆRSK INSPIRER,5.07514,2.54080375,%,production,OP,3973.271495559152,221.9924659448133,2601.7256503712474,312.5605469927056,963.106993954455,1371.5458451879044,132.72600714810625,1197.2653335,1028.354529031,0.0,0.8589194894875825,0.0,0,0,0,0,0,0,0,0,0,0
2013-08-01,NO 15/9-F-11 H,7078,15/9-F-11,3420717,VOLVE,369304,MÆRSK INSPIRER,0.0,0.0036002083333333,%,production,OP,4583.406608922,215.953196,4571.094188064,0.0,6.512786352,12.312420858,65.81471,0.0,0.0,0.0,0.8540399569813967,0.0,0,0,0,0,0,0,0,0,1,1
2013-08-02,NO 15/9-F-11 H,7078,15/9-F-11,3420717,VOLVE,369304,MÆRSK INSPIRER,0.0,0.0,%,production,OP,4605.700689978,215.13212600000003,4593.8162762580005,0.0,5.053704072,11.88441372,61.58741,0.0,0.0,0.0,0.8491604244752109,0.0,0,0,0,0,0,0,0,0,1,1
2013-08-03,NO 15/9-F-11 H,7078,15/9-F-11,3420717,VOLVE,369304,MÆRSK INSPIRER,15.07486,6.116181875,%,production,OP,4029.121981199136,220.87978695619063,2629.569989212717,23.97370519361374,992.6561080603155,1399.551991986418,105.83434993080137,3711.5539829,3133.594107274,0.0,0.8442808919690251,0.0,0,0,0,0,0,0,0,0,0,0
2013-08-04,NO 15/9-F-11 H,7078,15/9-F-11,3420717,VOLVE,369304,MÆRSK INSPIRER,24.0,9.951288085106382,%,production,OP,3968.1579927468506,221.79157719148932,2572.870797397532,251.04409863,985.4425674218298,1395.287195349319,126.41951587234044,6707.8307726,5693.6831369,0.0,0.8488113862617751,0.0,0,0,0,0,0,0,0,0,0,0
2013-08-05,NO 15/9-F-11 H,7078,15/9-F-11,3420717,VOLVE,369304,MÆRSK INSPIRER,24.0,9.758748125,%,production,OP,3949.3629040662126,221.96804000000003,2564.069919330766,358.9654641668936,975.4973025040852,1385.292984735447,131.33181621276594,6664.745574099999,5659.904273203,0.0,0.8492303584998153,0.0,0,0,0,0,0,0,0,0,0,0
2013-08-06,NO 15/9-F-11 H,7078,15/9-F-11,3420717,VOLVE,369304,MÆRSK INSPIRER,24.0,9.882110416666666,%,production,OP,3938.66574891275,222.052550375,2560.201732276375,409.866972458625,968.808125835375,1378.4640166363752,134.985209375,6732.9271145,5683.94687411,0.0,0.844201456134744,0.0,0,0,0,0,0,0,0,0,0,0
2013-08-07,NO 15/9-F-11 H,7078,15/9-F-11,3420717,VOLVE,369304,MÆRSK INSPIRER,24.0,9.788962708333331,%,production,OP,3931.568127042,222.1047755,2557.439752491,320.33956260425003,964.6654417008752,1374.128374551,137.07836975,6729.8451076,5658.561608309001,0.0,0.8408160244161933,0.0,0,0,0,0,0,0,0,0,0,0
2013-08-08,NO 15/9-F-11 H,7078,15/9-F-11,3420717,VOLVE,369304,MÆRSK INSPIRER,24.0,9.784328333333333,%,production,OP,3926.041233473376,222.151294625,2555.200341598,320.16798265025,961.35483755075,1370.8408918753748,137.528721125,6681.161978200001,5632.121139272001,0.0,0.8429852707731198,0.0,0,0,0,0,0,0,0,0,0,0
2013-08-09,NO 15/9-F-11 H,7078,15/9-F-11,3420717,VOLVE,369304,MÆRSK INSPIRER,24.0,9.914905208333334,%,production,OP,3919.5798782005,222.2014985,2551.897702451375,336.283278716875,958.161551012875,1367.682175749125,135.907694375,6755.25594,5727.9306266660005,0.0,0.8479220739438039,0.0,0,0,0,0,0,0,0,0,0,0
2013-08-10,NO 15/9-F-11 H,7078,15/9-F-11,3420717,VOLVE,369304,MÆRSK INSPIRER,24.0,9.880803541666667,%,production,OP,3915.9265371698752,222.251318,2551.693978450625,352.21145763375,954.925324162125,1364.2325587192502,137.167436375,6731.983643,5720.946438447,0.0,0.8498158554493387,0.0,0,0,0,0,0,0,0,0,0,0
2013-08-11,NO 15/9-F-11 H,7078,15/9-F-11,3420717,VOLVE,369304,MÆRSK INSPIRER,24.0,9.880837083333333,%,production,OP,3915.42044822025,222.292026875,2552.5117842785,365.230258876125,948.9281116406248,1362.90866394175,136.75371275,6630.025822899999,5653.710781117,0.0,0.8527434028370111,0.0,0,0,0,0,0,0,0,0,0,0
2013-08-12,NO 15/9-F-11 H,7078,15/9-F-11,3420717,VOLVE,369304,MÆRSK INSPIRER,24.0,9.84736625,%,production,OP,3914.18256702,222.335705375,2552.85539743025,377.41302180537497,945.01527949825,1361.32716958975,137.751896,6533.1627489,5616.812923116,0.0,0.8597387114015662,0.0,0,0,0,0,0,0,0,0,0,0
2013-08-13,NO 15/9-F-11 H,7078,15/9-F-11,3420717,VOLVE,369304,MÆRSK INSPIRER,24.0,9.864827708333332,%,production,OP,3909.6544897248746,222.39692375,2552.749456236125,386.130379714125,945.9455592735,1356.90503348875,137.39268275,6609.898430900001,5654.458746463,0.0,0.8554531972880999,0.0,0,0,0,0,0,0,0,0,0,0
2013-08-14,NO 15/9-F-11 H,7078,15/9-F-11,3420717,VOLVE,369304,MÆRSK INSPIRER,24.0,9.796098125,%,production,OP,3907.501225360625,222.44599475,2555.335810111625,399.48515544025,942.60928037575,1352.1654152489998,137.92864775,6570.0210355,5597.617971078,0.0,0.8519939191719806,0.0,0,0,0,0,0,0,0,0,0,0
2013-08-15,NO 15/9-F-11 H,7078,15/9-F-11,3420717,VOLVE,369304,MÆRSK INSPIRER,24.0,9.837349791666666,%,production,OP,3906.771028528,222.48248375,2556.76732610675,405.65391165625,940.1152492305,1350.0037024212502,135.42259775,6570.335526,5614.031537344001,0.0,0.854451270430295,0.0,0,0,0,0,0,0,0,0,0,0
2013-08-16,NO 15/9-F-11 H,7078,15/9-F-11,3420717,VOLVE,369304,MÆRSK INSPIRER,24.0,9.910574791666669,%,production,OP,3881.406755893375,222.594089375,2549.2214219942502,344.22347769725,922.19626966075,1332.185333899125,137.452361,6766.1373113,5735.459014412,0.0,0.8476710936435353,0.0,0,0,0,0,0,0,0,0,0,0
2013-08-17,NO 15/9-F-11 H,7078,15/9-F-11,3420717,VOLVE,369304,MÆRSK INSPIRER,24.0,10.092222083333333,%,production,OP,3871.888751965125,222.664561625,2545.5947770205,308.0751553675,916.3383480085,1326.293974944625,135.53159862500002,6848.7225166,5839.539557693,0.0,0.8526465400721182,0.0,0,0,0,0,0,0,0,0,0,0
2013-08-18,NO 15/9-F-11 H,7078,15/9-F-11,3420717,VOLVE,369304,MÆRSK INSPIRER,24.0,9.786481458333334,%,production,OP,3887.334196072,222.632366375,2553.8980967636253,294.67860265412503,923.4325675295,1333.4360993083749,133.705913375,6553.4788352000005,5593.793389068,0.0,0.853560914704211,0.0,0,0,0,0,0,0,0,0,0,0
2013-08-19,NO 15/9-F-11 H,7078,15/9-F-11,3420717,VOLVE,369304,MÆRSK INSPIRER,24.0,9.866035625,%,production,OP,3858.4028709518752,222.768157625,2542.1493993305,333.70817435125,906.3360924145,1316.253471621375,140.151118625,6585.8084586,5599.381587196,371.4761786,0.8502193196773152,0.0533938451524247,0,0,0,0,0,0,0,0,0,0
2013-08-20,NO 15/9-F-11 H,7078,15/9-F-11,3420717,VOLVE,369304,MÆRSK INSPIRER,24.0,9.813110625,%,production,OP,3866.129425936625,222.760287125,2546.187967332375,334.121747186625,910.326235854125,1319.94145860425,139.10233062499998,6442.2749944,5512.346743311,369.211847,0.8556521955524489,0.0542042957135206,0,0,0,0,0,0,0,0,0,0
2013-08-21,NO 15/9-F-11 H,7078,15/9-F-11,3420717,VOLVE,369304,MÆRSK INSPIRER,24.0,10.101676041666666,%,production,OP,3864.25090886875,222.791882375,2546.48899067975,343.01490021625,908.101407323375,1317.7619181890002,139.803209375,6607.0051183000005,5653.980232278,374.243695,0.8557553885674578,0.0536069842242303,0,0,0,0,0,0,0,0,0,0
2013-08-22,NO 15/9-F-11 H,7078,15/9-F-11,3420717,VOLVE,369304,MÆRSK INSPIRER,24.0,10.024740212765956,%,production,OP,3864.084756910468,222.82204885106384,2547.2406880457875,345.34851599042554,907.2122055113616,1316.8440688646808,141.4664010212766,6575.4302721,5603.194162208001,391.4777744,0.8521410661113291,0.0561910350742563,0,0,0,0,0,0,0,0,0,0
2013-08-23,NO 15/9-F-11 H,7078,15/9-F-11,3420717,VOLVE,369304,MÆRSK INSPIRER,24.0,10.087653125,%,production,OP,3864.0470730678753,222.845349125,2547.4233194325,348.553819852375,907.056556593,1316.6237536353751,140.223748625,6534.357812800001,5617.540759083001,372.7970387,0.8596928604183461,0.0539725902654464,0,0,0,0,0,0,0,0,0,0
2013-08-24,NO 15/9-F-11 H,7078,15/9-F-11,3420717,VOLVE,369304,MÆRSK INSPIRER,24.0,10.057718958333334,%,production,OP,3864.663611476125,222.864272,2548.41543374175,350.44130510325,906.563363938875,1316.248177734375,138.372390875,6479.384873400001,5579.848320332,381.6656708,0.8611694519396597,0.0556278762765625,0,0,0,0,0,0,0,0,0,0
2013-08-25,NO 15/9-F-11 H,7078,15/9-F-11,3420717,VOLVE,369304,MÆRSK INSPIRER,24.0,10.081355,%,production,OP,3867.2005104152495,222.873049625,2550.28173437975,356.70550840975,907.227952227875,1316.9187760354998,140.072885,6475.862579799999,5555.380530437,382.7978366,0.857859545655858,0.0558123326363669,0,0,0,0,0,0,0,0,0,0
2013-08-26,NO 15/9-F-11 H,7078,15/9-F-11,3420717,VOLVE,369304,MÆRSK INSPIRER,24.0,10.123797083333333,%,production,OP,3868.987227494,222.88640075,2551.668415503125,360.89379490875,907.542328136125,1317.318811990875,140.34186725,6478.8187905,5557.2010032220005,385.8169454,0.8577491025633588,0.0562035569319858,0,0,0,0,0,0,0,0,0,0
2013-08-27,NO 15/9-F-11 H,7078,15/9-F-11,3420717,VOLVE,369304,MÆRSK INSPIRER,19.64181,8.399123541666667,%,production,OP,3876.891711267146,222.90282439779327,2554.1050879487148,361.8449322497602,911.7635705285386,1322.7866233184316,136.88010231288155,4389.4068066,3841.495632418,241.2771116,0.8751742095633174,0.0521039906549672,0,0,0,0,0,0,0,0,0,0
2013-08-28,NO 15/9-F-11 H,7078,15/9-F-11,3420717,VOLVE,369304,MÆRSK INSPIRER,0.0,1.287447708333333,%,production,OP,4436.14604661,218.712326,2787.505917396,0.0,1261.47743247,1648.640129214,80.178836,0.0,0.0,0.0,0.8938978235070334,0.0526619444450791,0,0,0,0,0,0,0,0,1,1
2013-08-29,NO 15/9-F-11 H,7078,15/9-F-11,3420717,VOLVE,369304,MÆRSK INSPIRER,0.0,1.2162597916666666,%,production,OP,4501.900329252,217.698242,3107.571279618,0.0,1025.508438522,1394.329049634,65.56586,0.0,0.0,0.0,0.9126214374507493,0.053219898235191,0,0,0,0,0,0,0,0,1,1
2013-08-30,NO 15/9-F-11 H,7078,15/9-F-11,3420717,VOLVE,369304,MÆRSK INSPIRER,0.0,1.12717125,%,production,OP,4536.140755254,216.99032000000005,2900.550565128,0.0,1278.651962202,1635.590190126,65.115284,0.0,0.0,0.0,0.9313450513944652,0.0537778520253029,0,0,0,0,0,0,0,0,1,1
2013-08-31,NO 15/9-F-11 H,7078,15/9-F-11,3420717,VOLVE,369304,MÆRSK INSPIRER,0.0,1.2297714583333332,%,production,OP,4558.143890081999,216.575726,2904.971758482,0.0,1297.927802478,1653.1721316,63.222908,0.0,0.0,0.0,0.9500686653381812,0.0543358058154148,0,0,0,0,0,0,0,0,1,1
2013-09-01,NO 15/9-F-11 H,7078,15/9-F-11,3420717,VOLVE,369304,MÆRSK INSPIRER,0.0,1.2378720833333334,%,production,OP,4574.110108236,216.260942,2910.403866696,0.0,1310.134200558,1663.7062415399998,61.596284,0.0,0.0,0.0,0.9687922792818973,0.0548937596055267,0,0,0,0,0,0,0,0,1,1
2013-09-02,NO 15/9-F-11 H,7078,15/9-F-11,3420717,VOLVE,369304,MÆRSK INSPIRER,1.69152,1.5701879166666666,%,production,OP,4224.532173080647,218.97053436655787,2741.9605368721504,0.0,1047.851948663361,1482.571636208497,74.87841483388905,95.3535196,94.16311608,5.597930900000001,0.9875158932256132,0.0554517133956386,0,0,0,0,0,0,0,0,0,0
2013-09-03,NO 15/9-F-11 H,7078,15/9-F-11,3420717,VOLVE,369304,MÆRSK INSPIRER,24.0,9.482035833333333,%,production,OP,4003.4640347291247,222.089615,2645.36812746025,49.95039222625,943.127347046875,1358.095907268875,121.9369385,5918.4596176000005,5175.860512477,339.9642305,0.8745283142737514,0.0543210620998783,0,0,0,0,0,0,0,0,0,0
2013-09-04,NO 15/9-F-11 H,7078,15/9-F-11,3420717,VOLVE,369304,MÆRSK INSPIRER,24.0,9.642923333333334,%,production,OP,3919.1462538616247,222.350471375,2577.056972937876,182.511205178625,927.86155063275,1342.08928092375,131.75116775,6097.530508299999,5335.095907365001,363.4252218,0.8749601006674477,0.0562494524001908,0,0,0,0,0,0,0,0,0,0
2013-09-05,NO 15/9-F-11 H,7078,15/9-F-11,3420717,VOLVE,369304,MÆRSK INSPIRER,24.0,9.8462925,%,production,OP,3876.2149424075,222.540111875,2560.765966355875,257.087176397375,903.3211875085,1315.4489760516249,137.115587,6392.962884,5558.586045756001,399.4658331,0.8694851114602532,0.0588104564269244,0,0,0,0,0,0,0,0,0,0
2013-09-06,NO 15/9-F-11 H,7078,15/9-F-11,3420717,VOLVE,369304,MÆRSK INSPIRER,24.0,10.236424791666666,%,production,OP,3813.77073513125,222.808019375,2534.341831557875,337.801068149,866.369569194125,1279.428903573375,143.493477125,7276.3038004,6242.185053801,514.0661713000001,0.8578785637644554,0.0659873886821092,0,0,0,0,0,0,0,0,0,0
2013-09-07,NO 15/9-F-11 H,7078,15/9-F-11,3420717,VOLVE,369304,MÆRSK INSPIRER,24.0,10.228139166666669,%,production,OP,3809.32575554525,222.861240125,2532.937226155,359.01355853625,864.01508575625,1276.38852939025,143.310431375,7237.369876500001,6206.99289581,516.7078915000001,0.8576310181360673,0.0666369240752758,0,0,0,0,0,0,0,0,0,0
2013-09-08,NO 15/9-F-11 H,7078,15/9-F-11,3420717,VOLVE,369304,MÆRSK INSPIRER,24.0,10.202685625,%,production,OP,3810.1301242067498,222.8814425,2533.428883823625,374.71320893275,864.498766334875,1276.7012403831252,144.58810325,7172.962222100001,6126.540712005,513.6258846,0.8541158481399831,0.0668210495307142,0,0,0,0,0,0,0,0,0,0
2013-09-09,NO 15/9-F-11 H,7078,15/9-F-11,3420717,VOLVE,369304,MÆRSK INSPIRER,24.0,9.942059166666668,%,production,OP,3813.38030530749,222.89138523404256,2534.7794489420426,380.95776743361705,866.2286758992766,1278.6008563654468,144.7174189361702,6977.915214000001,5978.098195731001,495.8886204,0.8567169437279725,0.0663502322763078,0,0,0,0,0,0,0,0,0,0
2013-09-10,NO 15/9-F-11 H,7078,15/9-F-11,3420717,VOLVE,369304,MÆRSK INSPIRER,24.0,10.165071666666666,%,production,OP,3812.955827041751,222.91252325,2534.749491073125,380.74438451925,865.962804079875,1278.206335968625,143.121413375,7038.108695700001,6023.776700740002,509.4117119,0.8558800327167845,0.0674939164638821,0,0,0,0,0,0,0,0,0,0
2013-09-11,NO 15/9-F-11 H,7078,15/9-F-11,3420717,VOLVE,369304,MÆRSK INSPIRER,24.0,10.16986875,%,production,OP,3813.354128584375,222.929153375,2535.00866491425,392.91992576475,864.773607301625,1278.345463670125,143.82887075,6935.0187098,5950.381100289001,507.2731765,0.8580194732395473,0.0681608816544543,0,0,0,0,0,0,0,0,0,0
2013-09-12,NO 15/9-F-11 H,7078,15/9-F-11,3420717,VOLVE,369304,MÆRSK INSPIRER,18.64181,8.324741458333333,%,production,OP,3815.174011723444,222.9531060681232,2541.940044875034,245.39306743914207,862.8067515921201,1273.23396684841,143.4796862687593,5094.117119,4466.926385505,358.26757760000004,0.8768794044495546,0.0657084188911704,0,0,0,0,0,0,0,0,0,0
2013-09-13,NO 15/9-F-11 H,7078,15/9-F-11,3420717,VOLVE,369304,MÆRSK INSPIRER,0.0,1.139536875,%,production,OP,4453.092141491999,219.11675,4449.0914133,0.0,2.490012384,4.000728192,65.20272800000001,0.0,0.0,0.0,0.8408556468632431,0.09989882693479911,0,0,0,0,0,0,0,0,1,1
2013-09-14,NO 15/9-F-11 H,7078,15/9-F-11,3420717,VOLVE,369304,MÆRSK INSPIRER,6.35819,3.297575625,%,production,OP,3935.760942285004,221.25433812783515,2633.846709362267,0.0002965457150541,898.637361624145,1301.9142329227373,111.71354103625715,2070.2909615,1666.236185897,320.5916157,0.8048318892769315,0.1340892349784278,0,0,0,0,0,0,0,0,0,0
2013-09-15,NO 15/9-F-11 H,7078,15/9-F-11,3420717,VOLVE,369304,MÆRSK INSPIRER,24.0,10.072434166666667,%,production,OP,3822.598131557625,222.21775175,2554.6859038985,59.747808839875,856.8728526140001,1267.912227659125,130.3390175,6177.914280100001,5318.009949211,438.3368589,0.8608099284156656,0.0662515448236524,0,0,0,0,0,0,0,0,0,0
2013-09-16,NO 15/9-F-11 H,7078,15/9-F-11,3420717,VOLVE,369304,MÆRSK INSPIRER,22.5,9.401079791666668,%,production,OP,3798.980402482625,222.513036679056,2539.917641047261,125.35743575285902,849.9050935408824,1259.062761435363,135.435484519576,5959.4062807,5163.837976009,367.324904,0.866502086412952,0.0580591925397914,0,0,0,0,0,0,0,0,0,0
2013-09-17,NO 15/9-F-11 H,7078,15/9-F-11,3420717,VOLVE,369304,MÆRSK INSPIRER,24.0,9.964684166666666,%,production,OP,3783.9560711802505,222.677754875,2529.72989812575,166.19151733212502,841.07909068525,1254.2261730545,137.87718462499998,6553.98202,5690.345191456,383.8042062,0.868227159319549,0.0553208464035103,0,0,0,0,0,0,0,0,0,0
2013-09-18,NO 15/9-F-11 H,7078,15/9-F-11,3420717,VOLVE,369304,MÆRSK INSPIRER,10.97514,5.4178283333333335,%,production,OP,3767.491119278061,222.8009359553245,2542.285754797684,197.4432590834596,816.82952134854,1225.205364480377,143.8561388599544,2983.3197811,2644.353435296,179.25958500000002,0.8863794796818538,0.0566814502495972,0,0,0,0,0,0,0,0,0,0
2013-09-20,NO 15/9-F-11 H,7078,15/9-F-11,3420717,VOLVE,369304,MÆRSK INSPIRER,16.27486,6.765331458333334,%,production,OP,3902.6471376196937,221.57035751292975,2612.023705271937,16.31877792294373,892.9423419859852,1290.6234323477563,120.02757020344998,4042.2092946,3407.3059868290006,325.6863618,0.8429316095484792,0.0745636772075341,0,0,0,0,0,0,0,0,0,0
2013-09-21,NO 15/9-F-11 H,7078,15/9-F-11,3420717,VOLVE,369304,MÆRSK INSPIRER,9.80848,5.044405833333333,%,production,OP,3849.349101142448,222.21775452699907,2589.800867851064,76.63632760051631,853.4043582978617,1259.5482332913843,133.0665968986734,1949.0863228,1731.632300504,112.3360066,0.88843284171036,0.0544944163056081,0,0,0,0,0,0,0,0,0,0
2013-09-22,NO 15/9-F-11 H,7078,15/9-F-11,3420717,VOLVE,369304,MÆRSK INSPIRER,24.0,9.713605833333334,%,production,OP,3846.0380667653153,222.03279199670305,2572.110802468081,63.61140757362566,864.4747739080152,1273.9272642972342,130.40330632329275,6506.8713431,5605.010397229001,443.1800126,0.8613986817447454,0.0637664370978397,0,0,0,0,0,0,0,0,0,0
2013-09-23,NO 15/9-F-11 H,7078,15/9-F-11,3420717,VOLVE,369304,MÆRSK INSPIRER,24.0,10.239743541666666,%,production,OP,3790.04282049375,222.53532275,2534.957100883625,168.674311054,844.026232629,1255.0857196101251,143.98248425,6758.9669279,5824.721156426,400.2206103,0.861776839354314,0.0559030767338475,0,0,0,0,0,0,0,0,0,0
2013-09-24,NO 15/9-F-11 H,7078,15/9-F-11,3420717,VOLVE,369304,MÆRSK INSPIRER,24.0,10.353891458333331,%,production,OP,3784.072406764376,222.635187875,2531.4040324786247,193.026191254,841.527539116375,1252.66837428575,144.56744112500002,7186.2966193,6217.09996295,434.5629729,0.865132667395462,0.0570228289397665,0,0,0,0,0,0,0,0,0,0
2013-09-25,NO 15/9-F-11 H,7078,15/9-F-11,3420717,VOLVE,369304,MÆRSK INSPIRER,24.0,10.060066666666666,%,production,OP,3800.027595987125,222.611396375,2538.4733779826247,187.981697095,850.459396140625,1261.5542180045,143.280081875,6966.0274731,6036.701174646,419.1529384,0.8665916403513072,0.0567559511135715,0,0,0,0,0,0,0,0,0,0
2013-09-26,NO 15/9-F-11 H,7078,15/9-F-11,3420717,VOLVE,369304,MÆRSK INSPIRER,24.0,10.154590833333334,%,production,OP,3781.351663095376,222.6914465,2530.549541101625,205.269371575125,839.83024098625,1250.80212199375,144.567219875,7073.0171412,6127.5312893400005,425.191156,0.8663249596339039,0.056705700768379,0,0,0,0,0,0,0,0,0,0
2013-09-27,NO 15/9-F-11 H,7078,15/9-F-11,3420717,VOLVE,369304,MÆRSK INSPIRER,8.30848,4.5381785416666665,%,production,OP,3793.2333811445055,222.70798547165543,2539.660171633616,211.03082355241872,844.926594769797,1253.57320951089,144.72454728633394,1883.5465026,1749.497654087,112.7133952,0.9288316756034628,0.0564622849580944,0,0,0,0,0,0,0,0,0,0
2013-09-28,NO 15/9-F-11 H,7078,15/9-F-11,3420717,VOLVE,369304,MÆRSK INSPIRER,12.35819,5.838221666666667,%,production,OP,3828.5788212095854,221.6081014396769,2588.5385572456244,33.04797521894388,827.8094107188772,1240.0402639639606,126.92130751522514,2390.3164943,2105.053822921,130.1361689,0.8806590373872066,0.0516320622878818,0,0,0,0,0,0,0,0,0,0
2013-09-29,NO 15/9-F-11 H,7078,15/9-F-11,3420717,VOLVE,369304,MÆRSK INSPIRER,24.0,10.3539175,%,production,OP,3670.781158172875,217.415995625,2436.2131939083747,159.32601367225,821.49062100025,1234.5679642645,140.66535199999998,7287.373866,6337.934506205,446.5136119,0.8697144709118455,0.0577346920518221,0,0,0,0,0,0,0,0,0,0
2013-09-30,NO 15/9-F-11 H,7078,15/9-F-11,3420717,VOLVE,369304,MÆRSK INSPIRER,24.0,10.417456458333334,%,production,OP,3701.07527847075,220.149255875,2472.02359280625,210.7279220295,815.9878732369999,1229.0516856645,142.74857187499998,7516.008459500001,6523.509723235,435.0032596,0.867948693563468,0.0547104286810483,0,0,0,0,0,0,0,0,0,0
2013-10-01,NO 15/9-F-11 H,7078,15/9-F-11,3420717,VOLVE,369304,MÆRSK INSPIRER,24.0,10.429214166666666,%,production,OP,3746.6019270915,222.732431375,2517.409370247876,220.4884234505,816.15532565125,1229.192556843625,141.385343,7522.2353714,6519.71869019,525.9539122,0.8667262280808669,0.0653505892650598,0,0,0,0,0,0,0,0,0,0
2013-10-02,NO 15/9-F-11 H,7078,15/9-F-11,3420717,VOLVE,369304,MÆRSK INSPIRER,24.0,10.428322916666668,%,production,OP,3745.6168712982494,222.78112025,2516.83937997275,224.483552571375,815.751820870375,1228.7774913255,140.6374295,7856.287180499999,6817.856688294,463.8734875,0.8678217243912015,0.0557529482915028,0,0,0,0,0,0,0,0,0,0
2013-10-03,NO 15/9-F-11 H,7078,15/9-F-11,3420717,VOLVE,369304,MÆRSK INSPIRER,24.0,10.44692489361702,%,production,OP,3745.0255653874474,222.81362446808512,2516.822195412766,227.2830631251064,815.1219536885106,1228.2033699746808,139.51831885106384,7832.5745968,6824.781194670001,432.2986413,0.8713330604547663,0.0523055380096041,0,0,0,0,0,0,0,0,0,0
2013-10-04,NO 15/9-F-11 H,7078,15/9-F-11,3420717,VOLVE,369304,MÆRSK INSPIRER,24.0,10.451334583333333,%,production,OP,3745.618149445625,222.838870625,2516.91158472375,233.84207211050003,815.436139620125,1228.706564721875,140.946697625,7817.416154699999,6804.617560411,421.6688624,0.870443305787158,0.0511790886396775,0,0,0,0,0,0,0,0,0,0
2013-10-05,NO 15/9-F-11 H,7078,15/9-F-11,3420717,VOLVE,369304,MÆRSK INSPIRER,24.0,10.301252708333331,%,production,OP,3745.436864032125,222.86059025,2517.638282514625,240.068604818125,814.82168915475,1227.7985815175,145.20386675,7770.4941721,6704.874015437001,418.8384479,0.8628632705897761,0.0511443932411674,0,0,0,0,0,0,0,0,0,0
2013-10-06,NO 15/9-F-11 H,7078,15/9-F-11,3420717,VOLVE,369304,MÆRSK INSPIRER,24.0,10.39257875,%,production,OP,3723.16220296,222.95123525,2507.28647627575,252.494768706,802.6753881743749,1215.87572668425,141.697186625,7901.259322000001,6809.167506359001,414.8758676,0.8617825626099607,0.0498880619592182,0,0,0,0,0,0,0,0,0,0
2013-10-07,NO 15/9-F-11 H,7078,15/9-F-11,3420717,VOLVE,369304,MÆRSK INSPIRER,24.0,10.271919375,%,production,OP,3720.959391531957,222.9816969787234,2506.897732647319,253.4852764108085,800.9969651712765,1214.0616588846383,139.88976263829787,7869.1183929,6814.594669455,430.9777812,0.8659921390436246,0.05192443221861,0,0,0,0,0,0,0,0,0,0
2013-10-08,NO 15/9-F-11 H,7078,15/9-F-11,3420717,VOLVE,369304,MÆRSK INSPIRER,24.0,10.467845416666666,%,production,OP,3720.4208125273753,223.0005995,2507.99295637375,256.23173925175,799.3471679505,1212.427856153625,142.761881,7873.6470561,6814.406442104,434.0597881000001,0.8654701428132511,0.0522478460350388,0,0,0,0,0,0,0,0,0,0
2013-10-09,NO 15/9-F-11 H,7078,15/9-F-11,3420717,VOLVE,369304,MÆRSK INSPIRER,24.0,10.592363541666666,%,production,OP,3713.666420062,223.032958625,2506.49813431325,258.715786948,793.9403688675,1207.16828574875,145.628558,7906.1653738,6860.954395027001,427.1409971,0.8677979868424341,0.05125708549389,0,0,0,0,0,0,0,0,0,0
2013-10-10,NO 15/9-F-11 H,7078,15/9-F-11,3420717,VOLVE,369304,MÆRSK INSPIRER,24.0,10.672740416666668,%,production,OP,3703.217686136375,223.085965625,2502.472190660625,262.39202283125,787.62629061875,1200.74549547575,145.24874749999998,8000.5754219,6915.178704289,436.1983235,0.8643351683630229,0.0517020293139696,0,0,0,0,0,0,0,0,0,0
2013-10-11,NO 15/9-F-11 H,7078,15/9-F-11,3420717,VOLVE,369304,MÆRSK INSPIRER,12.30848,8.4386125,%,production,OP,3712.920253041848,223.09231331033888,2525.636837254306,270.5557433479559,775.1753382793049,1187.283415787542,146.43079914877222,4121.083512,3574.449755635,215.3001963,0.8673567874144551,0.0496497106305208,0,0,0,0,0,0,0,0,0,0
2013-10-12,NO 15/9-F-11 H,7078,15/9-F-11,3420717,VOLVE,369304,MÆRSK INSPIRER,10.19152,4.597335416666667,%,production,OP,3871.6337229676137,221.38483645385773,2607.212625051996,6.831725120922276,845.1079061516685,1264.421097915617,113.95926886677356,2280.7480041000003,2069.821759319,151.0812362,0.9075188296112382,0.0621265809688849,0,0,0,0,0,0,0,0,0,0
2013-10-13,NO 15/9-F-11 H,7078,15/9-F-11,3420717,VOLVE,369304,MÆRSK INSPIRER,24.0,10.39679875,%,production,OP,3693.0683227292498,222.562139,2508.459818587625,175.084341004625,771.514693021125,1184.6085041416252,143.563492625,7411.0944287,6439.9975206750005,434.24848240000006,0.8689671387448045,0.0553511156007728,0,0,0,0,0,0,0,0,0,0
2013-10-14,NO 15/9-F-11 H,7078,15/9-F-11,3420717,VOLVE,369304,MÆRSK INSPIRER,24.0,10.452423125,%,production,OP,3693.4881896095,222.851906375,2502.293751617875,234.78709741575,774.493555984125,1191.1944379916251,144.398288375,7441.2226186,6489.521796514,424.3734807,0.8721042400065899,0.0539531238754768,0,0,0,0,0,0,0,0,0,0
2013-10-15,NO 15/9-F-11 H,7078,15/9-F-11,3420717,VOLVE,369304,MÆRSK INSPIRER,24.0,10.423508723404256,%,production,OP,3696.773709450383,222.92281744680847,2503.876603450979,246.44506708659577,773.5857459767234,1192.8971059994042,145.6500529361702,7539.9097375,6545.06758185,427.4554876,0.8680564900263834,0.0536507961569735,0,0,0,0,0,0,0,0,0,0
2013-10-16,NO 15/9-F-11 H,7078,15/9-F-11,3420717,VOLVE,369304,MÆRSK INSPIRER,24.0,10.440355,%,production,OP,3698.771138327,222.964108625,2504.842244532125,249.90913699887497,776.0002983552499,1193.928893794875,146.201546375,7530.223430100001,6539.390390678,427.5183857,0.8684191712743319,0.0537235808343476,0,0,0,0,0,0,0,0,0,0
2013-10-17,NO 15/9-F-11 H,7078,15/9-F-11,3420717,VOLVE,369304,MÆRSK INSPIRER,24.0,10.306691875,%,production,OP,3700.0192648932766,222.99125880851065,2505.7109607552766,251.45787044259572,781.8770716044255,1194.308304138,145.44137740425532,7536.3245458,6563.529400716,424.62507310000007,0.8709191544005175,0.0533384952081473,0,0,0,0,0,0,0,0,0,0
2013-10-18,NO 15/9-F-11 H,7078,15/9-F-11,3420717,VOLVE,369304,MÆRSK INSPIRER,24.0,10.517562291666666,%,production,OP,3702.076333768375,223.011986375,2507.126556772625,258.63173138375,782.195962141875,1194.94977699575,145.679788625,7647.968673300001,6636.555609405,437.0788969,0.8677540263173451,0.0540601515457982,0,0,0,0,0,0,0,0,0,0
2013-10-19,NO 15/9-F-11 H,7078,15/9-F-11,3420717,VOLVE,369304,MÆRSK INSPIRER,24.0,10.623972291666666,%,production,OP,3701.771995698375,223.03866425,2506.93938825525,258.6343360245,781.648649162375,1194.832607443125,142.709605625,7683.5689979,6664.569348327001,440.1609038,0.8673793845215026,0.0541821194360352,0,0,0,0,0,0,0,0,0,0
2013-10-20,NO 15/9-F-11 H,7078,15/9-F-11,3420717,VOLVE,369304,MÆRSK INSPIRER,24.0,10.3945825,%,production,OP,3702.447562065319,223.0636084680851,2507.230807785447,257.3198620308511,782.8386149120425,1195.2167542798725,139.83877476595745,7611.613571500001,6667.628307641001,426.9523028,0.8759809263841843,0.0531129942176631,0,0,0,0,0,0,0,0,0,0
2013-10-21,NO 15/9-F-11 H,7078,15/9-F-11,3420717,VOLVE,369304,MÆRSK INSPIRER,24.0,10.615799148936173,%,production,OP,3703.523771798553,223.0868296170213,2507.4635444008086,258.70879529348935,783.6951013330213,1196.0602273977447,137.53136778723405,7664.2592812,6725.325464501,438.3368589,0.8774919033595129,0.0540983224784778,0,0,0,0,0,0,0,0,0,0
2013-10-22,NO 15/9-F-11 H,7078,15/9-F-11,3420717,VOLVE,369304,MÆRSK INSPIRER,24.0,10.525543125,%,production,OP,3704.8294601925,223.101882125,2508.48277387275,262.56299241700003,783.91678664425,1196.34668631975,140.62695275,7673.379505700001,6664.149456544,434.5000748,0.8684764583315192,0.0535898529925138,0,0,0,0,0,0,0,0,0,0
2013-10-23,NO 15/9-F-11 H,7078,15/9-F-11,3420717,VOLVE,369304,MÆRSK INSPIRER,24.0,10.52858125,%,production,OP,3705.7485599552497,223.115303375,2509.053867041,269.102396263625,784.0744882746251,1196.69469291425,142.828619375,7681.6191568,6652.736804945001,435.3806482,0.8660591822045484,0.0536381247578457,0,0,0,0,0,0,0,0,0,0
2013-10-24,NO 15/9-F-11 H,7078,15/9-F-11,3420717,VOLVE,369304,MÆRSK INSPIRER,24.0,10.60759319148936,%,production,OP,3689.926783319617,223.17837378723405,2502.5748102531065,274.97442742595746,774.9188488671064,1187.3519730665105,143.04852174468084,7867.734634699999,6805.579885986001,444.3121784,0.8649986561532652,0.0534540033749271,0,0,0,0,0,0,0,0,0,0
2013-10-25,NO 15/9-F-11 H,7078,15/9-F-11,3420717,VOLVE,369304,MÆRSK INSPIRER,24.0,10.719160833333332,%,production,OP,3688.450533387875,223.21307525,2501.426811145875,284.822457737,774.563748332875,1187.023722242,144.30671075,7856.727467199999,6802.346825201,440.9785791,0.8657990051964012,0.0531446374021209,0,0,0,0,0,0,0,0,0,0
2013-10-26,NO 15/9-F-11 H,7078,15/9-F-11,3420717,VOLVE,369304,MÆRSK INSPIRER,24.0,10.655122083333334,%,production,OP,3694.654769524625,223.215711875,2504.247624991625,284.378765343625,777.751181983125,1190.407144533,144.10662125,7779.3628042,6716.784957453,439.657719,0.863410683690787,0.0534927145830782,0,0,0,0,0,0,0,0,0,0
2013-10-27,NO 15/9-F-11 H,7078,15/9-F-11,3420717,VOLVE,369304,MÆRSK INSPIRER,24.30839,10.3887766,%,production,OP,3713.6672200839353,223.17274993474356,2521.2642624211635,273.698808238968,781.2033608619689,1192.402957662772,140.0319555066617,7673.190811400001,6651.925626286001,440.2238019,0.86690475837031,0.0542587582271906,0,0,0,0,0,0,0,0,0,0
2013-10-28,NO 15/9-F-11 H,7078,15/9-F-11,3420717,VOLVE,369304,MÆRSK INSPIRER,7.85819,3.762358333333333,%,production,OP,3765.748718836258,221.70482325707064,2579.934293697574,24.54375649710684,771.3326920685226,1185.8144251386843,115.54957440007686,1578.3020233,1382.2939908990002,71.8925283,0.8758108210549109,0.0435660923921329,0,0,0,0,0,0,0,0,0,0
2013-10-29,NO 15/9-F-11 H,7078,15/9-F-11,3420717,VOLVE,369304,MÆRSK INSPIRER,13.47514,6.63244625,%,production,OP,3699.358319185773,222.51562443331343,2536.288187380322,169.0759511687657,751.2323357579415,1163.0701318054507,140.92787893045414,3504.5563358,3050.5462930190006,182.4673881,0.8704514924918847,0.0494890735085893,0,0,0,0,0,0,0,0,0,0
2013-10-30,NO 15/9-F-11 H,7078,15/9-F-11,3420717,VOLVE,369304,MÆRSK INSPIRER,10.35819,5.065753333333333,%,production,OP,3744.0531432613775,221.81220120999905,2566.457294358764,35.263862778728715,774.0608642994783,1177.5958489026134,121.12493252045772,2610.0195576,2192.3026738880003,138.1871257,0.8399564162285035,0.0502826539720321,0,0,0,0,0,0,0,0,0,0
2013-10-31,NO 15/9-F-11 H,7078,15/9-F-11,3420717,VOLVE,369304,MÆRSK INSPIRER,24.0,10.603075416666666,%,production,OP,3675.374028172875,222.7347545,2504.32425038,194.94032421575,758.4073460797499,1171.049777792875,137.44611500000002,7531.0411054,6484.003168345001,436.8902026,0.8609703595557009,0.0548310704136406,0,0,0,0,0,0,0,0,0,0
2013-11-01,NO 15/9-F-11 H,7078,15/9-F-11,3420717,VOLVE,369304,MÆRSK INSPIRER,24.0,10.587230833333331,%,production,OP,3641.797673762,223.01104925,2486.98011683675,249.08665973875003,741.86102427175,1154.81755692525,138.150688625,7625.514051599999,6569.0286058,429.6569211,0.8614538720077074,0.0533392677270491,0,0,0,0,0,0,0,0,0,0
2013-11-02,NO 15/9-F-11 H,7078,15/9-F-11,3420717,VOLVE,369304,MÆRSK INSPIRER,24.0,10.61939625,%,production,OP,3666.6363105548753,223.0479605,2495.9808246082503,255.749034658,757.662355371125,1170.655485946625,142.36393587499998,7879.6223756,6540.511279256001,481.5478536,0.8300538994748424,0.0575933560015647,0,0,0,0,0,0,0,0,0,0
2013-11-03,NO 15/9-F-11 H,7078,15/9-F-11,3420717,VOLVE,369304,MÆRSK INSPIRER,17.33333,7.955989166666667,%,production,OP,3726.46628962358,222.5870943764897,2540.9681998153906,166.9476599219077,776.4352082755147,1185.498089808189,132.6555932205491,4863.9729711,4200.541599906001,288.8909733,0.8636029897501748,0.0560641570235828,0,0,0,0,0,0,0,0,0,0
2013-11-04,NO 15/9-F-11 H,7078,15/9-F-11,3420717,VOLVE,369304,MÆRSK INSPIRER,24.0,10.304236875,%,production,OP,3677.1501181965,222.8020265,2508.09611465125,202.49821813625,758.32015406875,1169.05400354525,140.976906875,7265.674021500001,6054.742748582,507.5247689,0.8333353148882389,0.0652916235111341,0,0,0,0,0,0,0,0,0,0
2013-11-05,NO 15/9-F-11 H,7078,15/9-F-11,3420717,VOLVE,369304,MÆRSK INSPIRER,24.0,10.346999791666669,%,production,OP,3705.5076246426247,222.916034,2515.1926789532504,236.40546465762503,779.7560634085,1190.314945689375,141.771211625,7426.6931575,5947.593004724001,429.0279401,0.8008400076038823,0.0546134383807327,0,0,0,0,0,0,0,0,0,0
2013-11-06,NO 15/9-F-11 H,7078,15/9-F-11,3420717,VOLVE,369304,MÆRSK INSPIRER,22.66667,9.385360833333332,%,production,OP,3747.690587459235,222.76581117728364,2533.6370037446736,200.0407699733097,787.8021955367302,1214.053583714562,136.12644797155207,7094.465393300001,5757.032058348,435.0661577,0.8114821539315604,0.0577813048199816,0,0,0,0,0,0,0,0,0,0
2013-11-07,NO 15/9-F-11 H,7078,15/9-F-11,3420717,VOLVE,369304,MÆRSK INSPIRER,24.0,10.491892916666666,%,production,OP,3685.83357347275,223.064179625,2506.013317603625,260.234766900375,768.2577348012501,1179.820255869125,138.860120375,7322.5339039,6243.396348011,563.0008931000001,0.852627851225892,0.0713966658690277,0,0,0,0,0,0,0,0,0,0
2013-11-08,NO 15/9-F-11 H,7078,15/9-F-11,3420717,VOLVE,369304,MÆRSK INSPIRER,24.0,10.493172708333333,%,production,OP,3665.701860937125,223.167115625,2497.3820034883747,203.78133004112505,757.131800323875,1168.31985744875,138.751257125,7463.488546,6402.253875609,439.2803304,0.8578098346570437,0.0555856228709687,0,0,0,0,0,0,0,0,0,0
2013-11-09,NO 15/9-F-11 H,7078,15/9-F-11,3420717,VOLVE,369304,MÆRSK INSPIRER,24.0,10.519151875,%,production,OP,3691.966333070125,223.123035875,2509.058740922125,160.13968591712498,772.020911900625,1182.907592148,144.836608625,7388.0737241,6350.312661702001,436.8273045,0.8595356379548829,0.0558252817388228,0,0,0,0,0,0,0,0,0,0
2013-11-10,NO 15/9-F-11 H,7078,15/9-F-11,3420717,VOLVE,369304,MÆRSK INSPIRER,24.0,10.739178333333331,%,production,OP,3676.9603269086247,223.152812375,2504.1507970185003,165.022196803125,761.854358468875,1172.8095298901248,145.087865,7556.6406321,6537.230543626,454.9419573,0.8650974502950917,0.056785529228885,0,0,0,0,0,0,0,0,0,0
2013-11-11,NO 15/9-F-11 H,7078,15/9-F-11,3420717,VOLVE,369304,MÆRSK INSPIRER,24.0,10.96601375,%,production,OP,3647.1152895831246,223.270230875,2491.2807956992497,181.008726320375,743.661105997875,1155.834493883875,140.779040375,7908.0523168,6738.064889379,481.8623441,0.8520511270600147,0.0574335215047717,0,0,0,0,0,0,0,0,0,0
2013-11-12,NO 15/9-F-11 H,7078,15/9-F-11,3420717,VOLVE,369304,MÆRSK INSPIRER,24.0,10.536605,%,production,OP,3666.665124770875,223.264669625,2498.6508351935,181.171380394125,754.5660841471249,1168.014289577375,142.2007505,7343.7305636,6274.088706928,972.5933203,0.8543462552978459,0.1169499088633252,0,0,0,0,0,0,0,0,0,0
2013-11-13,NO 15/9-F-11 H,7078,15/9-F-11,3420717,VOLVE,369304,MÆRSK INSPIRER,24.0,10.509607708333334,%,production,OP,3698.113829132625,223.160145875,2513.2015489432497,167.372126652125,771.215416173,1184.912280189375,140.28012875,7236.7408955,6209.20006456,962.0893376,0.8580105539526843,0.1173447077506118,0,0,0,0,0,0,0,0,0,0
2013-11-14,NO 15/9-F-11 H,7078,15/9-F-11,3420717,VOLVE,369304,MÆRSK INSPIRER,24.0,10.502568333333333,%,production,OP,3681.6943219042496,223.1911325,2500.538395985,174.721588880125,770.3791874975,1181.15592591925,141.20685725,7313.5394756,6329.853090257,948.503348,0.8654979044517567,0.114802521392247,0,0,0,0,0,0,0,0,0,0
2013-11-15,NO 15/9-F-11 H,7078,15/9-F-11,3420717,VOLVE,369304,MÆRSK INSPIRER,24.0,10.485932708333332,%,production,OP,3680.381362387625,223.25200325,2504.4772020158757,185.08077694887496,765.280500494125,1175.90416037175,141.628221875,7372.852383900001,6359.953574802,929.5710199,0.8626177825952606,0.1119638176336005,0,0,0,0,0,0,0,0,0,0
2013-11-16,NO 15/9-F-11 H,7078,15/9-F-11,3420717,VOLVE,369304,MÆRSK INSPIRER,24.0,10.495570625,%,production,OP,3672.020078812125,223.30786662500003,2500.0119684775,191.243973374875,761.294548048375,1172.008110334625,141.62172425,7455.814977800001,6382.550038744,930.1371028,0.8560499499717077,0.1109161003855212,0,0,0,0,0,0,0,0,0,0
2013-11-17,NO 15/9-F-11 H,7078,15/9-F-11,3420717,VOLVE,369304,MÆRSK INSPIRER,24.0,10.528310208333334,%,production,OP,3697.5969499601247,223.247332625,2510.9885893555,183.487646319,775.9015335205,1186.608360604625,142.63308875,7274.920042199999,6267.894861695001,929.633918,0.8615757733880928,0.1133070636758099,0,0,0,0,0,0,0,0,0,0
2013-11-18,NO 15/9-F-11 H,7078,15/9-F-11,3420717,VOLVE,369304,MÆRSK INSPIRER,24.0,10.523581875,%,production,OP,3703.7968319352494,223.238147375,2513.6368442407497,183.7216530455,779.331854453125,1190.1599876945,142.834556,7266.4916968,6295.2404464930005,924.1617833,0.8663383526971183,0.11283126377466,0,0,0,0,0,0,0,0,0,0
2013-11-19,NO 15/9-F-11 H,7078,15/9-F-11,3420717,VOLVE,369304,MÆRSK INSPIRER,24.0,10.6113575,%,production,OP,3711.578767263,223.218480125,2517.248251159625,177.19025348350002,783.4739675005001,1194.330516103375,142.029827,7203.782291099999,6263.393650033001,944.100481,0.8694590420606113,0.115870650990806,0,0,0,0,0,0,0,0,0,0
2013-11-20,NO 15/9-F-11 H,7078,15/9-F-11,3420717,VOLVE,369304,MÆRSK INSPIRER,24.0,10.98621,%,production,OP,3661.13404323,223.40654075,2494.29150658975,208.088874035625,755.689808354875,1166.84253664025,140.559996875,7692.3747319,6693.2275805240015,972.2788298000002,0.8701120023141136,0.1122120835964778,0,0,0,0,0,0,0,0,0,0
2013-11-21,NO 15/9-F-11 H,7078,15/9-F-11,3420717,VOLVE,369304,MÆRSK INSPIRER,24.0,11.078097083333333,%,production,OP,3645.036320934375,223.48218275,2487.76192000275,223.695539966,746.286716825375,1157.274400931625,146.03781725,7831.505329099999,6775.880576433001,1018.320239,0.865207937898663,0.1150667017291988,0,0,0,0,0,0,0,0,0,0
2013-11-22,NO 15/9-F-11 H,7078,15/9-F-11,3420717,VOLVE,369304,MÆRSK INSPIRER,24.0,10.783155416666666,%,production,OP,3648.654291722809,223.4756284680851,2490.141693091787,225.8785429063404,747.7611221514893,1158.512598631021,148.29728191489363,7630.2314091,6592.497342832,1010.0176898,0.8639970388014218,0.1168968253390503,0,0,0,0,0,0,0,0,0,0
2013-11-23,NO 15/9-F-11 H,7078,15/9-F-11,3420717,VOLVE,369304,MÆRSK INSPIRER,24.0,10.937976875,%,production,OP,3654.266273351375,223.46387375,2492.7189260315004,223.421880454625,750.89459523675,1161.547347319875,148.255896875,7651.8054574,6590.186348864,1029.2645083999998,0.8612590042381022,0.118564245243374,0,0,0,0,0,0,0,0,0,0
2013-11-24,NO 15/9-F-11 H,7078,15/9-F-11,3420717,VOLVE,369304,MÆRSK INSPIRER,24.0,11.073140625,%,production,OP,3648.44104870325,223.488218,2490.121812149375,218.4885669875,747.698012106,1158.319236553875,146.084427125,7754.769647100001,6772.539805813,1057.1912648,0.8733386179105502,0.1199723052983961,0,0,0,0,0,0,0,0,0,0
2013-11-25,NO 15/9-F-11 H,7078,15/9-F-11,3420717,VOLVE,369304,MÆRSK INSPIRER,24.0,11.047170833333332,%,production,OP,3648.40257737375,223.5035735,2490.1796974195004,225.3960259105,747.6864211525,1158.22287995425,147.090705125,7719.1693225,6750.0517580000005,1052.6626016,0.8744531277899041,0.1200048759151304,0,0,0,0,0,0,0,0,0,0
2013-11-26,NO 15/9-F-11 H,7078,15/9-F-11,3420717,VOLVE,369304,MÆRSK INSPIRER,24.0,10.85660875,%,production,OP,3659.657517108875,223.476107375,2494.88644037925,220.579588898375,754.187601442875,1164.7710767296248,145.05391025,7552.6780518,6610.800245548001,1026.0567053,0.8752922076391798,0.1196046659970232,0,0,0,0,0,0,0,0,0,0
2013-11-27,NO 15/9-F-11 H,7078,15/9-F-11,3420717,VOLVE,369304,MÆRSK INSPIRER,24.0,10.877376041666666,%,production,OP,3643.98847879525,222.555123125,2477.79423179875,217.683110541,755.772111376625,1166.1942469965,146.98600100000002,7560.5403143,6595.315809039001,1060.0845774,0.8723339252043436,0.1229707348037677,0,0,0,0,0,0,0,0,0,0
2013-11-28,NO 15/9-F-11 H,7078,15/9-F-11,3420717,VOLVE,369304,MÆRSK INSPIRER,24.0,10.824348958333331,%,production,OP,3664.35633434625,223.479063875,2497.43421414675,219.40937094675,756.3974517785,1166.9221201995,146.80305875,7506.3850502,6567.1304406750005,1018.2573409,0.8748725780460763,0.1194486870162545,0,0,0,0,0,0,0,0,0,0
2013-11-29,NO 15/9-F-11 H,7078,15/9-F-11,3420717,VOLVE,369304,MÆRSK INSPIRER,24.0,10.900250833333333,%,production,OP,3661.89482192925,223.494392375,2496.587536692,218.9843552175,754.55821885725,1165.30728523725,143.64287,7524.2481106,6603.122123474001,1030.899859,0.8775789987801789,0.1205005293494883,0,0,0,0,0,0,0,0,0,0
2013-11-30,NO 15/9-F-11 H,7078,15/9-F-11,3420717,VOLVE,369304,MÆRSK INSPIRER,24.0,11.166497291666667,%,production,OP,3625.68726970625,223.60961075,2481.98093496625,239.133387707625,732.7915715098751,1143.70633474,148.142903,7887.107249500001,6902.004908601,1082.6020972,0.875099664587235,0.1206953375360255,0,0,0,0,0,0,0,0,0,0
2013-12-01,NO 15/9-F-11 H,7078,15/9-F-11,3420717,VOLVE,369304,MÆRSK INSPIRER,24.0,11.243689375,%,production,OP,3610.58391887375,223.679728625,2475.260590171375,249.795125044375,724.475346406375,1135.323328702375,149.19763175,8017.8723994,6991.6314983190005,1089.9611749,0.8720058327246769,0.1196729349530051,0,0,0,0,0,0,0,0,0,0
2013-12-02,NO 15/9-F-11 H,7078,15/9-F-11,3420717,VOLVE,369304,MÆRSK INSPIRER,24.0,11.26792340425532,%,production,OP,3608.25027532634,223.6882509787234,2474.3178035045107,250.93731671693615,722.7869425258723,1133.9324718218295,144.3684805106383,8342.1121049,7261.623680523001,1145.5001972,0.8704778345351725,0.1207364045584423,0,0,0,0,0,0,0,0,0,0
2013-12-03,NO 15/9-F-11 H,7078,15/9-F-11,3420717,VOLVE,369304,MÆRSK INSPIRER,24.0,11.234317708333334,%,production,OP,3609.421514844375,223.687814375,2475.510738418625,251.22071261125,723.050946338125,1133.91077642575,145.747827875,8268.2697355,7149.272081355,1059.3298002,0.8646636249249877,0.1135693911542377,0,0,0,0,0,0,0,0,0,0
2013-12-04,NO 15/9-F-11 H,7078,15/9-F-11,3420717,VOLVE,369304,MÆRSK INSPIRER,24.0,11.504009791666666,%,production,OP,3597.433404997625,223.726059875,2470.92415642025,251.331228545625,715.45463245575,1126.509248577375,148.198870625,8428.4082981,7225.055308673,1116.1267845,0.8572265430356205,0.1169388319955715,0,0,0,0,0,0,0,0,0,0
2013-12-05,NO 15/9-F-11 H,7078,15/9-F-11,3420717,VOLVE,369304,MÆRSK INSPIRER,23.72508,11.303071666666666,%,production,OP,3594.49497315913,223.7510235538898,2468.8346390327947,243.5001349036588,714.1836400984131,1125.660334126335,141.51279498217076,8214.8692486,7150.60167981,1058.0089401,0.8704461949931369,0.1140971463843122,0,0,0,0,0,0,0,0,0,0
2013-12-06,NO 15/9-F-11 H,7078,15/9-F-11,3420717,VOLVE,369304,MÆRSK INSPIRER,16.60825,6.99134875,%,production,OP,3744.1355706671343,222.11044200702065,2558.285843193684,106.4337351805292,769.2848857898961,1185.8497274734502,118.30301042266343,3809.0460379,3435.1830578620006,655.4611001,0.9018486580844486,0.1468160045083122,0,0,0,0,0,0,0,0,0,0
2013-12-07,NO 15/9-F-11 H,7078,15/9-F-11,3420717,VOLVE,369304,MÆRSK INSPIRER,24.0,11.171001041666669,%,production,OP,3591.459818562,222.952412375,2484.92416692725,330.46322709075,695.6129687255001,1106.53565163475,140.32569875,7339.579289000001,6469.886470167,1023.9181699,0.8815064481779725,0.1224270318645699,0,0,0,0,0,0,0,0,0,0
2013-12-08,NO 15/9-F-11 H,7078,15/9-F-11,3420717,VOLVE,369304,MÆRSK INSPIRER,24.0,10.889314791666669,%,production,OP,3594.984136205125,223.241381375,2480.030593872125,354.53403573325005,704.0244626436249,1114.953542333,141.31798025,7361.0275411,6467.888717588001,979.323417,0.8786665559223634,0.1174199289598117,0,0,0,0,0,0,0,0,0,0
2013-12-09,NO 15/9-F-11 H,7078,15/9-F-11,3420717,VOLVE,369304,MÆRSK INSPIRER,13.5,7.521355208333333,%,production,OP,3629.9279438915287,222.87003253484,2508.6691430751785,292.5807296983075,715.5476394662594,1121.2588008163502,133.63065237421333,3711.6797791,3284.94514224,493.12110400000006,0.8850292422145657,0.1172757325993627,0,0,0,0,0,0,0,0,0,0
2013-12-10,NO 15/9-F-11 H,7078,15/9-F-11,3420717,VOLVE,369304,MÆRSK INSPIRER,19.22514,8.308078333333333,%,production,OP,3704.896654630809,222.4551531078494,2554.18959963109,258.147274468356,738.4216964564303,1150.7070549997186,127.99771128984236,4910.454667,4101.9966358500005,983.6004878,0.8353598422192705,0.1668800956161693,0,0,0,0,0,0,0,0,0,0
2013-12-11,NO 15/9-F-11 H,7078,15/9-F-11,3420717,VOLVE,369304,MÆRSK INSPIRER,1.77486,1.4435095833333331,%,production,OP,3991.395521193874,220.26141865149927,2646.5308728701225,31.848683192058687,931.5758600541512,1344.864648323751,75.81989421547615,394.3081889,327.12606959900006,1754.1022128,0.8296202787763104,0.8164651462364961,0,0,0,0,0,0,0,0,0,0
2013-12-12,NO 15/9-F-11 H,7078,15/9-F-11,3420717,VOLVE,369304,MÆRSK INSPIRER,24.0,10.451322291666669,%,production,OP,3675.936056466125,222.40263575,2544.56746078,232.56296083712505,718.2540773695,1131.368595686125,131.134277,6899.7328757000005,6171.290440404001,1214.4994129000002,0.8944245453528378,0.1496752089050121,0,0,0,0,0,0,0,0,0,0
2013-12-13,NO 15/9-F-11 H,7078,15/9-F-11,3420717,VOLVE,369304,MÆRSK INSPIRER,8.22514,4.383803333333334,%,production,OP,3688.42822062116,222.80235726539365,2543.7688380404,306.498081446012,736.6569056799536,1144.65938258076,139.7390969816052,2290.4343115,2158.535110895,389.2763409,0.9424130175038204,0.1452680499483616,0,0,0,0,0,0,0,0,0,0
2013-12-14,NO 15/9-F-11 H,7078,15/9-F-11,3420717,VOLVE,369304,MÆRSK INSPIRER,22.94153,9.963147291666669,%,production,OP,3693.45055751615,222.3768203785083,2545.618363049487,225.97916445365445,740.4038606265693,1147.8321944666632,127.84615798284509,6435.9851844,5618.168301302001,990.2047883,0.8729305833269657,0.1333395444959218,0,0,0,0,0,0,0,0,0,0
2013-12-15,NO 15/9-F-11 H,7078,15/9-F-11,3420717,VOLVE,369304,MÆRSK INSPIRER,22.83334,9.95044125,%,production,OP,3658.236816574175,222.9480607281887,2510.002681014213,313.54981521241126,737.0577944465307,1148.2341355599615,136.98599117657687,6833.8156669,5999.689956458001,1060.9651508000002,0.8779414384145394,0.1343881705267015,0,0,0,0,0,0,0,0,0,0
2013-12-16,NO 15/9-F-11 H,7078,15/9-F-11,3420717,VOLVE,369304,MÆRSK INSPIRER,24.0,10.496525833333331,%,production,OP,3642.323953209875,223.10669525,2501.9466696406253,336.101177464625,729.43361245275,1140.37728356925,137.10610737500002,7724.9559477,6696.881592533001,1125.8130919,0.8669151821541333,0.1271994655902669,0,0,0,0,0,0,0,0,0,0
2013-12-17,NO 15/9-F-11 H,7078,15/9-F-11,3420717,VOLVE,369304,MÆRSK INSPIRER,24.0,11.032801458333331,%,production,OP,3570.0795464033754,223.392435875,2466.8475310515,370.68098332175,692.31010900025,1103.2320153518751,140.97410487500002,8027.2442163,6917.1983519820005,1021.7796345,0.861715199586932,0.1129160063391442,0,0,0,0,0,0,0,0,0,0
2013-12-18,NO 15/9-F-11 H,7078,15/9-F-11,3420717,VOLVE,369304,MÆRSK INSPIRER,24.0,11.337814166666666,%,production,OP,3561.399294049625,223.43476325,2462.902403781125,373.942987655375,687.345884309375,1098.4968902685,141.617081375,8249.085815,7158.571501306001,1091.282035,0.8678017979021352,0.1168350168350168,0,0,0,0,0,0,0,0,0,0
2013-12-19,NO 15/9-F-11 H,7078,15/9-F-11,3420717,VOLVE,369304,MÆRSK INSPIRER,24.0,11.325295208333332,%,production,OP,3562.382875289875,223.4544545,2463.1683702352498,375.369394082625,687.78980634625,1099.2145050546249,139.12702362500002,8219.8381985,7126.495159296001,1090.2756654,0.8669872797005277,0.1171065876677994,0,0,0,0,0,0,0,0,0,0
2013-12-20,NO 15/9-F-11 H,7078,15/9-F-11,3420717,VOLVE,369304,MÆRSK INSPIRER,18.83334,9.170544375,%,production,OP,3628.670344075076,223.06845841914495,2503.6228968113537,315.42221213787417,719.2767428547643,1125.047447263722,130.8888750311416,5765.8059289,4739.302663106001,913.0917177,0.8219670799794271,0.1367129376753997,0,0,0,0,0,0,0,0,0,0
2013-12-21,NO 15/9-F-11 H,7078,15/9-F-11,3420717,VOLVE,369304,MÆRSK INSPIRER,24.0,10.524075208333333,%,production,OP,3613.96402946375,222.98485175,2498.65634059425,319.3097505015,702.110480763125,1115.3076888695,133.47944,7231.394557,6372.42460796,1017.6283599,0.8812165561885271,0.1233635025810337,0,0,0,0,0,0,0,0,0,0
2013-12-22,NO 15/9-F-11 H,7078,15/9-F-11,3420717,VOLVE,369304,MÆRSK INSPIRER,24.0,11.133294375,%,production,OP,3566.569143343375,223.388873375,2467.449447816375,369.905268730125,688.08420931325,1099.119695527,142.33616750000002,7977.3031249,6933.063127810001,1057.8202458,0.8690986188263857,0.1170786720223882,0,0,0,0,0,0,0,0,0,0
2013-12-23,NO 15/9-F-11 H,7078,15/9-F-11,3420717,VOLVE,369304,MÆRSK INSPIRER,24.0,11.2946925,%,production,OP,3562.8199019785,223.459752875,2464.4979305596253,377.57195625875,687.1978307276249,1098.321971418875,142.321904,8178.8286373,7108.2487601,1099.3329918,0.8691035202379028,0.1184860790042776,0,0,0,0,0,0,0,0,0,0
2013-12-24,NO 15/9-F-11 H,7078,15/9-F-11,3420717,VOLVE,369304,MÆRSK INSPIRER,24.0,11.430540833333334,%,production,OP,3555.004565608,223.49862725,2461.113378180875,379.93049169575,682.4315949932501,1093.891187427125,140.63547875,8381.2976212,7282.057119090001,1154.809116,0.8688460245905677,0.1210985937788565,0,0,0,0,0,0,0,0,0,0
2013-12-25,NO 15/9-F-11 H,7078,15/9-F-11,3420717,VOLVE,369304,MÆRSK INSPIRER,24.0,11.233109583333333,%,production,OP,3549.402547948596,223.53762314893615,2457.7119122240424,382.5464673968936,680.2836183441702,1091.6906357245532,137.50346127659574,8314.3111447,7214.882909338,1083.1681801,0.8677667678984042,0.1152615656457485,0,0,0,0,0,0,0,0,0,0
2013-12-26,NO 15/9-F-11 H,7078,15/9-F-11,3420717,VOLVE,369304,MÆRSK INSPIRER,21.14181,10.744544166666667,%,production,OP,3570.176834013973,223.5530176109472,2469.7883882301217,386.21644809732055,690.1818804824447,1100.3884457838517,140.19610609350855,7130.694698900001,6273.9591019790005,943.6601943,0.879852436109323,0.1168712803415074,0,0,0,0,0,0,0,0,0,0
2013-12-27,NO 15/9-F-11 H,7078,15/9-F-11,3420717,VOLVE,369304,MÆRSK INSPIRER,15.69152,8.866689375,%,production,OP,3677.419324360651,222.23951316556716,2539.219330073535,207.01502674364616,693.8307255000582,1138.1999942871164,122.37754639611586,4077.3064344,3744.553602595001,629.1696943000001,0.9183890548432704,0.1336816924372218,0,0,0,0,0,0,0,0,0,0
2013-12-28,NO 15/9-F-11 H,7078,15/9-F-11,3420717,VOLVE,369304,MÆRSK INSPIRER,24.0,11.072523541666667,%,production,OP,3563.9240672076253,223.165768625,2470.308183055875,342.482245139625,674.490066497875,1093.61588415175,137.252685125,7668.9137406,6719.280294155,1039.6426949,0.8761710616957985,0.1193817485825719,0,0,0,0,0,0,0,0,0,0
2013-12-29,NO 15/9-F-11 H,7078,15/9-F-11,3420717,VOLVE,369304,MÆRSK INSPIRER,24.0,11.059655208333334,%,production,OP,3569.450045223875,223.349610875,2469.24667108525,368.854045392625,687.8953033615,1100.2033741386251,147.97957925,7803.389878400001,6781.446879447001,1048.6371232,0.869038582606033,0.118462937698954,0,0,0,0,0,0,0,0,0,0
2013-12-30,NO 15/9-F-11 H,7078,15/9-F-11,3420717,VOLVE,369304,MÆRSK INSPIRER,24.0,11.186388958333334,%,production,OP,3569.2568576295,223.420110125,2467.760463677625,371.200875054375,689.182095605625,1101.496393951875,143.011200875,7985.1653874,6949.490466809001,1070.9659487,0.8703001290085717,0.118258659128635,0,0,0,0,0,0,0,0,0,0
2013-12-31,NO 15/9-F-11 H,7078,15/9-F-11,3420717,VOLVE,369304,MÆRSK INSPIRER,21.58334,9.55741375,%,production,OP,3637.363815643576,223.2047943825413,2496.2990516026907,335.4116056752658,726.8204364525751,1141.0647640408858,136.76839383450013,6122.6897483,5475.808742103,817.4866057,0.8943469238537507,0.1177904658328801,0,0,0,0,0,0,0,0,0,0
2014-01-01,NO 15/9-F-11 H,7078,15/9-F-11,3420717,VOLVE,369304,MÆRSK INSPIRER,24.0,10.693718541666666,%,production,OP,3619.1455724462494,223.173932,2500.00740582375,336.418321181375,705.689263196875,1119.1381666225,139.22739875,7541.8595786,6632.363401368,1046.3098935,0.8794069065124612,0.121831537779861,0,0,0,0,0,0,0,0,0,0
2014-01-02,NO 15/9-F-11 H,7078,15/9-F-11,3420717,VOLVE,369304,MÆRSK INSPIRER,24.0,11.379768333333333,%,production,OP,3562.4464351717497,223.579435625,2463.2598076293752,388.70224187612496,685.415706518875,1099.186627542375,142.7686175,8348.5277111,7260.806851512,1136.7573613,0.8697110559815484,0.1198443012121694,0,0,0,0,0,0,0,0,0,0
2014-01-03,NO 15/9-F-11 H,7078,15/9-F-11,3420717,VOLVE,369304,MÆRSK INSPIRER,24.0,11.358708958333333,%,production,OP,3563.8436466582502,223.606911875,2463.45276558025,392.919233812625,684.1983904983749,1100.390881078,143.839522625,8155.8708308,7135.640254008001,1131.5368190000002,0.8749084435056058,0.1218355930596378,0,0,0,0,0,0,0,0,0,0
2014-01-04,NO 15/9-F-11 H,7078,15/9-F-11,3420717,VOLVE,369304,MÆRSK INSPIRER,14.47514,8.460154166666667,%,production,OP,3578.164254414163,223.6208404176236,2473.607189524121,394.2397037823848,688.3119659714116,1104.557064890042,140.40788629808625,4737.6106882,4135.947128989,589.1036046,0.8730027436172482,0.1105941809937653,0,0,0,0,0,0,0,0,0,0
2014-01-05,NO 15/9-F-11 H,7078,15/9-F-11,3420717,VOLVE,369304,MÆRSK INSPIRER,6.35819,3.446828125,%,production,OP,3750.702758154576,221.770409542829,2590.720834827433,106.69973380974848,740.202216335087,1159.9819233271437,113.05594847370716,1809.578337,1633.2307141300005,391.1632839,0.9025476713197416,0.1777415759238618,0,0,0,0,0,0,0,0,0,0
2014-01-06,NO 15/9-F-11 H,7078,15/9-F-11,3420717,VOLVE,369304,MÆRSK INSPIRER,24.0,10.514631666666666,%,production,OP,3602.41877502025,220.636679375,2475.979519364375,287.27708689225,713.742292676375,1126.439255655875,136.120977875,6981.248813300001,6102.493520186999,715.9690723,0.8741263466446173,0.0930166045629861,0,0,0,0,0,0,0,0,0,0
2014-01-07,NO 15/9-F-11 H,7078,15/9-F-11,3420717,VOLVE,369304,MÆRSK INSPIRER,24.0,10.925361666666667,%,production,OP,3565.0883688175,222.56640021276596,2462.78100999675,356.13283191,689.72367051925,1102.30735882075,140.12619187234043,7564.9431813,6639.598323957,702.1314903,0.8776798668322603,0.0849310691134849,0,0,0,0,0,0,0,0,0,0
2014-01-08,NO 15/9-F-11 H,7078,15/9-F-11,3420717,VOLVE,369304,MÆRSK INSPIRER,24.0,10.653719791666669,%,production,OP,3566.4815470132344,223.36465731914896,2468.260794438638,372.333024131234,685.7336834969361,1098.2207525745955,144.36789838297872,7662.183643900001,6639.691907912,703.0120637,0.8665534808994007,0.0840401215074137,0,0,0,0,0,0,0,0,0,0
2014-01-09,NO 15/9-F-11 H,7078,15/9-F-11,3420717,VOLVE,369304,MÆRSK INSPIRER,24.0,11.026427021276596,%,production,OP,3555.266332453404,223.4470421702128,2462.6163721940425,382.6476823194893,680.2418072832766,1092.6499602593617,148.28480217021274,7807.6669492,6789.510638045001,723.1394557,0.8695953198593693,0.0847680068421945,0,0,0,0,0,0,0,0,0,0
2014-01-10,NO 15/9-F-11 H,7078,15/9-F-11,3420717,VOLVE,369304,MÆRSK INSPIRER,24.0,11.065306041666666,%,production,OP,3550.821974872125,223.47974825,2460.87859489675,385.11577545,677.5768709707501,1089.943379975375,148.82962625,7883.3962616,6824.406505703,728.1713037,0.8656683337034147,0.084557346636185,0,0,0,0,0,0,0,0,0,0
2014-01-11,NO 15/9-F-11 H,7078,15/9-F-11,3420717,VOLVE,369304,MÆRSK INSPIRER,24.0,11.190563333333332,%,production,OP,3542.52117516425,223.509728,2457.75749800175,384.194442706375,672.4069854175,1084.7636771625,148.202899625,8044.7927862,6958.238977440001,733.5805402999999,0.8649370048879483,0.0835667968330168,0,0,0,0,0,0,0,0,0,0
2014-01-12,NO 15/9-F-11 H,7078,15/9-F-11,3420717,VOLVE,369304,MÆRSK INSPIRER,24.0,11.203727083333334,%,production,OP,3543.3474143475,223.526825375,2458.076409369125,389.4405789665,672.941302387875,1085.271004978375,147.85574637500002,8030.263325100001,6970.919073622001,717.1012381,0.8680810069868029,0.0819791187298665,0,0,0,0,0,0,0,0,0,0
2014-01-13,NO 15/9-F-11 H,7078,15/9-F-11,3420717,VOLVE,369304,MÆRSK INSPIRER,24.0,11.206681458333334,%,production,OP,3531.747640016936,223.5690649361702,2452.374930422553,388.517002955617,666.8348124125106,1079.372709594383,142.188019106383,8109.2633387,7066.309375527,740.4364332,0.8713873357403885,0.083667972053817,0,0,0,0,0,0,0,0,0,0
2014-01-14,NO 15/9-F-11 H,7078,15/9-F-11,3420717,VOLVE,369304,MÆRSK INSPIRER,24.0,11.432733958333332,%,production,OP,3537.515874503125,223.571819375,2455.292054450625,390.241808159625,669.844299930625,1082.2238200524998,143.11655525,8250.9098599,7173.796727917,796.2270479,0.8694552297537698,0.0880087320457737,0,0,0,0,0,0,0,0,0,0
2014-01-15,NO 15/9-F-11 H,7078,15/9-F-11,3420717,VOLVE,369304,MÆRSK INSPIRER,24.0,11.431167083333332,%,production,OP,3538.843026592375,223.5848945,2455.694148132625,389.4473474065,670.2484573825,1083.14887845975,139.946730125,8013.532430499999,7003.698531309,1110.6546498,0.8739839255722596,0.1217264223130639,0,0,0,0,0,0,0,0,0,0
2014-01-16,NO 15/9-F-11 H,7078,15/9-F-11,3420717,VOLVE,369304,MÆRSK INSPIRER,24.0,11.214107291666666,%,production,OP,3541.1675063226385,223.58937314893612,2456.9633896215323,387.2964156081702,671.219385214468,1084.2041167011064,139.29659025531913,7862.6398886,6588.909016165,1030.4595723,0.8380021353538301,0.1158718146390454,0,0,0,0,0,0,0,0,0,0
2014-01-17,NO 15/9-F-11 H,7078,15/9-F-11,3420717,VOLVE,369304,MÆRSK INSPIRER,24.0,11.281624583333333,%,production,OP,3537.941290308383,223.61409634042556,2455.815740958511,389.3293237626383,669.6646889474042,1082.1255493498722,141.38753459574468,8158.3238567,6800.763314053,1078.6395169,0.8335981058741487,0.1167742550525685,0,0,0,0,0,0,0,0,0,0
2014-01-18,NO 15/9-F-11 H,7078,15/9-F-11,3420717,VOLVE,369304,MÆRSK INSPIRER,24.0,11.531294166666669,%,production,OP,3541.432486698375,223.623130625,2456.7803890822497,391.49599707,672.582847014125,1084.652097616125,141.468938375,8068.1908794,6850.742090081001,1231.4190018,0.8491051082557511,0.1324161999837675,0,0,0,0,0,0,0,0,0,0
2014-01-19,NO 15/9-F-11 H,7078,15/9-F-11,3420717,VOLVE,369304,MÆRSK INSPIRER,24.0,11.538805416666667,%,production,OP,3545.2595711665,223.623708875,2458.251503473,393.60311517725,674.934792287,1087.0080676935,139.55247987500002,7743.1963967,6372.313719802,1064.9906292,0.8229564889401174,0.1209091753011661,0,0,0,0,0,0,0,0,0,0
2014-01-20,NO 15/9-F-11 H,7078,15/9-F-11,3420717,VOLVE,369304,MÆRSK INSPIRER,24.0,11.372987916666666,%,production,OP,3546.2994568526806,223.63754574468084,2458.1891427905107,401.4266872117021,676.3023869624681,1088.1103140621703,137.98435578723405,7776.4065935,6248.077311496,1064.6132406,0.8034658728773941,0.1204174699952333,0,0,0,0,0,0,0,0,0,0
2014-01-21,NO 15/9-F-11 H,7078,15/9-F-11,3420717,VOLVE,369304,MÆRSK INSPIRER,24.0,11.5860275,%,production,OP,3553.376577512125,223.64412875,2461.1305440325,407.069231741375,680.4775282355,1092.2460334796249,141.09053675,7833.706762600001,6254.157443395001,1229.9094474,0.7983650183657438,0.1356974323386537,0,0,0,0,0,0,0,0,0,0
2014-01-22,NO 15/9-F-11 H,7078,15/9-F-11,3420717,VOLVE,369304,MÆRSK INSPIRER,24.0,11.554289166666669,%,production,OP,3558.620193737,223.651020125,2463.27601260425,407.138221483375,683.572630090625,1095.34418113275,141.52698725,8153.2920087,6406.013478571001,1175.1252023000002,0.78569655934504,0.1259726249072888,0,0,0,0,0,0,0,0,0,0
2014-01-23,NO 15/9-F-11 H,7078,15/9-F-11,3420717,VOLVE,369304,MÆRSK INSPIRER,24.0,11.55094375,%,production,OP,3563.813095007875,223.657290125,2465.53649631,411.099843804625,685.8827560735,1098.276598697875,142.96631375,8506.653534500001,6750.637982020001,1177.2637377,0.7935715207680415,0.1215689585741936,0,0,0,0,0,0,0,0,0,0
2014-01-24,NO 15/9-F-11 H,7078,15/9-F-11,3420717,VOLVE,369304,MÆRSK INSPIRER,24.0,11.5797475,%,production,OP,3567.74614786475,223.666440125,2466.8737829295,413.30538832462497,689.1029622684999,1100.8723649352498,142.1704355,8156.814302299999,6590.978457585,1290.669012,0.8080334078129648,0.1366151142120996,0,0,0,0,0,0,0,0,0,0
2014-01-25,NO 15/9-F-11 H,7078,15/9-F-11,3420717,VOLVE,369304,MÆRSK INSPIRER,16.91666,8.457780625,%,production,OP,3586.750599300676,223.3628913093507,2481.376195352508,366.3150964653806,692.3675195883104,1105.3744039481678,139.6856825728885,4113.2841476,3408.997560959,574.9515321,0.8287775506460127,0.1226370795712196,0,0,0,0,0,0,0,0,0,0
2014-01-26,NO 15/9-F-11 H,7078,15/9-F-11,3420717,VOLVE,369304,MÆRSK INSPIRER,24.0,11.521972291666666,%,production,OP,3514.4411717365,223.02258275,2462.3480896965,344.18146502325,638.6335696890001,1052.09308204,142.087347125,7159.5020287,5750.467408765,1215.191292,0.8031937676270415,0.1451027811366384,0,0,0,0,0,0,0,0,0,0
2014-01-27,NO 15/9-F-11 H,7078,15/9-F-11,3420717,VOLVE,369304,MÆRSK INSPIRER,24.0,11.493693333333333,%,production,OP,3541.4407447995,223.29182,2465.652596207375,375.246021133875,661.6873144646249,1075.788148592125,141.56465862500002,7100.126222299999,5501.5379730820005,1112.7302871,0.7748507281184425,0.1354863908588233,0,0,0,0,0,0,0,0,0,0
2014-01-28,NO 15/9-F-11 H,7078,15/9-F-11,3420717,VOLVE,369304,MÆRSK INSPIRER,24.0,11.461753333333334,%,production,OP,3529.405551992,223.43301275,2458.4954634322503,390.62043288025,657.21216999625,1070.91008855975,144.343731125,7459.274373300001,6053.082604535,1148.0161212,0.8114841071139071,0.1333771785596843,0,0,0,0,0,0,0,0,0,0
2014-01-29,NO 15/9-F-11 H,7078,15/9-F-11,3420717,VOLVE,369304,MÆRSK INSPIRER,8.30848,5.263803958333333,%,production,OP,3553.2132825371536,223.4859157690167,2493.879632108027,394.85778698639456,650.7691661541529,1059.3336504291267,145.1133901130267,2980.6780609,2461.565960684,229.2006764,0.8258409363206247,0.0714047773009621,0,0,0,0,0,0,0,0,0,0
2014-01-31,NO 15/9-F-11 H,7078,15/9-F-11,3420717,VOLVE,369304,MÆRSK INSPIRER,22.02486,10.084377708333331,%,production,OP,3693.520553146384,222.40626015935447,2552.52882876158,232.4334652516833,728.8187226708434,1140.9917243848038,128.297196756803,7314.105558499999,6396.814705515001,731.2533106000001,0.8745860521634146,0.0908913228729351,0,0,0,0,0,0,0,0,0,0
2014-02-01,NO 15/9-F-11 H,7078,15/9-F-11,3420717,VOLVE,369304,MÆRSK INSPIRER,24.0,11.371314791666666,%,production,OP,3575.6067542210003,223.18255775,2482.712624481625,350.603696295625,679.9594283265,1092.8941297393749,141.090636125,7437.197140200001,6361.613365702,825.0343776999999,0.8553778050760295,0.0998561194893383,0,0,0,0,0,0,0,0,0,0
2014-02-02,NO 15/9-F-11 H,7078,15/9-F-11,3420717,VOLVE,369304,MÆRSK INSPIRER,24.0,11.860274791666669,%,production,OP,3489.886803380375,223.5366515,2441.030872808375,396.197594202375,631.047855667125,1048.855930572,139.64664837499998,8332.9289823,6978.246520725001,908.6888507,0.8374302163798006,0.0983257333424079,0,0,0,0,0,0,0,0,0,0
2014-02-03,NO 15/9-F-11 H,7078,15/9-F-11,3420717,VOLVE,369304,MÆRSK INSPIRER,24.0,11.960126875,%,production,OP,3481.380288420876,223.600261625,2436.373744931125,407.64801494525,632.624403619,1045.00654348975,145.36542500000002,8510.3645224,7086.360709040001,908.7517488,0.8326741692894706,0.0964795127944869,0,0,0,0,0,0,0,0,0,0
2014-02-04,NO 15/9-F-11 H,7078,15/9-F-11,3420717,VOLVE,369304,MÆRSK INSPIRER,24.0,12.029646041666666,%,production,OP,3478.047037191375,223.64011850000003,2433.901209626125,410.179236251,631.7802069183749,1044.14582756525,145.855253,8568.733959199999,7139.217986265001,919.5073239,0.8331706901227609,0.0969101961538206,0,0,0,0,0,0,0,0,0,0
2014-02-05,NO 15/9-F-11 H,7078,15/9-F-11,3420717,VOLVE,369304,MÆRSK INSPIRER,24.0,11.979779166666669,%,production,OP,3479.44961206225,223.65278375,2434.4510003381247,410.063003402125,630.7658987735,1044.9986117241249,146.056044875,8523.384429099999,7089.473699845,905.103659,0.831767446231871,0.095996691149492,0,0,0,0,0,0,0,0,0,0
2014-02-06,NO 15/9-F-11 H,7078,15/9-F-11,3420717,VOLVE,369304,MÆRSK INSPIRER,8.0,4.6711,%,production,OP,3500.5287248815243,223.6668241191428,2467.747235243585,406.0877712310536,602.4473503301679,1032.7814896379384,146.13476884043678,2118.0935175,1821.049474051,167.3718441,0.8597587684421021,0.0732331571994716,0,0,0,0,0,0,0,0,0,0
2014-02-08,NO 15/9-F-11 H,7078,15/9-F-11,3420717,VOLVE,369304,MÆRSK INSPIRER,6.5,2.8004585416666665,%,production,OP,3738.230786084604,221.49890421785983,2584.834380509403,87.83483163783329,727.7891347091617,1153.3964055752012,109.0941115307752,886.8003119000001,729.4505550840001,54.4068565,0.8225646126816615,0.0578053996257685,0,0,0,0,0,0,0,0,0,0
2014-02-09,NO 15/9-F-11 H,7078,15/9-F-11,3420717,VOLVE,369304,MÆRSK INSPIRER,24.0,11.301532708333331,%,production,OP,3549.430462170375,222.97061225,2485.52961597175,303.732623977125,649.4593027010001,1063.900846198625,138.190723625,7332.849192299999,6173.034280290001,755.2174867,0.841832979024322,0.0933742903802784,0,0,0,0,0,0,0,0,0,0
2014-02-10,NO 15/9-F-11 H,7078,15/9-F-11,3420717,VOLVE,369304,MÆRSK INSPIRER,4.0,3.5599254166666667,%,production,OP,3505.9048645092957,223.32092965630005,2491.826069518849,356.0380896742128,604.8064262046704,1014.0787949904468,138.85713741770385,741.0654142,667.1995676590001,89.4410982,0.9003247957257052,0.1076946379884883,0,0,0,0,0,0,0,0,0,0
2014-02-11,NO 15/9-F-11 H,7078,15/9-F-11,3420717,VOLVE,369304,MÆRSK INSPIRER,0.0,0.9113447916666668,%,production,OP,4508.225146356001,218.979644,4503.899388006001,18.951680346,9.751049778,4.32575835,46.03064,0.0,0.0,0.0,0.878251663986929,0.10264073245123284,0,0,0,0,0,0,0,0,1,1
2014-02-12,NO 15/9-F-11 H,7078,15/9-F-11,3420717,VOLVE,369304,MÆRSK INSPIRER,23.0,9.457536785714286,%,production,OP,3664.6158250268127,222.07749808577472,2565.613340076596,159.76298568570465,665.2989887496209,1099.0024849502165,122.96351726307816,5997.8370198,5135.219296275999,648.6052072,0.8561785322481528,0.0975868269139774,0,0,0,0,0,0,0,0,0,0
2014-02-13,NO 15/9-F-11 H,7078,15/9-F-11,3420717,VOLVE,369304,MÆRSK INSPIRER,24.0,11.129161041666666,%,production,OP,3514.87109458475,223.140975875,2459.66269904,332.1840243985,642.167048899125,1055.20839554475,136.376139125,7527.7704042,6403.613491559001,751.8838874,0.8506653561041403,0.0908110243398462,0,0,0,0,0,0,0,0,0,0
2014-02-14,NO 15/9-F-11 H,7078,15/9-F-11,3420717,VOLVE,369304,MÆRSK INSPIRER,24.0,11.2098625,%,production,OP,3496.8287813473758,223.30337675,2447.42722688425,359.917359811625,638.719181390125,1049.401554463125,143.529668375,7780.7465624,6602.931070947001,778.2381913,0.8486243598853711,0.0909264607538379,0,0,0,0,0,0,0,0,0,0
2014-02-15,NO 15/9-F-11 H,7078,15/9-F-11,3420717,VOLVE,369304,MÆRSK INSPIRER,24.0,11.195497916666667,%,production,OP,3499.0843035448747,223.316714375,2448.017329095375,365.80338861962497,639.43169567325,1051.0669744495,146.663386625,7670.737785499999,6476.229696581,774.904592,0.8442772882711519,0.0917520014894805,0,0,0,0,0,0,0,0,0,0
2014-02-16,NO 15/9-F-11 H,7078,15/9-F-11,3420717,VOLVE,369304,MÆRSK INSPIRER,24.0,11.196703541666666,%,production,OP,3507.103635862374,223.3254215,2450.7691048531246,370.796382202125,645.29799327,1056.33453100925,148.09452537500002,7783.325384500001,6576.273769652001,776.8544331,0.8449182636959047,0.0907521161533035,0,0,0,0,0,0,0,0,0,0
2014-02-17,NO 15/9-F-11 H,7078,15/9-F-11,3420717,VOLVE,369304,MÆRSK INSPIRER,24.0,11.12686125,%,production,OP,3501.599422611,223.345234625,2448.1920666475,380.24492501487504,642.6562711380001,1053.4073559635,149.496882125,7767.034776599999,6655.911243328001,770.6275212,0.856943664444568,0.090262122618574,0,0,0,0,0,0,0,0,0,0
2014-02-18,NO 15/9-F-11 H,7078,15/9-F-11,3420717,VOLVE,369304,MÆRSK INSPIRER,17.16666,7.036385625,%,production,OP,3673.816987615457,222.68654716573988,2533.486350396375,270.0225496376666,725.3206587674414,1140.3306372190816,127.18075744506504,4086.7411494,3632.402590923,414.3726828,0.8888261962606306,0.0920600318604846,0,0,0,0,0,0,0,0,0,0
2014-02-19,NO 15/9-F-11 H,7078,15/9-F-11,3420717,VOLVE,369304,MÆRSK INSPIRER,24.0,10.149231875,%,production,OP,3588.8114095738747,222.667449125,2506.74037194625,303.697923635625,668.405196635125,1082.071037627625,140.182692875,6805.008337100001,5804.551871815001,701.0622225999999,0.8529823307003689,0.0933993648239858,0,0,0,0,0,0,0,0,0,0
2014-02-20,NO 15/9-F-11 H,7078,15/9-F-11,3420717,VOLVE,369304,MÆRSK INSPIRER,24.0,11.040153958333333,%,production,OP,3494.2167104215,223.274339,2447.5208156753747,367.184670099125,632.6512235624999,1046.695894746125,143.087068625,7738.479039199999,6578.225613121,750.5630273,0.8500669937591578,0.0884155151335531,0,0,0,0,0,0,0,0,0,0
2014-02-21,NO 15/9-F-11 H,7078,15/9-F-11,3420717,VOLVE,369304,MÆRSK INSPIRER,24.0,11.060208333333334,%,production,OP,3485.4095921205003,223.36467125,2441.71505029225,375.291677887625,629.51309074575,1043.69454182825,139.43322087500002,7850.752147700001,6685.22809468,771.1936041,0.8515398230523098,0.0894454252323494,0,0,0,0,0,0,0,0,0,0
2014-02-22,NO 15/9-F-11 H,7078,15/9-F-11,3420717,VOLVE,369304,MÆRSK INSPIRER,24.0,10.92220125,%,production,OP,3493.798665581125,223.380637625,2444.6666340247502,376.568894602125,634.946259550125,1049.1320315563748,139.365212,7805.9687005,6605.505512577,773.2692414,0.8462121443241112,0.0901326256057595,0,0,0,0,0,0,0,0,0,0
2014-02-23,NO 15/9-F-11 H,7078,15/9-F-11,3420717,VOLVE,369304,MÆRSK INSPIRER,24.0,11.061605625,%,production,OP,3486.5550206606254,223.416047375,2440.528872117375,376.27848320175,632.13270666925,1046.02614854325,138.717088625,7823.9575571,6682.781139117,774.8416939,0.8541433271263827,0.0901104527832638,0,0,0,0,0,0,0,0,0,0
2014-02-24,NO 15/9-F-11 H,7078,15/9-F-11,3420717,VOLVE,369304,MÆRSK INSPIRER,24.0,10.825508125,%,production,OP,3484.9938754100426,223.4222423829787,2439.879699966255,378.04503099791486,631.2364542488937,1045.1141754437874,141.91871957446807,7615.1987632,6448.613248034,712.006492,0.8468082644403905,0.0855036558100187,0,0,0,0,0,0,0,0,0,0
2014-02-25,NO 15/9-F-11 H,7078,15/9-F-11,3420717,VOLVE,369304,MÆRSK INSPIRER,24.0,11.087916666666668,%,production,OP,3454.6199494956254,221.912710625,2413.077605398,379.08431885237496,627.5763922885,1041.5423440976251,146.082330875,7698.664541900001,6538.178743320999,735.5932795,0.8492614151112762,0.0872149387742926,0,0,0,0,0,0,0,0,0,0
2014-02-26,NO 15/9-F-11 H,7078,15/9-F-11,3420717,VOLVE,369304,MÆRSK INSPIRER,24.0,11.093736458333334,%,production,OP,3476.85580081625,223.42942175,2436.8587489815,379.18628963125,626.165072834875,1039.9970518347502,145.026046625,7696.9662932,6511.482242709,742.0088857,0.8459803505261114,0.0879264211554084,0,0,0,0,0,0,0,0,0,0
2014-02-27,NO 15/9-F-11 H,7078,15/9-F-11,3420717,VOLVE,369304,MÆRSK INSPIRER,24.0,11.077641875,%,production,OP,3480.599974916,223.424010125,2438.42744373,377.573047065375,628.419655307,1042.172531186,143.669054375,7609.0976475,6466.123688882,736.2851586,0.8497885016637251,0.0882266488796436,0,0,0,0,0,0,0,0,0,0
2014-02-28,NO 15/9-F-11 H,7078,15/9-F-11,3420717,VOLVE,369304,MÆRSK INSPIRER,24.0,11.0121975,%,production,OP,3482.548406343125,223.411966625,2439.9656049578757,380.427056483375,628.580840871,1042.58280138525,145.36171287500002,7599.8516268,6425.113787213,725.8440740000001,0.8454262139218057,0.0871811918288408,0,0,0,0,0,0,0,0,0,0
2014-03-01,NO 15/9-F-11 H,7078,15/9-F-11,3420717,VOLVE,369304,MÆRSK INSPIRER,24.0,11.06501125,%,production,OP,3479.5436027295,223.425348125,2438.2242122541247,380.968259737125,628.139855853625,1041.3193904753748,144.369918875,7477.5148223,6343.31116928,736.4738529,0.8483181003349545,0.0896609286939475,0,0,0,0,0,0,0,0,0,0
2014-03-02,NO 15/9-F-11 H,7078,15/9-F-11,3420717,VOLVE,369304,MÆRSK INSPIRER,24.0,11.115921666666669,%,production,OP,3480.646266211,223.430057,2438.61216775275,378.27687719825,625.589344493875,1042.03409845825,145.1852,7551.986172700001,6479.951865961,745.342485,0.8580460448121127,0.0898292107916341,0,0,0,0,0,0,0,0,0,0
2014-03-03,NO 15/9-F-11 H,7078,15/9-F-11,3420717,VOLVE,369304,MÆRSK INSPIRER,24.0,10.824053541666666,%,production,OP,3482.702679264893,223.43044425531917,2439.4636106315747,376.05666185310633,629.1648456357447,1043.2390686333192,144.2437964255319,7544.4384007,6425.363108995,720.3719393,0.8516688410364425,0.0871613394216134,0,0,0,0,0,0,0,0,0,0
2014-03-04,NO 15/9-F-11 H,7078,15/9-F-11,3420717,VOLVE,369304,MÆRSK INSPIRER,24.0,11.056092291666667,%,production,OP,3481.7871472055,223.434037625,2439.131527679375,377.318943511,628.849862188,1042.655619526125,145.793981,7515.3165804,6417.5567945600005,760.5009271,0.8539303335932694,0.0918943568307049,0,0,0,0,0,0,0,0,0,0
2014-03-05,NO 15/9-F-11 H,7078,15/9-F-11,3420717,VOLVE,369304,MÆRSK INSPIRER,24.0,10.903202291666666,%,production,OP,3485.69639872225,223.4231465,2441.025113591125,378.882462215875,631.2740182551249,1044.671285131125,143.074181375,7410.150957199999,6298.332601625,700.9364264,0.8499600936611538,0.0864170724898415,0,0,0,0,0,0,0,0,0,0
2014-03-06,NO 15/9-F-11 H,7078,15/9-F-11,3420717,VOLVE,369304,MÆRSK INSPIRER,24.0,10.934567916666667,%,production,OP,3483.2484292285,223.424115125,2440.1543265905,377.8673926215,629.4152565715,1043.094102638,140.827868375,7483.0498551,6310.573736086,703.5152485,0.8433157413464364,0.0859353391315037,0,0,0,0,0,0,0,0,0,0
2014-03-07,NO 15/9-F-11 H,7078,15/9-F-11,3420717,VOLVE,369304,MÆRSK INSPIRER,24.0,11.23067,%,production,OP,3459.509361773125,223.4698445,2429.96353972625,380.71305631125,615.926066878875,1029.545822046875,143.438786,7652.9376232,6547.068865899001,745.8456698,0.8554974819148479,0.0888040140792331,0,0,0,0,0,0,0,0,0,0
2014-03-08,NO 15/9-F-11 H,7078,15/9-F-11,3420717,VOLVE,369304,MÆRSK INSPIRER,24.0,11.769048958333334,%,production,OP,3412.06431667775,223.593529625,2407.627442974625,392.934263375375,590.7483191555,1004.436873703125,145.124802875,8378.970391500001,7039.6266476480005,821.7007783999999,0.8401541381252893,0.0893087866337614,0,0,0,0,0,0,0,0,0,0
2014-03-09,NO 15/9-F-11 H,7078,15/9-F-11,3420717,VOLVE,369304,MÆRSK INSPIRER,24.0,11.62139875,%,production,OP,3412.850770124625,223.5916805,2408.2348711835,395.283108461,590.922784761375,1004.615898941125,143.16936125,8215.9385163,6922.475074456001,801.7620807,0.8425665626297184,0.0889098137685708,0,0,0,0,0,0,0,0,0,0
2014-03-10,NO 15/9-F-11 H,7078,15/9-F-11,3420717,VOLVE,369304,MÆRSK INSPIRER,24.0,11.751915,%,production,OP,3404.409788168125,223.609826375,2405.19229423575,402.11173318775,585.3430187985,999.217493932375,151.96491125,8340.3509581,7049.52394547,829.1856523000001,0.8452310916992802,0.0904283048894254,0,0,0,0,0,0,0,0,0,0
2014-03-11,NO 15/9-F-11 H,7078,15/9-F-11,3420717,VOLVE,369304,MÆRSK INSPIRER,24.0,11.819607083333333,%,production,OP,3405.9938690311246,223.607351,2405.6309616667504,401.58743290425,586.723263860625,1000.362907364375,147.53290099999998,8361.9879045,7058.683166062,839.3122464,0.8441393657438051,0.0912167011873756,0,0,0,0,0,0,0,0,0,0
2014-03-12,NO 15/9-F-11 H,7078,15/9-F-11,3420717,VOLVE,369304,MÆRSK INSPIRER,24.0,11.768197708333334,%,production,OP,3409.2748672995,223.602611375,2407.037295439125,398.4731830115,583.4519196841251,1002.237571860375,144.551953625,8235.0595387,6932.601211534,824.8456834,0.8418398408602632,0.0910435223304475,0,0,0,0,0,0,0,0,0,0
2014-03-13,NO 15/9-F-11 H,7078,15/9-F-11,3420717,VOLVE,369304,MÆRSK INSPIRER,24.0,11.721360212765957,%,production,OP,3407.2603519692766,223.60916319148936,2407.109295812553,400.36683282740427,586.4580454837021,1000.1510561567236,150.0743644680851,8300.8509513,7005.289811691,944.5407677,0.8439242979774138,0.1021634124770392,0,0,0,0,0,0,0,0,0,0
2014-03-14,NO 15/9-F-11 H,7078,15/9-F-11,3420717,VOLVE,369304,MÆRSK INSPIRER,24.0,11.791143541666669,%,production,OP,3404.6663120441253,223.624136375,2405.484068389,397.706587684125,585.280480225875,999.1822436551248,146.904126125,8240.8461639,6990.264113135,857.1124087000001,0.8482459172404744,0.0942093110075632,0,0,0,0,0,0,0,0,0,0
2014-03-15,NO 15/9-F-11 H,7078,15/9-F-11,3420717,VOLVE,369304,MÆRSK INSPIRER,24.0,11.849326458333334,%,production,OP,3404.177286210875,223.627988,2405.634134373,398.38551358375,584.50749114,998.543151837875,151.18385187500002,8333.117676599999,7000.423092884001,879.2525399,0.8400725112213041,0.0954425972075239,0,0,0,0,0,0,0,0,0,0
2014-03-16,NO 15/9-F-11 H,7078,15/9-F-11,3420717,VOLVE,369304,MÆRSK INSPIRER,24.0,11.826555625,%,production,OP,3404.7544679535,223.62506225,2406.23097178625,394.4067767785,584.48429110325,998.52349616725,150.62534375,8225.6877218,6977.849230350001,892.7127333000001,0.8482997977004482,0.0979023390885073,0,0,0,0,0,0,0,0,0,0
2014-03-17,NO 15/9-F-11 H,7078,15/9-F-11,3420717,VOLVE,369304,MÆRSK INSPIRER,24.0,11.801722916666666,%,production,OP,3405.0267465822503,223.622726375,2406.4497344146253,397.812537943125,584.7559261258749,998.5770121676252,151.353774875,8237.135176,6939.0878156300005,890.008115,0.8424151925839417,0.0975122320997863,0,0,0,0,0,0,0,0,0,0
2014-03-18,NO 15/9-F-11 H,7078,15/9-F-11,3420717,VOLVE,369304,MÆRSK INSPIRER,24.0,11.706243541666666,%,production,OP,3413.127822920875,223.603229,2410.15064790925,397.50329577575,589.0493258937499,1002.9771750116248,150.843209375,8004.2864098,6835.464244567001,858.8735555000001,0.853975469468214,0.0969037633149532,0,0,0,0,0,0,0,0,0,0
2014-03-19,NO 15/9-F-11 H,7078,15/9-F-11,3420717,VOLVE,369304,MÆRSK INSPIRER,24.0,11.645588333333333,%,production,OP,3416.507963727125,223.594171625,2411.43013688575,393.295383822375,588.7872331628749,1005.077826841375,145.80611,8076.4305305,6788.764791581001,603.0040847,0.8405649953830184,0.0694750420314221,0,0,0,0,0,0,0,0,0,0
2014-03-20,NO 15/9-F-11 H,7078,15/9-F-11,3420717,VOLVE,369304,MÆRSK INSPIRER,24.0,11.672209583333334,%,production,OP,3411.94027292825,223.5929,2409.6470789948758,389.5176666635,585.75349446825,1002.293193933375,138.78511437499998,8233.0467995,6968.979590298,1066.751776,0.8464642264296655,0.11470697642961,0,0,0,0,0,0,0,0,0,0
2014-03-21,NO 15/9-F-11 H,7078,15/9-F-11,3420717,VOLVE,369304,MÆRSK INSPIRER,24.0,11.683425208333333,%,production,OP,3409.9963104845,223.6021205,2408.78273409875,392.2696599782501,586.9447217785,1001.21357638575,140.73940737499998,8143.417007,6929.815234851,1061.4054375,0.8509714323722094,0.115309713348594,0,0,0,0,0,0,0,0,0,0
2014-03-22,NO 15/9-F-11 H,7078,15/9-F-11,3420717,VOLVE,369304,MÆRSK INSPIRER,13.33333,7.151486666666667,%,production,OP,3439.150279422042,223.48801217238304,2432.2218047256574,377.49994995568505,596.3915964252304,1006.9284746963846,140.9143535546154,3764.8286736,3235.9152722010003,444.689567,0.8595119599710118,0.1056390640408809,0,0,0,0,0,0,0,0,0,0
2014-03-23,NO 15/9-F-11 H,7078,15/9-F-11,3420717,VOLVE,369304,MÆRSK INSPIRER,24.0,10.022006041666666,%,production,OP,3506.60397693075,222.302928875,2484.96572031425,248.69246156287505,592.5591185855,1021.6382566165,134.46172325,5918.2080252,5178.748901790001,866.4213275,0.8750535431905488,0.1277035608666228,0,0,0,0,0,0,0,0,0,0
2014-03-24,NO 15/9-F-11 H,7078,15/9-F-11,3420717,VOLVE,369304,MÆRSK INSPIRER,6.55847,3.773517291666667,%,production,OP,3448.2381146472976,222.932303480574,2454.703979470581,335.95833292652776,574.2722292259385,993.534135176716,146.92253855473913,1549.9978783,1494.905153112,197.8774226,0.9644562576766722,0.1132102630537262,0,0,0,0,0,0,0,0,0,0
2014-03-25,NO 15/9-F-11 H,7078,15/9-F-11,3420717,VOLVE,369304,MÆRSK INSPIRER,7.10819,3.520085625,%,production,OP,3718.9554877030296,221.36430094512383,2585.681991340815,91.82197997503908,692.7706828878838,1133.2734963622147,115.02352929385398,1383.5695057,1119.717895695,338.20308370000004,0.8092964546284159,0.1964272667494703,0,0,0,0,0,0,0,0,0,0
2014-03-26,NO 15/9-F-11 H,7078,15/9-F-11,3420717,VOLVE,369304,MÆRSK INSPIRER,24.0,10.454005625,%,production,OP,3518.284690823,222.609947,2492.969829685,287.14200514662497,597.30719737525,1025.314861138,144.107275625,7377.255250900001,6251.840092781001,927.8098731,0.8474479844002004,0.1117161466222356,0,0,0,0,0,0,0,0,0,0
2014-03-27,NO 15/9-F-11 H,7078,15/9-F-11,3420717,VOLVE,369304,MÆRSK INSPIRER,10.55847,10.322030833333333,%,production,OP,3460.2801652896123,223.00627239908053,2457.8003269353567,337.5238751153827,585.4762134224609,1002.4798383542555,142.82357623824475,3129.4320674,2714.3355168450003,562.1832178,0.8673572259710782,0.1522865126422681,0,0,0,0,0,0,0,0,0,0
2014-03-28,NO 15/9-F-11 H,7078,15/9-F-11,3420717,VOLVE,369304,MÆRSK INSPIRER,6.5,8.385550208333333,%,production,OP,3773.887193592055,221.38217118079075,2626.9757005862266,86.15793065583868,701.711305238619,1146.9114930058277,116.67602290036308,1129.7127741000002,1052.975584724,191.9650012,0.9320737172002556,0.1452434207395421,0,0,0,0,0,0,0,0,0,0
2014-03-29,NO 15/9-F-11 H,7078,15/9-F-11,3420717,VOLVE,369304,MÆRSK INSPIRER,12.44153,7.895876041666667,%,production,OP,3760.471463229954,221.5964400419112,2653.034513062074,137.90330946499282,641.4212481667254,1107.4369501678812,119.6151719869196,2248.8586674000003,2034.112947267,366.7588211,0.9045090190655348,0.1402188289046531,0,0,0,0,0,0,0,0,0,0
2014-03-30,NO 15/9-F-11 H,7078,15/9-F-11,3420717,VOLVE,369304,MÆRSK INSPIRER,23.0,11.05410695652174,%,production,OP,3419.152502288318,222.90013931818183,2436.8037861721364,330.9439967457273,569.5805691455455,982.3487161161818,150.21276145454544,6993.010757999999,5883.634551554001,965.5487331,0.8413592878894297,0.1213220475614671,0,0,0,0,0,0,0,0,0,0
2014-03-31,NO 15/9-F-11 H,7078,15/9-F-11,3420717,VOLVE,369304,MÆRSK INSPIRER,24.0,11.632944166666666,%,production,OP,3408.67645864125,223.209280625,2419.595661464,361.874136967,576.6510123234999,989.08079717725,151.203851375,7935.350092199999,6753.589937793001,1078.4508226,0.8510764943353158,0.1196444022664471,0,0,0,0,0,0,0,0,0,0
2014-04-01,NO 15/9-F-11 H,7078,15/9-F-11,3420717,VOLVE,369304,MÆRSK INSPIRER,24.0,11.655312083333332,%,production,OP,3410.652812905,223.2811715,2418.280278604125,372.142443620625,579.716345129125,992.372534300875,150.564621875,7925.7266829,6723.979974431,1086.6275756,0.8483739401382834,0.1205708901838992,0,0,0,0,0,0,0,0,0,0
2014-04-02,NO 15/9-F-11 H,7078,15/9-F-11,3420717,VOLVE,369304,MÆRSK INSPIRER,24.0,11.648491041666666,%,production,OP,3414.20608073725,223.311540875,2419.169965869125,377.89276822825,582.497533384625,995.0361148681249,150.1948115,7938.6836915,6713.122823063001,1089.8353787,0.8456216526488876,0.1207103147510833,0,0,0,0,0,0,0,0,0,0
2014-04-03,NO 15/9-F-11 H,7078,15/9-F-11,3420717,VOLVE,369304,MÆRSK INSPIRER,24.0,11.646338125,%,production,OP,3412.588997686,223.336373,2418.196531245625,380.487954313625,581.908606585625,994.392466440375,150.1378355,7964.6606068,6737.06301134,1094.42694,0.8458694405117637,0.120809842530619,0,0,0,0,0,0,0,0,0,0
2014-04-04,NO 15/9-F-11 H,7078,15/9-F-11,3420717,VOLVE,369304,MÆRSK INSPIRER,24.0,11.624163125,%,production,OP,3413.2275395675,223.35745175,2418.063132545125,380.293174322875,582.607810610625,995.164407022375,148.20312387500002,8052.906641099999,6886.655727393,960.7055794,0.8551764020515586,0.1065838596001535,0,0,0,0,0,0,0,0,0,0
2014-04-05,NO 15/9-F-11 H,7078,15/9-F-11,3420717,VOLVE,369304,MÆRSK INSPIRER,24.0,11.534414042553191,%,production,OP,3414.461988587489,223.37328238297872,2418.386194725192,382.8619373905532,583.4562927469786,996.075793862298,146.25644727659574,8092.909832700001,6888.018521666,956.3027124,0.8511176652227672,0.10567800321121,0,0,0,0,0,0,0,0,0,0
2014-04-06,NO 15/9-F-11 H,7078,15/9-F-11,3420717,VOLVE,369304,MÆRSK INSPIRER,18.05847,9.708034468085106,%,production,OP,3431.1756129345786,223.37627325914323,2432.628685550216,384.3701574949608,587.1721872097759,998.5469273843624,147.8087988941289,5823.2947923,5055.998182913001,652.7564818000001,0.8682366878624148,0.1007954468196695,0,0,0,0,0,0,0,0,0,0
2014-04-07,NO 15/9-F-11 H,7078,15/9-F-11,3420717,VOLVE,369304,MÆRSK INSPIRER,3.5,1.8406191666666667,%,production,OP,3757.463050624632,220.94399409945007,2569.7048813012434,53.43799630067431,776.1247647613608,1187.758169323389,114.08579150788148,332.60515280000004,292.378523681,43.5883833,0.8790559052367152,0.1158669118876442,0,0,0,0,0,0,0,0,0,0
2014-04-08,NO 15/9-F-11 H,7078,15/9-F-11,3420717,VOLVE,369304,MÆRSK INSPIRER,24.0,10.368585833333333,%,production,OP,3526.000011406,222.484877,2502.335610189,268.829211147375,611.270425641125,1023.664401217,142.17556175,6545.679470800001,5641.17370947,786.7923329,0.8618163682830847,0.1073024696123592,0,0,0,0,0,0,0,0,0,0
2014-04-09,NO 15/9-F-11 H,7078,15/9-F-11,3420717,VOLVE,369304,MÆRSK INSPIRER,24.0,11.188099375,%,production,OP,3410.6029742222504,223.1623085,2424.059051811125,368.2930958195,574.0056370468751,986.5439224111252,151.84832824999998,7660.4853952,6530.763715762,872.5224432,0.8525260970870234,0.102252624130204,0,0,0,0,0,0,0,0,0,0
2014-04-10,NO 15/9-F-11 H,7078,15/9-F-11,3420717,VOLVE,369304,MÆRSK INSPIRER,21.95838,9.2376625,%,production,OP,3540.9688715628363,222.89518686338332,2487.621758080948,325.7937925899108,643.8290710411271,1053.3471134818878,141.64451478608257,6195.903136700001,5665.051037581001,694.395024,0.9143220790566235,0.1007786612139081,0,0,0,0,0,0,0,0,0,0
2014-04-11,NO 15/9-F-11 H,7078,15/9-F-11,3420717,VOLVE,369304,MÆRSK INSPIRER,24.0,11.275121458333333,%,production,OP,3412.850936314,223.331117375,2419.4739171711253,389.617709645625,579.481450044875,993.3770191428748,150.3227165,7920.883529199999,6733.113062145,886.9890062000001,0.8500457098407855,0.1007041147149978,0,0,0,0,0,0,0,0,0,0
2014-04-12,NO 15/9-F-11 H,7078,15/9-F-11,3420717,VOLVE,369304,MÆRSK INSPIRER,24.0,11.261667083333334,%,production,OP,3410.13466465,223.370112125,2416.873694036875,389.753471256875,579.315309015875,993.260970613125,143.876493125,7892.3906899,6716.703733643,883.9069993,0.8510353830099234,0.1007152481151277,0,0,0,0,0,0,0,0,0,0
2014-04-13,NO 15/9-F-11 H,7078,15/9-F-11,3420717,VOLVE,369304,MÆRSK INSPIRER,24.0,11.3227725,%,production,OP,3413.919337589625,223.3849295,2418.7722928245003,390.36454958875,581.230142994625,995.147044765125,149.359930625,7863.3946658,6719.710074054001,899.2541357,0.8545558705427583,0.1026235509456986,0,0,0,0,0,0,0,0,0,0
2014-04-14,NO 15/9-F-11 H,7078,15/9-F-11,3420717,VOLVE,369304,MÆRSK INSPIRER,24.0,11.093030208333332,%,production,OP,3416.441417836851,223.39250063829783,2419.594493959532,393.5833129899575,583.086930335617,996.8469238773192,149.6365029787234,7833.580966400001,6673.436163203,880.3847057,0.8519010899136521,0.1010314636100504,0,0,0,0,0,0,0,0,0,0
2014-04-15,NO 15/9-F-11 H,7078,15/9-F-11,3420717,VOLVE,369304,MÆRSK INSPIRER,24.0,11.354101041666668,%,production,OP,3416.144299071875,223.405259375,2419.47943163675,399.09048286925,582.97913508525,996.6648674351252,149.79609725,7906.1024757,6738.477011928,907.8082773,0.852313391160716,0.1029972168700492,0,0,0,0,0,0,0,0,0,0
2014-04-16,NO 15/9-F-11 H,7078,15/9-F-11,3420717,VOLVE,369304,MÆRSK INSPIRER,24.0,11.322233333333331,%,production,OP,3407.2792652845,222.76500125,2410.0288764217503,397.43200959875,583.308676529375,997.25038886275,143.788632125,7855.8468938,6738.40143847,903.845697,0.8577562075182611,0.1031823534480282,0,0,0,0,0,0,0,0,0,0
2014-04-17,NO 15/9-F-11 H,7078,15/9-F-11,3420717,VOLVE,369304,MÆRSK INSPIRER,24.0,11.341317291666666,%,production,OP,3410.09042806,223.44950825,2416.2399746688748,401.153965689875,579.715372165875,993.850453391125,147.49234737499998,7972.5857674,6775.312716057001,905.103659,0.8498262563397357,0.1019526157682933,0,0,0,0,0,0,0,0,0,0
2014-04-18,NO 15/9-F-11 H,7078,15/9-F-11,3420717,VOLVE,369304,MÆRSK INSPIRER,24.0,11.350037291666666,%,production,OP,3416.3054967223748,223.450997375,2419.24230055,405.442005095,583.3499307755,997.063196172375,150.840160625,7905.725087100001,6756.799690876,907.619583,0.854671724153584,0.1029824223349819,0,0,0,0,0,0,0,0,0,0
2014-04-19,NO 15/9-F-11 H,7078,15/9-F-11,3420717,VOLVE,369304,MÆRSK INSPIRER,24.0,11.483695625,%,production,OP,3408.177183456,223.47463475,2415.481649529125,411.764235688,578.905301698,992.6955339268752,151.63930025,8073.4114217,6858.544166752,928.0614655,0.8495224395869834,0.1031010676952317,0,0,0,0,0,0,0,0,0,0
2014-04-20,NO 15/9-F-11 H,7078,15/9-F-11,3420717,VOLVE,369304,MÆRSK INSPIRER,24.0,11.5426,%,production,OP,3409.168787110625,223.492506875,2415.56370779925,413.6082609065001,579.898361775875,993.605079311375,151.46165825,8082.2171557,6869.470181784999,935.1060527,0.84994872687135,0.1037010686085767,0,0,0,0,0,0,0,0,0,0
2014-04-21,NO 15/9-F-11 H,7078,15/9-F-11,3420717,VOLVE,369304,MÆRSK INSPIRER,24.0,11.407276875,%,production,OP,3421.068417734125,223.47584225,2421.1709070955003,410.35461740925,586.081428407875,999.897510638625,152.0964215,7936.7967485,6915.063578367,847.6776937000001,0.8712663052224311,0.0964972576649339,0,0,0,0,0,0,0,0,0,0
2014-04-22,NO 15/9-F-11 H,7078,15/9-F-11,3420717,VOLVE,369304,MÆRSK INSPIRER,24.0,11.345026041666667,%,production,OP,3422.842048155,223.483496,2421.9196597272503,412.991671130625,587.070279362125,1000.92238842775,151.473736625,7590.4798099,6103.710464749001,761.6959909999999,0.8041270930973485,0.0911973130304467,0,0,0,0,0,0,0,0,0,0
2014-04-23,NO 15/9-F-11 H,7078,15/9-F-11,3420717,VOLVE,369304,MÆRSK INSPIRER,24.0,11.429507708333333,%,production,OP,3420.453462657375,223.4959595,2420.5465426785004,413.17492966525,585.353207718,999.906919978875,149.25931774999998,8044.604091900001,6416.975514598,857.9300840000001,0.7976744960089661,0.0963691985954401,0,0,0,0,0,0,0,0,0,0
2014-04-24,NO 15/9-F-11 H,7078,15/9-F-11,3420717,VOLVE,369304,MÆRSK INSPIRER,24.0,6.683831666666666,%,production,OP,3418.605783430929,223.51420464285715,2419.285644465643,415.4132864427857,584.2110438278571,999.3201389652857,149.11326242857143,5241.8018578,4210.208292737,524.9475426,0.8031986723176212,0.0910300597705161,0,0,0,0,0,0,0,0,0,0
2014-04-25,NO 15/9-F-11 H,7078,15/9-F-11,3420717,VOLVE,369304,MÆRSK INSPIRER,24.0,11.41040375,%,production,OP,3421.6432184362498,223.5253565,2420.831424505125,417.77164619387503,585.73212553625,1000.811793931125,150.6265745,8140.4607963,6517.630178832,955.6737314,0.8006463444666906,0.1050637200329145,0,0,0,0,0,0,0,0,0,0
2014-04-26,NO 15/9-F-11 H,7078,15/9-F-11,3420717,VOLVE,369304,MÆRSK INSPIRER,24.0,11.409794375,%,production,OP,3425.249775647,223.5229325,2422.499198337375,413.97311003875,587.442350178125,1002.7505773096252,148.80053412499998,8053.5985202,6471.434313468001,949.6984119,0.8035456817516267,0.1054834044753075,0,0,0,0,0,0,0,0,0,0
2014-04-27,NO 15/9-F-11 H,7078,15/9-F-11,3420717,VOLVE,369304,MÆRSK INSPIRER,24.0,11.31994,%,production,OP,3432.530511014375,223.51617162500003,2426.096267645625,413.44938084237504,590.716939579875,1006.43424336875,151.45370375,7963.9687277,6444.189728712,909.0662393,0.809168135768545,0.1024526830651449,0,0,0,0,0,0,0,0,0,0
2014-04-28,NO 15/9-F-11 H,7078,15/9-F-11,3420717,VOLVE,369304,MÆRSK INSPIRER,24.0,11.505456875,%,production,OP,3421.350138941,223.53402875,2421.705483925625,416.100409579375,583.930587386875,999.6446550153752,153.587129375,8149.329428400001,6559.324126240001,928.8791408,0.8048912715911432,0.1023196519136435,0,0,0,0,0,0,0,0,0,0
2014-04-29,NO 15/9-F-11 H,7078,15/9-F-11,3420717,VOLVE,369304,MÆRSK INSPIRER,24.0,11.700076875,%,production,OP,3422.5072007373747,223.54240325,2421.7612117555,412.67059627975,584.9994721225,1000.7459889818748,151.93211225,7974.158219899999,6470.116368864,955.7995276,0.8113855018223025,0.1070329283324529,0,0,0,0,0,0,0,0,0,0
2014-04-30,NO 15/9-F-11 H,7078,15/9-F-11,3420717,VOLVE,369304,MÆRSK INSPIRER,24.0,11.841323958333334,%,production,OP,3392.3886489385004,223.587420875,2409.415102800375,413.824696883625,566.9939471695,982.9735461381248,152.65659050000002,7905.787985200001,6414.25840158,974.6060595,0.8113370120205332,0.1097480646235134,0,0,0,0,0,0,0,0,0,0
2014-05-01,NO 15/9-F-11 H,7078,15/9-F-11,3420717,VOLVE,369304,MÆRSK INSPIRER,24.0,12.483428958333333,%,production,OP,3335.803429948125,223.73220275,2383.584010254625,424.352237810875,536.049615474375,952.2194196935,153.81146374999997,8490.4887228,6862.669983153,1058.0089401,0.808277380396758,0.1108037072900816,0,0,0,0,0,0,0,0,0,0
2014-05-02,NO 15/9-F-11 H,7078,15/9-F-11,3420717,VOLVE,369304,MÆRSK INSPIRER,24.0,12.522528958333334,%,production,OP,3333.7995819185003,223.723538375,2383.1846813595,423.73121531112497,532.7238276586249,950.614900559,153.941498,8495.0802841,6877.656482392,1057.946042,0.8096046479118877,0.1107445960982611,0,0,0,0,0,0,0,0,0,0
2014-05-03,NO 15/9-F-11 H,7078,15/9-F-11,3420717,VOLVE,369304,MÆRSK INSPIRER,24.0,12.492269791666669,%,production,OP,3332.28908971075,223.710725375,2383.439235136,425.5480549695,532.9634394994999,948.84985457475,154.41249424999998,8443.1893516,6715.985079498,1061.719928,0.7954322472023334,0.1117022684560205,0,0,0,0,0,0,0,0,0,0
2014-05-04,NO 15/9-F-11 H,7078,15/9-F-11,3420717,VOLVE,369304,MÆRSK INSPIRER,24.0,12.583236041666666,%,production,OP,3332.1696146582503,223.69489062500003,2384.05049174375,423.36670157925,531.9265295996249,948.1191229145,153.85889149999997,8456.2721564,6820.7652069860005,1074.6769366,0.8065924417798933,0.1127565498581139,0,0,0,0,0,0,0,0,0,0
2014-05-05,NO 15/9-F-11 H,7078,15/9-F-11,3420717,VOLVE,369304,MÆRSK INSPIRER,24.0,12.499760625,%,production,OP,3334.556423440375,223.6785545,2386.015354767625,418.952799406375,532.31275672875,948.54106867275,152.064011,8292.8628926,6741.218845236001,999.0734204,0.8128940430513347,0.1075204765450484,0,0,0,0,0,0,0,0,0,0
2014-05-06,NO 15/9-F-11 H,7078,15/9-F-11,3420717,VOLVE,369304,MÆRSK INSPIRER,24.0,12.4439825,%,production,OP,3337.42028033425,223.666029875,2388.60426191625,417.30648213325,532.1214455635,948.816018418,151.043872625,8129.9568136,6597.843282118,996.5574964,0.811547150051395,0.1091936595451412,0,0,0,0,0,0,0,0,0,0
2014-05-07,NO 15/9-F-11 H,7078,15/9-F-11,3420717,VOLVE,369304,MÆRSK INSPIRER,24.0,12.368464583333331,%,production,OP,3340.86725344225,223.643451875,2392.855056771625,420.5707375775,520.2236490663751,948.012196670625,153.793064375,8058.8190625,6601.416070317,984.5439593,0.8191542729920921,0.1088692289501871,0,0,0,0,0,0,0,0,0,0
2014-05-08,NO 15/9-F-11 H,7078,15/9-F-11,3420717,VOLVE,369304,MÆRSK INSPIRER,22.32514,11.48841875,%,production,OP,3343.0558624859345,223.6542294705153,2395.5665334759105,417.1925039254377,511.64805485951695,947.489329010024,150.34148586624048,7274.794245999999,5701.514524772,1031.0885533,0.7837355026098426,0.1241395500291549,0,0,0,0,0,0,0,0,0,0
2014-05-09,NO 15/9-F-11 H,7078,15/9-F-11,3420717,VOLVE,369304,MÆRSK INSPIRER,13.17486,5.746959375,%,production,OP,3723.2915471825054,221.7696770675332,2604.3988604322853,171.7243914102498,697.1182221957054,1118.8926867502207,118.04203564137153,3103.8325407,2397.434112337,1274.0639136,0.7724109084172152,0.2910219387095383,0,0,0,0,0,0,0,0,0,0
2014-05-10,NO 15/9-F-11 H,7078,15/9-F-11,3420717,VOLVE,369304,MÆRSK INSPIRER,24.0,11.487718541666666,%,production,OP,3381.729670345376,222.817116125,2436.355675613625,346.623787099875,525.744786439375,945.37399473175,147.854247875,7585.951146699999,2353.056247729,1939.4629135,0.3101860534328136,0.2036093025712814,0,0,0,0,0,0,0,0,0,0
2014-05-11,NO 15/9-F-11 H,7078,15/9-F-11,3420717,VOLVE,369304,MÆRSK INSPIRER,24.0,11.5827775,%,production,OP,3353.1527516215,223.254945125,2411.267594612125,382.676187944,521.594276296125,941.885157009375,148.598733875,6990.243241599999,5611.569749607001,889.0017454,0.8027717427931115,0.112828290891674,0,0,0,0,0,0,0,0,0,0
2014-05-12,NO 15/9-F-11 H,7078,15/9-F-11,3420717,VOLVE,369304,MÆRSK INSPIRER,24.0,11.6386225,%,production,OP,3346.53308435,223.38104600000003,2406.01817686725,390.529527292125,519.9170175830001,940.51490748275,151.65718925,6854.8236323,5567.231084316,827.8018941000001,0.8121625563177366,0.1077498690070736,0,0,0,0,0,0,0,0,0,0
2014-05-13,NO 15/9-F-11 H,7078,15/9-F-11,3420717,VOLVE,369304,MÆRSK INSPIRER,24.0,11.613054042553191,%,production,OP,3351.9480060753194,223.4154717021277,2407.4254693948087,387.92853132906384,525.4864464381702,944.5225366805106,150.519866,6972.254385,5661.9044978110005,813.1466368,0.8120622377163883,0.1044450548562749,0,0,0,0,0,0,0,0,0,0
2014-05-14,NO 15/9-F-11 H,7078,15/9-F-11,3420717,VOLVE,369304,MÆRSK INSPIRER,24.0,11.58769829787234,%,production,OP,3344.1841373648936,223.4252012765957,2404.842894993574,383.8455295600851,526.5023728239574,939.3412423713193,150.66918710638296,7050.059334699999,5709.704003702001,788.3647854000001,0.809880276553015,0.1005769493103088,0,0,0,0,0,0,0,0,0,0
2014-05-15,NO 15/9-F-11 H,7078,15/9-F-11,3420717,VOLVE,369304,MÆRSK INSPIRER,24.0,11.617382127659576,%,production,OP,3322.0405718078296,223.4273080425532,2396.898200928128,380.6925669935745,511.7648209425958,925.142370879702,148.86833727659572,6615.0560751,5330.013768888,845.7278526000001,0.8057397712698038,0.1133564328890462,0,0,0,0,0,0,0,0,0,0
2014-05-16,NO 15/9-F-11 H,7078,15/9-F-11,3420717,VOLVE,369304,MÆRSK INSPIRER,24.0,12.017074255319148,%,production,OP,3265.127571116297,223.5467441702128,2371.340351359532,383.9084390211064,480.284144059532,893.7872197567659,150.04478089361703,6725.3793425,5379.296492179001,842.5829476,0.799850271372109,0.1113355108418314,0,0,0,0,0,0,0,0,0,0
2014-05-17,NO 15/9-F-11 H,7078,15/9-F-11,3420717,VOLVE,369304,MÆRSK INSPIRER,24.0,12.0076075,%,production,OP,3269.123792779625,223.50848375,2375.0734312095,381.419485041625,482.95289276275,894.050361570125,151.65340999999998,6701.8554531,5290.748060252001,838.3058768000001,0.7894452659083717,0.1111787719283611,0,0,0,0,0,0,0,0,0,0
2014-05-18,NO 15/9-F-11 H,7078,15/9-F-11,3420717,VOLVE,369304,MÆRSK INSPIRER,24.0,11.75306,%,production,OP,3268.0233134186806,223.48975080851065,2376.10027016183,377.6527433248085,480.8849099710213,891.9230432568511,150.037844,6671.4756708,5267.952774549001,859.4396383999999,0.7896233209102451,0.1141215381017605,0,0,0,0,0,0,0,0,0,0
2014-05-19,NO 15/9-F-11 H,7078,15/9-F-11,3420717,VOLVE,369304,MÆRSK INSPIRER,24.0,12.023994468085109,%,production,OP,3265.529489929788,223.4793575319149,2376.6304210828084,380.5871521408085,477.87304160527657,888.8990688469787,151.07222740425533,6736.0091214,5250.968522731,881.5168715000001,0.7795370267609804,0.1157222006622133,0,0,0,0,0,0,0,0,0,0
2014-05-20,NO 15/9-F-11 H,7078,15/9-F-11,3420717,VOLVE,369304,MÆRSK INSPIRER,24.0,11.723541041666667,%,production,OP,3265.3255325567234,223.4712805106383,2377.8885794440853,382.8545990849362,476.3635046167659,887.4369531126383,151.88013480851063,6536.8737368,5125.764138498,854.3448923000001,0.7841308161792977,0.1155891788853809,0,0,0,0,0,0,0,0,0,0
2014-05-21,NO 15/9-F-11 H,7078,15/9-F-11,3420717,VOLVE,369304,MÆRSK INSPIRER,24.0,11.864726875,%,production,OP,3267.827793644125,223.46331875,2380.0390005235,383.603721062125,476.68263411975,887.788793120625,151.11584225,6612.1627625,5240.610721221,863.2135244000001,0.7925713430622768,0.1154742572507972,0,0,0,0,0,0,0,0,0,0
2014-05-22,NO 15/9-F-11 H,7078,15/9-F-11,3420717,VOLVE,369304,MÆRSK INSPIRER,24.0,11.793432083333334,%,production,OP,3266.3609488095003,223.459262,2381.272805551625,382.57014703625,473.91529095,885.088143257875,151.71014975,6643.6118125,5433.144346739,887.7437834,0.8177997902460982,0.117873040529819,0,0,0,0,0,0,0,0,0,0
2014-05-23,NO 15/9-F-11 H,7078,15/9-F-11,3420717,VOLVE,369304,MÆRSK INSPIRER,24.0,11.794180208333334,%,production,OP,3265.012418723375,223.463895875,2381.610547686,384.73203209662495,472.12026138087504,883.401871037375,148.6585295,6714.5608693,5484.705574474,938.1251615,0.81683756856698,0.1225876976690666,0,0,0,0,0,0,0,0,0,0
2014-05-24,NO 15/9-F-11 H,7078,15/9-F-11,3420717,VOLVE,369304,MÆRSK INSPIRER,24.0,11.824590208333332,%,production,OP,3266.448155928625,223.4821175,2383.726159581125,395.47558295187497,471.98994473787496,882.7219963475001,153.88759587500002,6788.9693216,5534.12425936,1015.804315,0.8151641283386648,0.1301516690037554,0,0,0,0,0,0,0,0,0,0
2014-05-25,NO 15/9-F-11 H,7078,15/9-F-11,3420717,VOLVE,369304,MÆRSK INSPIRER,24.0,12.062158125,%,production,OP,3263.96895189725,223.528281875,2382.822524495125,401.97217339387504,469.79485201875,881.146427402125,153.98845325,6933.5091554,5487.973243665,1037.9444462,0.791514530472758,0.1302076757985103,0,0,0,0,0,0,0,0,0,0
2014-05-26,NO 15/9-F-11 H,7078,15/9-F-11,3420717,VOLVE,369304,MÆRSK INSPIRER,24.0,11.933714791666668,%,production,OP,3264.81449887851,223.5697370638298,2383.323471153319,405.886435986383,468.27512726795743,881.4910277251914,154.15238280851062,6653.2352218,5471.010180667,881.4539733999999,0.8223082452790307,0.1169861092560438,0,0,0,0,0,0,0,0,0,0
2014-05-27,NO 15/9-F-11 H,7078,15/9-F-11,3420717,VOLVE,369304,MÆRSK INSPIRER,24.0,12.17781875,%,production,OP,3266.8556220598757,223.57612025,2386.104226802125,409.953693096125,467.3977062575,880.75139525775,154.591709375,6687.137297700001,5551.8197492360005,946.8679974,0.8302236819850423,0.12403292384507,0,0,0,0,0,0,0,0,0,0
2014-05-28,NO 15/9-F-11 H,7078,15/9-F-11,3420717,VOLVE,369304,MÆRSK INSPIRER,24.0,12.154652916666668,%,production,OP,3260.394251678875,221.712491,2378.372565271125,415.3554188707501,468.60381507087504,882.02168640775,155.073662375,6839.7280883,5649.684199023,1246.5774439,0.8260100585997442,0.1541590827771814,0,0,0,0,0,0,0,0,0,0
2014-05-29,NO 15/9-F-11 H,7078,15/9-F-11,3420717,VOLVE,369304,MÆRSK INSPIRER,24.0,12.191479375,%,production,OP,3271.380578016375,223.6195805,2389.705091271375,419.630398812625,468.020680727,881.6754867450001,155.67191525,6895.6444992,5697.134442531001,1252.8672539,0.8261931779099047,0.1537541199990737,0,0,0,0,0,0,0,0,0,0
2014-05-30,NO 15/9-F-11 H,7078,15/9-F-11,3420717,VOLVE,369304,MÆRSK INSPIRER,24.0,12.299007708333331,%,production,OP,3272.8012645075,223.6341245,2391.3125141875003,419.798431378875,467.864616817375,881.48875032,155.13470187500002,6993.199452299999,5798.534953229001,1274.5670983999998,0.8291676782251528,0.1541609926434228,0,0,0,0,0,0,0,0,0,0
2014-05-31,NO 15/9-F-11 H,7078,15/9-F-11,3420717,VOLVE,369304,MÆRSK INSPIRER,24.0,12.320572291666666,%,production,OP,3271.418130771875,223.661327,2391.502716416375,422.072923338125,466.317846979875,879.9154143555,155.0400995,7138.8714519000005,5921.0744902,1296.3927391000002,0.8294132385062227,0.1536872716426814,0,0,0,0,0,0,0,0,0,0
2014-06-01,NO 15/9-F-11 H,7078,15/9-F-11,3420717,VOLVE,369304,MÆRSK INSPIRER,24.0,12.446855,%,production,OP,3265.089911318125,223.70013875,2389.275467564,428.33077216725,462.08490992825,875.814443754125,155.66834075,7249.635005999999,6015.848197443,1319.5392399,0.8298139413176134,0.1539867438839099,0,0,0,0,0,0,0,0,0,0
2014-06-02,NO 15/9-F-11 H,7078,15/9-F-11,3420717,VOLVE,369304,MÆRSK INSPIRER,21.66666,10.813029166666666,%,production,OP,3316.5109419764003,223.41681262362545,2418.8841896861827,383.4268140982038,480.1572685515344,897.6267522902177,147.89794300065077,6719.0266344,5600.308244924,1111.5352232,0.8334999323044208,0.1419483356895,0,0,0,0,0,0,0,0,0,0
2014-06-03,NO 15/9-F-11 H,7078,15/9-F-11,3420717,VOLVE,369304,MÆRSK INSPIRER,24.0,12.012431458333332,%,production,OP,3265.088056040375,223.515631625,2398.97151772375,407.001260287,451.71864521375,866.116538316625,152.0204075,6976.531455800001,5744.082864152,1295.9524524,0.823343648709074,0.1566582016696826,0,0,0,0,0,0,0,0,0,0
2014-06-04,NO 15/9-F-11 H,7078,15/9-F-11,3420717,VOLVE,369304,MÆRSK INSPIRER,24.0,12.130715833333332,%,production,OP,3271.763868126,223.6734605,2397.4289388801253,424.120763206125,459.93476992425,874.334929245875,154.684297625,6981.5633038000005,5780.711977286001,1296.329841,0.8279967860693338,0.1566014224059327,0,0,0,0,0,0,0,0,0,0
2014-06-05,NO 15/9-F-11 H,7078,15/9-F-11,3420717,VOLVE,369304,MÆRSK INSPIRER,24.0,12.203765625,%,production,OP,3265.871212125355,223.76770680211453,2394.2915124460174,408.5837657216471,457.3084843724071,871.579699679338,154.84315576139213,7413.2958622,6115.853424344001,1305.764556,0.8249843980365618,0.1497597783901545,0,0,0,0,0,0,0,0,0,0
2014-06-06,NO 15/9-F-11 H,7078,15/9-F-11,3420717,VOLVE,369304,MÆRSK INSPIRER,24.0,12.229738958333334,%,production,OP,3276.68225778725,223.773933875,2400.175583918625,292.04827507,462.091349011125,876.5066738686251,156.33577624999998,7427.0705461,6031.0790744060005,1306.2048427,0.8120400953472775,0.1495664323576861,0,0,0,0,0,0,0,0,0,0
2014-06-07,NO 15/9-F-11 H,7078,15/9-F-11,3420717,VOLVE,369304,MÆRSK INSPIRER,24.0,12.353701041666667,%,production,OP,3266.786076338875,223.813496375,2396.42956964925,297.110714659875,455.9983963015,870.356506689625,156.86913762499998,7546.1995475,6121.10754541,1318.0925836,0.8111510313079221,0.1486968800334915,0,0,0,0,0,0,0,0,0,0
2014-06-08,NO 15/9-F-11 H,7078,15/9-F-11,3420717,VOLVE,369304,MÆRSK INSPIRER,24.0,12.333340208333333,%,production,OP,3264.979739849,223.8390125,2396.0640557595,298.999792307125,454.71263745312496,868.9156840895,154.58628125,7533.305437,6121.204307688001,1310.8593021,0.8125522533075014,0.1482174225345101,0,0,0,0,0,0,0,0,0,0
2014-06-09,NO 15/9-F-11 H,7078,15/9-F-11,3420717,VOLVE,369304,MÆRSK INSPIRER,24.0,12.324998333333332,%,production,OP,3266.392700045,223.85169275,2398.0669912583758,301.18934940925,454.009070201625,868.325708786625,156.443724875,8486.4632444,6977.108327944,1319.4763418,0.8221455896304053,0.1345588895588254,0,0,0,0,0,0,0,0,0,0
2014-06-10,NO 15/9-F-11 H,7078,15/9-F-11,3420717,VOLVE,369304,MÆRSK INSPIRER,24.0,12.257883333333334,%,production,OP,3268.68141781475,223.85302925,2400.064602654,297.960921372625,454.387498516625,868.6168151607501,155.40705687500002,7479.150172899999,6181.695563612,1292.0527702,0.8265237922365559,0.1473062222572803,0,0,0,0,0,0,0,0,0,0
2014-06-11,NO 15/9-F-11 H,7078,15/9-F-11,3420717,VOLVE,369304,MÆRSK INSPIRER,24.0,12.035807916666666,%,production,OP,3268.915418498,223.861477625,2400.9087117275,299.7118291735,453.7822156615,868.0067067705,154.17713075,7373.6071611,6038.191101839,1226.8274405000002,0.8188924321455469,0.1426471448630938,0,0,0,0,0,0,0,0,0,0
2014-06-12,NO 15/9-F-11 H,7078,15/9-F-11,3420717,VOLVE,369304,MÆRSK INSPIRER,24.0,12.087184166666669,%,production,OP,3260.878702771875,223.8866915,2398.3914805455,303.013259670125,448.523400662875,862.487222226375,157.23889587499997,7391.470221500001,6009.86977188,1232.2995752,0.813081780996525,0.1428956946034848,0,0,0,0,0,0,0,0,0,0
2014-06-13,NO 15/9-F-11 H,7078,15/9-F-11,3420717,VOLVE,369304,MÆRSK INSPIRER,24.0,12.203423541666666,%,production,OP,3258.82470785375,223.898754125,2398.03668738125,300.981567366125,446.617716164625,860.7880204725,156.740094875,7024.3969099,5794.2360947980005,1241.4197997,0.8248731057084426,0.1501871918183478,0,0,0,0,0,0,0,0,0,0
2014-06-14,NO 15/9-F-11 H,7078,15/9-F-11,3420717,VOLVE,369304,MÆRSK INSPIRER,24.0,12.246285833333332,%,production,OP,3261.43748281825,223.89382175,2399.88882264125,297.91789645425,447.31508002,861.548660177,155.91654574999998,6934.201034500001,5749.760055324001,1229.657855,0.8291885433832962,0.1506221349050425,0,0,0,0,0,0,0,0,0,0
2014-06-15,NO 15/9-F-11 H,7078,15/9-F-11,3420717,VOLVE,369304,MÆRSK INSPIRER,24.0,12.240543333333331,%,production,OP,3262.61706478575,223.88879975,2401.38858808025,298.318947675625,447.26804540525,861.2284767055,156.02026174999995,6945.837183,5757.216754229001,1229.2175683,0.8288729785258776,0.1503619982611773,0,0,0,0,0,0,0,0,0,0
2014-06-16,NO 15/9-F-11 H,7078,15/9-F-11,3420717,VOLVE,369304,MÆRSK INSPIRER,24.0,12.310012291666666,%,production,OP,3235.968961870979,223.93453157446808,2390.919746911788,299.3250886895745,431.0024751196596,845.0492149591915,156.22243719148935,7050.1851309,5808.911118383001,1230.7271227,0.8239373875337451,0.1486221668590873,0,0,0,0,0,0,0,0,0,0
2014-06-17,NO 15/9-F-11 H,7078,15/9-F-11,3420717,VOLVE,369304,MÆRSK INSPIRER,24.0,13.093262916666667,%,production,OP,3196.5265054975,224.0531825,2372.76695837125,308.305098008375,409.450943042125,823.75954712625,157.193723,7273.662080200001,6017.742831098,1293.9397132,0.827333297140542,0.1510270603609026,0,0,0,0,0,0,0,0,0,0
2014-06-18,NO 15/9-F-11 H,7078,15/9-F-11,3420717,VOLVE,369304,MÆRSK INSPIRER,24.0,13.2360425,%,production,OP,3191.25354627225,224.059154,2370.489079170375,298.7418392025,406.4289524255,820.764467101875,157.467212375,7296.2424981,6023.885470016,1318.6586665,0.8256147560315693,0.1530671845567513,0,0,0,0,0,0,0,0,0,0
2014-06-19,NO 15/9-F-11 H,7078,15/9-F-11,3420717,VOLVE,369304,MÆRSK INSPIRER,24.0,13.162943958333331,%,production,OP,3189.775164873375,224.0587205,2370.651926628125,267.907150192125,404.77849552612497,819.12323824525,156.37978850000002,7214.4749681,5992.975219400001,1362.2470498,0.830687644755708,0.158830733578275,0,0,0,0,0,0,0,0,0,0
2014-06-20,NO 15/9-F-11 H,7078,15/9-F-11,3420717,VOLVE,369304,MÆRSK INSPIRER,24.0,13.204390625,%,production,OP,3189.477299124125,224.0510345,2371.834614826125,271.734654666125,403.3204738365,817.6426842980001,156.815072,7213.4057004,5976.422866363001,1316.9604178,0.8285161149374414,0.1543849817876156,0,0,0,0,0,0,0,0,0,0
2014-06-21,NO 15/9-F-11 H,7078,15/9-F-11,3420717,VOLVE,369304,MÆRSK INSPIRER,24.0,13.318678958333331,%,production,OP,3183.145109255125,224.0564615,2369.8256209691253,272.660933809875,399.16173883,813.319488286,157.32824150000002,7208.6254448,5953.842294036,1310.7335059,0.8259330907990027,0.153853536807755,0,0,0,0,0,0,0,0,0,0
2014-06-22,NO 15/9-F-11 H,7078,15/9-F-11,3420717,VOLVE,369304,MÆRSK INSPIRER,24.0,13.321146875,%,production,OP,3189.74023186675,224.038221125,2373.825400370875,269.36038562775,401.8186053465,815.914831495875,156.8549384255319,7145.3499562,5846.899847467,1340.7987977,0.8182804038021485,0.1579985028053869,0,0,0,0,0,0,0,0,0,0
2014-06-23,NO 15/9-F-11 H,7078,15/9-F-11,3420717,VOLVE,369304,MÆRSK INSPIRER,24.0,13.325237291666667,%,production,OP,3189.948968743375,224.0240435,2374.828096410875,271.78327261237496,396.04230382875,815.1208723325,157.186847375,7028.7368788,5801.764129397001,1331.8043694,0.8254348155920047,0.1592964294849611,0,0,0,0,0,0,0,0,0,0
2014-06-24,NO 15/9-F-11 H,7078,15/9-F-11,3420717,VOLVE,369304,MÆRSK INSPIRER,24.0,13.330349166666666,%,production,OP,3186.501500088875,224.03659625,2373.665181726875,269.449097516125,398.672740191375,812.836318362,157.202962625,7355.366712100001,6063.527280207,1392.9413226,0.8243677735648651,0.1592240827683392,0,0,0,0,0,0,0,0,0,0
2014-06-25,NO 15/9-F-11 H,7078,15/9-F-11,3420717,VOLVE,369304,MÆRSK INSPIRER,24.0,12.974334583333333,%,production,OP,3193.0705480054467,224.0203061702128,2377.424087534298,270.0914361658723,401.42063573259577,815.646460471149,157.39679778723402,7542.0482729,6251.255634495999,1367.6562864,0.8288538349665486,0.1535018672389571,0,0,0,0,0,0,0,0,0,0
2014-06-26,NO 15/9-F-11 H,7078,15/9-F-11,3420717,VOLVE,369304,MÆRSK INSPIRER,16.33333,7.664152916666667,%,production,OP,3400.331684258815,223.3096017173828,2468.952245844993,188.36345754264045,530.0370134600932,931.3794384138224,142.89886358825544,4154.7968936,3495.599799769,761.4443986,0.8413407175579584,0.1548834471994064,0,0,0,0,0,0,0,0,0,0
2014-06-27,NO 15/9-F-11 H,7078,15/9-F-11,3420717,VOLVE,369304,MÆRSK INSPIRER,23.33334,11.122487291666667,%,production,OP,3349.313740977244,222.32649688160632,2483.201077279947,191.15645114666967,445.4269222971104,866.1126636972967,146.90233461556898,6064.6977001000005,5143.981932787,1130.1530608,0.8481843922248888,0.1570780407206986,0,0,0,0,0,0,0,0,0,0
2014-06-28,NO 15/9-F-11 H,7078,15/9-F-11,3420717,VOLVE,369304,MÆRSK INSPIRER,24.0,12.649351666666666,%,production,OP,3189.0761551967234,223.77510519148936,2389.801488502213,286.9021519614894,383.5701795459575,799.2746666945106,156.88328919148938,7043.0147475,5921.286378400001,1443.7000893,0.8407317875490506,0.170112949128424,0,0,0,0,0,0,0,0,0,0
2014-06-29,NO 15/9-F-11 H,7078,15/9-F-11,3420717,VOLVE,369304,MÆRSK INSPIRER,24.0,12.439657083333334,%,production,OP,3193.2272353341705,223.84649319148937,2387.637780759064,290.39948102872336,389.9411094762128,805.5894545751064,156.355448,6966.970944600001,5856.137819840001,1311.425385,0.8405572330366914,0.1584153902261123,0,0,0,0,0,0,0,0,0,0
2014-06-30,NO 15/9-F-11 H,7078,15/9-F-11,3420717,VOLVE,369304,MÆRSK INSPIRER,24.0,12.51362,%,production,OP,3195.1288501535746,223.8770085531915,2387.254775517957,290.94949289795744,392.486171496,807.8740746356169,155.71753259574467,7176.67321,6052.020691506001,1316.2056406,0.8432905490350453,0.1549775598773569,0,0,0,0,0,0,0,0,0,0
2014-07-01,NO 15/9-F-11 H,7078,15/9-F-11,3420717,VOLVE,369304,MÆRSK INSPIRER,24.0,12.594217916666668,%,production,OP,3191.9146838655,223.90117775,2385.472652787875,294.23476522275,390.898588569625,806.442031077625,156.192782375,6977.6007235,5863.855141231001,1283.9389153,0.8403827294792043,0.1554115784024119,0,0,0,0,0,0,0,0,0,0
2014-07-02,NO 15/9-F-11 H,7078,15/9-F-11,3420717,VOLVE,369304,MÆRSK INSPIRER,24.0,12.590178958333333,%,production,OP,3192.4163219615,223.913604125,2385.3288506325,296.86003460662505,391.712427003875,807.087471329,153.853364375,6976.342761500001,5856.323222015001,1281.9261761,0.8394546286249013,0.1552294053131854,0,0,0,0,0,0,0,0,0,0
2014-07-03,NO 15/9-F-11 H,7078,15/9-F-11,3420717,VOLVE,369304,MÆRSK INSPIRER,24.0,12.59989375,%,production,OP,3192.200163973875,223.92179675,2385.3299293526247,295.173218493625,391.13082160225,806.87023462125,153.8147975,6987.412827100001,5856.130403753,1284.7565906,0.8380970966879998,0.1553107202871111,0,0,0,0,0,0,0,0,0,0
2014-07-04,NO 15/9-F-11 H,7078,15/9-F-11,3420717,VOLVE,369304,MÆRSK INSPIRER,24.0,12.731207083333333,%,production,OP,3190.6824470607503,223.939121375,2384.22979497125,294.533093280625,390.758119266625,806.4526520894999,153.747503375,6992.193082700001,5862.523070747001,1299.6005422,0.838438384267732,0.1567333439531514,0,0,0,0,0,0,0,0,0,0
2014-07-05,NO 15/9-F-11 H,7078,15/9-F-11,3420717,VOLVE,369304,MÆRSK INSPIRER,24.0,12.700692083333331,%,production,OP,3191.55788434225,223.936857125,2385.1182796295,295.98395976225004,390.608911424125,806.43960471275,154.710816125,6966.4677598,5821.910812600001,1301.8648738,0.8357048382819391,0.1574519230769231,0,0,0,0,0,0,0,0,0,0
2014-07-06,NO 15/9-F-11 H,7078,15/9-F-11,3420717,VOLVE,369304,MÆRSK INSPIRER,24.0,12.595950208333331,%,production,OP,3191.408371315625,223.941548375,2385.4473043757503,300.23329517275,390.033917338,805.961066939875,156.67492212500002,6908.727304000001,5773.406778443999,1297.0217201,0.8356686440788196,0.1580625627582189,0,0,0,0,0,0,0,0,0,0
2014-07-07,NO 15/9-F-11 H,7078,15/9-F-11,3420717,VOLVE,369304,MÆRSK INSPIRER,24.0,12.488990625,%,production,OP,3194.559551509125,223.93908725,2387.059048215625,300.110916338625,391.8453573525,807.5005032935001,156.02485812499998,6984.9598012,5848.596365655,1265.8242625,0.8373128166965578,0.1534186633327489,0,0,0,0,0,0,0,0,0,0
2014-07-08,NO 15/9-F-11 H,7078,15/9-F-11,3420717,VOLVE,369304,MÆRSK INSPIRER,24.0,12.336557916666669,%,production,OP,3194.2982244115383,223.939562,2387.091053964923,301.82939977892306,391.40570533661537,807.2071704466154,156.76385138461538,6947.787024099999,5805.573526086001,1246.0742591,0.8356003869934459,0.1520741218373864,0,0,0,0,0,0,0,0,0,0
2014-07-09,NO 15/9-F-11 H,7078,15/9-F-11,3420717,VOLVE,369304,MÆRSK INSPIRER,24.0,12.332626458333332,%,production,OP,3192.273181542,223.943684,2386.06655016,302.727374664,390.581967594,806.206631382,157.648892,6923.8857461,5798.722827433001,1245.0049914,0.8374954527086519,0.1524080846968238,0,0,0,0,0,0,0,0,0,0
2014-07-10,NO 15/9-F-11 H,7078,15/9-F-11,3420717,VOLVE,369304,MÆRSK INSPIRER,24.0,12.226295416666666,%,production,OP,3189.377062758,223.955726,2384.72059752,298.653402282,388.46542806,804.656465238,157.091414,6977.6007235,5849.784352163001,1207.014539,0.83836616395395,0.1474735830931796,0,0,0,0,0,0,0,0,0,0
2014-07-11,NO 15/9-F-11 H,7078,15/9-F-11,3420717,VOLVE,369304,MÆRSK INSPIRER,24.0,12.148917916666669,%,production,OP,3198.97843332,223.943684,2388.933661344,298.998302646,394.809825294,810.044771976,157.53601400000002,6959.171580200001,5792.3580590520005,1428.1013605,0.8323344226103322,0.1702700473201497,0,0,0,0,0,0,0,0,0,0
2014-07-12,NO 15/9-F-11 H,7078,15/9-F-11,3420717,VOLVE,369304,MÆRSK INSPIRER,24.0,12.579786666666667,%,production,OP,3182.570719494,223.972538,2380.981807956,305.704134576,386.344392348,801.588911538,157.79566400000002,7045.0903848,5882.428201402,1171.9802973,0.8349684503826268,0.1426275059131513,0,0,0,0,0,0,0,0,0,0
2014-07-13,NO 15/9-F-11 H,7078,15/9-F-11,3420717,VOLVE,369304,MÆRSK INSPIRER,24.0,12.494260625,%,production,OP,3175.301269896,224.005496,2378.354009472,305.11281465,381.079948062,796.947260424,157.482536,6977.6007235,5817.651506633,1153.7398483000002,0.8337610214696889,0.141888024257801,0,0,0,0,0,0,0,0,0,0
2014-07-14,NO 15/9-F-11 H,7078,15/9-F-11,3420717,VOLVE,369304,MÆRSK INSPIRER,24.0,12.456491875,%,production,OP,3172.53625942075,223.995361625,2376.44092803575,305.716417481625,380.719238556,796.095331385,157.99378812499998,6864.572837800001,5725.943821643999,1197.3282316000002,0.8341296620984043,0.1485168598935821,0,0,0,0,0,0,0,0,0,0
2014-07-15,NO 15/9-F-11 H,7078,15/9-F-11,3420717,VOLVE,369304,MÆRSK INSPIRER,24.0,12.531338958333333,%,production,OP,3161.0001151766246,223.9954085,2370.898282736,300.09608922475,374.74922065950005,790.101832440625,156.377585,7029.994840800001,5840.235963577001,1204.498615,0.8307596372165178,0.1462747674116622,0,0,0,0,0,0,0,0,0,0
2014-07-16,NO 15/9-F-11 H,7078,15/9-F-11,3420717,VOLVE,369304,MÆRSK INSPIRER,24.0,12.536836666666666,%,production,OP,3158.668043131375,223.979313875,2369.977802090625,300.45755413700005,373.3302655595,788.69024104075,156.38515175,6983.8276354,5829.292644341001,1206.6371504,0.8346844951890235,0.1473221828011488,0,0,0,0,0,0,0,0,0,0
2014-07-17,NO 15/9-F-11 H,7078,15/9-F-11,3420717,VOLVE,369304,MÆRSK INSPIRER,24.0,12.441664583333331,%,production,OP,3161.663225891,223.955762,2371.681593692875,300.020569751125,374.83320068312497,789.981632198125,155.697704,6932.6914801,5777.302696148001,1195.3783905,0.8333419585642179,0.1470679275068484,0,0,0,0,0,0,0,0,0,0
2014-07-18,NO 15/9-F-11 H,7078,15/9-F-11,3420717,VOLVE,369304,MÆRSK INSPIRER,24.0,12.453032291666666,%,production,OP,3161.909896247875,223.938793625,2372.3623537188746,303.61194329625,374.262802488625,789.547542529,158.090520125,6888.599912000001,5755.633596228,1194.2462247,0.8355302484909359,0.1477507061872116,0,0,0,0,0,0,0,0,0,0
2014-07-19,NO 15/9-F-11 H,7078,15/9-F-11,3420717,VOLVE,369304,MÆRSK INSPIRER,24.0,12.469644583333332,%,production,OP,3161.292025303,223.929614375,2372.148881955875,301.924042419875,373.66672350325,789.1431433471249,156.76125837499998,6884.7002298,5777.291395444,1195.4412886,0.8391493024543539,0.1479480632706439,0,0,0,0,0,0,0,0,0,0
2014-07-20,NO 15/9-F-11 H,7078,15/9-F-11,3420717,VOLVE,369304,MÆRSK INSPIRER,22.66667,11.394137916666669,%,production,OP,3192.0509385949435,223.77561797709765,2387.553931654804,278.8565998120031,384.7825086629999,804.4970069401396,153.80698681057785,6689.5903236,5800.273849057,1058.9524116,0.867059650662671,0.1366647184882135,0,0,0,0,0,0,0,0,0,0
2014-07-21,NO 15/9-F-11 H,7078,15/9-F-11,3420717,VOLVE,369304,MÆRSK INSPIRER,24.0,11.503860625,%,production,OP,3199.51512830925,223.68066800000005,2401.0298426305,282.115226775,383.283513417625,798.48528567875,155.19525274999998,6589.7710389,5539.7516568050005,1142.7955789,0.8406592010713813,0.1477899428980461,0,0,0,0,0,0,0,0,0,0
2014-07-22,NO 15/9-F-11 H,7078,15/9-F-11,3420717,VOLVE,369304,MÆRSK INSPIRER,24.0,11.608487291666666,%,production,OP,3198.927836209375,223.8055505,2394.3760068235,300.938744896625,389.43984471162497,804.551829385875,157.57293575,6585.6826624,5465.957000244,1125.1841109,0.8299757641605006,0.145921871558735,0,0,0,0,0,0,0,0,0,0
2014-07-23,NO 15/9-F-11 H,7078,15/9-F-11,3420717,VOLVE,369304,MÆRSK INSPIRER,24.0,11.611534791666667,%,production,OP,3194.9573937647497,223.841829125,2391.1377162028757,303.75086552725,388.63864271312497,803.819677561875,157.300122875,6527.1874294,5505.242838259001,1708.1237017,0.8434326266566333,0.2074145924189077,0,0,0,0,0,0,0,0,0,0
2014-07-24,NO 15/9-F-11 H,7078,15/9-F-11,3420717,VOLVE,369304,MÆRSK INSPIRER,24.0,11.617863125,%,production,OP,3193.409119158,223.862297375,2389.87084251075,305.855811086125,388.246275642,803.53827664725,158.575310375,6611.6595777,5548.777387831001,1671.8943961,0.8392412408143457,0.2018329815183222,0,0,0,0,0,0,0,0,0,0
2014-07-25,NO 15/9-F-11 H,7078,15/9-F-11,3420717,VOLVE,369304,MÆRSK INSPIRER,24.0,11.778187708333334,%,production,OP,3192.5576071032497,223.872155,2388.898964024125,306.24225577225,388.33550422825,803.658643079125,158.711292125,6643.9892011,5563.783663302001,1695.4811836,0.8374161207819005,0.2033080166230475,0,0,0,0,0,0,0,0,0,0
2014-07-26,NO 15/9-F-11 H,7078,15/9-F-11,3420717,VOLVE,369304,MÆRSK INSPIRER,24.0,11.717275,%,production,OP,3198.30957245325,223.862027375,2391.78521115925,303.92911722925,392.105446746,806.524361294,158.97091025,6571.090303200001,5533.722731221,1827.9445822,0.8421315909364658,0.2176374556292779,0,0,0,0,0,0,0,0,0,0
2014-07-27,NO 15/9-F-11 H,7078,15/9-F-11,3420717,VOLVE,369304,MÆRSK INSPIRER,24.0,11.729636875,%,production,OP,3194.004282591,223.8756545,2389.504425155125,301.627188915,390.42953869925,804.499857435875,158.452485875,6618.892859199999,5535.087997523,1896.377715,0.836255868657769,0.2227031658566131,0,0,0,0,0,0,0,0,0,0
2014-07-28,NO 15/9-F-11 H,7078,15/9-F-11,3420717,VOLVE,369304,MÆRSK INSPIRER,24.0,11.766615416666667,%,production,OP,3194.416939874,223.87426625,2389.981026066375,301.443498288,390.411478446625,804.435913807625,158.637860375,6587.946994000001,5519.085847512,1790.8976013,0.8377550475950292,0.2137404007116422,0,0,0,0,0,0,0,0,0,0
2014-07-29,NO 15/9-F-11 H,7078,15/9-F-11,3420717,VOLVE,369304,MÆRSK INSPIRER,24.0,11.777000208333334,%,production,OP,3194.643927365625,223.872367625,2389.90727122175,301.238121458375,390.544499444,804.7366561438749,157.562259125,6542.408769600001,5483.874619583001,1784.4819951,0.8382042169337398,0.2143035192277187,0,0,0,0,0,0,0,0,0,0
2014-07-30,NO 15/9-F-11 H,7078,15/9-F-11,3420717,VOLVE,369304,MÆRSK INSPIRER,24.0,11.803311458333331,%,production,OP,3194.929682441875,223.870605125,2390.109339372,297.00422655162504,389.64357777725,804.8203430698751,156.58387850000005,6273.3306978,5201.504635029,1582.0759093,0.8291456142831942,0.201399620469049,0,0,0,0,0,0,0,0,0,0
2014-07-31,NO 15/9-F-11 H,7078,15/9-F-11,3420717,VOLVE,369304,MÆRSK INSPIRER,24.0,11.871628125,%,production,OP,3191.769938963125,223.875558875,2388.9413936823757,298.955876009375,387.14099543325,802.8285452807501,157.911628625,7895.2840025,6609.881710201,1831.4668758,0.8371936599250914,0.1882917429175584,0,0,0,0,0,0,0,0,0,0
2014-08-01,NO 15/9-F-11 H,7078,15/9-F-11,3420717,VOLVE,369304,MÆRSK INSPIRER,24.0,11.916725625,%,production,OP,3191.243435915,223.874798,2388.7454382795,300.578757559,386.805676642125,802.4979976354999,157.97299475000003,7975.9822648,6675.043335200001,1837.6308896000005,0.8368929510611668,0.1872532430908065,0,0,0,0,0,0,0,0,0,0
2014-08-02,NO 15/9-F-11 H,7078,15/9-F-11,3420717,VOLVE,369304,MÆRSK INSPIRER,24.0,11.863151041666669,%,production,OP,3191.43376807375,223.87972625,2388.34967188025,300.800451163625,387.243268374625,803.0840961934999,157.48820974999998,7972.5857674,6640.956527319,1829.0138499,0.8329739837323484,0.1866036077082518,0,0,0,0,0,0,0,0,0,0
2014-08-03,NO 15/9-F-11 H,7078,15/9-F-11,3420717,VOLVE,369304,MÆRSK INSPIRER,24.0,11.860933958333334,%,production,OP,3191.92189346275,223.877529125,2388.54982432025,298.900459406875,387.530319728,803.3720691425,156.746479625,7933.5260473,6676.356335746001,1787.6269000999998,0.8415370789660609,0.1838904201767666,0,0,0,0,0,0,0,0,0,0
2014-08-04,NO 15/9-F-11 H,7078,15/9-F-11,3420717,VOLVE,369304,MÆRSK INSPIRER,24.0,11.841679791666667,%,production,OP,3190.804016099375,223.883130875,2387.523798313625,297.986345325375,387.490419169875,803.28021778575,154.31182625,8052.4034563,6696.78306452,1756.3665444,0.831650214853629,0.1790608347707875,0,0,0,0,0,0,0,0,0,0
2014-08-05,NO 15/9-F-11 H,7078,15/9-F-11,3420717,VOLVE,369304,MÆRSK INSPIRER,24.0,11.851890625,%,production,OP,3193.10444870925,223.87354025,2389.504700123,299.977886276375,387.904702087125,803.59974858625,158.08063287500002,7778.041944099999,6457.356814607,1749.825142,0.8302033932209893,0.1836533954753401,0,0,0,0,0,0,0,0,0,0
2014-08-06,NO 15/9-F-11 H,7078,15/9-F-11,3420717,VOLVE,369304,MÆRSK INSPIRER,24.0,11.921908541666667,%,production,OP,3188.5438859237497,223.87779875,2387.409333115375,299.04314960425,385.66863008975,801.1345528083749,157.189751375,7817.9822376,6514.425369807001,1754.6682957000005,0.8332617255736857,0.1833001517809623,0,0,0,0,0,0,0,0,0,0
2014-08-07,NO 15/9-F-11 H,7078,15/9-F-11,3420717,VOLVE,369304,MÆRSK INSPIRER,24.0,11.647265,%,production,OP,3196.320269433447,223.8468424680851,2392.022618949702,297.5699499065106,388.9623930522128,804.2976504837446,157.2289474042553,7439.4614718,6201.5007536660005,1747.7495047,0.833595385522647,0.1902372231540752,0,0,0,0,0,0,0,0,0,0
2014-08-08,NO 15/9-F-11 H,7078,15/9-F-11,3420717,VOLVE,369304,MÆRSK INSPIRER,24.0,11.685015833333331,%,production,OP,3189.691270612468,223.8577703829787,2389.114029983617,300.2736958419574,385.1326399748936,800.5772406288511,158.3932544255319,7418.5793026,6187.343443583,1773.8522162,0.8340334707232304,0.1929687713824342,0,0,0,0,0,0,0,0,0,0
2014-08-09,NO 15/9-F-11 H,7078,15/9-F-11,3420717,VOLVE,369304,MÆRSK INSPIRER,24.0,11.944136875,%,production,OP,3191.9514177606247,223.846280375,2390.55121576875,289.416811354875,385.49553932325,801.4002019918751,152.720776625,7395.3699037,6198.897353982001,1812.4716496,0.838213292195244,0.196840012842144,0,0,0,0,0,0,0,0,0,0
2014-08-10,NO 15/9-F-11 H,7078,15/9-F-11,3420717,VOLVE,369304,MÆRSK INSPIRER,24.0,11.744430416666669,%,production,OP,3193.640846679192,223.8474655744681,2391.119877750383,289.4981562643404,386.52692729987234,802.5209689288085,152.3232561276596,7319.9550818,6134.119952919,1817.4405995,0.8379996713600871,0.198901378783394,0,0,0,0,0,0,0,0,0,0
2014-08-11,NO 15/9-F-11 H,7078,15/9-F-11,3420717,VOLVE,369304,MÆRSK INSPIRER,24.0,11.773715625,%,production,OP,3189.729955641574,223.8502835319149,2389.561496900936,286.4456463994468,384.1741362934469,800.1684587406382,150.10920672340427,7583.309426500001,6411.302208043001,1824.0449,0.8454491103367876,0.1938956306622538,0,0,0,0,0,0,0,0,0,0
2014-08-12,NO 15/9-F-11 H,7078,15/9-F-11,3420717,VOLVE,369304,MÆRSK INSPIRER,24.0,11.975815208333334,%,production,OP,3194.187982282875,223.839696125,2391.89424347575,286.900828104,386.289592157,802.293738807125,147.4937735,7637.6533849,6697.5137256630005,1833.3538188,0.8769072630219513,0.19357538003812,0,0,0,0,0,0,0,0,0,0
2014-08-13,NO 15/9-F-11 H,7078,15/9-F-11,3420717,VOLVE,369304,MÆRSK INSPIRER,24.0,12.110835208333333,%,production,OP,3189.9580970725,223.843434875,2390.747820821,290.61720325375,383.2446764715,799.2102762515,153.5767745,7690.047502199999,6865.95813487,1860.1484094,0.8928368950784452,0.1947759424642377,0,0,0,0,0,0,0,0,0,0
2014-08-14,NO 15/9-F-11 H,7078,15/9-F-11,3420717,VOLVE,369304,MÆRSK INSPIRER,24.0,12.1115975,%,production,OP,3195.46084483575,223.830714875,2394.1970450396248,291.785710965625,385.576110953875,801.263799796125,156.902513375,7730.5538786,6874.729246909,1856.8148101,0.8892932323956599,0.1936730369291529,0,0,0,0,0,0,0,0,0,0
2014-08-15,NO 15/9-F-11 H,7078,15/9-F-11,3420717,VOLVE,369304,MÆRSK INSPIRER,24.0,12.136048541666666,%,production,OP,3190.460596331625,223.843645625,2391.859092912125,292.571937790625,383.081569154,798.6015034195,156.73749987499997,7769.6764968,6816.672939550001,1857.0035044,0.877343212726746,0.1929017588793351,0,0,0,0,0,0,0,0,0,0
2014-08-16,NO 15/9-F-11 H,7078,15/9-F-11,3420717,VOLVE,369304,MÆRSK INSPIRER,24.0,12.132997708333331,%,production,OP,3188.834943951875,223.852790375,2390.78056919275,292.57024265900003,382.34240716,798.0543747591249,154.15948925,7732.377923499999,6481.285349033001,1845.1786616,0.838200798403203,0.192656513715678,0,0,0,0,0,0,0,0,0,0
2014-08-17,NO 15/9-F-11 H,7078,15/9-F-11,3420717,VOLVE,369304,MÆRSK INSPIRER,24.0,12.1543275,%,production,OP,3191.175440287625,223.840898,2392.5645063765,293.391958469625,383.801610305,798.6109339111249,154.99841825,7748.1653466,6499.869003614,1854.1101918,0.8388913649688995,0.1930907090080176,0,0,0,0,0,0,0,0,0,0
2014-08-18,NO 15/9-F-11 H,7078,15/9-F-11,3420717,VOLVE,369304,MÆRSK INSPIRER,24.0,12.200414583333334,%,production,OP,3192.025453616375,223.837434125,2393.5176477665,288.959996044125,384.458726115375,798.507805849875,155.668353875,7723.572189500001,6516.613115472001,1863.7964992,0.843730459894085,0.1944012543709447,0,0,0,0,0,0,0,0,0,0
2014-08-19,NO 15/9-F-11 H,7078,15/9-F-11,3420717,VOLVE,369304,MÆRSK INSPIRER,1.32514,5.017844318181818,%,production,OP,3319.195904365156,223.91407031358196,2584.474739660814,284.31282778167173,348.5641717024354,734.7211647043421,154.8447243623768,498.8448311,671.0488699590001,149.8861723,1.3452056193090622,0.2310451813069614,0,0,0,0,0,0,0,0,0,0
2014-08-20,NO 15/9-F-11 H,7078,15/9-F-11,3420717,VOLVE,369304,MÆRSK INSPIRER,0.0,0.8221347916666667,%,production,OP,4392.542837556,219.90668,4391.020663746,0.0,2.4085010280000003,1.52217381,59.383004,0.0,0.0,0.0,1.2792086296762288,0.23252951216661838,0,0,0,0,0,0,0,0,1,1
2014-08-21,NO 15/9-F-11 H,7078,15/9-F-11,3420717,VOLVE,369304,MÆRSK INSPIRER,0.0,0.81278,%,production,OP,4346.142425634001,220.524476,4344.477824508,0.0,1.769898714,1.664601126,67.548092,0.0,0.0,0.0,1.2132116400433952,0.2340138430262754,0,0,0,0,0,0,0,0,1,1
2014-08-22,NO 15/9-F-11 H,7078,15/9-F-11,3420717,VOLVE,369304,MÆRSK INSPIRER,0.0,0.81278,%,production,OP,4346.142425634001,220.524476,4344.477824508,0.0,1.769898714,1.664601126,67.548092,0.0,0.0,0.0,1.1472146504105618,0.2354981738859324,0,0,0,0,0,0,0,0,1,1
2014-08-23,NO 15/9-F-11 H,7078,15/9-F-11,3420717,VOLVE,369304,MÆRSK INSPIRER,0.0,0.81278,%,production,OP,4346.142425634001,220.524476,4344.477824508,0.0,1.769898714,1.664601126,67.548092,0.0,0.0,0.0,1.0812176607777284,0.23698250474558938,0,0,0,0,0,0,0,0,1,1
2014-08-24,NO 15/9-F-11 H,7078,15/9-F-11,3420717,VOLVE,369304,MÆRSK INSPIRER,0.0,0.81278,%,production,OP,4346.142425634001,220.524476,4344.477824508,0.0,1.769898714,1.664601126,67.548092,0.0,0.0,0.0,1.015220671144895,0.2384668356052464,0,0,0,0,0,0,0,0,1,1
2014-08-25,NO 15/9-F-11 H,7078,15/9-F-11,3420717,VOLVE,369304,MÆRSK INSPIRER,22.62487,7.89567875,%,production,OP,3716.5680603387177,221.6138882843057,2667.1934826872707,190.3346309515202,638.6262219646794,1049.3745776514472,128.3857886717201,4659.8057385,4423.19795823,1471.1236609,0.9492236815120614,0.2399511664649034,0,0,0,0,0,0,0,0,0,0
2014-08-26,NO 15/9-F-11 H,7078,15/9-F-11,3420717,VOLVE,369304,MÆRSK INSPIRER,24.0,7.725105208333333,%,production,OP,3706.7777556465,222.07090775,2667.14555898725,386.129297972375,627.7354717798751,1039.63219665925,140.43775399999998,3667.588211,3590.387632892,775.2190825,0.9789505872342876,0.174488567990373,0,0,0,0,0,0,0,0,0,0
2014-08-27,NO 15/9-F-11 H,7078,15/9-F-11,3420717,VOLVE,369304,MÆRSK INSPIRER,24.0,7.0176775,%,production,OP,3770.9147195505,221.62620275,2689.4319046832497,370.188950971625,671.5698170166249,1081.48281486725,135.558290375,3282.022858,3291.811732508,654.769221,1.0029825735320947,0.1663204984821856,0,0,0,0,0,0,0,0,0,0
2014-08-28,NO 15/9-F-11 H,7078,15/9-F-11,3420717,VOLVE,369304,MÆRSK INSPIRER,23.16668,7.490768125,%,production,OP,3648.370321294705,219.6399405711755,2603.5453102449787,346.8671097533636,648.2587799475236,1044.8250110497263,135.79609910019735,3708.0945874,3629.431565212001,711.377511,0.9787861338663544,0.1609643629739269,0,0,0,0,0,0,0,0,0,0
2014-08-29,NO 15/9-F-11 H,7078,15/9-F-11,3420717,VOLVE,369304,MÆRSK INSPIRER,24.0,6.622727083333333,%,production,OP,3794.04491446025,221.7996695,2696.146321049875,203.04602666225,688.740962528625,1097.898593410375,130.123007375,3251.4543814000003,3274.340844124,624.3265406,1.0070388386363105,0.1610840636157091,0,0,0,0,0,0,0,0,0,0
2014-08-30,NO 15/9-F-11 H,7078,15/9-F-11,3420717,VOLVE,369304,MÆRSK INSPIRER,24.0,6.308698125,%,production,OP,3844.555379988375,221.924945375,2725.9207158045,187.89455343,707.8434672865,1118.634664183875,128.17680425,3029.801477,3049.844943077,587.5940502,1.0066154387438104,0.1624356656002225,0,0,0,0,0,0,0,0,0,0
2014-08-31,NO 15/9-F-11 H,7078,15/9-F-11,3420717,VOLVE,369304,MÆRSK INSPIRER,24.0,6.009582916666667,%,production,OP,3854.919753165625,221.8699205,2732.997304143625,186.8882435265,712.5101344338749,1121.922449022,130.739421125,2954.323757,2974.6020306690007,584.7636357,1.006863930745895,0.1652300638029395,0,0,0,0,0,0,0,0,0,0
2014-09-01,NO 15/9-F-11 H,7078,15/9-F-11,3420717,VOLVE,369304,MÆRSK INSPIRER,24.0,6.380076041666666,%,production,OP,3855.2879925611255,221.810204,2737.794085485125,181.754656754375,705.942297096,1117.493907076,127.9228325,3072.0690002,3113.9559557510006,666.2166752,1.013634770426144,0.178214490022546,0,0,0,0,0,0,0,0,0,0
2014-09-02,NO 15/9-F-11 H,7078,15/9-F-11,3420717,VOLVE,369304,MÆRSK INSPIRER,24.0,7.031629583333333,%,production,OP,3757.681618619875,222.023351,2690.706791724875,211.071489856875,654.5540525270001,1066.974826895,135.581817125,3841.3127632,3694.083952237,735.8448718999999,0.9616722667382204,0.160764590290088,0,0,0,0,0,0,0,0,0,0
2014-09-03,NO 15/9-F-11 H,7078,15/9-F-11,3420717,VOLVE,369304,MÆRSK INSPIRER,20.33333,10.544950833333331,%,production,OP,3296.5591893557785,223.13008222949904,2488.627205986749,309.00081765286944,390.0386491859309,807.93198336903,153.041296502505,7065.4693692,6470.338498327,1451.1220651,0.9157690961810248,0.1703876575851347,0,0,0,0,0,0,0,0,0,0
2014-09-04,NO 15/9-F-11 H,7078,15/9-F-11,3420717,VOLVE,369304,MÆRSK INSPIRER,24.0,13.022823333333331,%,production,OP,3192.628690831375,223.58367425,2414.186641486625,364.51539679037495,361.269833118375,778.44204934475,157.72293087500003,8298.4608235,7443.040238481001,1940.4692831,0.8969181631132637,0.1895187546840637,0,0,0,0,0,0,0,0,0,0
2014-09-05,NO 15/9-F-11 H,7078,15/9-F-11,3420717,VOLVE,369304,MÆRSK INSPIRER,24.0,12.628906875,%,production,OP,3194.3328268988757,223.6861685,2408.9980520746253,375.99100579925,372.212877699375,785.33477482425,158.11623049999997,7914.2163306,7220.306540964,1822.6611418,0.9123210990640948,0.1871915454381023,0,0,0,0,0,0,0,0,0,0
2014-09-06,NO 15/9-F-11 H,7078,15/9-F-11,3420717,VOLVE,369304,MÆRSK INSPIRER,24.0,12.27876,%,production,OP,3189.1556946531064,223.6876033617021,2406.0809887362125,375.346972403617,369.8372781173617,783.0747059168937,157.83977587234045,7836.222686599999,7163.21962212,1817.3777014,0.9141163936508798,0.1882590565545999,0,0,0,0,0,0,0,0,0,0
2014-09-07,NO 15/9-F-11 H,7078,15/9-F-11,3420717,VOLVE,369304,MÆRSK INSPIRER,24.0,12.520737916666668,%,production,OP,3183.2335794135,223.70406275,2402.058576013125,374.194628585375,368.09805899062496,781.175003400375,156.97760862500002,7803.6414708,7146.729776102001,1827.5042955,0.9158198519042604,0.1897494171352442,0,0,0,0,0,0,0,0,0,0
2014-09-08,NO 15/9-F-11 H,7078,15/9-F-11,3420717,VOLVE,369304,MÆRSK INSPIRER,24.0,12.494847021276597,%,production,OP,3183.91769974366,223.70057523404256,2402.225252255489,370.9522901444681,368.738926944766,781.6924474881702,157.15800097872338,7777.853249799999,7103.289516779001,1828.5106651,0.913271218759708,0.1903436806369451,0,0,0,0,0,0,0,0,0,0
2014-09-09,NO 15/9-F-11 H,7078,15/9-F-11,3420717,VOLVE,369304,MÆRSK INSPIRER,24.0,12.477044583333331,%,production,OP,3180.77664778,223.698663875,2400.439356673,368.944887526625,367.318534129875,780.3372911069999,156.90316137500002,7731.8747387,7041.044886,1809.0122541,0.9106517014247242,0.1896062971362269,0,0,0,0,0,0,0,0,0,0
2014-09-10,NO 15/9-F-11 H,7078,15/9-F-11,3420717,VOLVE,369304,MÆRSK INSPIRER,24.0,12.349115208333334,%,production,OP,3184.528801991375,223.68861725,2402.126018683125,372.16516019737503,369.62921609175,782.40278330825,158.024217875,7675.3293468,6999.332221801,1780.0791281,0.9119259780974952,0.1882604154886948,0,0,0,0,0,0,0,0,0,0
2014-09-11,NO 15/9-F-11 H,7078,15/9-F-11,3420717,VOLVE,369304,MÆRSK INSPIRER,24.0,12.311141875,%,production,OP,3187.40809334575,223.680981125,2403.2473286125,371.75100721,371.31728920075,784.16076473325,158.01563975000002,7520.348428400001,6772.267176329001,1854.2988861,0.9005257190948853,0.1977993223523097,0,0,0,0,0,0,0,0,0,0
2014-09-12,NO 15/9-F-11 H,7078,15/9-F-11,3420717,VOLVE,369304,MÆRSK INSPIRER,24.0,12.159381875,%,production,OP,3193.9317575477503,223.66313825000003,2406.484954475625,369.819729548,374.647582259375,787.446803072125,157.49704100000002,7690.236196500001,6299.846189667,1830.0202195,0.8192006108387413,0.1922238372093023,0,0,0,0,0,0,0,0,0,0
2014-09-13,NO 15/9-F-11 H,7078,15/9-F-11,3420717,VOLVE,369304,MÆRSK INSPIRER,24.0,12.2135225,%,production,OP,3186.040321551625,223.6743785,2402.7671803135004,371.270209261625,370.596181416125,783.2731412381249,157.82762825000003,7694.0729806,6300.736826401,1850.7765925,0.8189078583330068,0.193903170325072,0,0,0,0,0,0,0,0,0,0
2014-09-14,NO 15/9-F-11 H,7078,15/9-F-11,3420717,VOLVE,369304,MÆRSK INSPIRER,24.0,12.166638333333331,%,production,OP,3185.6775180595,223.673851625,2402.894520655875,370.8536933635,369.793800983875,782.7829974036249,158.10368825,7555.193975800001,6246.5001569940005,1817.0632109,0.8267822344472068,0.1938767977343346,0,0,0,0,0,0,0,0,0,0
2014-09-15,NO 15/9-F-11 H,7078,15/9-F-11,3420717,VOLVE,369304,MÆRSK INSPIRER,24.0,12.155227083333331,%,production,OP,3184.3533694655,223.676358875,2402.2352292755004,369.114337235,369.420400652875,782.11814019,155.97872975,7719.1064244,6455.260887162,1809.5154389,0.836270486795855,0.1899031638425538,0,0,0,0,0,0,0,0,0,0
2014-09-16,NO 15/9-F-11 H,7078,15/9-F-11,3420717,VOLVE,369304,MÆRSK INSPIRER,24.0,12.179853958333334,%,production,OP,3184.69396099225,223.67060525,2402.56800688,366.41606841275,367.72120494225,782.12595411225,154.25628087500002,7651.4909669,6458.487591301,1811.46528,0.8440822343305536,0.1914269951943848,0,0,0,0,0,0,0,0,0,0
2014-09-17,NO 15/9-F-11 H,7078,15/9-F-11,3420717,VOLVE,369304,MÆRSK INSPIRER,24.0,11.877254791666669,%,production,OP,3191.996961299872,223.66077034042556,2406.634034059788,366.72429975012767,372.3640375759149,785.3629272400851,155.57658263829788,7570.7927046,6407.161912615001,1799.5775391000002,0.8463000061700303,0.1920497794961638,0,0,0,0,0,0,0,0,0,0
2014-09-18,NO 15/9-F-11 H,7078,15/9-F-11,3420717,VOLVE,369304,MÆRSK INSPIRER,24.0,12.12078425531915,%,production,OP,3193.1009566108087,223.6586474893617,2407.714079585234,367.6345705817872,372.368530668,785.3868770255744,156.45394208510638,7550.7911088,6324.390965608,2067.7121394,0.8375799137440443,0.2149723388394083,0,0,0,0,0,0,0,0,0,0
2014-09-19,NO 15/9-F-11 H,7078,15/9-F-11,3420717,VOLVE,369304,MÆRSK INSPIRER,24.0,12.078432978723404,%,production,OP,3195.3247070000425,223.64979838297876,2409.4379117617023,372.2466154282978,372.9354934677447,785.8867952383405,156.90170510638296,7479.087274799999,6319.4850474840005,2056.138889,0.8449540452318083,0.2156360901858864,0,0,0,0,0,0,0,0,0,0
2014-09-20,NO 15/9-F-11 H,7078,15/9-F-11,3420717,VOLVE,369304,MÆRSK INSPIRER,24.0,11.766531041666669,%,production,OP,3197.979720167489,223.64218936170212,2411.625387221361,370.37128334604256,373.6607482719575,786.3543329461277,157.30992825531916,7462.041889699999,6271.44575478,2000.5369686,0.8404463345932965,0.2114156192046157,0,0,0,0,0,0,0,0,0,0
2014-09-21,NO 15/9-F-11 H,7078,15/9-F-11,3420717,VOLVE,369304,MÆRSK INSPIRER,24.0,12.011113829787234,%,production,OP,3199.152284507362,223.63829025531916,2412.701578439106,367.0909928451064,373.594391844,786.4507060682553,156.14859774468084,7478.1438033,6312.248359159999,2055.6986023,0.8440929360537962,0.2156212065234601,0,0,0,0,0,0,0,0,0,0
2014-09-22,NO 15/9-F-11 H,7078,15/9-F-11,3420717,VOLVE,369304,MÆRSK INSPIRER,24.0,12.056609361702128,%,production,OP,3196.7837337335745,223.6467169361702,2412.255515613064,370.2626622277021,371.6081396368085,784.5282181205106,156.86823621276596,7507.0769293,6333.075909779001,2094.5696281,0.8436140949962971,0.2181469204868526,0,0,0,0,0,0,0,0,0,0
2014-09-23,NO 15/9-F-11 H,7078,15/9-F-11,3420717,VOLVE,369304,MÆRSK INSPIRER,24.0,12.057308541666666,%,production,OP,3194.00544893825,223.65801425,2411.07666115,373.03546978125,370.0032147045,782.92878778825,156.86124462499998,7470.029948400001,6311.141596462,2072.6810893,0.8448616190372541,0.2172004455664163,0,0,0,0,0,0,0,0,0,0
2014-09-24,NO 15/9-F-11 H,7078,15/9-F-11,3420717,VOLVE,369304,MÆRSK INSPIRER,24.0,12.090829791666666,%,production,OP,3192.9962322315,223.66003175,2411.2571186382497,372.227701791625,368.539143721625,781.73911359325,157.51499525,7468.143005399999,6364.662790047001,2105.199407,0.8522416865136215,0.2199022364721032,0,0,0,0,0,0,0,0,0,0
2014-09-25,NO 15/9-F-11 H,7078,15/9-F-11,3420717,VOLVE,369304,MÆRSK INSPIRER,24.0,12.056007083333334,%,production,OP,3193.460559302,223.66082825,2411.79585020275,370.142753347,368.982304309,781.66470909925,155.07905150000002,7467.0737377,6368.333046818,2098.5951065,0.8528552510021907,0.2193882247734774,0,0,0,0,0,0,0,0,0,0
2014-09-26,NO 15/9-F-11 H,7078,15/9-F-11,3420717,VOLVE,369304,MÆRSK INSPIRER,24.0,12.034798958333331,%,production,OP,3193.377089933,223.65819575,2412.39922036925,366.139006551625,368.023563847875,780.97786956375,154.22910274999998,7452.3555823,6359.459875296,2084.3172378,0.8533489586031398,0.2185581153006509,0,0,0,0,0,0,0,0,0,0
2014-09-27,NO 15/9-F-11 H,7078,15/9-F-11,3420717,VOLVE,369304,MÆRSK INSPIRER,24.0,11.983215208333334,%,production,OP,3197.657623621625,223.655504375,2414.53975160575,366.66101342175,370.419945138,783.117872015875,153.699677,7351.7186223,6311.377498658,2079.9772689,0.8584900787026413,0.2205305697823303,0,0,0,0,0,0,0,0,0,0
2014-09-28,NO 15/9-F-11 H,7078,15/9-F-11,3420717,VOLVE,369304,MÆRSK INSPIRER,24.0,11.978501458333334,%,production,OP,3201.04799867175,223.645333625,2416.9580366555,369.6506514995,371.460254366,784.0899620162501,154.24423475,7324.106356400001,6275.667627165001,2063.8124572,0.8568509688122093,0.2198370584767111,0,0,0,0,0,0,0,0,0,0
2014-09-29,NO 15/9-F-11 H,7078,15/9-F-11,3420717,VOLVE,369304,MÆRSK INSPIRER,1.09181,2.5571585106382977,%,production,OP,3342.0987167400035,223.7136458980775,2578.011204604351,370.3682981225726,352.0717245132425,764.0875121356532,156.89653088940383,249.5796608,319.69938818900005,80.1321794,1.280951288916088,0.2430370087752766,0,0,0,0,0,0,0,0,0,0
2014-09-30,NO 15/9-F-11 H,7078,15/9-F-11,3420717,VOLVE,369304,MÆRSK INSPIRER,21.24153,7.436553958333333,%,production,OP,3609.662337840159,221.9947277713809,2630.4305066933457,174.01305741102183,570.7359839646488,979.2318311468132,130.68053454865537,4279.964112600001,6147.751427119,1203.0519587,1.4364025644561662,0.2194142681793674,0,0,0,0,0,0,0,0,0,0
2014-10-01,NO 15/9-F-11 H,7078,15/9-F-11,3420717,VOLVE,369304,MÆRSK INSPIRER,24.0,12.025069375,%,production,OP,3186.4637479061253,223.298395625,2434.515554334625,347.43540463975,339.541617819375,751.9481935715,155.624504375,7102.076063400001,6474.069496382,2081.8642119,0.9115742268300414,0.2266852951449528,0,0,0,0,0,0,0,0,0,0
2014-10-02,NO 15/9-F-11 H,7078,15/9-F-11,3420717,VOLVE,369304,MÆRSK INSPIRER,24.0,12.058421875,%,production,OP,3184.4225525915,223.513312625,2423.73738472175,365.712933253625,348.36613765875,760.68516786975,155.142579125,7525.3173783,6734.468087184001,2064.7559287,0.8949081810959241,0.2153013707614612,0,0,0,0,0,0,0,0,0,0
2014-10-03,NO 15/9-F-11 H,7078,15/9-F-11,3420717,VOLVE,369304,MÆRSK INSPIRER,24.0,12.074956458333334,%,production,OP,3188.4941801925,223.563295625,2422.6846838096253,367.138838091125,346.221258303875,765.809496382875,151.542126875,6873.3156737,6029.435175121,2012.110219,0.8772236663291899,0.2264506218720579,0,0,0,0,0,0,0,0,0,0
2014-10-04,NO 15/9-F-11 H,7078,15/9-F-11,3420717,VOLVE,369304,MÆRSK INSPIRER,24.0,12.066761458333334,%,production,OP,3186.0579285605004,223.58124575,2421.149819174625,370.803754967125,352.561594473875,764.9081093858749,153.59850575000002,7189.25283,6188.784989637001,2036.5775799000005,0.8608384119990673,0.2207473462458838,0,0,0,0,0,0,0,0,0,0
2014-10-05,NO 15/9-F-11 H,7078,15/9-F-11,3420717,VOLVE,369304,MÆRSK INSPIRER,24.0,12.095155833333331,%,production,OP,3183.323687292625,223.608806,2419.2661713875,376.2474631995,350.769069831875,764.057515905125,155.42184275,7130.128616,6131.797305100001,2068.0266299,0.8599841090299907,0.2248305855483147,0,0,0,0,0,0,0,0,0,0
2014-10-06,NO 15/9-F-11 H,7078,15/9-F-11,3420717,VOLVE,369304,MÆRSK INSPIRER,24.0,12.065303541666667,%,production,OP,3182.18444099725,223.623109625,2418.268204190625,370.8132035885,351.225051174125,763.916236806625,151.175169125,7073.709020300001,6075.126040275,2053.4971688,0.858831770269418,0.2249863897292417,0,0,0,0,0,0,0,0,0,0
2014-10-07,NO 15/9-F-11 H,7078,15/9-F-11,3420717,VOLVE,369304,MÆRSK INSPIRER,24.0,12.077981458333332,%,production,OP,3179.516210149125,223.63141175,2416.8290495275,363.220678823875,349.927915907625,762.6871606216249,144.67263125,7146.8595106,5998.462770633001,1976.258302,0.8393144935529049,0.2166209340485087,0,0,0,0,0,0,0,0,0,0
2014-10-08,NO 15/9-F-11 H,7078,15/9-F-11,3420717,VOLVE,369304,MÆRSK INSPIRER,24.0,12.007172708333334,%,production,OP,3185.8135908981253,223.6286759574468,2420.034585733125,373.05314088714897,353.14229943125,765.779005165,151.08512449999998,7030.749618,6158.3564315290005,2014.5632449,0.8759174719808662,0.2227190231487598,0,0,0,0,0,0,0,0,0,0
2014-10-09,NO 15/9-F-11 H,7078,15/9-F-11,3420717,VOLVE,369304,MÆRSK INSPIRER,24.0,11.927958541666667,%,production,OP,3188.115591731375,223.63197875,2421.083147019,372.011172144125,354.184013714875,767.032444712375,151.425648125,6942.126195100001,6036.836783094,2187.5330199,0.8695947917735943,0.239607302790217,0,0,0,0,0,0,0,0,0,0
2014-10-10,NO 15/9-F-11 H,7078,15/9-F-11,3420717,VOLVE,369304,MÆRSK INSPIRER,24.0,11.591024375,%,production,OP,3195.792392831745,223.61824775,2424.750193690596,374.04454042136166,358.18900786276595,771.0421991411489,153.39260012765956,6809.0338155,5910.325754961001,2021.9852207,0.8680123957538305,0.2289639748721528,0,0,0,0,0,0,0,0,0,0
2014-10-11,NO 15/9-F-11 H,7078,15/9-F-11,3420717,VOLVE,369304,MÆRSK INSPIRER,24.0,11.854469583333334,%,production,OP,3189.7079548685,223.62311,2422.03633071175,376.278836731875,355.21818904412504,767.67162415675,153.84591875,6897.908830800001,5976.965653302001,2069.0958976,0.8664895115189292,0.2307454897449566,0,0,0,0,0,0,0,0,0,0
2014-10-12,NO 15/9-F-11 H,7078,15/9-F-11,3420717,VOLVE,369304,MÆRSK INSPIRER,24.0,11.822432708333332,%,production,OP,3193.5424755557497,223.60962125,2424.285634405,377.578824412375,356.692240454375,769.25684115075,155.013153875,6849.6659881000005,5930.474910193,2061.9255142,0.8658049780085743,0.2313756766866878,0,0,0,0,0,0,0,0,0,0
2014-10-13,NO 15/9-F-11 H,7078,15/9-F-11,3420717,VOLVE,369304,MÆRSK INSPIRER,24.0,11.858747291666669,%,production,OP,3191.940101775,223.609395125,2423.959057175,379.93843252625,355.40660549262503,767.9810446,156.9160205,6822.4940089,5925.293184262,2134.761514,0.8684937174781547,0.2383276337871904,0,0,0,0,0,0,0,0,0,0
2014-10-14,NO 15/9-F-11 H,7078,15/9-F-11,3420717,VOLVE,369304,MÆRSK INSPIRER,24.0,11.887317708333333,%,production,OP,3186.2769722,223.616975,2421.142733464,379.688341689875,352.394837033375,765.1342387359999,157.24340075,6834.1930555,5936.568461678,2152.372982,0.868656828021618,0.2395100612423446,0,0,0,0,0,0,0,0,0,0
2014-10-15,NO 15/9-F-11 H,7078,15/9-F-11,3420717,VOLVE,369304,MÆRSK INSPIRER,24.0,11.889680625,%,production,OP,3186.52749512875,223.60875575,2421.7562865067503,381.800759727375,352.320556426,764.7712086219999,156.460551125,6842.9358914,5923.713204584001,2126.2073724,0.8656683766435322,0.2370580232541831,0,0,0,0,0,0,0,0,0,0
2014-10-16,NO 15/9-F-11 H,7078,15/9-F-11,3420717,VOLVE,369304,MÆRSK INSPIRER,24.0,11.969626875,%,production,OP,3185.4394442257503,223.60877375,2421.23323113275,377.834296762875,351.634191285625,764.2062130930001,153.8441945,6850.420765300001,5923.62774301,2105.7025918,0.8647100588354277,0.2351131742877007,0,0,0,0,0,0,0,0,0,0
2014-10-17,NO 15/9-F-11 H,7078,15/9-F-11,3420717,VOLVE,369304,MÆRSK INSPIRER,24.0,12.011557291666668,%,production,OP,3185.232819465,223.606874,2420.890696701125,379.717983831125,351.83168167400004,764.342122763875,154.820290625,6853.5656703,5945.535217155,2106.2057766000003,0.8675097756661238,0.2350736052903144,0,0,0,0,0,0,0,0,0,0
2014-10-18,NO 15/9-F-11 H,7078,15/9-F-11,3420717,VOLVE,369304,MÆRSK INSPIRER,24.0,11.86788,%,production,OP,3190.744746925,223.600098875,2423.5792691287497,374.0510802465,354.61513614825,767.16547779625,150.620825,6794.1269658,5907.885156044,2076.5178734,0.8695576614600922,0.2340887174541948,0,0,0,0,0,0,0,0,0,0
2014-10-19,NO 15/9-F-11 H,7078,15/9-F-11,3420717,VOLVE,369304,MÆRSK INSPIRER,24.0,11.730228541666667,%,production,OP,3196.4269761916253,223.582840625,2427.175235543875,373.203248531,356.629650514125,769.25174064775,149.942238125,6735.3801404,5855.441413956,2045.7607025,0.86935574413002,0.2329720863268127,0,0,0,0,0,0,0,0,0,0
2014-10-20,NO 15/9-F-11 H,7078,15/9-F-11,3420717,VOLVE,369304,MÆRSK INSPIRER,24.0,11.71268,%,production,OP,3196.0620213025,223.579579625,2427.98222395425,375.543122412,355.30407873475,768.0797973482499,155.114031875,6659.1476432,5805.174469975999,2039.2193001,0.8717593873900609,0.2344370286276239,0,0,0,0,0,0,0,0,0,0
2014-10-21,NO 15/9-F-11 H,7078,15/9-F-11,3420717,VOLVE,369304,MÆRSK INSPIRER,24.0,11.754978125,%,production,OP,3188.852850101625,223.592461625,2424.354735947125,371.6583158415,351.58763106600003,764.4981141545001,153.078512375,6821.2989450000005,5881.6745857040005,2042.3642051,0.8622514030139754,0.2304198806423456,0,0,0,0,0,0,0,0,0,0
2014-10-22,NO 15/9-F-11 H,7078,15/9-F-11,3420717,VOLVE,369304,MÆRSK INSPIRER,24.0,11.68102875,%,production,OP,3189.98402865825,223.589530625,2425.319522679875,373.62808296275,351.937486895,764.664505978375,153.67179800000002,6743.556893400001,5843.262433367,2183.5075415,0.8664956084356418,0.2445941280499404,0,0,0,0,0,0,0,0,0,0
2014-10-23,NO 15/9-F-11 H,7078,15/9-F-11,3420717,VOLVE,369304,MÆRSK INSPIRER,24.0,11.605021666666667,%,production,OP,3195.59912648225,223.570342625,2428.62670030725,374.428722939,354.551255974125,766.972426175,151.036983875,6694.1818849,5821.493745993001,2132.4971824000004,0.8696348330666793,0.2415967733890104,0,0,0,0,0,0,0,0,0,0
2014-10-24,NO 15/9-F-11 H,7078,15/9-F-11,3420717,VOLVE,369304,MÆRSK INSPIRER,24.0,11.48450125,%,production,OP,3202.3838651275,223.553525375,2432.363571139375,374.622659896375,357.353245096125,770.0202939881251,151.583549,6632.3530526,5760.244989754001,2126.0186781,0.8685069905161159,0.2427413157913635,0,0,0,0,0,0,0,0,0,0
2014-10-25,NO 15/9-F-11 H,7078,15/9-F-11,3420717,VOLVE,369304,MÆRSK INSPIRER,24.0,11.515966666666667,%,production,OP,3196.8579656735,223.556255,2430.11516486875,372.42939526037503,354.234994571875,766.74280080475,148.760387375,6718.9637363,5847.3861308860005,2143.1269613,0.8702809481311533,0.2418308539632069,0,0,0,0,0,0,0,0,0,0
2014-10-26,NO 15/9-F-11 H,7078,15/9-F-11,3420717,VOLVE,369304,MÆRSK INSPIRER,25.0,11.425287,%,production,OP,3199.2297899755204,223.55515112,2431.3590893190003,369.31886305416,355.54212404436,767.8707006565201,146.22995156,6985.3371898,6049.31276031,2137.8435209,0.8660015395023759,0.2343309410053293,0,0,0,0,0,0,0,0,0,0
2014-10-27,NO 15/9-F-11 H,7078,15/9-F-11,3420717,VOLVE,369304,MÆRSK INSPIRER,24.0,11.460448958333334,%,production,OP,3197.498208729875,223.553689625,2431.285527858375,374.453935378,354.15041022325,766.2126808715,151.54266575000003,6699.2137329,5814.651522868,2124.8865123,0.8679602942524592,0.2408048926524677,0,0,0,0,0,0,0,0,0,0
2014-10-28,NO 15/9-F-11 H,7078,15/9-F-11,3420717,VOLVE,369304,MÆRSK INSPIRER,24.0,11.460072708333334,%,production,OP,3198.059989249876,223.54735925,2432.2278548525,373.659063683875,354.312813502125,765.8321343973751,151.46680925,6689.967712199999,5792.617268950001,2095.5759977,0.8658662519979631,0.2385254762705919,0,0,0,0,0,0,0,0,0,0
2014-10-29,NO 15/9-F-11 H,7078,15/9-F-11,3420717,VOLVE,369304,MÆRSK INSPIRER,24.0,11.49322875,%,production,OP,3195.4502087157503,223.55625875,2431.426299323875,370.54077992175,351.869899187,764.023909391875,156.141848375,6482.0894917,5587.609431950999,2069.0329995,0.8620074497745922,0.2419603977874544,0,0,0,0,0,0,0,0,0,0
2014-10-30,NO 15/9-F-11 H,7078,15/9-F-11,3420717,VOLVE,369304,MÆRSK INSPIRER,24.0,11.602666875,%,production,OP,3188.81069541125,223.578492875,2427.077461802125,377.526713467625,349.56615789775003,761.733233609125,154.489530875,6740.9780713,5800.7862653540005,2125.4525952000004,0.8605259064780367,0.2397190792040577,0,0,0,0,0,0,0,0,0,0
2014-10-31,NO 15/9-F-11 H,7078,15/9-F-11,3420717,VOLVE,369304,MÆRSK INSPIRER,24.0,11.559285416666668,%,production,OP,3191.490636727787,223.57246617021275,2428.857018722553,377.0485859928511,350.1466106458724,762.633618005234,153.66435570212766,6750.5385825,5883.058568797001,2093.6890547000003,0.8714946958525883,0.2367294398771086,0,0,0,0,0,0,0,0,0,0
2014-11-01,NO 15/9-F-11 H,7078,15/9-F-11,3420717,VOLVE,369304,MÆRSK INSPIRER,24.0,11.453259375,%,production,OP,3199.82741929625,223.543417625,2434.0783221755,373.710618649625,353.311132728125,765.7490971207501,151.56601662500003,6632.1014602000005,5769.88519656,2057.5226472,0.8699935052540647,0.236779246348278,0,0,0,0,0,0,0,0,0,0
2014-11-02,NO 15/9-F-11 H,7078,15/9-F-11,3420717,VOLVE,369304,MÆRSK INSPIRER,24.0,11.184540833333331,%,production,OP,3196.154055885447,223.5408999148936,2432.793979569192,372.86446496463833,350.85622603340425,763.3600763162553,150.39934680851064,6558.070396500001,5703.894735552,2042.0497146,0.8697519835401785,0.237444324988481,0,0,0,0,0,0,0,0,0,0
2014-11-03,NO 15/9-F-11 H,7078,15/9-F-11,3420717,VOLVE,369304,MÆRSK INSPIRER,24.0,11.243522708333334,%,production,OP,3191.224448794979,223.5369337872341,2431.292567794596,376.1699211015319,347.12280904723406,759.931881000383,153.6356165957447,6458.0624175,5612.100176401,2239.0465638,0.8690068032159894,0.2574472239699724,0,0,0,0,0,0,0,0,0,0
2014-11-04,NO 15/9-F-11 H,7078,15/9-F-11,3420717,VOLVE,369304,MÆRSK INSPIRER,24.0,11.455818958333332,%,production,OP,3192.803292410375,223.5402065,2432.2572733935003,374.70170258475,347.945040977125,760.546019016875,155.3961635,6498.128507199999,5659.790913016,2299.2400455,0.8709878400750136,0.2613554305161332,0,0,0,0,0,0,0,0,0,0
2014-11-05,NO 15/9-F-11 H,7078,15/9-F-11,3420717,VOLVE,369304,MÆRSK INSPIRER,24.0,11.50322875,%,production,OP,3189.6793340365,223.542662375,2431.31453848,374.797092264375,345.800031692375,758.3647955565,155.52813462499998,6433.7837509,5618.083192875,2309.4924358000003,0.8732160436833311,0.2641449711165625,0,0,0,0,0,0,0,0,0,0
2014-11-06,NO 15/9-F-11 H,7078,15/9-F-11,3420717,VOLVE,369304,MÆRSK INSPIRER,24.0,11.532730208333334,%,production,OP,3187.476771860375,223.536599375,2430.80812017325,371.94403465825,344.04431950775,756.668651687125,152.038086125,6455.3577992,5633.977633050999,2314.65008,0.8727599318738316,0.2639279361982902,0,0,0,0,0,0,0,0,0,0
2014-11-07,NO 15/9-F-11 H,7078,15/9-F-11,3420717,VOLVE,369304,MÆRSK INSPIRER,24.0,11.498444375,%,production,OP,3188.602632357,223.53003575,2431.9498865038754,366.175296267875,344.40062650612504,756.652745853125,147.852669125,6587.695401599999,5708.555569658001,2301.6930714,0.8665481965470846,0.2589259180641053,0,0,0,0,0,0,0,0,0,0
2014-11-08,NO 15/9-F-11 H,7078,15/9-F-11,3420717,VOLVE,369304,MÆRSK INSPIRER,24.0,11.443701458333331,%,production,OP,3191.909936892625,223.522589,2434.2999160665,372.7577764005,346.2409139745,757.610020826125,151.43209025000002,6540.333132299999,5736.076668515,2429.753603,0.8770312692769258,0.2708729218233962,0,0,0,0,0,0,0,0,0,0
2014-11-09,NO 15/9-F-11 H,7078,15/9-F-11,3420717,VOLVE,369304,MÆRSK INSPIRER,24.0,11.5,%,production,OP,3190.8629625642,223.53529910000003,2433.6909740235,372.99726677205,345.7068695547,757.1719885407,152.665079,6523.853830100001,5765.831069,2473.2161901,0.8838075191687148,0.2748912906698731,0,0,0,0,0,0,0,0,0,0
2014-11-10,NO 15/9-F-11 H,7078,15/9-F-11,3420717,VOLVE,369304,MÆRSK INSPIRER,24.0,11.5,%,production,OP,3189.2848401914043,223.54461519148936,2433.440503426724,374.5271188783405,342.87129780957446,755.8443367646809,154.820000893617,6231.0002765,5691.766254984001,2406.1039174,0.9134594771966708,0.2785776185378571,0,0,0,0,0,0,0,0,0,0
2014-11-11,NO 15/9-F-11 H,7078,15/9-F-11,3420717,VOLVE,369304,MÆRSK INSPIRER,24.0,11.394650416666666,%,production,OP,3189.382244844875,223.546754,2433.849996104,374.09828407225,344.14346506725,755.532248740875,153.674400125,6414.5998304,5701.318175040001,2436.9868845,0.8888034056341874,0.2753163882355449,0,0,0,0,0,0,0,0,0,0
2014-11-12,NO 15/9-F-11 H,7078,15/9-F-11,3420717,VOLVE,369304,MÆRSK INSPIRER,24.0,11.351284583333332,%,production,OP,3190.377525817125,223.541099,2434.9678885755,367.268054862625,343.870183259,755.4096372416251,150.538175,6413.2789703,5636.011053477,2330.8777898,0.878803351542551,0.2665640442810799,0,0,0,0,0,0,0,0,0,0
2014-11-13,NO 15/9-F-11 H,7078,15/9-F-11,3420717,VOLVE,369304,MÆRSK INSPIRER,24.0,11.309056875,%,production,OP,3191.213391897625,223.5412655,2435.8230839911253,372.677948089625,344.344599535375,755.3903079065,152.0791265,6297.8609568,5550.280028316,2279.0497554,0.8812960569291685,0.2657191886302635,0,0,0,0,0,0,0,0,0,0
2014-11-14,NO 15/9-F-11 H,7078,15/9-F-11,3420717,VOLVE,369304,MÆRSK INSPIRER,24.0,11.263878958333333,%,production,OP,3191.63613234325,223.539321125,2436.63798301575,369.57603549175,343.943237086625,754.9981493275001,152.5178525,6263.2041037,5508.025989766,2269.363448,0.8794262327347951,0.2659648967616857,0,0,0,0,0,0,0,0,0,0
2014-11-15,NO 15/9-F-11 H,7078,15/9-F-11,3420717,VOLVE,369304,MÆRSK INSPIRER,24.0,11.247715833333332,%,production,OP,3190.0230529451246,223.545032,2436.4509172336248,366.268108501375,342.343812411875,753.5721357115,150.2754095,6316.4787944,5539.4836182320005,2257.6015033,0.8769891894742273,0.2633053837745842,0,0,0,0,0,0,0,0,0,0
2014-11-16,NO 15/9-F-11 H,7078,15/9-F-11,3420717,VOLVE,369304,MÆRSK INSPIRER,24.0,11.279404166666666,%,production,OP,3187.20737284025,223.551562625,2435.3728104985003,367.577946679375,340.619156489,751.83456234175,147.53932475,6251.3163628,5485.277319467,2299.6803322,0.8774595622945105,0.268937109231335,0,0,0,0,0,0,0,0,0,0
2014-11-17,NO 15/9-F-11 H,7078,15/9-F-11,3420717,VOLVE,369304,MÆRSK INSPIRER,24.0,11.278350208333332,%,production,OP,3185.07912148775,223.552748,2434.4869335026247,370.4095144885,339.45194505425,750.592187985125,148.62811775,6169.2343423,5322.478318202,2345.2814547000003,0.8627453623714487,0.2754450764571176,0,0,0,0,0,0,0,0,0,0
2014-11-18,NO 15/9-F-11 H,7078,15/9-F-11,3420717,VOLVE,369304,MÆRSK INSPIRER,24.0,11.247926458333334,%,production,OP,3184.273238992125,223.548651125,2434.5013980215,374.947406021625,338.72931739225,749.771840970625,151.9137155,6324.4668531,5423.558877718001,2312.8260351,0.8575519492302486,0.2677720976973828,0,0,0,0,0,0,0,0,0,0
2014-11-19,NO 15/9-F-11 H,7078,15/9-F-11,3420717,VOLVE,369304,MÆRSK INSPIRER,24.0,11.225424791666669,%,production,OP,3181.854908618,223.5411635,2433.6922793655,376.67137905725,337.093086303375,748.1626292525,154.56495275,6153.0695306,5285.8336666000005,2254.5823945,0.8590563848357109,0.268158388880161,0,0,0,0,0,0,0,0,0,0
2014-11-20,NO 15/9-F-11 H,7078,15/9-F-11,3420717,VOLVE,369304,MÆRSK INSPIRER,24.0,11.212328333333334,%,production,OP,3177.05356462275,223.540401125,2431.4164427831247,378.554108270375,334.72457648225,745.637121839625,154.51453475,6221.6284596,5356.928161199001,2226.7185362,0.8610170465793787,0.2635685462856802,0,0,0,0,0,0,0,0,0,0
2014-11-21,NO 15/9-F-11 H,7078,15/9-F-11,3420717,VOLVE,369304,MÆRSK INSPIRER,24.0,11.188074166666668,%,production,OP,3173.938828248375,223.528934,2430.382485010876,375.32846012875,332.490130119125,743.5563432375,153.4139015,6171.8760625,5336.5565233570005,2208.7925777,0.8646571106282646,0.26355803725552,0,0,0,0,0,0,0,0,0,0
2014-11-22,NO 15/9-F-11 H,7078,15/9-F-11,3420717,VOLVE,369304,MÆRSK INSPIRER,24.0,11.199812291666667,%,production,OP,3169.797256071875,223.51421525,2428.945660020625,365.90588516125,329.826851714375,740.85159605125,148.971862625,6169.5488328,5318.502589276,2210.0505397,0.8620569726266742,0.2637417902045412,0,0,0,0,0,0,0,0,0,0
2014-11-23,NO 15/9-F-11 H,7078,15/9-F-11,3420717,VOLVE,369304,MÆRSK INSPIRER,24.0,11.170062708333331,%,production,OP,3169.388109917125,222.840525125,2427.37777808925,370.395859765125,330.962632205875,742.010331827875,154.91587962499997,5940.4110545,5214.4273432,2200.5529266000003,0.8777889771196808,0.2703061863077624,0,0,0,0,0,0,0,0,0,0
2014-11-24,NO 15/9-F-11 H,7078,15/9-F-11,3420717,VOLVE,369304,MÆRSK INSPIRER,24.0,11.17314625,%,production,OP,3182.9888308101254,223.443903125,2438.2355252181246,364.52319258287497,334.3764429795,744.7533055920001,154.784237375,6176.4047257,5281.269947919,2319.4303356,0.85507187149567,0.2730079290457752,0,0,0,0,0,0,0,0,0,0
2014-11-25,NO 15/9-F-11 H,7078,15/9-F-11,3420717,VOLVE,369304,MÆRSK INSPIRER,24.0,10.543052291666667,%,production,OP,3238.28423290975,223.398548,2456.842673838375,359.651553503625,369.56174018387503,781.4415590713751,153.223142375,5416.0295948,4491.049503928,1842.0966547,0.8292143581046741,0.2537978248624291,0,0,0,0,0,0,0,0,0,0
2014-11-26,NO 15/9-F-11 H,7078,15/9-F-11,3420717,VOLVE,369304,MÆRSK INSPIRER,24.0,5.02082875,%,production,OP,3816.439500807,220.8850565,2778.3383675785,178.956106241625,613.7517780478751,1038.1011332285,120.574833125,1889.6476183,1954.37553299,699.5526682,1.0342539604014804,0.2701809789870035,0,0,0,0,0,0,0,0,0,0
2014-11-27,NO 15/9-F-11 H,7078,15/9-F-11,3420717,VOLVE,369304,MÆRSK INSPIRER,24.0,5.012137083333333,%,production,OP,3858.46178961775,221.314940375,2818.3351070488748,302.76366438025,615.599822027625,1040.126682568875,114.742608875,1985.3156284,1874.252129042,699.0494834,0.944057510166528,0.2604152022119125,0,0,0,0,0,0,0,0,0,0
2014-11-28,NO 15/9-F-11 H,7078,15/9-F-11,3420717,VOLVE,369304,MÆRSK INSPIRER,20.72514,4.605349375,%,production,OP,3873.667319563599,221.28510862397263,2822.3620091938515,246.9978981857735,626.9244047789746,1051.305310369747,114.218271522134,3256.9894142000003,2849.937255052,643.9507477999999,0.8750219582006279,0.1650757820058045,0,0,0,0,0,0,0,0,0,0
2014-11-29,NO 15/9-F-11 H,7078,15/9-F-11,3420717,VOLVE,369304,MÆRSK INSPIRER,10.44153,2.448315833333333,%,production,OP,4009.9492054762654,220.52201768099505,2814.590752191106,242.60823351161565,764.0447675562682,1195.3584532851603,91.06165578477292,1708.1237017,1604.654765184,134.41323970000002,0.9394253844654088,0.0729500921690448,0,0,0,0,0,0,0,0,0,0
2014-11-30,NO 15/9-F-11 H,7078,15/9-F-11,3420717,VOLVE,369304,MÆRSK INSPIRER,13.22514,2.760547916666667,%,production,OP,4036.8866897005137,220.59659996692665,2965.0363449284923,328.8339061849838,647.3989945245343,1071.8503447720216,104.12418489330774,923.4070061,1031.8736388860002,303.1059439,1.1174635150799948,0.2471282051282051,0,0,0,0,0,0,0,0,0,0
2014-12-01,NO 15/9-F-11 H,7078,15/9-F-11,3420717,VOLVE,369304,MÆRSK INSPIRER,17.77486,3.6040441666666663,%,production,OP,4050.083209384475,220.5201038933415,2954.470404659477,269.5211305543426,670.987402267129,1095.612804724998,99.26650896676315,818.1155867,987.319553925,421.10277950000005,1.2068215909533166,0.3398132169322911,0,0,0,0,0,0,0,0,0,0
2014-12-02,NO 15/9-F-11 H,7078,15/9-F-11,3420717,VOLVE,369304,MÆRSK INSPIRER,24.0,4.175661875,%,production,OP,4080.701296123375,220.6507805,3013.347028669,351.191432574375,642.546172187875,1067.354267454375,110.770846625,1302.1793643,1435.288642307,570.0454803,1.1022203865736684,0.3044749042531747,0,0,0,0,0,0,0,0,0,0
2014-12-03,NO 15/9-F-11 H,7078,15/9-F-11,3420717,VOLVE,369304,MÆRSK INSPIRER,24.0,3.76197375,%,production,OP,4101.076648326,220.63054475,3018.42066942275,357.841122711875,657.77326158575,1082.65597890325,112.166115125,1215.6944768,1334.543219294,512.619515,1.0977620156725878,0.2966009170973142,0,0,0,0,0,0,0,0,0,0
2014-12-04,NO 15/9-F-11 H,7078,15/9-F-11,3420717,VOLVE,369304,MÆRSK INSPIRER,23.16666,4.683917916666666,%,production,OP,3987.382034123602,220.88651471629143,2945.950288051347,355.87467234008363,613.0831243922771,1041.4317460722557,115.74427437199408,2388.1150608000003,2236.447814623,862.9619319999999,0.9364908129149384,0.2654387865655471,0,0,0,0,0,0,0,0,0,0
2014-12-05,NO 15/9-F-11 H,7078,15/9-F-11,3420717,VOLVE,369304,MÆRSK INSPIRER,24.0,3.1055408333333334,%,production,OP,4095.295669332751,220.825493,2954.585318083,220.586375468125,716.217130459625,1140.71035124975,109.89340925,2650.5888321,2362.039601115,609.6083852,0.8911376870337188,0.186985125306272,0,0,0,0,0,0,0,0,0,0
2014-12-06,NO 15/9-F-11 H,7078,15/9-F-11,3420717,VOLVE,369304,MÆRSK INSPIRER,24.0,4.0141725,%,production,OP,4012.745820101375,220.874648,2906.331589445625,249.66464825525,681.601732881625,1106.41423065575,113.6262125,1677.492327,1535.7875687140004,562.1832178,0.9155258381780964,0.2510110087620759,0,0,0,0,0,0,0,0,0,0
2014-12-07,NO 15/9-F-11 H,7078,15/9-F-11,3420717,VOLVE,369304,MÆRSK INSPIRER,24.0,3.675973333333333,%,production,OP,4095.17067074975,220.72024325,2955.564968189125,224.00247059025,714.493761749,1139.605702560625,110.02470424999998,1400.3004003,1282.357627663,501.7381437,0.9157732350774648,0.2637896825396825,0,0,0,0,0,0,0,0,0,0
2014-12-08,NO 15/9-F-11 H,7078,15/9-F-11,3420717,VOLVE,369304,MÆRSK INSPIRER,24.0,3.5150229166666667,%,production,OP,4141.36018533325,220.48360775,2995.861703654375,195.91603110125,720.3356143995001,1145.498481678875,108.2486675,1273.4978307,1165.8509008930002,479.5351144,0.9154714462702854,0.2735459796921531,0,0,0,0,0,0,0,0,0,0
2014-12-09,NO 15/9-F-11 H,7078,15/9-F-11,3420717,VOLVE,369304,MÆRSK INSPIRER,24.0,3.5258808333333334,%,production,OP,4130.902446965125,220.510494125,2984.8502796996254,199.278371514625,721.0684672405,1146.0521672655,104.941623125,1310.167423,1198.555491416,483.9379814,0.914810939713008,0.2697377646893844,0,0,0,0,0,0,0,0,0,0
2014-12-10,NO 15/9-F-11 H,7078,15/9-F-11,3420717,VOLVE,369304,MÆRSK INSPIRER,24.0,4.730307916666667,%,production,OP,4048.012525926501,221.016414875,2905.472166776625,236.61450067512504,717.351339706125,1142.540359149875,108.235532,1829.6428309,1675.207179138,655.8384887,0.91559245927467,0.2638678003846543,0,0,0,0,0,0,0,0,0,0
2014-12-11,NO 15/9-F-11 H,7078,15/9-F-11,3420717,VOLVE,369304,MÆRSK INSPIRER,24.0,3.500435625,%,production,OP,4202.299813721876,220.467037625,3033.224386855374,179.099053277125,743.788391951,1169.0754268664998,98.367237875,1209.4675649,1106.8241455780003,477.2078847,0.9151333840602112,0.2829281026252983,0,0,0,0,0,0,0,0,0,0
2014-12-12,NO 15/9-F-11 H,7078,15/9-F-11,3420717,VOLVE,369304,MÆRSK INSPIRER,24.0,3.519387021276596,%,production,OP,4130.960623468468,220.71966570212768,2961.435891250851,218.06373191285107,744.2152176979149,1169.5247322176172,109.65972085106384,1466.9723863,1343.1472928020005,447.5828796,0.9155913944567754,0.2337790334767896,0,0,0,0,0,0,0,0,0,0
2014-12-13,NO 15/9-F-11 H,7078,15/9-F-11,3420717,VOLVE,369304,MÆRSK INSPIRER,24.0,3.451043333333333,%,production,OP,4198.586096894936,220.52105255319148,3018.558385446766,187.02358172451065,754.8474659033617,1180.0277114481703,105.00917765957448,1204.8131055,1101.6095769760002,424.3105826,0.914340632540538,0.2604532643527277,0,0,0,0,0,0,0,0,0,0
2014-12-14,NO 15/9-F-11 H,7078,15/9-F-11,3420717,VOLVE,369304,MÆRSK INSPIRER,24.0,4.558670833333333,%,production,OP,4060.58608744634,221.00486268085103,2909.1628721933616,242.14553284136173,726.2495272773191,1151.4232152529787,108.97394421276596,1889.7105164,1730.589104266,655.6497944,0.915795879446586,0.2575862409805278,0,0,0,0,0,0,0,0,0,0
2014-12-15,NO 15/9-F-11 H,7078,15/9-F-11,3420717,VOLVE,369304,MÆRSK INSPIRER,24.0,4.422826458333334,%,production,OP,4122.952412016766,220.86250336170207,2951.3052122226386,230.57809812740425,746.5195320672766,1171.6471997941278,110.16167919148936,1713.973225,1567.8812149270002,654.0144438000001,0.9147641235334936,0.2761899702507437,0,0,0,0,0,0,0,0,0,0
2014-12-16,NO 15/9-F-11 H,7078,15/9-F-11,3420717,VOLVE,369304,MÆRSK INSPIRER,24.0,4.491672708333334,%,production,OP,4092.1640934422494,220.96804325,2922.713534853625,247.25370273262504,744.3412103312501,1169.4505585886252,113.886698375,1797.0616151,1643.7371905270002,642.6298877,0.9146804854743572,0.2634062081055997,0,0,0,0,0,0,0,0,0,0
2014-12-17,NO 15/9-F-11 H,7078,15/9-F-11,3420717,VOLVE,369304,MÆRSK INSPIRER,24.0,4.519667916666666,%,production,OP,4084.5379772725,220.92394175,2924.955079013875,248.53391992075,734.483337044625,1159.582898258625,114.2411765,1860.3371037,1703.228687294,642.2524991,0.9155484153417524,0.2566351663818237,0,0,0,0,0,0,0,0,0,0
2014-12-18,NO 15/9-F-11 H,7078,15/9-F-11,3420717,VOLVE,369304,MÆRSK INSPIRER,22.08333,4.731435625,%,production,OP,3992.054273372925,221.17278837507385,2871.2194994784163,277.1304024067545,696.481943157657,1120.834773894508,114.5804092862571,2254.3308021000003,2062.65393466,829.7517352,0.9149739393786196,0.2690432973711582,0,0,0,0,0,0,0,0,0,0
2014-12-19,NO 15/9-F-11 H,7078,15/9-F-11,3420717,VOLVE,369304,MÆRSK INSPIRER,23.33334,5.192798125,%,production,OP,4045.010325237156,221.2370780518785,2883.715288043742,271.4041391487279,732.9012386954445,1161.295037193413,111.7063326538421,2282.3833547,2089.7957536390004,873.5917109,0.9156199589939992,0.2768056441326531,0,0,0,0,0,0,0,0,0,0
2014-12-20,NO 15/9-F-11 H,7078,15/9-F-11,3420717,VOLVE,369304,MÆRSK INSPIRER,24.0,4.801816458333334,%,production,OP,4075.494953893021,221.02850319148936,2911.5153360928084,256.6619295459575,738.5178689269787,1163.9796178002127,114.92674106382978,1997.3920636,1828.445078525,702.8233693999999,0.915416212893878,0.2602841835546238,0,0,0,0,0,0,0,0,0,0
2014-12-21,NO 15/9-F-11 H,7078,15/9-F-11,3420717,VOLVE,369304,MÆRSK INSPIRER,24.0,4.537068541666667,%,production,OP,4119.082910555499,220.907727875,2932.739909058375,242.9548579965,761.106533476,1186.343001497125,108.515580875,1787.4382058,1636.275194417,644.2652383000001,0.9154303567572316,0.2649440004138538,0,0,0,0,0,0,0,0,0,0
2014-12-22,NO 15/9-F-11 H,7078,15/9-F-11,3420717,VOLVE,369304,MÆRSK INSPIRER,24.0,4.453929361702127,%,production,OP,4151.769944346638,220.70924561702128,2962.786244405489,221.2248135214468,763.4914282837021,1188.9836999411489,108.81053791489362,1718.1244996000005,1573.699311752,645.2716079,0.915940208127162,0.2730272787757817,0,0,0,0,0,0,0,0,0,0
2014-12-23,NO 15/9-F-11 H,7078,15/9-F-11,3420717,VOLVE,369304,MÆRSK INSPIRER,24.0,4.501336875,%,production,OP,4150.079171897875,220.698896,2958.856348761,223.0754420835,765.7013463808751,1191.222823136875,110.892384125,1734.7924961,1588.9524369760002,638.9817979000001,0.9159322746369586,0.269183889772125,0,0,0,0,0,0,0,0,0,0
2014-12-24,NO 15/9-F-11 H,7078,15/9-F-11,3420717,VOLVE,369304,MÆRSK INSPIRER,24.0,4.526378541666666,%,production,OP,4150.4234226125,220.69035275,2957.508441129625,225.41897213075,767.430150994875,1192.9149814828752,112.36288025,1743.5982301,1596.347688303,644.7684231000001,0.915547894431761,0.2699620773201306,0,0,0,0,0,0,0,0,0,0
2014-12-25,NO 15/9-F-11 H,7078,15/9-F-11,3420717,VOLVE,369304,MÆRSK INSPIRER,24.0,4.558714166666666,%,production,OP,4148.306493288875,220.709454875,2952.7487864945,228.2809767685,770.21792337125,1195.557706794375,114.614208875,1789.8283336,1637.6778943010002,652.6306856,0.9149916020197482,0.2672023073753605,0,0,0,0,0,0,0,0,0,0
2014-12-26,NO 15/9-F-11 H,7078,15/9-F-11,3420717,VOLVE,369304,MÆRSK INSPIRER,24.0,4.549577291666667,%,production,OP,4153.87089731025,220.68579425,2955.68468799325,228.5772410565,772.89959138575,1198.186209317,113.493612875,1832.0329587,1676.634599312,649.1712901,0.9151770940309556,0.261635570878118,0,0,0,0,0,0,0,0,0,0
2014-12-27,NO 15/9-F-11 H,7078,15/9-F-11,3420717,VOLVE,369304,MÆRSK INSPIRER,24.0,4.623303125,%,production,OP,4143.937836928751,220.725204125,2946.007939974,234.258029008,772.3734871921249,1197.92989695475,114.411590375,1789.3251488,1638.903314391,669.2986821,0.9159337616699348,0.2722249226124996,0,0,0,0,0,0,0,0,0,0
2014-12-28,NO 15/9-F-11 H,7078,15/9-F-11,3420717,VOLVE,369304,MÆRSK INSPIRER,24.0,4.477541041666667,%,production,OP,4161.900445741875,220.6802735,2956.680189544125,228.98812766725,779.736806592375,1205.22025619775,113.465745125,1764.4803992999998,1614.077080291,656.4045716,0.9147605612005282,0.2711424043233132,0,0,0,0,0,0,0,0,0,0
2014-12-29,NO 15/9-F-11 H,7078,15/9-F-11,3420717,VOLVE,369304,MÆRSK INSPIRER,23.50001,4.634088541666666,%,production,OP,4141.8520206045605,220.80785765609372,2937.3026749061623,239.6211035563816,775.9650367449824,1204.5493456983984,116.9824522083046,2078.782205,1901.789472661,820.0025297000001,0.9148574911247136,0.2828780350207217,0,0,0,0,0,0,0,0,0,0
2014-12-30,NO 15/9-F-11 H,7078,15/9-F-11,3420717,VOLVE,369304,MÆRSK INSPIRER,24.0,3.986811458333333,%,production,OP,4124.609109150375,220.84326162500005,2930.280922719875,247.02114940775,768.9253175206251,1194.3281864305002,114.12723875,1847.6316875,1691.373542504,605.8344992,0.915427871229341,0.2469300381982721,0,0,0,0,0,0,0,0,0,0
2014-12-31,NO 15/9-F-11 H,7078,15/9-F-11,3420717,VOLVE,369304,MÆRSK INSPIRER,24.0,4.898844583333333,%,production,OP,4093.459031987375,221.0218025,2906.7696314002496,256.67316240475003,761.388363461375,1186.689400587125,110.45764175,2136.5226608000003,1956.573519918,730.6243296,0.9157747567186486,0.2548262548262547,0,0,0,0,0,0,0,0,0,0
2015-01-01,NO 15/9-F-11 H,7078,15/9-F-11,3420717,VOLVE,369304,MÆRSK INSPIRER,24.0,5.97322875,%,production,OP,3993.8184457068746,221.3301935,2853.683686825,229.94505213175,717.726021206125,1140.1347588818749,114.313385,3594.0603321,3602.2304175370004,841.2620875,1.0022732187782242,0.1896732656418401,0,0,0,0,0,0,0,0,0,0
2015-01-02,NO 15/9-F-11 H,7078,15/9-F-11,3420717,VOLVE,369304,MÆRSK INSPIRER,24.0,7.390750625,%,production,OP,3798.489661381125,222.03727887500003,2743.7704669238747,191.326687337625,640.2300482793751,1054.71919445725,132.373266875,4472.9983815,3775.923650605,1963.8673763,0.844159404622624,0.3050968359749067,0,0,0,0,0,0,0,0,0,0
2015-01-03,NO 15/9-F-11 H,7078,15/9-F-11,3420717,VOLVE,369304,MÆRSK INSPIRER,24.0,8.007612083333333,%,production,OP,3674.176609553,222.37741475,2682.4760816305,314.5050283295,573.3079589425,991.7005279225,141.00701562499998,5247.9658716,4777.222528525001,2178.2869992,0.9102998467229972,0.2933224921231832,0,0,0,0,0,0,0,0,0,0
2015-01-04,NO 15/9-F-11 H,7078,15/9-F-11,3420717,VOLVE,369304,MÆRSK INSPIRER,24.0,7.986920208333333,%,production,OP,3586.6539723455,222.547443125,2642.8351264173752,335.0687335265,528.571963827375,943.8188459281253,145.154649875,5136.7620308,4225.931103471,2171.7455968,0.8226838382102067,0.2971530861647561,0,0,0,0,0,0,0,0,0,0
2015-01-05,NO 15/9-F-11 H,7078,15/9-F-11,3420717,VOLVE,369304,MÆRSK INSPIRER,24.0,8.185656382978724,%,production,OP,3551.2649037587234,222.631682,2624.791037750298,342.7318237141277,508.80574332293617,926.4738660084256,145.73755629787237,5170.9785972,4241.438847682,2208.1635967,0.8202391032866913,0.2992439417315183,0,0,0,0,0,0,0,0,0,0
2015-01-06,NO 15/9-F-11 H,7078,15/9-F-11,3420717,VOLVE,369304,MÆRSK INSPIRER,24.0,8.838066666666666,%,production,OP,3506.146605641,222.6478895,2605.90414580175,339.7801237455,486.18847600737496,900.24245983925,146.66487237500002,5465.5303995,4460.418945736001,2389.2472266,0.8160999243813648,0.3041775770533548,0,0,0,0,0,0,0,0,0,0
2015-01-07,NO 15/9-F-11 H,7078,15/9-F-11,3420717,VOLVE,369304,MÆRSK INSPIRER,24.0,9.153157291666666,%,production,OP,3423.3374284656247,222.790224125,2566.2486716805,347.1950706305,441.48247656362497,857.0887567851249,145.741100375,5825.3075315,4785.940668514,2451.767938,0.8215773403608847,0.2962118621528173,0,0,0,0,0,0,0,0,0,0
2015-01-08,NO 15/9-F-11 H,7078,15/9-F-11,3420717,VOLVE,369304,MÆRSK INSPIRER,24.0,10.392612291666667,%,production,OP,3288.7051012133747,223.02773075,2503.1200240390003,355.471434457,367.83454005275,785.5850771743751,149.12383475,6386.3585835,5200.502403843,2739.0235607000004,0.8143141879441571,0.3001543954453344,0,0,0,0,0,0,0,0,0,0
2015-01-09,NO 15/9-F-11 H,7078,15/9-F-11,3420717,VOLVE,369304,MÆRSK INSPIRER,17.83333,8.342123958333334,%,production,OP,3295.731011037305,222.77824339266303,2516.656702470152,299.2083675230942,357.6177458790636,779.0743085671533,142.12145897263832,5182.9921343,4221.557024729001,2648.7647872,0.8145019161405986,0.3382082480022487,0,0,0,0,0,0,0,0,0,0
2015-01-10,NO 15/9-F-11 H,7078,15/9-F-11,3420717,VOLVE,369304,MÆRSK INSPIRER,20.33333,9.2899375,%,production,OP,3315.483807731396,222.7794834077989,2525.042236927565,300.94101614098565,353.6352237767485,790.441570803831,142.1625365085286,5947.7701322,4842.439597603,2818.6525553,0.8141605156169421,0.3215282511210762,0,0,0,0,0,0,0,0,0,0
2015-01-11,NO 15/9-F-11 H,7078,15/9-F-11,3420717,VOLVE,369304,MÆRSK INSPIRER,24.0,11.680979791666669,%,production,OP,3210.767185414125,223.190523125,2470.0550464215,347.131776651625,312.9627667565,740.712138992625,151.9837475,7340.2711681,5947.87481603,3555.2522044,0.8103072325010009,0.3263039399624766,0,0,0,0,0,0,0,0,0,0
2015-01-12,NO 15/9-F-11 H,7078,15/9-F-11,3420717,VOLVE,369304,MÆRSK INSPIRER,24.0,11.496914166666668,%,production,OP,3203.47297359925,223.215055625,2462.605069837876,347.24696703987496,312.88488739375,740.8679037613749,144.50654,6852.622198800001,5576.288951719,3087.7306271,0.8137452773473334,0.3106258581742481,0,0,0,0,0,0,0,0,0,0
2015-01-13,NO 15/9-F-11 H,7078,15/9-F-11,3420717,VOLVE,369304,MÆRSK INSPIRER,24.0,11.539850833333333,%,production,OP,3189.8648436817502,223.20068075,2456.5887515815,346.275106683,309.0843781175,733.27609210025,145.81326087500003,6939.3586787,5671.946232756001,3111.3803127,0.8173588504894184,0.3095673179218243,0,0,0,0,0,0,0,0,0,0
2015-01-14,NO 15/9-F-11 H,7078,15/9-F-11,3420717,VOLVE,369304,MÆRSK INSPIRER,24.0,11.550270833333334,%,production,OP,3183.836390579376,223.171744625,2453.7916937515,344.67158468475003,303.057707773875,730.044696827875,145.95348087500005,6210.3696997,5113.851430747,3011.6239261,0.8234375211179509,0.3265697254088857,0,0,0,0,0,0,0,0,0,0
2015-01-15,NO 15/9-F-11 H,7078,15/9-F-11,3420717,VOLVE,369304,MÆRSK INSPIRER,24.0,11.731953333333331,%,production,OP,3185.01682766675,223.13203925,2455.438854058,336.72344185225,303.05893757525,729.57797360875,145.796469875,6731.165967700001,5488.563705449001,3096.6621573,0.8153956880258607,0.3150911999999999,0,0,0,0,0,0,0,0,0,0
2015-01-16,NO 15/9-F-11 H,7078,15/9-F-11,3420717,VOLVE,369304,MÆRSK INSPIRER,24.0,11.770220625,%,production,OP,3183.5113096385808,223.1075961935484,2455.110210426387,336.3150454503871,301.80961630780644,728.4010992121935,147.3208009032258,6847.716147,5464.056716237,2985.7099089,0.7979385533716691,0.3036286531191833,0,0,0,0,0,0,0,0,0,0
2015-01-17,NO 15/9-F-11 H,7078,15/9-F-11,3420717,VOLVE,369304,MÆRSK INSPIRER,0.0,12.0,%,production,OP,3187.93524,223.16000000000005,2456.94372,335.03778,304.5798,730.99152,148.64,6456.9302517,5324.52092045,2899.7282062,0.8246210990196378,0.3099106608675778,0,0,0,0,0,0,0,0,0,0
2015-01-18,NO 15/9-F-11 H,7078,15/9-F-11,3420717,VOLVE,369304,MÆRSK INSPIRER,24.0,12.0,%,production,OP,3187.93524,223.16000000000005,2456.94372,335.03778,304.5798,730.99152,148.64,6814.380154,5595.761477299001,2900.6087796,0.8211695489301873,0.2985704666701196,0,0,0,0,0,0,0,0,0,0
2015-01-19,NO 15/9-F-11 H,7078,15/9-F-11,3420717,VOLVE,369304,MÆRSK INSPIRER,24.0,12.0,%,production,OP,3187.93524,223.16000000000005,2456.94372,335.03778,304.5798,730.99152,148.64,6319.4979032,5172.649699953,2683.861927,0.8185222590759511,0.2980955973788266,0,0,0,0,0,0,0,0,0,0
2015-01-20,NO 15/9-F-11 H,7078,15/9-F-11,3420717,VOLVE,369304,MÆRSK INSPIRER,22.16667,10.814813541666666,%,production,OP,3218.5341231438174,222.84501904805455,2478.4685621521667,305.4251540139814,310.8366838830169,740.0655609916507,149.26216269342757,5641.330589,4632.634964903,2890.5450836,0.8211954417165606,0.3387936245816316,0,0,0,0,0,0,0,0,0,0
2015-01-21,NO 15/9-F-11 H,7078,15/9-F-11,3420717,VOLVE,369304,MÆRSK INSPIRER,24.0,11.809961063829787,%,production,OP,3177.064108036724,222.9916253191489,2457.464295327064,322.31014312123403,306.9411729357447,719.5998127096595,153.29488885106383,6029.9150508,4970.3794584980005,2849.1581338,0.8242868127700358,0.3208846322768939,0,0,0,0,0,0,0,0,0,0
2015-01-22,NO 15/9-F-11 H,7078,15/9-F-11,3420717,VOLVE,369304,MÆRSK INSPIRER,24.0,12.232591276595745,%,production,OP,3117.054962643702,223.140897787234,2422.929241600596,323.7713917134894,280.4604897759574,694.1257210431064,153.3073360425532,6060.672221700001,5030.171836509,2725.8149597,0.8299692925973897,0.310228069924263,0,0,0,0,0,0,0,0,0,0
2015-01-23,NO 15/9-F-11 H,7078,15/9-F-11,3420717,VOLVE,369304,MÆRSK INSPIRER,24.0,12.913731458333332,%,production,OP,3084.7571074021253,223.1842175,2405.859544576375,314.47961646324995,265.0798247445,678.8975628257499,146.430973625,6175.335458,5142.223967020999,3151.8237910000003,0.8327035837963055,0.3379189426124486,0,0,0,0,0,0,0,0,0,0
2015-01-24,NO 15/9-F-11 H,7078,15/9-F-11,3420717,VOLVE,369304,MÆRSK INSPIRER,24.0,13.870638723404255,%,production,OP,3044.5656954337023,223.26137868085104,2384.7652568803405,311.3292914539149,245.3954394242553,659.8004385533617,154.9695299574468,6423.5313606,5322.374139836999,3259.6311344,0.8285744773479015,0.3366287755764858,0,0,0,0,0,0,0,0,0,0
2015-01-25,NO 15/9-F-11 H,7078,15/9-F-11,3420717,VOLVE,369304,MÆRSK INSPIRER,24.0,13.852617872340426,%,production,OP,3044.4388705034044,223.24440774468084,2383.925165925192,305.53498632293616,248.6290184314468,660.5137045782127,151.7688565106383,6329.498701099999,5292.478833699001,3254.8508788000004,0.8361608215164378,0.3396006011327021,0,0,0,0,0,0,0,0,0,0
2015-01-26,NO 15/9-F-11 H,7078,15/9-F-11,3420717,VOLVE,369304,MÆRSK INSPIRER,24.0,13.948225744680853,%,production,OP,3042.825671461788,223.22631429787236,2383.8877152620425,298.3594935757022,248.9043653596596,658.9379561997447,155.47855272340425,6330.6308669,5286.08440097,3237.9312899,0.8350012047943816,0.3383926693310896,0,0,0,0,0,0,0,0,0,0
2015-01-27,NO 15/9-F-11 H,7078,15/9-F-11,3420717,VOLVE,369304,MÆRSK INSPIRER,24.0,13.96401,%,production,OP,3045.4174565475,223.20485825,2384.90934634725,291.168888524625,250.57388241237496,660.50811020025,154.405375625,6604.1747038,5449.143318427,4264.6798743,0.8251058705778327,0.3923762015266115,0,0,0,0,0,0,0,0,0,0
2015-01-28,NO 15/9-F-11 H,7078,15/9-F-11,3420717,VOLVE,369304,MÆRSK INSPIRER,24.0,14.15601,%,production,OP,3043.3270721995,223.1872625,2383.928082693375,282.35894500425,249.05032771975,659.3989895061251,150.78849275,5952.676184,4916.806705450999,2916.7106932,0.8259825586795264,0.3288514452670694,0,0,0,0,0,0,0,0,0,0
2015-01-29,NO 15/9-F-11 H,7078,15/9-F-11,3420717,VOLVE,369304,MÆRSK INSPIRER,24.0,14.215885625,%,production,OP,3046.372456236875,223.165368875,2386.6262397155,277.386320195875,248.6233056315,659.746216521375,154.523308625,5952.4245916,4955.255231929001,2909.1629212,0.8324767757531621,0.3282891374708988,0,0,0,0,0,0,0,0,0,0
2015-01-30,NO 15/9-F-11 H,7078,15/9-F-11,3420717,VOLVE,369304,MÆRSK INSPIRER,24.0,14.213078958333334,%,production,OP,3048.29722834025,223.143797,2388.007252270375,272.65220131362497,249.702276551375,660.289976069875,153.61753737499998,5785.367238,4785.976689508,2785.1907661,0.827255469293685,0.3249719288717975,0,0,0,0,0,0,0,0,0,0
2015-01-31,NO 15/9-F-11 H,7078,15/9-F-11,3420717,VOLVE,369304,MÆRSK INSPIRER,24.0,14.248575,%,production,OP,3046.37248947475,223.134867875,2386.8881058245,268.4701726,248.000352313375,659.48438365025,154.6301315,5709.5121294,4663.385239928,3191.7011864,0.8167747321027348,0.3585692279427352,0,0,0,0,0,0,0,0,0,0
2015-02-01,NO 15/9-F-11 H,7078,15/9-F-11,3420717,VOLVE,369304,MÆRSK INSPIRER,24.0,14.284879791666668,%,production,OP,3043.889085384625,223.132373,2385.095396863375,261.5957944275,247.08224666525,658.7936885212499,153.61932124999998,5896.571078800001,4882.7393206550005,3282.7776352,0.8280641843206064,0.3576264218171851,0,0,0,0,0,0,0,0,0,0
2015-02-02,NO 15/9-F-11 H,7078,15/9-F-11,3420717,VOLVE,369304,MÆRSK INSPIRER,24.0,14.347722708333333,%,production,OP,3045.21011264,223.116638375,2385.8984420531247,256.86906644,248.88338898175,659.311670586875,153.695004875,5670.0750207,4698.4442615,2779.5928352,0.8286388177135534,0.328958828039512,0,0,0,0,0,0,0,0,0,0
2015-02-03,NO 15/9-F-11 H,7078,15/9-F-11,3420717,VOLVE,369304,MÆRSK INSPIRER,24.0,14.350862291666669,%,production,OP,3046.886174789625,223.095190625,2387.3835828271253,253.45023372562505,249.21918821125,659.5025919625,154.52569325,5650.136323,4703.439878962,4730.1887124,0.8324471499591463,0.4556879188530848,0,0,0,0,0,0,0,0,0,0
2015-02-04,NO 15/9-F-11 H,7078,15/9-F-11,3420717,VOLVE,369304,MÆRSK INSPIRER,15.94181,17.670765833333334,%,production,OP,3058.2300698758604,223.09673340967555,2396.682927469172,246.38689439723373,251.1393915310939,661.5471424066892,153.91008982914863,3933.2068873,3519.4305124760003,3257.1781085,0.8947992346499621,0.4529907801046204,0,0,0,0,0,0,0,0,0,0
2015-02-05,NO 15/9-F-11 H,7078,15/9-F-11,3420717,VOLVE,369304,MÆRSK INSPIRER,5.39153,12.379305625,%,production,OP,3137.879999323161,221.1955499698156,2441.0577820222525,85.46310882410863,287.00812440755027,696.822217300909,122.55484837925783,1438.9827318,1336.020786342,559.9817843000001,0.9284481021330906,0.2801359302728045,0,0,0,0,0,0,0,0,0,0
2015-02-06,NO 15/9-F-11 H,7078,15/9-F-11,3420717,VOLVE,369304,MÆRSK INSPIRER,24.0,14.744566666666667,%,production,OP,3044.90707386875,222.502613375,2427.540963969,210.2236490765,207.42841026475,617.36610989975,153.146468,4421.4848376,3767.46754569,2715.8141618,0.8520819779029247,0.3805100727920052,0,0,0,0,0,0,0,0,0,0
2015-02-07,NO 15/9-F-11 H,7078,15/9-F-11,3420717,VOLVE,369304,MÆRSK INSPIRER,24.0,13.405790208333332,%,production,OP,3041.9212672115,222.78208025,2407.722222286,227.163504302875,224.15920530062505,634.1990449255,153.0043595,4987.6306357,4331.662608977001,2653.670839,0.8684810334534854,0.347279955880053,0,0,0,0,0,0,0,0,0,0
2015-02-08,NO 15/9-F-11 H,7078,15/9-F-11,3420717,VOLVE,369304,MÆRSK INSPIRER,17.10847,14.885041041666666,%,production,OP,3058.053111669905,222.8417919271332,2419.201036399482,228.06296420904573,230.10582821257512,638.8520752704231,152.35274766071774,3924.5269495,3538.000394324,2075.4486057000004,0.9015100265204586,0.345909510231466,0,0,0,0,0,0,0,0,0,0
2015-02-09,NO 15/9-F-11 H,7078,15/9-F-11,3420717,VOLVE,369304,MÆRSK INSPIRER,17.72486,14.922793541666667,%,production,OP,3101.002477015225,222.24831373240747,2461.0206118223878,176.8731445178497,228.02985797360077,639.9818651928375,146.59522818831402,4680.8137039,4292.988068419,2169.4183671,0.9171456802141328,0.3166926820310348,0,0,0,0,0,0,0,0,0,0
2015-02-10,NO 15/9-F-11 H,7078,15/9-F-11,3420717,VOLVE,369304,MÆRSK INSPIRER,24.0,15.0494625,%,production,OP,3039.668213681625,222.839471,2405.63311306375,230.11985615962504,223.404222078125,634.0351006178751,154.84822325,5445.4030075,4700.130185278001,2949.6692976,0.8631372515137027,0.3513572236665642,0,0,0,0,0,0,0,0,0,0
2015-02-11,NO 15/9-F-11 H,7078,15/9-F-11,3420717,VOLVE,369304,MÆRSK INSPIRER,24.0,14.976314791666669,%,production,OP,3039.07611115475,222.92780675,2398.0052896758752,232.616854540625,229.90439616737495,641.070821478875,151.1700245,5634.6633904,4839.900117525999,2891.6772494,0.8589510645430798,0.3391463432626624,0,0,0,0,0,0,0,0,0,0
2015-02-12,NO 15/9-F-11 H,7078,15/9-F-11,3420717,VOLVE,369304,MÆRSK INSPIRER,24.0,14.972783541666669,%,production,OP,3043.2483921061253,222.955727375,2398.07005820775,232.71213544175,232.668627063375,645.178333898375,153.407588,5913.679362000001,5065.235802139,3334.1024848,0.8565286502827814,0.3605299670811002,0,0,0,0,0,0,0,0,0,0
2015-02-13,NO 15/9-F-11 H,7078,15/9-F-11,3420717,VOLVE,369304,MÆRSK INSPIRER,24.0,14.890478333333334,%,production,OP,3022.1963973626234,221.3733046016819,2378.463430463896,229.2644554023752,234.48656710319435,643.7329668987271,152.44321571886323,6052.055182,5176.570691094,3367.8158664,0.8553409602890167,0.3575225020699233,0,0,0,0,0,0,0,0,0,0
2015-02-14,NO 15/9-F-11 H,7078,15/9-F-11,3420717,VOLVE,369304,MÆRSK INSPIRER,24.0,15.243219375,%,production,OP,3044.560599238125,223.007016875,2395.4270730365,229.20964903925,238.2098431345,649.133526201625,152.152326125,6070.924612000001,5183.527686994001,3454.1749577,0.8538283734817033,0.3626392493248017,0,0,0,0,0,0,0,0,0,0
2015-02-15,NO 15/9-F-11 H,7078,15/9-F-11,3420717,VOLVE,369304,MÆRSK INSPIRER,24.0,15.059147083333333,%,production,OP,3023.6740499022844,221.4866281900046,2376.4773454968267,220.50873132125776,239.5563618427643,647.1967044054576,147.67516029788288,6097.5934064,5192.253596217,3455.2442254,0.8515250608161637,0.3616982051383347,0,0,0,0,0,0,0,0,0,0
2015-02-16,NO 15/9-F-11 H,7078,15/9-F-11,3420717,VOLVE,369304,MÆRSK INSPIRER,24.0,15.523332708333331,%,production,OP,3050.84264524025,223.027356875,2397.501850691375,220.825503849,241.949741634875,653.340794548875,151.29648687499997,6145.0814719,5241.128434723,3275.104067,0.8528981200150784,0.347668743197858,0,0,0,0,0,0,0,0,0,0
2015-02-17,NO 15/9-F-11 H,7078,15/9-F-11,3420717,VOLVE,369304,MÆRSK INSPIRER,24.0,15.41369930232558,%,production,OP,3058.806141160186,223.0273646976744,2402.095306675814,220.4964615351628,245.20607964865115,656.7108344843721,151.90030106976744,6254.5241659,5392.6832355080005,3455.8732064000005,0.8622051961856982,0.3558941075118374,0,0,0,0,0,0,0,0,0,0
2015-02-18,NO 15/9-F-11 H,7078,15/9-F-11,3420717,VOLVE,369304,MÆRSK INSPIRER,24.0,15.628356041666668,%,production,OP,3054.471393265,223.06750475,2399.17180311525,218.40972372637495,243.933057722625,655.29959014975,148.91204412500002,6302.1380276,5289.36866807,3191.449594,0.8392974963267053,0.3361689722796417,0,0,0,0,0,0,0,0,0,0
2015-02-19,NO 15/9-F-11 H,7078,15/9-F-11,3420717,VOLVE,369304,MÆRSK INSPIRER,24.0,15.922477708333334,%,production,OP,3046.8857970865,223.131474875,2393.155333777625,215.697519169625,242.01255215375,653.7304633088751,150.00677112500003,6481.8378993,5413.090541197001,3308.2513657000004,0.8351166174306184,0.3379184066816575,0,0,0,0,0,0,0,0,0,0
2015-02-20,NO 15/9-F-11 H,7078,15/9-F-11,3420717,VOLVE,369304,MÆRSK INSPIRER,24.0,15.973423541666667,%,production,OP,3052.800794213375,223.157254625,2395.21155261175,214.779283591625,242.251396501875,657.5892416016251,154.77520099999998,6348.3681311,5328.131848525,3762.6901382,0.8392915688715392,0.3721361343178666,0,0,0,0,0,0,0,0,0,0
2015-02-21,NO 15/9-F-11 H,7078,15/9-F-11,3420717,VOLVE,369304,MÆRSK INSPIRER,24.0,16.136269791666667,%,production,OP,3049.948600792,223.201430375,2392.040910131625,212.845875684,245.93535565862496,657.9076906603749,157.361939,6265.3426391,5252.540026881001,3630.9186187,0.8383484079707912,0.3668980157368213,0,0,0,0,0,0,0,0,0,0
2015-02-22,NO 15/9-F-11 H,7078,15/9-F-11,3420717,VOLVE,369304,MÆRSK INSPIRER,24.0,16.345589791666665,%,production,OP,3045.89480682175,223.226921375,2389.2609456342498,206.421668268875,244.579174818,656.6338611875,155.200098875,6586.5632358,5517.813812018,3601.7339003,0.8377379240856571,0.3535167704854273,0,0,0,0,0,0,0,0,0,0
2015-02-23,NO 15/9-F-11 H,7078,15/9-F-11,3420717,VOLVE,369304,MÆRSK INSPIRER,24.0,16.217260833333334,%,production,OP,3050.026779295625,223.23331475,2391.0613869337503,200.954962448625,246.587071825125,658.965392361875,151.273394375,6530.5839268,5515.429716621,3363.9161842000003,0.8445538375193307,0.3399783866251351,0,0,0,0,0,0,0,0,0,0
2015-02-24,NO 15/9-F-11 H,7078,15/9-F-11,3420717,VOLVE,369304,MÆRSK INSPIRER,24.0,16.195813125,%,production,OP,3054.0022467026247,223.240501625,2392.758630674625,198.696303804375,246.09374017625,661.243616028,155.23070224999998,6381.2009393,5322.133999877,3441.5324396,0.8340332878564428,0.3503640287124845,0,0,0,0,0,0,0,0,0,0
2015-02-25,NO 15/9-F-11 H,7078,15/9-F-11,3420717,VOLVE,369304,MÆRSK INSPIRER,24.0,16.15778375,%,production,OP,3055.993425058625,223.248730625,2393.727578185,197.881256720125,249.54750287562496,662.265846873625,157.92906687500002,6428.2487181,5287.117709091999,3465.68531,0.8224818206248116,0.350283850706607,0,0,0,0,0,0,0,0,0,0
2015-02-26,NO 15/9-F-11 H,7078,15/9-F-11,3420717,VOLVE,369304,MÆRSK INSPIRER,24.0,16.608747916666665,%,production,OP,3059.545943527875,223.0909295,2404.2000409317498,192.4965245645,242.95983159125,655.3459025961249,155.06851024999995,6581.845878300001,5425.070700025,3236.6733279000005,0.8242476047503897,0.3296498443325518,0,0,0,0,0,0,0,0,0,0
2015-02-27,NO 15/9-F-11 H,7078,15/9-F-11,3420717,VOLVE,369304,MÆRSK INSPIRER,24.0,16.694516458333332,%,production,OP,3065.5280932487503,223.011560375,2410.634026325374,188.6953928335,243.07635451612495,654.894066923375,153.30840725,6646.064838400001,5548.576800335,3506.6948712,0.834866486447157,0.3453932695643554,0,0,0,0,0,0,0,0,0,0
2015-02-28,NO 15/9-F-11 H,7078,15/9-F-11,3420717,VOLVE,369304,MÆRSK INSPIRER,24.0,16.83836270833333,%,production,OP,3058.767101554375,223.0214195,2402.76298025475,185.46277078137496,244.19365474912505,656.004121299625,152.073993875,6659.650828,5708.894590778,3523.8031544,0.8572363233783044,0.3460322166221958,0,0,0,0,0,0,0,0,0,0
2015-03-01,NO 15/9-F-11 H,7078,15/9-F-11,3420717,VOLVE,369304,MÆRSK INSPIRER,24.0,16.783505208333334,%,production,OP,3060.41435553125,223.03029425000005,2401.989713179375,181.646195525,244.43925847237503,658.4246423518749,153.4947125,6643.5489144,5662.133337067,3479.2712996,0.8522754043090183,0.3437057288430471,0,0,0,0,0,0,0,0,0,0
2015-03-02,NO 15/9-F-11 H,7078,15/9-F-11,3420717,VOLVE,369304,MÆRSK INSPIRER,24.0,16.797683125,%,production,OP,3059.93101639625,223.036779125,2402.6927758195,181.19886811675,246.20681844862497,657.2382405767501,158.528537,6613.672316900001,5627.137175661001,3464.6160423,0.8508339854216704,0.3437702830895202,0,0,0,0,0,0,0,0,0,0
2015-03-03,NO 15/9-F-11 H,7078,15/9-F-11,3420717,VOLVE,369304,MÆRSK INSPIRER,24.0,16.777073958333332,%,production,OP,3058.91907418375,223.04498975,2400.6968565338752,178.168501555625,247.497170167,658.222217649875,156.79850337500002,6623.4215224,5607.557646540001,3424.8644431,0.8466255133507039,0.3408406622640919,0,0,0,0,0,0,0,0,0,0
2015-03-04,NO 15/9-F-11 H,7078,15/9-F-11,3420717,VOLVE,369304,MÆRSK INSPIRER,24.0,15.961383333333334,%,production,OP,3027.384146752634,221.1844878955651,2378.786186909727,173.85597819958738,241.29161310078808,648.5979598429076,157.6847847618189,6609.0178575,5602.283042948,3327.4352862,0.8476725534324977,0.3348715319318635,0,0,0,0,0,0,0,0,0,0
2015-03-05,NO 15/9-F-11 H,7078,15/9-F-11,3420717,VOLVE,369304,MÆRSK INSPIRER,24.0,17.2710025,%,production,OP,3037.543814901,223.094723375,2389.534961697375,171.39394880825,234.93857752025,648.008853203625,155.17996399999998,6777.6476636,5759.980129504001,3533.1120732000004,0.849849448568789,0.3426626323751891,0,0,0,0,0,0,0,0,0,0
2015-03-06,NO 15/9-F-11 H,7078,15/9-F-11,3420717,VOLVE,369304,MÆRSK INSPIRER,24.0,20.364955625,%,production,OP,2922.6103463598747,223.29055925,2329.75580651975,166.782909777125,177.33888721724998,592.854539840125,156.7474745,7631.489371099999,6451.386511425,4100.4529352,0.8453640171282975,0.349511856446658,0,0,0,0,0,0,0,0,0,0
2015-03-07,NO 15/9-F-11 H,7078,15/9-F-11,3420717,VOLVE,369304,MÆRSK INSPIRER,24.0,20.649243125,%,production,OP,2897.572644912,223.3630775,2314.38128297325,156.131497333,170.59723392287498,583.19136193875,151.15348325,7665.014058400001,6525.3090072,4155.5516708,0.8513107683147677,0.3515526892705872,0,0,0,0,0,0,0,0,0,0
2015-03-08,NO 15/9-F-11 H,7078,15/9-F-11,3420717,VOLVE,369304,MÆRSK INSPIRER,24.0,20.207240425531914,%,production,OP,2908.072495024851,223.3582761276596,2319.436244169829,150.06914912004257,176.247335472383,588.6362508550213,157.76054753191488,7614.506884099999,6476.029462232,4134.0405206,0.8504857321430391,0.3518767366037251,0,0,0,0,0,0,0,0,0,0
2015-03-09,NO 15/9-F-11 H,7078,15/9-F-11,3420717,VOLVE,369304,MÆRSK INSPIRER,24.0,20.028681041666665,%,production,OP,2903.9279354255746,223.371061106383,2316.990548609617,159.7611622602128,174.25621677740426,586.9373868159574,157.0917065957447,7558.213084600001,6373.820951198,4057.2419405,0.8432973349461103,0.3492968576549647,0,0,0,0,0,0,0,0,0,0
2015-03-10,NO 15/9-F-11 H,7078,15/9-F-11,3420717,VOLVE,369304,MÆRSK INSPIRER,24.0,20.396651666666667,%,production,OP,2904.04347297925,223.3793285,2317.023990155,160.760502946375,174.458761894375,587.01948282425,157.186688375,7635.1374609,6365.730000281001,4107.9378091,0.83374137438655,0.3498178896625602,0,0,0,0,0,0,0,0,0,0
2015-03-11,NO 15/9-F-11 H,7078,15/9-F-11,3420717,VOLVE,369304,MÆRSK INSPIRER,24.0,20.601058958333333,%,production,OP,2901.26559642475,223.39137125,2314.997141515875,153.961532447375,174.065165021875,586.268454908875,158.236899875,7690.8022794,6398.057429808001,4159.7658435,0.831910273775384,0.351018263458752,0,0,0,0,0,0,0,0,0,0
2015-03-12,NO 15/9-F-11 H,7078,15/9-F-11,3420717,VOLVE,369304,MÆRSK INSPIRER,24.0,20.55959625,%,production,OP,2902.9574465650003,223.389504875,2316.5324201135,146.16519605487505,174.25759116675,586.4250264515,158.646434,7659.5419237,6380.581597366,4274.7435703,0.8330239146055632,0.3581901549488774,0,0,0,0,0,0,0,0,0,0
2015-03-13,NO 15/9-F-11 H,7078,15/9-F-11,3420717,VOLVE,369304,MÆRSK INSPIRER,24.0,20.870114166666667,%,production,OP,2902.8017120125,223.309241,2317.840774673625,136.255305493875,173.01369693275,584.960937338875,157.80781362500002,7664.762465999999,6460.087700358001,4197.0015187,0.8428294717565226,0.3538260855732367,0,0,0,0,0,0,0,0,0,0
2015-03-14,NO 15/9-F-11 H,7078,15/9-F-11,3420717,VOLVE,369304,MÆRSK INSPIRER,24.0,21.269667916666663,%,production,OP,2901.607336169,223.045141625,2318.73354701775,126.87824526375,170.7352406015,582.87378915125,160.32711875,7845.8460959,6567.713839519,4273.4227102,0.837094401195441,0.3526139058858942,0,0,0,0,0,0,0,0,0,0
2015-03-15,NO 15/9-F-11 H,7078,15/9-F-11,3420717,VOLVE,369304,MÆRSK INSPIRER,24.0,21.92726791666667,%,production,OP,3058.27162455175,222.023193125,2388.65976312425,125.885221445375,255.48996355212495,669.6118614275,163.44001550000002,10270.1904623,8511.237165199,5173.4316231,0.8287321638719557,0.334988229736004,0,0,0,0,0,0,0,0,0,0
2015-03-16,NO 15/9-F-11 H,7078,15/9-F-11,3420717,VOLVE,369304,MÆRSK INSPIRER,24.0,22.465246041666667,%,production,OP,3181.8394892656247,221.44456025,2427.9174403142497,152.128013419,336.43682259125,753.922048951375,164.39828300000002,12592.7028048,10388.847722211,4788.4952511,0.824989510452915,0.2754985724056322,0,0,0,0,0,0,0,0,0,0
2015-03-17,NO 15/9-F-11 H,7078,15/9-F-11,3420717,VOLVE,369304,MÆRSK INSPIRER,24.0,22.46576125,%,production,OP,3185.444886172375,221.479851875,2425.7255142581253,163.174461029125,342.29935222162504,759.71937191425,164.414380625,12738.3748044,10417.702657287002,4681.8200735,0.817820390532754,0.2687581916456948,0,0,0,0,0,0,0,0,0,0
2015-03-18,NO 15/9-F-11 H,7078,15/9-F-11,3420717,VOLVE,369304,MÆRSK INSPIRER,24.0,22.26938395833333,%,production,OP,3182.945715243,221.591405375,2420.243519015375,164.851795282875,345.430813290375,762.702196227625,167.040634625,12716.108877,10379.23400143,4634.5836004,0.8162272045502241,0.2671123130351563,0,0,0,0,0,0,0,0,0,0
2015-03-19,NO 15/9-F-11 H,7078,15/9-F-11,3420717,VOLVE,369304,MÆRSK INSPIRER,24.0,21.963159375,%,production,OP,3177.922396632,221.717221625,2414.6785711015,163.209762674,346.620064457875,763.2438255305,166.0647545,12581.3182487,10339.471414965004,4587.913210199999,0.8218114517557298,0.2672171565269316,0,0,0,0,0,0,0,0,0,0
2015-03-20,NO 15/9-F-11 H,7078,15/9-F-11,3420717,VOLVE,369304,MÆRSK INSPIRER,24.0,21.74763645833333,%,production,OP,3181.668852058625,221.772576125,2417.07325726,160.71299997975,347.989480016,764.595594798625,165.73247525,12804.9209942,10478.78614073,4924.2293509,0.81834055403203,0.2777476221392055,0,0,0,0,0,0,0,0,0,0
2015-03-21,NO 15/9-F-11 H,7078,15/9-F-11,3420717,VOLVE,369304,MÆRSK INSPIRER,24.0,21.83395708333333,%,production,OP,3180.4015613822503,221.80279325,2419.8200322283747,158.611094175625,344.1546148635,760.5815291538751,166.60562825000002,12986.004624100002,10600.328390573002,4645.7794622,0.8162886659458325,0.2634889038716052,0,0,0,0,0,0,0,0,0,0
2015-03-22,NO 15/9-F-11 H,7078,15/9-F-11,3420717,VOLVE,369304,MÆRSK INSPIRER,24.0,12.000692291666669,%,production,OP,3659.02752944775,221.518235,2560.695278460625,125.16341264375,684.06718851925,1098.332250987125,132.43431125,7203.0904120000005,6130.820147351,2705.3101791,0.851137469708467,0.273031974658956,0,0,0,0,0,0,0,0,0,0
2015-03-23,NO 15/9-F-11 H,7078,15/9-F-11,3420717,VOLVE,369304,MÆRSK INSPIRER,23.83333,4.404733958333333,%,production,OP,4163.3472370657655,221.42138875476067,2729.198268783411,136.73134219647375,1023.1333517520592,1434.1489682823542,97.22498940412774,2100.0417628,1837.618778144,814.3417007,0.8750391590755273,0.279421603539441,0,0,0,0,0,0,0,0,0,0
2015-03-24,NO 15/9-F-11 H,7078,15/9-F-11,3420717,VOLVE,369304,MÆRSK INSPIRER,24.0,4.483350833333334,%,production,OP,4238.707578817375,221.40815300000003,2774.0031122611254,173.72736849825,1053.640392748375,1464.70446655625,103.1350145,2242.317265,1939.290505738,958.6928402,0.864859998184958,0.2994969739841232,0,0,0,0,0,0,0,0,0,0
2015-03-25,NO 15/9-F-11 H,7078,15/9-F-11,3420717,VOLVE,369304,MÆRSK INSPIRER,24.0,7.321140625,%,production,OP,4138.986151981625,221.091486125,2763.32330258525,210.32755067375,961.3344627333752,1375.6628493963751,117.380140625,5036.8169499,4271.305195766,1924.8705543,0.848016761032144,0.2764948230064509,0,0,0,0,0,0,0,0,0,0
2015-03-26,NO 15/9-F-11 H,7078,15/9-F-11,3420717,VOLVE,369304,MÆRSK INSPIRER,24.0,25.639355416666668,%,production,OP,3266.329128076625,221.62556225,2529.10606551475,345.690425267125,282.756874887,737.223062561875,166.66659725,12544.8373507,10349.697845791,4855.6075238,0.8250165033198689,0.2790507690361293,0,0,0,0,0,0,0,0,0,0
2015-03-27,NO 15/9-F-11 H,7078,15/9-F-11,3420717,VOLVE,369304,MÆRSK INSPIRER,24.0,24.68594625,%,production,OP,3184.441265515125,221.82098,2449.8191754505,335.43066981225,278.85043952475,734.622090064625,167.954637125,12294.5029127,9938.049926359,4590.6178285000005,0.8083327969358707,0.2718735565389716,0,0,0,0,0,0,0,0,0,0
2015-03-28,NO 15/9-F-11 H,7078,15/9-F-11,3420717,VOLVE,369304,MÆRSK INSPIRER,24.0,23.089696875,%,production,OP,3181.889950403125,221.840225375,2445.40563889425,323.27664858,306.45860714387504,736.4843115088751,164.262754625,12664.7840274,9522.0438198,4691.6321771,0.7518520488939452,0.270311112721738,0,0,0,0,0,0,0,0,0,0
2015-03-29,NO 15/9-F-11 H,7078,15/9-F-11,3420717,VOLVE,369304,MÆRSK INSPIRER,24.0,21.52402239130435,%,production,OP,3194.536605014182,221.8335448181818,2450.009265329864,320.44859547013635,327.4026038997273,744.5273396843181,167.95657236363635,11543.688293,9317.265528351,4250.5906999,0.8071307273604154,0.2691221740359764,0,0,0,0,0,0,0,0,0,0
2015-03-30,NO 15/9-F-11 H,7078,15/9-F-11,3420717,VOLVE,369304,MÆRSK INSPIRER,24.0,21.993736041666665,%,production,OP,3192.1748056611063,221.85821434042555,2447.921828708553,311.8076638088936,323.6445235803829,744.2529769525532,166.9559065106383,12124.9296351,9830.695710388,4579.3590686,0.8107837328745802,0.2741427156719143,0,0,0,0,0,0,0,0,0,0
2015-03-31,NO 15/9-F-11 H,7078,15/9-F-11,3420717,VOLVE,369304,MÆRSK INSPIRER,24.0,21.947232916666668,%,production,OP,3185.9557130300004,221.89027325,2444.83628013875,305.625067714625,323.731055655625,741.1194328912501,166.45431575,12063.1637009,9625.120013013,4445.7006061,0.797893508839219,0.2692917285785042,0,0,0,0,0,0,0,0,0,0
2015-04-01,NO 15/9-F-11 H,7078,15/9-F-11,3420717,VOLVE,369304,MÆRSK INSPIRER,24.0,21.566905,%,production,OP,3193.77831943025,221.896144625,2447.77813423875,299.478085328375,328.3411458965,746.0001851915,166.109876,11391.0346043,9364.107299578,4324.6846617,0.8220594199620062,0.2751821019771072,0,0,0,0,0,0,0,0,0,0
2015-04-02,NO 15/9-F-11 H,7078,15/9-F-11,3420717,VOLVE,369304,MÆRSK INSPIRER,24.0,21.32053375,%,production,OP,3197.920356937,221.899915625,2450.296716087125,293.823017448875,321.89300418975,747.6236408498751,166.332386375,11480.9788873,9394.911606094,4276.2531247,0.8183023153614924,0.2713835222736707,0,0,0,0,0,0,0,0,0,0
2015-04-03,NO 15/9-F-11 H,7078,15/9-F-11,3420717,VOLVE,369304,MÆRSK INSPIRER,24.0,21.498872708333334,%,production,OP,3190.6536268015,221.931003875,2446.867673301875,291.1863021495,317.735085022,743.7859534996251,167.13065375000002,11487.1429011,9257.914230943,4284.7443682,0.8059370646513391,0.271669730770918,0,0,0,0,0,0,0,0,0,0
2015-04-04,NO 15/9-F-11 H,7078,15/9-F-11,3420717,VOLVE,369304,MÆRSK INSPIRER,24.0,21.465380416666665,%,production,OP,3187.201538082375,221.942723375,2445.900789561375,285.397663336875,315.5898400505,741.3007485210001,166.81065800000002,11437.8307907,9339.244691337,4268.7682508,0.8165223688158298,0.2717818312876679,0,0,0,0,0,0,0,0,0,0
2015-04-05,NO 15/9-F-11 H,7078,15/9-F-11,3420717,VOLVE,369304,MÆRSK INSPIRER,24.0,21.47562020833333,%,production,OP,3186.2095899625,221.957201,2445.112583572,278.940517187625,315.8259619145,741.0970063905,166.584128375,11385.3737753,9322.121299601002,4239.8980229,0.8187804356344346,0.2713487533310254,0,0,0,0,0,0,0,0,0,0
2015-04-06,NO 15/9-F-11 H,7078,15/9-F-11,3420717,VOLVE,369304,MÆRSK INSPIRER,24.0,21.4556625,%,production,OP,3185.812318794,221.970236,2446.119289308375,273.946466036375,314.3045132945,739.693029485625,166.113864125,11371.1588047,9283.778010929002,4293.3614079,0.8164320075357466,0.2740818965171093,0,0,0,0,0,0,0,0,0,0
2015-04-07,NO 15/9-F-11 H,7078,15/9-F-11,3420717,VOLVE,369304,MÆRSK INSPIRER,24.0,21.383846875,%,production,OP,3184.18911997375,221.787237875,2444.6069992337502,268.619310945125,314.627268168875,739.58212074,167.12952049999998,11262.533786,9187.076121066,5058.2652020000005,0.815720183009447,0.3099275474024973,0,0,0,0,0,0,0,0,0,0
2015-04-08,NO 15/9-F-11 H,7078,15/9-F-11,3420717,VOLVE,369304,MÆRSK INSPIRER,24.0,20.96206,%,production,OP,3191.0981259687496,221.973030875,2446.4243737197503,264.0280816875,319.696201230875,744.673752249,166.600976375,11095.2877381,9031.581612349002,4976.8750606,0.8140015676507012,0.3096580791853698,0,0,0,0,0,0,0,0,0,0
2015-04-09,NO 15/9-F-11 H,7078,15/9-F-11,3420717,VOLVE,369304,MÆRSK INSPIRER,24.0,20.970554166666663,%,production,OP,3190.006711997125,221.975936375,2445.794271236875,258.364069798,318.657922534875,744.21244076025,163.47264687499998,11062.9581147,9013.758989553,4964.1696444,0.8147693316831681,0.3097354509813155,0,0,0,0,0,0,0,0,0,0
2015-04-10,NO 15/9-F-11 H,7078,15/9-F-11,3420717,VOLVE,369304,MÆRSK INSPIRER,24.0,21.015839375,%,production,OP,3185.4999703961253,221.98508375,2443.866027286375,254.08835560125,315.83778855475,741.6339431097499,164.10243125000002,10970.6237039,9014.136856843,4994.6123248,0.8216612929343772,0.3128429993657097,0,0,0,0,0,0,0,0,0,0
2015-04-11,NO 15/9-F-11 H,7078,15/9-F-11,3420717,VOLVE,369304,MÆRSK INSPIRER,24.0,21.003442291666666,%,production,OP,3185.940024753,221.986725875,2444.155619826375,249.539954856375,315.600352283875,741.784404926625,164.693646125,11007.5448886,8973.62771762,4970.6481487,0.8152251758622004,0.3110895041195435,0,0,0,0,0,0,0,0,0,0
2015-04-12,NO 15/9-F-11 H,7078,15/9-F-11,3420717,VOLVE,369304,MÆRSK INSPIRER,24.0,20.704216041666665,%,production,OP,3191.5225917622497,221.988640625,2446.4064131807504,246.58782118812505,319.55000292687504,745.1161785815001,162.504430625,10874.9556938,8932.765431397,4896.9315755,0.8214070643515102,0.3104848197229943,0,0,0,0,0,0,0,0,0,0
2015-04-13,NO 15/9-F-11 H,7078,15/9-F-11,3420717,VOLVE,369304,MÆRSK INSPIRER,24.0,20.493725625,%,production,OP,3204.0328021495,221.9698955,2452.7408209225,245.2043973765,326.225467525625,751.291981227,165.42449674999995,10747.8386337,9049.012948269,4915.3607188000005,0.8419379241418543,0.3138158819395643,0,0,0,0,0,0,0,0,0,0
2015-04-14,NO 15/9-F-11 H,7078,15/9-F-11,3420717,VOLVE,369304,MÆRSK INSPIRER,24.0,20.476939791666663,%,production,OP,3204.193676486125,221.9963885,2453.115973796,243.47579218975,325.54708249687496,751.0777026901251,163.97311362500002,10783.6276526,9081.089643426,5088.8965767,0.8421182496259959,0.320610414776127,0,0,0,0,0,0,0,0,0,0
2015-04-15,NO 15/9-F-11 H,7078,15/9-F-11,3420717,VOLVE,369304,MÆRSK INSPIRER,24.0,20.785810425531917,%,production,OP,3203.5649514785105,222.02415557446807,2453.5254150413616,243.6933907210213,324.12872214268083,750.039536437149,167.3806054042553,11128.4350368,9261.071011976002,5323.8838783,0.8321988654605148,0.3235947410072217,0,0,0,0,0,0,0,0,0,0
2015-04-16,NO 15/9-F-11 H,7078,15/9-F-11,3420717,VOLVE,369304,MÆRSK INSPIRER,24.0,20.94945875,%,production,OP,3204.929133967875,222.055108625,2454.747158771125,241.59427766987503,323.80438747275,750.1819751967499,167.5156145,11124.786947,9271.57077858,5401.3114394,0.8334155811478481,0.3268352464756569,0,0,0,0,0,0,0,0,0,0
2015-04-17,NO 15/9-F-11 H,7078,15/9-F-11,3420717,VOLVE,369304,MÆRSK INSPIRER,24.0,20.523994583333334,%,production,OP,3210.4928088132765,222.0821925531915,2457.2637818350213,242.08121311723403,326.8045035173617,753.2290269782553,168.09243991489362,11201.0823423,9354.24955422,5428.4205205,0.835120148960464,0.3264331210191082,0,0,0,0,0,0,0,0,0,0
2015-04-18,NO 15/9-F-11 H,7078,15/9-F-11,3420717,VOLVE,369304,MÆRSK INSPIRER,24.0,20.981037872340423,%,production,OP,3217.705841715191,222.1101737446808,2459.9455282831914,240.09278534004252,331.73043528319147,757.760313432,167.86839774468086,11340.0242452,9480.568117238,5395.5877123,0.8360271470540225,0.3224015785023019,0,0,0,0,0,0,0,0,0,0
2015-04-19,NO 15/9-F-11 H,7078,15/9-F-11,3420717,VOLVE,369304,MÆRSK INSPIRER,24.0,20.986617872340425,%,production,OP,3222.7619805740424,222.1528808510638,2462.3512674173617,240.1681588113192,334.8564022662128,760.4107131566809,168.16890468085109,11448.6492639,9284.731507829,5449.1139954,0.8109892524269839,0.3224754609105426,0,0,0,0,0,0,0,0,0,0
2015-04-20,NO 15/9-F-11 H,7078,15/9-F-11,3420717,VOLVE,369304,MÆRSK INSPIRER,24.0,21.23229375,%,production,OP,3218.219401021875,222.21311375,2460.257013396375,240.1302429465,336.59949781637505,757.9623876255,168.36786012500002,11417.7662968,9307.537034795,5424.7724307,0.815180201875701,0.3220875735225469,0,0,0,0,0,0,0,0,0,0
2015-04-21,NO 15/9-F-11 H,7078,15/9-F-11,3420717,VOLVE,369304,MÆRSK INSPIRER,24.0,21.25808875,%,production,OP,3216.780074126125,222.255053375,2460.2140277591247,238.14417113675003,340.496164265,756.5660463669999,168.648263,11525.1333535,9524.020383559,5159.9714297,0.8263696472255314,0.309256159715311,0,0,0,0,0,0,0,0,0,0
2015-04-22,NO 15/9-F-11 H,7078,15/9-F-11,3420717,VOLVE,369304,MÆRSK INSPIRER,24.0,21.25069333333333,%,production,OP,3218.2657467061254,222.259749875,2461.813041492875,236.21661913837497,340.21386290612503,756.45270521325,168.837156125,11526.1397231,9467.680723767,5272.181640100001,0.8214095049353288,0.3138516954229571,0,0,0,0,0,0,0,0,0,0
2015-04-23,NO 15/9-F-11 H,7078,15/9-F-11,3420717,VOLVE,369304,MÆRSK INSPIRER,24.0,21.302607291666668,%,production,OP,3215.855245362375,222.274841375,2459.976594509875,234.88065901225,339.800401870875,755.8786508525,168.763470875,12067.5036698,9801.335421955,5227.461091,0.8122090276619275,0.3022533531174536,0,0,0,0,0,0,0,0,0,0
2015-04-24,NO 15/9-F-11 H,7078,15/9-F-11,3420717,VOLVE,369304,MÆRSK INSPIRER,24.0,21.29272625,%,production,OP,3213.386178882875,222.3036605,2457.221960294875,234.342160112875,340.49494957175,756.164218588,168.64762850000002,12006.0522261,9756.811354489,5212.8058337,0.8126577471717666,0.3027381848201696,0,0,0,0,0,0,0,0,0,0
2015-04-25,NO 15/9-F-11 H,7078,15/9-F-11,3420717,VOLVE,369304,MÆRSK INSPIRER,24.0,21.3999925,%,production,OP,3208.9743435015,222.327605,2454.6989064415,231.41596709525,338.538897606375,754.2754370600001,168.103137875,11953.9097012,9712.955441147002,5300.485785100001,0.8125337804895716,0.3071962613415572,0,0,0,0,0,0,0,0,0,0
2015-04-26,NO 15/9-F-11 H,7078,15/9-F-11,3420717,VOLVE,369304,MÆRSK INSPIRER,24.0,21.416822291666666,%,production,OP,3207.105323401,222.34478525,2453.491238469625,229.587488137375,337.7981794755,753.6140849313749,168.043335875,11941.7074698,9692.502226348002,5215.007267200001,0.8116512861213416,0.3039630457894929,0,0,0,0,0,0,0,0,0,0
2015-04-27,NO 15/9-F-11 H,7078,15/9-F-11,3420717,VOLVE,369304,MÆRSK INSPIRER,24.0,21.511025416666666,%,production,OP,3202.809560722375,222.362326625,2451.0898261738757,228.6033478965,336.09570530175,751.7197345485,167.532870875,12054.2950688,9755.764979928,5258.4698543,0.809318580990998,0.3037336830747209,0,0,0,0,0,0,0,0,0,0
2015-04-28,NO 15/9-F-11 H,7078,15/9-F-11,3420717,VOLVE,369304,MÆRSK INSPIRER,24.0,21.554643125,%,production,OP,3199.47365952775,222.37710425,2449.605585844125,226.56216769,334.2886224705,749.868073683625,166.527383375,12034.7966578,9724.522064838,5220.7938924,0.8080337658663584,0.3025566628514773,0,0,0,0,0,0,0,0,0,0
2015-04-29,NO 15/9-F-11 H,7078,15/9-F-11,3420717,VOLVE,369304,MÆRSK INSPIRER,24.0,21.458832708333333,%,production,OP,3199.684402763375,222.379668125,2450.035381784125,226.013794120125,333.74624682625,749.64902097925,167.531153,11995.0450586,9659.717118309,5087.6386147,0.8053089480796358,0.2978243180052505,0,0,0,0,0,0,0,0,0,0
2015-04-30,NO 15/9-F-11 H,7078,15/9-F-11,3420717,VOLVE,369304,MÆRSK INSPIRER,24.0,21.418506458333333,%,production,OP,3198.021874472125,222.38627675,2449.2368660102497,224.331903255875,330.69714921175,748.785008461875,168.21528575,12021.1477701,9680.09829112,5015.9347807,0.8052557439812151,0.2944127767030435,0,0,0,0,0,0,0,0,0,0
2015-05-01,NO 15/9-F-11 H,7078,15/9-F-11,3420717,VOLVE,369304,MÆRSK INSPIRER,24.0,21.367882916666662,%,production,OP,3197.553649505375,222.3900215,2449.3651883807497,222.69012144187505,331.8254904625,748.188461124625,168.279099125,11986.3022227,9601.171349208002,5000.7763386,0.8010119527125747,0.2943870731246736,0,0,0,0,0,0,0,0,0,0
2015-05-02,NO 15/9-F-11 H,7078,15/9-F-11,3420717,VOLVE,369304,MÆRSK INSPIRER,24.0,21.39575895833333,%,production,OP,3197.749499151375,222.41061275,2452.156063966,222.74162504,329.5147208735,745.593435185375,168.238672625,11906.0442471,9524.200135382,4987.7564319,0.799946643714334,0.2952418183848989,0,0,0,0,0,0,0,0,0,0
2015-05-03,NO 15/9-F-11 H,7078,15/9-F-11,3420717,VOLVE,369304,MÆRSK INSPIRER,24.0,21.46272708333333,%,production,OP,3196.995494935375,222.4227665,2455.198743649,220.909163580375,326.149673084125,741.796751286375,166.63239575,11787.2297362,9538.248323042,4987.81933,0.8092018681666051,0.2973356030325981,0,0,0,0,0,0,0,0,0,0
2015-05-04,NO 15/9-F-11 H,7078,15/9-F-11,3420717,VOLVE,369304,MÆRSK INSPIRER,24.0,21.614671458333333,%,production,OP,3192.34518686575,222.434823125,2456.6937167907504,219.74639091275,313.621157692625,735.651470075,165.029373125,11645.9606036,9506.282162896,5059.6489602,0.8162729109660062,0.3028712565606669,0,0,0,0,0,0,0,0,0,0
2015-05-05,NO 15/9-F-11 H,7078,15/9-F-11,3420717,VOLVE,369304,MÆRSK INSPIRER,24.0,21.673873333333333,%,production,OP,3189.902109382875,222.43701875,2458.9973251285,216.99215555225,313.002105292375,730.9047842543749,165.744375875,11665.5848108,9581.90929924,5060.4666355,0.8213826785922526,0.3025499862742222,0,0,0,0,0,0,0,0,0,0
2015-05-06,NO 15/9-F-11 H,7078,15/9-F-11,3420717,VOLVE,369304,MÆRSK INSPIRER,24.0,21.681657291666667,%,production,OP,3189.03059719225,222.450335375,2459.7271503012503,212.355070113625,313.03947372874995,729.303446891,164.922319625,11449.8443278,9391.386139593002,5062.5422728,0.8202195480327097,0.3065905853134546,0,0,0,0,0,0,0,0,0,0
2015-05-07,NO 15/9-F-11 H,7078,15/9-F-11,3420717,VOLVE,369304,MÆRSK INSPIRER,24.0,21.683586875,%,production,OP,3188.348090667,222.460187,2461.53605215075,208.32675448537495,310.3843537115,726.81203851625,167.763503,11478.4629633,9353.066864917,5044.5534162,0.8148361757860341,0.3053046308456575,0,0,0,0,0,0,0,0,0,0
2015-05-08,NO 15/9-F-11 H,7078,15/9-F-11,3420717,VOLVE,369304,MÆRSK INSPIRER,24.0,21.630719791666667,%,production,OP,3190.734947795125,222.48439175,2465.3321740275,205.13775261175,309.01018211562496,725.402773767625,167.6010185,11314.0473299,9474.324125131,5028.9546874,0.8373947756160517,0.3077130310622591,0,0,0,0,0,0,0,0,0,0
2015-05-09,NO 15/9-F-11 H,7078,15/9-F-11,3420717,VOLVE,369304,MÆRSK INSPIRER,24.0,21.7090675,%,production,OP,3194.128821887,222.516201125,2470.131635550375,199.29146421575,307.97460777400005,723.997186336625,167.61726274999998,11387.3236164,9301.643364512,5058.2023039000005,0.8168419268523986,0.3075731556663849,0,0,0,0,0,0,0,0,0,0
2015-05-10,NO 15/9-F-11 H,7078,15/9-F-11,3420717,VOLVE,369304,MÆRSK INSPIRER,24.0,21.64983125,%,production,OP,3195.6713372765,222.509757875,2469.797008711375,195.509145122,309.88177286850004,725.874328565125,168.043295,11355.7487702,9300.318003821,5033.1059620000005,0.8189964565108288,0.3071054106124454,0,0,0,0,0,0,0,0,0,0
2015-05-11,NO 15/9-F-11 H,7078,15/9-F-11,3420717,VOLVE,369304,MÆRSK INSPIRER,24.0,21.605310416666665,%,production,OP,3195.40331309575,222.502521875,2470.252959837375,190.439477805125,309.19074838237503,725.150353258375,164.200570625,11335.3068877,9271.980075953,5000.902134800001,0.8179734494894065,0.3061237847723554,0,0,0,0,0,0,0,0,0,0
2015-05-12,NO 15/9-F-11 H,7078,15/9-F-11,3420717,VOLVE,369304,MÆRSK INSPIRER,24.0,21.592881666666667,%,production,OP,3191.671805648,222.4999385,2468.988013942,185.50508259625,306.528965682,722.6837917060001,163.199871875,11310.7137306,9238.683964205,4990.146559700001,0.8168082213247665,0.3061278037374162,0,0,0,0,0,0,0,0,0,0
2015-05-13,NO 15/9-F-11 H,7078,15/9-F-11,3420717,VOLVE,369304,MÆRSK INSPIRER,24.0,21.831261666666663,%,production,OP,3186.353936010375,222.5069135,2467.628346146125,180.2005655195,303.49535691725004,718.7255898642501,168.1672055,11334.23762,9241.742570372,5012.538283299999,0.8153828144615871,0.3066377316818844,0,0,0,0,0,0,0,0,0,0
2015-05-14,NO 15/9-F-11 H,7078,15/9-F-11,3420717,VOLVE,369304,MÆRSK INSPIRER,24.0,21.922966875,%,production,OP,3185.866306167875,222.503915375,2467.84742906675,176.015611872875,303.861611105125,718.018877101125,168.5141495,11422.9868391,9300.249493303,4851.0788606,0.8141696759615416,0.2980864739098002,0,0,0,0,0,0,0,0,0,0
2015-05-15,NO 15/9-F-11 H,7078,15/9-F-11,3420717,VOLVE,369304,MÆRSK INSPIRER,24.0,21.964280833333333,%,production,OP,3183.7064576827497,222.50462825,2466.552925635625,172.95469366137502,302.81294708400003,717.153532047125,167.551503875,11438.4597717,9293.667539517,4841.0151646,0.8124929164423474,0.2973692446189094,0,0,0,0,0,0,0,0,0,0
2015-05-16,NO 15/9-F-11 H,7078,15/9-F-11,3420717,VOLVE,369304,MÆRSK INSPIRER,24.0,21.638002083333333,%,production,OP,3187.3888939405,222.502412375,2467.855276226875,170.24110217875,305.10591628012503,719.5336177136251,167.545542125,11358.138898,9199.601185715,4772.3933375,0.8099567427666265,0.2958608722777875,0,0,0,0,0,0,0,0,0,0
2015-05-17,NO 15/9-F-11 H,7078,15/9-F-11,3420717,VOLVE,369304,MÆRSK INSPIRER,24.0,21.4207525,%,production,OP,3192.524456855375,222.50078525,2470.0852596498758,168.13654036625002,308.166635064375,722.4391972055,168.23197512500002,11226.9963595,9126.535777709,4723.3328195,0.8129098367424298,0.296127607555503,0,0,0,0,0,0,0,0,0,0
2015-05-18,NO 15/9-F-11 H,7078,15/9-F-11,3420717,VOLVE,369304,MÆRSK INSPIRER,24.0,21.515268125,%,production,OP,3191.162649749,222.502241375,2469.539149277125,165.256094751125,307.35433463725,721.623500471875,167.262605375,11200.7678518,9159.835774074,4735.849541400001,0.8177864138664374,0.2971678007041031,0,0,0,0,0,0,0,0,0,0
2015-05-19,NO 15/9-F-11 H,7078,15/9-F-11,3420717,VOLVE,369304,MÆRSK INSPIRER,24.0,21.430399791666662,%,production,OP,3191.280798308125,222.503903375,2470.1489645697498,164.487580691875,306.67258351825,721.131833738375,166.935243875,11220.4549571,9112.045803152,4708.9291546,0.812092365059239,0.2956127570017807,0,0,0,0,0,0,0,0,0,0
2015-05-20,NO 15/9-F-11 H,7078,15/9-F-11,3420717,VOLVE,369304,MÆRSK INSPIRER,24.0,21.333255625,%,production,OP,3191.8805334597496,222.50611625,2471.20468408525,163.216721476375,306.463447787125,720.6758493745,169.065531125,11164.0353614,9050.810466499,4679.7444362,0.8107113757264205,0.2953679296217486,0,0,0,0,0,0,0,0,0,0
2015-05-21,NO 15/9-F-11 H,7078,15/9-F-11,3420717,VOLVE,369304,MÆRSK INSPIRER,24.0,21.288827916666666,%,production,OP,3191.568620175876,222.507533,2471.296260474125,160.373094361875,306.2952973775,720.27235970175,166.403784125,10990.6881978,9023.192252217,4733.0191269,0.820985191266109,0.3010116526059355,0,0,0,0,0,0,0,0,0,0
2015-05-22,NO 15/9-F-11 H,7078,15/9-F-11,3420717,VOLVE,369304,MÆRSK INSPIRER,24.0,21.30934333333333,%,production,OP,3191.0966937185003,222.50839475,2471.863528265125,157.376887271375,304.720640962875,719.233165453375,167.33740475000002,10861.5583985,8903.786188577,5186.8918165,0.819752181216153,0.3232020380168528,0,0,0,0,0,0,0,0,0,0
2015-05-23,NO 15/9-F-11 H,7078,15/9-F-11,3420717,VOLVE,369304,MÆRSK INSPIRER,24.0,21.328797916666662,%,production,OP,3190.0180400692498,222.51167075,2472.6793700367502,155.719637759,301.607333817125,717.3386700325001,168.76778900000002,10306.9229527,8770.484143634001,4718.741258200001,0.8509313772774916,0.3140454353277045,0,0,0,0,0,0,0,0,0,0
2015-05-24,NO 15/9-F-11 H,7078,15/9-F-11,3420717,VOLVE,369304,MÆRSK INSPIRER,24.0,21.364679791666667,%,production,OP,3189.04789297375,222.515783,2472.50816476425,154.0206988865,296.4183787885,716.5397282094999,167.893913,11043.8999904,9101.961337420002,5323.4435916,0.8241618762694298,0.3252478671893014,0,0,0,0,0,0,0,0,0,0
2015-05-25,NO 15/9-F-11 H,7078,15/9-F-11,3420717,VOLVE,369304,MÆRSK INSPIRER,24.0,21.331825833333333,%,production,OP,3187.236613105375,222.521278625,2473.071459118375,153.232468724125,298.10845221325,714.165153987,169.32261275000002,10393.911025,8588.919263936,4954.2946427,0.8263414265599798,0.3227930840884037,0,0,0,0,0,0,0,0,0,0
2015-05-26,NO 15/9-F-11 H,7078,15/9-F-11,3420717,VOLVE,369304,MÆRSK INSPIRER,24.0,21.334591666666668,%,production,OP,3186.377329431125,222.526589375,2473.3379573785,152.21464340775,297.57108038,713.039372052625,169.37766462500002,10730.1013695,8854.944192742,4894.8559382,0.8252432934055889,0.3132716359991466,0,0,0,0,0,0,0,0,0,0
2015-05-27,NO 15/9-F-11 H,7078,15/9-F-11,3420717,VOLVE,369304,MÆRSK INSPIRER,24.0,20.816615833333334,%,production,OP,3186.129924240766,222.5270395744681,2473.8346819265107,151.2203867020851,297.4489295821277,712.2952423142553,168.50659846808512,10484.484289,8620.005028611,4876.2381006,0.8221677662920288,0.3174484882235398,0,0,0,0,0,0,0,0,0,0
2015-05-28,NO 15/9-F-11 H,7078,15/9-F-11,3420717,VOLVE,369304,MÆRSK INSPIRER,24.0,20.90946319148936,%,production,OP,3194.5845163677445,222.51728472340423,2477.7080204657877,149.9596176568085,302.1675650149787,716.8764959019575,168.10069425531915,10727.3967512,8878.409045157001,5424.961125,0.827638732031034,0.3358618702346554,0,0,0,0,0,0,0,0,0,0
2015-05-29,NO 15/9-F-11 H,7078,15/9-F-11,3420717,VOLVE,369304,MÆRSK INSPIRER,24.0,20.704150833333333,%,production,OP,3198.41053098775,222.51023,2479.603753081375,149.272940389,304.34397425525,718.806777906375,166.47804237500003,10570.906278400002,8729.622916852,4975.931589100001,0.8258159411260342,0.3200606857489633,0,0,0,0,0,0,0,0,0,0
2015-05-30,NO 15/9-F-11 H,7078,15/9-F-11,3420717,VOLVE,369304,MÆRSK INSPIRER,24.0,20.76541020833333,%,production,OP,3197.267894429125,222.5128145,2480.21560494925,148.59071185325,302.70769179875003,717.0522894798751,169.047528125,10510.1467138,8709.360401433001,5174.8153813,0.8286621146779486,0.3299220839632515,0,0,0,0,0,0,0,0,0,0
2015-05-31,NO 15/9-F-11 H,7078,15/9-F-11,3420717,VOLVE,369304,MÆRSK INSPIRER,24.0,20.42080083333333,%,production,OP,3193.6933998098298,222.5170522553192,2479.9240036072338,186.44085915740428,299.49290382740423,713.7693962025957,168.98931940425533,10514.675377,8740.735746648,4728.9936485,0.8312891680676753,0.3102267335107589,0,0,0,0,0,0,0,0,0,0
2015-06-01,NO 15/9-F-11 H,7078,15/9-F-11,3420717,VOLVE,369304,MÆRSK INSPIRER,24.0,20.829319375,%,production,OP,3192.8105292022497,222.516029,2480.644092525625,288.91003649637497,297.74153024625,712.1664366766249,165.773176625,10584.6809623,8853.945139879,5115.4395749,0.8364867275087979,0.3258216752399724,0,0,0,0,0,0,0,0,0,0
2015-06-02,NO 15/9-F-11 H,7078,15/9-F-11,3420717,VOLVE,369304,MÆRSK INSPIRER,24.0,20.86391770833333,%,production,OP,3190.540264496375,222.51647525,2480.9189486005,286.121971022375,294.770447967625,709.621315895875,163.896441125,10586.5050072,8881.150525318,5123.8050222,0.8389124190918373,0.3261428331211415,0,0,0,0,0,0,0,0,0,0
2015-06-03,NO 15/9-F-11 H,7078,15/9-F-11,3420717,VOLVE,369304,MÆRSK INSPIRER,24.0,20.800310416666665,%,production,OP,3190.924835775,222.50917475,2483.17780062875,286.635284677375,293.527297053375,707.74703514625,168.9376805,10484.484289,8741.192718866,5033.7978411,0.8337265313122736,0.324378549049331,0,0,0,0,0,0,0,0,0,0
2015-06-04,NO 15/9-F-11 H,7078,15/9-F-11,3420717,VOLVE,369304,MÆRSK INSPIRER,24.0,20.73306958333333,%,production,OP,3191.70401012725,222.505542875,2484.812297304875,286.31051740075,293.00244985575,706.891712822375,168.8461865,10434.9834843,8663.779011849001,4855.7962181,0.8302628389286986,0.3175636764512307,0,0,0,0,0,0,0,0,0,0
2015-06-05,NO 15/9-F-11 H,7078,15/9-F-11,3420717,VOLVE,369304,MÆRSK INSPIRER,24.0,20.804389375,%,production,OP,3188.1745406135,222.509924375,2484.36191503375,281.97221326375,289.98440245975,703.81262557975,167.54273337499998,10463.5392217,8560.012769398,4681.7571754,0.8180800576200511,0.3091228492759281,0,0,0,0,0,0,0,0,0,0
2015-06-06,NO 15/9-F-11 H,7078,15/9-F-11,3420717,VOLVE,369304,MÆRSK INSPIRER,24.0,20.684055,%,production,OP,3188.628712002375,222.509345375,2485.77370283925,279.47521488275004,288.837209290625,702.855009163125,163.33640225000002,10385.7971701,8492.059164217,4660.0573309,0.8176607943649292,0.3097236737594582,0,0,0,0,0,0,0,0,0,0
2015-06-07,NO 15/9-F-11 H,7078,15/9-F-11,3420717,VOLVE,369304,MÆRSK INSPIRER,22.81667,17.845923541666668,%,production,OP,3287.307672563309,222.39750384108024,2527.229331680316,272.0745613714776,341.5391368484054,760.0783408829933,162.73890436252003,9417.9212073,7911.203331764001,5004.5502246,0.8400158758635489,0.3469967160781337,0,0,0,0,0,0,0,0,0,0
2015-06-08,NO 15/9-F-11 H,7078,15/9-F-11,3420717,VOLVE,369304,MÆRSK INSPIRER,24.0,20.917321666666663,%,production,OP,3193.91417169025,222.55134575,2493.015580109125,277.076809103875,286.138281754125,700.8985915811251,169.27161125,10524.8648692,8595.416815589,4782.8344221,0.8166771661594113,0.3124463272425454,0,0,0,0,0,0,0,0,0,0
2015-06-09,NO 15/9-F-11 H,7078,15/9-F-11,3420717,VOLVE,369304,MÆRSK INSPIRER,24.0,20.79632625,%,production,OP,3191.699299413875,222.5552,2492.6033609617502,276.58667433425,284.210784145,699.095938452125,169.8410285,10411.2709006,8493.841850273,4631.0613068,0.8158314130298445,0.307868570042734,0,0,0,0,0,0,0,0,0,0
2015-06-10,NO 15/9-F-11 H,7078,15/9-F-11,3420717,VOLVE,369304,MÆRSK INSPIRER,24.0,20.646401458333333,%,production,OP,3194.6294658683746,222.546102125,2494.938451610375,273.442060131875,285.2364566215,699.691014258,169.705685,10271.3855262,8373.348800167,4503.1265714,0.8152112272301011,0.3047902050269055,0,0,0,0,0,0,0,0,0,0
2015-06-11,NO 15/9-F-11 H,7078,15/9-F-11,3420717,VOLVE,369304,MÆRSK INSPIRER,24.0,20.62980770833333,%,production,OP,3193.116625858,222.539025125,2495.19894288,272.20287661125,283.502602872125,697.917682978,169.42149275000003,10165.3393296,8306.27523731,4891.3965427,0.8171173600790015,0.3248643387375043,0,0,0,0,0,0,0,0,0,0
2015-06-12,NO 15/9-F-11 H,7078,15/9-F-11,3420717,VOLVE,369304,MÆRSK INSPIRER,24.0,20.576210416666665,%,production,OP,3192.68885440675,222.535490375,2496.371115823,270.27226975,281.4674991535,696.31773858375,169.40104925,10166.0312087,8327.856756774001,4497.0883538,0.819184653854603,0.3066938337801608,0,0,0,0,0,0,0,0,0,0
2015-06-13,NO 15/9-F-11 H,7078,15/9-F-11,3420717,VOLVE,369304,MÆRSK INSPIRER,24.0,20.598660625,%,production,OP,3193.259346271625,222.529339625,2498.58274589575,268.521627852125,279.959406116,694.676600375875,170.382627875,10048.8520484,8134.990113635,4466.2682848,0.8095442220119332,0.3076976409616418,0,0,0,0,0,0,0,0,0,0
2015-06-14,NO 15/9-F-11 H,7078,15/9-F-11,3420717,VOLVE,369304,MÆRSK INSPIRER,24.0,20.778043125,%,production,OP,3190.783994812125,222.5277515,2499.12972045325,264.406911878625,276.844917514875,691.654274358875,169.33451525,9937.7111057,8121.060936514001,4728.3017694,0.8171963191660886,0.3223985830141827,0,0,0,0,0,0,0,0,0,0
2015-06-15,NO 15/9-F-11 H,7078,15/9-F-11,3420717,VOLVE,369304,MÆRSK INSPIRER,24.0,20.758748541666662,%,production,OP,3190.36475340825,222.52573775,2500.971990107625,263.40134831650005,274.7973465715,689.392763300625,169.48156250000002,9961.9268742,8105.733650420001,4606.4681497,0.8136712658886023,0.3161959942837159,0,0,0,0,0,0,0,0,0,0
2015-06-16,NO 15/9-F-11 H,7078,15/9-F-11,3420717,VOLVE,369304,MÆRSK INSPIRER,24.0,20.72289479166667,%,production,OP,3190.220942188,222.522153875,2503.129539136125,263.109661790375,272.536007745875,687.091403051875,169.88060712499998,9849.9053581,8009.849295862001,4666.8503257,0.8131904830207488,0.3214802554614858,0,0,0,0,0,0,0,0,0,0
2015-06-17,NO 15/9-F-11 H,7078,15/9-F-11,3420717,VOLVE,369304,MÆRSK INSPIRER,24.0,20.60947957446809,%,production,OP,3191.932811301064,222.5162560425532,2506.3743676531917,260.36607971527656,271.0540163408936,685.5584436478724,169.1159160851064,9753.2309784,8008.09909933,4668.8001668,0.8210714087531754,0.3237269507876419,0,0,0,0,0,0,0,0,0,0
2015-06-18,NO 15/9-F-11 H,7078,15/9-F-11,3420717,VOLVE,369304,MÆRSK INSPIRER,24.0,20.668763829787235,%,production,OP,3194.004182298766,222.51459582978725,2508.9825212029787,257.833472448,265.7608946477872,685.0216610957872,169.5639594468085,9770.6537521,7980.856633456001,4589.9888475,0.8168191029940735,0.3196228034828921,0,0,0,0,0,0,0,0,0,0
2015-06-19,NO 15/9-F-11 H,7078,15/9-F-11,3420717,VOLVE,369304,MÆRSK INSPIRER,24.0,20.804750625,%,production,OP,3194.133411735375,222.505551875,2511.8022918166253,257.71998625625,260.96766506575,682.33111991875,169.75892749999997,9674.6083534,8061.735418837001,4498.472112,0.8332880385802719,0.3173955106641696,0,0,0,0,0,0,0,0,0,0
2015-06-20,NO 15/9-F-11 H,7078,15/9-F-11,3420717,VOLVE,369304,MÆRSK INSPIRER,24.0,20.706883333333334,%,production,OP,3195.789878646875,222.5086145,2515.574657677625,258.523490733,265.810154528625,680.21522096925,170.554286375,9906.0733614,8229.376418619,4617.5382153,0.8307405082104059,0.3179331938832517,0,0,0,0,0,0,0,0,0,0
2015-06-21,NO 15/9-F-11 H,7078,15/9-F-11,3420717,VOLVE,369304,MÆRSK INSPIRER,24.0,20.817577916666668,%,production,OP,3199.77003259425,222.515046125,2519.2740241002502,255.68000563487504,265.99537107625,680.4960084940001,169.82211012500002,9868.020010900002,8253.513309775,4741.5732685,0.8363900053565303,0.324552037679637,0,0,0,0,0,0,0,0,0,0
2015-06-22,NO 15/9-F-11 H,7078,15/9-F-11,3420717,VOLVE,369304,MÆRSK INSPIRER,24.0,20.753716041666667,%,production,OP,3208.130448963375,222.524125625,2525.6386027676253,254.94712257762495,267.5737773275,682.49184619575,170.639414,10049.7955199,8346.200977688999,4790.8853789,0.8304846562462245,0.322821130079509,0,0,0,0,0,0,0,0,0,0
2015-06-23,NO 15/9-F-11 H,7078,15/9-F-11,3420717,VOLVE,369304,MÆRSK INSPIRER,24.0,21.17692361702128,%,production,OP,3204.163017214468,222.5520515319149,2526.129802306468,254.0609538342128,262.79263025948933,678.033214908,170.3353398723404,10105.6490327,8393.329151133,4939.0733025,0.8305581486130924,0.328292752265962,0,0,0,0,0,0,0,0,0,0
2015-06-24,NO 15/9-F-11 H,7078,15/9-F-11,3420717,VOLVE,369304,MÆRSK INSPIRER,24.0,21.343651041666668,%,production,OP,3207.443035319125,222.576605375,2530.04493274825,255.20051907175,262.199790070375,677.3981025708749,170.732001875,10207.8584452,8437.789652139001,5026.816152,0.8265974393587587,0.3299588789985632,0,0,0,0,0,0,0,0,0,0
2015-06-25,NO 15/9-F-11 H,7078,15/9-F-11,3420717,VOLVE,369304,MÆRSK INSPIRER,24.0,21.81494875,%,production,OP,3202.257388969875,222.608789,2530.47613072225,257.07111041725,256.265732533,671.7812582476249,171.522012125,10374.9786969,8577.968175466001,5234.0653915,0.8267938109626252,0.3353226092422753,0,0,0,0,0,0,0,0,0,0
2015-06-26,NO 15/9-F-11 H,7078,15/9-F-11,3420717,VOLVE,369304,MÆRSK INSPIRER,24.0,22.365889166666665,%,production,OP,3201.242573192,222.636826625,2532.50083702925,253.84962003162505,253.298131166375,668.7417361627499,170.981381,10382.2119784,8530.161253488,5329.6076054000005,0.8216130889289145,0.3392100817460508,0,0,0,0,0,0,0,0,0,0
2015-06-27,NO 15/9-F-11 H,7078,15/9-F-11,3420717,VOLVE,369304,MÆRSK INSPIRER,24.0,22.21220340425532,%,production,OP,3210.644225399362,222.65959731914896,2539.419600301404,254.99191881114896,253.16038203306385,671.2246250979575,171.56518642553192,10456.4946345,8575.816450795,5372.5041096,0.8201425765093477,0.3394089668244185,0,0,0,0,0,0,0,0,0,0
2015-06-28,NO 15/9-F-11 H,7078,15/9-F-11,3420717,VOLVE,369304,MÆRSK INSPIRER,24.0,17.997740425531916,%,production,OP,3330.082864103617,222.5447339574468,2590.840888332766,254.6658332702553,324.98785627863833,739.2419757708511,170.22692663829787,9214.6974462,7564.291848343,4588.7308855,0.8208942173638483,0.332434144274277,0,0,0,0,0,0,0,0,0,0
2015-06-29,NO 15/9-F-11 H,7078,15/9-F-11,3420717,VOLVE,369304,MÆRSK INSPIRER,24.0,19.19962595744681,%,production,OP,3302.5780923131488,222.6126674893617,2582.175160994681,256.8296521063404,302.2227442591915,720.4029313184681,171.6442504680851,9722.3480113,7846.124696309999,4653.0756418,0.8070195272984138,0.3236826791394481,0,0,0,0,0,0,0,0,0,0
2015-06-30,NO 15/9-F-11 H,7078,15/9-F-11,3420717,VOLVE,369304,MÆRSK INSPIRER,24.0,20.024945416666668,%,production,OP,3279.2698626155,222.666552125,2574.5614219152503,255.407291892125,289.83692600837503,704.70844070025,171.350945,10182.6363071,8151.449942158,4684.2102013,0.800524510187433,0.3150775921883197,0,0,0,0,0,0,0,0,0,0
2015-07-01,NO 15/9-F-11 H,7078,15/9-F-11,3420717,VOLVE,369304,MÆRSK INSPIRER,24.0,22.887072291666662,%,production,OP,3217.6611769545,222.74343875,2551.1107413715,253.34479109962496,251.7246048395,666.5504355830001,170.29127524999998,10577.5105789,8785.75351362,5607.5543093,0.8306069228751995,0.3464647406751074,0,0,0,0,0,0,0,0,0,0
2015-07-02,NO 15/9-F-11 H,7078,15/9-F-11,3420717,VOLVE,369304,MÆRSK INSPIRER,24.0,23.941967291666668,%,production,OP,3197.693991900125,222.770587625,2544.07598138725,252.376904179625,233.347166195,653.618010512875,169.760553875,9823.8026466,8142.939452605001,7549.721841099999,0.8288989249415813,0.4345532679016859,0,0,0,0,0,0,0,0,0,0
2015-07-03,NO 15/9-F-11 H,7078,15/9-F-11,3420717,VOLVE,369304,MÆRSK INSPIRER,24.0,23.92522458333333,%,production,OP,3196.3098066390003,222.771583625,2544.66255131875,253.31145653262504,230.35872468075,651.64725532025,172.10729675000002,9779.7739766,8087.151761574001,7546.3253437,0.8269262439933761,0.4355466977416204,0,0,0,0,0,0,0,0,0,0
2015-07-04,NO 15/9-F-11 H,7078,15/9-F-11,3420717,VOLVE,369304,MÆRSK INSPIRER,24.0,23.998626875,%,production,OP,3188.78337992125,222.77782925,2542.631638594,252.166327133375,230.60653721187495,646.15174132725,172.37204975,9644.4172654,7958.219557609,7452.2926842,0.8251633394336485,0.4358904553080024,0,0,0,0,0,0,0,0,0,0
2015-07-05,NO 15/9-F-11 H,7078,15/9-F-11,3420717,VOLVE,369304,MÆRSK INSPIRER,24.0,23.905589375,%,production,OP,3186.7518719363748,222.7714385,2543.308129063875,252.444195768375,228.05805940575,643.4437428725,171.330562625,9560.4483019,7903.522737661,7209.631814400001,0.8266895534689822,0.4299103978276443,0,0,0,0,0,0,0,0,0,0
2015-07-06,NO 15/9-F-11 H,7078,15/9-F-11,3420717,VOLVE,369304,MÆRSK INSPIRER,24.0,23.904737916666665,%,production,OP,3186.308759695,222.764605625,2545.70470978125,251.0734083925,225.282204318375,640.6040499137499,172.49790424999998,9474.9068859,7825.643229751,7210.8897764,0.8259335235680957,0.4321573564834535,0,0,0,0,0,0,0,0,0,0
2015-07-07,NO 15/9-F-11 H,7078,15/9-F-11,3420717,VOLVE,369304,MÆRSK INSPIRER,24.0,23.951740208333334,%,production,OP,3185.497214674125,222.757704875,2546.924748285875,249.8198449585,223.056420954125,638.5724663882501,172.172958875,9439.2436632,7762.917965905,7405.685192100001,0.8224088966120927,0.4396388524828892,0,0,0,0,0,0,0,0,0,0
2015-07-08,NO 15/9-F-11 H,7078,15/9-F-11,3420717,VOLVE,369304,MÆRSK INSPIRER,24.0,23.938967916666662,%,production,OP,3184.025592650375,222.748881125,2548.461102582,247.47427531437495,219.9751339685,635.564490068375,171.806486,9319.9259675,7709.568754909001,6905.708195200001,0.8272135188405402,0.4256048254234069,0,0,0,0,0,0,0,0,0,0
2015-07-09,NO 15/9-F-11 H,7078,15/9-F-11,3420717,VOLVE,369304,MÆRSK INSPIRER,24.0,24.0008175,%,production,OP,3183.6870890665,222.74036825,2550.59265959225,245.718203556375,217.837542773125,633.09442947425,170.90258225000002,9266.4625825,7638.874022714001,6663.361815900001,0.8243570785188568,0.4182947438246257,0,0,0,0,0,0,0,0,0,0
2015-07-10,NO 15/9-F-11 H,7078,15/9-F-11,3420717,VOLVE,369304,MÆRSK INSPIRER,24.0,24.00844042553192,%,production,OP,3184.648996769234,222.73644429787237,2553.4188007557445,248.5240109194468,216.04659278348936,631.2301960134894,171.48992919148935,9197.1488763,7571.255200889001,6773.622185200001,0.8232176408929575,0.424126183959199,0,0,0,0,0,0,0,0,0,0
2015-07-11,NO 15/9-F-11 H,7078,15/9-F-11,3420717,VOLVE,369304,MÆRSK INSPIRER,24.0,23.98199234042553,%,production,OP,3184.3775905543407,222.7334394468085,2555.692623200043,246.60137484778724,213.55592618553192,628.6849673542979,171.22280689361702,9037.3248042,7525.378580413,6679.0863409,0.8326998025915436,0.4249752872482201,0,0,0,0,0,0,0,0,0,0
2015-07-12,NO 15/9-F-11 H,7078,15/9-F-11,3420717,VOLVE,369304,MÆRSK INSPIRER,24.0,23.958085625,%,production,OP,3186.321242027875,222.72172029787237,2559.9050115301307,246.019837272,211.17582483229788,626.4162304977447,171.51942965957448,8974.804092800001,7411.410627426,6554.862593400001,0.8258019396068794,0.4220864958566557,0,0,0,0,0,0,0,0,0,0
2015-07-13,NO 15/9-F-11 H,7078,15/9-F-11,3420717,VOLVE,369304,MÆRSK INSPIRER,24.0,23.418301041666663,%,production,OP,3190.7869308672766,222.70955536170212,2565.1802160799148,248.43739237429787,207.5565527521277,625.6067147873617,172.6227078723404,8915.3653883,7381.140985468,7240.577679600001,0.8279123360613547,0.4481680610763103,0,0,0,0,0,0,0,0,0,0
2015-07-14,NO 15/9-F-11 H,7078,15/9-F-11,3420717,VOLVE,369304,MÆRSK INSPIRER,24.0,23.910957916666668,%,production,OP,3191.2591302352503,222.712099625,2570.3562354676246,245.71376176762504,206.31938626262504,620.902894767625,172.8358265,8882.6583763,7354.802222767,7251.773541400001,0.8279956192383235,0.4494594900143071,0,0,0,0,0,0,0,0,0,0
2015-07-15,NO 15/9-F-11 H,7078,15/9-F-11,3420717,VOLVE,369304,MÆRSK INSPIRER,24.0,23.91775708333333,%,production,OP,3191.52510575425,222.71567375,2572.7511119885,244.0127893415,203.97564168,618.77399376575,172.619129375,8768.4354267,7273.2743532,7113.209027100001,0.8294837105206688,0.4478886961480883,0,0,0,0,0,0,0,0,0,0
2015-07-16,NO 15/9-F-11 H,7078,15/9-F-11,3420717,VOLVE,369304,MÆRSK INSPIRER,24.0,23.868220208333334,%,production,OP,3192.6304947415,222.714317375,2574.8886729676246,244.33696740125,202.96470566862504,617.7418217738749,172.858664,8650.375693,7175.093483701,7075.8475557,0.829454550685837,0.4499394065440932,0,0,0,0,0,0,0,0,0,0
2015-07-17,NO 15/9-F-11 H,7078,15/9-F-11,3420717,VOLVE,369304,MÆRSK INSPIRER,24.0,23.958684791666663,%,production,OP,3190.213977342375,222.71317925,2574.665495745125,240.32044517537497,200.911330183625,615.54848159725,170.02762587499998,8605.529347700001,7141.447403276,7088.175583300001,0.829867299817494,0.4516572482064847,0,0,0,0,0,0,0,0,0,0
2015-07-18,NO 15/9-F-11 H,7078,15/9-F-11,3420717,VOLVE,369304,MÆRSK INSPIRER,24.0,23.90773395833333,%,production,OP,3191.3242946,222.71178425,2577.007660017875,238.696992538625,199.498708409625,614.316634582125,166.188805625,8581.2506811,7202.450016056001,7555.256873900001,0.8393240430464554,0.4682089261352563,0,0,0,0,0,0,0,0,0,0
2015-07-19,NO 15/9-F-11 H,7078,15/9-F-11,3420717,VOLVE,369304,MÆRSK INSPIRER,24.0,23.916368958333333,%,production,OP,3193.3312851196247,222.709105625,2579.88044883525,240.786252842125,198.632825506375,613.450836284375,170.79730925,8457.0898317,7125.882096104001,7640.2951051,0.8425926929845079,0.4746295833203088,0,0,0,0,0,0,0,0,0,0
2015-07-20,NO 15/9-F-11 H,7078,15/9-F-11,3420717,VOLVE,369304,MÆRSK INSPIRER,24.0,23.949071666666665,%,production,OP,3193.635883049375,222.706211,2581.58297739825,240.824310209,197.345873116125,612.052905651125,171.214442375,8398.6574968,7054.703199372001,7588.655765,0.839979866075017,0.4746673590948075,0,0,0,0,0,0,0,0,0,0
2015-07-21,NO 15/9-F-11 H,7078,15/9-F-11,3420717,VOLVE,369304,MÆRSK INSPIRER,24.0,23.875144166666665,%,production,OP,3196.391121589375,222.70297325,2583.86231000075,238.38770202525,197.669365267,612.528811588625,167.641163,8456.8382393,7125.980270970001,7620.5451017,0.8426293691955307,0.4739916278705841,0,0,0,0,0,0,0,0,0,0
2015-07-22,NO 15/9-F-11 H,7078,15/9-F-11,3420717,VOLVE,369304,MÆRSK INSPIRER,24.0,23.839202083333333,%,production,OP,3199.158368067125,222.700611875,2587.478569649375,240.91388930375,196.869441415875,611.67979841775,172.525542875,8525.1455759,7278.957901018,7620.670897899999,0.8538221237646796,0.4719904323368316,0,0,0,0,0,0,0,0,0,0
2015-07-23,NO 15/9-F-11 H,7078,15/9-F-11,3420717,VOLVE,369304,MÆRSK INSPIRER,24.0,23.871744791666668,%,production,OP,3199.962017581875,222.69671525,2588.54564745325,239.38582936825,196.728358723,611.4163701286251,170.0986565,8534.957679500001,7241.282413323,7614.506884099999,0.8484262822668398,0.4715021265325834,0,0,0,0,0,0,0,0,0,0
2015-07-24,NO 15/9-F-11 H,7078,15/9-F-11,3420717,VOLVE,369304,MÆRSK INSPIRER,24.0,23.847274166666665,%,production,OP,3202.680839497375,222.686148125,2591.373253912,238.97038312537495,196.756819408875,611.3075855853749,171.763103375,8443.8812307,7140.207857306001,7647.842877100001,0.845607329405091,0.4752655977610832,0,0,0,0,0,0,0,0,0,0
2015-07-25,NO 15/9-F-11 H,7078,15/9-F-11,3420717,VOLVE,369304,MÆRSK INSPIRER,24.0,24.33420020833333,%,production,OP,3194.365789806,222.694334,2588.82271837925,238.64576088675,190.812811660375,605.54307142675,172.5997475,8460.7379215,7157.303350429001,7707.218683499999,0.8459431573032445,0.4766971406341178,0,0,0,0,0,0,0,0,0,0
2015-07-26,NO 15/9-F-11 H,7078,15/9-F-11,3420717,VOLVE,369304,MÆRSK INSPIRER,24.0,24.471388125,%,production,OP,3193.44411561875,222.69622775,2589.01337083025,237.942867457625,189.58559377475,604.4307447885,172.27142337499998,8384.1280357,7070.374803791001,7709.483015100001,0.8433047269417908,0.4790399737364579,0,0,0,0,0,0,0,0,0,0
2015-07-27,NO 15/9-F-11 H,7078,15/9-F-11,3420717,VOLVE,369304,MÆRSK INSPIRER,24.0,24.4451325,%,production,OP,3194.0817933155004,222.69590375,2590.406608879875,238.44316697375,188.86236480937495,603.675184435625,172.731754625,8310.7888511,7009.842229668001,7709.7346075,0.8434629197371789,0.4812411172096456,0,0,0,0,0,0,0,0,0,0
2015-07-28,NO 15/9-F-11 H,7078,15/9-F-11,3420717,VOLVE,369304,MÆRSK INSPIRER,24.0,24.460161875,%,production,OP,3193.843217892,222.695733125,2590.91107219525,235.667499227125,188.1200029145,602.93214569675,172.78853375,8171.092170999999,6934.532925624001,7630.0427148,0.8486665895454384,0.4828794115071372,0,0,0,0,0,0,0,0,0,0
2015-07-29,NO 15/9-F-11 H,7078,15/9-F-11,3420717,VOLVE,369304,MÆRSK INSPIRER,24.0,24.79594125,%,production,OP,3190.046089814125,222.70215275,2589.6996694948757,233.657236287625,185.77214590025,600.34642031925,172.17535925,8400.104153100001,7110.986355644,8749.8175891,0.8465354983747122,0.5101957735217961,0,0,0,0,0,0,0,0,0,0
2015-07-30,NO 15/9-F-11 H,7078,15/9-F-11,3420717,VOLVE,369304,MÆRSK INSPIRER,24.0,24.80302770833333,%,production,OP,3191.7384355008758,222.7039925,2591.2772961668747,232.95828003587505,185.8951441675,600.461139334,171.49746199999998,8242.481514500001,6938.856857492,7756.1534053,0.8418407545452553,0.4848009498423481,0,0,0,0,0,0,0,0,0,0
2015-07-31,NO 15/9-F-11 H,7078,15/9-F-11,3420717,VOLVE,369304,MÆRSK INSPIRER,24.0,24.963718333333333,%,production,OP,3190.514900976125,222.707705375,2591.648732441625,234.508820861375,184.288932923,598.8661685345,171.94859000000002,8111.905058900001,6818.447150078,7786.9734743,0.8405481943599821,0.4897813048913645,0,0,0,0,0,0,0,0,0,0
2015-08-01,NO 15/9-F-11 H,7078,15/9-F-11,3420717,VOLVE,369304,MÆRSK INSPIRER,24.0,24.950137291666667,%,production,OP,3190.26407286325,222.70812275,2592.0213924745,233.353257791,183.706774564,598.24268038875,169.90305087500002,8072.9082369,6772.560288339,7772.318217,0.8389244730149028,0.4905148083312494,0,0,0,0,0,0,0,0,0,0
2015-08-02,NO 15/9-F-11 H,7078,15/9-F-11,3420717,VOLVE,369304,MÆRSK INSPIRER,24.0,24.76853583333333,%,production,OP,3192.2841651488748,222.7064945,2594.389436965376,234.433612615125,183.40081085975,597.8947281835,171.259223375,8033.8485168,6712.25796606,7750.8070668,0.8354972031179885,0.4910342848945632,0,0,0,0,0,0,0,0,0,0
2015-08-03,NO 15/9-F-11 H,7078,15/9-F-11,3420717,VOLVE,369304,MÆRSK INSPIRER,24.0,24.88206770833333,%,production,OP,3192.5803841125003,222.707008625,2595.69121042625,231.811609607875,182.67087086525,596.8891736862499,168.1895,7974.0953218,6722.893694259,7765.0849355,0.8430917142261393,0.4933601883045002,0,0,0,0,0,0,0,0,0,0
2015-08-04,NO 15/9-F-11 H,7078,15/9-F-11,3420717,VOLVE,369304,MÆRSK INSPIRER,24.0,24.87449979166667,%,production,OP,3193.854533877625,222.70216175,2597.358824112375,232.042757877125,182.44231515025,596.49570976525,170.121923375,8005.166983200001,6767.446366632001,7768.921719600001,0.8453847847064858,0.4925116034260012,0,0,0,0,0,0,0,0,0,0
2015-08-05,NO 15/9-F-11 H,7078,15/9-F-11,3420717,VOLVE,369304,MÆRSK INSPIRER,24.0,24.88179166666667,%,production,OP,3195.248898993375,222.709730375,2598.948077997375,232.09212216475,181.67329950125,596.300820996,170.79786199999998,8030.263325100001,6634.699115626,7743.573785300001,0.8262118995385969,0.4909124984050019,0,0,0,0,0,0,0,0,0,0
2015-08-06,NO 15/9-F-11 H,7078,15/9-F-11,3420717,VOLVE,369304,MÆRSK INSPIRER,24.0,24.86383125,%,production,OP,3197.3100491195,222.72781625,2600.589503259625,231.931740353,182.3765222875,596.720545859875,170.24873825,7900.5045448,6596.911327185,7776.1550011,0.8349987383434889,0.496033927274624,0,0,0,0,0,0,0,0,0,0
2015-08-07,NO 15/9-F-11 H,7078,15/9-F-11,3420717,VOLVE,369304,MÆRSK INSPIRER,24.0,24.68044875,%,production,OP,3198.995454133625,222.72669875,2603.01356263475,233.79024217687495,181.4971810665,595.981891498875,173.134119125,7778.5451289,6668.891161313001,7738.982224,0.8573442784995553,0.4987252187800202,0,0,0,0,0,0,0,0,0,0
2015-08-08,NO 15/9-F-11 H,7078,15/9-F-11,3420717,VOLVE,369304,MÆRSK INSPIRER,24.0,24.749951666666668,%,production,OP,3199.0178171802504,222.724611125,2603.3930485185,232.36114650337495,181.15765315175,595.6247686617501,171.3199745,7651.8054574,6662.838928027,7761.2481514,0.8707538325590103,0.5035503248343182,0,0,0,0,0,0,0,0,0,0
2015-08-09,NO 15/9-F-11 H,7078,15/9-F-11,3420717,VOLVE,369304,MÆRSK INSPIRER,24.0,24.85224333333333,%,production,OP,3199.39031102375,222.726389375,2604.865531705375,230.73998123675,180.292845947,594.524779318375,169.8059765,7733.8874779,6653.740448719001,7768.858821500001,0.8603358230556654,0.5011279080146385,0,0,0,0,0,0,0,0,0,0
2015-08-10,NO 15/9-F-11 H,7078,15/9-F-11,3420717,VOLVE,369304,MÆRSK INSPIRER,24.0,24.835802291666667,%,production,OP,3200.10986871475,222.73437725,2606.1669516361253,230.944530141125,179.5163004085,593.942917078625,171.394791875,7684.323775100001,6614.474740083001,7764.770445,0.8607751226615803,0.502603604740637,0,0,0,0,0,0,0,0,0,0
2015-08-11,NO 15/9-F-11 H,7078,15/9-F-11,3420717,VOLVE,369304,MÆRSK INSPIRER,24.0,24.765825,%,production,OP,3199.9574579497503,222.728507,2606.7431120695,230.222564215,178.548640110375,593.21434588025,170.503015625,7557.2696131,6579.666452881001,7369.959071300001,0.8706406929660955,0.493725876860326,0,0,0,0,0,0,0,0,0,0
2015-08-12,NO 15/9-F-11 H,7078,15/9-F-11,3420717,VOLVE,369304,MÆRSK INSPIRER,24.0,24.73385333333333,%,production,OP,3200.630805929625,222.7208795,2608.441763887625,231.39537169925,177.75369589725,592.189042042,172.158411125,7616.8341138,6544.703487293001,7657.843675,0.8592419618848547,0.5013424034787192,0,0,0,0,0,0,0,0,0,0
2015-08-13,NO 15/9-F-11 H,7078,15/9-F-11,3420717,VOLVE,369304,MÆRSK INSPIRER,24.0,24.851489791666665,%,production,OP,3200.1439103420003,222.718261625,2609.0759516075,230.671435673625,176.70919265375,591.0679587345,171.9456065,7581.2966873,6559.671269741,7659.164535100001,0.8652439734655945,0.5025546421024828,0,0,0,0,0,0,0,0,0,0
2015-08-14,NO 15/9-F-11 H,7078,15/9-F-11,3420717,VOLVE,369304,MÆRSK INSPIRER,24.0,24.797008541666667,%,production,OP,3200.72165108525,222.713478875,2610.67439727575,228.478086432125,175.907655254875,590.0472538094999,169.9771835,7585.3850638,6547.52548497,7649.1637372,0.8631764148951365,0.5020932248874943,0,0,0,0,0,0,0,0,0,0
2015-08-15,NO 15/9-F-11 H,7078,15/9-F-11,3420717,VOLVE,369304,MÆRSK INSPIRER,24.0,24.77249583333333,%,production,OP,3202.022342804375,222.70978625,2612.101846163625,227.91986538637505,175.5506472395,589.92049664075,167.85489425,7578.277578499999,6471.492229576,7654.9503624,0.8539529150972232,0.5025166295744232,0,0,0,0,0,0,0,0,0,0
2015-08-16,NO 15/9-F-11 H,7078,15/9-F-11,3420717,VOLVE,369304,MÆRSK INSPIRER,24.0,24.693902291666667,%,production,OP,3204.217245161125,222.705648875,2615.490628817375,230.04200701312504,174.57225110775002,588.72661634375,172.84691225,7544.8157893,6366.439825751,7492.6732644,0.8438164699501128,0.4982662489490834,0,0,0,0,0,0,0,0,0,0
2015-08-17,NO 15/9-F-11 H,7078,15/9-F-11,3420717,VOLVE,369304,MÆRSK INSPIRER,24.0,24.730771875,%,production,OP,3205.5895433495,222.70427075,2617.7162520355,227.510015193,173.6178950245,587.8732913140001,172.91875775,7458.3309018,6343.749424707,7490.0315442,0.8505588593791131,0.5010603382984096,0,0,0,0,0,0,0,0,0,0
2015-08-18,NO 15/9-F-11 H,7078,15/9-F-11,3420717,VOLVE,369304,MÆRSK INSPIRER,24.0,24.717680833333333,%,production,OP,3206.2612626735,222.698577875,2618.771412550375,225.04949991225,173.42036233337498,587.489850123125,170.2483565,7501.856387000001,6339.771930046,7225.9224223,0.8450937478664905,0.4906321934803312,0,0,0,0,0,0,0,0,0,0
2015-08-19,NO 15/9-F-11 H,7078,15/9-F-11,3420717,VOLVE,369304,MÆRSK INSPIRER,24.0,24.24978958333333,%,production,OP,3206.155098714893,222.6978469361702,2618.720179098383,224.4392505985532,173.50779292417022,587.4349196165107,166.37320017021278,7497.0132333,6338.213845482001,7955.8548728,0.8454318604279795,0.5148464879253992,0,0,0,0,0,0,0,0,0,0
2015-08-20,NO 15/9-F-11 H,7078,15/9-F-11,3420717,VOLVE,369304,MÆRSK INSPIRER,24.0,24.770577916666667,%,production,OP,3207.336940022125,222.692752625,2621.0983538763758,223.680791414375,172.26571481537502,586.23858614575,168.939474125,7577.459903200001,6387.986383662001,7784.5833465,0.8430247688891526,0.5067414028177549,0,0,0,0,0,0,0,0,0,0
2015-08-21,NO 15/9-F-11 H,7078,15/9-F-11,3420717,VOLVE,369304,MÆRSK INSPIRER,24.0,24.258814791666666,%,production,OP,3207.992634511532,222.68913225531915,2622.880683619914,220.98059113085105,171.20724337097872,585.111950891617,169.01612868085107,7416.943952,6272.403489444,7494.1828188,0.8456857069484296,0.502589974184622,0,0,0,0,0,0,0,0,0,0
2015-08-22,NO 15/9-F-11 H,7078,15/9-F-11,3420717,VOLVE,369304,MÆRSK INSPIRER,24.0,24.231304166666668,%,production,OP,3207.8394558680425,222.69437217021277,2623.463906105234,219.0830342895319,170.33973097608512,584.3755497628085,169.3498525106383,7400.779140300001,6208.9860574780005,7393.4829607,0.8389638360733881,0.4997534118447345,0,0,0,0,0,0,0,0,0,0
2015-08-23,NO 15/9-F-11 H,7078,15/9-F-11,3420717,VOLVE,369304,MÆRSK INSPIRER,24.0,24.70406291666667,%,production,OP,3207.033852904875,222.700226,2623.797251196625,216.169421454,169.51152477925,583.2366017082501,170.29927700000002,7316.558584400001,6106.017927247,7632.4328426,0.8345478077994135,0.5105650692136156,0,0,0,0,0,0,0,0,0,0
2015-08-24,NO 15/9-F-11 H,7078,15/9-F-11,3420717,VOLVE,369304,MÆRSK INSPIRER,24.0,24.690365208333333,%,production,OP,3205.3111187355,222.695991875,2623.8159036877496,214.03881927725,167.53869373025,581.49521504775,171.102228125,7296.871479099999,6130.085248444,7554.1876062,0.8400977413405243,0.5086632248118486,0,0,0,0,0,0,0,0,0,0
2015-08-25,NO 15/9-F-11 H,7078,15/9-F-11,3420717,VOLVE,369304,MÆRSK INSPIRER,24.0,24.737421875,%,production,OP,3203.679123964875,222.67690775,2624.09123415775,211.065815245125,165.43572733575,579.5878898071251,171.06909987499998,7287.625458400001,6102.321537598,7524.2481106,0.8373538915291299,0.5079876003227313,0,0,0,0,0,0,0,0,0,0
2015-08-26,NO 15/9-F-11 H,7078,15/9-F-11,3420717,VOLVE,369304,MÆRSK INSPIRER,14.27528,15.651210208333334,%,production,OP,3210.978888044686,222.66587622982388,2633.9338624490133,5.615223267132464,162.8958106165891,577.0450255956728,168.6454066349886,4220.839898599999,3607.517381274,4889.6353959,0.8546918309956674,0.5367047533570368,0,0,0,0,0,0,0,0,0,0
2015-08-27,NO 15/9-F-11 H,7078,15/9-F-11,3420717,VOLVE,369304,MÆRSK INSPIRER,0.0,1.0719985416666666,%,production,OP,4275.228416142,219.90362,4275.043057578,0.0,0.185358564,0.185358564,64.94342,0.0,0.0,0.0,0.8781047510649639,0.5515664129161332,0,0,0,0,0,0,0,0,1,1
2015-08-28,NO 15/9-F-11 H,7078,15/9-F-11,3420717,VOLVE,369304,MÆRSK INSPIRER,0.0,0.8618835416666667,%,production,OP,4366.880103912,219.179192,4365.478891794,0.0,1.401212118,1.401212118,57.876494,0.0,0.0,0.0,0.9015176711342604,0.5664280724752295,0,0,0,0,0,0,0,0,1,1
2015-08-29,NO 15/9-F-11 H,7078,15/9-F-11,3420717,VOLVE,369304,MÆRSK INSPIRER,0.0,0.8454420833333334,%,production,OP,4217.53316997,210.073928,4214.88115014,0.0,2.65201983,2.65201983,58.548992,0.0,0.0,0.0,0.9249305912035568,0.5812897320343259,0,0,0,0,0,0,0,0,1,1
2015-08-30,NO 15/9-F-11 H,7078,15/9-F-11,3420717,VOLVE,369304,MÆRSK INSPIRER,0.0,0.8744445833333333,%,production,OP,4459.487156988,218.52437,4456.237145484,0.0,3.21621765,3.250011504,58.541612,0.0,0.0,0.0,0.9483435112728533,0.5961513915934222,0,0,0,0,0,0,0,0,1,1
2015-08-31,NO 15/9-F-11 H,7078,15/9-F-11,3420717,VOLVE,369304,MÆRSK INSPIRER,17.74153,8.138054375,%,production,OP,3890.35538074226,221.17717250596647,2892.089374361012,73.22781413671764,570.6978307941395,998.2660063812476,142.6792754390281,2813.8722997,2734.3985042090003,4419.9752832,0.9717564313421498,0.6110130511525186,0,0,0,0,0,0,0,0,0,0
2015-09-01,NO 15/9-F-11 H,7078,15/9-F-11,3420717,VOLVE,369304,MÆRSK INSPIRER,24.0,25.694886666666665,%,production,OP,3332.78094982825,222.376868375,2734.2007267323747,196.051369685,181.07405385287495,598.580223095875,174.302414375,7260.579275399999,6560.375444859001,8268.710022199999,0.9035608862624224,0.532459011081589,0,0,0,0,0,0,0,0,0,0
2015-09-02,NO 15/9-F-11 H,7078,15/9-F-11,3420717,VOLVE,369304,MÆRSK INSPIRER,24.0,29.590096666666668,%,production,OP,3223.520255889125,222.61934075,2685.7763246285,195.25166943412495,117.343069440625,537.743931260625,174.294518375,7502.485368,6464.761247756001,8321.7331205,0.8616826199128418,0.5258858834986188,0,0,0,0,0,0,0,0,0,0
2015-09-03,NO 15/9-F-11 H,7078,15/9-F-11,3420717,VOLVE,369304,MÆRSK INSPIRER,24.0,27.28412458333333,%,production,OP,3238.967721463125,222.550746125,2669.779832813625,193.8727418005,134.2763375245,569.1878886495,173.46978612499998,6909.6707755,6131.683944913001,7992.461567,0.8874060927265088,0.5363300622559881,0,0,0,0,0,0,0,0,0,0
2015-09-04,NO 15/9-F-11 H,7078,15/9-F-11,3420717,VOLVE,369304,MÆRSK INSPIRER,24.0,23.212830208333333,%,production,OP,3354.326027457625,222.29414975,2734.210105856376,191.180682417625,194.174266737625,620.11592160125,168.096418625,6011.1085189000005,5236.08584871,7496.635844699999,0.8710682617435385,0.5549879863659223,0,0,0,0,0,0,0,0,0,0
2015-09-05,NO 15/9-F-11 H,7078,15/9-F-11,3420717,VOLVE,369304,MÆRSK INSPIRER,24.0,27.444494375,%,production,OP,3196.146430396875,222.52001075,2651.0903902365003,192.017717867,128.713105893625,545.056040160375,172.082906375,6786.7678881,5764.0399074160005,8172.7904197,0.849305590297664,0.5463256502325112,0,0,0,0,0,0,0,0,0,0
2015-09-06,NO 15/9-F-11 H,7078,15/9-F-11,3420717,VOLVE,369304,MÆRSK INSPIRER,24.0,27.465986041666667,%,production,OP,3190.8211366266246,222.493093625,2647.5637761583757,191.82616497175,126.95661412975,543.25736046825,172.709718875,6563.7312255,5531.940398312,7452.4184804,0.8428042234301875,0.5317022603763255,0,0,0,0,0,0,0,0,0,0
2015-09-07,NO 15/9-F-11 H,7078,15/9-F-11,3420717,VOLVE,369304,MÆRSK INSPIRER,24.0,27.47289645833333,%,production,OP,3186.802175949375,222.479621,2644.2075484923757,191.34181057075,126.511513659125,542.594627457,173.1774815,6518.0672049,5479.850862665,7801.5029354,0.8407171467249503,0.5448140453213742,0,0,0,0,0,0,0,0,0,0
2015-09-08,NO 15/9-F-11 H,7078,15/9-F-11,3420717,VOLVE,369304,MÆRSK INSPIRER,24.0,27.49162,%,production,OP,3184.0360988405,222.471666125,2641.913509641,190.69396208425,126.032543793875,542.1225891995,173.436293375,6464.981208499999,5442.04117911,7930.3182442,0.8417721573505793,0.550896372128791,0,0,0,0,0,0,0,0,0,0
2015-09-09,NO 15/9-F-11 H,7078,15/9-F-11,3420717,VOLVE,369304,MÆRSK INSPIRER,24.0,27.2228325,%,production,OP,3184.8000139865,222.475041125,2641.390671824,191.5354302575,127.4296011775,543.4093421625,173.417838125,6466.0504762,5426.065868271,7945.0992977,0.8391623121785181,0.551316128300141,0,0,0,0,0,0,0,0,0,0
2015-09-10,NO 15/9-F-11 H,7078,15/9-F-11,3420717,VOLVE,369304,MÆRSK INSPIRER,24.0,26.955433541666668,%,production,OP,3186.84968495925,222.477835625,2641.0073726495,189.37016097712495,129.921580639375,545.84231230975,171.477090125,6441.960503900001,5406.627951097001,8114.861269600001,0.8392830020959918,0.5574610581804826,0,0,0,0,0,0,0,0,0,0
2015-09-11,NO 15/9-F-11 H,7078,15/9-F-11,3420717,VOLVE,369304,MÆRSK INSPIRER,24.0,26.97214645833333,%,production,OP,3188.2882745785,222.475459625,2642.573085054125,187.251173926875,129.51675540837502,545.715189524375,169.451873375,6463.2200617,5459.925249484001,8113.4775114,0.8447685824344181,0.5566060124875405,0,0,0,0,0,0,0,0,0,0
2015-09-12,NO 15/9-F-11 H,7078,15/9-F-11,3420717,VOLVE,369304,MÆRSK INSPIRER,24.0,26.961829583333333,%,production,OP,3188.360143929125,222.472783625,2643.042367589625,185.276856238375,129.34918515074995,545.3177763395,169.18370299999998,6550.0194397,5453.712334313001,8038.754568599999,0.8326253661565909,0.5510233117619415,0,0,0,0,0,0,0,0,0,0
2015-09-13,NO 15/9-F-11 H,7078,15/9-F-11,3420717,VOLVE,369304,MÆRSK INSPIRER,24.0,27.006913333333333,%,production,OP,3188.75867511525,222.469331,2644.2953841095,184.85054121037496,128.26574222587502,544.4632910057501,170.644196,6494.920704099999,5397.341950732,8048.3779779,0.831009676118888,0.5534080096877433,0,0,0,0,0,0,0,0,0,0
2015-09-14,NO 15/9-F-11 H,7078,15/9-F-11,3420717,VOLVE,369304,MÆRSK INSPIRER,24.0,26.964442708333333,%,production,OP,3187.993110162,222.47237525,2643.895879960125,182.82788658675003,127.83738155775,544.097230201875,171.31128462499998,6323.5233816,5326.007669320001,8013.658226699999,0.8422531787922947,0.5589423671707401,0,0,0,0,0,0,0,0,0,0
2015-09-15,NO 15/9-F-11 H,7078,15/9-F-11,3420717,VOLVE,369304,MÆRSK INSPIRER,24.0,27.02110958333333,%,production,OP,3186.2982081805,222.477889625,2642.8139992153747,182.6820206615,127.131128081625,543.4842089651249,172.53597574999998,6547.6293119,5447.440443593,7979.378762199999,0.8319714180661603,0.5492788825819077,0,0,0,0,0,0,0,0,0,0
2015-09-16,NO 15/9-F-11 H,7078,15/9-F-11,3420717,VOLVE,369304,MÆRSK INSPIRER,24.0,27.069586875,%,production,OP,3185.0562780027503,222.484935875,2641.756128302875,182.11461085412495,126.90745833425,543.300149699875,172.092070625,6611.9740682,5475.851826037,7945.8540749,0.8281720057513338,0.5458131526759444,0,0,0,0,0,0,0,0,0,0
2015-09-17,NO 15/9-F-11 H,7078,15/9-F-11,3420717,VOLVE,369304,MÆRSK INSPIRER,24.0,26.980816875,%,production,OP,3184.618489864625,222.4911875,2642.161358431625,180.23209013312496,125.900196618875,542.457131433,173.50906137500002,6546.7487385,5459.884637579001,8005.166983200001,0.8339841432237366,0.5501108676201715,0,0,0,0,0,0,0,0,0,0
2015-09-18,NO 15/9-F-11 H,7078,15/9-F-11,3420717,VOLVE,369304,MÆRSK INSPIRER,24.0,27.00517895833333,%,production,OP,3184.2468360328758,222.4989215,2642.0156012848747,178.94785418375,125.916259577375,542.231234748,173.493722375,6810.4175737,5594.297682984,7459.525965700001,0.8214324044663095,0.522743901901496,0,0,0,0,0,0,0,0,0,0
2015-09-19,NO 15/9-F-11 H,7078,15/9-F-11,3420717,VOLVE,369304,MÆRSK INSPIRER,24.0,27.030642291666663,%,production,OP,3185.256209864125,222.500582,2643.370609735,178.39266080625,124.809671005,541.885600129125,173.56357962500002,6613.7981131,5418.5131133820005,7317.6278521,0.8192740420439371,0.525260506022791,0,0,0,0,0,0,0,0,0,0
2015-09-20,NO 15/9-F-11 H,7078,15/9-F-11,3420717,VOLVE,369304,MÆRSK INSPIRER,24.0,26.994723541666666,%,production,OP,3186.679380131,222.499240625,2643.9489366735,178.8848049565,124.689008453875,542.7304434575,173.326172,6331.3856441,5341.262207132,6929.106288400001,0.8436166279192515,0.5225376497094747,0,0,0,0,0,0,0,0,0,0
2015-09-21,NO 15/9-F-11 H,7078,15/9-F-11,3420717,VOLVE,369304,MÆRSK INSPIRER,24.0,27.008797708333333,%,production,OP,3187.01917394875,222.49856075,2644.29342005325,176.430021698375,123.991865177125,542.7257538955,172.027165625,6702.2328417,5671.433816459,7181.8308542,0.8462006543807957,0.5172715288191031,0,0,0,0,0,0,0,0,0,0
2015-09-22,NO 15/9-F-11 H,7078,15/9-F-11,3420717,VOLVE,369304,MÆRSK INSPIRER,22.72458,19.040287291666665,%,production,OP,3356.1950929014874,220.72507504676787,2715.128459081605,172.55091780668005,212.6299136286791,641.0666338198826,166.9208189368094,5100.9101138000005,4475.88042769,5515.534389,0.8774670260471665,0.5195274545583809,0,0,0,0,0,0,0,0,0,0
2015-09-23,NO 15/9-F-11 H,7078,15/9-F-11,3420717,VOLVE,369304,MÆRSK INSPIRER,24.0,26.49394875,%,production,OP,3208.687147110125,222.5465435,2656.175023662,176.292682798875,129.568624623125,552.5121234481251,172.525534625,6731.291763900001,5698.927016703,7731.1199615,0.846632001195731,0.5345664408047527,0,0,0,0,0,0,0,0,0,0
2015-09-24,NO 15/9-F-11 H,7078,15/9-F-11,3420717,VOLVE,369304,MÆRSK INSPIRER,24.0,26.977477083333333,%,production,OP,3197.792345793875,222.538007,2652.06074884575,175.24827322575,122.494565384125,545.731596948125,169.24756925,6726.448610200001,5692.311160805,7862.4511943,0.8462580316414173,0.5389337989609605,0,0,0,0,0,0,0,0,0,0
2015-09-25,NO 15/9-F-11 H,7078,15/9-F-11,3420717,VOLVE,369304,MÆRSK INSPIRER,24.0,26.982303541666667,%,production,OP,3196.6866969468747,222.519532625,2652.4070028977503,174.619669468875,121.43158490375,544.279694049125,171.12197975,6717.013895200001,5755.084452643,8481.9974793,0.8567921017337186,0.5580624469780049,0,0,0,0,0,0,0,0,0,0
2015-09-26,NO 15/9-F-11 H,7078,15/9-F-11,3420717,VOLVE,369304,MÆRSK INSPIRER,24.0,26.598032916666668,%,production,OP,3201.16705674,222.493842875,2655.91077046925,175.80397423625,123.561401458,545.2562862707499,173.03394575,6732.9271145,5710.5307208290005,8448.8501806,0.8481497903832685,0.5565125885048328,0,0,0,0,0,0,0,0,0,0
2015-09-27,NO 15/9-F-11 H,7078,15/9-F-11,3420717,VOLVE,369304,MÆRSK INSPIRER,24.0,26.476222291666662,%,production,OP,3204.247237810875,222.48266,2658.38294317925,176.659719587625,124.023604326125,545.8642946316251,172.189335125,6646.9454118,5709.755563164001,8437.025337800002,0.8590044312727089,0.5593371584881743,0,0,0,0,0,0,0,0,0,0
2015-09-28,NO 15/9-F-11 H,7078,15/9-F-11,3420717,VOLVE,369304,MÆRSK INSPIRER,24.0,26.49747,%,production,OP,3206.4038440923746,222.476298875,2660.0040449917497,174.870820895625,123.641598407125,546.3997991006249,170.04476937500002,6622.226458499999,5654.1130155500005,8395.009407,0.853808466228549,0.5590249418860338,0,0,0,0,0,0,0,0,0,0
2015-09-29,NO 15/9-F-11 H,7078,15/9-F-11,3420717,VOLVE,369304,MÆRSK INSPIRER,24.0,25.903044375,%,production,OP,3207.8028908624683,222.47284234042556,2661.465173619064,174.0838869460851,123.68536677382978,546.3377172434043,167.43736438297873,6607.6340993,5654.634966816001,8024.4138018,0.855773016761785,0.5484135820247517,0,0,0,0,0,0,0,0,0,0
2015-09-30,NO 15/9-F-11 H,7078,15/9-F-11,3420717,VOLVE,369304,MÆRSK INSPIRER,24.0,26.198970625,%,production,OP,3204.371905879532,222.47677285106383,2660.647128439915,175.45302406468085,121.44087903651064,543.724777439617,170.73506280851063,6848.0306375,5837.694364618001,7887.7362305,0.8524632370437465,0.5352782994707188,0,0,0,0,0,0,0,0,0,0
2015-10-01,NO 15/9-F-11 H,7078,15/9-F-11,3420717,VOLVE,369304,MÆRSK INSPIRER,24.0,26.08514333333333,%,production,OP,3195.2050310416253,222.488514875,2657.2987901725,175.44883660674998,133.52098868537502,537.906240869125,172.365348875,6949.1707823,5934.703845518,8141.8445545,0.8540161166615858,0.5395160214731086,0,0,0,0,0,0,0,0,0,0
2015-10-02,NO 15/9-F-11 H,7078,15/9-F-11,3420717,VOLVE,369304,MÆRSK INSPIRER,24.0,24.122952916666662,%,production,OP,3189.775092354375,222.50229725,2655.78211572,175.1925967635,161.34060357875,533.992976634375,172.39835825,7029.806146500001,5993.8330134630005,8139.706019099999,0.8526313369888883,0.536583242113643,0,0,0,0,0,0,0,0,0,0
2015-10-03,NO 15/9-F-11 H,7078,15/9-F-11,3420717,VOLVE,369304,MÆRSK INSPIRER,24.0,27.955199375,%,production,OP,3132.56416130225,222.560951,2630.776425367375,175.579404044625,128.81898061200002,501.787735934875,172.715037125,7311.086449699999,6251.659281517,8791.9593161,0.855093059633227,0.5459811419509566,0,0,0,0,0,0,0,0,0,0
2015-10-04,NO 15/9-F-11 H,7078,15/9-F-11,3420717,VOLVE,369304,MÆRSK INSPIRER,24.0,28.12837680851064,%,production,OP,3126.222999778596,222.56310468085104,2628.786738986936,176.70701952676595,124.56077911085106,497.4362607916596,173.85948825531915,7293.789472199999,6198.227080976,8708.870926,0.849795172262691,0.5442139437627249,0,0,0,0,0,0,0,0,0,0
2015-10-05,NO 15/9-F-11 H,7078,15/9-F-11,3420717,VOLVE,369304,MÆRSK INSPIRER,24.0,28.34580489361702,%,production,OP,3122.867332720468,222.5659084680851,2626.381120203447,174.77303963195746,123.78294340276597,496.4862125170213,170.8011254893617,7240.137392899999,6196.213083635,8759.0007117,0.8558142956943444,0.547467035688732,0,0,0,0,0,0,0,0,0,0
2015-10-06,NO 15/9-F-11 H,7078,15/9-F-11,3420717,VOLVE,369304,MÆRSK INSPIRER,24.0,28.34060270833333,%,production,OP,3123.314468609125,222.56051825000003,2627.53862425,172.296722731125,123.207560105625,495.775844359125,167.0247335,7202.1469405,6176.559746791,8745.477620200001,0.8575997959800304,0.5483874784556709,0,0,0,0,0,0,0,0,0,0
2015-10-07,NO 15/9-F-11 H,7078,15/9-F-11,3420717,VOLVE,369304,MÆRSK INSPIRER,24.0,28.431421666666665,%,production,OP,3122.293147272625,222.561641,2627.544706781125,171.46892136775,122.288315304875,494.7484404915001,168.83243825,7226.174014699999,6155.252622546001,8696.4800003,0.851799667434599,0.5461702547896504,0,0,0,0,0,0,0,0,0,0
2015-10-08,NO 15/9-F-11 H,7078,15/9-F-11,3420717,VOLVE,369304,MÆRSK INSPIRER,24.0,28.844797916666668,%,production,OP,3123.56976268375,222.564685625,2629.250604456,172.619722357125,117.036023994625,494.3191582277501,170.751629375,7132.3929476,6122.663864239,8697.1718794,0.858430530849991,0.5494258354193984,0,0,0,0,0,0,0,0,0,0
2015-10-09,NO 15/9-F-11 H,7078,15/9-F-11,3420717,VOLVE,369304,MÆRSK INSPIRER,24.0,42.44378,%,production,OP,3059.3805548835003,222.66520475,2600.16178921925,176.3403791495,72.11304468125,459.21876566425,174.08532050000002,7477.8293128,6345.516925442,9329.8009692,0.8485773959269448,0.5550931816480803,0,0,0,0,0,0,0,0,0,0
2015-10-10,NO 15/9-F-11 H,7078,15/9-F-11,3420717,VOLVE,369304,MÆRSK INSPIRER,24.0,43.82958583333333,%,production,OP,3045.19845521075,222.7123955,2595.767591063,174.74920955425,71.016478839,449.43086414775,173.514192875,7467.3882282,6348.528209911001,9406.2850588,0.8501671556242766,0.5574533119618295,0,0,0,0,0,0,0,0,0,0
2015-10-11,NO 15/9-F-11 H,7078,15/9-F-11,3420717,VOLVE,369304,MÆRSK INSPIRER,24.0,43.44668854166667,%,production,OP,3038.256570914125,222.717300125,2590.85184834525,171.990215134375,72.979589320375,447.404722568875,170.202253625,7487.704314500001,6362.006065166001,9389.994450900002,0.8496604296788167,0.5563551394903367,0,0,0,0,0,0,0,0,0,0
2015-10-12,NO 15/9-F-11 H,7078,15/9-F-11,3420717,VOLVE,369304,MÆRSK INSPIRER,24.0,43.046460625,%,production,OP,3039.2914623685,222.702192125,2590.910026713,170.62225902112502,73.614777198125,448.3814356555,171.305309375,7399.5211783,6332.352664723,9401.6305994,0.8557787067754327,0.5595825050446058,0,0,0,0,0,0,0,0,0,0
2015-10-13,NO 15/9-F-11 H,7078,15/9-F-11,3420717,VOLVE,369304,MÆRSK INSPIRER,23.16667,32.771043541666664,%,production,OP,3176.0464337366866,222.53857422197237,2658.330893317845,169.88689663047268,136.8757174494969,517.7155404188414,169.6060780601968,6525.4891807,5640.898961104001,9185.4498297,0.8644407805912402,0.5846531403132306,0,0,0,0,0,0,0,0,0,0
2015-10-14,NO 15/9-F-11 H,7078,15/9-F-11,3420717,VOLVE,369304,MÆRSK INSPIRER,24.0,35.06368375,%,production,OP,3096.705301582625,222.6893,2619.878052490375,170.7109709095,90.346732538,476.82724909225,173.176544,7178.1198663000005,6060.133537537,9436.0987582,0.8442508136410833,0.5679532075185977,0,0,0,0,0,0,0,0,0,0
2015-10-15,NO 15/9-F-11 H,7078,15/9-F-11,3420717,VOLVE,369304,MÆRSK INSPIRER,24.0,46.10846083333333,%,production,OP,3079.501558780125,222.69492425,2611.223275457,169.362404563875,63.036726787375,468.278283323125,172.852569125,7234.602360100001,6209.809949429001,9405.8447721,0.8583484814144181,0.5652399059577717,0,0,0,0,0,0,0,0,0,0
2015-10-16,NO 15/9-F-11 H,7078,15/9-F-11,3420717,VOLVE,369304,MÆRSK INSPIRER,24.0,45.38303854166666,%,production,OP,3037.9419562975,222.7403585,2592.3329824445,168.63309004575,67.40923269775,445.608973853,174.981524375,7440.467841400001,6304.450167106001,9885.1282941,0.8473190532491776,0.5705505436459676,0,0,0,0,0,0,0,0,0,0
2015-10-17,NO 15/9-F-11 H,7078,15/9-F-11,3420717,VOLVE,369304,MÆRSK INSPIRER,24.0,44.70345666666667,%,production,OP,3036.46918605625,222.72755075,2590.7394892196253,166.44705313675,67.893626379875,445.729696836625,175.07973162499997,7355.9956931,6200.274627282,9647.7508647,0.8428872019457437,0.5673897121381383,0,0,0,0,0,0,0,0,0,0
2015-10-18,NO 15/9-F-11 H,7078,15/9-F-11,3420717,VOLVE,369304,MÆRSK INSPIRER,24.0,43.391505,%,production,OP,3036.394663718875,222.718226,2590.592154784625,165.540683480125,69.75700812812501,445.80250893425,174.985731875,7373.544263,6161.080960634001,9571.5812656,0.8355657389282836,0.5648575013177137,0,0,0,0,0,0,0,0,0,0
2015-10-19,NO 15/9-F-11 H,7078,15/9-F-11,3420717,VOLVE,369304,MÆRSK INSPIRER,24.0,42.94064645833333,%,production,OP,3042.65156375775,222.692047625,2594.5643497717497,164.66882682425,68.951007789125,448.087213986,174.61792699999998,7142.708236,6020.646052585,9419.7452522,0.8429080194316648,0.5687409331540851,0,0,0,0,0,0,0,0,0,0
2015-10-20,NO 15/9-F-11 H,7078,15/9-F-11,3420717,VOLVE,369304,MÆRSK INSPIRER,24.0,42.98138895833333,%,production,OP,3043.76170878275,222.68526725,2594.8520568177496,162.471165723875,68.6278359305,448.909651965,174.269501375,7155.476550300001,6024.438145071,9136.8924965,0.8419338813734801,0.560808097966243,0,0,0,0,0,0,0,0,0,0
2015-10-21,NO 15/9-F-11 H,7078,15/9-F-11,3420717,VOLVE,369304,MÆRSK INSPIRER,24.0,42.947775,%,production,OP,3040.9766286742497,222.6845855,2593.282047662375,160.077954118375,69.015036022875,447.69458101187496,170.700579875,7104.9064779,5982.311945735,9325.7125927,0.8419972823489148,0.5675813280454473,0,0,0,0,0,0,0,0,0,0
2015-10-22,NO 15/9-F-11 H,7078,15/9-F-11,3420717,VOLVE,369304,MÆRSK INSPIRER,24.0,42.954324166666666,%,production,OP,3043.975358821625,222.658057625,2597.7346115271253,158.29867023712498,67.948082105625,446.2407472945,169.819877,7101.19549,5965.114039982001,8867.6886285,0.8400154661820189,0.5553104752151564,0,0,0,0,0,0,0,0,0,0
2015-10-23,NO 15/9-F-11 H,7078,15/9-F-11,3420717,VOLVE,369304,MÆRSK INSPIRER,24.0,42.9686775,%,production,OP,3044.9394838185,222.640516625,2599.368537116125,157.718092188,68.52953038275,445.570946702375,171.5244365,7015.716972100001,5928.080926680001,9118.0230665,0.8449715047306933,0.5651524720669302,0,0,0,0,0,0,0,0,0,0
2015-10-24,NO 15/9-F-11 H,7078,15/9-F-11,3420717,VOLVE,369304,MÆRSK INSPIRER,24.0,42.96335770833333,%,production,OP,3051.7105677403747,222.628874,2603.588399596375,156.324836008625,67.191829800625,448.122168144,171.043985,6931.7480086,5895.873213986,9777.7612374,0.8505608118862915,0.5851614846043814,0,0,0,0,0,0,0,0,0,0
2015-10-25,NO 15/9-F-11 H,7078,15/9-F-11,3420717,VOLVE,369304,MÆRSK INSPIRER,24.0,42.8855998,%,production,OP,3049.83435242556,222.6322652,2602.85471532504,155.19963205068,67.34145378132,446.97963710052,171.78148328,7325.8675032,6147.795217347,9825.4379972,0.8391900637926624,0.5728682284255768,0,0,0,0,0,0,0,0,0,0
2015-10-26,NO 15/9-F-11 H,7078,15/9-F-11,3420717,VOLVE,369304,MÆRSK INSPIRER,1.52514,2.268974583333333,%,production,OP,3261.734537692636,222.6538570031866,2702.0140693819358,154.1213897292037,186.9407872936222,559.7204683107005,166.73933107281954,67.36386510000001,62.039805519,102.3981068,0.9209656457049104,0.6031863653204891,0,0,0,0,0,0,0,0,0,0
2015-10-27,NO 15/9-F-11 H,7078,15/9-F-11,3420717,VOLVE,369304,MÆRSK INSPIRER,0.0,0.968789375,%,production,OP,4281.284912946,219.367076,3112.604098218,81.697294716,935.137291254,1168.680814728,57.050852,0.0,0.0,0.0,0.9023315716272553,0.6042580847052241,0,0,0,0,0,0,0,0,1,1
2015-10-28,NO 15/9-F-11 H,7078,15/9-F-11,3420717,VOLVE,369304,MÆRSK INSPIRER,0.0,0.9716247916666668,%,production,OP,4338.094702128,218.867666,2778.236683854,76.371644394,1208.383081734,1559.858018274,55.2974,0.0,0.0,0.0,0.8836974975496003,0.6053298040899592,0,0,0,0,0,0,0,0,1,1
2015-10-29,NO 15/9-F-11 H,7078,15/9-F-11,3420717,VOLVE,369304,MÆRSK INSPIRER,9.0,9.5,%,production,OP,4150.099782402,219.56306,2802.88473165,90.690520944,947.762123964,1347.215050752,80.22029,1690.0090489,1461.96501354,2603.7297476,0.8650634234719452,0.6064015234746942,0,0,0,0,0,0,0,0,0,0
2015-10-30,NO 15/9-F-11 H,7078,15/9-F-11,3420717,VOLVE,369304,MÆRSK INSPIRER,17.2,65.12866729166667,%,production,OP,3481.068060888,221.971136,2943.3214011,143.033139726,132.466976388,537.746659788,152.092058,5102.8599549,4489.16581783,7637.2130982,0.8797352577781989,0.5994638387369107,0,0,0,0,0,0,0,0,0,0
2015-10-31,NO 15/9-F-11 H,7078,15/9-F-11,3420717,VOLVE,369304,MÆRSK INSPIRER,0.0,1.0310670833333333,%,production,OP,4298.295259662,219.323912,3318.899622708,89.193438708,605.932939614,979.395636954,60.430784,0.0,0.0,0.0,0.8774083211480656,0.56643339863016,0,0,0,0,0,0,0,0,1,1
2015-11-01,NO 15/9-F-11 H,7078,15/9-F-11,3420717,VOLVE,369304,MÆRSK INSPIRER,0.0,1.003696666666667,%,production,OP,4405.386532608,218.766308,3300.066003294,78.37258864200001,728.067263844,1105.320529314,53.490452,0.0,0.0,0.0,0.8750813845179322,0.5334029585234092,0,0,0,0,0,0,0,0,1,1
2015-11-02,NO 15/9-F-11 H,7078,15/9-F-11,3420717,VOLVE,369304,MÆRSK INSPIRER,0.0,1.7400639583333333,%,production,OP,4438.459112633999,218.442218,3834.192949716,73.677418506,344.208097626,604.266162918,52.904732,0.0,0.0,0.0,0.8727544478877987,0.5003725184166585,0,0,0,0,0,0,0,0,1,1
2015-11-03,NO 15/9-F-11 H,7078,15/9-F-11,3420717,VOLVE,369304,MÆRSK INSPIRER,23.3082,10.488534375,%,production,OP,4038.346010200101,221.70571713066644,2917.3952680745865,129.4929279206581,727.4516790923975,1120.9507421255148,135.15206562653486,5429.992972999999,4726.415269635,4764.153686400001,0.8704275112576653,0.4673420783099078,0,0,0,0,0,0,0,0,0,0
2015-11-04,NO 15/9-F-11 H,7078,15/9-F-11,3420717,VOLVE,369304,MÆRSK INSPIRER,24.0,25.12755583333333,%,production,OP,3537.0608872755,222.784851875,2815.1367955486253,163.01691047999998,311.31613221275,721.9240917268751,175.431492125,9318.7938017,7934.253942748,11907.0506167,0.8514249925028471,0.5609694663727094,0,0,0,0,0,0,0,0,0,0
2015-11-05,NO 15/9-F-11 H,7078,15/9-F-11,3420717,VOLVE,369304,MÆRSK INSPIRER,24.0,34.05393041666667,%,production,OP,3365.220073367625,223.1299625,2763.100351984625,163.640141787625,184.9315842145,602.119721383,174.559706375,9659.1983189,8137.176446712,12500.5570883,0.8424277230947952,0.5641107881650356,0,0,0,0,0,0,0,0,0,0
2015-11-06,NO 15/9-F-11 H,7078,15/9-F-11,3420717,VOLVE,369304,MÆRSK INSPIRER,24.0,41.71766291666667,%,production,OP,3270.208870403625,223.1611955,2730.761495027625,162.4835453215,131.016073646875,539.447375376,176.2763795,8985.7483622,7713.069854267001,12767.1192361,0.8583669988704862,0.5869166066683437,0,0,0,0,0,0,0,0,0,0
2015-11-07,NO 15/9-F-11 H,7078,15/9-F-11,3420717,VOLVE,369304,MÆRSK INSPIRER,24.0,52.49829666666667,%,production,OP,3224.304881252875,223.1602655,2739.247209120625,163.187266675875,95.07384125025,485.05767213225,177.398604875,8892.4704799,7673.491610536001,12791.0205141,0.8629201106577408,0.5898967337703777,0,0,0,0,0,0,0,0,0,0
2015-11-08,NO 15/9-F-11 H,7078,15/9-F-11,3420717,VOLVE,369304,MÆRSK INSPIRER,24.0,83.9092575,%,production,OP,3204.207291928375,223.165044125,2739.978777771,161.76827229475,74.408298225875,464.22851415737495,175.455804875,8795.3558135,7593.532066796,13176.7745614,0.8633570065625634,0.5997040039618813,0,0,0,0,0,0,0,0,0,0
2015-11-09,NO 15/9-F-11 H,7078,15/9-F-11,3420717,VOLVE,369304,MÆRSK INSPIRER,24.0,99.96042625,%,production,OP,3200.7550158685,223.15049675,2742.6139671497504,160.988433185,67.860669516,458.14104871875,173.465926625,8204.4910621,7076.0897816920005,13197.0277496,0.8624654141412184,0.6166397752287242,0,0,0,0,0,0,0,0,0,0
2015-11-10,NO 15/9-F-11 H,7078,15/9-F-11,3420717,VOLVE,369304,MÆRSK INSPIRER,24.0,99.99563625,%,production,OP,3197.401846087,223.147782875,2741.04534492025,162.478021791,68.10315492225,456.35650116675,177.34456625,8128.950444000001,7050.651896988001,13343.7690169,0.867350827829453,0.6214289271183313,0,0,0,0,0,0,0,0,0,0
2015-11-11,NO 15/9-F-11 H,7078,15/9-F-11,3420717,VOLVE,369304,MÆRSK INSPIRER,24.0,100.0,%,production,OP,3182.001236851875,223.166252375,2733.354000931625,162.857661777625,70.972480957375,448.64723592025,176.452928,8556.3430335,7293.151585242,13729.0198794,0.852367834796674,0.6160554769988908,0,0,0,0,0,0,0,0,0,0
2015-11-12,NO 15/9-F-11 H,7078,15/9-F-11,3420717,VOLVE,369304,MÆRSK INSPIRER,24.0,100.0,%,production,OP,3196.10112717325,223.14494375,2738.928581786,161.584439651375,69.37247915225,457.17254538725,174.7341875,8150.5873904,6979.610374439,13925.0732571,0.8563321930220378,0.6307885177006909,0,0,0,0,0,0,0,0,0,0
2015-11-13,NO 15/9-F-11 H,7078,15/9-F-11,3420717,VOLVE,369304,MÆRSK INSPIRER,24.0,100.0,%,production,OP,3206.2890027339577,223.114973,2738.663846290468,161.24364503285105,69.22598813636435,467.6251564434894,173.39681855319148,8093.3501194,6945.725919789001,13783.5525321,0.858201587392085,0.6300504578583441,0,0,0,0,0,0,0,0,0,0
2015-11-14,NO 15/9-F-11 H,7078,15/9-F-11,3420717,VOLVE,369304,MÆRSK INSPIRER,24.0,100.0,%,production,OP,3197.40820962925,223.108730375,2730.206519207125,160.57476667925,70.815289981625,467.201690422125,176.975073875,8266.697283,7105.308458178,13968.032659399998,0.8595099366695899,0.6282078844935276,0,0,0,0,0,0,0,0,0,0
2015-11-15,NO 15/9-F-11 H,7078,15/9-F-11,3420717,VOLVE,369304,MÆRSK INSPIRER,24.0,100.0,%,production,OP,3195.8971380409785,223.103786,2724.822727998383,163.06640238306383,71.1331125353617,471.0744100425957,177.8678285957447,8309.971175800001,7031.199147640001,14794.3249991,0.8461159490078625,0.64032788045594,0,0,0,0,0,0,0,0,0,0
2015-11-16,NO 15/9-F-11 H,7078,15/9-F-11,3420717,VOLVE,369304,MÆRSK INSPIRER,24.0,97.91666666666669,%,production,OP,3196.362586584383,223.1164714042553,2721.133245311133,160.62921160429786,71.3816149613351,475.22934127325,172.7915520851064,8313.6192656,7046.2262587840005,13989.9211982,0.8475521952201728,0.6272511407283741,0,0,0,0,0,0,0,0,0,0
2015-11-17,NO 15/9-F-11 H,7078,15/9-F-11,3420717,VOLVE,369304,MÆRSK INSPIRER,24.0,100.0,%,production,OP,3198.79157603,223.115703125,2723.0153387615,160.74973085325,71.14309096974999,475.7762372684999,171.313799375,8253.111293400001,6993.361565472001,13463.904387900002,0.8473606276295559,0.6199702843836616,0,0,0,0,0,0,0,0,0,0
2015-11-18,NO 15/9-F-11 H,7078,15/9-F-11,3420717,VOLVE,369304,MÆRSK INSPIRER,24.0,100.0,%,production,OP,3173.6430383555003,223.13459525,2711.1470726055,161.920232837625,74.75294175175,462.49596575,177.7777385,8165.9345268,7101.5583901850005,13491.013469,0.8696565429073924,0.6229415830714631,0,0,0,0,0,0,0,0,0,0
2015-11-19,NO 15/9-F-11 H,7078,15/9-F-11,3420717,VOLVE,369304,MÆRSK INSPIRER,24.0,100.0,%,production,OP,3157.305139175125,223.13657675,2703.3314340725,161.93725365125,75.950650447625,453.973705102625,178.27074725,8416.897945800001,7300.069381825,13529.2555138,0.8673111434679692,0.616475025507572,0,0,0,0,0,0,0,0,0,0
2015-11-20,NO 15/9-F-11 H,7078,15/9-F-11,3420717,VOLVE,369304,MÆRSK INSPIRER,24.0,100.0,%,production,OP,3166.72287047775,223.097054,2706.518665273875,161.046264065875,72.524188130125,460.204205203875,177.486403625,8058.378775800001,6980.254867714,13240.679031,0.8662108175749075,0.621655622098586,0,0,0,0,0,0,0,0,0,0
2015-11-21,NO 15/9-F-11 H,7078,15/9-F-11,3420717,VOLVE,369304,MÆRSK INSPIRER,24.0,100.0,%,production,OP,3181.1670538165,223.05374825,2711.76743034775,159.88847405787502,69.708988463625,469.39962346875,176.61206299999998,8281.7299289,7149.881966224001,12965.6256397,0.8633319400181969,0.6102230274181039,0,0,0,0,0,0,0,0,0,0
2015-11-22,NO 15/9-F-11 H,7078,15/9-F-11,3420717,VOLVE,369304,MÆRSK INSPIRER,24.0,100.0,%,production,OP,3187.016010307375,223.04306825,2716.36107388375,160.814342260625,68.823736944125,470.654936423625,177.13456775,8056.617629,6928.399821675001,13165.5786996,0.8599638385140743,0.6203683396264441,0,0,0,0,0,0,0,0,0,0
2015-11-23,NO 15/9-F-11 H,7078,15/9-F-11,3420717,VOLVE,369304,MÆRSK INSPIRER,24.0,100.0,%,production,OP,3186.5286252165,223.041323,2718.413125897,160.466607612375,68.941773703125,468.1154993195,174.908413625,8077.3111039,6900.545705197001,13216.777753000002,0.8543122354003652,0.6206782474619628,0,0,0,0,0,0,0,0,0,0
2015-11-24,NO 15/9-F-11 H,7078,15/9-F-11,3420717,VOLVE,369304,MÆRSK INSPIRER,24.0,100.0,%,production,OP,3189.521976871375,223.024490375,2721.42600631425,159.91156531612498,67.89089180925,468.095970557125,177.10268225,8005.9217604,6810.680741254001,12663.3373711,0.8507053834752588,0.6126652769958767,0,0,0,0,0,0,0,0,0,0
2015-11-25,NO 15/9-F-11 H,7078,15/9-F-11,3420717,VOLVE,369304,MÆRSK INSPIRER,24.0,100.0,%,production,OP,3191.1590630801247,223.008665,2723.162325709625,159.26839732675,67.404316513875,467.9967373705,176.87745312500002,7918.9336881,6756.081389878,12506.4066116,0.8531554444041562,0.6122985677640674,0,0,0,0,0,0,0,0,0,0
2015-11-26,NO 15/9-F-11 H,7078,15/9-F-11,3420717,VOLVE,369304,MÆRSK INSPIRER,24.0,100.0,%,production,OP,3190.275210573,222.988602125,2723.9411646615004,158.71624974725,67.566438781625,466.3340459115,175.137305,7865.9105898,6728.9395708990005,12641.1343418,0.8554558933869209,0.616428860616619,0,0,0,0,0,0,0,0,0,0
2015-11-27,NO 15/9-F-11 H,7078,15/9-F-11,3420717,VOLVE,369304,MÆRSK INSPIRER,24.0,100.0,%,production,OP,3195.420859672125,222.960737375,2727.637421832,157.7198930765,65.98593854424999,467.783437840125,173.50412,7805.591311900001,6625.583332115001,12447.0308052,0.8488252929683854,0.6145886065138467,0,0,0,0,0,0,0,0,0,0
2015-11-28,NO 15/9-F-11 H,7078,15/9-F-11,3420717,VOLVE,369304,MÆRSK INSPIRER,24.0,100.0,%,production,OP,3195.7469745935,222.94310075,2728.937533399125,156.7214998305,65.848412304,466.809441194375,173.76629037499998,7740.869167000001,6666.128845479,12375.3269712,0.861160252378026,0.615192200661618,0,0,0,0,0,0,0,0,0,0
2015-11-29,NO 15/9-F-11 H,7078,15/9-F-11,3420717,VOLVE,369304,MÆRSK INSPIRER,24.0,100.0,%,production,OP,3196.105469248376,222.924300125,2730.1223548643748,155.85643276599998,65.33731350012499,465.983114384,175.127560625,7660.98858,6557.858919337,12353.0610438,0.856006878336451,0.6172194671242434,0,0,0,0,0,0,0,0,0,0
2015-11-30,NO 15/9-F-11 H,7078,15/9-F-11,3420717,VOLVE,369304,MÆRSK INSPIRER,24.0,100.0,%,production,OP,3195.4245369897503,222.906318125,2731.44647626375,155.763097791375,64.841434621375,463.978060726,176.662475375,7599.6629325,6494.103172545001,12191.2871306,0.8545251585794592,0.6160031272743451,0,0,0,0,0,0,0,0,0,0
2015-12-01,NO 15/9-F-11 H,7078,15/9-F-11,3420717,VOLVE,369304,MÆRSK INSPIRER,24.0,100.0,%,production,OP,3196.910200504875,222.888836375,2733.512932363375,156.526046017375,64.480078487625,463.3972681415,176.64652325,7490.471830900001,6436.054281273,12058.8866301,0.859232158743689,0.6168430874167498,0,0,0,0,0,0,0,0,0,0
2015-12-02,NO 15/9-F-11 H,7078,15/9-F-11,3420717,VOLVE,369304,MÆRSK INSPIRER,24.0,100.0,%,production,OP,3202.086679243875,222.86574725,2736.8580313845,155.75619639987502,63.277483824125,465.22864785937503,172.65933762499998,7458.1422075,6360.309193831001,12037.1867856,0.8528007400334892,0.6174395307645403,0,0,0,0,0,0,0,0,0,0
2015-12-03,NO 15/9-F-11 H,7078,15/9-F-11,3420717,VOLVE,369304,MÆRSK INSPIRER,24.0,100.0,%,production,OP,3203.895363536375,222.845623625,2738.576873700875,156.139018157625,63.284983497375,465.3184898355,176.652111125,7481.3516064,6405.350621652001,12099.1414141,0.8561755894713565,0.6179181188866224,0,0,0,0,0,0,0,0,0,0
2015-12-04,NO 15/9-F-11 H,7078,15/9-F-11,3420717,VOLVE,369304,MÆRSK INSPIRER,24.0,100.0,%,production,OP,3193.276424496125,222.8384615,2735.214119324875,155.14485820825,65.682135301875,458.06230517125,174.31491987500002,7351.4041318,6576.321444497001,12487.788774,0.8945667149558245,0.6294504435384156,0,0,0,0,0,0,0,0,0,0
2015-12-05,NO 15/9-F-11 H,7078,15/9-F-11,3420717,VOLVE,369304,MÆRSK INSPIRER,24.0,100.0,%,production,OP,3198.3605925913757,222.820618625,2739.619020076875,154.74414238725,65.143542732125,458.7415725145,171.086294375,7681.4304625,6650.327282964001,12777.8119131,0.8657667755283673,0.6245496132515157,0,0,0,0,0,0,0,0,0,0
2015-12-06,NO 15/9-F-11 H,7078,15/9-F-11,3420717,VOLVE,369304,MÆRSK INSPIRER,24.0,100.0,%,production,OP,3202.200932928375,222.81345725,2743.694119525,154.722129849125,64.95128277662499,458.506813403375,176.892324125,7573.811813400001,6540.627111472,13042.9274046,0.8635845823235225,0.6326377448288486,0,0,0,0,0,0,0,0,0,0
2015-12-07,NO 15/9-F-11 H,7078,15/9-F-11,3420717,VOLVE,369304,MÆRSK INSPIRER,24.0,100.0,%,production,OP,3210.667471789125,222.808052,2748.709427808125,155.53507086074998,66.016148751,461.958043981,176.40950375,7643.6916025,6618.951937749001,13235.4584887,0.8659365502899359,0.6339079143972622,0,0,0,0,0,0,0,0,0,0
2015-12-08,NO 15/9-F-11 H,7078,15/9-F-11,3420717,VOLVE,369304,MÆRSK INSPIRER,24.0,100.0,%,production,OP,3219.7573265630003,222.80771525,2753.9085294535,154.585437577375,66.46479963099999,465.8487971095,174.45022999999998,7615.2616613,6586.948697168,13292.1296768,0.8649668245337144,0.6357622269487757,0,0,0,0,0,0,0,0,0,0
2015-12-09,NO 15/9-F-11 H,7078,15/9-F-11,3420717,VOLVE,369304,MÆRSK INSPIRER,20.16667,39.149164166666665,%,production,OP,3416.4497179310565,222.49382054442705,2862.757653140663,150.8012992616551,158.36408047814962,553.6920647903938,163.35006047099992,6119.98513,5357.30355646,13634.5469332,0.8753785250553378,0.6901984258386612,0,0,0,0,0,0,0,0,0,0
2015-12-10,NO 15/9-F-11 H,7078,15/9-F-11,3420717,VOLVE,369304,MÆRSK INSPIRER,24.0,31.343920416666663,%,production,OP,3319.6075713157497,222.76240925,2796.61313744875,154.764686415625,138.3171445505,522.994433867,171.7805585,7347.630245800001,6210.196292247001,13650.9004392,0.8451971703117245,0.6500883630372922,0,0,0,0,0,0,0,0,0,0
2015-12-11,NO 15/9-F-11 H,7078,15/9-F-11,3420717,VOLVE,369304,MÆRSK INSPIRER,24.0,44.11447666666667,%,production,OP,3267.389089953625,222.8216195,2777.67175480075,155.27690926399998,102.427140942,489.717335152875,176.70307250000002,7680.0467043,6566.572115268001,13445.7897351,0.8550172112353727,0.6364618874935244,0,0,0,0,0,0,0,0,0,0
2015-12-12,NO 15/9-F-11 H,7078,15/9-F-11,3420717,VOLVE,369304,MÆRSK INSPIRER,24.0,71.79522104166666,%,production,OP,3229.326954954375,222.8572625,2764.508525926625,155.986009110875,76.76382412437499,464.81842902775,178.45232075,7679.040334699999,6538.694691088001,12826.3063482,0.8514989381604089,0.6255103386716317,0,0,0,0,0,0,0,0,0,0
2015-12-13,NO 15/9-F-11 H,7078,15/9-F-11,3420717,VOLVE,369304,MÆRSK INSPIRER,24.0,100.0,%,production,OP,3218.21085284475,222.852591875,2761.603964722375,155.639543545125,69.729426735125,456.60688812237504,178.377621125,7696.085719799999,6539.546481652001,12795.0459925,0.8497237062767469,0.6244187081584982,0,0,0,0,0,0,0,0,0,0
2015-12-14,NO 15/9-F-11 H,7078,15/9-F-11,3420717,VOLVE,369304,MÆRSK INSPIRER,24.0,100.0,%,production,OP,3215.620543662125,222.83165,2761.371444635375,155.17849795937502,68.48100308525,454.24909902675,176.586393875,7630.797492000001,6501.712430954001,12809.9528422,0.8520357718535038,0.6266870165116837,0,0,0,0,0,0,0,0,0,0
2015-12-15,NO 15/9-F-11 H,7078,15/9-F-11,3420717,VOLVE,369304,MÆRSK INSPIRER,24.0,100.0,%,production,OP,3213.12757310725,222.81245975,2760.581670422625,154.12748915725,68.002797691125,452.545902684625,175.65215525000002,7587.8380897,6449.483402242,13213.1925613,0.8499764130440207,0.6352181669740861,0,0,0,0,0,0,0,0,0,0
2015-12-16,NO 15/9-F-11 H,7078,15/9-F-11,3420717,VOLVE,369304,MÆRSK INSPIRER,24.0,100.0,%,production,OP,3212.292244876,222.79116162500003,2760.524063142,152.989297409,67.7570277785,451.768181734,175.0483385,7486.2576582,6402.03598391,13103.435376800002,0.855171739500255,0.6364075148923171,0,0,0,0,0,0,0,0,0,0
2015-12-17,NO 15/9-F-11 H,7078,15/9-F-11,3420717,VOLVE,369304,MÆRSK INSPIRER,24.0,100.0,%,production,OP,3212.067994976625,222.771267125,2761.95027618525,153.449856513125,66.50003480012501,450.117718791375,174.134748875,7548.400981,6416.335965381001,13099.0325098,0.8500258507108317,0.6344145637101393,0,0,0,0,0,0,0,0,0,0
2015-12-18,NO 15/9-F-11 H,7078,15/9-F-11,3420717,VOLVE,369304,MÆRSK INSPIRER,24.0,100.0,%,production,OP,3212.2741997315,222.753032375,2763.478055109625,152.742409495125,65.43086905337499,448.79614462187504,172.264661375,7434.303827600001,6349.949979733001,13111.8008241,0.8541418439422244,0.6381648028360023,0,0,0,0,0,0,0,0,0,0
2015-12-19,NO 15/9-F-11 H,7078,15/9-F-11,3420717,VOLVE,369304,MÆRSK INSPIRER,24.0,100.0,%,production,OP,3212.433261093125,222.75033275,2765.31967813625,152.507248507875,64.444057696,447.113582956875,173.1281105,7378.198722399999,6291.687434526,12902.7904378,0.852740305763874,0.636201239292648,0,0,0,0,0,0,0,0,0,0
2015-12-20,NO 15/9-F-11 H,7078,15/9-F-11,3420717,VOLVE,369304,MÆRSK INSPIRER,24.0,100.0,%,production,OP,3213.324114705375,222.739592375,2767.9824005620003,152.107297158,63.305276730875,445.34171414337504,172.0964855,7269.5737037,6231.049622597001,12827.7530045,0.8571409929340945,0.6382815580773781,0,0,0,0,0,0,0,0,0,0
2015-12-21,NO 15/9-F-11 H,7078,15/9-F-11,3420717,VOLVE,369304,MÆRSK INSPIRER,24.0,100.0,%,production,OP,3215.292419360125,222.72643775,2770.437485982625,151.56625102875,63.358088692625,444.8549333775,171.274682,7232.715417100001,6177.211303006001,12746.6773536,0.8540653055976022,0.6379912292576351,0,0,0,0,0,0,0,0,0,0
2015-12-22,NO 15/9-F-11 H,7078,15/9-F-11,3420717,VOLVE,369304,MÆRSK INSPIRER,24.0,100.0,%,production,OP,3217.118568645125,222.715535,2773.1879835930004,151.513632451,62.1789388175,443.93058505212497,173.50119612500004,7153.841199699999,6120.224324763001,12685.9806871,0.8555158206502622,0.6394200895291476,0,0,0,0,0,0,0,0,0,0
2015-12-23,NO 15/9-F-11 H,7078,15/9-F-11,3420717,VOLVE,369304,MÆRSK INSPIRER,24.0,97.91666666666669,%,production,OP,3213.0504181630213,222.71044463829787,2772.7462672780853,150.92898684459573,62.93138336068085,440.3041508849362,171.06365089361702,7147.928778300001,6144.889170684,12821.0858059,0.8596740903936995,0.6420489980534329,0,0,0,0,0,0,0,0,0,0
2015-12-24,NO 15/9-F-11 H,7078,15/9-F-11,3420717,VOLVE,369304,MÆRSK INSPIRER,24.0,100.0,%,production,OP,3213.384794978625,222.700195625,2774.7014853392498,150.366505757625,62.574490681375,438.683309639375,171.93212712500002,7074.8411861,6106.548000893999,12656.355682,0.863135700189509,0.6414388223180673,0,0,0,0,0,0,0,0,0,0
2015-12-25,NO 15/9-F-11 H,7078,15/9-F-11,3420717,VOLVE,369304,MÆRSK INSPIRER,24.0,97.91666666666669,%,production,OP,3215.692951890638,222.68747280851065,2778.135475103234,150.8263585729787,61.7256084047234,437.55747678740425,174.93534327659577,7046.0967544000005,6038.834888820001,12528.6096409,0.8570468302254002,0.6400407437992629,0,0,0,0,0,0,0,0,0,0
2015-12-26,NO 15/9-F-11 H,7078,15/9-F-11,3420717,VOLVE,369304,MÆRSK INSPIRER,24.0,100.0,%,production,OP,3217.009457766375,222.674238125,2780.32520083775,150.44791135675,61.386221542,436.68425692862496,175.06854125,6987.161234699999,6030.422574133001,12570.3739793,0.8630719073984449,0.6427381488390044,0,0,0,0,0,0,0,0,0,0
2015-12-27,NO 15/9-F-11 H,7078,15/9-F-11,3420717,VOLVE,369304,MÆRSK INSPIRER,24.0,100.0,%,production,OP,3222.391627584,222.66347919148936,2785.304913285447,149.7029096545532,59.79497981348936,437.0867142985532,173.35106063829787,6830.167577100001,5996.200510951,12313.1836484,0.8778994721966847,0.6432094100639056,0,0,0,0,0,0,0,0,0,0
2015-12-28,NO 15/9-F-11 H,7078,15/9-F-11,3420717,VOLVE,369304,MÆRSK INSPIRER,24.0,100.0,%,production,OP,3221.6687427624256,222.65587438297877,2786.025283086383,149.39538589174467,60.53193332106383,435.64345967604254,172.5061655319149,6908.2870173,5979.44615783,12471.7497585,0.8655468631885211,0.6435359180573677,0,0,0,0,0,0,0,0,0,0
2015-12-29,NO 15/9-F-11 H,7078,15/9-F-11,3420717,VOLVE,369304,MÆRSK INSPIRER,24.0,100.0,%,production,OP,3223.16833629025,222.64785275000003,2788.2311285473747,148.462495239625,59.742835245125,434.9372077428751,172.07919387500002,6848.0306375,5946.687535816,12338.6573789,0.8683792247148806,0.6430842763666881,0,0,0,0,0,0,0,0,0,0
2015-12-30,NO 15/9-F-11 H,7078,15/9-F-11,3420717,VOLVE,369304,MÆRSK INSPIRER,24.0,100.0,%,production,OP,3225.2641081956253,222.639221,2790.838265159625,147.908879150375,59.099168687625,434.425843036,172.8559835,6844.256751500001,5929.402049607001,12257.7075242,0.866332498164611,0.6416987984734784,0,0,0,0,0,0,0,0,0,0
2015-12-31,NO 15/9-F-11 H,7078,15/9-F-11,3420717,VOLVE,369304,MÆRSK INSPIRER,24.0,100.0,%,production,OP,3226.909392073,222.630774125,2792.933042950375,148.49180802375,58.557596795625,433.976349122625,173.172867125,6790.353079799999,5896.284277094,12266.5761563,0.8683325016830593,0.6436806268379867,0,0,0,0,0,0,0,0,0,0
2016-01-01,NO 15/9-F-11 H,7078,15/9-F-11,3420717,VOLVE,369304,MÆRSK INSPIRER,24.0,100.0,%,production,OP,3228.2235451315,222.622839125,2794.613882289125,149.03787911537498,58.33045822275,433.60966284237503,174.81773412500002,6765.319635999999,5845.599560213001,12221.5411167,0.8640537143444144,0.643684139041366,0,0,0,0,0,0,0,0,0,0
2016-01-02,NO 15/9-F-11 H,7078,15/9-F-11,3420717,VOLVE,369304,MÆRSK INSPIRER,24.0,100.0,%,production,OP,3233.99617235325,222.612929375,2798.494939023,147.31695187775,57.525693728375,435.5012333302501,171.734580875,6622.163560399999,5772.254106636001,12095.6820186,0.871656831485349,0.6462112302160691,0,0,0,0,0,0,0,0,0,0
2016-01-03,NO 15/9-F-11 H,7078,15/9-F-11,3420717,VOLVE,369304,MÆRSK INSPIRER,21.66667,72.053668125,%,production,OP,3391.34668301849,222.3777547498836,2807.863000484997,137.82622608768554,73.31878116001938,583.4836825334922,149.8417294295404,4826.4228054000005,4189.888920651,9192.7460093,0.868114769382239,0.6557268929995916,0,0,0,0,0,0,0,0,0,0
2016-01-04,NO 15/9-F-11 H,7078,15/9-F-11,3420717,VOLVE,369304,MÆRSK INSPIRER,24.0,67.30764708333334,%,production,OP,3441.559057017,222.262040375,2920.89752916375,140.01475088637503,112.987318440875,520.6615278532499,153.17624825,5374.9571355,4896.203403177001,12086.9391827,0.91092882784851,0.6921893798041941,0,0,0,0,0,0,0,0,0,0
2016-01-05,NO 15/9-F-11 H,7078,15/9-F-11,3420717,VOLVE,369304,MÆRSK INSPIRER,24.0,100.0,%,production,OP,3246.422251635625,222.63987275,2809.46703350675,147.6240154535,60.530464104125,436.955218128875,173.97373475,6694.685069699999,6071.602339509,13223.2562573,0.9069287466544084,0.6638866959295165,0,0,0,0,0,0,0,0,0,0
2016-01-06,NO 15/9-F-11 H,7078,15/9-F-11,3420717,VOLVE,369304,MÆRSK INSPIRER,24.0,100.0,%,production,OP,3249.95237079875,222.606990875,2813.06802488425,174.6394943505,58.875870600125,436.8843459145,174.109999625,6602.8538437,6035.351093665001,14233.84003,0.914051898850302,0.6831141310745993,0,0,0,0,0,0,0,0,0,0
2016-01-07,NO 15/9-F-11 H,7078,15/9-F-11,3420717,VOLVE,369304,MÆRSK INSPIRER,24.0,100.0,%,production,OP,3249.35047518525,222.595721,2813.9646981462497,208.6819434825,58.695718296,435.385777039,173.00909937499998,6635.309263300001,6028.439653728,13234.0118324,0.9085393633528724,0.6660525424426316,0,0,0,0,0,0,0,0,0,0
2016-01-08,NO 15/9-F-11 H,7078,15/9-F-11,3420717,VOLVE,369304,MÆRSK INSPIRER,24.0,100.0,%,production,OP,3256.812574528375,222.58505375,2819.2607909325,210.02317634425,57.887303678625,437.551783595875,173.486823125,6682.6715326,6005.835773699,13453.5262014,0.8987177873999642,0.6681264446804522,0,0,0,0,0,0,0,0,0,0
2016-01-09,NO 15/9-F-11 H,7078,15/9-F-11,3420717,VOLVE,369304,MÆRSK INSPIRER,24.0,100.0,%,production,OP,3261.287531656,222.586896125,2822.29875083725,209.4431754255,58.7030306285,438.98878081875,173.122943375,6705.566441,6029.552419925,13464.3446746,0.8991861422859624,0.6675460589504671,0,0,0,0,0,0,0,0,0,0
2016-01-10,NO 15/9-F-11 H,7078,15/9-F-11,3420717,VOLVE,369304,MÆRSK INSPIRER,24.0,100.0,%,production,OP,3267.0412253755,222.592914875,2827.182255837875,209.5021817185,58.90586324987501,439.858969537625,172.90709750000002,6726.197017800001,6055.084241731001,13573.0325914,0.9002240382948957,0.6686476705129952,0,0,0,0,0,0,0,0,0,0
2016-01-11,NO 15/9-F-11 H,7078,15/9-F-11,3420717,VOLVE,369304,MÆRSK INSPIRER,24.0,100.0,%,production,OP,3275.5070450895,222.598629875,2832.762753034,211.118095400875,59.1555733615,442.7442920555,176.04776487499998,6793.686679099999,6093.419761169,13641.2770299,0.8969238719699437,0.6675459386253809,0,0,0,0,0,0,0,0,0,0
2016-01-12,NO 15/9-F-11 H,7078,15/9-F-11,3420717,VOLVE,369304,MÆRSK INSPIRER,24.0,100.0,%,production,OP,3282.926056060125,222.601488125,2839.22024969175,213.30521707325,58.992444892625,443.705806368375,177.220033625,6827.337162600001,6110.784352306001,13920.8590844,0.8950465176644183,0.6709430987964955,0,0,0,0,0,0,0,0,0,0
2016-01-13,NO 15/9-F-11 H,7078,15/9-F-11,3420717,VOLVE,369304,MÆRSK INSPIRER,23.33333,81.80433166666667,%,production,OP,3358.7885850456155,222.509626247272,2881.51739961651,212.2612668009023,89.15086550069219,477.271185429106,176.3159549755256,6133.9485082,5492.270689508,13694.2372301,0.8953891090161271,0.6906449944963092,0,0,0,0,0,0,0,0,0,0
2016-01-14,NO 15/9-F-11 H,7078,15/9-F-11,3420717,VOLVE,369304,MÆRSK INSPIRER,24.0,100.0,%,production,OP,3297.63957194325,222.63931625,2848.0846519595,213.92151979475,61.771922908375,449.55491998375,178.00776537500002,6892.1851037,5968.60454493,14259.1879643,0.8659959729935017,0.674149518258594,0,0,0,0,0,0,0,0,0,0
2016-01-15,NO 15/9-F-11 H,7078,15/9-F-11,3420717,VOLVE,369304,MÆRSK INSPIRER,24.0,100.0,%,production,OP,3292.695486383,222.64126475,2848.2584890673747,213.070590913625,61.18952584099999,444.436997315625,177.33176525,6888.8515044000005,6022.110200047,15002.3919139,0.8741820310977234,0.6853147455917804,0,0,0,0,0,0,0,0,0,0
2016-01-16,NO 15/9-F-11 H,7078,15/9-F-11,3420717,VOLVE,369304,MÆRSK INSPIRER,24.0,100.0,%,production,OP,3290.657826369625,222.635565875,2849.1951414497503,211.96036732637495,61.18612349125001,441.46268491987496,177.8298305,6850.232070999999,5969.3849998000005,14298.7508692,0.8714135430638903,0.6760963829622713,0,0,0,0,0,0,0,0,0,0
2016-01-17,NO 15/9-F-11 H,7078,15/9-F-11,3420717,VOLVE,369304,MÆRSK INSPIRER,24.0,100.0,%,production,OP,3289.6347132095,222.62336525,2850.6352449031247,214.924366916,60.426737761125,438.99946830637504,178.229461625,6778.9056256,5906.2613861380005,13829.0278584,0.8712706316242952,0.6710535954095959,0,0,0,0,0,0,0,0,0,0
2016-01-18,NO 15/9-F-11 H,7078,15/9-F-11,3420717,VOLVE,369304,MÆRSK INSPIRER,24.0,100.0,%,production,OP,3292.218187476375,222.607310375,2852.984951151875,213.0245262405,59.45623109225,439.2332363245,177.63478924999998,6728.2097570000005,5881.259637979001,14345.0438708,0.8741195429973276,0.6807227836842388,0,0,0,0,0,0,0,0,0,0
2016-01-19,NO 15/9-F-11 H,7078,15/9-F-11,3420717,VOLVE,369304,MÆRSK INSPIRER,24.0,100.0,%,production,OP,3297.613969714625,222.58870175,2856.814057087125,212.308180536875,57.927128696125,440.7999126275,177.77012075,6527.1245313,5688.140847881999,14424.169680600002,0.8714619769555858,0.6884619887781112,0,0,0,0,0,0,0,0,0,0
2016-01-20,NO 15/9-F-11 H,7078,15/9-F-11,3420717,VOLVE,369304,MÆRSK INSPIRER,20.83333,86.41695041666667,%,production,OP,3349.7873487299503,222.47296544529652,2900.666111069976,212.60708933285736,58.91896129572077,449.1212376599743,175.82656975714684,5566.4189519,5069.637426347001,13297.7276077,0.9107538383571664,0.7049207111324504,0,0,0,0,0,0,0,0,0,0
2016-01-21,NO 15/9-F-11 H,7078,15/9-F-11,3420717,VOLVE,369304,MÆRSK INSPIRER,24.0,99.98954708333332,%,production,OP,3337.675411241125,222.547509125,2877.632195195625,212.914720388,56.620263797125,460.0432160455,176.981902625,6289.1181209,5484.478500953,14195.094800400002,0.8720584341907935,0.6929773115978298,0,0,0,0,0,0,0,0,0,0
2016-01-22,NO 15/9-F-11 H,7078,15/9-F-11,3420717,VOLVE,369304,MÆRSK INSPIRER,24.0,99.99033104166666,%,production,OP,3330.233327142,222.539247125,2874.8180802925,210.3393652275,56.639142910125,455.4152468495,174.41747375,6205.9039346,5492.987577918,14606.7628649,0.8851228823077245,0.7018208192931292,0,0,0,0,0,0,0,0,0,0
2016-01-23,NO 15/9-F-11 H,7078,15/9-F-11,3420717,VOLVE,369304,MÆRSK INSPIRER,24.0,100.0,%,production,OP,3309.163460476375,222.554222375,2867.1112202595,211.52831121087505,59.532512015375005,442.05224021687496,174.1983185,6401.2025351,5587.691362055,15064.3465424,0.8729127584099647,0.7017918101238004,0,0,0,0,0,0,0,0,0,0
2016-01-24,NO 15/9-F-11 H,7078,15/9-F-11,3420717,VOLVE,369304,MÆRSK INSPIRER,24.0,99.98994125,%,production,OP,3296.598389465625,222.55812575,2863.60574244825,212.211700050625,60.24447636275001,432.992647017375,176.31048500000003,6476.4915608,5627.4772562220005,15026.1044976,0.8689082975546831,0.6988042028408957,0,0,0,0,0,0,0,0,0,0
2016-01-25,NO 15/9-F-11 H,7078,15/9-F-11,3420717,VOLVE,369304,MÆRSK INSPIRER,22.66669,71.305673125,%,production,OP,3383.1177461100347,222.44544405288465,2907.330249293786,209.56816515591748,90.91347004358325,475.7874968162487,171.30076722338904,6406.674669800001,4779.363658786001,12970.4687934,0.7459975580335189,0.6693694980394193,0,0,0,0,0,0,0,0,0,0
2016-01-26,NO 15/9-F-11 H,7078,15/9-F-11,3420717,VOLVE,369304,MÆRSK INSPIRER,23.99997,75.77978,%,production,OP,3416.586754516435,222.36080316353397,2939.4738923412056,208.07680369112964,89.06489848747755,477.1128621752291,167.13709834254294,5721.8401570000005,5099.925785096,13671.342321700002,0.8913086778310014,0.7049561018010101,0,0,0,0,0,0,0,0,0,0
2016-01-27,NO 15/9-F-11 H,7078,15/9-F-11,3420717,VOLVE,369304,MÆRSK INSPIRER,24.0,100.0,%,production,OP,3301.689700682375,222.56447675,2868.408485455875,212.67725087925,59.777003780625,433.2812152265,178.5991445,6586.185847199999,5706.501666706001,15063.9691538,0.8664349593372042,0.6957903605357195,0,0,0,0,0,0,0,0,0,0
2016-01-28,NO 15/9-F-11 H,7078,15/9-F-11,3420717,VOLVE,369304,MÆRSK INSPIRER,24.0,100.0,%,production,OP,3301.865190619125,222.54481475,2870.3215396975,210.580651048625,58.66163738762499,431.543650921625,174.036939125,6284.3378653,5516.772734662,14962.8919071,0.8778606199904948,0.7042278954660098,0,0,0,0,0,0,0,0,0,0
2016-01-29,NO 15/9-F-11 H,7078,15/9-F-11,3420717,VOLVE,369304,MÆRSK INSPIRER,24.0,100.0,%,production,OP,3302.478405239875,222.537648125,2871.789602247,209.434234437125,57.79539188937501,430.688802992875,170.144724875,6314.025768500001,5508.32687101,14949.7462042,0.8723953738818194,0.7030618191068635,0,0,0,0,0,0,0,0,0,0
2016-01-30,NO 15/9-F-11 H,7078,15/9-F-11,3420717,VOLVE,369304,MÆRSK INSPIRER,24.0,100.0,%,production,OP,3303.76753622175,222.52245875,2873.1203561132497,209.00739062475,57.108591635,430.6471801085,171.225911375,6280.6268774,5472.591926079999,14877.916574,0.871344856637224,0.70316355226312,0,0,0,0,0,0,0,0,0,0
2016-01-31,NO 15/9-F-11 H,7078,15/9-F-11,3420717,VOLVE,369304,MÆRSK INSPIRER,24.0,100.0,%,production,OP,3303.662942672375,222.506789375,2875.373367340375,210.989525257125,55.298574805875,428.289575332,177.7717055,6189.047243800001,5397.870964938001,14705.1983914,0.872165092994794,0.7037917830652153,0,0,0,0,0,0,0,0,0,0
2016-02-01,NO 15/9-F-11 H,7078,15/9-F-11,3420717,VOLVE,369304,MÆRSK INSPIRER,24.0,100.0,%,production,OP,3305.65207538825,222.488149625,2876.515036979,210.1953424935,55.712053970875,429.13703840925,173.20851875,6128.8537621,5376.5302917280005,14716.7087437,0.8772489115298744,0.7059876047770489,0,0,0,0,0,0,0,0,0,0
2016-02-02,NO 15/9-F-11 H,7078,15/9-F-11,3420717,VOLVE,369304,MÆRSK INSPIRER,24.0,100.0,%,production,OP,3308.061522184875,222.476829875,2878.680040356375,208.816414859875,54.72291596225,429.3814818285,172.337200625,6131.6841766,5345.522219393,14625.5064987,0.8717869455496118,0.7045995157766513,0,0,0,0,0,0,0,0,0,0
2016-02-03,NO 15/9-F-11 H,7078,15/9-F-11,3420717,VOLVE,369304,MÆRSK INSPIRER,24.0,100.0,%,production,OP,3310.7271819515745,222.4684070638298,2880.9438191120425,210.13749779029783,54.49654108902128,429.7833628395319,176.89501974468084,6027.1475344,5306.8452068060005,14444.0454802,0.8804903441498872,0.7055790773844273,0,0,0,0,0,0,0,0,0,0
2016-02-04,NO 15/9-F-11 H,7078,15/9-F-11,3420717,VOLVE,369304,MÆRSK INSPIRER,23.58333,77.45600125,%,production,OP,3401.540514682817,222.3188381421708,2934.7079523605457,209.53294542798204,90.1498171666064,466.8325623222713,174.08111702695422,5125.6919652,4533.4889446530005,12664.1550464,0.8844637905344958,0.7118754331131821,0,0,0,0,0,0,0,0,0,0
2016-02-05,NO 15/9-F-11 H,7078,15/9-F-11,3420717,VOLVE,369304,MÆRSK INSPIRER,24.0,92.01064270833334,%,production,OP,3327.32947904125,222.45604775,2889.2635689732497,210.769436135375,62.70878076125,438.065910068,172.89766400000002,6036.5193513,5344.405215432001,14718.9730753,0.8853454953774067,0.7091603886225476,0,0,0,0,0,0,0,0,0,0
2016-02-06,NO 15/9-F-11 H,7078,15/9-F-11,3420717,VOLVE,369304,MÆRSK INSPIRER,24.0,100.0,%,production,OP,3312.0254137465004,222.47099525,2884.7362621925,221.561160758,54.177110773625,427.289151554,174.875763125,6067.779707000001,5279.973898429001,14689.4738664,0.8701657201460099,0.7076790681607448,0,0,0,0,0,0,0,0,0,0
2016-02-07,NO 15/9-F-11 H,7078,15/9-F-11,3420717,VOLVE,369304,MÆRSK INSPIRER,24.0,100.0,%,production,OP,3315.87119905175,222.451510625,2888.26963564575,289.827450192375,53.09334151325,427.601563406,172.32190025,5931.4166262,5282.028507675001,14576.571776899998,0.8905171969110128,0.7107753081573128,0,0,0,0,0,0,0,0,0,0
2016-02-08,NO 15/9-F-11 H,7078,15/9-F-11,3420717,VOLVE,369304,MÆRSK INSPIRER,24.0,100.0,%,production,OP,3320.583819072125,222.436983125,2892.414999961625,291.18062451612496,51.517826957125,428.1688191105,175.00262074999998,5919.340191,5280.177664248,14475.4945302,0.8920213222879455,0.7097627770992931,0,0,0,0,0,0,0,0,0,0
2016-02-09,NO 15/9-F-11 H,7078,15/9-F-11,3420717,VOLVE,369304,MÆRSK INSPIRER,24.0,100.0,%,production,OP,3325.769924708375,222.4256075,2896.183371234375,292.017696225,50.439384821625005,429.586553474,177.05298125000002,5948.3991132,5333.3672528,14567.7031448,0.896605481795061,0.7100619289962598,0,0,0,0,0,0,0,0,0,0
2016-02-10,NO 15/9-F-11 H,7078,15/9-F-11,3420717,VOLVE,369304,MÆRSK INSPIRER,24.0,100.0,%,production,OP,3334.896241431125,222.409857875,2902.070221924375,293.46854457687505,49.030521949125,432.82601950675,178.255021625,5874.430947600001,5114.968434708001,14313.7835151,0.8707172627159269,0.7090168148127377,0,0,0,0,0,0,0,0,0,0
2016-02-11,NO 15/9-F-11 H,7078,15/9-F-11,3420717,VOLVE,369304,MÆRSK INSPIRER,24.0,100.0,%,production,OP,3349.660417879,222.383276375,2910.195903355375,292.097566838625,47.378877551125,439.464514523625,177.212454875,5953.8083498000005,5205.317563188,14032.0629252,0.8742836949669125,0.7020991345397325,0,0,0,0,0,0,0,0,0,0
2016-02-12,NO 15/9-F-11 H,7078,15/9-F-11,3420717,VOLVE,369304,MÆRSK INSPIRER,24.0,100.0,%,production,OP,3354.285147893,222.36938975,2913.5546812728758,291.13513697337504,47.59260615225,440.730466620125,173.86193525,5626.2979431,4896.459081605,14083.1361824,0.8702808011811635,0.7145378245121348,0,0,0,0,0,0,0,0,0,0
2016-02-13,NO 15/9-F-11 H,7078,15/9-F-11,3420717,VOLVE,369304,MÆRSK INSPIRER,24.0,100.0,%,production,OP,3358.128017330125,222.358164875,2917.138739463875,293.3602283855,47.04362523575,440.98927786625,177.39104675,5462.9515774,4770.491193558001,14060.7444588,0.8732442757305998,0.7201886585782309,0,0,0,0,0,0,0,0,0,0
2016-02-14,NO 15/9-F-11 H,7078,15/9-F-11,3420717,VOLVE,369304,MÆRSK INSPIRER,24.0,100.0,%,production,OP,3365.1059949373757,222.34157675,2922.1509354732502,292.02778845250003,46.539524515375,442.955059464125,177.336852875,5565.7270728,4900.208796450999,13769.0859691,0.8804256357446228,0.7121395970709078,0,0,0,0,0,0,0,0,0,0
2016-02-15,NO 15/9-F-11 H,7078,15/9-F-11,3420717,VOLVE,369304,MÆRSK INSPIRER,24.0,100.0,%,production,OP,3366.794902014875,222.334749125,2925.252050362125,291.22500916575,46.469205258375,441.54285165275,177.31772074999998,5547.2979295000005,4860.825489864,13719.5851644,0.8762510237668314,0.7120811963998315,0,0,0,0,0,0,0,0,0,0
2016-02-16,NO 15/9-F-11 H,7078,15/9-F-11,3420717,VOLVE,369304,MÆRSK INSPIRER,24.0,100.0,%,production,OP,3369.725787616125,222.326281625,2928.2379295383757,289.509659847875,46.938771826625,441.48785807775,171.66929412500002,5487.3560402,4830.645194097,13666.8136585,0.8803229020876392,0.7135163712905588,0,0,0,0,0,0,0,0,0,0
2016-02-17,NO 15/9-F-11 H,7078,15/9-F-11,3420717,VOLVE,369304,MÆRSK INSPIRER,24.0,100.0,%,production,OP,3374.868816966375,222.31410125,2932.640370687625,288.711020187375,46.111674501875,442.22844627875,171.640681625,5471.3170247,4791.8166814470005,13519.7579007,0.8758068047993879,0.7119006140414793,0,0,0,0,0,0,0,0,0,0
2016-02-18,NO 15/9-F-11 H,7078,15/9-F-11,3420717,VOLVE,369304,MÆRSK INSPIRER,24.0,100.0,%,production,OP,3378.0056716357503,222.30577025,2936.4507636992503,292.994209884375,45.31015523275,441.5549079365,176.898356,5371.6864343,4742.26274126,13451.5134622,0.8828256822622926,0.7146241625315356,0,0,0,0,0,0,0,0,0,0
2016-02-19,NO 15/9-F-11 H,7078,15/9-F-11,3420717,VOLVE,369304,MÆRSK INSPIRER,24.0,100.0,%,production,OP,3375.892507256875,222.304738625,2936.649970370625,290.077411098875,46.34471128675,439.2425368862501,172.47921725,5193.0558303,4584.777542904001,13715.8741765,0.8828669848209857,0.7253649028034648,0,0,0,0,0,0,0,0,0,0
2016-02-20,NO 15/9-F-11 H,7078,15/9-F-11,3420717,VOLVE,369304,MÆRSK INSPIRER,24.0,100.0,%,production,OP,3375.129208522375,222.30009425,2939.368151701625,289.00782534625,45.86065904825,435.76105682075,174.802248125,5367.5980578,4682.823157102,13974.070876999998,0.8724243333192749,0.7224852686759368,0,0,0,0,0,0,0,0,0,0
2016-02-21,NO 15/9-F-11 H,7078,15/9-F-11,3420717,VOLVE,369304,MÆRSK INSPIRER,24.0,100.0,%,production,OP,3381.033699459125,222.2871485,2945.007307703875,288.6125786665,45.587990629875,436.02639175525,176.031836,5110.0303383,4560.785442018,14072.820894,0.8925163140098455,0.7336146604892733,0,0,0,0,0,0,0,0,0,0
2016-02-22,NO 15/9-F-11 H,7078,15/9-F-11,3420717,VOLVE,369304,MÆRSK INSPIRER,24.0,100.0,%,production,OP,3375.6977484175,222.298781375,2945.132185421875,289.85659980875,46.869739781875,430.565562995625,177.57434637499998,5207.711087600001,4691.264076696,14489.5837046,0.9008303259883782,0.7356128776799228,0,0,0,0,0,0,0,0,0,0
2016-02-23,NO 15/9-F-11 H,7078,15/9-F-11,3420717,VOLVE,369304,MÆRSK INSPIRER,24.0,100.0,%,production,OP,3383.905657329625,222.297690875,2951.6031796785,289.72799944875004,47.5546364125,432.302477651125,176.538773375,5203.1824244,4672.521859112,14630.2867543,0.8980123082366861,0.7376564645590133,0,0,0,0,0,0,0,0,0,0
2016-02-24,NO 15/9-F-11 H,7078,15/9-F-11,3420717,VOLVE,369304,MÆRSK INSPIRER,24.0,100.0,%,production,OP,3391.24058251975,222.299830625,2957.8918974286253,290.9280861635,47.987103469,433.348685091125,176.871572,5186.0741412,4636.043539747001,14867.0981008,0.8939408526609055,0.7413838529577818,0,0,0,0,0,0,0,0,0,0
2016-02-25,NO 15/9-F-11 H,7078,15/9-F-11,3420717,VOLVE,369304,MÆRSK INSPIRER,24.0,100.0,%,production,OP,3406.860359281,222.29854625,2967.964275874,291.932531724375,47.484861048000006,438.896083407,177.18184437500005,5295.5168352,4709.505178687,15168.5686941,0.8893381562649932,0.7412287576878038,0,0,0,0,0,0,0,0,0,0
2016-02-26,NO 15/9-F-11 H,7078,15/9-F-11,3420717,VOLVE,369304,MÆRSK INSPIRER,24.0,100.0,%,production,OP,3388.7411879901247,222.348389,2961.4135469768758,295.3940237405,51.24969097625,427.32764101325,178.43562312499998,5755.9938253,5222.139720533001,15643.5751453,0.907252488280914,0.7310229083021286,0,0,0,0,0,0,0,0,0,0
2016-02-27,NO 15/9-F-11 H,7078,15/9-F-11,3420717,VOLVE,369304,MÆRSK INSPIRER,24.0,100.0,%,production,OP,3398.24044273525,222.35652875,2969.1248367121248,295.793147165125,50.8576351325,429.115606023125,178.33710687500002,5720.2677045,5201.557960226,15677.0369345,0.909320722198728,0.7326640994738234,0,0,0,0,0,0,0,0,0,0
2016-02-28,NO 15/9-F-11 H,7078,15/9-F-11,3420717,VOLVE,369304,MÆRSK INSPIRER,24.0,100.0,%,production,OP,3409.5422569390003,222.35868725,2977.330845022125,296.102337964875,50.743940448625,432.21141191687497,178.879124,5787.9460601,5214.086203198,15720.8140121,0.9008525907216064,0.7309028488545511,0,0,0,0,0,0,0,0,0,0
2016-02-29,NO 15/9-F-11 H,7078,15/9-F-11,3420717,VOLVE,369304,MÆRSK INSPIRER,24.0,100.0,%,production,OP,3417.1897994516253,222.371157125,2983.5749726521253,293.558250579875,51.767896642125,433.6148267995,175.00249549999998,5744.2318806,5182.347822866999,16912.4814147,0.9021829081046236,0.7464666738846183,0,0,0,0,0,0,0,0,0,0
2016-03-01,NO 15/9-F-11 H,7078,15/9-F-11,3420717,VOLVE,369304,MÆRSK INSPIRER,24.0,100.0,%,production,OP,3422.7586724563757,222.385460375,2988.033579766875,290.51451332812496,52.001286957125,434.7250926895,174.415739,5834.9309408,5159.914159692,16195.002788000002,0.8843145209503624,0.7351362463168954,0,0,0,0,0,0,0,0,0,0
2016-03-02,NO 15/9-F-11 H,7078,15/9-F-11,3420717,VOLVE,369304,MÆRSK INSPIRER,24.0,100.0,%,production,OP,3427.021704893,222.393892625,2993.737259549375,295.40587455375004,50.333259308375,433.284445343625,178.55574425,5750.3958944000005,5094.675548647,16161.5409988,0.885969530134165,0.737567887201038,0,0,0,0,0,0,0,0,0,0
2016-03-03,NO 15/9-F-11 H,7078,15/9-F-11,3420717,VOLVE,369304,MÆRSK INSPIRER,24.0,100.0,%,production,OP,3429.540676531,222.395547875,2997.084283345625,295.61354781837497,50.18466485575,432.456393185375,179.066391875,5690.2024127,5074.631984368,16081.5346156,0.891819238809835,0.7386426996934793,0,0,0,0,0,0,0,0,0,0
2016-03-04,NO 15/9-F-11 H,7078,15/9-F-11,3420717,VOLVE,369304,MÆRSK INSPIRER,24.0,100.0,%,production,OP,3431.489960056375,222.394487,2999.78598171225,295.180996156375,50.149332994625,431.703978344125,178.41997250000003,5647.620399,5029.146297621,15947.5616626,0.8904894348974816,0.7384777593960435,0,0,0,0,0,0,0,0,0,0
2016-03-05,NO 15/9-F-11 H,7078,15/9-F-11,3420717,VOLVE,369304,MÆRSK INSPIRER,24.0,100.0,%,production,OP,3431.944333894125,222.393484625,3001.83125924225,295.623896884,49.842502084,430.113074651875,178.465790375,5569.186468299999,4977.616499969,15972.4693102,0.8937780281378194,0.7414689694439173,0,0,0,0,0,0,0,0,0,0
2016-03-06,NO 15/9-F-11 H,7078,15/9-F-11,3420717,VOLVE,369304,MÆRSK INSPIRER,24.0,100.0,%,production,OP,3434.4839069713757,222.388416125,3004.993661751,295.04470576075,49.473727860875,429.490245220375,178.09421600000002,5560.3178362,4950.321062045001,15937.497966600002,0.8902946212564209,0.7413542897936732,0,0,0,0,0,0,0,0,0,0
2016-03-07,NO 15/9-F-11 H,7078,15/9-F-11,3420717,VOLVE,369304,MÆRSK INSPIRER,24.0,100.0,%,production,OP,3436.013441459875,222.385460375,3007.4800058822498,294.266247533625,48.765126582125,428.53343557762497,178.72427412500002,5502.5773804,4916.759383752999,15828.8729479,0.8935375268444811,0.7420439165779626,0,0,0,0,0,0,0,0,0,0
2016-03-08,NO 15/9-F-11 H,7078,15/9-F-11,3420717,VOLVE,369304,MÆRSK INSPIRER,24.0,100.0,%,production,OP,3439.83832014175,222.378131,3010.884162564,294.10222164212496,48.59576147925,428.9541575777501,176.554224875,5440.1824652,4881.73814891,15716.5369413,0.8973482378831443,0.7428626640702808,0,0,0,0,0,0,0,0,0,0
2016-03-09,NO 15/9-F-11 H,7078,15/9-F-11,3420717,VOLVE,369304,MÆRSK INSPIRER,24.0,100.0,%,production,OP,3444.157941571375,222.369689,3015.097326101625,293.496234748375,48.212057407,429.06061546975,177.3145205,5369.7365932,4827.456982981001,15626.844250699998,0.899011878738015,0.7442566181074174,0,0,0,0,0,0,0,0,0,0
2016-03-10,NO 15/9-F-11 H,7078,15/9-F-11,3420717,VOLVE,369304,MÆRSK INSPIRER,24.0,100.0,%,production,OP,3446.856427950625,222.363034625,3018.19709334575,293.82106850075,48.231404871875,428.659334604875,177.38048937499997,5367.3464654,4779.19838599,15567.27975,0.8904210705976536,0.7436139336726416,0,0,0,0,0,0,0,0,0,0
2016-03-11,NO 15/9-F-11 H,7078,15/9-F-11,3420717,VOLVE,369304,MÆRSK INSPIRER,24.0,100.0,%,production,OP,3450.6074973986247,222.35496125,3022.2643758500003,292.41637849237503,47.81465933025,428.343121548625,175.84116125,5298.6617402,4749.533684843,15471.1714532,0.8963647648630099,0.7448866492638108,0,0,0,0,0,0,0,0,0,0
2016-03-12,NO 15/9-F-11 H,7078,15/9-F-11,3420717,VOLVE,369304,MÆRSK INSPIRER,24.0,100.0,%,production,OP,3443.7552858671247,222.360593375,3020.387067432125,291.800607576875,48.482743639375,423.368218435,174.608986625,5285.1386487,4740.37693628,16384.4518652,0.8969257480966945,0.7561034369657406,0,0,0,0,0,0,0,0,0,0
2016-03-13,NO 15/9-F-11 H,7078,15/9-F-11,3420717,VOLVE,369304,MÆRSK INSPIRER,24.0,100.0,%,production,OP,3463.7641602816248,222.328973375,3032.9584536391253,293.247289107875,46.41303627125,430.8057066425,174.51190437500003,5097.1991259,4650.461119168999,15447.2072771,0.9123561792081016,0.7518935798916204,0,0,0,0,0,0,0,0,0,0
2016-03-14,NO 15/9-F-11 H,7078,15/9-F-11,3420717,VOLVE,369304,MÆRSK INSPIRER,24.0,100.0,%,production,OP,3443.0886368298748,222.35918525,3023.98937925975,295.84016062850003,47.923528479,419.099257570125,178.465712,5243.5630046,4708.961332307001,15780.9445957,0.8980461049435258,0.7505975833400645,0,0,0,0,0,0,0,0,0,0
2016-03-15,NO 15/9-F-11 H,7078,15/9-F-11,3420717,VOLVE,369304,MÆRSK INSPIRER,24.0,100.0,%,production,OP,3445.69716641125,222.352083875,3027.46835741975,294.040387108125,47.160800831625,418.2288089915,179.0495075,5199.2198441,4681.411981690001,15728.8020708,0.9004066229287073,0.7515665902280836,0,0,0,0,0,0,0,0,0,0
2016-03-16,NO 15/9-F-11 H,7078,15/9-F-11,3420717,VOLVE,369304,MÆRSK INSPIRER,24.0,100.0,%,production,OP,3448.489960728375,222.345670625,3030.6387370185,300.206774370125,46.9042376745,417.851223709875,178.894439375,5258.5327524,4770.579833455,15663.1993525,0.9072074013949428,0.7486569120551726,0,0,0,0,0,0,0,0,0,0
2016-03-17,NO 15/9-F-11 H,7078,15/9-F-11,3420717,VOLVE,369304,MÆRSK INSPIRER,24.0,100.0,%,production,OP,3451.2711036595,222.339489125,3033.96031873225,339.80375889625003,46.1512245515,417.3107849272501,179.0053145,4994.0462419000005,4507.922161294,14690.3544398,0.9026592752531156,0.7462942193336464,0,0,0,0,0,0,0,0,0,0
2016-03-18,NO 15/9-F-11 H,7078,15/9-F-11,3420717,VOLVE,369304,MÆRSK INSPIRER,24.0,100.0,%,production,OP,3459.641476283,222.325155875,3040.548938806875,329.07553976625,45.543192017625,419.092537476125,179.006155625,4921.9650193,4514.111062469,15532.3084064,0.91713594972095,0.7593673988382427,0,0,0,0,0,0,0,0,0,0
2016-03-19,NO 15/9-F-11 H,7078,15/9-F-11,3420717,VOLVE,369304,MÆRSK INSPIRER,24.0,100.0,%,production,OP,3459.364130389125,222.324035375,3041.999548450375,328.68449314525003,45.6337531405,417.36458193875,178.82864750000002,4875.860712000001,4498.371300679,15697.7304094,0.9225799436001196,0.7630039071337291,0,0,0,0,0,0,0,0,0,0
2016-03-20,NO 15/9-F-11 H,7078,15/9-F-11,3420717,VOLVE,369304,MÆRSK INSPIRER,24.0,100.0,%,production,OP,3465.202160684,222.316258625,3046.931843629875,328.20029586875,44.87951323775,418.270317054125,179.032224125,4908.0016411,4475.352119778001,15653.6388413,0.9118481302656958,0.7613030125052004,0,0,0,0,0,0,0,0,0,0
2016-03-21,NO 15/9-F-11 H,7078,15/9-F-11,3420717,VOLVE,369304,MÆRSK INSPIRER,24.0,100.0,%,production,OP,3474.140320818,222.30274923404252,3053.452698299234,328.1651512840851,44.022279382468085,420.687622518766,179.02350212765958,4854.601154200001,4454.054883649,15472.1149247,0.917491415292796,0.7611713994844802,0,0,0,0,0,0,0,0,0,0
2016-03-22,NO 15/9-F-11 H,7078,15/9-F-11,3420717,VOLVE,369304,MÆRSK INSPIRER,24.0,100.0,%,production,OP,3476.3087990641247,222.30045725,3056.247549764375,329.486550263625,43.779070650625,420.0612492997501,179.268002,4701.632975,4265.203875047,15353.5520062,0.9071749959485088,0.7655652152095643,0,0,0,0,0,0,0,0,0,0
2016-03-23,NO 15/9-F-11 H,7078,15/9-F-11,3420717,VOLVE,369304,MÆRSK INSPIRER,24.0,100.0,%,production,OP,3483.196109791625,222.292513625,3061.83867703725,331.360749429375,43.300977056625,421.357432754375,178.879612625,4668.1082877,4207.854921129,15384.5607695,0.9014047365217036,0.7672076333387702,0,0,0,0,0,0,0,0,0,0
2016-03-24,NO 15/9-F-11 H,7078,15/9-F-11,3420717,VOLVE,369304,MÆRSK INSPIRER,24.0,100.0,%,production,OP,3487.6202159921254,222.286718375,3065.230723046,329.024592147125,43.427371630375,422.389492946125,175.539097625,4699.8089301,4279.251356413,15410.7263791,0.910516027365808,0.7663011522149801,0,0,0,0,0,0,0,0,0,0
2016-03-25,NO 15/9-F-11 H,7078,15/9-F-11,3420717,VOLVE,369304,MÆRSK INSPIRER,24.0,100.0,%,production,OP,3488.2805951575,222.28554275,3067.980223520125,328.7913921945,42.8039167225,420.300371637375,177.873963875,4723.8989024,4324.283602412001,15425.0042478,0.9154056197551196,0.7655505678306311,0,0,0,0,0,0,0,0,0,0
2016-03-26,NO 15/9-F-11 H,7078,15/9-F-11,3420717,VOLVE,369304,MÆRSK INSPIRER,24.0,100.0,%,production,OP,3497.0986426761247,222.272638625,3073.953961037,325.763418760375,42.505691399875,423.144681639125,173.833532375,4632.6966574,4275.8890438260005,15211.2136059,0.9229805791397856,0.7665431562665416,0,0,0,0,0,0,0,0,0,0
2016-03-27,NO 15/9-F-11 H,7078,15/9-F-11,3420717,VOLVE,369304,MÆRSK INSPIRER,23.0,100.0,%,production,OP,3506.2911184276363,222.2590415,3080.598411127364,325.40813032431817,41.54271022540909,425.69270730027273,171.77150872727276,4405.1313316000005,4111.964563072001,14460.6505786,0.933448801758762,0.7665015236279014,0,0,0,0,0,0,0,0,0,0
2016-03-28,NO 15/9-F-11 H,7078,15/9-F-11,3420717,VOLVE,369304,MÆRSK INSPIRER,24.0,100.0,%,production,OP,3510.800007854625,222.25373225,3084.9307571692502,327.070313875625,40.95872515675,425.8692506853751,176.351728625,4524.3232311,4205.055171713,15031.5766323,0.9294329686278016,0.7686466354040024,0,0,0,0,0,0,0,0,0,0
2016-03-29,NO 15/9-F-11 H,7078,15/9-F-11,3420717,VOLVE,369304,MÆRSK INSPIRER,24.0,100.0,%,production,OP,3512.71424657325,222.25376075,3088.63777132475,328.875342001875,40.29740022275,424.0764752485,178.55234675,4555.4577906,4190.5090467830005,15123.1562659,0.91988758087715,0.7685071836095441,0,0,0,0,0,0,0,0,0,0
2016-03-30,NO 15/9-F-11 H,7078,15/9-F-11,3420717,VOLVE,369304,MÆRSK INSPIRER,24.0,100.0,%,production,OP,3516.3206647892503,222.25281425,3092.5725978755,330.49125568425,40.3340646205,423.74806691375,178.459561625,4450.2921674,4093.003747495,15135.2327011,0.919715738548074,0.7727764664322302,0,0,0,0,0,0,0,0,0,0
2016-03-31,NO 15/9-F-11 H,7078,15/9-F-11,3420717,VOLVE,369304,MÆRSK INSPIRER,24.0,100.0,%,production,OP,3526.7486854755,222.242144375,3100.8179356565,329.3011765915,39.2300353645,425.930749819,178.195668875,4363.4298913,3994.605692591,14939.1793234,0.9154737883048428,0.7739461104575951,0,0,0,0,0,0,0,0,0,0
2016-04-01,NO 15/9-F-11 H,7078,15/9-F-11,3420717,VOLVE,369304,MÆRSK INSPIRER,24.0,100.0,%,production,OP,3532.793678953125,222.237662,3105.69883299475,326.59228373575,39.356979874,427.094845958375,174.9076475,4287.5747827,3914.643323675,14863.450011,0.9130204187855226,0.7761177363150583,0,0,0,0,0,0,0,0,0,0
2016-04-02,NO 15/9-F-11 H,7078,15/9-F-11,3420717,VOLVE,369304,MÆRSK INSPIRER,24.0,100.0,%,production,OP,3536.741549859,222.24253625,3109.959088558,328.6742981825,38.800484176125,426.782461301,175.36372887500002,4223.2929245000005,3904.163686450001,14856.971506700002,0.9244359215060172,0.7786564782826552,0,0,0,0,0,0,0,0,0,0
2016-04-03,NO 15/9-F-11 H,7078,15/9-F-11,3420717,VOLVE,369304,MÆRSK INSPIRER,24.0,100.0,%,production,OP,3536.8018494075,222.253459625,3111.779943956,328.98207486175,39.0031959325,425.0219054515,176.65357775,4250.653598,3905.009473515,14839.7374273,0.9186844760420771,0.7773406740403213,0,0,0,0,0,0,0,0,0,0
2016-04-04,NO 15/9-F-11 H,7078,15/9-F-11,3420717,VOLVE,369304,MÆRSK INSPIRER,24.0,100.0,%,production,OP,3533.36861260675,222.2619365,3112.4662395990003,329.6330477085,39.004202133625,420.90237300775,177.51786950000002,4255.685446,3881.724019776,15732.701753,0.912126628960443,0.7870921048491142,0,0,0,0,0,0,0,0,0,0
2016-04-05,NO 15/9-F-11 H,7078,15/9-F-11,3420717,VOLVE,369304,MÆRSK INSPIRER,24.0,100.0,%,production,OP,3533.1617370511253,222.268085375,3114.5624435967497,328.6755551785,39.060005504125,418.599293454375,177.677483,4240.1496153,3899.770184623,15071.5169258,0.9197246650333312,0.780435851754383,0,0,0,0,0,0,0,0,0,0
2016-04-06,NO 15/9-F-11 H,7078,15/9-F-11,3420717,VOLVE,369304,MÆRSK INSPIRER,22.83333,79.94592604166667,%,production,OP,3610.855798336179,222.09757489728304,3180.823752293879,324.4726174249178,48.76471927711041,430.03204604229984,172.09651686255225,3506.8835655,3312.998786773,13013.3023995,0.9447130835382166,0.7877213021130783,0,0,0,0,0,0,0,0,0,0
2016-04-07,NO 15/9-F-11 H,7078,15/9-F-11,3420717,VOLVE,369304,MÆRSK INSPIRER,24.0,99.99937583333332,%,production,OP,3543.129370865875,222.298778375,3126.6217671015,329.60918291425,39.56743605525,416.507603764375,178.884191375,4212.1599608,3811.103801598,15591.9987033,0.9047861042946174,0.7873093206208454,0,0,0,0,0,0,0,0,0,0
2016-04-08,NO 15/9-F-11 H,7078,15/9-F-11,3420717,VOLVE,369304,MÆRSK INSPIRER,24.0,99.994075,%,production,OP,3531.17328117925,222.335699,3121.321924478625,330.475926980625,39.396324453125,409.851356700625,178.764632375,3892.8892052,3606.346345822,14671.610806,0.9263932662159392,0.7903046565837263,0,0,0,0,0,0,0,0,0,0
2016-04-09,NO 15/9-F-11 H,7078,15/9-F-11,3420717,VOLVE,369304,MÆRSK INSPIRER,24.0,99.98816583333333,%,production,OP,3535.816095618875,222.340213625,3126.915698695,329.061537556,38.787569750875,408.900396923875,178.12996325,3794.9568635,3512.305065457,14511.4722434,0.9255191012152066,0.7926981367398617,0,0,0,0,0,0,0,0,0,0
2016-04-10,NO 15/9-F-11 H,7078,15/9-F-11,3420717,VOLVE,369304,MÆRSK INSPIRER,24.0,99.996415625,%,production,OP,3541.316317303625,222.34631825,3133.308638334625,327.80862981462496,38.218815320375,408.007678969,176.291217125,3773.571509500001,3457.6855847020006,14360.6425996,0.9162899327592564,0.7919087374397785,0,0,0,0,0,0,0,0,0,0
2016-04-11,NO 15/9-F-11 H,7078,15/9-F-11,3420717,VOLVE,369304,MÆRSK INSPIRER,24.0,99.997419375,%,production,OP,3545.34587481975,222.348854,3137.650967276125,329.6115579115,37.812370498375,407.69490754362505,177.0819275,3688.1558897,3449.443840016,14319.6959365,0.9352760412458008,0.7951917904869683,0,0,0,0,0,0,0,0,0,0
2016-04-12,NO 15/9-F-11 H,7078,15/9-F-11,3420717,VOLVE,369304,MÆRSK INSPIRER,24.0,100.0,%,production,OP,3549.20244732625,222.350049875,3142.28775055225,329.353242211875,37.031081008625,406.914696774,176.548760375,3574.8764116,3337.8451502520006,14280.9507069,0.9336952571062695,0.7997921693643554,0,0,0,0,0,0,0,0,0,0
2016-04-13,NO 15/9-F-11 H,7078,15/9-F-11,3420717,VOLVE,369304,MÆRSK INSPIRER,24.0,99.99907125,%,production,OP,3551.091268135375,222.354930875,3144.3257036632504,328.27685175975,36.7429479135,406.765564472125,177.414099125,3568.9010921,3319.38403768,14156.2866727,0.9300857468501096,0.7986536932947255,0,0,0,0,0,0,0,0,0,0
2016-04-14,NO 15/9-F-11 H,7078,15/9-F-11,3420717,VOLVE,369304,MÆRSK INSPIRER,24.0,99.99484395833332,%,production,OP,3551.8581867766247,222.3616475,3145.3212293871247,329.5696419295,36.4390933035,406.5369573895,178.438677875,3592.1733891000003,3293.4266737390003,14148.8017988,0.916833993518378,0.797521086013919,0,0,0,0,0,0,0,0,0,0
2016-04-15,NO 15/9-F-11 H,7078,15/9-F-11,3420717,VOLVE,369304,MÆRSK INSPIRER,24.0,99.98743291666666,%,production,OP,3552.59916476725,222.368378,3146.203761444125,328.34632496175,36.242793435375,406.395403323125,178.09170425,3491.5993272,3261.509954173,14119.4912842,0.934102011294774,0.8017386086844718,0,0,0,0,0,0,0,0,0,0
2016-04-16,NO 15/9-F-11 H,7078,15/9-F-11,3420717,VOLVE,369304,MÆRSK INSPIRER,1.9918,6.4447970833333335,%,production,OP,3635.138897577797,222.3808672800281,3165.359009824841,325.9087660492254,101.69933955895152,469.7798877529552,176.11438735015562,143.03027939999998,156.028466981,564.2588551,1.0908771739489451,0.7977767896843041,0,0,0,0,0,0,0,0,0,0
2016-04-17,NO 15/9-F-11 H,7078,15/9-F-11,3420717,VOLVE,369304,MÆRSK INSPIRER,0.0,0.908539375,%,production,OP,4291.535618634,219.224732,3508.67807472,178.996037016,663.220774044,782.8575439140001,61.453652,0.0,0.0,0.0,1.0466964513569985,0.8099407028047327,0,0,0,0,0,0,0,0,1,1
2016-04-18,NO 15/9-F-11 H,7078,15/9-F-11,3420717,VOLVE,369304,MÆRSK INSPIRER,10.59153,14.241494375,%,production,OP,4137.178143970456,220.1242964637744,3607.17044460795,278.83255321501656,168.6955581047167,530.0076993625069,141.40993729663418,1019.0750162,1021.638732532,4709.4323394,1.002515728765052,0.8221046159251614,0,0,0,0,0,0,0,0,0,0
2016-04-19,NO 15/9-F-11 H,7078,15/9-F-11,3420717,VOLVE,369304,MÆRSK INSPIRER,24.0,100.0,%,production,OP,3928.5655624525,220.18392875,3513.1621269388747,325.427450319875,40.4784741225,415.40343551362497,180.533279375,1908.5170483,1761.164924673,18877.606753,0.922792346152604,0.9081831193471176,0,0,0,0,0,0,0,0,0,0
2016-04-20,NO 15/9-F-11 H,7078,15/9-F-11,3420717,VOLVE,369304,MÆRSK INSPIRER,13.4918,54.69163854166667,%,production,OP,3894.9868534301113,220.05903710019123,3473.1129899719685,326.53040142390995,44.890005862225976,421.8738634581426,180.17916478308604,948.1259594,914.437076065,9594.3503778,0.9644679243290424,0.9100661050521442,0,0,0,0,0,0,0,0,0,0
2016-04-21,NO 15/9-F-11 H,7078,15/9-F-11,3420717,VOLVE,369304,MÆRSK INSPIRER,0.0,1.135689375,%,production,OP,4306.61695995,218.708024,3870.512930562,190.6016877,319.394271396,436.104029388,63.09095,0.0,0.0,0.0,0.944011849763547,0.7628943668272259,0,0,0,0,0,0,0,0,1,1
2016-04-22,NO 15/9-F-11 H,7078,15/9-F-11,3420717,VOLVE,369304,MÆRSK INSPIRER,0.0,1.0042872916666667,%,production,OP,4345.788387875999,218.162354,3612.934144842,170.303474562,667.6468986900001,732.854243034,58.453646,0.0,0.0,0.0,0.9235557751980518,0.6157226286023076,0,0,0,0,0,0,0,0,1,1
2016-04-23,NO 15/9-F-11 H,7078,15/9-F-11,3420717,VOLVE,369304,MÆRSK INSPIRER,2.17486,1.9482835416666664,%,production,OP,4298.267946538995,219.15488525175877,3385.7521190067387,191.38431000910612,587.0671232158071,912.515827532256,87.91048260592406,409.2150386,369.561978854,360.7835016,0.9030997006325564,0.4685508903773893,0,0,0,0,0,0,0,0,0,0
2016-04-24,NO 15/9-F-11 H,7078,15/9-F-11,3420717,VOLVE,369304,MÆRSK INSPIRER,24.0,60.072095833333336,%,production,OP,3943.4371546475,220.406573,3458.308054321875,314.52102481225,114.15436368625,485.129100325625,171.57748925,2900.6087796,2629.821436246,17017.3325474,0.9066446515440312,0.8543720592414817,0,0,0,0,0,0,0,0,0,0
2016-04-25,NO 15/9-F-11 H,7078,15/9-F-11,3420717,VOLVE,369304,MÆRSK INSPIRER,24.0,99.94905375,%,production,OP,3803.0206938255,220.56552425,3388.715020717625,327.202884650875,42.815420048875,414.305673107875,180.136759625,3011.4981299,2713.220631766,16461.376241500002,0.900953782712824,0.8453490700724174,0,0,0,0,0,0,0,0,0,0
2016-04-26,NO 15/9-F-11 H,7078,15/9-F-11,3420717,VOLVE,369304,MÆRSK INSPIRER,24.0,99.94954416666668,%,production,OP,3752.7045218065,220.689441875,3342.144557783875,326.04851210075,40.694994705125,410.55996402262497,180.559239875,3075.3397014,2764.278625026,16308.5338585,0.8988531002827446,0.8413454518315654,0,0,0,0,0,0,0,0,0,0
2016-04-27,NO 15/9-F-11 H,7078,15/9-F-11,3420717,VOLVE,369304,MÆRSK INSPIRER,24.0,99.946961875,%,production,OP,3715.047299665375,220.752518,3306.0958674952503,325.8788841165,37.864541875625,408.951432170125,180.473121875,3032.317401,2744.65495253,16045.2424119,0.90513445314955,0.8410531833872388,0,0,0,0,0,0,0,0,0,0
2016-04-28,NO 15/9-F-11 H,7078,15/9-F-11,3420717,VOLVE,369304,MÆRSK INSPIRER,24.0,100.0,%,production,OP,3686.281157719125,220.86272975,3278.991353396,325.853771391125,36.734695855625,407.289804323125,179.733314375,3064.7728206,2706.2611638370004,15877.6818735,0.8830217840770289,0.8382061422295715,0,0,0,0,0,0,0,0,0,0
2016-04-29,NO 15/9-F-11 H,7078,15/9-F-11,3420717,VOLVE,369304,MÆRSK INSPIRER,24.0,100.0,%,production,OP,3669.352403943,220.88937125,3260.484036244125,322.91857090937503,38.308596864,408.86836769887503,178.38259175000002,3301.1438804000004,2928.7769696550004,15073.1522764,0.8872006418878415,0.8203390294665353,0,0,0,0,0,0,0,0,0,0
2016-04-30,NO 15/9-F-11 H,7078,15/9-F-11,3420717,VOLVE,369304,MÆRSK INSPIRER,24.0,100.0,%,production,OP,3654.11886337575,220.924331375,3245.493836203,323.614680790375,38.071390236625,408.62502717275,179.72334462499998,3298.690854500001,2918.328056219,14950.7525738,0.8846928023697286,0.8192443036709485,0,0,0,0,0,0,0,0,0,0
2016-05-01,NO 15/9-F-11 H,7078,15/9-F-11,3420717,VOLVE,369304,MÆRSK INSPIRER,24.0,100.0,%,production,OP,3648.213753005875,220.948805375,3237.350605174,320.9715233865,37.8766616135,410.86314783187504,176.33973500000002,3212.3946613000003,2909.1628321280004,14794.0105086,0.9056056739151448,0.8215971133055515,0,0,0,0,0,0,0,0,0,0
2016-05-02,NO 15/9-F-11 H,7078,15/9-F-11,3420717,VOLVE,369304,MÆRSK INSPIRER,24.0,100.0,%,production,OP,3639.94201528725,220.996041875,3227.1865778207502,320.552206442,38.423636171,412.7554374665,176.12157275,3332.5929304,3017.5259890780003,14841.1840836,0.9054589180550824,0.8166262891949886,0,0,0,0,0,0,0,0,0,0
2016-05-03,NO 15/9-F-11 H,7078,15/9-F-11,3420717,VOLVE,369304,MÆRSK INSPIRER,24.0,100.0,%,production,OP,3629.106380410125,221.068857125,3220.1772599190003,322.958831040875,38.681486540375,408.929120491125,178.909303625,3330.6430893,2995.356479859,14962.3887223,0.8993327713443272,0.8179283169896437,0,0,0,0,0,0,0,0,0,0
2016-05-04,NO 15/9-F-11 H,7078,15/9-F-11,3420717,VOLVE,369304,MÆRSK INSPIRER,24.0,100.0,%,production,OP,3621.11095821125,221.158719875,3210.7088045975,322.2263196435,39.340333741875,410.40215361375,178.121783,3301.4583709,2954.332099163,15040.0049777,0.8948566867307277,0.8200002743427776,0,0,0,0,0,0,0,0,0,0
2016-05-05,NO 15/9-F-11 H,7078,15/9-F-11,3420717,VOLVE,369304,MÆRSK INSPIRER,24.0,100.0,%,production,OP,3616.05241953925,221.210565125,3206.53711890625,321.46189686450003,38.65447019125,409.515300633,177.957134,3321.7744572,2944.58206364,15109.507378199998,0.8864485236971975,0.8197751796719834,0,0,0,0,0,0,0,0,0,0
2016-05-06,NO 15/9-F-11 H,7078,15/9-F-11,3420717,VOLVE,369304,MÆRSK INSPIRER,24.0,100.0,%,production,OP,3615.831390692125,221.237491625,3204.624203659376,322.856059531375,40.50791079325,411.20718703275,178.08765125,3335.486243,2941.203859438,15006.1657999,0.8817916325125134,0.8181469021875182,0,0,0,0,0,0,0,0,0,0
2016-05-07,NO 15/9-F-11 H,7078,15/9-F-11,3420717,VOLVE,369304,MÆRSK INSPIRER,24.0,100.0,%,production,OP,3614.46998244025,221.252497625,3203.374036531875,324.622773452625,40.37019721225,411.095945908375,180.017346875,3320.8309857000004,2953.069245491,14978.7422283,0.8892561103553183,0.8185295937306661,0,0,0,0,0,0,0,0,0,0
2016-05-08,NO 15/9-F-11 H,7078,15/9-F-11,3420717,VOLVE,369304,MÆRSK INSPIRER,24.0,100.0,%,production,OP,3613.8606929103753,221.25321237500003,3199.827268215,323.159412551625,42.528003078875,414.033424695375,179.61812112500002,3309.8238182000005,2929.902802291,14919.8067086,0.8852141271629331,0.8184371420290655,0,0,0,0,0,0,0,0,0,0
2016-05-09,NO 15/9-F-11 H,7078,15/9-F-11,3420717,VOLVE,369304,MÆRSK INSPIRER,24.0,100.0,%,production,OP,3616.2634316995,221.25446975,3203.3740184021253,323.37522003075,42.43465601775,412.88941329737503,177.76221049999998,3267.1160083,2900.124740957,15024.9723318,0.8876711857152697,0.8213918527204018,0,0,0,0,0,0,0,0,0,0
2016-05-10,NO 15/9-F-11 H,7078,15/9-F-11,3420717,VOLVE,369304,MÆRSK INSPIRER,24.0,100.0,%,production,OP,3618.479270895875,221.260085,3206.3274000015,324.41728180125,41.636131179,412.15187089437495,181.03962087500005,3228.559473,2867.488307805,19912.7207847,0.8881633842540029,0.8604848376128311,0,0,0,0,0,0,0,0,0,0
2016-05-11,NO 15/9-F-11 H,7078,15/9-F-11,3420717,VOLVE,369304,MÆRSK INSPIRER,24.0,100.0,%,production,OP,3619.722572891375,221.267053625,3207.8406207366247,323.850192286125,41.208386922375,411.88195215475,181.23371075,3217.6152036,2864.697033917,14657.7103259,0.8903168504151334,0.8199968331603301,0,0,0,0,0,0,0,0,0,0
2016-05-12,NO 15/9-F-11 H,7078,15/9-F-11,3420717,VOLVE,369304,MÆRSK INSPIRER,24.0,100.0,%,production,OP,3620.603125784,221.271419,3208.8155510645,324.347394636625,40.916842412625,411.7875747195,180.9159875,3191.0093073,2847.0559286790008,14656.1378734,0.8922117281719785,0.8212033959830413,0,0,0,0,0,0,0,0,0,0
2016-05-13,NO 15/9-F-11 H,7078,15/9-F-11,3420717,VOLVE,369304,MÆRSK INSPIRER,24.0,100.0,%,production,OP,3621.544510031125,221.27616575,3209.53335016975,320.94446775625,41.1950343615,412.011159861375,179.877265625,3168.3030932,2825.534797352,14661.4842119,0.8918132875028056,0.8223028105167725,0,0,0,0,0,0,0,0,0,0
2016-05-14,NO 15/9-F-11 H,7078,15/9-F-11,3420717,VOLVE,369304,MÆRSK INSPIRER,24.0,100.0,%,production,OP,3621.842173331501,221.280128375,3209.73000961125,320.4653407665,41.371264596375006,412.11216372025,179.00494775,3140.3763368,2805.1847014770005,14584.4340394,0.8932638641442079,0.8228259558129467,0,0,0,0,0,0,0,0,0,0
2016-05-15,NO 15/9-F-11 H,7078,15/9-F-11,3420717,VOLVE,369304,MÆRSK INSPIRER,24.0,100.0,%,production,OP,3628.80122347975,221.2684535,3213.1223577825,322.40223260775,40.583309401875,415.67886569725,179.187121625,2923.0005032000004,2647.2630134290007,13676.6886602,0.9056662872725708,0.8239123350788514,0,0,0,0,0,0,0,0,0,0
2016-05-16,NO 15/9-F-11 H,7078,15/9-F-11,3420717,VOLVE,369304,MÆRSK INSPIRER,24.0,100.0,%,production,OP,3625.302480870625,221.290017125,3212.9964889715,324.363560330375,41.492607013125,412.305991899125,180.420792875,3164.0889205000003,2048.195390186,14770.2979249,0.6473254834640794,0.8235741791578696,0,0,0,0,0,0,0,0,0,0
2016-05-17,NO 15/9-F-11 H,7078,15/9-F-11,3420717,VOLVE,369304,MÆRSK INSPIRER,24.0,100.0,%,production,OP,3625.54900014625,221.29869237500003,3213.373648204,324.939847672,41.411790630875,412.17535194225,180.549494375,3112.9527652,2799.020873739,14518.768423,0.8991530180057741,0.8234458943643381,0,0,0,0,0,0,0,0,0,0
2016-05-18,NO 15/9-F-11 H,7078,15/9-F-11,3420717,VOLVE,369304,MÆRSK INSPIRER,24.0,100.0,%,production,OP,3626.024105353125,221.30265725,3214.035891712,325.027193785875,41.171903822125,411.988213641125,180.072029,3095.9702782000004,2793.2522174940004,14458.0717565,0.902221909933192,0.823632057387123,0,0,0,0,0,0,0,0,0,0
2016-05-19,NO 15/9-F-11 H,7078,15/9-F-11,3420717,VOLVE,369304,MÆRSK INSPIRER,24.0,100.0,%,production,OP,3626.76689631875,221.306134625,3215.05609504725,322.587606279875,41.136668653,411.7108012715,180.167742125,3067.0371522,2774.477157239,14408.2564613,0.904611525572442,0.824492954451383,0,0,0,0,0,0,0,0,0,0
2016-05-20,NO 15/9-F-11 H,7078,15/9-F-11,3420717,VOLVE,369304,MÆRSK INSPIRER,24.0,100.0,%,production,OP,3627.5763715265,221.309606375,3216.13755880775,323.57910417762497,40.96157454912501,411.43881271875,179.28919775,3062.7600814,2734.5319937750005,14387.1226997,0.8928325827353198,0.8244824839329418,0,0,0,0,0,0,0,0,0,0
2016-05-21,NO 15/9-F-11 H,7078,15/9-F-11,3420717,VOLVE,369304,MÆRSK INSPIRER,24.0,100.0,%,production,OP,3628.7780929403752,221.311069625,3217.286655600625,322.60612884112504,40.9205016005,411.49143733975,179.247922625,3019.4232905000003,2689.964842375,14560.281169000002,0.8908869620362359,0.8282437968478864,0,0,0,0,0,0,0,0,0,0
2016-05-22,NO 15/9-F-11 H,7078,15/9-F-11,3420717,VOLVE,369304,MÆRSK INSPIRER,24.0,100.0,%,production,OP,3629.528827758125,221.311284875,3218.929253253375,325.1660465195,39.992152643625005,410.59957450475,179.936501,3033.3237706,2712.3112782410003,14826.2143358,0.894171372185732,0.8301566506071619,0,0,0,0,0,0,0,0,0,0
2016-05-23,NO 15/9-F-11 H,7078,15/9-F-11,3420717,VOLVE,369304,MÆRSK INSPIRER,24.0,100.0,%,production,OP,3630.675353148125,221.310645875,3220.26812018275,323.81938984087503,39.89131799575,410.407232965375,180.73452200000003,3045.526002,2725.773948175,14858.0407744,0.8950092517302369,0.8298927783476904,0,0,0,0,0,0,0,0,0,0
2016-05-24,NO 15/9-F-11 H,7078,15/9-F-11,3420717,VOLVE,369304,MÆRSK INSPIRER,24.0,100.0,%,production,OP,3631.350094097125,221.312502125,3220.98547813075,321.13616871112504,40.205020081625,410.364615966375,180.094686875,3066.282375,2743.056256061,14825.8998453,0.8945869690364052,0.8286244608261882,0,0,0,0,0,0,0,0,0,0
2016-05-25,NO 15/9-F-11 H,7078,15/9-F-11,3420717,VOLVE,369304,MÆRSK INSPIRER,24.0,100.0,%,production,OP,3632.085962519875,221.314123625,3222.05299407025,323.412189612625,39.63758610125,410.032968449625,180.675939125,3079.2393836,2743.8310605790007,14751.239800600002,0.8910742942535157,0.8273047318701011,0,0,0,0,0,0,0,0,0,0
2016-05-26,NO 15/9-F-11 H,7078,15/9-F-11,3420717,VOLVE,369304,MÆRSK INSPIRER,24.0,100.0,%,production,OP,3631.287760995,221.318380625,3221.730438623125,326.6416147855,39.127448174125,409.557322371875,180.866082125,3079.9312627,2745.24117655,14770.8011097,0.8913319624358772,0.827461910332483,0,0,0,0,0,0,0,0,0,0
2016-05-27,NO 15/9-F-11 H,7078,15/9-F-11,3420717,VOLVE,369304,MÆRSK INSPIRER,24.0,100.0,%,production,OP,3630.492490446375,221.324451875,3221.552573689125,326.717539156875,38.537765968875,408.93991675725,180.861593,3050.6207481,2726.5815953640003,14750.1076348,0.8937792733043531,0.8286238246840206,0,0,0,0,0,0,0,0,0,0
2016-05-28,NO 15/9-F-11 H,7078,15/9-F-11,3420717,VOLVE,369304,MÆRSK INSPIRER,24.0,100.0,%,production,OP,3630.79985920625,221.327922125,3222.1224491425,325.553488341875,38.3109779045,408.67741006375,181.075509875,3061.0618327,2737.7534007090003,14849.4237347,0.894380300150348,0.8290910751034226,0,0,0,0,0,0,0,0,0,0
2016-05-29,NO 15/9-F-11 H,7078,15/9-F-11,3420717,VOLVE,369304,MÆRSK INSPIRER,24.0,100.0,%,production,OP,3630.70859404475,221.33117075,3222.0301989312497,325.290939345625,38.543241153375,408.6783951135,180.76505637500003,3031.7513181,2727.8751728250004,14875.6522424,0.8997687760665546,0.8306984422472384,0,0,0,0,0,0,0,0,0,0
2016-05-30,NO 15/9-F-11 H,7078,15/9-F-11,3420717,VOLVE,369304,MÆRSK INSPIRER,24.0,100.0,%,production,OP,3631.281750982875,221.33114300000005,3222.68567399925,324.47158644575,38.155427671125,408.596076983625,181.423862,3021.9392145,2690.950828799,14778.537576,0.8904715276492534,0.8302326814013887,0,0,0,0,0,0,0,0,0,0
2016-05-31,NO 15/9-F-11 H,7078,15/9-F-11,3420717,VOLVE,369304,MÆRSK INSPIRER,24.0,100.0,%,production,OP,3631.64054780025,221.335183625,3222.854477079875,322.93406278075,38.445594319875006,408.786070720375,180.816269,3079.9941608,2750.9204866040004,14741.8679837,0.8931576954319531,0.8271788808696113,0,0,0,0,0,0,0,0,0,0
2016-06-01,NO 15/9-F-11 H,7078,15/9-F-11,3420717,VOLVE,369304,MÆRSK INSPIRER,24.0,100.0,%,production,OP,3631.380388909375,221.34212675,3222.58215312675,321.760152403375,38.41173701175,408.798235782625,180.590346875,3077.4153387,2714.9485800370007,14659.0940841,0.8822171469334013,0.826492616707094,0,0,0,0,0,0,0,0,0,0
2016-06-02,NO 15/9-F-11 H,7078,15/9-F-11,3420717,VOLVE,369304,MÆRSK INSPIRER,24.0,100.0,%,production,OP,3631.069596648375,221.34761075,3222.020502536625,323.422559829625,38.444515599750005,409.04909411175,180.49246025,3053.1995702000004,2734.849472928,14777.971493100002,0.8957322998538393,0.8287717862522178,0,0,0,0,0,0,0,0,0,0
2016-06-03,NO 15/9-F-11 H,7078,15/9-F-11,3420717,VOLVE,369304,MÆRSK INSPIRER,24.0,100.0,%,production,OP,3630.8892600251247,221.3527265,3222.434002853,324.576766190375,38.036158089125,408.455257172125,181.524838625,2913.1883996,2625.418752597,14558.2684298,0.9012183190615092,0.8332601323377997,0,0,0,0,0,0,0,0,0,0
2016-06-04,NO 15/9-F-11 H,7078,15/9-F-11,3420717,VOLVE,369304,MÆRSK INSPIRER,24.0,100.0,%,production,OP,3631.5221272948743,221.35773275,3222.9496492025,322.65001794425,38.28009085375,408.57247809237504,181.024083875,3076.5347653,2838.298589373,14797.6585984,0.9225634702347436,0.8278783997297459,0,0,0,0,0,0,0,0,0,0
2016-06-05,NO 15/9-F-11 H,7078,15/9-F-11,3420717,VOLVE,369304,MÆRSK INSPIRER,24.0,100.0,%,production,OP,3632.184382889375,221.36206775,3223.723151964625,323.636874626,38.060445910875,408.46123092475,180.8838995,3093.328558,2833.466832119,14844.0773962,0.915992846861048,0.8275487232714548,0,0,0,0,0,0,0,0,0,0
2016-06-06,NO 15/9-F-11 H,7078,15/9-F-11,3420717,VOLVE,369304,MÆRSK INSPIRER,24.0,100.0,%,production,OP,3633.1937899585,221.36922575,3224.72634657275,327.24935422175,38.021062050625,408.46744338575,180.925840625,3097.9830174000003,2824.5551675740003,14895.2764496,0.9117400423790972,0.8278253574299996,0,0,0,0,0,0,0,0,0,0
2016-06-07,NO 15/9-F-11 H,7078,15/9-F-11,3420717,VOLVE,369304,MÆRSK INSPIRER,24.0,100.0,%,production,OP,3633.75014364,221.378384375,3225.1556046635,325.775589865875,38.1590505995,408.5945389765,180.932592125,3108.2354077,2842.365430225,14973.2071955,0.9144627280107668,0.8280980408526744,0,0,0,0,0,0,0,0,0,0
2016-06-08,NO 15/9-F-11 H,7078,15/9-F-11,3420717,VOLVE,369304,MÆRSK INSPIRER,22.41667,78.43668541666666,%,production,OP,3677.312242600398,221.31992324345765,3244.785587202912,319.1093016193302,67.15949276573568,432.5266553974864,176.61790622663847,2685.2456852,2460.8653170360003,12808.0030011,0.9164395386981926,0.8266828513780686,0,0,0,0,0,0,0,0,0,0
2016-06-09,NO 15/9-F-11 H,7078,15/9-F-11,3420717,VOLVE,369304,MÆRSK INSPIRER,24.0,100.0,%,production,OP,3642.914155134625,221.43221,3231.606045826875,323.94048448437496,42.240785536125,411.30810930775,181.29072575,3013.5737672,2748.1306253040007,15634.2033284,0.911917489863661,0.8383950134243582,0,0,0,0,0,0,0,0,0,0
2016-06-10,NO 15/9-F-11 H,7078,15/9-F-11,3420717,VOLVE,369304,MÆRSK INSPIRER,24.0,100.0,%,production,OP,3640.8936881675,221.45033975,3230.433401510375,325.45113079500004,41.25949770925,410.460286657125,181.550729,3106.7887514,2867.273594429,15385.2526486,0.9229058760873048,0.8319931972789115,0,0,0,0,0,0,0,0,0,0
2016-06-11,NO 15/9-F-11 H,7078,15/9-F-11,3420717,VOLVE,369304,MÆRSK INSPIRER,24.0,100.0,%,production,OP,3639.277218506125,221.45422175,3229.498927719625,327.70474634712497,40.339515632,409.7782907865,181.650629,3118.0475113,2831.991030806,15125.4205975,0.9082578185684106,0.8290869097528685,0,0,0,0,0,0,0,0,0,0
2016-06-12,NO 15/9-F-11 H,7078,15/9-F-11,3420717,VOLVE,369304,MÆRSK INSPIRER,24.0,100.0,%,production,OP,3637.238235021,221.45154275,3228.099039073375,324.94286325375003,40.209093232125,409.139195947625,181.307405,2968.79032,2684.8544521379995,14290.5741162,0.9043597434452696,0.8279895919125955,0,0,0,0,0,0,0,0,0,0
2016-06-13,NO 15/9-F-11 H,7078,15/9-F-11,3420717,VOLVE,369304,MÆRSK INSPIRER,24.0,100.0,%,production,OP,3636.656684008625,221.44921775,3228.059697515875,325.6980700765,39.515467126875,408.59698649275,182.14853825,3108.7385925,2831.6332928950005,15156.9954437,0.910862463549193,0.8298048911508874,0,0,0,0,0,0,0,0,0,0
2016-06-14,NO 15/9-F-11 H,7078,15/9-F-11,3420717,VOLVE,369304,MÆRSK INSPIRER,24.0,100.0,%,production,OP,3636.0798134933752,221.448359375,3227.787140897625,324.35039208862503,39.312395797125,408.29267259575,181.001642375,3119.5570657000003,2820.2556028490003,15152.15229,0.9040564232205064,0.829268460603724,0,0,0,0,0,0,0,0,0,0
2016-06-15,NO 15/9-F-11 H,7078,15/9-F-11,3420717,VOLVE,369304,MÆRSK INSPIRER,24.0,100.0,%,production,OP,3635.8931671128,221.4497264,3227.5580648588,323.530416734,39.0564224612,408.335102254,181.593098,3099.1780813,2807.2721533940003,15238.322687,0.9058118248617856,0.8309923407524791,0,0,0,0,0,0,0,0,0,0
2016-06-16,NO 15/9-F-11 H,7078,15/9-F-11,3420717,VOLVE,369304,MÆRSK INSPIRER,24.0,100.0,%,production,OP,3635.509019466,221.450144,3227.258812788,323.931640188,38.187490134,408.250206678,181.672556,3124.0228308,2822.304561743,15338.330666,0.9034199538869132,0.8307895669237688,0,0,0,0,0,0,0,0,0,0
2016-06-17,NO 15/9-F-11 H,7078,15/9-F-11,3420717,VOLVE,369304,MÆRSK INSPIRER,24.0,100.0,%,production,OP,3635.9497536885,221.458123625,3227.722765177,326.39843742712503,38.924231806375,408.2269885115,181.793379875,3084.5857221,2759.308787295,15214.1698166,0.8945476105674411,0.8314319399711956,0,0,0,0,0,0,0,0,0,0
2016-06-18,NO 15/9-F-11 H,7078,15/9-F-11,3420717,VOLVE,369304,MÆRSK INSPIRER,24.0,100.0,%,production,OP,3635.994219922,221.463465875,3227.487117708125,322.128482447625,39.45899597725,408.507102213875,180.727956125,3088.7998948,2774.787926599,15177.500224300002,0.8983385201710089,0.8309017220422092,0,0,0,0,0,0,0,0,0,0
2016-06-19,NO 15/9-F-11 H,7078,15/9-F-11,3420717,VOLVE,369304,MÆRSK INSPIRER,24.0,100.0,%,production,OP,3636.014691431375,221.468970125,3227.442720972,324.866938882375,39.605148956875006,408.571970459375,181.185701375,3091.7561055,2770.1624071930005,15238.2597889,0.8959834840352029,0.8313282365213572,0,0,0,0,0,0,0,0,0,0
2016-06-20,NO 15/9-F-11 H,7078,15/9-F-11,3420717,VOLVE,369304,MÆRSK INSPIRER,24.0,100.0,%,production,OP,3594.304838645625,218.85986,3185.41073878825,323.793718114875,39.789301892500006,408.89409985737495,178.842026375,3098.5491003,2771.049512457,15209.5153572,0.8943055032397932,0.8307549600618397,0,0,0,0,0,0,0,0,0,0
2016-06-21,NO 15/9-F-11 H,7078,15/9-F-11,3420717,VOLVE,369304,MÆRSK INSPIRER,24.0,100.0,%,production,OP,3636.492283435625,221.47936025,3228.09555513975,326.547651312875,39.276934006125,408.396728295875,180.5547425,3089.1143853,2768.007504199,15281.2820893,0.8960521233434949,0.8318428026541945,0,0,0,0,0,0,0,0,0,0
2016-06-22,NO 15/9-F-11 H,7078,15/9-F-11,3420717,VOLVE,369304,MÆRSK INSPIRER,24.0,100.0,%,production,OP,3636.934286740625,221.483898875,3228.216909643,324.61053889299995,39.8532153045,408.717377097625,179.394585875,3082.2584924000003,2768.368067286,15284.678586700002,0.8981621996052676,0.8321844040121775,0,0,0,0,0,0,0,0,0,0
2016-06-23,NO 15/9-F-11 H,7078,15/9-F-11,3420717,VOLVE,369304,MÆRSK INSPIRER,24.0,100.0,%,production,OP,3637.04138823875,221.488763,3228.454962325375,325.712758195625,39.590466881000005,408.58642591337497,180.806994875,3083.9567411000003,2777.7204592870003,15435.7598229,0.9007002018764472,0.8334771090884391,0,0,0,0,0,0,0,0,0,0
2016-06-24,NO 15/9-F-11 H,7078,15/9-F-11,3420717,VOLVE,369304,MÆRSK INSPIRER,24.0,100.0,%,production,OP,3638.14382207675,221.4966515,3230.0230315975,328.215068593375,38.963162422875,408.12079047925,182.060651375,3087.9193214,2767.401503947,15221.2773019,0.8962026581356135,0.8313459959531834,0,0,0,0,0,0,0,0,0,0
2016-06-25,NO 15/9-F-11 H,7078,15/9-F-11,3420717,VOLVE,369304,MÆRSK INSPIRER,24.0,100.0,%,production,OP,3638.50625995225,221.50101425,3230.5518069076247,328.073100564375,38.8918792675,407.954453044625,182.109905375,3063.8922472,2756.384376988,15225.9946594,0.899634893983944,0.8324816187849483,0,0,0,0,0,0,0,0,0,0
2016-06-26,NO 15/9-F-11 H,7078,15/9-F-11,3420717,VOLVE,369304,MÆRSK INSPIRER,24.0,100.0,%,production,OP,3639.2633099662494,221.506537625,3231.153194888125,325.433336445375,38.944869505125,408.110115078125,181.849675625,3071.943204,2767.362657777,15236.8131326,0.9008508536790644,0.8322145345361852,0,0,0,0,0,0,0,0,0,0
2016-06-27,NO 15/9-F-11 H,7078,15/9-F-11,3420717,VOLVE,369304,MÆRSK INSPIRER,24.0,100.0,%,production,OP,3639.93904200825,221.512428125,3231.827953966875,324.873991355125,39.05970636325,408.111088041375,181.191122375,3028.6064131,2727.710606323,15192.4699721,0.9006487586252546,0.8337855377435346,0,0,0,0,0,0,0,0,0,0
2016-06-28,NO 15/9-F-11 H,7078,15/9-F-11,3420717,VOLVE,369304,MÆRSK INSPIRER,24.0,100.0,%,production,OP,3641.14498463225,221.5189295,3232.676686126625,325.7555292975,39.360155601875,408.468298505625,179.35800612500003,3052.444793,2756.098681065,15177.751816700002,0.9029151607869884,0.8325610601821024,0,0,0,0,0,0,0,0,0,0
2016-06-29,NO 15/9-F-11 H,7078,15/9-F-11,3420717,VOLVE,369304,MÆRSK INSPIRER,24.0,100.0,%,production,OP,3641.655778252,221.522513,3233.62313461725,326.03688488775,38.8038412015,408.03264363475,180.924034625,3055.589698,2758.005674865,15208.0687009,0.9026099533815748,0.8326956389972758,0,0,0,0,0,0,0,0,0,0
2016-06-30,NO 15/9-F-11 H,7078,15/9-F-11,3420717,VOLVE,369304,MÆRSK INSPIRER,24.0,100.0,%,production,OP,3642.882137996125,221.525995625,3234.561862856,325.32642833125004,38.909758222625,408.320275140125,179.7505415,3028.9209036,2748.012674206,15236.9389288,0.9072579844986612,0.8341758377983773,0,0,0,0,0,0,0,0,0,0
2016-07-01,NO 15/9-F-11 H,7078,15/9-F-11,3420717,VOLVE,369304,MÆRSK INSPIRER,24.0,100.0,%,production,OP,3645.946180567875,221.529431375,3236.414980144125,325.43610727550004,38.5167143075,409.53120042375,180.03877475,3071.1255287,2743.4016338270003,15204.4835092,0.8932886683366132,0.8319549557921111,0,0,0,0,0,0,0,0,0,0
2016-07-02,NO 15/9-F-11 H,7078,15/9-F-11,3420717,VOLVE,369304,MÆRSK INSPIRER,24.0,100.0,%,production,OP,3644.92350252175,221.537190875,3236.961356419875,325.90069420575,38.758743448375,407.962146101875,180.654263,3032.1287067,2742.65260904,15269.6459408,0.9045304056452638,0.8343259730217373,0,0,0,0,0,0,0,0,0,0
2016-07-03,NO 15/9-F-11 H,7078,15/9-F-11,3420717,VOLVE,369304,MÆRSK INSPIRER,24.0,100.0,%,production,OP,3645.826832423625,221.54110025,3238.1923513367497,325.782687663,38.470722153375,407.634481086875,181.206038,3057.6024372,2726.929798306,15194.7343037,0.8918523105322962,0.8324815895847189,0,0,0,0,0,0,0,0,0,0
2016-07-04,NO 15/9-F-11 H,7078,15/9-F-11,3420717,VOLVE,369304,MÆRSK INSPIRER,24.0,100.0,%,production,OP,3646.3926588995,221.544752,3238.93266154825,326.68515640175,38.495717035375,407.45999735125,181.913274125,3005.3970142,2725.9551125860003,15263.1045384,0.9070199709743229,0.8354874916507715,0,0,0,0,0,0,0,0,0,0
2016-07-05,NO 15/9-F-11 H,7078,15/9-F-11,3420717,VOLVE,369304,MÆRSK INSPIRER,24.0,100.0,%,production,OP,3647.35626115525,221.5481405,3239.928147991,326.897192892875,38.41597937325,407.42811316425,182.117768,3041.5634217,2729.594292421,15182.6578685,0.897431325267374,0.8331032435753188,0,0,0,0,0,0,0,0,0,0
2016-07-06,NO 15/9-F-11 H,7078,15/9-F-11,3420717,VOLVE,369304,MÆRSK INSPIRER,24.0,100.0,%,production,OP,3648.1512597576248,221.552304125,3240.780466819625,325.25621483112496,38.416190887,407.370792938,181.993401875,2929.793498,2713.706562038,15261.2804935,0.9262449943623978,0.8389433466452293,0,0,0,0,0,0,0,0,0,0
2016-07-07,NO 15/9-F-11 H,7078,15/9-F-11,3420717,VOLVE,369304,MÆRSK INSPIRER,24.0,100.0,%,production,OP,3649.34189180775,221.558139125,3241.592171986625,325.405005689375,38.560029301875,407.749719821125,179.83641649999998,3022.1279088,2784.8162419580003,15440.3513842,0.9214753068025404,0.8363097468742549,0,0,0,0,0,0,0,0,0,0
2016-07-08,NO 15/9-F-11 H,7078,15/9-F-11,3420717,VOLVE,369304,MÆRSK INSPIRER,24.0,100.0,%,production,OP,3650.078947729125,221.5642505,3242.2446465810003,325.737774229,38.649463358625,407.834301148125,179.75399487500002,3008.7306135000003,2787.579617233,15428.274949,0.9264969102668388,0.8368102345415778,0,0,0,0,0,0,0,0,0,0
2016-07-09,NO 15/9-F-11 H,7078,15/9-F-11,3420717,VOLVE,369304,MÆRSK INSPIRER,23.49999,92.68107770833332,%,production,OP,3659.97603590024,221.56313389044504,3246.575556128073,325.1846699789541,42.50349621706067,413.40047977216574,180.14371815702134,2795.191564,2564.232856524,11689.8005793,0.9173728518465148,0.8070284376859045,0,0,0,0,0,0,0,0,0,0
2016-07-10,NO 15/9-F-11 H,7078,15/9-F-11,3420717,VOLVE,369304,MÆRSK INSPIRER,24.0,100.0,%,production,OP,3649.197183164875,221.5750085,3240.7741425585,325.46307830025,39.0026882995,408.423040606375,178.28502724999998,2971.306244,2759.419322306,15322.9835296,0.928688965628546,0.837582858871744,0,0,0,0,0,0,0,0,0,0
2016-07-11,NO 15/9-F-11 H,7078,15/9-F-11,3420717,VOLVE,369304,MÆRSK INSPIRER,23.66666,93.087428125,%,production,OP,3658.119774377195,221.5683012770032,3244.7917564803283,325.56059451572315,41.743939887389786,413.3280178968666,178.87039279345203,2853.8754913,2646.758366366,14708.2803983,0.9274260122540756,0.83749856741734,0,0,0,0,0,0,0,0,0,0
2016-07-12,NO 15/9-F-11 H,7078,15/9-F-11,3420717,VOLVE,369304,MÆRSK INSPIRER,24.0,100.0,%,production,OP,3653.1373610135,221.573750375,3243.1570957471254,323.469679049875,37.6646644035,409.980265266375,182.04495725,2983.5713735000004,2728.613250055,15147.120442,0.9145459948739516,0.8354408423097605,0,0,0,0,0,0,0,0,0,0
2016-07-13,NO 15/9-F-11 H,7078,15/9-F-11,3420717,VOLVE,369304,MÆRSK INSPIRER,24.0,89.79073708333334,%,production,OP,3658.103208317,221.56894625,3245.504747290875,322.5550724435,37.198267519875,412.598461026125,181.672134875,2959.8587898,2570.5241703290003,15133.4086562,0.8684617587796114,0.8364110408120699,0,0,0,0,0,0,0,0,0,0
2016-07-14,NO 15/9-F-11 H,7078,15/9-F-11,3420717,VOLVE,369304,MÆRSK INSPIRER,24.0,97.34679375,%,production,OP,3644.825544460875,221.6247245,3249.281428032375,324.5635344945,41.71859132525,395.5441164285,182.165610875,3069.4901781,2757.721038383,15164.0400309,0.8984296669390278,0.8316568353513402,0,0,0,0,0,0,0,0,0,0
2016-07-15,NO 15/9-F-11 H,7078,15/9-F-11,3420717,VOLVE,369304,MÆRSK INSPIRER,24.0,99.99997958333331,%,production,OP,3585.128894753875,221.75611887500003,3232.6393297767504,328.02117696037504,48.164602786375,352.48956497712504,183.47392175,2920.6732735,2625.16766508,17004.312640699998,0.8988227779186406,0.8534165451319835,0,0,0,0,0,0,0,0,0,0
2016-07-16,NO 15/9-F-11 H,7078,15/9-F-11,3420717,VOLVE,369304,MÆRSK INSPIRER,24.0,100.0,%,production,OP,3586.359330670125,221.721076625,3225.2936415583754,325.722641931,48.18588409125,361.06568911175,181.065255875,3158.5538877000004,2837.346151914,14111.9435122,0.8983054438181842,0.817112743509154,0,0,0,0,0,0,0,0,0,0
2016-07-17,NO 15/9-F-11 H,7078,15/9-F-11,3420717,VOLVE,369304,MÆRSK INSPIRER,20.83436,63.469966041666666,%,production,OP,3674.0086343508497,221.601138201592,3263.3799898303546,321.4392318916419,99.06069911017886,410.6286445204947,177.3843964994874,2356.162826,2118.070821341,9592.1489443,0.8989492568036126,0.8028037038791764,0,0,0,0,0,0,0,0,0,0
2016-07-18,NO 15/9-F-11 H,7078,15/9-F-11,3420717,VOLVE,369304,MÆRSK INSPIRER,24.0,93.60644625,%,production,OP,3611.10856966575,221.6999975,3243.0709854778747,328.688545144375,49.746405344125,368.037584187875,183.666005,2806.8906106,2522.4937063,14925.4675376,0.8986790211111194,0.8417079901533049,0,0,0,0,0,0,0,0,0,0
2016-07-19,NO 15/9-F-11 H,7078,15/9-F-11,3420717,VOLVE,369304,MÆRSK INSPIRER,24.0,100.0,%,production,OP,3601.6437705105,221.6710385,3235.920896110625,328.615790457625,45.00762107287501,365.72287439987497,182.691439625,2960.1732803,2659.431752755,18864.7126425,0.8984040800765145,0.8643670674490184,0,0,0,0,0,0,0,0,0,0
2016-07-20,NO 15/9-F-11 H,7078,15/9-F-11,3420717,VOLVE,369304,MÆRSK INSPIRER,24.0,100.0,%,production,OP,3602.1533766316247,221.640662375,3237.0403960866247,325.979519337125,44.45001946025,365.112980545,179.388308375,2993.0689866,2687.7665023000004,17465.7331023,0.8979968434851178,0.8537026276712506,0,0,0,0,0,0,0,0,0,0
2016-07-21,NO 15/9-F-11 H,7078,15/9-F-11,3420717,VOLVE,369304,MÆRSK INSPIRER,24.0,100.0,%,production,OP,3603.632752145125,221.625329,3239.938188850875,327.140457878375,43.299701930875,363.69456329425,183.322860125,2938.4105377,2639.8691746900004,16589.7512636,0.8984003905581965,0.8495295887243013,0,0,0,0,0,0,0,0,0,0
2016-07-22,NO 15/9-F-11 H,7078,15/9-F-11,3420717,VOLVE,369304,MÆRSK INSPIRER,24.0,100.0,%,production,OP,3603.994244252,221.61299,3240.47649436625,328.5915056575,43.571998689375,363.51774988575,183.5554265,2800.6008006,2515.9675497400003,16570.6302412,0.8983670750936655,0.8554247381306457,0,0,0,0,0,0,0,0,0,0
2016-07-23,NO 15/9-F-11 H,7078,15/9-F-11,3420717,VOLVE,369304,MÆRSK INSPIRER,24.0,100.0,%,production,OP,3601.907824276,221.58216875,3240.89544871575,327.32089421525,43.477059231875,361.01237556025,182.041236875,2798.96545,2514.2586714070003,16733.2218297,0.8982814244480939,0.8566998457510699,0,0,0,0,0,0,0,0,0,0
2016-07-24,NO 15/9-F-11 H,7078,15/9-F-11,3420717,VOLVE,369304,MÆRSK INSPIRER,24.0,100.0,%,production,OP,3649.02034256175,220.877620625,3291.1563340621246,324.346980674,44.640079672750005,357.864008499625,182.6094245,2884.5697641,2591.24083279,16931.4137428,0.8983110289233998,0.8544321676945491,0,0,0,0,0,0,0,0,0,0
2016-07-25,NO 15/9-F-11 H,7078,15/9-F-11,3420717,VOLVE,369304,MÆRSK INSPIRER,24.0,100.0,%,production,OP,3643.820480688383,220.88457710638295,3286.084145681362,323.47170308859575,44.849816835829785,357.73633500702124,180.11345459574468,2884.6326622,2591.126766309,15617.2837395,0.8982518988510814,0.8440900607498716,0,0,0,0,0,0,0,0,0,0
2016-07-26,NO 15/9-F-11 H,7078,15/9-F-11,3420717,VOLVE,369304,MÆRSK INSPIRER,24.0,100.0,%,production,OP,3643.1959005145,220.8910085,3286.9030463661247,324.321453986,45.28102676775,356.292854148375,181.567702625,2855.7624343,2564.7286749120003,15209.5153572,0.8980889460928366,0.8419198161655902,0,0,0,0,0,0,0,0,0,0
2016-07-27,NO 15/9-F-11 H,7078,15/9-F-11,3420717,VOLVE,369304,MÆRSK INSPIRER,24.0,100.0,%,production,OP,3643.426583453501,220.88989325,3286.8165553721246,324.062431226125,45.723752241125,356.610028081375,181.575636875,2802.4877436,2517.6231028760003,16477.415257,0.8983529396784906,0.8546420205790047,0,0,0,0,0,0,0,0,0,0
2016-07-28,NO 15/9-F-11 H,7078,15/9-F-11,3420717,VOLVE,369304,MÆRSK INSPIRER,24.0,100.0,%,production,OP,3645.6671939316248,220.8563825,3288.18986278325,323.392796823375,46.009897107,357.477331148375,181.659510875,2840.4152979,2551.6142079200004,17131.869987500002,0.8983243435586625,0.8577821587609517,0,0,0,0,0,0,0,0,0,0
2016-07-29,NO 15/9-F-11 H,7078,15/9-F-11,3420717,VOLVE,369304,MÆRSK INSPIRER,24.0,100.0,%,production,OP,3645.4419257446248,220.83436025,3288.255144991375,324.804137428375,46.0749345635,357.18678075325005,183.44214425,2874.6318643,2532.6307909350003,17343.2705016,0.8810278708685085,0.8578175019210488,0,0,0,0,0,0,0,0,0,0
2016-07-30,NO 15/9-F-11 H,7078,15/9-F-11,3420717,VOLVE,369304,MÆRSK INSPIRER,24.0,100.0,%,production,OP,3641.6863359456247,220.8270755,3285.1845364285,323.412298391125,46.38969723975,356.501799517125,184.081038125,2928.9758227,2605.7389297280006,17747.5794884,0.8896416657089262,0.8583431437862569,0,0,0,0,0,0,0,0,0,0
2016-07-31,NO 15/9-F-11 H,7078,15/9-F-11,3420717,VOLVE,369304,MÆRSK INSPIRER,24.0,100.0,%,production,OP,3639.308456065375,220.826969,3282.616575184375,322.291940273625,46.544700559,356.691880881,183.596456,2871.4240612,2500.46439644,17121.8062915,0.870809864076652,0.8563801841650753,0,0,0,0,0,0,0,0,0,0
2016-08-01,NO 15/9-F-11 H,7078,15/9-F-11,3420717,VOLVE,369304,MÆRSK INSPIRER,24.0,100.0,%,production,OP,3634.763140399625,220.68725825,3278.30495501775,321.55963434675004,46.236449484625,356.458185381875,183.7030505,2946.775985,2514.6923359230004,16603.7775399,0.8533707172596631,0.8492740381367246,0,0,0,0,0,0,0,0,0,0
2016-08-02,NO 15/9-F-11 H,7078,15/9-F-11,3420717,VOLVE,369304,MÆRSK INSPIRER,24.0,100.0,%,production,OP,3632.696611781,220.81852325,3275.690557440625,323.082620973875,46.085196002,357.006054340375,183.4582415,2876.959094,2638.441401369,16232.0497689,0.9170938185640398,0.8494448814880401,0,0,0,0,0,0,0,0,0,0
2016-08-03,NO 15/9-F-11 H,7078,15/9-F-11,3420717,VOLVE,369304,MÆRSK INSPIRER,24.0,100.0,%,production,OP,3642.43898949525,220.805069375,3276.8730371465,321.348643337875,44.287912300625,365.56595234875,181.743366875,2780.3476124000003,2369.139268403,22389.6479627,0.8521018227494064,0.889537222837237,0,0,0,0,0,0,0,0,0,0
2016-08-04,NO 15/9-F-11 H,7078,15/9-F-11,3420717,VOLVE,369304,MÆRSK INSPIRER,24.0,100.0,%,production,OP,3666.1943344445,220.775580875,3283.3191543645,323.38795920175,39.87677793625,382.87518008,182.430425375,2660.9670186,2649.504084291,18563.9339283,0.9956921922636114,0.8746299440804388,0,0,0,0,0,0,0,0,0,0
2016-08-05,NO 15/9-F-11 H,7078,15/9-F-11,3420717,VOLVE,369304,MÆRSK INSPIRER,24.0,100.0,%,production,OP,3665.26039245975,220.774911875,3282.021049156375,321.36929916637496,39.78830475625,383.239343303375,183.00329975,2728.9598647000003,2457.234965876,16911.5379432,0.900429133334333,0.8610544451881291,0,0,0,0,0,0,0,0,0,0
2016-08-06,NO 15/9-F-11 H,7078,15/9-F-11,3420717,VOLVE,369304,MÆRSK INSPIRER,24.0,100.0,%,production,OP,3663.742403600375,220.7745635,3280.042168814125,322.8896025905,40.74993086925,383.70023478625,182.540723,2659.8348528,2379.8798812610003,15884.7893588,0.8947472354367069,0.8565711107191796,0,0,0,0,0,0,0,0,0,0
2016-08-07,NO 15/9-F-11 H,7078,15/9-F-11,3420717,VOLVE,369304,MÆRSK INSPIRER,24.0,100.0,%,production,OP,3662.913780355,220.775883125,3277.924825527875,319.518810692,41.501680953000005,384.988954827125,175.428732875,2688.2018959,2551.9479318350004,15940.2025849,0.9493140882487986,0.8556933902379731,0,0,0,0,0,0,0,0,0,0
2016-08-08,NO 15/9-F-11 H,7078,15/9-F-11,3420717,VOLVE,369304,MÆRSK INSPIRER,24.0,100.0,%,production,OP,3661.6849579865,220.77714275,3276.629418630875,316.854930983875,41.32530870175,385.055539355625,177.867226625,2681.346003,2412.39306611,15948.505134100002,0.8996948038078321,0.856072601800865,0,0,0,0,0,0,0,0,0,0
2016-08-09,NO 15/9-F-11 H,7078,15/9-F-11,3420717,VOLVE,369304,MÆRSK INSPIRER,23.66667,92.9425175,%,production,OP,3674.58831283582,220.7584733882029,3280.505899912307,316.91290967498503,51.70025390674747,394.0824129235125,180.75052309628356,2505.3571192,2296.8190005670003,15249.8330393,0.9167631165094784,0.8588943797934712,0,0,0,0,0,0,0,0,0,0
2016-08-10,NO 15/9-F-11 H,7078,15/9-F-11,3420717,VOLVE,369304,MÆRSK INSPIRER,24.0,98.44015729166668,%,production,OP,3660.982717228375,220.783779125,3274.582116612125,320.329388792875,42.815426092125,386.40060061625,181.93963475,2643.8587354,2420.658471645,15687.6038153,0.9155778405379776,0.8557748063970464,0,0,0,0,0,0,0,0,0,0
2016-08-11,NO 15/9-F-11 H,7078,15/9-F-11,3420717,VOLVE,369304,MÆRSK INSPIRER,24.0,98.43097104166668,%,production,OP,3660.005541833125,220.7854445,3272.2782695660003,321.619562235375,43.48239844325,387.727272267125,180.00506074999998,2695.4351774,2396.645535086001,15749.7471381,0.8891497577759558,0.8538677942405074,0,0,0,0,0,0,0,0,0,0
2016-08-12,NO 15/9-F-11 H,7078,15/9-F-11,3420717,VOLVE,369304,MÆRSK INSPIRER,24.0,98.451799375,%,production,OP,3659.365522377,220.79090975,3270.9843281571248,320.164577278875,43.759200444625,388.381194219875,178.66130300000003,2762.1071634,2455.541979158,19115.7389596,0.8890103945624488,0.8737486703274588,0,0,0,0,0,0,0,0,0,0
2016-08-13,NO 15/9-F-11 H,7078,15/9-F-11,3420717,VOLVE,369304,MÆRSK INSPIRER,24.0,98.43952125,%,production,OP,3657.531033407,220.80597425,3270.16984611675,320.739813095,45.15199129375,387.36118729025,181.620239375,2768.0824829,2472.239122465,19892.0273098,0.8931233580420416,0.8778433772729669,0,0,0,0,0,0,0,0,0,0
2016-08-14,NO 15/9-F-11 H,7078,15/9-F-11,3420717,VOLVE,369304,MÆRSK INSPIRER,24.0,98.44618979166668,%,production,OP,3658.855934385625,220.83743825,3269.710226738,322.200741587875,46.820384559125,389.145707647625,183.18755,2864.1907797,2511.8099501090005,21353.6533576,0.8769701962283712,0.8817322151607785,0,0,0,0,0,0,0,0,0,0
2016-08-15,NO 15/9-F-11 H,7078,15/9-F-11,3420717,VOLVE,369304,MÆRSK INSPIRER,24.0,98.433035625,%,production,OP,3659.836904941875,220.86857825,3268.96108733825,325.128496785625,47.922779116,390.87581760362497,183.372801125,2944.6374496000003,2590.862259206,21128.4152615,0.8798578105287436,0.8776791009873776,0,0,0,0,0,0,0,0,0,0
2016-08-16,NO 15/9-F-11 H,7078,15/9-F-11,3420717,VOLVE,369304,MÆRSK INSPIRER,24.0,98.43820333333332,%,production,OP,3659.8296560635,220.89910475,3266.868627133875,325.958280335,49.27592926675,392.961028929625,183.367858625,3020.4296601,2676.60352563,18431.5963259,0.8861664818711201,0.8592007271447839,0,0,0,0,0,0,0,0,0,0
2016-08-17,NO 15/9-F-11 H,7078,15/9-F-11,3420717,VOLVE,369304,MÆRSK INSPIRER,24.0,98.44813520833333,%,production,OP,3657.039865241625,220.92204275,3263.87413330475,326.29235119500004,49.809215863,393.165731936875,183.444001625,2991.9997189,2595.62691853,17633.7968255,0.8675224473230481,0.854938949268733,0,0,0,0,0,0,0,0,0,0
2016-08-18,NO 15/9-F-11 H,7078,15/9-F-11,3420717,VOLVE,369304,MÆRSK INSPIRER,24.0,98.453579375,%,production,OP,3654.179981784625,220.938534125,3260.978694386375,326.37535523375,49.61088546287501,393.20128739825,183.50299812500003,3054.7091246,2667.290332946,17533.7888465,0.8731732627064022,0.8516303069370149,0,0,0,0,0,0,0,0,0,0
2016-08-19,NO 15/9-F-11 H,7078,15/9-F-11,3420717,VOLVE,369304,MÆRSK INSPIRER,24.0,98.44822583333334,%,production,OP,3652.071800065375,220.957374125,3258.9215871945003,325.161997542,49.475746306375,393.150212870875,183.63549725,3084.9002126,2706.700125558,17388.179745,0.8774028133884929,0.8493191928625851,0,0,0,0,0,0,0,0,0,0
2016-08-20,NO 15/9-F-11 H,7078,15/9-F-11,3420717,VOLVE,369304,MÆRSK INSPIRER,24.0,98.45705791666668,%,production,OP,3649.783602015125,220.973490875,3256.189146815125,322.148908632625,49.852373732875,393.5944552,181.85698625,2980.4893666000003,2648.5601223600006,17531.964801600003,0.8886326359826444,0.8546985483959991,0,0,0,0,0,0,0,0,0,0
2016-08-21,NO 15/9-F-11 H,7078,15/9-F-11,3420717,VOLVE,369304,MÆRSK INSPIRER,24.0,98.4552325,%,production,OP,3649.01434765775,220.987357625,3255.246653631625,322.62398362325,50.07221205975,393.767694026125,182.63626175,3098.0459155000003,2720.5152361980004,17621.6574922,0.8781390949007063,0.8504782691846505,0,0,0,0,0,0,0,0,0,0
2016-08-22,NO 15/9-F-11 H,7078,15/9-F-11,3420717,VOLVE,369304,MÆRSK INSPIRER,24.0,98.4565425,%,production,OP,3647.86157354725,221.002605125,3253.716040423,324.88126138487496,50.5217512975,394.14553312425,183.822709625,3109.3046754,2723.725342428,17490.5778518,0.8759917816923501,0.8490620191015902,0,0,0,0,0,0,0,0,0,0
2016-08-23,NO 15/9-F-11 H,7078,15/9-F-11,3420717,VOLVE,369304,MÆRSK INSPIRER,24.0,99.192825,%,production,OP,3646.610351872625,221.016588125,3251.910187393125,325.627064910625,50.854610485875,394.7001644795,183.411841625,3172.1398773,2781.4726461620003,17406.9862769,0.8768442608935264,0.8458564346449376,0,0,0,0,0,0,0,0,0,0
2016-08-24,NO 15/9-F-11 H,7078,15/9-F-11,3420717,VOLVE,369304,MÆRSK INSPIRER,24.0,100.0,%,production,OP,3645.1780865145,221.030138375,3250.209949221875,324.68834271512503,51.162081981,394.968137292625,182.97685775,3160.5037288000003,2760.776466227,17656.3772434,0.8735241920677084,0.8481759235199207,0,0,0,0,0,0,0,0,0,0
2016-08-25,NO 15/9-F-11 H,7078,15/9-F-11,3420717,VOLVE,369304,MÆRSK INSPIRER,24.0,100.0,%,production,OP,3643.8010473965,221.042977625,3249.257883530375,325.716202848125,50.629236542,394.543163866125,183.965990375,3165.4097806,2793.977934579,17666.692531800003,0.8826591589191983,0.8480513520368113,0,0,0,0,0,0,0,0,0,0
2016-08-26,NO 15/9-F-11 H,7078,15/9-F-11,3420717,VOLVE,369304,MÆRSK INSPIRER,24.0,100.0,%,production,OP,3641.60012596275,221.0564945,3247.370419430875,324.52351004975,50.48866450375,394.229706531875,182.331845375,3213.1494385,2879.015379032,17552.2808879,0.89601042034821,0.8452644906465058,0,0,0,0,0,0,0,0,0,0
2016-08-27,NO 15/9-F-11 H,7078,15/9-F-11,3420717,VOLVE,369304,MÆRSK INSPIRER,24.0,100.0,%,production,OP,3642.40405951025,221.085806375,3250.605081079875,326.53791865875,50.62420251475,391.798978430375,183.825864875,3394.4217627,3270.7274440200003,17564.6718136,0.9635595316883632,0.8380453930250913,0,0,0,0,0,0,0,0,0,0
2016-08-28,NO 15/9-F-11 H,7078,15/9-F-11,3420717,VOLVE,369304,MÆRSK INSPIRER,24.0,100.0,%,production,OP,3649.555683863,221.15144375,3257.6953392505,326.4650551935,50.831757936,391.8603446125,184.117625375,3331.5236627,3193.3638838770003,17712.6710429,0.9585295519975298,0.8416891827267945,0,0,0,0,0,0,0,0,0,0
2016-08-29,NO 15/9-F-11 H,7078,15/9-F-11,3420717,VOLVE,369304,MÆRSK INSPIRER,24.0,100.0,%,production,OP,3659.563605003875,221.214296375,3268.702768617,326.302295362875,49.915984982375,390.860836386875,184.10335025,3145.3452867,3153.0924125850006,18587.5207158,1.0024630446513323,0.8552724115476448,0,0,0,0,0,0,0,0,0,0
2016-08-30,NO 15/9-F-11 H,7078,15/9-F-11,3420717,VOLVE,369304,MÆRSK INSPIRER,24.0,100.0,%,production,OP,3680.722262120125,221.280312875,3292.7144712528752,326.57872268275,47.801167774625,388.0077908672501,179.039628875,3191.0093073,2998.574355323,18882.7643972,0.9396946440937132,0.8554388864351965,0,0,0,0,0,0,0,0,0,0
2016-08-31,NO 15/9-F-11 H,7078,15/9-F-11,3420717,VOLVE,369304,MÆRSK INSPIRER,24.0,100.0,%,production,OP,3680.91904544825,221.312469125,3293.303002219,326.084260946125,47.538274313125,387.61604322925,177.43667862499998,3408.448039,2997.0024980260005,18694.5103839,0.8792865444137112,0.8457922250141573,0,0,0,0,0,0,0,0,0,0
2016-09-01,NO 15/9-F-11 H,7078,15/9-F-11,3420717,VOLVE,369304,MÆRSK INSPIRER,24.0,100.0,%,production,OP,3679.413034310375,221.337361625,3292.423008327,326.620378805,46.1763402985,386.99002598337495,181.295494625,3307.5594866,3098.852918002,18269.9482089,0.936900131518862,0.8467126262552652,0,0,0,0,0,0,0,0,0,0
2016-09-02,NO 15/9-F-11 H,7078,15/9-F-11,3420717,VOLVE,369304,MÆRSK INSPIRER,24.0,100.0,%,production,OP,3678.99390772825,221.351951375,3292.946834215375,327.0798229295,44.952038281,386.047073512875,180.10877375,3133.2688515,3058.8180552000003,18117.2316221,0.9762386185710308,0.8525555266148892,0,0,0,0,0,0,0,0,0,0
2016-09-03,NO 15/9-F-11 H,7078,15/9-F-11,3420717,VOLVE,369304,MÆRSK INSPIRER,24.0,97.91666666666669,%,production,OP,3680.2429293384257,221.36371910638297,3293.6750396042557,328.3584468211915,45.09332020825532,386.5678897341702,181.7013736170213,3259.8198287,3085.934447595,17877.7785554,0.9466579779734808,0.8457809742874061,0,0,0,0,0,0,0,0,0,0
2016-09-04,NO 15/9-F-11 H,7078,15/9-F-11,3420717,VOLVE,369304,MÆRSK INSPIRER,24.0,100.0,%,production,OP,3680.39773053025,221.379123125,3293.912790317,327.9740788915,44.8598061995,386.48494021325,184.712915375,3292.2123502,3090.208232589,18080.5620298,0.9386418322625124,0.8459623307828135,0,0,0,0,0,0,0,0,0,0
2016-09-05,NO 15/9-F-11 H,7078,15/9-F-11,3420717,VOLVE,369304,MÆRSK INSPIRER,24.0,97.91666666666669,%,production,OP,3681.069096645575,221.3916489787234,3293.374647390766,328.20323147387234,47.93546942668085,387.6944492548085,183.78533434042555,3235.5411621,3100.587929213,17727.4520964,0.9582903674761444,0.8456546199198884,0,0,0,0,0,0,0,0,0,0
2016-09-06,NO 15/9-F-11 H,7078,15/9-F-11,3420717,VOLVE,369304,MÆRSK INSPIRER,24.0,100.0,%,production,OP,3680.813660233125,221.40272675,3292.143214916875,327.066464325375,48.89241253525,388.6704453162501,179.220156875,3262.2728546,3130.6615745860004,17658.3270845,0.9596565689383032,0.8440640868762609,0,0,0,0,0,0,0,0,0,0
2016-09-07,NO 15/9-F-11 H,7078,15/9-F-11,3420717,VOLVE,369304,MÆRSK INSPIRER,24.0,100.0,%,production,OP,3680.501064062,221.413718,3292.6280950806254,329.116213860375,46.84230040525,387.872968981375,184.4044175,3295.231459,3127.5927271560004,17632.098576800003,0.9491268719876592,0.8425393275987474,0,0,0,0,0,0,0,0,0,0
2016-09-08,NO 15/9-F-11 H,7078,15/9-F-11,3420717,VOLVE,369304,MÆRSK INSPIRER,24.0,100.0,%,production,OP,3680.49059110975,221.425242125,3291.8454881623747,327.53479202737503,48.200167312625005,388.645102947375,181.6035395,3311.9623536,3156.396809064,17644.5524006,0.953029192989798,0.8419602499534788,0,0,0,0,0,0,0,0,0,0
2016-09-09,NO 15/9-F-11 H,7078,15/9-F-11,3420717,VOLVE,369304,MÆRSK INSPIRER,24.0,100.0,%,production,OP,3681.35019507625,221.43685175,3291.659634051875,326.86076116025004,49.002638393625,389.690561024375,180.3114575,3323.2211135,3160.0299854,17654.1758099,0.9508936894276866,0.8415808631721607,0,0,0,0,0,0,0,0,0,0
2016-09-10,NO 15/9-F-11 H,7078,15/9-F-11,3420717,VOLVE,369304,MÆRSK INSPIRER,24.0,100.0,%,production,OP,3680.3178206355,221.4488315,3290.17119064175,327.760933464,50.048700795625,390.14662999375,180.68967275,3338.7569442000004,3194.931856557,17188.6669718,0.956922564281641,0.8373513911018508,0,0,0,0,0,0,0,0,0,0
2016-09-11,NO 15/9-F-11 H,7078,15/9-F-11,3420717,VOLVE,369304,MÆRSK INSPIRER,24.0,100.0,%,production,OP,3680.0554408502494,221.45878175,3288.968351226625,327.49856274362503,50.257773072625,391.087089623625,179.18469950000002,3353.3493034,3197.4271932590004,18877.1035682,0.9535025742821042,0.8491551511447618,0,0,0,0,0,0,0,0,0,0
2016-09-12,NO 15/9-F-11 H,7078,15/9-F-11,3420717,VOLVE,369304,MÆRSK INSPIRER,24.0,100.0,%,production,OP,3679.006462580125,221.466264125,3287.7263515515,325.713737202125,50.295078054875,391.280111028625,182.75736425,3376.1813137,3206.9282601470004,18640.6067122,0.9498684940686692,0.8466542299572334,0,0,0,0,0,0,0,0,0,0
2016-09-13,NO 15/9-F-11 H,7078,15/9-F-11,3420717,VOLVE,369304,MÆRSK INSPIRER,24.0,100.0,%,production,OP,3675.254531969,221.48056625,3283.6721254888757,327.26661676537503,50.823922862375,391.582406480125,182.8771805,3420.4615760999995,3109.1824677520003,19101.0837023,0.9089949992354778,0.8481249162160955,0,0,0,0,0,0,0,0,0,0
2016-09-14,NO 15/9-F-11 H,7078,15/9-F-11,3420717,VOLVE,369304,MÆRSK INSPIRER,24.0,100.0,%,production,OP,3672.505970682045,221.48877052329996,3281.56283367555,329.52973871427463,49.1852132974418,390.9431370064949,184.60398717259653,3408.3222428,3184.996418859,18639.7890369,0.9344763176625184,0.845414321455367,0,0,0,0,0,0,0,0,0,0
2016-09-15,NO 15/9-F-11 H,7078,15/9-F-11,3420717,VOLVE,369304,MÆRSK INSPIRER,24.0,100.0,%,production,OP,3668.572462098,221.493399875,3278.39045491875,327.508518998,49.483258066125,390.18200717925,180.661006625,3364.2306747,3245.070255029,17855.9529147,0.964580187509994,0.8414608120364936,0,0,0,0,0,0,0,0,0,0
2016-09-16,NO 15/9-F-11 H,7078,15/9-F-11,3420717,VOLVE,369304,MÆRSK INSPIRER,24.0,100.0,%,production,OP,3667.8999843461247,221.49661250000003,3278.182110853375,327.36500087537496,49.3431966825,389.71787349275,182.494346375,3335.2975487,3234.110691031,17628.7649775,0.969661819915156,0.8409040449802281,0,0,0,0,0,0,0,0,0,0
2016-09-17,NO 15/9-F-11 H,7078,15/9-F-11,3420717,VOLVE,369304,MÆRSK INSPIRER,8.27514,73.763718125,%,production,OP,3677.381309068649,221.5030856742871,3279.036450340716,328.3128915184972,60.785439476983456,398.34485872793294,185.0519522646771,1132.4173924,1135.931933906,5639.380747900001,1.003103574291235,0.8327744907721316,0,0,0,0,0,0,0,0,0,0
