DATEPRD,WELL_BORE_CODE,NPD_WELL_BORE_CODE,NPD_WELL_BORE_NAME,NPD_FIELD_CODE,NPD_FIELD_NAME,NPD_FACILITY_CODE,NPD_FACILITY_NAME,ON_STREAM_HRS,AVG_CHOKE_SIZE_P,AVG_CHOKE_UOM,FLOW_KIND,WELL_TYPE,AVG_DOWNHOLE_TEMPERATURE_F,AVG_DP_TUBING_PSI,AVG_ANNULUS_PRESS_PSI,DP_CHOKE_SIZE_PSI,AVG_WHP_P_PSI,AVG_WHT_P,BORE_OIL_VOL_STB_D,BORE_GAS_VOL_MSCF_D,BORE_WAT_VOL_STB_D,GOR_MSCF/STB,WCUT,AVG_CHOKE_SIZE_P_WAS_MISSING,AVG_DOWNHOLE_TEMPERATURE_F_WAS_MISSING,AVG_DP_TUBING_PSI_WAS_MISSING,AVG_ANNULUS_PRESS_PSI_WAS_MISSING,BORE_WAT_VOL_STB_D_WAS_NEGATIVE,GOR_MSCF/STB_WAS_MISSING,WCUT_WAS_MISSING,WCUT_WAS_NEGATIVE
2008-02-12,NO 15/9-F-12 H,5599,15/9-F-12,3420717,VOLVE,369304,MÆRSK INSPIRER,11.5,14.484431304347826,%,production,OP,219.952562,2918.889756306,270.344406186,1341.240456276,1549.09197996,61.33049286956522,1790.3944164999998,1373.3417144490002,2421.6397481,0.7670609904680745,0.5749335483678285,0,0,0,0,0,0,0,0
2008-02-13,NO 15/9-F-12 H,5599,15/9-F-12,3420717,VOLVE,369304,MÆRSK INSPIRER,24.0,22.83298645833333,%,production,OP,221.72485250000005,2641.79381098825,238.82886834012496,1299.8326953105,1753.343729193125,128.073793625,11760.057757,10073.382566552,44.8463453,0.8565759433074185,0.003798958882797,0,0,0,0,0,0,0,0
2008-02-14,NO 15/9-F-12 H,5599,15/9-F-12,3420717,VOLVE,369304,MÆRSK INSPIRER,22.5,31.249966444444443,%,production,OP,222.3958752,2637.775454636,183.61214854973332,1162.0512018785334,1649.3456617304,162.9277356,19649.9325229,18008.903600736,7.296179599999999,0.9164867909723584,0.0003711703063754,0,0,0,0,0,0,0,0
2008-02-15,NO 15/9-F-12 H,5599,15/9-F-12,3420717,VOLVE,369304,MÆRSK INSPIRER,23.15,28.51893021276596,%,production,OP,222.35337564146863,2622.7520384063973,76.34875313730453,1221.9595150271405,1694.4882605527905,157.9926981036717,16405.585626800003,13540.597823049,6.1011157,0.8253651000991524,0.000371754335537,0,0,0,0,0,0,0,0
2008-02-16,NO 15/9-F-12 H,5599,15/9-F-12,3420717,VOLVE,369304,MÆRSK INSPIRER,24.0,30.227902291666663,%,production,OP,222.460005875,2617.9510534493747,179.624247961625,1194.51884492475,1674.2385264185,160.73302475,19195.242158,14778.2837678,30.7571709,0.769893062361855,0.0015997696855094,0,0,0,0,0,0,0,0
2008-02-17,NO 15/9-F-12 H,5599,15/9-F-12,3420717,VOLVE,369304,MÆRSK INSPIRER,24.0,29.974052083333333,%,production,OP,222.4963385,2615.6991360505,208.630856868625,1191.7555054081251,1670.922990976375,164.55524037499998,18760.1760003,14929.7485161,11.6361485,0.7958213460183557,0.0006198734787969,0,0,0,0,0,0,0,0
2008-02-18,NO 15/9-F-12 H,5599,15/9-F-12,3420717,VOLVE,369304,MÆRSK INSPIRER,23.0,30.30840304347826,%,production,OP,222.55964052173917,2624.161621467,231.777165579,1164.119145765,1643.01679155,165.48828173913043,18746.9045012,14614.317615700002,40.7579688,0.7795589727767873,0.0021694007365249,0,0,0,0,0,0,0,0
2008-02-19,NO 15/9-F-12 H,5599,15/9-F-12,3420717,VOLVE,369304,MÆRSK INSPIRER,24.0,30.486976666666667,%,production,OP,222.562325,2611.555898958625,272.834671204125,1178.7956077235,1650.08467747775,166.82330937499998,19159.9563239,15157.7049046,4.5915613,0.7911137503843043,0.0002395862050857,0,0,0,0,0,0,0,0
2008-02-20,NO 15/9-F-12 H,5599,15/9-F-12,3420717,VOLVE,369304,MÆRSK INSPIRER,24.0,29.907024375,%,production,OP,222.58279438297876,2605.7779959796253,286.3159947711064,1171.528794268298,1644.727100666,163.4702310212766,19229.0813358,15643.802921425002,2.8933126,0.8135491575616742,0.0001504428251854,0,0,0,0,0,0,0,0
2008-02-21,NO 15/9-F-12 H,5599,15/9-F-12,3420717,VOLVE,369304,MÆRSK INSPIRER,24.0,30.49301125,%,production,OP,222.590181125,2602.4733263010003,281.83313088662504,1159.9438615811248,1640.47190934625,161.1274775,19060.1999373,14966.693342652,2.8304145000000003,0.7852327568381284,0.0001484766297784,0,0,0,0,0,0,0,0
2008-02-22,NO 15/9-F-12 H,5599,15/9-F-12,3420717,VOLVE,369304,MÆRSK INSPIRER,23.66666,29.634476666666668,%,production,OP,222.58812769366276,2600.2736015171035,15.063545725188982,1159.5497749196015,1640.0799756867027,162.18916850732296,18287.9999636,14048.4701776,2.7675164,0.7681796919051695,0.0001513067400275,0,0,0,0,0,0,0,0
2008-02-23,NO 15/9-F-12 H,5599,15/9-F-12,3420717,VOLVE,369304,MÆRSK INSPIRER,15.14167,28.957179677419354,%,production,OP,222.52822402196455,2603.2246638880165,159.69901945106545,1148.1529964786207,1633.1674200732975,157.27464220880393,11646.9669732,8902.058946600002,1.7611468,0.7643242199521894,0.0001511879049676,0,0,0,0,0,0,0,0
2008-02-24,NO 15/9-F-12 H,5599,15/9-F-12,3420717,VOLVE,369304,MÆRSK INSPIRER,24.0,30.799615416666665,%,production,OP,222.63042125,2601.32460721125,124.481972752125,1130.3108516818752,1612.633019507,163.74666725,19666.348927,15637.6316776,2.9562107,0.7951466607068606,0.0001502956347112,0,0,0,0,0,0,0,0
2008-02-25,NO 15/9-F-12 H,5599,15/9-F-12,3420717,VOLVE,369304,MÆRSK INSPIRER,24.0,30.68343520833333,%,production,OP,222.6122555,2592.676199763375,178.4600853465,1135.0195345248749,1616.4446785795,163.5941585,19155.8679474,15509.4393166,2.8933126,0.8096443011189725,0.000151017728168,0,0,0,0,0,0,0,0
2008-02-26,NO 15/9-F-12 H,5599,15/9-F-12,3420717,VOLVE,369304,MÆRSK INSPIRER,24.0,30.923040416666662,%,production,OP,222.622819625,2590.417474643375,181.39042705525,1127.28164542475,1608.957439316375,162.15411462499998,19162.1577574,15782.316003500002,2.8933126,0.8236189370377781,0.0001509681654085,0,0,0,0,0,0,0,0
2008-02-27,NO 15/9-F-12 H,5599,15/9-F-12,3420717,VOLVE,369304,MÆRSK INSPIRER,24.0,30.849319375,%,production,OP,222.624434,2590.49103006075,179.49491939,1118.648989708,1600.1392286300002,166.464467,19092.9698474,15736.7953552,2.8933126,0.824219358275631,0.0001515151515151,0,0,0,0,0,0,0,0
2008-02-28,NO 15/9-F-12 H,5599,15/9-F-12,3420717,VOLVE,369304,MÆRSK INSPIRER,23.66666,29.900441458333333,%,production,OP,222.61294469170977,2584.86078242723,147.20634116239674,1123.543978310705,1604.536689331994,164.21120621531557,18690.4849055,14997.2349078,2.8304145000000003,0.8023994553178662,0.0001514131897711,0,0,0,0,0,0,0,0
2008-02-29,NO 15/9-F-12 H,5599,15/9-F-12,3420717,VOLVE,369304,MÆRSK INSPIRER,24.0,31.0238775,%,production,OP,222.63229962500003,2582.65453022875,165.69066485862498,1105.35704867375,1587.396047933625,164.112502625,19313.1131974,15903.9045156,2.8933126,0.8234769999557109,0.0001497883425594,0,0,0,0,0,0,0,0
2008-03-01,NO 15/9-F-12 H,5599,15/9-F-12,3420717,VOLVE,369304,MÆRSK INSPIRER,24.0,31.06188145833333,%,production,OP,222.6363605,2582.615699325874,161.79752162475,1096.09806448375,1578.40258299725,166.2875675,19300.1561888,15806.298922564,2.8933126,0.8189725910993659,0.0001498888867165,0,0,0,0,0,0,0,0
2008-03-02,NO 15/9-F-12 H,5599,15/9-F-12,3420717,VOLVE,369304,MÆRSK INSPIRER,24.0,31.087440625,%,production,OP,222.63909762500003,2580.858793599375,162.770820275125,1084.327635523625,1571.06681477375,167.393087,19287.9539574,15755.4415168,2.8933126,0.8168539572210707,0.0001499836974241,0,0,0,0,0,0,0,0
2008-03-03,NO 15/9-F-12 H,5599,15/9-F-12,3420717,VOLVE,369304,MÆRSK INSPIRER,24.0,30.964471666666668,%,production,OP,222.638219,2576.870145864125,157.60536744575,1078.511221934,1567.269656479625,167.223681875,19143.2883274,15670.0505722,2.8933126,0.8185662935333468,0.0001511169513797,0,0,0,0,0,0,0,0
2008-03-04,NO 15/9-F-12 H,5599,15/9-F-12,3420717,VOLVE,369304,MÆRSK INSPIRER,24.0,30.60221479166667,%,production,OP,222.626576,2571.62354427375,142.557049469375,1079.670604338375,1567.499855958625,165.70576699999998,18763.6982939,15194.033842784,2.8304145000000003,0.8097568829340811,0.0001508224852864,0,0,0,0,0,0,0,0
2008-03-05,NO 15/9-F-12 H,5599,15/9-F-12,3420717,VOLVE,369304,MÆRSK INSPIRER,24.0,30.576489375,%,production,OP,222.623306375,2566.5864893555,135.21558548275,1077.08760748825,1564.514550891125,162.50000825,18662.180760500003,15456.827476540002,2.8304145000000003,0.8282433695667343,0.0001516427969671,0,0,0,0,0,0,0,0
2008-03-06,NO 15/9-F-12 H,5599,15/9-F-12,3420717,VOLVE,369304,MÆRSK INSPIRER,24.0,30.588812291666667,%,production,OP,222.618063125,2566.94571826525,132.18197067475,1064.21369618625,1556.40839217925,167.004073625,18560.474532800003,15281.6241869,10.9442694,0.8233423213342078,0.0005893071238425,0,0,0,0,0,0,0,0
2008-03-07,NO 15/9-F-12 H,5599,15/9-F-12,3420717,VOLVE,369304,MÆRSK INSPIRER,22.83333,28.82495914893617,%,production,OP,222.5806759109276,2562.3862530822494,91.02401813303986,1067.0219869252094,1562.837946582628,159.8749066332296,16709.6350422,13817.39196962,9.8750017,0.8269116551453296,0.000590627457029,0,0,0,0,0,0,0,0
2008-03-08,NO 15/9-F-12 H,5599,15/9-F-12,3420717,VOLVE,369304,MÆRSK INSPIRER,23.0,27.948245625,%,production,OP,222.5681997508713,2558.204885646008,66.58525720258913,1070.3098959758247,1566.8664955764489,156.65428508147914,16218.1492888,12917.0225043,9.5605112,0.7964547787965113,0.0005891472868217,0,0,0,0,0,0,0,0
2008-03-09,NO 15/9-F-12 H,5599,15/9-F-12,3420717,VOLVE,369304,MÆRSK INSPIRER,24.0,31.159112291666663,%,production,OP,222.62830175,2559.290730468625,124.467777157875,1037.9241385225,1536.380309294625,163.64918937500002,18849.4913023,15107.3108277,11.1329637,0.8014704792514278,0.0005902754618822,0,0,0,0,0,0,0,0
2008-03-10,NO 15/9-F-12 H,5599,15/9-F-12,3420717,VOLVE,369304,MÆRSK INSPIRER,24.0,31.305012916666666,%,production,OP,222.631528625,2556.042556112625,130.705003396375,1030.672851912375,1527.099968259125,164.005602125,19004.031934,15562.446681300002,3.773886,0.8189023642639391,0.000198544010589,0,0,0,0,0,0,0,0
2008-03-11,NO 15/9-F-12 H,5599,15/9-F-12,3420717,VOLVE,369304,MÆRSK INSPIRER,24.0,31.370029791666667,%,production,OP,222.63352625,2553.882487048875,129.56456355912502,1033.880270590375,1520.1542767150002,165.147018875,18934.844024,15925.940888400002,3.773886,0.8410917390295795,0.0001992693457323,0,0,0,0,0,0,0,0
2008-03-12,NO 15/9-F-12 H,5599,15/9-F-12,3420717,VOLVE,369304,MÆRSK INSPIRER,23.775,29.858670416666666,%,production,OP,222.6111043659306,2553.1335357619623,97.1081344584795,1042.3593318944038,1523.665819871287,165.00131471293375,17576.496656400002,14792.8687389,3.5222936,0.8416278299415021,0.0002003577817531,0,0,0,0,0,0,0,0
2008-03-13,NO 15/9-F-12 H,5599,15/9-F-12,3420717,VOLVE,369304,MÆRSK INSPIRER,24.0,31.642544791666666,%,production,OP,222.64914575,2553.3487260575,125.3236735905,1021.80284453025,1500.29223514575,167.555583875,19239.8369109,16192.6375028,3.8367841,0.841620309870004,0.000199378983494,0,0,0,0,0,0,0,0
2008-03-14,NO 15/9-F-12 H,5599,15/9-F-12,3420717,VOLVE,369304,MÆRSK INSPIRER,23.83334,30.926781875,%,production,OP,222.6408082796444,2551.107311401527,113.48407829304368,1020.9669071751706,1497.074163678907,167.30996838177194,18648.0915861,15115.2213205,3.7109879,0.8105505730016177,0.000198961354286,0,0,0,0,0,0,0,0
2008-03-15,NO 15/9-F-12 H,5599,15/9-F-12,3420717,VOLVE,369304,MÆRSK INSPIRER,24.0,32.074124166666664,%,production,OP,222.64777625,2549.92905030975,127.8992583945,1013.338254617625,1481.418135021625,169.2719045,19695.7223397,16037.7119139,3.9625803,0.8142738629886821,0.0002011494252873,0,0,0,0,0,0,0,0
2008-03-16,NO 15/9-F-12 H,5599,15/9-F-12,3420717,VOLVE,369304,MÆRSK INSPIRER,24.0,32.051666041666664,%,production,OP,222.65085275,2546.192055591,121.984055797125,1012.5587720596252,1475.60322620125,168.80697575000002,19720.8815797,16061.0549306,3.9625803,0.8144187097159339,0.0002008928571428,0,0,0,0,0,0,0,0
2008-03-17,NO 15/9-F-12 H,5599,15/9-F-12,3420717,VOLVE,369304,MÆRSK INSPIRER,24.0,32.07361645833333,%,production,OP,222.657441875,2542.01372232475,116.12169537775002,1005.4293657155,1469.221418228125,167.441492375,19771.2000597,16606.384528000002,3.9625803,0.8399280002152778,0.0002003816793893,0,0,0,0,0,0,0,0
2008-03-18,NO 15/9-F-12 H,5599,15/9-F-12,3420717,VOLVE,369304,MÆRSK INSPIRER,24.0,32.04643958333333,%,production,OP,222.6539315,2539.2085544532497,112.451070652125,1001.8298639991248,1463.5902483807502,167.67616325,19702.0121497,15018.792413268002,3.9625803,0.7622973886703593,0.0002010852218321,0,0,0,0,0,0,0,0
2008-03-19,NO 15/9-F-12 H,5599,15/9-F-12,3420717,VOLVE,369304,MÆRSK INSPIRER,24.0,32.04521979166667,%,production,OP,222.652314875,2536.75905601725,108.428955398375,1002.280249291875,1457.04922796475,168.067149125,19747.6132722,16036.169720951002,3.9625803,0.8120560950789005,0.000200620969668,0,0,0,0,0,0,0,0
2008-03-20,NO 15/9-F-12 H,5599,15/9-F-12,3420717,VOLVE,369304,MÆRSK INSPIRER,24.0,32.01249270833333,%,production,OP,222.64753025,2533.355929709625,101.063823023125,999.5693470555,1452.1823479448751,166.420021625,19854.8545327,16508.411662084,3.9625803,0.831454676985693,0.0001995375795774,0,0,0,0,0,0,0,0
2008-03-21,NO 15/9-F-12 H,5599,15/9-F-12,3420717,VOLVE,369304,MÆRSK INSPIRER,24.0,32.087249791666665,%,production,OP,222.64873325,2530.889869747,97.120106851625,989.932336426625,1444.197510498375,167.640964625,20077.9540934,16189.93239678,4.0254784,0.8063536912907843,0.0002004522704351,0,0,0,0,0,0,0,0
2008-03-22,NO 15/9-F-12 H,5599,15/9-F-12,3420717,VOLVE,369304,MÆRSK INSPIRER,24.0,32.078392083333334,%,production,OP,222.6478385,2527.77464084775,93.72512080175,983.279340631375,1438.3780480891248,167.57377175000002,19952.0320972,16175.138715803,3.9625803,0.8107013178909713,0.0001985659128516,0,0,0,0,0,0,0,0
2008-03-23,NO 15/9-F-12 H,5599,15/9-F-12,3420717,VOLVE,369304,MÆRSK INSPIRER,24.0,32.060703333333336,%,production,OP,222.643079,2524.936365031125,91.196863710125,977.632068544375,1432.8718798463751,167.635094,19877.434950600004,16468.489806322003,3.9625803,0.8285017582625719,0.0001993109535605,0,0,0,0,0,0,0,0
2008-03-24,NO 15/9-F-12 H,5599,15/9-F-12,3420717,VOLVE,369304,MÆRSK INSPIRER,24.0,32.128393958333334,%,production,OP,222.6430145,2521.265607354,71.89056243249999,971.9189612918748,1427.201863988,166.661438375,19833.9723635,16544.218295855004,3.9625803,0.8341353911685864,0.0001997476204668,0,0,0,0,0,0,0,0
2008-03-25,NO 15/9-F-12 H,5599,15/9-F-12,3420717,VOLVE,369304,MÆRSK INSPIRER,24.0,32.04209770833333,%,production,OP,222.638135,2518.5017904206247,216.2000849045,966.832811010625,1421.9424809238749,166.926723875,19690.7533898,14357.618592870002,3.9625803,0.7291553709827774,0.0002012001750122,0,0,0,0,0,0,0,0
2008-03-26,NO 15/9-F-12 H,5599,15/9-F-12,3420717,VOLVE,369304,MÆRSK INSPIRER,7.475,30.925418125,%,production,OP,222.63349092082407,2516.725960000662,214.5758118157244,965.6411968847568,1419.8742442573364,167.4672314048883,6039.8529506,4002.610828787,10.3152884,0.6627000460978739,0.0017049589354402,0,0,0,0,0,0,0,0
2008-03-27,NO 15/9-F-12 H,5599,15/9-F-12,3420717,VOLVE,369304,MÆRSK INSPIRER,0.0,26.129375729166664,%,production,OP,219.253748,4097.790087246,8.74941735,16.88387358,17.087942046,44.115008,0.0,0.0,0.0,2.201979196437797,0.0017359917689298001,1,0,0,0,0,1,1,0
2008-03-28,NO 15/9-F-12 H,5599,15/9-F-12,3420717,VOLVE,369304,MÆRSK INSPIRER,1.19167,21.33333333333333,%,production,OP,220.48521925430697,2714.7491881681763,5.970537788422314,989.257213961837,1337.84785848857,75.38,461.9236464,1728.175697668,0.8176753,3.74125834677772,0.0017670246024194,0,0,0,0,0,0,0,0
2008-03-29,NO 15/9-F-12 H,5599,15/9-F-12,3420717,VOLVE,369304,MÆRSK INSPIRER,24.0,32.0,%,production,OP,222.56667634042557,2526.432437980085,97.8125131847234,953.5146303777444,1410.8842825355746,156.67205187500002,19732.7693206,17977.826664736003,21.3224559,0.9110645532134242,0.0010793943928804,0,0,0,0,0,0,0,0
2008-03-30,NO 15/9-F-12 H,5599,15/9-F-12,3420717,VOLVE,369304,MÆRSK INSPIRER,10.975,30.68260869565217,%,production,OP,222.6243112411754,2514.56658963328,159.26758387186527,957.5292698319367,1412.2267732663515,163.5900659347918,9000.4036195,4852.112647080001,9.7492055,0.5390994506699189,0.0010820244328097,0,0,0,0,0,0,0,0
2008-03-31,NO 15/9-F-12 H,5599,15/9-F-12,3420717,VOLVE,369304,MÆRSK INSPIRER,14.025,31.0,%,production,OP,222.5510615791157,2515.473675746905,103.63750071457214,973.6266498062346,1423.1349651662383,158.81276468625066,12268.7775898,13367.777569365,12.1393333,1.0895769746839885,0.0009884712498271,0,0,0,0,0,0,0,0
2008-04-01,NO 15/9-F-12 H,5599,15/9-F-12,3420717,VOLVE,369304,MÆRSK INSPIRER,24.0,29.812026875,%,production,OP,222.600465875,2508.116531771375,166.350681429,962.852563392875,1413.1253096765,164.36682875,19250.592486,16168.382660546002,17.7372642,0.8398901318130578,0.0009205397888634,0,0,0,0,0,0,0,0
2008-04-02,NO 15/9-F-12 H,5599,15/9-F-12,3420717,VOLVE,369304,MÆRSK INSPIRER,24.0,31.818380416666667,%,production,OP,222.6089165,2508.9614687701246,184.919512822625,951.3795680896249,1401.91541330525,168.458271875,19207.0041027,16308.645939153,17.6743661,0.8490988939217456,0.000919358215987,0,0,0,0,0,0,0,0
2008-04-03,NO 15/9-F-12 H,5599,15/9-F-12,3420717,VOLVE,369304,MÆRSK INSPIRER,24.0,32.000954166666666,%,production,OP,222.615146,2505.46102800775,191.293201689375,943.507207612125,1394.0549610518751,168.6580205,19518.0352072,13171.873508879,17.9888566,0.6748565298222248,0.0009208043838015,0,0,0,0,0,0,0,0
2008-04-04,NO 15/9-F-12 H,5599,15/9-F-12,3420717,VOLVE,369304,MÆRSK INSPIRER,24.0,32.081197708333335,%,production,OP,222.614697125,2501.7591778093747,192.5081759505,937.2173990553748,1387.877121831125,167.391003875,19565.5861708,16376.031330811002,17.9888566,0.8369813808722407,0.000918568574677,0,0,0,0,0,0,0,0
2008-04-05,NO 15/9-F-12 H,5599,15/9-F-12,3420717,VOLVE,369304,MÆRSK INSPIRER,24.0,32.20087375,%,production,OP,222.61040487500003,2499.239082126875,192.409547088875,927.06558208875,1379.89544198275,167.830148375,20777.129373,16369.419359530002,19.1210224,0.7878576036977541,0.0009194456710441,0,0,0,0,0,0,0,0
2008-04-06,NO 15/9-F-12 H,5599,15/9-F-12,3420717,VOLVE,369304,MÆRSK INSPIRER,24.0,32.21080020833333,%,production,OP,222.59586275,2495.622680461875,192.341466856,915.49608212625,1374.7917753413751,167.73063574999998,19048.1235021,15570.466296523002,964.6052616,0.8174278319229925,0.0481995870223177,0,0,0,0,0,0,0,0
2008-04-07,NO 15/9-F-12 H,5599,15/9-F-12,3420717,VOLVE,369304,MÆRSK INSPIRER,24.0,32.033210625,%,production,OP,222.56938475,2490.83236237625,190.705749443375,916.206402709625,1374.08795125175,167.485584125,18861.882228,15975.291062768,955.1705466,0.8469616589511451,0.0481994248824055,0,0,0,0,0,0,0,0
2008-04-08,NO 15/9-F-12 H,5599,15/9-F-12,3420717,VOLVE,369304,MÆRSK INSPIRER,24.0,32.04783125,%,production,OP,222.5492435,2485.30856597325,189.483514217375,911.1993827438748,1371.25002896525,166.33274825,19209.8345172,15928.006092056,27.2977754,0.8291589434461013,0.0014190147982971,0,0,0,0,0,0,0,0
2008-04-09,NO 15/9-F-12 H,5599,15/9-F-12,3420717,VOLVE,369304,MÆRSK INSPIRER,24.0,32.00002729166667,%,production,OP,222.535599875,2482.726593454,188.34328589387505,910.703383000125,1366.51129908325,166.70347925000002,19031.707098000003,16371.729294057,30.8829671,0.8602344082826636,0.0016200824229306,0,0,0,0,0,0,0,0
2008-04-10,NO 15/9-F-12 H,5599,15/9-F-12,3420717,VOLVE,369304,MÆRSK INSPIRER,24.0,31.25185833333333,%,production,OP,222.5236716595745,2481.729344053788,187.3373205199149,902.8215349415746,1360.6275478090213,167.74286727659575,18889.6831882,16552.423666400002,25.7253229,0.876267934273242,0.0013600194193481,0,0,0,0,0,0,0,0
2008-04-11,NO 15/9-F-12 H,5599,15/9-F-12,3420717,VOLVE,369304,MÆRSK INSPIRER,24.0,31.944148125,%,production,OP,222.512199125,2475.973772233625,184.434578269625,900.24748782325,1357.878483220375,165.55597775,18969.8782657,16207.210113755003,65.6656164,0.854365530803629,0.0034496317418988,0,0,0,0,0,0,0,0
2008-04-12,NO 15/9-F-12 H,5599,15/9-F-12,3420717,VOLVE,369304,MÆRSK INSPIRER,12.975,30.885044814814812,%,production,OP,222.50798869990288,2478.1056775491666,182.00205138044035,894.2465870902062,1351.0167472009448,165.0109215648925,10160.3703797,8556.045869147001,18.3033471,0.8420998004405064,0.001798205502138,0,0,0,0,0,0,0,0
2008-04-13,NO 15/9-F-12 H,5599,15/9-F-12,3420717,VOLVE,369304,MÆRSK INSPIRER,4.0,25.82295625,%,production,OP,221.86444775,2530.59501353625,30.664985485500004,918.25660851,1357.8113457345,119.628248,2703.1716437,2321.2860841680003,10.8813713,0.8587268550178748,0.0040092699884125,0,0,0,0,0,0,0,0
2008-04-14,NO 15/9-F-12 H,5599,15/9-F-12,3420717,VOLVE,369304,MÆRSK INSPIRER,21.26,28.763500416666663,%,production,OP,222.1098665,2635.7371056921247,96.596688882625,814.21466886525,1216.636000772125,147.23705825000002,16219.092760300002,14590.005563632,22.7691122,0.899557440064985,0.00140187820699,0,0,0,0,0,0,0,0
2008-04-15,NO 15/9-F-12 H,5599,15/9-F-12,3420717,VOLVE,369304,MÆRSK INSPIRER,20.55,32.060503947368424,%,production,OP,222.47314380177824,2474.9131857096177,152.9523907230464,888.8512547335615,1349.3958062347522,165.50005045988985,15688.421490600002,14136.76399054,22.014335,0.9010953714502312,0.0014012555249503,0,0,0,0,0,0,0,0
2008-04-16,NO 15/9-F-12 H,5599,15/9-F-12,3420717,VOLVE,369304,MÆRSK INSPIRER,24.0,31.904078484848483,%,production,OP,222.16343335320352,2465.7968398513244,159.97965174727366,889.3968162221739,1348.849426683814,166.0343118961767,17910.6113636,16326.511292736,25.0963419,0.911555220606071,0.0013992390103627,0,0,0,0,0,0,0,0
2008-04-17,NO 15/9-F-12 H,5599,15/9-F-12,3420717,VOLVE,369304,MÆRSK INSPIRER,9.375,31.653475789473685,%,production,OP,222.4558292,2468.05482397928,167.42811748424,885.8828505756001,1346.11980693112,166.7672444,7048.1723917,6500.751164820001,6.918791000000001,0.9223314646042642,0.000980680592331,0,0,0,0,0,0,0,0
2008-04-18,NO 15/9-F-12 H,5599,15/9-F-12,3420717,VOLVE,369304,MÆRSK INSPIRER,21.57,31.718743170731702,%,production,OP,222.41400530282849,2469.842183459421,115.1662817840106,886.7171863242357,1347.1766936679192,162.10482155636083,15398.3354534,13156.027449842,15.095544,0.8543798444744954,0.000979375974275,0,0,0,0,0,0,0,0
2008-04-19,NO 15/9-F-12 H,5599,15/9-F-12,3420717,VOLVE,369304,MÆRSK INSPIRER,22.71203,30.033491276595743,%,production,OP,222.3978935859005,2467.392582928531,143.947084599081,895.3587597855559,1349.1649176693252,163.80814988353748,15810.3809065,13529.995290668,15.535830700000002,0.8557665606339389,0.0009816701906109,0,0,0,0,0,0,0,0
2008-04-20,NO 15/9-F-12 H,5599,15/9-F-12,3420717,VOLVE,369304,MÆRSK INSPIRER,24.0,31.483217083333333,%,production,OP,222.416387,2458.856574814375,162.15268342725,884.740405588,1343.610660046375,167.0831345,17314.2744775,14779.152156273,16.982487000000003,0.8535819491298117,0.0009798762452593,0,0,0,0,0,0,0,0
2008-04-21,NO 15/9-F-12 H,5599,15/9-F-12,3420717,VOLVE,369304,MÆRSK INSPIRER,24.0,31.519783541666666,%,production,OP,222.40872875,2455.27025342625,163.2663637535,880.222910023625,1339.07256304275,166.7545145,17311.444063000003,15056.247537235002,16.982487000000003,0.8697279951020918,0.0009800362976406,0,0,0,0,0,0,0,0
2008-04-22,NO 15/9-F-12 H,5599,15/9-F-12,3420717,VOLVE,369304,MÆRSK INSPIRER,24.0,31.483014375,%,production,OP,222.399225125,2450.35561058,161.8618641075,878.1629202015,1336.799107500875,165.649842875,17216.7195244,14916.186611859,14.5294611,0.8663779758228259,0.0008432041758682,0,0,0,0,0,0,0,0
2008-04-23,NO 15/9-F-12 H,5599,15/9-F-12,3420717,VOLVE,369304,MÆRSK INSPIRER,24.0,31.48727270833333,%,production,OP,222.38792375,2446.76140577225,159.69604186975,873.899029623375,1332.3187749023748,164.45164925,17205.963949300003,14906.864943647,0.0,0.8663777854918417,0.0,0,0,0,0,1,0,0,1
2008-04-24,NO 15/9-F-12 H,5599,15/9-F-12,3420717,VOLVE,369304,MÆRSK INSPIRER,24.0,30.814254166666668,%,production,OP,222.3844362978724,2444.601739163234,158.1966157528085,869.3226542885106,1328.2221765280851,164.65196434042554,17173.2569373,16755.391373180002,590.4244647,0.9756676578213652,0.0332377310388782,0,0,0,0,0,0,0,0
2008-04-25,NO 15/9-F-12 H,5599,15/9-F-12,3420717,VOLVE,369304,MÆRSK INSPIRER,24.0,31.498908541666665,%,production,OP,222.405937625,2447.438385745375,158.630190845625,871.5169436411251,1331.1367061375,165.687792875,17156.4002465,16967.18422349,26.5429982,0.988971111638142,0.0015447294344167,0,0,0,0,0,0,0,0
2008-04-26,NO 15/9-F-12 H,5599,15/9-F-12,3420717,VOLVE,369304,MÆRSK INSPIRER,24.0,31.412461458333333,%,production,OP,222.43003775,2449.712182730875,158.31502025,878.243679172875,1337.8284029057502,164.15006375000002,17278.170968100003,17015.418100191,23.9641761,0.984792784583848,0.0013850415512465,0,0,0,0,0,0,0,0
2008-04-27,NO 15/9-F-12 H,5599,15/9-F-12,3420717,VOLVE,369304,MÆRSK INSPIRER,15.95833,31.489733333333334,%,production,OP,222.46885219287483,2461.3796863906023,168.2472747536173,854.4302523364697,1315.6621736580882,168.36504816540076,12488.9838379,12389.323770875002,17.3598756,0.9920201620629404,0.0013880855986119,0,0,0,0,0,0,0,0
2008-04-29,NO 15/9-F-12 H,5599,15/9-F-12,3420717,VOLVE,369304,MÆRSK INSPIRER,5.2463,25.84310333333333,%,production,OP,221.9039981539752,2533.597512980683,26.86652999053573,871.7718687197178,1290.9079511912696,124.72596028667824,3437.8843498,3207.416309301,29.9394956,0.9329622474029972,0.0086335110820909,0,0,0,0,0,0,0,0
2008-04-30,NO 15/9-F-12 H,5599,15/9-F-12,3420717,VOLVE,369304,MÆRSK INSPIRER,24.0,32.543967916666666,%,production,OP,222.403142375,2471.726068500625,103.722152006125,854.51776787275,1317.84929754075,156.13810099999998,18943.8384523,16236.451744796,88.05734,0.8570835200943507,0.0046268296632659,0,0,0,0,0,0,0,0
2008-05-01,NO 15/9-F-12 H,5599,15/9-F-12,3420717,VOLVE,369304,MÆRSK INSPIRER,24.0,33.43435083333333,%,production,OP,222.50938175,2467.368836904625,154.228671292,848.495243198625,1315.057149851375,165.57801049999998,19923.5392579,16640.634489795,21.6369464,0.8352248199675028,0.0010848210202993,0,0,0,0,0,0,0,0
2008-05-02,NO 15/9-F-12 H,5599,15/9-F-12,3420717,VOLVE,369304,MÆRSK INSPIRER,24.0,33.39043354166667,%,production,OP,222.5345015,2471.5580752155,166.08750393475,849.76027974275,1316.531853932625,168.632453,19900.4556552,17175.941069041004,27.8638583,0.8630928540851235,0.0013982041125506,0,0,0,0,0,0,0,0
2008-05-03,NO 15/9-F-12 H,5599,15/9-F-12,3420717,VOLVE,369304,MÆRSK INSPIRER,24.0,33.373732708333335,%,production,OP,222.55277375,2473.61128753275,171.94859829325,854.0372025895,1320.717139958,169.392948125,19958.7621939,16749.95290938,27.9267564,0.8392280416317246,0.0013972677750398,0,0,0,0,0,0,0,0
2008-05-04,NO 15/9-F-12 H,5599,15/9-F-12,3420717,VOLVE,369304,MÆRSK INSPIRER,24.0,33.37489,%,production,OP,222.570914,2476.04736995375,174.381106131875,858.591839968375,1325.227323189875,167.788789625,20057.2606185,17414.384864,27.9267564,0.8682334639426124,0.0013904155275593,0,0,0,0,0,0,0,0
2008-05-05,NO 15/9-F-12 H,5599,15/9-F-12,3420717,VOLVE,369304,MÆRSK INSPIRER,24.0,33.309282083333336,%,production,OP,222.586976,2479.232510190625,177.94248702725,866.656786736875,1330.2294934475,169.367927375,20045.3728776,17350.923288659,27.8009602,0.8655824660686681,0.0013849807920084,0,0,0,0,0,0,0,0
2008-05-06,NO 15/9-F-12 H,5599,15/9-F-12,3420717,VOLVE,369304,MÆRSK INSPIRER,24.0,33.221430833333336,%,production,OP,222.5960555,2483.580924684875,181.768864435125,871.6025251259999,1331.545758621875,170.644932875,19982.0344909,17299.696137986,27.8009602,0.8657625001030019,0.0013893647585428,0,0,0,0,0,0,0,0
2008-05-07,NO 15/9-F-12 H,5599,15/9-F-12,3420717,VOLVE,369304,MÆRSK INSPIRER,24.0,33.11139,%,production,OP,222.608114375,2485.737993275,182.658587959625,875.78808611925,1335.84059064,171.0432755,19947.0002492,17281.003714129,26.9832849,0.8663459917900225,0.0013509215552287,0,0,0,0,0,0,0,0
2008-05-08,NO 15/9-F-12 H,5599,15/9-F-12,3420717,VOLVE,369304,MÆRSK INSPIRER,24.0,33.05831875,%,production,OP,222.62297675,2487.7166349088748,184.432568889,877.32487250775,1340.108119254625,171.210584375,19944.0440385,17255.025867662,29.9394956,0.8651718695743392,0.001498924616058,0,0,0,0,0,0,0,0
2008-05-09,NO 15/9-F-12 H,5599,15/9-F-12,3420717,VOLVE,369304,MÆRSK INSPIRER,24.0,33.023854375,%,production,OP,222.63510875,2488.443384067375,185.90358658775,877.633673517875,1345.65151089575,170.640219875,20052.0400762,17282.798054036004,0.0628981,0.8618972427922263,3.136733343161765e-06,0,0,0,0,0,0,0,0
2008-05-10,NO 15/9-F-12 H,5599,15/9-F-12,3420717,VOLVE,369304,MÆRSK INSPIRER,24.0,34.09643979166667,%,production,OP,222.65171675,2504.063565726375,193.61757765575,858.624008188125,1328.238886178625,171.46758125,21483.9782208,18514.654601258004,40.1918859,0.8617889299167505,0.0018672908502748,0,0,0,0,0,0,0,0
2008-05-11,NO 15/9-F-12 H,5599,15/9-F-12,3420717,VOLVE,369304,MÆRSK INSPIRER,24.0,35.62917458333333,%,production,OP,222.654164,2530.56088126025,205.306875984625,827.5830298173751,1299.7170577217498,173.75533962499998,23281.794613100003,20035.457436468,45.4124282,0.8605632757018918,0.001946758054644,0,0,0,0,0,0,0,0
2008-05-12,NO 15/9-F-12 H,5599,15/9-F-12,3420717,VOLVE,369304,MÆRSK INSPIRER,24.0,36.16033729166666,%,production,OP,222.654164,2559.1078885325105,212.16896790842557,797.1917883201702,1271.1700504494895,174.3845559148936,25173.5807668,21639.513617487,47.9283522,0.8596120598793048,0.0019002967655053,0,0,0,0,0,0,0,0
2008-05-13,NO 15/9-F-12 H,5599,15/9-F-12,3420717,VOLVE,369304,MÆRSK INSPIRER,24.0,37.29412895833333,%,production,OP,222.654164,2584.863412551447,220.0115181908936,768.8291969934893,1245.4145264305532,175.17865119148937,26751.3167072,22897.376262936,51.7022382,0.8559345513177402,0.0019289706993574,0,0,0,0,0,0,0,0
2008-05-14,NO 15/9-F-12 H,5599,15/9-F-12,3420717,VOLVE,369304,MÆRSK INSPIRER,24.0,38.21141645833333,%,production,OP,222.654164,2586.635684334,222.702038730875,767.06613885275,1243.642254648,175.48627175,26919.8207171,23010.088425191003,52.1425249,0.8547638064533819,0.0019332120703325,0,0,0,0,0,0,0,0
2008-05-15,NO 15/9-F-12 H,5599,15/9-F-12,3420717,VOLVE,369304,MÆRSK INSPIRER,24.0,39.27145375,%,production,OP,222.654164,2605.76191186975,227.76400694725,742.807907876375,1224.51602711225,176.3025665,27924.3662722,23699.149557885,54.0294679,0.8486906856496365,0.0019311138637789,0,0,0,0,0,0,0,0
2008-05-16,NO 15/9-F-12 H,5599,15/9-F-12,3420717,VOLVE,369304,MÆRSK INSPIRER,24.0,40.14757854166667,%,production,OP,222.654164,2619.96353124,230.963246086375,715.906876047875,1210.314407742,176.478278375,28825.570249,24591.159327421003,55.7277166,0.8531022670149642,0.0019295433559245,0,0,0,0,0,0,0,0
2008-05-17,NO 15/9-F-12 H,5599,15/9-F-12,3420717,VOLVE,369304,MÆRSK INSPIRER,24.0,40.727504583333335,%,production,OP,222.654164,2628.949167146,230.889681604125,705.646153673,1201.328771836,176.286152,29420.0830902,25073.160485899003,56.8598824,0.8522464198699363,0.0019289613055483,0,0,0,0,0,0,0,0
2008-05-18,NO 15/9-F-12 H,5599,15/9-F-12,3420717,VOLVE,369304,MÆRSK INSPIRER,24.0,40.74857395833333,%,production,OP,222.654164,2628.778191517,227.530752605375,714.314546148625,1201.499747465,176.08164725,29490.591860300003,25133.468105383003,57.048576700000005,0.852253770437801,0.0019307320603699,0,0,0,0,0,0,0,0
2008-05-19,NO 15/9-F-12 H,5599,15/9-F-12,3420717,VOLVE,369304,MÆRSK INSPIRER,24.0,40.7553975,%,production,OP,222.654164,2627.502558134,229.261327891625,720.5868020857499,1202.775380848,176.357382125,29484.9939294,25217.558056435,56.98567860000001,0.8552675342859791,0.0019289729177312,0,0,0,0,0,0,0,0
2008-05-20,NO 15/9-F-12 H,5599,15/9-F-12,3420717,VOLVE,369304,MÆRSK INSPIRER,24.0,42.15900666666667,%,production,OP,162.887771,3138.3614328975,233.32282700562504,694.016592870375,1178.636183766875,177.04578875,30729.244143600004,26200.666685532004,59.4387045,0.8526297152996791,0.0019305374248469,0,0,0,0,0,0,0,0
2008-05-21,NO 15/9-F-12 H,5599,15/9-F-12,3420717,VOLVE,369304,MÆRSK INSPIRER,24.0,43.10056166666666,%,production,OP,103.196606,2567.590889592,237.3551583735,677.258201333375,1162.786470408,177.40469862499998,31531.5723072,26824.654479977005,60.9482589,0.8507236562336536,0.0019291989941885,0,0,0,0,0,0,0,0
2008-05-22,NO 15/9-F-12 H,5599,15/9-F-12,3420717,VOLVE,369304,MÆRSK INSPIRER,24.0,43.122455,%,production,OP,222.948480125,2580.598414129875,238.32572245325,677.961010157,1163.500404854875,177.530796875,31559.436165500003,26859.551760223003,48.431537,0.8510783151945281,0.0015322620765136,0,0,0,0,0,0,0,0
2008-05-23,NO 15/9-F-12 H,5599,15/9-F-12,3420717,VOLVE,369304,MÆRSK INSPIRER,24.0,43.092326666666665,%,production,OP,223.06077725,2583.56724227625,238.8564225385,677.608619184625,1163.2360005808748,177.88627625,31570.0030463,26849.669294575004,123.9721551,0.8504804150698929,0.0039115369502315,0,0,0,0,0,0,0,0
2008-05-24,NO 15/9-F-12 H,5599,15/9-F-12,3420717,VOLVE,369304,MÆRSK INSPIRER,24.0,43.19540875,%,production,OP,223.06990925,2584.093298123875,238.852128809375,677.16682437175,1162.8110966517502,177.86680475,31664.6646868,26921.555897895,50442.5150532,0.8502081472891058,0.6143496246361269,0,0,0,0,0,0,0,0
2008-05-25,NO 15/9-F-12 H,5599,15/9-F-12,3420717,VOLVE,369304,MÆRSK INSPIRER,24.0,43.33968291666667,%,production,OP,223.080426875,2585.9217952115,239.909667343125,674.788391534125,1160.5521146936248,178.15027100000003,31736.6201132,27004.219488214,50442.6408494,0.8508851727718262,0.61381229593141,0,0,0,0,0,0,0,0
2008-05-26,NO 15/9-F-12 H,5599,15/9-F-12,3420717,VOLVE,369304,MÆRSK INSPIRER,24.0,43.38664166666667,%,production,OP,223.090003625,2586.8265362122497,236.22433636862505,673.8900110540001,1159.742113723125,177.704356625,31782.472828100003,27079.007194139,124.3495437,0.8520107085625351,0.0038972713186852,0,0,0,0,0,0,0,0
2008-05-27,NO 15/9-F-12 H,5599,15/9-F-12,3420717,VOLVE,369304,MÆRSK INSPIRER,24.0,43.46183,%,production,OP,223.21179987500005,2581.750058152625,234.58910241600003,673.93051895875,1159.8742282330002,177.55620425,31863.3597847,27117.776378093,187.436338,0.851064563226452,0.0058481024085154,0,0,0,0,0,0,0,0
2008-05-28,NO 15/9-F-12 H,5599,15/9-F-12,3420717,VOLVE,369304,MÆRSK INSPIRER,24.0,43.486073958333336,%,production,OP,223.1095265,2585.497450283,232.312365389375,676.8091818151249,1162.626919543125,175.10395175,31903.614568700003,27100.972584392,62.9609981,0.8494640168760131,0.0019695884524268,0,0,0,0,0,0,0,0
2008-05-29,NO 15/9-F-12 H,5599,15/9-F-12,3420717,VOLVE,369304,MÆRSK INSPIRER,24.0,43.561188125,%,production,OP,223.116996125,2585.4010362725,231.868092844,677.35916893275,1163.208902647875,174.17774712500002,31992.0492973,27198.039628253,63.1496924,0.850149966183892,0.0019700296485537,0,0,0,0,0,0,0,0
2008-05-30,NO 15/9-F-12 H,5599,15/9-F-12,3420717,VOLVE,369304,MÆRSK INSPIRER,20.19167,40.12257780487805,%,production,OP,223.0851305768488,2571.851778255632,227.06407509275337,725.3361752204429,1208.5034974808143,175.52595425130264,24336.6586482,20805.655505,47.0477788,0.854910109302899,0.0019294761008073,0,0,0,0,0,0,0,0
2008-05-31,NO 15/9-F-12 H,5599,15/9-F-12,3420717,VOLVE,369304,MÆRSK INSPIRER,0.0,0.0,%,production,OP,220.480304,4056.207692646,16.068760020000003,33.870434064,19.533282726,71.212352,0.0,0.0,0.0,1.8628221199818336,0.0018350600695507002,0,0,0,0,0,1,1,0
2008-06-01,NO 15/9-F-12 H,5599,15/9-F-12,3420717,VOLVE,369304,MÆRSK INSPIRER,0.5,16.82769,%,production,OP,220.68203,2727.141826986,4.957543878,1054.3889852339998,1325.496915594,71.698802,144.2882414,414.21317924,0.2515924,2.870734130660768,0.0017406440382941,0,0,0,0,0,0,0,0
2008-06-02,NO 15/9-F-12 H,5599,15/9-F-12,3420717,VOLVE,369304,MÆRSK INSPIRER,13.41667,42.49382,%,production,OP,223.06772966874345,2588.8859355133022,143.1465797239287,694.4803398180785,1179.125900766455,171.98980483260152,25281.9541931,21313.623562388,48.8718237,0.8430370294795074,0.0019293418883216,0,0,0,0,0,0,0,0
2008-06-03,NO 15/9-F-12 H,5599,15/9-F-12,3420717,VOLVE,369304,MÆRSK INSPIRER,24.0,43.22176162162162,%,production,OP,223.0934245845252,3757.751164400471,177.43696615485848,485.3662426407166,0.0,174.5832533513413,31447.4775475,26694.324873333004,60.8224627,0.8488542469904756,0.0019303631957392,0,0,0,0,0,0,0,0
2008-06-04,NO 15/9-F-12 H,5599,15/9-F-12,3420717,VOLVE,369304,MÆRSK INSPIRER,24.0,43.42170729166666,%,production,OP,223.1031425,3733.7758058105,190.972208422375,470.35458992025,14.935121860625,172.217475125,31870.5301681,26997.929940144004,61.64013800000001,0.8471126711022491,0.0019303460243735,0,0,0,0,0,0,0,0
2008-06-05,NO 15/9-F-12 H,5599,15/9-F-12,3420717,VOLVE,369304,MÆRSK INSPIRER,24.0,43.41881291666667,%,production,OP,223.115339,2775.9570430457497,198.516976403875,486.435342769875,972.150514458875,175.2856415,31703.598610700003,27122.358813565,61.3256475,0.8554977984237782,0.0019306089635699,0,0,0,0,0,0,0,0
2008-06-06,NO 15/9-F-12 H,5599,15/9-F-12,3420717,VOLVE,369304,MÆRSK INSPIRER,24.0,43.39667333333333,%,production,OP,223.126715375,2584.7762760226246,201.0650795285,679.045241726,1164.70436227125,175.60288774999998,31814.6766553,26958.843983331004,61.5143418,0.8473713021012249,0.0019297895976842,0,0,0,0,0,0,0,0
2008-06-07,NO 15/9-F-12 H,5599,15/9-F-12,3420717,VOLVE,369304,MÆRSK INSPIRER,24.0,43.33410666666666,%,production,OP,223.134838625,2587.859366918375,203.687064406,677.313019654125,1163.32089313525,178.276806125,31811.0914636,26885.383050685003,1162.2310918,0.8451575162533714,0.0352476184299377,0,0,0,0,0,0,0,0
2008-06-08,NO 15/9-F-12 H,5599,15/9-F-12,3420717,VOLVE,369304,MÆRSK INSPIRER,24.0,43.390093541666666,%,production,OP,223.14515825,2588.879183485625,203.46027634162505,676.428154902625,1162.5221809557502,177.417141125,31890.0914772,26877.635358652,61.64013800000001,0.8428208924351415,0.0019291642388069,0,0,0,0,0,0,0,0
2008-06-09,NO 15/9-F-12 H,5599,15/9-F-12,3420717,VOLVE,369304,MÆRSK INSPIRER,24.0,43.400133125,%,production,OP,223.153719125,2588.182529712125,202.54113729775,677.938526245375,1164.04825870525,176.3242535,31960.7889416,26914.385248060004,93.2778823,0.8421064103654956,0.0029100170911995,0,0,0,0,0,0,0,0
2008-06-10,NO 15/9-F-12 H,5599,15/9-F-12,3420717,VOLVE,369304,MÆRSK INSPIRER,24.0,43.405722708333336,%,production,OP,223.161887,2589.8961990065,201.664337263375,676.8349713845,1163.082145479125,177.161649875,31963.4306618,26879.094915203,61.8288323,0.8409327271407895,0.0019306270511684,0,0,0,0,0,0,0,0
2008-06-11,NO 15/9-F-12 H,5599,15/9-F-12,3420717,VOLVE,369304,MÆRSK INSPIRER,24.0,43.44772,%,production,OP,223.1516975,2587.0449725051253,200.106100359,673.310955903875,1159.548158636,176.779572875,31996.640858600003,26848.369713615,61.8917304,0.8390996364982088,0.0019305852577056,0,0,0,0,0,0,0,0
2008-06-12,NO 15/9-F-12 H,5599,15/9-F-12,3420717,VOLVE,369304,MÆRSK INSPIRER,24.0,43.46067666666666,%,production,OP,223.121699375,2578.926651752625,196.319294152125,665.602210376875,1151.60005810625,176.5878965,31827.1933772,26733.415774204,61.5143418,0.8399551747266216,0.0019290321308112,0,0,0,0,0,0,0,0
2008-06-13,NO 15/9-F-12 H,5599,15/9-F-12,3420717,VOLVE,369304,MÆRSK INSPIRER,24.0,43.452605625,%,production,OP,223.115988875,2574.835848919375,193.99790355125,660.29660853675,1146.3087153145,176.772234125,31652.1479649,26640.981312689004,61.199851300000006,0.8416800446602225,0.0019297821111379,0,0,0,0,0,0,0,0
2008-06-14,NO 15/9-F-12 H,5599,15/9-F-12,3420717,VOLVE,369304,MÆRSK INSPIRER,22.66667,38.53649541666667,%,production,OP,223.08481821242023,2571.72341940902,169.20437001101487,714.6889293770367,1184.8046601595015,171.23468952385156,27248.4632896,22994.124061909,52.0796268,0.8438686548127371,0.0019076407000211,0,0,0,0,0,0,0,0
2008-06-15,NO 15/9-F-12 H,5599,15/9-F-12,3420717,VOLVE,369304,MÆRSK INSPIRER,24.0,43.718371875,%,production,OP,223.14447275,2580.0410602905,195.486510129125,656.4615258272501,1142.1760931912502,177.471443375,31999.5970693,26948.284181737003,61.8917304,0.8421444846126154,0.0019304072492285,0,0,0,0,0,0,0,0
2008-06-16,NO 15/9-F-12 H,5599,15/9-F-12,3420717,VOLVE,369304,MÆRSK INSPIRER,24.0,43.74744125,%,production,OP,223.1606195,2582.125609880625,197.469696287,657.465826350125,1143.3915418475,177.54986824999995,32092.1830725,26992.527850485003,62.8981,0.8410935394923343,0.0019560858721697,0,0,0,0,0,0,0,0
2008-06-17,NO 15/9-F-12 H,5599,15/9-F-12,3420717,VOLVE,369304,MÆRSK INSPIRER,24.0,43.833438125,%,production,OP,223.174919,2581.0488296388758,196.842706077875,661.71989060375,1148.20093545175,175.75948175,32095.8940604,26710.834495583,62.14332280000001,0.8322196741214603,0.0019324351812733,0,0,0,0,0,0,0,0
2008-06-18,NO 15/9-F-12 H,5599,15/9-F-12,3420717,VOLVE,369304,MÆRSK INSPIRER,24.0,43.81087125,%,production,OP,223.187789375,2582.826228026125,196.67511164725,665.18799091375,1151.024592646625,175.51812762499998,32298.551738600003,27043.444231798,45.0979377,0.8372958778668201,0.0013943366982807,0,0,0,0,0,0,0,0
2008-06-19,NO 15/9-F-12 H,5599,15/9-F-12,3420717,VOLVE,369304,MÆRSK INSPIRER,24.0,42.87523375,%,production,OP,223.2005344680851,2585.6351042029787,197.32471126187232,666.5717042227659,1152.696408191617,175.4236645106383,32333.5230822,27057.270643142,55.0358375,0.8368178925122255,0.00169923699404,0,0,0,0,0,0,0,0
2008-06-20,NO 15/9-F-12 H,5599,15/9-F-12,3420717,VOLVE,369304,MÆRSK INSPIRER,23.50001,40.892229375,%,production,OP,223.17510359620104,2576.840504553764,187.5580187875009,711.1088172836239,1189.072792171817,174.14267099382937,29698.3442846,24810.355904586,59.9418893,0.835412091220565,0.0020142923873275,0,0,0,0,0,0,0,0
2008-06-21,NO 15/9-F-12 H,5599,15/9-F-12,3420717,VOLVE,369304,MÆRSK INSPIRER,24.0,42.830796875,%,production,OP,223.193543375,2586.0816935632497,198.758470717125,681.9232398248749,1166.9552523176249,177.328082375,31685.6726522,26489.344581800004,95.3535196,0.8360038580389991,0.003000328532016,0,0,0,0,0,0,0,0
2008-06-22,NO 15/9-F-12 H,5599,15/9-F-12,3420717,VOLVE,369304,MÆRSK INSPIRER,24.0,42.81796520833333,%,production,OP,223.2210100425532,2590.584467320596,198.36395790651065,671.5416689082128,1157.6195040016596,174.81357710638298,32374.281051,27160.232769874005,71.3893435,0.8389447390997756,0.0022002733379212,0,0,0,0,0,0,0,0
2008-06-23,NO 15/9-F-12 H,5599,15/9-F-12,3420717,VOLVE,369304,MÆRSK INSPIRER,24.0,43.440965,%,production,OP,223.2317225,2593.2030895795,200.187246098375,675.198776555125,1161.090507836125,176.86075587500002,32169.862226,27037.712302841,64.4705525,0.8404671463276848,0.0020000585382986,0,0,0,0,0,0,0,0
2008-06-24,NO 15/9-F-12 H,5599,15/9-F-12,3420717,VOLVE,369304,MÆRSK INSPIRER,24.0,42.54712875,%,production,OP,223.24366170212767,2596.447532807234,202.8439194237447,676.0206275031064,1161.837690444383,177.57278561702128,32227.3510894,27055.40743957,74.28265610000001,0.8395169483373668,0.0022996563172396,0,0,0,0,0,0,0,0
2008-06-25,NO 15/9-F-12 H,5599,15/9-F-12,3420717,VOLVE,369304,MÆRSK INSPIRER,24.0,43.48804166666667,%,production,OP,223.25390975,2595.0855921707503,203.375864225625,680.1801489678751,1165.9585632681249,176.04360350000002,32301.1934588,27104.548904061,74.0310637,0.8391191160980696,0.0022866579241342,0,0,0,0,0,0,0,0
2008-06-26,NO 15/9-F-12 H,5599,15/9-F-12,3420717,VOLVE,369304,MÆRSK INSPIRER,15.83334,42.24035151515152,%,production,OP,223.2472543952344,2592.7827592798367,196.2882182508144,692.4575000309851,1177.6314510201637,175.22868638724236,26621.8724174,22570.519997645,61.3885456,0.8478186524135303,0.0023006388044221,0,0,0,0,0,0,0,0
2008-06-27,NO 15/9-F-12 H,5599,15/9-F-12,3420717,VOLVE,369304,MÆRSK INSPIRER,24.0,43.45683875,%,production,OP,223.25460125,2599.660039323125,201.94320605625,679.245321647,1166.4252109466252,177.76446462500002,32244.1448821,26915.002195869,74.21975800000001,0.8347252592457672,0.0022965196050764,0,0,0,0,0,0,0,0
2008-06-28,NO 15/9-F-12 H,5599,15/9-F-12,3420717,VOLVE,369304,MÆRSK INSPIRER,24.0,43.49251229166666,%,production,OP,223.26390875,2597.8667864695,205.43806285562505,679.20934617975,1167.4805859968749,177.9907055,31925.4402094,25116.598273193,73.590777,0.78672676424984,0.0022997814224836,0,0,0,0,0,0,0,0
2008-06-29,NO 15/9-F-12 H,5599,15/9-F-12,3420717,VOLVE,369304,MÆRSK INSPIRER,24.0,43.49194520833333,%,production,OP,205.20849875,2603.103990806125,202.52773639087505,684.199756272875,1163.346679683,176.69600637499997,32210.8717872,27130.36642179,74.34555420000001,0.8422735839323386,0.0023027738489053,0,0,0,0,0,0,0,0
2008-06-30,NO 15/9-F-12 H,5599,15/9-F-12,3420717,VOLVE,369304,MÆRSK INSPIRER,24.0,39.409265,%,production,OP,176.07335637499995,2315.903864702625,191.797601550625,768.17120754775,1243.3294439415,175.31960750000002,27500.8104668,23284.485056779,63.527081,0.8466835944667485,0.002304683756315,0,0,0,0,0,0,0,0
2008-07-01,NO 15/9-F-12 H,5599,15/9-F-12,3420717,VOLVE,369304,MÆRSK INSPIRER,22.66666,36.96230851063829,%,production,OP,223.13778728589745,2568.7244979987536,170.23638736968462,790.782649754527,1265.1098620252742,170.79601546566633,25036.651603100003,21163.947503643,57.7404558,0.8453186088599207,0.0023009306487471,0,0,0,0,0,0,0,0
2008-07-02,NO 15/9-F-12 H,5599,15/9-F-12,3420717,VOLVE,369304,MÆRSK INSPIRER,24.0,43.203569791666666,%,production,OP,223.270784375,2599.195394982,192.8435279795,697.92413112575,1176.720642727875,174.602325125,32170.3025127,27067.954752480004,4.9689499,0.8413957171150094,0.0001544338143588,0,0,0,0,0,0,0,0
2008-07-03,NO 15/9-F-12 H,5599,15/9-F-12,3420717,VOLVE,369304,MÆRSK INSPIRER,24.0,42.988947708333335,%,production,OP,223.28409575,2597.585739085,203.27103196787505,701.958716625875,1180.5645546256249,176.135109875,31975.3184027,26926.259815935005,95.4164177,0.8420951271484867,0.0029751865130108,0,0,0,0,0,0,0,0
2008-07-04,NO 15/9-F-12 H,5599,15/9-F-12,3420717,VOLVE,369304,MÆRSK INSPIRER,24.0,42.97348916666667,%,production,OP,223.29320675,2601.271199989375,206.200007902125,700.4647678150001,1179.373789624,178.24393025,31957.5182404,26896.988520546005,28.3670431,0.8416482255666341,0.0008868612779847,0,0,0,0,0,0,0,0
2008-07-05,NO 15/9-F-12 H,5599,15/9-F-12,3420717,VOLVE,369304,MÆRSK INSPIRER,24.0,42.973005416666666,%,production,OP,223.3022765,2603.645852774125,207.17833755812495,699.78400174575,1178.834480929125,178.57045362499997,31991.6090106,26909.288983703,73.7794713,0.8411358420511754,0.0023009068279851,0,0,0,0,0,0,0,0
2008-07-06,NO 15/9-F-12 H,5599,15/9-F-12,3420717,VOLVE,369304,MÆRSK INSPIRER,24.0,42.98479145833333,%,production,OP,223.3104875,2603.890009139,207.32149006412504,700.802159440875,1179.93430710475,178.48761050000002,32000.666337,26935.544050565,98.9387113,0.8417182244552648,0.0030822407674838,0,0,0,0,0,0,0,0
2008-07-07,NO 15/9-F-12 H,5599,15/9-F-12,3420717,VOLVE,369304,MÆRSK INSPIRER,24.0,43.00275270833333,%,production,OP,223.313682125,2602.526917842,207.06127074075,702.96765836475,1182.080763747875,177.88844825,32046.0787652,26981.144863234003,80.1950775,0.8419484037633275,0.0024962458420375,0,0,0,0,0,0,0,0
2008-07-08,NO 15/9-F-12 H,5599,15/9-F-12,3420717,VOLVE,369304,MÆRSK INSPIRER,24.0,42.97860583333333,%,production,OP,223.327088375,2603.1553070635,206.5335681075,705.576363200375,1184.5391880641248,176.18880274999998,32051.2993075,26984.122598738,226.7476505,0.841904171804471,0.0070248255972563,0,0,0,0,0,0,0,0
2008-07-09,NO 15/9-F-12 H,5599,15/9-F-12,3420717,VOLVE,369304,MÆRSK INSPIRER,24.0,42.948346875,%,production,OP,223.335381125,2607.82647945375,209.618901049,703.888679881,1183.096283564375,179.03090525,32040.4808343,26942.187098782004,73.84236940000001,0.8408796122041912,0.0022993593522622,0,0,0,0,0,0,0,0
2008-07-10,NO 15/9-F-12 H,5599,15/9-F-12,3420717,VOLVE,369304,MÆRSK INSPIRER,21.35,42.96092823529412,%,production,OP,223.33675206383535,2607.866379765076,210.5753368682928,705.5640207081221,1184.7331853650023,178.773983452351,29068.4827112,24407.173625038,66.98647650000001,0.8396438805398669,0.0022991384167679,0,0,0,0,0,0,0,0
2008-07-11,NO 15/9-F-12 H,5599,15/9-F-12,3420717,VOLVE,369304,MÆRSK INSPIRER,13.16666,40.25518037037037,%,production,OP,223.27300996175344,2593.519516495757,173.0181180454414,740.874860275903,1222.405609984734,172.77071311999856,17960.8040474,15071.117851111,41.3869498,0.8391115348364758,0.0022989951504479,0,0,0,0,0,0,0,0
2008-07-12,NO 15/9-F-12 H,5599,15/9-F-12,3420717,VOLVE,369304,MÆRSK INSPIRER,6.30833,32.11065133333334,%,production,OP,222.82887918766767,2533.4664817171347,40.48281212291244,996.5196428717225,1452.6219019382136,143.54511166557552,4320.0931004,5359.650218275,9.9378998,1.2406330358433124,0.0022951105429824,0,0,0,0,0,0,0,0
2008-07-13,NO 15/9-F-12 H,5599,15/9-F-12,3420717,VOLVE,369304,MÆRSK INSPIRER,24.0,47.858125,%,production,OP,223.15687025,2567.74375360075,151.16338381075,793.254614095375,1265.688982459875,174.353144375,26224.6080178,21402.61166233,60.4450741,0.8161270379257123,0.0022995987068645,0,0,0,0,0,0,0,0
2008-07-14,NO 15/9-F-12 H,5599,15/9-F-12,3420717,VOLVE,369304,MÆRSK INSPIRER,23.25,44.359876875,%,production,OP,223.0946955390839,2548.9229048405405,160.65336125007937,817.7826854911981,1286.6982488856531,170.6534076369393,24019.526428,20250.678991001,55.350328000000005,0.8430923503718379,0.0022990908140871,0,0,0,0,0,0,0,0
2008-07-15,NO 15/9-F-12 H,5599,15/9-F-12,3420717,VOLVE,369304,MÆRSK INSPIRER,24.0,48.69365041666666,%,production,OP,223.1410394893617,2556.365883424213,183.90019148042552,744.3363059124256,1217.8081231189788,174.4697859148936,27075.8080051,22440.014523795,62.3949152,0.8287846670935249,0.0022991542727881,0,0,0,0,0,0,0,0
2008-07-16,NO 15/9-F-12 H,5599,15/9-F-12,3420717,VOLVE,369304,MÆRSK INSPIRER,24.0,44.468109375,%,production,OP,223.0096835,2516.879915072125,168.139338391,835.80116995175,1302.028869771375,173.02274412499995,22183.6566852,18404.743601007,66.86068030000001,0.8296532831436159,0.0030049045243176,0,0,0,0,0,0,0,0
2008-07-17,NO 15/9-F-12 H,5599,15/9-F-12,3420717,VOLVE,369304,MÆRSK INSPIRER,24.0,42.87976833333333,%,production,OP,222.96290675,2508.5285273185,161.157067054625,863.9734326556251,1328.887731801375,173.15717225,21017.7146055,17033.395048226004,48.431537,0.8104304092019898,0.0022990221691423,0,0,0,0,0,0,0,0
2008-07-18,NO 15/9-F-12 H,5599,15/9-F-12,3420717,VOLVE,369304,MÆRSK INSPIRER,24.0,42.04409979166667,%,production,OP,222.940375625,2503.5567636732503,157.197082454125,880.873544448375,1344.122728791875,172.320784625,20227.0854885,16763.400040846,80.32087369999999,0.8287600331929551,0.0039552502307487,0,0,0,0,0,0,0,0
2008-07-19,NO 15/9-F-12 H,5599,15/9-F-12,3420717,VOLVE,369304,MÆRSK INSPIRER,24.0,41.69154833333333,%,production,OP,222.927789875,2501.597671953125,153.388807601625,887.97660826575,1351.34897821725,171.18574287500002,19978.1977068,17015.716509406,46.0414092,0.85171429170582,0.0022992838296268,0,0,0,0,0,0,0,0
2008-07-20,NO 15/9-F-12 H,5599,15/9-F-12,3420717,VOLVE,369304,MÆRSK INSPIRER,24.0,41.65427979166667,%,production,OP,222.925932125,2502.7411485235,151.73240414425,888.4907468243749,1351.3927132175,171.023558,20039.523354300003,16478.592282551002,46.1672054,0.8223046023205483,0.0022985122300265,0,0,0,0,0,0,0,0
2008-07-21,NO 15/9-F-12 H,5599,15/9-F-12,3420717,VOLVE,369304,MÆRSK INSPIRER,24.0,41.65889583333333,%,production,OP,222.92618825,2502.337704175125,151.37203306025,889.45151177425,1352.14837932725,170.61231500000002,20017.6348155,16479.020649862003,46.1672054,0.8232251613013747,0.0023010197843812,0,0,0,0,0,0,0,0
2008-07-22,NO 15/9-F-12 H,5599,15/9-F-12,3420717,VOLVE,369304,MÆRSK INSPIRER,24.0,41.655394791666666,%,production,OP,222.925049,2503.401228548,153.358688043625,889.5906032162501,1352.402615833125,171.6349685,19917.5639384,16428.820803812,47.2364731,0.8248408718366462,0.0023659877447505,0,0,0,0,0,0,0,0
2008-07-23,NO 15/9-F-12 H,5599,15/9-F-12,3420717,VOLVE,369304,MÆRSK INSPIRER,24.0,41.661807708333335,%,production,OP,222.926487875,2502.244619995375,152.775889100125,890.905883340875,1353.537350842375,171.77118875000002,19806.3600976,16354.328328779,46.1043073,0.8257109457865862,0.0023223468059018,0,0,0,0,0,0,0,0
2008-07-24,NO 15/9-F-12 H,5599,15/9-F-12,3420717,VOLVE,369304,MÆRSK INSPIRER,24.0,41.66941645833333,%,production,OP,222.924816875,2502.6470913805,152.457298025,885.0002139703751,1353.196553845125,171.5991305,19805.9198109,16636.913379856,45.915613,0.8399970078996297,0.0023129152554187,0,0,0,0,0,0,0,0
2008-07-25,NO 15/9-F-12 H,5599,15/9-F-12,3420717,VOLVE,369304,MÆRSK INSPIRER,24.0,41.697308125,%,production,OP,222.92590325,2501.11229322125,151.4946083,884.180682794625,1355.614379607875,169.95382662499998,19896.4930749,16266.613676919002,46.2301035,0.8175618495020011,0.0023181439709333,0,0,0,0,0,0,0,0
2008-07-26,NO 15/9-F-12 H,5599,15/9-F-12,3420717,VOLVE,369304,MÆRSK INSPIRER,24.0,41.670198125,%,production,OP,222.927092375,2501.149320214,152.042818702125,885.3936053723751,1357.1876611831249,170.015936375,19782.1443291,16302.087293069002,45.8527149,0.8240808995154407,0.002312523791397,0,0,0,0,0,0,0,0
2008-07-27,NO 15/9-F-12 H,5599,15/9-F-12,3420717,VOLVE,369304,MÆRSK INSPIRER,24.0,41.64632520833333,%,production,OP,222.902193125,2501.53459553125,152.66397113175,885.4829699317501,1357.55713642325,170.46626525,19984.613313,16432.214193335,45.9785111,0.8222432896735528,0.0022954145091549,0,0,0,0,0,0,0,0
2008-07-28,NO 15/9-F-12 H,5599,15/9-F-12,3420717,VOLVE,369304,MÆRSK INSPIRER,24.0,41.6366525,%,production,OP,222.93017225,2503.362041093375,153.981985827,884.680988354,1356.885510769625,172.142358875,19769.501811,16279.213255585,45.3495301,0.8234508593700142,0.0022886636553228,0,0,0,0,0,0,0,0
2008-07-29,NO 15/9-F-12 H,5599,15/9-F-12,3420717,VOLVE,369304,MÆRSK INSPIRER,24.0,42.95633458333333,%,production,OP,222.95631725,2510.119702957,156.62544841500002,864.7529424082501,1335.310280344375,170.0808935,21046.6477315,17311.144810579,69.5652986,0.8225131636840121,0.0032944021970624,0,0,0,0,0,0,0,0
2008-07-30,NO 15/9-F-12 H,5599,15/9-F-12,3420717,VOLVE,369304,MÆRSK INSPIRER,24.0,33.33069291666666,%,production,OP,222.81109962500005,2495.317327125875,123.406413246875,971.901030969125,1428.9951742525,160.716572,15311.4731773,12559.554750755,35.2858341,0.8202708260218323,0.0022992368664803,0,0,0,0,0,0,0,0
2008-07-31,NO 15/9-F-12 H,5599,15/9-F-12,3420717,VOLVE,369304,MÆRSK INSPIRER,24.0,31.978850833333333,%,production,OP,222.688194125,2516.401202045,88.77978428875,960.158180380375,1417.723120033375,147.9154445,14570.4706612,11977.562844403,26.1656096,0.8220436472445803,0.0017925780374717,0,0,0,0,0,0,0,0
2008-08-01,NO 15/9-F-12 H,5599,15/9-F-12,3420717,VOLVE,369304,MÆRSK INSPIRER,24.0,40.142730625,%,production,OP,222.91484225,2498.039249228625,142.267009728875,920.6333008916248,1382.796546448,167.40386412499998,18721.1162802,15423.768326429004,30.0023937,0.8238701205409226,0.0016000322019059,0,0,0,0,0,0,0,0
2008-08-02,NO 15/9-F-12 H,5599,15/9-F-12,3420717,VOLVE,369304,MÆRSK INSPIRER,24.0,38.32367666666666,%,production,OP,222.922791875,2566.710886635125,138.764408504625,873.05912363025,1312.639378477875,162.226606625,19067.8735055,15727.353617008,26.7316925,0.8248089967909401,0.0013999604717043,0,0,0,0,0,0,0,0
2008-08-03,NO 15/9-F-12 H,5599,15/9-F-12,3420717,VOLVE,369304,MÆRSK INSPIRER,24.0,40.23153958333333,%,production,OP,222.92174975,2499.49417677425,147.00857993837502,917.2851349211252,1380.005631581625,169.924505375,18828.4204388,15487.274045145,28.304145,0.8225477062977704,0.0015010106805248,0,0,0,0,0,0,0,0
2008-08-04,NO 15/9-F-12 H,5599,15/9-F-12,3420717,VOLVE,369304,MÆRSK INSPIRER,24.0,40.14094083333333,%,production,OP,222.783216875,2499.83559622625,147.20012679037498,914.953081005625,1377.4005889555,171.07882137500002,19456.3321711,15964.180351854,29.1847184,0.8205133532602222,0.0014977646508174,0,0,0,0,0,0,0,0
2008-08-05,NO 15/9-F-12 H,5599,15/9-F-12,3420717,VOLVE,369304,MÆRSK INSPIRER,24.0,40.22203583333334,%,production,OP,222.919210625,2500.93340093475,147.522769864625,914.702104833125,1377.4113308323751,170.902337,18860.1839793,15457.980148348002,28.304145,0.8196091917933522,0.0014984865286061,0,0,0,0,0,0,0,0
2008-08-06,NO 15/9-F-12 H,5599,15/9-F-12,3420717,VOLVE,369304,MÆRSK INSPIRER,7.525,36.887088125,%,production,OP,222.9117975291296,2503.5192149787176,145.55545235554456,919.2732713730018,1382.4490847334791,169.05494838885315,5785.0527475,4777.178738297001,8.6799378,0.825779633618976,0.0014981598688567,0,0,0,0,0,0,0,0
2008-08-08,NO 15/9-F-12 H,5599,15/9-F-12,3420717,VOLVE,369304,MÆRSK INSPIRER,6.975,28.20086333333333,%,production,OP,222.5956893952,2503.411719002645,38.204589646335485,1001.795474259725,1473.566690742919,143.60791163548387,5083.6131363,3912.168822646,7.6106701,0.7695646221996721,0.0014948606443961,0,0,0,0,0,0,0,0
2008-08-09,NO 15/9-F-12 H,5599,15/9-F-12,3420717,VOLVE,369304,MÆRSK INSPIRER,24.0,47.510180625,%,production,OP,222.997920125,2550.8122833837497,128.643291248,760.424658470375,1240.2455251205,171.262274,25538.1381544,19749.716663799,37.9275543,0.7733420715478546,0.0014829315318461,0,0,0,0,0,0,0,0
2008-08-10,NO 15/9-F-12 H,5599,15/9-F-12,3420717,VOLVE,369304,MÆRSK INSPIRER,24.0,49.18402020833334,%,production,OP,223.08428,2546.21254825175,171.95779309812502,730.95083079775,1210.7270891980002,174.75861425,27355.767448200004,21298.398688924004,41.3869498,0.7785706882197314,0.0015106295054869,0,0,0,0,0,0,0,0
2008-08-11,NO 15/9-F-12 H,5599,15/9-F-12,3420717,VOLVE,369304,MÆRSK INSPIRER,24.0,49.6905225,%,production,OP,223.096885625,2545.31424331225,177.69290080225,717.758132015,1198.3422822915,173.41615287500002,27753.5350326,21604.858242936,41.575644100000005,0.778454284023941,0.0014957898381333,0,0,0,0,0,0,0,0
2008-08-12,NO 15/9-F-12 H,5599,15/9-F-12,3420717,VOLVE,369304,MÆRSK INSPIRER,24.0,49.430665833333336,%,production,OP,223.1125899148936,2545.12393558366,182.52934476497876,700.2626367892341,1181.608255338383,176.10934578723405,27788.5692743,21762.367455288004,41.7643384,0.7831409829154007,0.0015006768866378,0,0,0,0,0,0,0,0
2008-08-13,NO 15/9-F-12 H,5599,15/9-F-12,3420717,VOLVE,369304,MÆRSK INSPIRER,24.0,50.24217625,%,production,OP,223.108866125,2541.47894304575,179.50650430025,697.413515781875,1178.4268486085,176.14230949999998,27983.175995700003,21923.83191404,53.463385,0.7834647474399937,0.0019069113196499,0,0,0,0,0,0,0,0
2008-08-14,NO 15/9-F-12 H,5599,15/9-F-12,3420717,VOLVE,369304,MÆRSK INSPIRER,24.0,49.356120625,%,production,OP,223.087065875,2537.7226341,172.63041286637502,708.603499644375,1188.640403417125,176.07872712500003,27383.2539179,23001.13155783,172.1520997,0.8399707217700131,0.0062474891348015,0,0,0,0,0,0,0,0
2008-08-15,NO 15/9-F-12 H,5599,15/9-F-12,3420717,VOLVE,369304,MÆRSK INSPIRER,24.0,51.230933125,%,production,OP,223.12851875,2538.566365470376,179.3666211925,674.730515328875,1158.02410537525,176.946468125,28297.918088100003,23785.717541436003,301.7221857,0.8405465542512297,0.0105498594671628,0,0,0,0,0,0,0,0
2008-08-16,NO 15/9-F-12 H,5599,15/9-F-12,3420717,VOLVE,369304,MÆRSK INSPIRER,24.0,57.2316125,%,production,OP,223.241573375,2567.82941062625,184.725584930125,573.9119213475001,1060.627900560875,177.686538125,34464.384913999995,28234.979867148,300.96740850000003,0.8192509437671261,0.008657107965082,0,0,0,0,0,0,0,0
2008-08-17,NO 15/9-F-12 H,5599,15/9-F-12,3420717,VOLVE,369304,MÆRSK INSPIRER,24.0,57.284084166666666,%,production,OP,223.259252375,2557.87139162225,181.840325866375,567.3005091555,1053.64084901375,176.548745375,34239.2726141,28084.977853722,339.2094533,0.8202562645024295,0.0098098422203385,0,0,0,0,0,0,0,0
2008-08-18,NO 15/9-F-12 H,5599,15/9-F-12,3420717,VOLVE,369304,MÆRSK INSPIRER,24.0,56.925529375,%,production,OP,223.254199625,2545.44597407575,178.75941356225,564.99590972475,1050.7309848576251,175.79928012500002,33802.5711058,28636.690936294,113.9713572,0.8471749337250972,0.0033603471616935,0,0,0,0,0,0,0,0
2008-08-19,NO 15/9-F-12 H,5599,15/9-F-12,3420717,VOLVE,369304,MÆRSK INSPIRER,24.0,56.70426520833333,%,production,OP,223.25337875,2538.3953566035,176.4337111025,560.8742379705,1046.223176623,176.51191962500002,33430.5288443,28299.284757525,61.8917304,0.846510232887031,0.0018479324377872,0,0,0,0,0,0,0,0
2008-08-20,NO 15/9-F-12 H,5599,15/9-F-12,3420717,VOLVE,369304,MÆRSK INSPIRER,24.0,56.72040625,%,production,OP,223.2557555,2535.085900670875,175.785327788375,551.445659034125,1036.63765750575,178.30226075000002,31328.8517309,25728.480541625,59.6273988,0.821239181142688,0.0018996587427385,0,0,0,0,0,0,0,0
2008-08-21,NO 15/9-F-12 H,5599,15/9-F-12,3420717,VOLVE,369304,MÆRSK INSPIRER,24.0,52.22903479166666,%,production,OP,223.18196975,2509.482354617375,167.003014007,615.60782631225,1098.48215078175,176.331936875,27989.6545,22866.724162777,53.27469070000001,0.8169705761383015,0.0018997548486364,0,0,0,0,0,0,0,0
2008-08-22,NO 15/9-F-12 H,5599,15/9-F-12,3420717,VOLVE,369304,MÆRSK INSPIRER,24.0,34.976196875,%,production,OP,222.77380025,2444.489787378375,107.0270573715,893.188926498875,1365.771550894,163.788384875,12893.2299266,10247.417292769002,24.530259,0.7947905490793716,0.0018989560610782,0,0,0,0,0,0,0,0
2008-08-23,NO 15/9-F-12 H,5599,15/9-F-12,3420717,VOLVE,369304,MÆRSK INSPIRER,24.0,34.90241875,%,production,OP,222.750027875,2451.0938449351247,103.637836582125,909.288670261625,1378.677923513375,163.216698875,12952.5428349,10286.45522159,24.0270742,0.7941649259691035,0.0018515735952033,0,0,0,0,0,0,0,0
2008-08-24,NO 15/9-F-12 H,5599,15/9-F-12,3420717,VOLVE,369304,MÆRSK INSPIRER,24.0,34.9778975,%,production,OP,222.753743,2453.79713871975,109.0101135995,919.23113696175,1390.695977663875,159.78332,13084.5030487,10407.018901096002,24.9076476,0.7953698250794464,0.0018999822476406,0,0,0,0,0,0,0,0
2008-08-25,NO 15/9-F-12 H,5599,15/9-F-12,3420717,VOLVE,369304,MÆRSK INSPIRER,24.0,34.970591666666664,%,production,OP,222.767199125,2459.284884114875,180.816998170875,928.188641539,1399.80413139875,159.47470325,13144.2562437,10380.946058086,25.0334438,0.7897705176785148,0.001900895522388,0,0,0,0,0,0,0,0
2008-08-26,NO 15/9-F-12 H,5599,15/9-F-12,3420717,VOLVE,369304,MÆRSK INSPIRER,24.0,34.93069,%,production,OP,222.794762,2467.1598220385,183.969897669,931.35233126,1406.38226945625,162.63232812500002,13167.4656426,10381.596908007,24.9705457,0.7884278713756405,0.0018927926080965,0,0,0,0,0,0,0,0
2008-08-27,NO 15/9-F-12 H,5599,15/9-F-12,3420717,VOLVE,369304,MÆRSK INSPIRER,24.0,34.773680625,%,production,OP,222.787728125,2469.0344895561248,183.07899571075,940.739876528875,1410.53683462025,162.072226625,13110.479964,10437.774120179,253.6680373,0.796139740790576,0.0189812352628333,0,0,0,0,0,0,0,0
2008-08-28,NO 15/9-F-12 H,5599,15/9-F-12,3420717,VOLVE,369304,MÆRSK INSPIRER,23.83334,34.61916708333333,%,production,OP,222.75946275929937,2470.117008029433,181.2051999058091,941.999669620628,1403.8289528817568,162.7660621804749,13124.5062403,10782.265134062,25.788221,0.8215368210160978,0.0019610375323451,0,0,0,0,0,0,0,0
2008-08-29,NO 15/9-F-12 H,5599,15/9-F-12,3420717,VOLVE,369304,MÆRSK INSPIRER,24.0,35.87946791666667,%,production,OP,222.76913375,2468.449013452875,192.488181857875,931.3632000451248,1395.141912083375,164.968608125,13771.853485500002,11249.897800551002,28.0525526,0.8168760880585684,0.0020328075077141,0,0,0,0,0,0,0,0
2008-08-30,NO 15/9-F-12 H,5599,15/9-F-12,3420717,VOLVE,369304,MÆRSK INSPIRER,24.0,34.847756875,%,production,OP,222.74886350000003,2465.07751751575,183.604791698625,943.795132215125,1407.36893879725,162.10313712500002,12948.3915603,10499.617575966002,11.4474542,0.8108819946531441,0.0008833021912688,0,0,0,0,0,0,0,0
2008-08-31,NO 15/9-F-12 H,5599,15/9-F-12,3420717,VOLVE,369304,MÆRSK INSPIRER,10.5,30.028156428571428,%,production,OP,222.7258847372277,2473.8194522172835,161.4400395433747,954.7092753355284,1415.61096678238,157.74662507659076,3929.244307,3056.0398477510003,7.547772,0.7777678375219951,0.0019172391755871,0,0,0,0,0,0,0,0
2008-09-01,NO 15/9-F-12 H,5599,15/9-F-12,3420717,VOLVE,369304,MÆRSK INSPIRER,24.0,34.258064583333336,%,production,OP,222.724078625,2470.166710573375,162.146878885625,951.2948991355,1414.757745604375,157.77361549999998,12762.7792672,10031.470021151,13.6488877,0.7859941640557563,0.0010682866552781,0,0,0,0,0,0,0,0
2008-09-02,NO 15/9-F-12 H,5599,15/9-F-12,3420717,VOLVE,369304,MÆRSK INSPIRER,9.70833,32.688219,%,production,OP,222.7455126908356,2470.0403572268306,181.51849618556147,955.9233970282452,1419.0196117522944,160.5027200968014,5266.0176263,4124.177445773,3.0820069,0.7831681810512134,0.0005849209759824,0,0,0,0,0,0,0,0
2008-09-03,NO 15/9-F-12 H,5599,15/9-F-12,3420717,VOLVE,369304,MÆRSK INSPIRER,0.0,32.625892779411764,%,production,OP,220.033472,2461.641790896,25.263734106,1088.418380946,1548.756664716,64.70357,0.0,0.0,0.0,0.7813346806878668,0.000566816676504975,1,0,0,0,0,1,1,0
2008-09-04,NO 15/9-F-12 H,5599,15/9-F-12,3420717,VOLVE,369304,MÆRSK INSPIRER,0.0,32.563566558823524,%,production,OP,219.48926,2497.27951299,17.214850295999998,1174.158899988,1517.6291893080002,57.8264,0.0,0.0,0.0,0.7795011803245202,0.00054871237702755,1,0,0,0,0,1,1,0
2008-09-05,NO 15/9-F-12 H,5599,15/9-F-12,3420717,VOLVE,369304,MÆRSK INSPIRER,0.0,32.50124033823529,%,production,OP,219.154748,2503.504253874,13.75612911,1208.758440078,1515.472619286,59.914778,0.0,0.0,0.0,0.7776676799611736,0.000530608077550125,1,0,0,0,0,1,1,0
2008-09-06,NO 15/9-F-12 H,5599,15/9-F-12,3420717,VOLVE,369304,MÆRSK INSPIRER,8.5,32.43891411764706,%,production,OP,222.1860348235294,2535.1741116804706,42.91373252858824,920.530949388,1383.9881047150589,124.00847811764706,4783.9036898,3711.515994451001,2.4530259,0.775834179597827,0.0005125037780727,0,0,0,0,0,0,0,0
2008-09-07,NO 15/9-F-12 H,5599,15/9-F-12,3420717,VOLVE,369304,MÆRSK INSPIRER,24.0,35.50776729166667,%,production,OP,222.7294925,2483.90427179775,124.773027758625,948.048129835125,1413.22238240125,156.66937324999998,13668.4490091,10752.726506394,5.2205423,0.7866822709171459,0.0003817952657387,0,0,0,0,0,0,0,0
2008-09-08,NO 15/9-F-12 H,5599,15/9-F-12,3420717,VOLVE,369304,MÆRSK INSPIRER,5.70833,30.48369333333333,%,production,OP,222.7194346714328,2480.795287560686,151.12580721080892,964.9455343329532,1429.5313340322143,159.1561897020705,3146.1000639,2437.815059199,2.2014335,0.7748688883649211,0.0006992448155991,0,0,0,0,0,0,0,0
2008-09-09,NO 15/9-F-12 H,5599,15/9-F-12,3420717,VOLVE,369304,MÆRSK INSPIRER,0.0,26.376573854166665,%,production,OP,219.54443,2471.305672836,18.924703278,1549.155519216,1550.772692916,66.576074,0.0,0.0,0.0,0.7984521702948064,0.00099601024049915,1,0,0,0,0,1,1,0
2008-09-10,NO 15/9-F-12 H,5599,15/9-F-12,3420717,VOLVE,369304,MÆRSK INSPIRER,23.6,22.269454375,%,production,OP,222.00210805084745,2556.462168100881,40.394931005364406,973.6463097386948,1410.987283418339,104.10915375423728,7434.366725700001,6111.313013365,9.6234093,0.8220354522246917,0.0012927756653992,0,0,0,0,0,0,0,0
2008-09-11,NO 15/9-F-12 H,5599,15/9-F-12,3420717,VOLVE,369304,MÆRSK INSPIRER,24.0,44.185245,%,production,OP,222.9089494042553,2504.878146387447,181.287978859625,798.2489394430212,1266.1195032684257,165.02253914893618,25582.670009200003,20909.432695008003,43.399689,0.8173280071035816,0.0016935757028339,0,0,0,0,0,0,0,0
2008-09-12,NO 15/9-F-12 H,5599,15/9-F-12,3420717,VOLVE,369304,MÆRSK INSPIRER,24.0,42.837968333333336,%,production,OP,222.9111021276596,2489.2515516829785,214.2497015719149,803.9383388971914,1270.1638230942128,164.13409361702128,23497.8495866,19432.125210053,39.9402935,0.826974619036393,0.0016968582735869,0,0,0,0,0,0,0,0
2008-09-13,NO 15/9-F-12 H,5599,15/9-F-12,3420717,VOLVE,369304,MÆRSK INSPIRER,24.0,45.711235625,%,production,OP,222.919265375,2486.812540535875,222.717630315875,767.7159272225,1236.4296418162498,167.095713875,25521.2814636,20971.277563383,33.335993,0.8217172634255655,0.0013044997858651,0,0,0,0,0,0,0,0
2008-09-14,NO 15/9-F-12 H,5599,15/9-F-12,3420717,VOLVE,369304,MÆRSK INSPIRER,24.0,45.83370270833333,%,production,OP,222.92009225,2478.263589874875,230.2247760445,753.083427148875,1221.471307832375,170.30419175,25388.0632878,20817.223188132004,38.1162486,0.8199610561919282,0.0014990946062279,0,0,0,0,0,0,0,0
2008-09-15,NO 15/9-F-12 H,5599,15/9-F-12,3420717,VOLVE,369304,MÆRSK INSPIRER,24.0,46.240475625,%,production,OP,222.922643,2472.5814210407502,231.098512151125,732.6099627825,1201.7038763635,171.776341625,25452.5967384,20836.349982799,38.2420448,0.8186335640702417,0.0015002270080341,0,0,0,0,0,0,0,0
2008-09-16,NO 15/9-F-12 H,5599,15/9-F-12,3420717,VOLVE,369304,MÆRSK INSPIRER,24.0,46.28296145833333,%,production,OP,222.91105775,2461.7960599603757,229.674565326625,717.84885932725,1186.368854520625,172.099448,25190.4374576,20563.005729271,37.6759619,0.8163020496917612,0.0014934117852379,0,0,0,0,0,0,0,0
2008-09-17,NO 15/9-F-12 H,5599,15/9-F-12,3420717,VOLVE,369304,MÆRSK INSPIRER,24.0,46.22387,%,production,OP,222.895331,2448.031246700125,226.40779589037496,701.746840280875,1169.685810224625,172.007074625,24765.3720978,20129.443979048,34.7197512,0.8128060381873354,0.0013999847827741,0,0,0,0,0,0,0,0
2008-09-18,NO 15/9-F-12 H,5599,15/9-F-12,3420717,VOLVE,369304,MÆRSK INSPIRER,24.0,36.733612916666665,%,production,OP,222.705316625,2438.303674948375,174.265480629625,769.147826964,1233.757742715375,153.86737175,15745.029780600002,12786.756817263,68.8734195,0.8121138540505022,0.0043552447886214,0,0,0,0,0,0,0,0
2008-09-19,NO 15/9-F-12 H,5599,15/9-F-12,3420717,VOLVE,369304,MÆRSK INSPIRER,24.0,37.12604645833333,%,production,OP,222.730208,2429.030120482625,169.7515203665,755.6353042831249,1221.80884449625,158.53958862500002,16046.5003739,13035.010329588,21.2595578,0.8123273003993906,0.0013231189593551,0,0,0,0,0,0,0,0
2008-09-20,NO 15/9-F-12 H,5599,15/9-F-12,3420717,VOLVE,369304,MÆRSK INSPIRER,24.0,44.88507791666667,%,production,OP,222.827062625,2416.092241379375,203.0936776885,682.2661851975,1149.170336205875,170.10721025,22679.4824075,18200.703386788,24.1528704,0.8025184640355421,0.0010638327344656,0,0,0,0,0,0,0,0
2008-09-21,NO 15/9-F-12 H,5599,15/9-F-12,3420717,VOLVE,369304,MÆRSK INSPIRER,22.16666,41.211127608695655,%,production,OP,222.7889287449097,2412.539389975773,183.22416909157727,673.724837671826,1153.7576710402186,163.35319154986632,17981.3717261,14374.667823736,25.2221381,0.7994199798934772,0.0014007167757665,0,0,0,0,0,0,0,0
2008-09-22,NO 15/9-F-12 H,5599,15/9-F-12,3420717,VOLVE,369304,MÆRSK INSPIRER,18.29167,45.30537567567568,%,production,OP,222.8709325197809,2411.00991144062,210.1284321996545,639.6105932582251,1106.0160940874914,171.86265957381147,17904.2586555,14336.268031544,73.7165732,0.8007183267060348,0.0041003823991435,0,0,0,0,0,0,0,0
2008-09-23,NO 15/9-F-12 H,5599,15/9-F-12,3420717,VOLVE,369304,MÆRSK INSPIRER,24.0,46.178616097560976,%,production,OP,222.88690129902463,2404.3101434133605,205.47634397482545,626.1598438460421,1094.186716657773,171.92161467160463,22975.417968,18374.919630563003,90.00718110000001,0.7997643244686761,0.0039022554545677,0,0,0,0,0,0,0,0
2008-09-24,NO 15/9-F-12 H,5599,15/9-F-12,3420717,VOLVE,369304,MÆRSK INSPIRER,24.0,46.3766875,%,production,OP,222.88783325,2396.734750752625,211.5400864835,614.6855387351251,1082.7730064395,171.75078275,22827.607433,18181.135864665,32.0151329,0.7964538516805761,0.0014005101268713,0,0,0,0,0,0,0,0
2008-09-25,NO 15/9-F-12 H,5599,15/9-F-12,3420717,VOLVE,369304,MÆRSK INSPIRER,24.0,44.146439375,%,production,OP,222.823657625,2386.4081720608747,201.13826630762497,639.851695505,1106.6230763108751,169.526943125,21321.072141800003,17990.997282101,89.8184868,0.8438129734962819,0.0041949906875907,0,0,0,0,0,0,0,0
2008-09-26,NO 15/9-F-12 H,5599,15/9-F-12,3420717,VOLVE,369304,MÆRSK INSPIRER,24.0,46.80728229166667,%,production,OP,222.886562375,2386.272368146875,207.8440589565,592.13540819825,1060.018082246625,169.50299112500002,22489.7817379,17917.039471626,122.022314,0.7966746712099936,0.0053963988773265,0,0,0,0,0,0,0,0
2008-09-27,NO 15/9-F-12 H,5599,15/9-F-12,3420717,VOLVE,369304,MÆRSK INSPIRER,24.0,43.367854375,%,production,OP,222.85480925,2386.227037728625,191.266333399875,620.6615122545,1087.8685872123751,162.886611875,19967.064743100003,16127.490356828,185.2978026,0.8077046157924218,0.0091948426483394,0,0,0,0,0,0,0,0
2008-09-28,NO 15/9-F-12 H,5599,15/9-F-12,3420717,VOLVE,369304,MÆRSK INSPIRER,24.0,45.03409979166667,%,production,OP,222.85823075,2381.7196827377497,197.211773398625,607.28204078725,1073.29723274225,169.4770805,21204.2703701,17001.562024499,77.4904592,0.8017989644422187,0.0036411676562643,0,0,0,0,0,0,0,0
2008-09-29,NO 15/9-F-12 H,5599,15/9-F-12,3420717,VOLVE,369304,MÆRSK INSPIRER,24.0,46.55129041666667,%,production,OP,222.882663875,2379.357905097125,202.006167656375,583.2786687715,1051.11400906425,170.43435499999998,22092.5802364,17562.177236647003,41.324051700000005,0.794935541649017,0.001867002367143,0,0,0,0,0,0,0,0
2008-09-30,NO 15/9-F-12 H,5599,15/9-F-12,3420717,VOLVE,369304,MÆRSK INSPIRER,24.0,46.620320416666665,%,production,OP,222.894726125,2379.3814556423754,203.548374840125,578.719468738875,1045.127369208625,171.17444112500002,22816.0341826,18311.666411952,32.078031,0.8025788472002234,0.0014039685511044,0,0,0,0,0,0,0,0
2008-10-01,NO 15/9-F-12 H,5599,15/9-F-12,3420717,VOLVE,369304,MÆRSK INSPIRER,24.0,47.28815854166667,%,production,OP,222.9146195,2378.81574398825,205.434726981625,562.820989374125,1031.532625089875,171.75102387500002,22686.6527909,18076.024485291,31.6377443,0.7967691246432616,0.0013926111320295,0,0,0,0,0,0,0,0
2008-10-02,NO 15/9-F-12 H,5599,15/9-F-12,3420717,VOLVE,369304,MÆRSK INSPIRER,24.0,47.31026020833333,%,production,OP,222.9135095,2375.049608718,203.37483082987495,560.21930075175,1028.94765814025,171.142329125,20881.2257285,16629.035376580003,67.36386510000001,0.7963629909849428,0.0032156754419677,0,0,0,0,0,0,0,0
2008-10-03,NO 15/9-F-12 H,5599,15/9-F-12,3420717,VOLVE,369304,MÆRSK INSPIRER,24.0,47.34628729166667,%,production,OP,222.912009875,2370.144559531125,200.54472548725,557.616318873875,1026.139272238125,169.41342612500003,22604.8223628,17993.144415861,67.8670499,0.7959869857447637,0.0029933391960983,0,0,0,0,0,0,0,0
2008-10-04,NO 15/9-F-12 H,5599,15/9-F-12,3420717,VOLVE,369304,MÆRSK INSPIRER,24.0,36.54631479166667,%,production,OP,222.719088125,2385.79079061925,159.77560125600002,654.654524579875,1117.233053211375,148.874678,15497.5257571,12724.089469525,54.4697546,0.8210400594879228,0.0035024286471161,0,0,0,0,0,0,0,0
2008-10-05,NO 15/9-F-12 H,5599,15/9-F-12,3420717,VOLVE,369304,MÆRSK INSPIRER,24.0,47.06410229166666,%,production,OP,222.8798225,2368.0999286288747,185.873488181125,556.85941087625,1024.220528276625,167.47234775,21241.7576377,16877.606721205004,66.48329170000001,0.7945485024859961,0.0031200741497281,0,0,0,0,0,0,0,0
2008-10-06,NO 15/9-F-12 H,5599,15/9-F-12,3420717,VOLVE,369304,MÆRSK INSPIRER,22.33334,36.34842369565217,%,production,OP,222.65858220335517,2368.5531609937825,157.02481517540355,690.7925836587161,1144.9348162648748,158.00073471416545,13377.4195004,10439.758453172,42.5191156,0.7804015156181533,0.0031683539557555,0,0,0,0,0,0,0,0
2008-10-07,NO 15/9-F-12 H,5599,15/9-F-12,3420717,VOLVE,369304,MÆRSK INSPIRER,24.0,40.82480520833333,%,production,OP,222.7124315,2355.001465265,171.536137415875,661.7885237940001,1118.897334045125,161.2979885,17147.783206800003,13671.380517294,104.7882346,0.7972680988801267,0.0060737748547179,0,0,0,0,0,0,0,0
2008-10-08,NO 15/9-F-12 H,5599,15/9-F-12,3420717,VOLVE,369304,MÆRSK INSPIRER,24.0,40.8266625,%,production,OP,222.712636625,2355.626143931,174.392183409125,659.930780398,1117.816909723625,163.729178,17103.8174349,13657.044867976,143.1560756,0.7984793406476073,0.0083003592202913,0,0,0,0,0,0,0,0
2008-10-09,NO 15/9-F-12 H,5599,15/9-F-12,3420717,VOLVE,369304,MÆRSK INSPIRER,24.0,40.829584583333336,%,production,OP,222.712106375,2353.95340254725,175.31293297912498,661.5913597411251,1119.413222124625,163.64609824999997,17069.412174200002,13609.714341301002,192.5939822,0.7973159358042657,0.011157103088426,0,0,0,0,0,0,0,0
2008-10-10,NO 15/9-F-12 H,5599,15/9-F-12,3420717,VOLVE,369304,MÆRSK INSPIRER,24.0,40.849369583333335,%,production,OP,222.712773125,2352.521387984,173.40723035112498,662.486111249625,1119.9396315023748,160.86200825,17111.3023088,13673.286451653,117.7452432,0.7990792404281878,0.0068341121495327,0,0,0,0,0,0,0,0
2008-10-11,NO 15/9-F-12 H,5599,15/9-F-12,3420717,VOLVE,369304,MÆRSK INSPIRER,24.0,40.91507479166667,%,production,OP,222.71326925,2352.9509784535,171.36607431762502,656.13931182375,1115.88604602425,161.193539,17232.506947500002,13794.243890064,201.27392,0.800478069272747,0.0115450527644989,0,0,0,0,0,0,0,0
2008-10-12,NO 15/9-F-12 H,5599,15/9-F-12,3420717,VOLVE,369304,MÆRSK INSPIRER,24.0,41.85422458333333,%,production,OP,222.749521625,2357.418061226376,178.471458743,640.32297835625,1099.4357937615,163.99610975,17768.4616576,14140.526771825,169.6990738,0.7958216667438262,0.0094602270735008,0,0,0,0,0,0,0,0
2008-10-13,NO 15/9-F-12 H,5599,15/9-F-12,3420717,VOLVE,369304,MÆRSK INSPIRER,24.0,41.785937708333336,%,production,OP,222.742917875,2354.801769090375,177.836316189625,642.090018613,1101.4865313678752,164.051516375,17786.0102275,14118.342430432,148.7540065,0.7937891775527487,0.0082941712842814,0,0,0,0,0,0,0,0
2008-10-14,NO 15/9-F-12 H,5599,15/9-F-12,3420717,VOLVE,369304,MÆRSK INSPIRER,24.0,41.789830208333335,%,production,OP,222.747966875,2355.9648106826253,178.115629161375,642.0096192149999,1101.156273798625,166.51816775,17795.193350100002,14114.563404385,72.2699169,0.7931671843456358,0.0040447776956383,0,0,0,0,0,0,0,0
2008-10-15,NO 15/9-F-12 H,5599,15/9-F-12,3420717,VOLVE,369304,MÆRSK INSPIRER,24.0,41.84650479166667,%,production,OP,222.7537925,2353.20431753675,177.95186312962502,644.517181197,1103.568769414875,164.792447,17770.7888873,14140.870030709,148.1879236,0.7957367633135778,0.0082698875702466,0,0,0,0,0,0,0,0
2008-10-16,NO 15/9-F-12 H,5599,15/9-F-12,3420717,VOLVE,369304,MÆRSK INSPIRER,24.0,41.827637083333336,%,production,OP,222.7542005,2354.0730981783754,176.2508907035,643.2177948198749,1102.853997977875,165.40306175,17770.5372949,14132.066075999,148.1879236,0.7952526049988814,0.0082700036856977,0,0,0,0,0,0,0,0
2008-10-17,NO 15/9-F-12 H,5599,15/9-F-12,3420717,VOLVE,369304,MÆRSK INSPIRER,24.0,41.82632666666667,%,production,OP,222.754088375,2353.58140425025,175.98098102875,643.1820943205,1102.7558586195,165.14533475,17813.0564105,14131.479498832,148.43951600000003,0.7933214364325555,0.0082643181062104,0,0,0,0,0,0,0,0
2008-10-18,NO 15/9-F-12 H,5599,15/9-F-12,3420717,VOLVE,369304,MÆRSK INSPIRER,19.0,43.57938128205128,%,production,OP,222.77818925789475,2370.4448804620106,157.66826171134736,578.6889971138527,1044.4619045529553,158.2304711,15852.837124,12687.951230721,148.25082170000002,0.8003583920957844,0.0092650463645404,0,0,0,0,0,0,0,0
2008-10-19,NO 15/9-F-12 H,5599,15/9-F-12,3420717,VOLVE,369304,MÆRSK INSPIRER,24.0,40.26979395833333,%,production,OP,222.75495725,2359.9091825467503,173.0475089165,659.96878639725,1119.205618357375,161.69559312500002,17071.3620153,13513.021986407,149.25719130000002,0.791560859309065,0.008667353334356,0,0,0,0,0,0,0,0
2008-10-20,NO 15/9-F-12 H,5599,15/9-F-12,3420717,VOLVE,369304,MÆRSK INSPIRER,24.0,39.72025854166667,%,production,OP,222.710730125,2353.8434063323757,166.12956495475,680.916948051125,1137.762553613375,157.743828125,16758.1923754,13343.940500012,147.3073502,0.7962637139552167,0.0087135756168705,0,0,0,0,0,0,0,0
2008-10-21,NO 15/9-F-12 H,5599,15/9-F-12,3420717,VOLVE,369304,MÆRSK INSPIRER,24.0,39.54749270833333,%,production,OP,222.712599125,2354.981525561625,166.786759327375,684.6344381805,1141.5667945965,159.79208375000002,16689.5705483,13261.014521472,68.8734195,0.7945689484995628,0.0041097741313176,0,0,0,0,0,0,0,0
2008-10-22,NO 15/9-F-12 H,5599,15/9-F-12,3420717,VOLVE,369304,MÆRSK INSPIRER,24.0,46.5465175,%,production,OP,222.882732875,2360.017613559875,163.98553467649998,578.42854366225,1045.055629787875,166.591049375,21515.8675575,17275.30498099,224.0430322,0.8029099888639245,0.0103056096424861,0,0,0,0,0,0,0,0
2008-10-23,NO 15/9-F-12 H,5599,15/9-F-12,3420717,VOLVE,369304,MÆRSK INSPIRER,24.0,45.94961875,%,production,OP,222.90976175,2360.9892080137497,192.433348429,585.99022065725,1051.40138977475,164.000334125,21153.260011,16948.165138658,146.6154711,0.8012081887068335,0.0068833956904214,0,0,0,0,0,0,0,0
2008-10-24,NO 15/9-F-12 H,5599,15/9-F-12,3420717,VOLVE,369304,MÆRSK INSPIRER,24.0,46.545388333333335,%,production,OP,222.9336725,2362.5879074985,194.522146423875,575.051983481625,1041.90067558475,163.956368375,21550.2099201,17332.234749419,193.5374537,0.8042722003024726,0.0089008325185566,0,0,0,0,0,0,0,0
2008-10-25,NO 15/9-F-12 H,5599,15/9-F-12,3420717,VOLVE,369304,MÆRSK INSPIRER,24.0,47.30774625,%,production,OP,222.9688085,2364.533897452625,196.12227815887505,562.788893673375,1030.656535137375,162.94101837499997,22169.1901222,17801.864462193,68.1815404,0.8030002162490543,0.0030660790957895,0,0,0,0,0,0,0,0
2008-10-26,NO 15/9-F-12 H,5599,15/9-F-12,3420717,VOLVE,369304,MÆRSK INSPIRER,25.0,47.9444174,%,production,OP,223.00174328,2369.6461658143203,200.32508743368,549.53834491308,1019.37900500856,167.49296743999997,24133.9380719,19336.044505763,80.7611604,0.8011972371917472,0.0033352122041752,0,0,0,0,0,0,0,0
2008-10-27,NO 15/9-F-12 H,5599,15/9-F-12,3420717,VOLVE,369304,MÆRSK INSPIRER,24.0,47.80082541666667,%,production,OP,223.01326925,2370.79818838625,200.360735719375,550.406446656,1021.16038662275,169.26383900000002,22781.8176162,18583.520738287,140.3256611,0.8157172114779981,0.0061218385821262,0,0,0,0,0,0,0,0
2008-10-28,NO 15/9-F-12 H,5599,15/9-F-12,3420717,VOLVE,369304,MÆRSK INSPIRER,24.0,47.519863125,%,production,OP,223.017787625,2370.60520324075,200.515920336125,556.6996424543751,1025.967051699625,168.04233762500002,23451.4307888,18858.156097247,159.0692949,0.8041366971201318,0.0067372268412822,0,0,0,0,0,0,0,0
2008-10-29,NO 15/9-F-12 H,5599,15/9-F-12,3420717,VOLVE,369304,MÆRSK INSPIRER,23.16667,40.55928541666667,%,production,OP,222.9184825676733,2376.470189743414,180.76147719405105,625.0285777202199,1089.623431828861,161.65745493110316,17755.693343299998,14316.753834618,136.5517751,0.8063190525882978,0.0076318971820687,0,0,0,0,0,0,0,0
2008-10-30,NO 15/9-F-12 H,5599,15/9-F-12,3420717,VOLVE,369304,MÆRSK INSPIRER,24.0,46.26385291666666,%,production,OP,222.95872625,2367.64975182825,187.531305759,583.6453973545,1051.013225784,168.796257125,21834.8867207,17474.630329612002,130.828048,0.8003078080110042,0.0059560114195065,0,0,0,0,0,0,0,0
2008-10-31,NO 15/9-F-12 H,5599,15/9-F-12,3420717,VOLVE,369304,MÆRSK INSPIRER,24.0,46.82448479166667,%,production,OP,222.97422612500003,2366.997114066125,197.26657661125,566.4955966015,1034.0586008546252,169.95208025,22112.5189341,17650.091416562,206.1170737,0.7981945190940489,0.0092352002885823,0,0,0,0,0,0,0,0
2008-11-01,NO 15/9-F-12 H,5599,15/9-F-12,3420717,VOLVE,369304,MÆRSK INSPIRER,22.5,41.04031673913043,%,production,OP,222.89566072,2380.8343740893934,180.05618663663333,609.55172522026,1075.1779457257333,161.61146820000002,17349.1200249,13725.778574880002,205.2993984,0.7911512834760688,0.0116950263890531,0,0,0,0,0,0,0,0
2008-11-02,NO 15/9-F-12 H,5599,15/9-F-12,3420717,VOLVE,369304,MÆRSK INSPIRER,24.0,54.135221875,%,production,OP,223.0411085,2390.509079208125,185.84337164475,482.87117593625,954.3137684135,168.71758737500002,27948.5191426,22332.805451241,175.6114952,0.7990693652602382,0.0062441572847756,0,0,0,0,0,0,0,0
2008-11-03,NO 15/9-F-12 H,5599,15/9-F-12,3420717,VOLVE,369304,MÆRSK INSPIRER,24.0,63.60459875,%,production,OP,223.262823875,2417.644513596,214.292801966625,366.029321564125,838.941898344375,173.285485625,31063.9878318,25442.728468252004,196.5565625,0.8190425712891393,0.0062876884042953,0,0,0,0,0,0,0,0
2008-11-04,NO 15/9-F-12 H,5599,15/9-F-12,3420717,VOLVE,369304,MÆRSK INSPIRER,24.0,65.914186875,%,production,OP,223.323104375,2425.1044101745,216.35083075412496,340.503367819,816.9365003192501,174.62071587500003,32230.9991792,26067.737563821003,123.9721551,0.8087784501773558,0.0038316261763636,0,0,0,0,0,0,0,0
2008-11-05,NO 15/9-F-12 H,5599,15/9-F-12,3420717,VOLVE,369304,MÆRSK INSPIRER,24.0,66.817134375,%,production,OP,223.35551075,2422.025047964,214.8501678925,334.70700875449995,811.647426767875,172.78151937500002,32631.9745667,25933.097444895,199.1353846,0.794714318984515,0.006065447829677,0,0,0,0,0,0,0,0
2008-11-06,NO 15/9-F-12 H,5599,15/9-F-12,3420717,VOLVE,369304,MÆRSK INSPIRER,24.0,67.2783225,%,production,OP,223.371942875,2418.885942184,211.79824808025,332.74158068675,809.829315005375,169.073723375,32732.8631191,26352.627605367,240.2078439,0.8050816547725073,0.0072849703374473,0,0,0,0,0,0,0,0
2008-11-07,NO 15/9-F-12 H,5599,15/9-F-12,3420717,VOLVE,369304,MÆRSK INSPIRER,24.0,70.7436675,%,production,OP,223.416441875,2427.237746921875,211.500554563625,308.965168968,787.1850306335,169.171449125,32306.0366125,25731.222021786,268.13460030000005,0.7964834043378122,0.0082315095155709,0,0,0,0,0,0,0,0
2008-11-08,NO 15/9-F-12 H,5599,15/9-F-12,3420717,VOLVE,369304,MÆRSK INSPIRER,24.0,70.75830895833333,%,production,OP,223.435826,2427.023042335875,212.3080385205,309.415436417375,787.86327062425,170.620505375,32338.0517454,25794.685362862,241.0255192,0.7976573717534242,0.0073981689917871,0,0,0,0,0,0,0,0
2008-11-09,NO 15/9-F-12 H,5599,15/9-F-12,3420717,VOLVE,369304,MÆRSK INSPIRER,24.0,69.841770625,%,production,OP,223.449736625,2425.943273707,213.146971550375,315.35194147100003,793.853333981,169.48044950000002,32166.2770343,25631.926620355003,261.3416055,0.7968571119692468,0.0080592290295175,0,0,0,0,0,0,0,0
2008-11-10,NO 15/9-F-12 H,5599,15/9-F-12,3420717,VOLVE,369304,MÆRSK INSPIRER,24.0,68.196389375,%,production,OP,223.454094125,2422.98067312975,213.47022197125,327.157336675625,805.3172221065,169.57335275,31824.4258608,25393.305898749,222.7221721,0.7979187436033972,0.0069498281679028,0,0,0,0,0,0,0,0
2008-11-11,NO 15/9-F-12 H,5599,15/9-F-12,3420717,VOLVE,369304,MÆRSK INSPIRER,24.0,68.21416979166666,%,production,OP,223.467895625,2424.422964239625,213.980918899,327.688054890625,805.78404503925,171.657108875,31930.849446000004,25453.63152873,77.5533573,0.7971485873489217,0.0024229061904958,0,0,0,0,0,0,0,0
2008-11-12,NO 15/9-F-12 H,5599,15/9-F-12,3420717,VOLVE,369304,MÆRSK INSPIRER,24.0,68.20333333333333,%,production,OP,223.481250125,2430.308183252125,216.19878560575,323.75334014000003,802.01355258575,174.389083625,31858.7053253,25503.749444676,266.12186110000005,0.8005268633569572,0.0082839935466691,0,0,0,0,0,0,0,0
2008-11-13,NO 15/9-F-12 H,5599,15/9-F-12,3420717,VOLVE,369304,MÆRSK INSPIRER,24.0,68.236894375,%,production,OP,223.49338775,2427.3346292842502,216.32331281525,328.675280210625,806.822308627125,172.23988287499998,31977.2682438,25533.278537375005,95.2906215,0.7984821699810332,0.0029710950691588,0,0,0,0,0,0,0,0
2008-11-14,NO 15/9-F-12 H,5599,15/9-F-12,3420717,VOLVE,369304,MÆRSK INSPIRER,24.0,68.2673325,%,production,OP,223.507110125,2427.4919743628748,215.76121804625,330.719917156125,809.127494253125,170.514214625,32116.9649239,25645.103241219003,82.14491860000001,0.7984908692955315,0.002551154954339,0,0,0,0,0,0,0,0
2008-11-15,NO 15/9-F-12 H,5599,15/9-F-12,3420717,VOLVE,369304,MÆRSK INSPIRER,24.0,67.78167770833333,%,production,OP,223.516731125,2428.845822509,215.957953028375,333.458174163625,811.7453787855001,172.34750525,32061.2372073,25615.723176554,74.4713504,0.7989624046922796,0.0023174018480496,0,0,0,0,0,0,0,0
2008-11-16,NO 15/9-F-12 H,5599,15/9-F-12,3420717,VOLVE,369304,MÆRSK INSPIRER,24.0,67.73251229166667,%,production,OP,223.522092125,2430.5335511527496,216.04087548325,332.10245865325,810.272457463,173.56746425,31965.694993400004,25568.717898266004,81.138549,0.7998799307678187,0.002531874136415,0,0,0,0,0,0,0,0
2008-11-17,NO 15/9-F-12 H,5599,15/9-F-12,3420717,VOLVE,369304,MÆRSK INSPIRER,24.0,66.33881708333334,%,production,OP,223.5314234893617,2428.036421491787,215.99398410638295,335.6847482292766,813.807610074766,171.00344625531915,31932.170306100004,25538.583158462,75.85510860000001,0.7997759912229756,0.0023698777921228,0,0,0,0,0,0,0,0
2008-11-18,NO 15/9-F-12 H,5599,15/9-F-12,3420717,VOLVE,369304,MÆRSK INSPIRER,24.0,67.76172833333334,%,production,OP,223.533632,2428.98815917625,214.87365800525,333.19005026925004,811.56994928125,173.277986375,31917.011864,25579.643207005003,56.2937995,0.8014422940343273,0.001760649965082,0,0,0,0,0,0,0,0
2008-11-19,NO 15/9-F-12 H,5599,15/9-F-12,3420717,VOLVE,369304,MÆRSK INSPIRER,24.0,72.56489166666667,%,production,OP,223.544967125,2435.12191288825,213.564759552625,301.24265087425005,781.162596608125,174.1241705,32854.2564521,26301.538888318,123.6576646,0.8005519445148435,0.0037497115239735,0,0,0,0,0,0,0,0
2008-11-20,NO 15/9-F-12 H,5599,15/9-F-12,3420717,VOLVE,369304,MÆRSK INSPIRER,23.875,70.34545125,%,production,OP,223.55293114136128,2431.268959592419,213.5904035777592,312.6773072299791,791.625422854869,173.31227779057593,32182.0644574,25776.924187644003,81.4530395,0.8009717406962937,0.0025246174570961,0,0,0,0,0,0,0,0
2008-11-21,NO 15/9-F-12 H,5599,15/9-F-12,3420717,VOLVE,369304,MÆRSK INSPIRER,18.29167,60.75193027027027,%,production,OP,223.4091686683928,2432.281912533488,176.2531704741126,394.88048797479473,875.6568974560861,163.1919226757524,22353.2928609,17847.007243203,4614.5191065,0.7984061835659425,0.1711121062427406,0,0,0,0,0,0,0,0
2008-11-22,NO 15/9-F-12 H,5599,15/9-F-12,3420717,VOLVE,369304,MÆRSK INSPIRER,24.0,67.74944208333334,%,production,OP,223.560689375,2430.6848922625,215.569873643125,327.83829310725,812.9451935540001,172.515734375,31659.821533100003,25479.150637244,4298.3303578000005,0.804778719633837,0.119537021002678,0,0,0,0,0,0,0,0
2008-11-23,NO 15/9-F-12 H,5599,15/9-F-12,3420717,VOLVE,369304,MÆRSK INSPIRER,24.0,62.84763208333333,%,production,OP,223.510907,2415.236326817,215.83011109625,379.1728554865,863.84506496075,170.89635425,30387.0155815,24291.43887761,594.4499431,0.7994019291713181,0.0191872764259002,0,0,0,0,0,0,0,0
2008-11-24,NO 15/9-F-12 H,5599,15/9-F-12,3420717,VOLVE,369304,MÆRSK INSPIRER,24.0,65.97474041666666,%,production,OP,223.537126625,2424.01371837125,215.37179101625,344.36928319000003,826.025303567625,173.15457762499997,31267.8405739,25270.612036539,406.0072355,0.8081981861463428,0.0128183742607839,0,0,0,0,0,0,0,0
2008-11-25,NO 15/9-F-12 H,5599,15/9-F-12,3420717,VOLVE,369304,MÆRSK INSPIRER,24.0,67.965275625,%,production,OP,223.578214625,2432.25350844875,217.46536922187505,330.162354824625,812.539217083875,173.617871375,31842.4776155,25672.878252769,1082.9165877,0.8062462526556723,0.0328900113091053,0,0,0,0,0,0,0,0
2008-11-26,NO 15/9-F-12 H,5599,15/9-F-12,3420717,VOLVE,369304,MÆRSK INSPIRER,24.0,70.48448583333334,%,production,OP,223.6154735,2439.6904255691247,218.967981031625,315.800619545625,799.366092387875,173.5199135,32366.9848714,26118.834403251,131.3941309,0.8069591439247724,0.004043097992386,0,0,0,0,0,0,0,0
2008-11-27,NO 15/9-F-12 H,5599,15/9-F-12,3420717,VOLVE,369304,MÆRSK INSPIRER,24.0,72.35622,%,production,OP,223.648213625,2443.86632642725,218.49238027825,307.226009245125,791.68233872125,170.119314875,32709.527924,26510.902087268,318.5788765,0.8104947937147122,0.0096456899096371,0,0,0,0,0,0,0,0
2008-11-28,NO 15/9-F-12 H,5599,15/9-F-12,3420717,VOLVE,369304,MÆRSK INSPIRER,24.0,42.02247270833333,%,production,OP,223.2610205,2393.88480542025,189.399712469625,661.5079689343751,1139.69173728925,162.23111075,18222.1456529,14058.462471965002,45.286632,0.7715042311566441,0.0024790912753203,0,0,0,0,0,0,0,0
2008-11-29,NO 15/9-F-12 H,5599,15/9-F-12,3420717,VOLVE,369304,MÆRSK INSPIRER,24.0,62.31119104166667,%,production,OP,223.499642,2437.097744410875,201.48042605775,426.795904510625,908.571526849,170.65729362500002,30526.963854,24957.448693026,298.95466930000003,0.817554238685148,0.0096981593289436,0,0,0,0,0,0,0,0
2008-11-30,NO 15/9-F-12 H,5599,15/9-F-12,3420717,VOLVE,369304,MÆRSK INSPIRER,24.0,70.24967416666667,%,production,OP,223.69357775,2462.50248869075,225.776134249,328.31579748437497,813.553437601625,175.41730775000002,33056.5996398,26727.17849189,96.1711949,0.8085277609651839,0.0029008493853955,0,0,0,0,0,0,0,0
2008-12-01,NO 15/9-F-12 H,5599,15/9-F-12,3420717,VOLVE,369304,MÆRSK INSPIRER,24.0,66.29216708333334,%,production,OP,223.675341875,2456.93300531775,223.198153296375,376.78497704912496,860.67362779325,173.865979625,32048.9720778,26078.183298934,120.7014539,0.8136979630931157,0.0037520260745282,0,0,0,0,0,0,0,0
2008-12-02,NO 15/9-F-12 H,5599,15/9-F-12,3420717,VOLVE,369304,MÆRSK INSPIRER,24.0,70.49833354166667,%,production,OP,223.708731125,2473.789602688875,221.842313899375,353.015370029875,837.96311846625,174.27791150000002,33185.9810315,26968.565413947003,249.7683551,0.8126493349209278,0.0074700989115589,0,0,0,0,0,0,0,0
2008-12-03,NO 15/9-F-12 H,5599,15/9-F-12,3420717,VOLVE,369304,MÆRSK INSPIRER,24.0,70.10870583333333,%,production,OP,223.76547275,2474.114306511375,230.05923027562503,337.716151421625,823.662592244875,175.71256475,33543.682526200006,27239.420687419,240.8368249,0.8120581473469132,0.0071286148071885,0,0,0,0,0,0,0,0
2008-12-04,NO 15/9-F-12 H,5599,15/9-F-12,3420717,VOLVE,369304,MÆRSK INSPIRER,24.0,69.736463125,%,production,OP,223.780660625,2469.055151427875,228.08403329425,350.87783624537497,836.676078448875,170.688461,34182.349833600005,27675.736277948,217.56452790000003,0.8096499044879518,0.006324565974603,0,0,0,0,0,0,0,0
2008-12-05,NO 15/9-F-12 H,5599,15/9-F-12,3420717,VOLVE,369304,MÆRSK INSPIRER,24.0,65.06152541666667,%,production,OP,223.764321875,2461.744867589625,226.749493331875,391.84071915812495,875.7350747302501,170.191855625,32766.0733159,26459.636090425003,241.8431945,0.8075314925693354,0.0073268239885362,0,0,0,0,0,0,0,0
2008-12-06,NO 15/9-F-12 H,5599,15/9-F-12,3420717,VOLVE,369304,MÆRSK INSPIRER,24.0,66.46087520833333,%,production,OP,223.782261125,2476.398908827875,232.24529437925,378.2925473455,863.213929082125,175.764293375,33286.7437877,26984.033252547004,238.8869838,0.8106540376748431,0.0071255030346237,0,0,0,0,0,0,0,0
2008-12-07,NO 15/9-F-12 H,5599,15/9-F-12,3420717,VOLVE,369304,MÆRSK INSPIRER,24.0,66.66874708333333,%,production,OP,223.77385175,2484.351052291875,234.849421453,391.011542955375,876.353027259,173.647556,33477.513725,27197.800900881,206.2428699,0.8124199761158041,0.0061229177131397,0,0,0,0,0,0,0,0
2008-12-08,NO 15/9-F-12 H,5599,15/9-F-12,3420717,VOLVE,369304,MÆRSK INSPIRER,24.0,64.09197520833334,%,production,OP,223.759489625,2481.80684102025,235.733352522375,414.756094660125,899.4147219299999,173.77180475,32969.926058000005,25257.631765407004,238.7611876,0.7660809345151186,0.0071897207448823,0,0,0,0,0,0,0,0
2008-12-09,NO 15/9-F-12 H,5599,15/9-F-12,3420717,VOLVE,369304,MÆRSK INSPIRER,24.0,64.53006270833333,%,production,OP,223.752759875,2485.112299343,236.03403442612495,409.6705517255,894.6620895513751,175.479192125,33194.7867655,25789.199224217,88.4976267,0.776905102792232,0.0026589210865481,0,0,0,0,0,0,0,0
2008-12-10,NO 15/9-F-12 H,5599,15/9-F-12,3420717,VOLVE,369304,MÆRSK INSPIRER,24.0,64.692979375,%,production,OP,223.765094375,2487.27936649025,236.54522387875,412.303387258375,897.34487858875,174.78228049999998,33250.451583999995,27066.497667958003,82.58520530000001,0.8140189494744279,0.0024775782003309,0,0,0,0,0,0,0,0
2008-12-11,NO 15/9-F-12 H,5599,15/9-F-12,3420717,VOLVE,369304,MÆRSK INSPIRER,24.0,61.63559145833333,%,production,OP,223.729681625,2477.959094680375,234.60164215975,459.57670434012505,942.31151736175,171.17328387499998,32242.195041000003,26143.642273707,104.7882346,0.8108518120575251,0.0032395056351064,0,0,0,0,0,0,0,0
2008-12-12,NO 15/9-F-12 H,5599,15/9-F-12,3420717,VOLVE,369304,MÆRSK INSPIRER,24.0,62.64983625,%,production,OP,223.753383875,2482.5703996145003,235.6534033465,440.938445068875,924.9407119346248,171.378759125,32957.409336100005,26758.914753339,142.4012984,0.8119240951390113,0.0043021786430274,0,0,0,0,0,0,0,0
2008-12-13,NO 15/9-F-12 H,5599,15/9-F-12,3420717,VOLVE,369304,MÆRSK INSPIRER,24.0,62.66924479166666,%,production,OP,223.766346125,2486.0858548315,234.059009677375,444.14814809537495,928.314483155375,168.5917445,33221.8958466,26866.271441339,97.9323417,0.8086917003590738,0.0029391610648937,0,0,0,0,0,0,0,0
2008-12-14,NO 15/9-F-12 H,5599,15/9-F-12,3420717,VOLVE,369304,MÆRSK INSPIRER,24.0,62.66248541666667,%,production,OP,223.781654375,2491.560015000625,236.32146952587505,447.49981612925,931.853724604375,169.50648875,33353.2270794,27062.497571889,310.2763273,0.8113906791527123,0.0092169945460354,0,0,0,0,0,0,0,0
2008-12-15,NO 15/9-F-12 H,5599,15/9-F-12,3420717,VOLVE,369304,MÆRSK INSPIRER,24.0,62.79158375,%,production,OP,223.790915375,2495.325400907875,239.37363106812495,450.71196062875,935.3125364391252,172.111922375,33153.0224271,27195.312273972,88.7492191,0.8202966210327166,0.0026698101426295,0,0,0,0,0,0,0,0
2008-12-16,NO 15/9-F-12 H,5599,15/9-F-12,3420717,VOLVE,369304,MÆRSK INSPIRER,24.0,63.25265375,%,production,OP,223.8082145,2501.24771036725,240.694328966375,450.3211013485,935.65464784325,171.453528875,33342.2199119,27448.733739495,309.0183653,0.823242537900076,0.0091829715968987,0,0,0,0,0,0,0,0
2008-12-17,NO 15/9-F-12 H,5599,15/9-F-12,3420717,VOLVE,369304,MÆRSK INSPIRER,24.0,63.2551425,%,production,OP,223.82062625,2509.4866483465003,243.839508212625,449.612140496375,935.721383453,172.905095375,33576.263742,27622.848983228003,392.8615326,0.8226897785733983,0.0115652531357278,0,0,0,0,0,0,0,0
2008-12-18,NO 15/9-F-12 H,5599,15/9-F-12,3420717,VOLVE,369304,MÆRSK INSPIRER,24.0,63.24997520833333,%,production,OP,223.83351275,2515.18473812275,245.256018818,455.517223671625,941.830755672875,171.68834862499995,33821.4405358,27754.262044868,349.5247417,0.8206114702740147,0.0102287055358704,0,0,0,0,0,0,0,0
2008-12-19,NO 15/9-F-12 H,5599,15/9-F-12,3420717,VOLVE,369304,MÆRSK INSPIRER,24.0,63.323307291666666,%,production,OP,223.8447095,2520.9176974515003,247.945413127625,458.4845591352501,945.093065190625,172.9373495,33882.8290814,27823.812933930003,420.788289,0.8211773835970475,0.0122665864785178,0,0,0,0,0,0,0,0
2008-12-20,NO 15/9-F-12 H,5599,15/9-F-12,3420717,VOLVE,369304,MÆRSK INSPIRER,24.0,63.34705604166667,%,production,OP,223.855284875,2529.480293771,247.998775025125,459.91087793537497,946.855974886,174.5683325,34074.6682864,28029.68350905,422.046251,0.8225959317771938,0.0122343897573907,0,0,0,0,0,0,0,0
2008-12-21,NO 15/9-F-12 H,5599,15/9-F-12,3420717,VOLVE,369304,MÆRSK INSPIRER,24.0,63.37269520833333,%,production,OP,223.8657755,2532.645225379875,250.5139484805,466.746494702375,953.8935449815,172.92087275,34419.2240782,28148.208470925005,407.4538918,0.8178048525141841,0.0116994762506772,0,0,0,0,0,0,0,0
2008-12-22,NO 15/9-F-12 H,5599,15/9-F-12,3420717,VOLVE,369304,MÆRSK INSPIRER,24.0,63.35064645833334,%,production,OP,223.875663125,2543.0360045380003,254.062411929,466.690612769625,954.0756885365,176.52652625,34576.6580225,28257.671327633,424.8766655,0.8172470372713564,0.0121388010350776,0,0,0,0,0,0,0,0
2008-12-23,NO 15/9-F-12 H,5599,15/9-F-12,3420717,VOLVE,369304,MÆRSK INSPIRER,24.0,63.08526,%,production,OP,223.884430625,2546.2974136115,257.1456901655,475.922305642625,963.275705714625,176.40459425,34676.0370205,28312.237836338,86.2961932,0.8164784753113568,0.0024824626318808,0,0,0,0,0,0,0,0
2008-12-24,NO 15/9-F-12 H,5599,15/9-F-12,3420717,VOLVE,369304,MÆRSK INSPIRER,24.0,62.44119104166667,%,production,OP,223.885028375,2552.37097051025,259.855915557875,484.92303758712507,972.1077403353752,177.649929875,34645.908830600005,28280.305225157004,90.1329773,0.8162668026240153,0.002594797006477,0,0,0,0,0,0,0,0
2008-12-25,NO 15/9-F-12 H,5599,15/9-F-12,3420717,VOLVE,369304,MÆRSK INSPIRER,24.0,62.038647708333336,%,production,OP,223.888979,2550.2894485883758,260.06593964675005,500.66296020162497,987.4658534365,176.34693725,34539.9255321,28230.753756999005,89.62979250000001,0.8173368448858551,0.0025882455509421,0,0,0,0,0,0,0,0
2008-12-26,NO 15/9-F-12 H,5599,15/9-F-12,3420717,VOLVE,369304,MÆRSK INSPIRER,24.0,61.75540291666667,%,production,OP,223.891304,2555.345195278875,261.34137662412496,508.63833391862505,995.496716275,176.495811125,34578.104678799995,28236.93842041,124.9785247,0.8166132494162471,0.0036013665980951,0,0,0,0,0,0,0,0
2008-12-27,NO 15/9-F-12 H,5599,15/9-F-12,3420717,VOLVE,369304,MÆRSK INSPIRER,24.0,60.50301666666667,%,production,OP,223.89562246808512,2566.062414343787,263.1883834150213,508.1090517469787,995.664549414,177.67592868085106,35040.9717967,28713.341139497,135.85989600000002,0.8194219414371691,0.0038621981987136,0,0,0,0,0,0,0,0
2008-12-28,NO 15/9-F-12 H,5599,15/9-F-12,3420717,VOLVE,369304,MÆRSK INSPIRER,24.0,61.28419291666667,%,production,OP,223.8969935,2567.38677278,263.721800712625,521.406654535,1008.68951174975,176.401242875,34566.594326499995,28307.758872937,93.2778823,0.8189339859621418,0.0026912356092391,0,0,0,0,0,0,0,0
2008-12-29,NO 15/9-F-12 H,5599,15/9-F-12,3420717,VOLVE,369304,MÆRSK INSPIRER,24.0,61.204895625,%,production,OP,223.900871,2571.500766585125,263.431842556,528.266362718125,1015.648389665375,175.386997625,34639.1158358,28356.803222003,92.6489013,0.8186353068716568,0.0026675552480935,0,0,0,0,0,0,0,0
2008-12-30,NO 15/9-F-12 H,5599,15/9-F-12,3420717,VOLVE,369304,MÆRSK INSPIRER,24.0,61.216057291666665,%,production,OP,223.9061225,2577.29659686525,266.943620455375,532.89091445625,1020.7758274306252,176.38637450000002,34767.2392655,28471.668874664003,109.3797959,0.8189223382748375,0.0031361926368905,0,0,0,0,0,0,0,0
2008-12-31,NO 15/9-F-12 H,5599,15/9-F-12,3420717,VOLVE,369304,MÆRSK INSPIRER,24.0,61.21765895833333,%,production,OP,223.912159625,2587.29977103325,270.47014086312504,533.192397090625,1021.6162591865,177.78341412499998,34892.4693826,28570.561688515,92.0199203,0.8188174180289579,0.0026303062338077,0,0,0,0,0,0,0,0
2009-01-01,NO 15/9-F-12 H,5599,15/9-F-12,3420717,VOLVE,369304,MÆRSK INSPIRER,24.0,60.62754979166667,%,production,OP,223.90984175,2592.603009962625,270.126727138625,541.73469111175,1030.027082303875,177.90938712500002,34949.706653600006,28544.629751158,255.3033879,0.8167344588632692,0.0072519049873596,0,0,0,0,0,0,0,0
2009-01-02,NO 15/9-F-12 H,5599,15/9-F-12,3420717,VOLVE,369304,MÆRSK INSPIRER,24.0,60.21566958333333,%,production,OP,223.910633375,2595.7061795565,270.715436380625,551.831541698,1040.0573815995,177.70450662500002,34944.4861113,28484.681282173,83.9689635,0.8151409407323322,0.0023971643431231,0,0,0,0,0,0,0,0
2009-01-03,NO 15/9-F-12 H,5599,15/9-F-12,3420717,VOLVE,369304,MÆRSK INSPIRER,24.0,60.29822416666666,%,production,OP,223.90508975,2598.602083805125,270.23214257,552.2418270053751,1040.929289623,177.746066375,36022.0563605,29522.429874551,555.2644268,0.8195653679261863,0.0151805658492295,0,0,0,0,0,0,0,0
2009-01-04,NO 15/9-F-12 H,5599,15/9-F-12,3420717,VOLVE,369304,MÆRSK INSPIRER,24.0,60.69575354166667,%,production,OP,223.893916625,2600.151606343,269.751272102625,545.385729664125,1034.15714511075,177.614397125,35159.346020900004,28588.75052475,81.76753000000001,0.8131195189966218,0.0023202311664159,0,0,0,0,0,0,0,0
2009-01-05,NO 15/9-F-12 H,5599,15/9-F-12,3420717,VOLVE,369304,MÆRSK INSPIRER,24.0,61.31431229166667,%,production,OP,223.917365,2607.3506309271247,272.051496220375,541.1177417624999,1030.4269792645,177.315289625,35405.5920824,28790.007234315,163.1576714,0.8131485887119628,0.0045871072930408,0,0,0,0,0,0,0,0
2009-01-06,NO 15/9-F-12 H,5599,15/9-F-12,3420717,VOLVE,369304,MÆRSK INSPIRER,21.99999,51.60730347826087,%,production,OP,223.41543984126983,2508.560812392012,236.48577457595184,646.3423787859865,1130.3551699021043,166.58814712303143,29387.879263000003,24052.971774949005,167.30894600000002,0.8184657204996835,0.0056608993594245,0,0,0,0,0,0,0,0
2009-01-07,NO 15/9-F-12 H,5599,15/9-F-12,3420717,VOLVE,369304,MÆRSK INSPIRER,24.0,61.22542,%,production,OP,223.12886682823128,2512.4093453590817,265.559341523875,554.6843787255,1044.92219180625,176.58579612499997,35360.682839,29470.225212982004,160.8304417,0.8334178767746732,0.0045276911608206,0,1,1,0,0,0,0,0
2009-01-08,NO 15/9-F-12 H,5599,15/9-F-12,3420717,VOLVE,369304,MÆRSK INSPIRER,24.0,65.33766666666666,%,production,OP,222.84229381519273,2516.2578783261515,273.92812779425003,500.551858072,993.345473377875,176.40470150000002,37121.452250400005,30057.454289344,96.3598892,0.8097057756952414,0.0025890798964368,0,1,1,0,0,0,0,0
2009-01-09,NO 15/9-F-12 H,5599,15/9-F-12,3420717,VOLVE,369304,MÆRSK INSPIRER,24.0,62.67664208333333,%,production,OP,222.55572080215418,2520.1064112932213,273.21116870075,546.316637937375,1039.12600195275,175.385898875,35499.7505381,28630.572664519,89.62979250000001,0.8065006719918024,0.0025184420652285,0,1,1,0,0,0,0,0
2009-01-10,NO 15/9-F-12 H,5599,15/9-F-12,3420717,VOLVE,369304,MÆRSK INSPIRER,24.0,64.08093416666667,%,production,OP,222.26914778911564,2523.9549442602906,274.44790772675,525.826110454625,1017.939996108625,172.201222625,36919.8009418,29812.406998632003,98.8758132,0.8074910004424991,0.0026709710304986,0,1,1,0,0,0,0,0
2009-01-11,NO 15/9-F-12 H,5599,15/9-F-12,3420717,VOLVE,369304,MÆRSK INSPIRER,24.0,60.46816729166667,%,production,OP,221.9825747760771,2527.8034772273604,273.59535018975,573.621615704,1063.124475914375,171.551349125,35956.579438400004,29045.997491116,97.1775645,0.807807581944132,0.0026953519571395,0,1,1,0,0,0,0,0
2009-01-12,NO 15/9-F-12 H,5599,15/9-F-12,3420717,VOLVE,369304,MÆRSK INSPIRER,24.0,56.38310520833333,%,production,OP,221.69600176303854,2531.65201019443,274.09843866575,640.966941033,1126.591104398625,171.86543787500003,34332.6762926,27707.039228028,97.0517683,0.8070165865280919,0.0028188363302879,0,1,1,0,0,0,0,0
2009-01-13,NO 15/9-F-12 H,5599,15/9-F-12,3420717,VOLVE,369304,MÆRSK INSPIRER,24.0,51.453739375,%,production,OP,221.40942875,2535.5005431615,270.7232774975,719.1693638415001,1200.0345615025,175.44798425000002,32142.187062,25831.193699722004,274.4873084,0.8036538910652055,0.0084674727969824,0,0,0,0,0,0,0,0
2009-01-14,NO 15/9-F-12 H,5599,15/9-F-12,3420717,VOLVE,369304,MÆRSK INSPIRER,24.0,52.767979375,%,production,OP,223.8362105,2600.63724795625,276.988825427125,697.271547752875,1180.025490682375,177.97206912500002,33133.2095256,26623.434850847003,230.3328422,0.8035271931708489,0.006903728616728,0,0,0,0,0,0,0,0
2009-01-15,NO 15/9-F-12 H,5599,15/9-F-12,3420717,VOLVE,369304,MÆRSK INSPIRER,24.0,52.00658479166667,%,production,OP,223.83304925,2593.6444885595,273.20469638,719.959745400875,1201.54444938525,174.145704125,28470.7620669,22991.822602910004,0.0,0.807559086366719,0.0,0,0,0,0,0,0,0,0
2009-01-16,NO 15/9-F-12 H,5599,15/9-F-12,3420717,VOLVE,369304,MÆRSK INSPIRER,24.0,51.76695145833333,%,production,OP,223.836252875,2594.3672038486247,269.335200383375,729.80631781,1211.23651704325,172.030376375,27580.81685,22252.561271019,0.0,0.8068129886087475,0.0,0,0,0,0,0,0,0,0
2009-01-17,NO 15/9-F-12 H,5599,15/9-F-12,3420717,VOLVE,369304,MÆRSK INSPIRER,24.0,50.138914375,%,production,OP,223.817421875,2591.633660576125,267.950081440125,759.1214648457501,1239.681185284125,171.966459125,26636.8421652,21888.832927458003,0.0,0.8217502957634713,0.0,0,0,0,0,0,0,0,0
2009-01-18,NO 15/9-F-12 H,5599,15/9-F-12,3420717,VOLVE,369304,MÆRSK INSPIRER,24.0,51.30180708333334,%,production,OP,223.844641625,2600.5851037736247,271.58651043562503,746.144434547375,1227.5685965738749,173.05753325,27375.769044,22143.401414437,0.0,0.8088686523781956,0.0,0,0,0,0,0,0,0,0
2009-01-19,NO 15/9-F-12 H,5599,15/9-F-12,3420717,VOLVE,369304,MÆRSK INSPIRER,24.0,51.79295625,%,production,OP,223.869614,2607.27558887025,276.056956277125,739.931236270875,1222.153675362875,172.326596,27840.9004935,22446.844386775003,0.0,0.806254251439017,0.0,0,0,0,0,0,0,0,0
2009-01-20,NO 15/9-F-12 H,5599,15/9-F-12,3420717,VOLVE,369304,MÆRSK INSPIRER,24.0,50.834682916666665,%,production,OP,223.8626,2605.2667974621254,276.0471390175,759.734597882625,1240.8123698840002,173.443776875,27036.9369793,21832.748592947,0.0,0.8075156076171859,0.0,0,0,0,0,0,0,0,0
2009-01-21,NO 15/9-F-12 H,5599,15/9-F-12,3420717,VOLVE,369304,MÆRSK INSPIRER,23.15185,47.847563125,%,production,OP,223.8460446089276,2604.827394198613,270.2725705143316,783.3062603326356,1262.8026678388164,171.21529016268337,25936.660516000004,20971.468262763003,0.0,0.8085647051526146,0.0,0,0,0,0,0,0,0,0
2009-01-22,NO 15/9-F-12 H,5599,15/9-F-12,3420717,VOLVE,369304,MÆRSK INSPIRER,23.68148,49.86983875,%,production,OP,223.84000536618152,2614.373144085056,249.6516055058499,769.8544534591563,1249.7795108792698,169.22218744762574,27365.956940400003,23698.481050614,0.0,0.8659840071453245,0.0,0,0,0,0,0,0,0,0
2009-01-23,NO 15/9-F-12 H,5599,15/9-F-12,3420717,VOLVE,369304,MÆRSK INSPIRER,24.0,51.994132291666666,%,production,OP,223.879098875,2621.27215472475,273.82187537275,746.3364316215001,1228.85537068825,175.48863987500002,28300.4969102,22823.109448836003,0.0,0.8064561382528287,0.0,0,0,0,0,0,0,0,0
2009-01-24,NO 15/9-F-12 H,5599,15/9-F-12,3420717,VOLVE,369304,MÆRSK INSPIRER,24.0,51.80501625,%,production,OP,223.888926875,2623.63501712875,277.06322085625,752.102166516625,1235.499365062625,175.96130937499998,28136.5844616,23062.304387464003,0.0,0.8196554353972413,0.0,0,0,0,0,0,0,0,0
2009-01-25,NO 15/9-F-12 H,5599,15/9-F-12,3420717,VOLVE,369304,MÆRSK INSPIRER,24.0,51.79488666666666,%,production,OP,223.90926725,2626.636442565625,276.152956325,756.99281463875,1239.83587133275,174.81323375000002,28270.5574146,22750.88453069,0.0,0.8047554279541927,0.0,0,0,0,0,0,0,0,0
2009-01-26,NO 15/9-F-12 H,5599,15/9-F-12,3420717,VOLVE,369304,MÆRSK INSPIRER,24.0,51.385279375,%,production,OP,223.912462625,2627.2608402205,274.732348396125,768.7467848075,1250.767666403875,174.870402125,27833.038231,22459.054091153,0.0,0.8069206783950182,0.0,0,0,0,0,0,0,0,0
2009-01-27,NO 15/9-F-12 H,5599,15/9-F-12,3420717,VOLVE,369304,MÆRSK INSPIRER,24.0,51.342681875,%,production,OP,223.913541875,2629.4787613165,276.10088163975,774.5878306841249,1256.55242545,174.61828925,27834.6735816,22460.793340128,0.0,0.806935754941837,0.0,0,0,0,0,0,0,0,0
2009-01-28,NO 15/9-F-12 H,5599,15/9-F-12,3420717,VOLVE,369304,MÆRSK INSPIRER,24.0,53.13363125,%,production,OP,223.9430285,2647.45713394725,281.194395621125,744.741941260375,1228.76542295525,177.29734175000002,31242.1781491,25456.411148767,0.0,0.8148091028506068,0.0,0,0,0,0,0,0,0,0
2009-01-29,NO 15/9-F-12 H,5599,15/9-F-12,3420717,VOLVE,369304,MÆRSK INSPIRER,24.0,56.456304375,%,production,OP,223.9976075,2667.655382665375,283.52731069975,682.155929122875,1169.34998984375,176.752646,35135.507641000004,29081.909362693,0.0,0.8277071064360262,0.0,0,0,0,0,0,0,0,0
2009-01-30,NO 15/9-F-12 H,5599,15/9-F-12,3420717,VOLVE,369304,MÆRSK INSPIRER,24.0,51.029719166666666,%,production,OP,223.89641675,2628.699638331875,272.20699810775,777.13318413,1258.16715163375,173.75482549999998,27664.5342211,22239.643860053,0.0,0.8039045111806224,0.0,0,0,0,0,0,0,0,0
2009-01-31,NO 15/9-F-12 H,5599,15/9-F-12,3420717,VOLVE,369304,MÆRSK INSPIRER,24.0,51.0391525,%,production,OP,223.899207125,2632.144768248625,272.373480580375,779.972390607125,1260.8827162375,173.15122175,27602.5166945,22214.494143301,0.0,0.8047995908911957,0.0,0,0,0,0,0,0,0,0
2009-02-01,NO 15/9-F-12 H,5599,15/9-F-12,3420717,VOLVE,369304,MÆRSK INSPIRER,24.0,53.209370416666665,%,production,OP,223.949667875,2650.89123493275,277.828918761,742.813111114625,1226.448963646375,174.565645625,32861.741326,26714.410462105003,0.0,0.812933502126034,0.0,0,0,0,0,0,0,0,0
2009-02-02,NO 15/9-F-12 H,5599,15/9-F-12,3420717,VOLVE,369304,MÆRSK INSPIRER,24.0,51.12604229166666,%,production,OP,223.91167925,2638.363864737125,275.01908247887496,778.069195927875,1259.4569201785,173.561798,27687.4291295,22229.433673989,0.0,0.8028709913808613,0.0,0,0,0,0,0,0,0,0
2009-02-03,NO 15/9-F-12 H,5599,15/9-F-12,3420717,VOLVE,369304,MÆRSK INSPIRER,24.0,51.149649583333336,%,production,OP,223.9160195,2639.84598690775,274.720561037,782.4077931625,1264.2429566215,172.54602949999995,27814.0430048,22295.339732864,0.0,0.8015857216089148,0.0,0,0,0,0,0,0,0,0
2009-02-04,NO 15/9-F-12 H,5599,15/9-F-12,3420717,VOLVE,369304,MÆRSK INSPIRER,24.0,55.024947708333336,%,production,OP,224.019074375,2672.2820132815,283.0861232335,710.5985789182499,1197.429304341,177.597198125,34202.7917161,28244.10377304,0.0,0.8257835795241499,0.0,0,0,0,0,0,0,0,0
2009-02-05,NO 15/9-F-12 H,5599,15/9-F-12,3420717,VOLVE,369304,MÆRSK INSPIRER,24.0,51.279671875,%,production,OP,223.915920125,2646.8289804125,280.462301208,775.95015751,1258.354374540375,178.53215674999998,28228.1011971,22630.19654344,0.0,0.8016903576130335,0.0,0,0,0,0,0,0,0,0
2009-02-06,NO 15/9-F-12 H,5599,15/9-F-12,3420717,VOLVE,369304,MÆRSK INSPIRER,24.0,51.32801666666667,%,production,OP,223.921706,2648.197888337625,281.00044053399995,778.254155637375,1260.891793199,178.177403,27865.8081411,22455.312851835,0.0,0.8058374886574734,0.0,0,0,0,0,0,0,0,0
2009-02-07,NO 15/9-F-12 H,5599,15/9-F-12,3420717,VOLVE,369304,MÆRSK INSPIRER,15.84167,47.9288665625,%,production,OP,223.88682816874737,2637.8296597858644,276.97260022776567,827.164852705439,1306.384567650982,176.3833304409813,17222.9464363,13842.779001156,0.0,0.8037404663803762,0.0,0,0,0,0,0,0,0,0
2009-02-08,NO 15/9-F-12 H,5599,15/9-F-12,3420717,VOLVE,369304,MÆRSK INSPIRER,21.825,51.28212181818182,%,production,OP,223.92990096907212,2661.2821371052783,271.056399338811,785.4118908684536,1268.3900176473055,177.8337035257732,26350.0268292,21057.124420760003,0.0,0.7991310429113255,0.0,0,0,0,0,0,0,0,0
2009-02-09,NO 15/9-F-12 H,5599,15/9-F-12,3420717,VOLVE,369304,MÆRSK INSPIRER,24.0,47.63367458333333,%,production,OP,223.84341425,2641.5470107015,279.255841886125,860.84642848375,1339.317958273875,177.018969875,26785.784866,21459.126483034,0.0,0.8011386110351656,0.0,0,0,0,0,0,0,0,0
2009-02-10,NO 15/9-F-12 H,5599,15/9-F-12,3420717,VOLVE,369304,MÆRSK INSPIRER,24.0,50.58019916666667,%,production,OP,223.919208875,2658.527518870625,289.113479486,802.768200407875,1284.826486700125,178.807831625,27631.13533,23181.011573191,0.0,0.8389453164460687,0.0,0,0,0,0,0,0,0,0
2009-02-11,NO 15/9-F-12 H,5599,15/9-F-12,3420717,VOLVE,369304,MÆRSK INSPIRER,24.0,50.85285208333333,%,production,OP,223.936398875,2662.48930738125,289.64706824475,800.80387523325,1282.7442426098748,178.6102085,27872.664034,22485.157304805,0.0,0.8067100180082127,0.0,0,0,0,0,0,0,0,0
2009-02-12,NO 15/9-F-12 H,5599,15/9-F-12,3420717,VOLVE,369304,MÆRSK INSPIRER,24.0,50.874797916666665,%,production,OP,223.944755,2665.56308562875,288.70984175362497,803.632811207,1285.632215092875,178.64751725000002,28292.0685648,22605.655652116,0.0,0.799010351623464,0.0,0,0,0,0,0,0,0,0
2009-02-13,NO 15/9-F-12 H,5599,15/9-F-12,3420717,VOLVE,369304,MÆRSK INSPIRER,22.0,45.49270173913043,%,production,OP,223.86407799819364,2660.148476959499,255.8283470620065,870.8056904029336,1338.00064307811,172.70552556706997,24813.2375519,19760.165224088003,0.0,0.796355783188596,0.0,0,0,0,0,0,0,0,0
2009-02-14,NO 15/9-F-12 H,5599,15/9-F-12,3420717,VOLVE,369304,MÆRSK INSPIRER,24.0,49.79175833333333,%,production,OP,223.925677625,2660.56739675675,287.4386894405,832.216764273875,1312.226044350875,177.30825425,27238.7769822,21591.914345945,0.0,0.7926903017729059,0.0,0,0,0,0,0,0,0,0
2009-02-15,NO 15/9-F-12 H,5599,15/9-F-12,3420717,VOLVE,369304,MÆRSK INSPIRER,24.0,48.758591458333335,%,production,OP,223.8943415,2657.805120852125,288.077639241375,854.9137034830001,1333.640415547625,177.995384,26549.8540929,21208.77986844,0.0,0.7988284905155723,0.0,0,0,0,0,0,0,0,0
2009-02-16,NO 15/9-F-12 H,5599,15/9-F-12,3420717,VOLVE,369304,MÆRSK INSPIRER,22.64167,47.31098260869565,%,production,OP,223.90072320381847,2669.0708276985724,267.8211908252497,856.9067315585633,1335.6895563220694,175.2464092665868,25515.6206346,20329.570618213,0.0,0.7967499952027604,0.0,0,0,0,0,0,0,0,0
2009-02-17,NO 15/9-F-12 H,5599,15/9-F-12,3420717,VOLVE,369304,MÆRSK INSPIRER,24.0,50.82151666666667,%,production,OP,223.97105225,2677.2731757592496,293.161175817,818.77015532075,1300.7502298715,178.933362875,28174.6378121,22509.984951493,0.0,0.7989449625444969,0.0,0,0,0,0,0,0,0,0
2009-02-18,NO 15/9-F-12 H,5599,15/9-F-12,3420717,VOLVE,369304,MÆRSK INSPIRER,24.0,50.25470729166667,%,production,OP,223.96145225,2677.429028155125,296.628233666375,831.7872372585,1312.9387792126251,179.78230887499998,27902.0374467,22245.483498845,0.0,0.7972709355486867,0.0,0,0,0,0,0,0,0,0
2009-02-19,NO 15/9-F-12 H,5599,15/9-F-12,3420717,VOLVE,369304,MÆRSK INSPIRER,24.0,50.18160208333333,%,production,OP,223.96253225,2680.14397332575,295.62040992875,836.178797536125,1317.393929588375,180.015933125,27890.3384001,22192.064364743,0.0,0.7956900359682774,0.0,0,0,0,0,0,0,0,0
2009-02-20,NO 15/9-F-12 H,5599,15/9-F-12,3420717,VOLVE,369304,MÆRSK INSPIRER,24.0,50.22592395833333,%,production,OP,223.971503375,2681.542251445875,294.7938081505,840.209403556125,1321.3607732776252,178.89994475,27924.492068400003,22209.943844206,0.0,0.795357129139666,0.0,0,0,0,0,0,0,0,0
2009-02-21,NO 15/9-F-12 H,5599,15/9-F-12,3420717,VOLVE,369304,MÆRSK INSPIRER,24.0,41.986320625,%,production,OP,223.741431125,2647.97689575,248.201668079,987.2426399545,1464.21305363925,169.1894105,24379.8067448,19534.964441629,0.0,0.80127642709045,0.0,0,0,0,0,0,0,0,0
2009-02-22,NO 15/9-F-12 H,5599,15/9-F-12,3420717,VOLVE,369304,MÆRSK INSPIRER,24.0,50.337503958333336,%,production,OP,223.990848125,2692.580295916875,294.3644956705,847.669321286,1329.504227906875,179.183477375,28529.8862809,22731.693816416,0.0,0.7967677681082894,0.0,0,0,0,0,0,0,0,0
2009-02-23,NO 15/9-F-12 H,5599,15/9-F-12,3420717,VOLVE,369304,MÆRSK INSPIRER,24.0,50.28252020833333,%,production,OP,223.998189125,2695.533598954,297.553216533,850.440287384125,1332.25459256575,179.79045200000002,28294.5844888,22494.009993801003,0.0,0.7949934731398841,0.0,0,0,0,0,0,0,0,0
2009-02-24,NO 15/9-F-12 H,5599,15/9-F-12,3420717,VOLVE,369304,MÆRSK INSPIRER,24.0,50.32882791666667,%,production,OP,224.006232125,2696.614286156875,295.039584106375,853.578704233625,1335.465054020125,179.443649375,28224.5160054,22601.165034864,0.0,0.8007635996500303,0.0,0,0,0,0,0,0,0,0
2009-02-25,NO 15/9-F-12 H,5599,15/9-F-12,3420717,VOLVE,369304,MÆRSK INSPIRER,22.0,45.39998377777778,%,production,OP,223.91344414263364,2680.9550850829146,262.01172218866776,926.7339487813728,1403.8048284905374,170.68062503635454,25387.1198163,20362.835299878003,0.0,0.802093165637635,0.0,0,0,0,0,0,0,0,0
2009-02-26,NO 15/9-F-12 H,5599,15/9-F-12,3420717,VOLVE,369304,MÆRSK INSPIRER,24.0,49.457526666666666,%,production,OP,224.006342375,2699.367469991875,264.436052430125,878.96474465475,1359.7787136855,178.271410625,27813.2253295,22251.835553934,0.0,0.8000451328574493,0.0,0,0,0,0,0,0,0,0
2009-02-27,NO 15/9-F-12 H,5599,15/9-F-12,3420717,VOLVE,369304,MÆRSK INSPIRER,24.0,49.20210604166667,%,production,OP,224.004114875,2700.135509656,275.337114553375,887.4188585935,1367.9359167085,179.685815375,27421.4330646,22002.638785972,0.0,0.8023883629326635,0.0,0,0,0,0,0,0,0,0
2009-02-28,NO 15/9-F-12 H,5599,15/9-F-12,3420717,VOLVE,369304,MÆRSK INSPIRER,24.0,49.406518125,%,production,OP,224.019462125,2699.998971487125,275.990441246,890.313820095125,1370.9801192905,178.139446625,27885.243654,22204.395904836,0.0,0.7962776363136025,0.0,0,0,0,0,0,0,0,0
2009-03-01,NO 15/9-F-12 H,5599,15/9-F-12,3420717,VOLVE,369304,MÆRSK INSPIRER,24.0,49.85502708333333,%,production,OP,224.041105625,2704.553512174,276.661701283,885.632325833875,1367.186188091875,176.551206875,27981.0374603,22452.014458855003,0.0,0.802401072180055,0.0,0,0,0,0,0,0,0,0
2009-03-02,NO 15/9-F-12 H,5599,15/9-F-12,3420717,VOLVE,369304,MÆRSK INSPIRER,24.0,50.759029375,%,production,OP,224.076411125,2717.650615806625,281.381875365875,866.00944286175,1349.496682811125,177.92800925,28886.7701003,23088.526964802,0.0,0.7992768621979727,0.0,0,0,0,0,0,0,0,0
2009-03-03,NO 15/9-F-12 H,5599,15/9-F-12,3420717,VOLVE,369304,MÆRSK INSPIRER,24.0,49.46571791666667,%,production,OP,224.08290365957447,2715.8284710748085,280.6085458007234,875.3075609528936,1358.4863394713616,176.68965582978723,29173.9628249,23257.186440532,0.0,0.7971898291678762,0.0,0,0,0,0,0,0,0,0
2009-03-04,NO 15/9-F-12 H,5599,15/9-F-12,3420717,VOLVE,369304,MÆRSK INSPIRER,24.0,49.90171770833334,%,production,OP,224.068028375,2712.1793080515,274.580961962,889.401494815625,1371.4817724946251,174.70661,28142.245290600004,22410.485784243,0.0,0.7963289905560055,0.0,0,0,0,0,0,0,0,0
2009-03-05,NO 15/9-F-12 H,5599,15/9-F-12,3420717,VOLVE,369304,MÆRSK INSPIRER,11.16666,47.95769,%,production,OP,224.03803675629055,2714.2130948187087,233.03750989653932,917.457495395894,1395.54299917229,175.35806672303625,15352.168248000002,12280.255026219002,0.0,0.7999036245462465,0.0,0,0,0,0,0,0,0,0
2009-03-06,NO 15/9-F-12 H,5599,15/9-F-12,3420717,VOLVE,369304,MÆRSK INSPIRER,24.0,45.16791104166666,%,production,OP,223.93771475,2697.1424390122497,234.297699922625,980.095629623125,1456.974732822,175.63425875,27462.3168296,22047.868087997,0.0,0.802840788153493,0.0,0,0,0,0,0,0,0,0
2009-03-07,NO 15/9-F-12 H,5599,15/9-F-12,3420717,VOLVE,369304,MÆRSK INSPIRER,24.0,39.79281375,%,production,OP,223.679354375,2643.013220994875,225.4040030005,1140.4198582655,1609.938512607875,170.241915125,21137.535486,17011.760203565,0.0,0.8048128512821365,0.0,0,0,0,0,0,0,0,0
2009-03-08,NO 15/9-F-12 H,5599,15/9-F-12,3420717,VOLVE,369304,MÆRSK INSPIRER,24.0,45.99509875,%,production,OP,223.84439525,2689.875089443625,233.10772658675,993.210449043125,1470.887240090625,170.771221625,25293.6532397,20384.455312365,0.0,0.8059118672651959,0.0,0,0,0,0,0,0,0,0
2009-03-09,NO 15/9-F-12 H,5599,15/9-F-12,3420717,VOLVE,369304,MÆRSK INSPIRER,18.525,55.059302894736845,%,production,OP,224.2376715476243,2765.9815801051277,200.22496812122648,758.9908016767469,1250.0787323142729,178.58500137330202,26399.213143400004,21462.519166263,0.0,0.81299844240353,0.0,0,0,0,0,0,0,0,0
2009-03-10,NO 15/9-F-12 H,5599,15/9-F-12,3420717,VOLVE,369304,MÆRSK INSPIRER,21.225,55.14749860465116,%,production,OP,224.1925360565371,2764.2330638824737,197.8292694911661,772.7714758310672,1262.6299782182543,179.82536797173145,29517.5122471,23090.242906075,0.0,0.7822557237472999,0.0,0,0,0,0,0,0,0,0
2009-03-11,NO 15/9-F-12 H,5599,15/9-F-12,3420717,VOLVE,369304,MÆRSK INSPIRER,23.5,43.698054166666665,%,production,OP,223.922960457846,2694.7485204635386,208.90014792157817,937.846354686473,1420.2021642180616,170.16049275650636,34055.0440792,26692.95148465,0.0,0.783817851551495,0.0,0,0,0,0,0,0,0,0
2009-03-12,NO 15/9-F-12 H,5599,15/9-F-12,3420717,VOLVE,369304,MÆRSK INSPIRER,24.0,52.27697041666666,%,production,OP,224.048295125,2711.94940469175,228.54449268475005,816.772030248875,1295.376895285375,177.477068375,30633.3874392,24043.331214996004,0.0,0.784873408555169,0.0,0,0,0,0,0,0,0,0
2009-03-13,NO 15/9-F-12 H,5599,15/9-F-12,3420717,VOLVE,369304,MÆRSK INSPIRER,19.94167,45.52174930232558,%,production,OP,223.99228218771245,2721.128302025311,224.2560985943056,814.0722556035481,1292.6640733364504,176.14386913420591,23125.8073251,18684.837199999,0.0,0.8079647528550964,0.0,0,0,0,0,0,0,0,0
2009-03-14,NO 15/9-F-12 H,5599,15/9-F-12,3420717,VOLVE,369304,MÆRSK INSPIRER,0.0,39.010874651162794,%,production,OP,221.330768,3789.938375004,25.922496702,553.155641946,553.286321184,55.653692,0.0,0.0,0.0,0.7904128074022123,0.0,1,0,0,0,0,1,1,0
2009-03-15,NO 15/9-F-12 H,5599,15/9-F-12,3420717,VOLVE,369304,MÆRSK INSPIRER,6.5,32.5,%,production,OP,220.844696,3137.165703366,21.006433692,986.432590638,1133.131275738,68.144972,3860.1821932,2983.383737118,0.0,0.7728608619493281,0.0,0,0,0,0,0,0,0,0
2009-03-16,NO 15/9-F-12 H,5599,15/9-F-12,3420717,VOLVE,369304,MÆRSK INSPIRER,13.0,36.1,%,production,OP,222.602108,2975.109524598,70.799284434,855.907528032,1236.906834966,120.858404,8864.417927299999,6834.512866549001,0.0,0.7710052620037868,0.0,0,0,0,0,0,0,0,0
2009-03-17,NO 15/9-F-12 H,5599,15/9-F-12,3420717,VOLVE,369304,MÆRSK INSPIRER,0.0,41.72044922222222,%,production,OP,220.598978,3764.378763378,15.080906202,407.852802558,512.77387191,62.76443,0.0,0.0,0.0,0.7787753062873315,0.0,1,0,0,0,0,1,1,0
2009-03-18,NO 15/9-F-12 H,5599,15/9-F-12,3420717,VOLVE,369304,MÆRSK INSPIRER,22.14167,47.34089844444444,%,production,OP,223.66576397188012,2626.4910140954958,119.20354240499825,823.7295405582964,1291.2388283799555,165.88916357812576,21696.0077159,17064.893994891,0.0,0.7865453505708763,0.0,0,0,0,0,0,0,0,0
2009-03-19,NO 15/9-F-12 H,5599,15/9-F-12,3420717,VOLVE,369304,MÆRSK INSPIRER,24.0,50.707068125,%,production,OP,223.83618875,2618.578203804625,182.121899013625,765.6326436932501,1234.977397473625,176.777859875,27183.7411447,21365.009982358,0.0,0.7859481102557337,0.0,0,0,0,0,0,0,0,0
2009-03-20,NO 15/9-F-12 H,5599,15/9-F-12,3420717,VOLVE,369304,MÆRSK INSPIRER,24.0,51.370171142857146,%,production,OP,222.56151391809695,2596.4085466596653,188.2875883312292,731.3214456981192,1197.8727727293883,174.43964896183448,26529.475108500003,20782.864457061,0.0,0.7833876988543284,0.0,0,0,0,0,0,0,0,0
2009-03-21,NO 15/9-F-12 H,5599,15/9-F-12,3420717,VOLVE,369304,MÆRSK INSPIRER,24.0,53.82317782608696,%,production,OP,223.7833133160712,2617.6725032304826,192.3635638782222,680.2714585132778,1151.6580064772677,178.5217829755239,27930.9076746,21915.857501633003,0.0,0.7846453741123135,0.0,0,0,0,0,0,0,0,0
2009-03-22,NO 15/9-F-12 H,5599,15/9-F-12,3420717,VOLVE,369304,MÆRSK INSPIRER,24.0,53.94449375,%,production,OP,223.737280625,2605.4167637325004,188.292637415625,667.56177951375,1138.637132753375,178.04735862500002,27912.1640408,21869.030915727,0.0,0.7834946399627208,0.0,0,0,0,0,0,0,0,0
2009-03-23,NO 15/9-F-12 H,5599,15/9-F-12,3420717,VOLVE,369304,MÆRSK INSPIRER,24.0,53.952058541666666,%,production,OP,223.68959675,2592.8210353145,183.367412838625,653.858350565375,1124.7004978091252,177.31233312499998,27789.7643382,21394.262914103,0.0,0.7698612573225135,0.0,0,0,0,0,0,0,0,0
2009-03-24,NO 15/9-F-12 H,5599,15/9-F-12,3420717,VOLVE,369304,MÆRSK INSPIRER,24.0,53.984036875,%,production,OP,223.645397375,2579.097986955,178.539877397875,641.5701903345,1111.776572570125,176.73400212500002,27382.4991407,21458.426192533003,0.0,0.78365477461618,0.0,0,0,0,0,0,0,0,0
2009-03-25,NO 15/9-F-12 H,5599,15/9-F-12,3420717,VOLVE,369304,MÆRSK INSPIRER,4.19167,45.01146555555555,%,production,OP,223.5857615300632,2544.534976457086,172.57910897251372,725.1290430825701,1184.831320568842,170.45899302279042,4553.2563571,3644.561442133,0.0,0.8004296609502229,0.0,0,0,0,0,0,0,0,0
2009-03-26,NO 15/9-F-12 H,5599,15/9-F-12,3420717,VOLVE,369304,MÆRSK INSPIRER,0.0,41.19807187301587,%,production,OP,220.610498,3870.252877428,15.077280252,169.728398892,179.751539958,42.638594,0.0,0.0,0.0,0.7758163015157242,0.0,1,0,0,0,0,1,1,0
2009-03-27,NO 15/9-F-12 H,5599,15/9-F-12,3420717,VOLVE,369304,MÆRSK INSPIRER,0.0,37.38467819047619,%,production,OP,220.092854,3788.107125216,9.823713816,261.701200794,267.32243856,42.283724,0.0,0.0,0.0,0.7512029420812256,0.0,1,0,0,0,0,1,1,0
2009-03-28,NO 15/9-F-12 H,5599,15/9-F-12,3420717,VOLVE,369304,MÆRSK INSPIRER,0.0,33.57128450793651,%,production,OP,219.78563,3029.486156292,7.532983644,1029.173838858,1030.147769028,41.903978,0.0,0.0,0.0,0.7265895826467269,0.0,1,0,0,0,0,1,1,0
2009-03-29,NO 15/9-F-12 H,5599,15/9-F-12,3420717,VOLVE,369304,MÆRSK INSPIRER,0.0,29.757890825396824,%,production,OP,157.91117,1589.30392311,4.583635913999999,1148.515021284,1149.04977639,38.617376,0.0,0.0,0.0,0.7019762232122283,0.0,1,0,0,0,0,1,1,0
2009-03-30,NO 15/9-F-12 H,5599,15/9-F-12,3420717,VOLVE,369304,MÆRSK INSPIRER,6.14167,25.94449714285714,%,production,OP,222.75910729512657,2557.3099826652083,19.771288537663544,957.0085691571755,1432.0215709119657,117.69800798009662,2871.1095707000004,1944.783001029,0.0,0.6773628637777296,0.0,0,0,0,0,0,0,0,0
2009-03-31,NO 15/9-F-12 H,5599,15/9-F-12,3420717,VOLVE,369304,MÆRSK INSPIRER,24.0,56.99216354166666,%,production,OP,223.659534875,2604.769444030375,115.89753914875,599.0923492522501,1077.3463734099998,171.57805025,30958.44482,25290.103632057,0.0,0.8169048470974519,0.0,0,0,0,0,0,0,0,0
2009-04-01,NO 15/9-F-12 H,5599,15/9-F-12,3420717,VOLVE,369304,MÆRSK INSPIRER,24.0,60.94873604166666,%,production,OP,223.7643875,2617.068394484125,160.357372847,535.26183855575,1015.22610850675,177.92247125,33259.5089104,26409.507580069003,0.0,0.7940438222108248,0.0,0,0,0,0,0,0,0,0
2009-04-02,NO 15/9-F-12 H,5599,15/9-F-12,3420717,VOLVE,369304,MÆRSK INSPIRER,24.0,60.98590854166667,%,production,OP,223.782672875,2607.089136478,169.702131905875,533.108136055875,1012.890069067875,176.953507625,32359.311303200004,25425.820849333,0.0,0.7857343010516621,0.0,0,0,0,0,0,0,0,0
2009-04-03,NO 15/9-F-12 H,5599,15/9-F-12,3420717,VOLVE,369304,MÆRSK INSPIRER,24.0,57.46293791666667,%,production,OP,223.722641375,2583.31085135175,171.593167566125,578.413647051,1054.89143916875,176.024607875,29773.0672274,23582.316523287,0.0,0.7920687627905638,0.0,0,0,0,0,0,0,0,0
2009-04-04,NO 15/9-F-12 H,5599,15/9-F-12,3420717,VOLVE,369304,MÆRSK INSPIRER,24.0,55.711825833333336,%,production,OP,223.671337625,2570.668233357,171.82339423975,601.327593324375,1075.800059837875,175.762844375,28289.6155389,22452.467193309003,0.0,0.7936646280128993,0.0,0,0,0,0,0,0,0,0
2009-04-05,NO 15/9-F-12 H,5599,15/9-F-12,3420717,VOLVE,369304,MÆRSK INSPIRER,24.0,55.808968541666665,%,production,OP,223.65959,2569.7328591220003,170.702507337875,593.78210921775,1068.424079828875,174.105642125,28530.57816,22622.941491472004,0.0,0.7929366648163292,0.0,0,0,0,0,0,0,0,0
2009-04-06,NO 15/9-F-12 H,5599,15/9-F-12,3420717,VOLVE,369304,MÆRSK INSPIRER,24.0,65.204759375,%,production,OP,223.78679675,2608.329864049,172.684469737625,467.46085822,949.1237437296252,176.11065875,34874.6063222,28529.976975834,140.1369668,0.8180730905533629,0.0040022274515439,0,0,0,0,0,0,0,0
2009-04-07,NO 15/9-F-12 H,5599,15/9-F-12,3420717,VOLVE,369304,MÆRSK INSPIRER,24.0,68.01264604166667,%,production,OP,223.824584375,2605.936534600125,169.64491743649998,429.561192975375,912.410649471125,174.78017975,35713.289587600004,29110.485311639,343.9268108,0.8151163235813046,0.0095383627787546,0,0,0,0,0,0,0,0
2009-04-08,NO 15/9-F-12 H,5599,15/9-F-12,3420717,VOLVE,369304,MÆRSK INSPIRER,24.0,62.476730625,%,production,OP,223.75530275,2572.3137257265,166.55713395712502,482.08264361137503,960.741088102375,174.843218,32352.7070027,25165.558573273,743.8958287,0.7778501678753745,0.0224765010623458,0,0,0,0,0,0,0,0
2009-04-09,NO 15/9-F-12 H,5599,15/9-F-12,3420717,VOLVE,369304,MÆRSK INSPIRER,24.0,61.475748125,%,production,OP,223.721223875,2562.74399157825,165.27245685050002,487.68629249824994,965.45671766125,176.202539375,32943.8862446,25734.984096777003,412.4228417,0.781176328308727,0.0123641629723772,0,0,0,0,0,0,0,0
2009-04-10,NO 15/9-F-12 H,5599,15/9-F-12,3420717,VOLVE,369304,MÆRSK INSPIRER,24.0,68.52675333333333,%,production,OP,223.798461875,2580.907943351625,163.47937018624998,406.406553119375,887.903959335875,175.125299375,35256.7751778,28102.157042684,322.8559473,0.7970711133098463,0.0090741791606782,0,0,0,0,0,0,0,0
2009-04-11,NO 15/9-F-12 H,5599,15/9-F-12,3420717,VOLVE,369304,MÆRSK INSPIRER,24.0,70.54195958333334,%,production,OP,223.8102935,2573.806901001375,161.871494026375,382.837856968,864.7039799967499,176.319570875,35192.8078101,28111.533801828,499.8512007,0.7987863302501331,0.0140043138996383,0,0,0,0,0,0,0,0
2009-04-12,NO 15/9-F-12 H,5599,15/9-F-12,3420717,VOLVE,369304,MÆRSK INSPIRER,24.0,69.86611833333333,%,production,OP,223.80103775,2559.88541346325,160.710827431375,377.962525463,858.702933033125,177.13681025,33825.654708500006,26329.697064363,499.59960830000006,0.7783943072577586,0.0145548698252609,0,0,0,0,0,0,0,0
2009-04-13,NO 15/9-F-12 H,5599,15/9-F-12,3420717,VOLVE,369304,MÆRSK INSPIRER,24.0,65.974688125,%,production,OP,223.757610875,2537.209256990875,158.665586160875,403.394367675875,881.901987755,177.22351774999998,31355.1431367,24164.888650160003,613.0048826,0.7706834105271847,0.0191754893724188,0,0,0,0,0,0,0,0
2009-04-14,NO 15/9-F-12 H,5599,15/9-F-12,3420717,VOLVE,369304,MÆRSK INSPIRER,24.0,66.215534375,%,production,OP,223.7608115,2528.8052144000003,156.4751286145,397.752643292375,875.9085220485,176.734121,31433.6399655,24117.116336588,209.8909597,0.7672390586345631,0.0066329816415287,0,0,0,0,0,0,0,0
2009-04-15,NO 15/9-F-12 H,5599,15/9-F-12,3420717,VOLVE,369304,MÆRSK INSPIRER,24.0,69.277765625,%,production,OP,223.783811,2530.178914622375,154.638291841875,364.042204272125,848.897693432375,176.77303325,33440.152253600005,27631.980658354,138.2500238,0.8263114488475235,0.0041172305536719,0,0,0,0,0,0,0,0
2009-04-16,NO 15/9-F-12 H,5599,15/9-F-12,3420717,VOLVE,369304,MÆRSK INSPIRER,24.0,65.1395575,%,production,OP,223.742564,2509.476655832625,153.16010987025,395.657717442,874.32971694275,176.534405,32158.1631794,24831.290811893003,186.4928665,0.7721613536621248,0.0057658015047477,0,0,0,0,0,0,0,0
2009-04-17,NO 15/9-F-12 H,5599,15/9-F-12,3420717,VOLVE,369304,MÆRSK INSPIRER,24.0,63.184329375,%,production,OP,223.71006275,2498.3077236315003,150.84730370600002,408.513764897,883.570936999375,176.721828125,30433.4972774,23138.998734042,201.7142067,0.760313496774,0.0065843908668524,0,0,0,0,0,0,0,0
2009-04-18,NO 15/9-F-12 H,5599,15/9-F-12,3420717,VOLVE,369304,MÆRSK INSPIRER,24.0,68.56317916666667,%,production,OP,223.750368875,2508.1458203825,149.33795367250002,357.4640511065,835.058025456,177.030054875,33156.5447207,25680.212056518,149.3829875,0.7745141199977197,0.0044851771975479,0,0,0,0,0,0,0,0
2009-04-19,NO 15/9-F-12 H,5599,15/9-F-12,3420717,VOLVE,369304,MÆRSK INSPIRER,24.0,80.990909375,%,production,OP,223.8185855,2524.841038805625,148.79689545675,280.581718849625,761.855216610375,176.580893375,35308.1000274,27649.834358086,127.1799582,0.7831017340675089,0.0035890772769873,0,0,0,0,0,0,0,0
2009-04-20,NO 15/9-F-12 H,5599,15/9-F-12,3420717,VOLVE,369304,MÆRSK INSPIRER,24.0,67.529216875,%,production,OP,223.746622625,2486.91672314425,149.500290475625,358.507397067625,834.2588298165,176.527223375,30859.2545163,23436.400773798,193.1600651,0.7594610155413438,0.0062204523449748,0,0,0,0,0,0,0,0
2009-04-21,NO 15/9-F-12 H,5599,15/9-F-12,3420717,VOLVE,369304,MÆRSK INSPIRER,24.0,65.610351875,%,production,OP,223.71451775,2470.1464596426254,205.147862969,372.950849173125,847.4675129955,173.982927125,30476.3937816,23067.421487494004,206.305768,0.7568947183449528,0.0067238466962953,0,0,0,0,0,0,0,0
2009-04-22,NO 15/9-F-12 H,5599,15/9-F-12,3420717,VOLVE,369304,MÆRSK INSPIRER,23.16667,54.947230833333336,%,production,OP,223.56314967058532,2457.115651832332,239.90945578044165,489.1713648767241,954.0576513335494,171.13855554803862,25273.5258477,19587.371456429,586.2731901,0.7750153886111437,0.0226712198823752,0,0,0,0,0,0,0,0
2009-04-23,NO 15/9-F-12 H,5599,15/9-F-12,3420717,VOLVE,369304,MÆRSK INSPIRER,24.0,64.50499041666667,%,production,OP,223.681120625,2459.6462493135,251.95239306175003,375.31465734575,848.838741528625,173.635863875,29894.3976623,22696.529203891,212.9729666,0.7592234993419428,0.0070737816737662,0,0,0,0,0,0,0,0
2009-04-24,NO 15/9-F-12 H,5599,15/9-F-12,3420717,VOLVE,369304,MÆRSK INSPIRER,24.0,65.470995,%,production,OP,223.68350525,2455.3638240876253,250.34276133775,363.09640240925,836.768603628,173.55897650000003,30125.3594855,22788.249955319003,232.9116643,0.7564474032679175,0.007672099084652,0,0,0,0,0,0,0,0
2009-04-25,NO 15/9-F-12 H,5599,15/9-F-12,3420717,VOLVE,369304,MÆRSK INSPIRER,24.0,66.649761875,%,production,OP,223.689263,2454.6219214797497,250.000782885125,347.21210655225,821.178526418875,173.90427574999998,30276.629416000003,22948.940668994,249.8941513,0.757975412443579,0.0081861319959697,0,0,0,0,0,0,0,0
2009-04-26,NO 15/9-F-12 H,5599,15/9-F-12,3420717,VOLVE,369304,MÆRSK INSPIRER,24.0,68.00775854166666,%,production,OP,223.69341875,2450.92078136325,248.758879902,333.5149565406249,808.0438670091249,174.10707425,30541.8078056,23043.568173379,225.175198,0.754492606333337,0.0073187285855637,0,0,0,0,0,0,0,0
2009-04-27,NO 15/9-F-12 H,5599,15/9-F-12,3420717,VOLVE,369304,MÆRSK INSPIRER,24.0,69.101766875,%,production,OP,223.696907,2448.9400880460003,246.95556503712496,321.780240166375,796.525982444875,174.10929649999997,30638.8595739,23190.333947697003,293.2309422,0.7568928566601059,0.0094798294362734,0,0,0,0,0,0,0,0
2009-04-28,NO 15/9-F-12 H,5599,15/9-F-12,3420717,VOLVE,369304,MÆRSK INSPIRER,24.0,67.67507125,%,production,OP,223.70185859574468,2448.52498311817,247.93043210374464,317.94745562770214,792.6628409899149,175.536614893617,30711.947166100003,23264.274100822,583.8830623,0.7574991574126313,0.0186568963992571,0,0,0,0,0,0,0,0
2009-04-29,NO 15/9-F-12 H,5599,15/9-F-12,3420717,VOLVE,369304,MÆRSK INSPIRER,24.0,69.12411083333333,%,production,OP,223.709708,2446.212914359,246.71840977737497,317.86446496125,792.2722958943749,174.886821875,30455.9518991,23115.032412887,233.1632567,0.7589660139163166,0.0075975881193151,0,0,0,0,0,0,0,0
2009-04-30,NO 15/9-F-12 H,5599,15/9-F-12,3420717,VOLVE,369304,MÆRSK INSPIRER,24.0,67.71542708333334,%,production,OP,223.72076778723405,2445.3052783843405,246.04649031893612,318.73125332336167,792.8165596685106,174.78310080851065,30571.3699126,23245.902687588,233.351951,0.7603814534332397,0.0075752007121913,0,0,0,0,0,0,0,0
2009-05-01,NO 15/9-F-12 H,5599,15/9-F-12,3420717,VOLVE,369304,MÆRSK INSPIRER,24.0,69.16733958333333,%,production,OP,223.734791,2444.563203801,245.00704296125,320.76518870175,794.83855898525,173.82015725000002,30572.6907727,23156.486220335,218.8224899,0.7574238850121977,0.0071065844680581,0,0,0,0,0,0,0,0
2009-05-02,NO 15/9-F-12 H,5599,15/9-F-12,3420717,VOLVE,369304,MÆRSK INSPIRER,24.0,68.26885833333333,%,production,OP,223.740954875,2446.042129092375,246.2482600355,324.49100945125,798.6205305921251,173.88518749999997,30280.9064868,23002.34285204,186.4299684,0.7596319106915489,0.0061190110489025,0,0,0,0,0,0,0,0
2009-05-03,NO 15/9-F-12 H,5599,15/9-F-12,3420717,VOLVE,369304,MÆRSK INSPIRER,24.0,68.19273604166666,%,production,OP,223.750505,2447.985602032875,246.8099438635,324.1999242285,798.3398518458749,175.272966875,30270.4025041,23006.239476038,233.1003586,0.7600242339995943,0.0076417570680066,0,0,0,0,0,0,0,0
2009-05-04,NO 15/9-F-12 H,5599,15/9-F-12,3420717,VOLVE,369304,MÆRSK INSPIRER,2.475,46.84542166666667,%,production,OP,223.7467842952,2441.2088872517943,247.0595902596386,430.7412423638697,898.9011439929095,174.66990012567274,2760.7863033,1932.813083464,18.554939500000003,0.7000951436022723,0.0066760206390875,0,0,0,0,0,0,0,0
2009-05-06,NO 15/9-F-12 H,5599,15/9-F-12,3420717,VOLVE,369304,MÆRSK INSPIRER,20.85833,55.126128095238094,%,production,OP,223.4762391583008,2458.103269485294,170.0700811031806,460.2914497421726,916.6512826937457,158.41649862150229,22338.889196,17013.392095852,149.8861723,0.7616042116766673,0.0066649326095043,0,0,0,0,0,0,0,0
2009-05-07,NO 15/9-F-12 H,5599,15/9-F-12,3420717,VOLVE,369304,MÆRSK INSPIRER,23.83333,61.36592,%,production,OP,223.7145706352432,2447.195873677708,233.18099961107168,408.6126126230096,880.6728468030591,167.53860521020354,27968.7723308,22361.420246357,1089.0177033999998,0.7995138285612906,0.0374776506443973,0,0,0,0,0,0,0,0
2009-05-08,NO 15/9-F-12 H,5599,15/9-F-12,3420717,VOLVE,369304,MÆRSK INSPIRER,24.0,65.69139291666667,%,production,OP,223.77453575,2454.5848340545,245.7620926595,360.310720997375,834.305118089875,170.37999574999998,30288.0768702,22914.619018358004,892.3982427999999,0.7565557600952658,0.0286204183729046,0,0,0,0,0,0,0,0
2009-05-09,NO 15/9-F-12 H,5599,15/9-F-12,3420717,VOLVE,369304,MÆRSK INSPIRER,24.0,67.30705291666666,%,production,OP,223.80094512500003,2461.1139220733758,250.40615503025,345.824836212,820.6861616900001,171.80970575,30227.2544075,23294.063109713003,851.5773758999999,0.7706311263233113,0.0274005593850811,0,0,0,0,0,0,0,0
2009-05-10,NO 15/9-F-12 H,5599,15/9-F-12,3420717,VOLVE,369304,MÆRSK INSPIRER,24.0,67.7230025,%,production,OP,223.826099375,2471.1793568245,254.041478111,337.9362556515,813.1017983345,176.30347999999998,30774.153387,23424.238744265,215.2372982,0.7611659839896736,0.0069455156568403,0,0,0,0,0,0,0,0
2009-05-11,NO 15/9-F-12 H,5599,15/9-F-12,3420717,VOLVE,369304,MÆRSK INSPIRER,24.0,64.74121395833333,%,production,OP,223.81368875,2466.1417459272498,255.904572804875,366.132927042125,840.0499312535001,176.480461625,30259.7098271,23043.150753625003,133.84715680000002,0.761512614803332,0.0044038003472545,0,0,0,0,0,0,0,0
2009-05-12,NO 15/9-F-12 H,5599,15/9-F-12,3420717,VOLVE,369304,MÆRSK INSPIRER,24.0,63.692643125,%,production,OP,223.812865625,2466.466649177,257.785637102625,377.8212705375,851.11087359875,176.84974212499998,30009.3753891,22950.629771095,147.68473880000002,0.7647819880793362,0.0048971862036169,0,0,0,0,0,0,0,0
2009-05-13,NO 15/9-F-12 H,5599,15/9-F-12,3420717,VOLVE,369304,MÆRSK INSPIRER,24.0,62.417492083333336,%,production,OP,223.802523125,2475.300487707875,261.35775685325,391.53135612575,864.372637664125,177.037124,29465.4326203,22632.747324221004,104.7253365,0.7681118283879644,0.0035415886737229,0,0,0,0,0,0,0,0
2009-05-14,NO 15/9-F-12 H,5599,15/9-F-12,3420717,VOLVE,369304,MÆRSK INSPIRER,24.0,62.8373525,%,production,OP,223.807384625,2479.054826554125,262.260999128,393.4660361375,866.860395915875,176.41717250000002,29639.534561100005,22794.31454875,732.4483745,0.7690510288466568,0.0241159221000836,0,0,0,0,0,0,0,0
2009-05-15,NO 15/9-F-12 H,5599,15/9-F-12,3420717,VOLVE,369304,MÆRSK INSPIRER,24.0,62.83598208333333,%,production,OP,223.82352725,2479.277339019125,259.317244425875,399.557375299375,872.949985556875,173.277156875,29775.4573552,22972.450371078,593.0032868000001,0.7715230062474954,0.0195269458597406,0,0,0,0,0,0,0,0
2009-05-16,NO 15/9-F-12 H,5599,15/9-F-12,3420717,VOLVE,369304,MÆRSK INSPIRER,24.0,62.84241041666667,%,production,OP,223.83710075,2481.536541555875,258.41744982525,404.088440981625,877.6673162906251,171.34835900000002,29821.3729682,23067.449739254,733.1402536,0.7735207149533978,0.0239944995450596,0,0,0,0,0,0,0,0
2009-05-17,NO 15/9-F-12 H,5599,15/9-F-12,3420717,VOLVE,369304,MÆRSK INSPIRER,24.0,62.86171291666667,%,production,OP,223.84791650000005,2485.326541620376,257.932065050125,407.125216409375,880.95008523125,172.5885665,29846.2177177,23115.915986681,733.5176422000001,0.7745006823083093,0.0239870500371262,0,0,0,0,0,0,0,0
2009-05-18,NO 15/9-F-12 H,5599,15/9-F-12,3420717,VOLVE,369304,MÆRSK INSPIRER,24.0,62.894834583333335,%,production,OP,223.857969125,2489.950359103625,259.3586316235,409.274972667,883.32868425825,175.45701200000002,32877.0884624,25501.135803729,733.4547441,0.7756506733524614,0.0218221627539228,0,0,0,0,0,0,0,0
2009-05-19,NO 15/9-F-12 H,5599,15/9-F-12,3420717,VOLVE,369304,MÆRSK INSPIRER,24.0,62.90770125,%,production,OP,223.867144625,2492.4527903663748,260.60465912475,413.1294028413751,887.300873202125,175.51725837499998,31533.0189635,24488.485721788005,877.4913931,0.7765981985465407,0.0270742849601968,0,0,0,0,0,0,0,0
2009-05-20,NO 15/9-F-12 H,5599,15/9-F-12,3420717,VOLVE,369304,MÆRSK INSPIRER,24.0,62.728367291666665,%,production,OP,223.87417925,2496.353279170625,262.35468763275,416.691660008,890.944596400375,176.4677885,31515.093005,24450.06544707,874.4722843000001,0.7758208247454924,0.0269985804529733,0,0,0,0,0,0,0,0
2009-05-21,NO 15/9-F-12 H,5599,15/9-F-12,3420717,VOLVE,369304,MÆRSK INSPIRER,24.0,62.64840958333333,%,production,OP,223.88330675,2501.631931137375,263.907808926,418.601402548625,893.3754242155001,177.126730625,31641.4552879,24475.550300325,899.9460148000001,0.7735279581051598,0.0276554167544509,0,0,0,0,0,0,0,0
2009-05-22,NO 15/9-F-12 H,5599,15/9-F-12,3420717,VOLVE,369304,MÆRSK INSPIRER,24.0,62.39298291666667,%,production,OP,223.890710375,2509.17893209975,265.28726836562504,419.39359103975,894.446251856,178.272390125,31682.7164415,24427.368336233,872.1450546,0.7709998093546206,0.0267900096796443,0,0,0,0,0,0,0,0
2009-05-23,NO 15/9-F-12 H,5599,15/9-F-12,3420717,VOLVE,369304,MÆRSK INSPIRER,24.0,58.775075625,%,production,OP,223.85930225,2499.7966595665,265.89115523,465.304409063,937.702533035625,177.47192562499998,30167.186722,23240.434912587,828.2421808,0.7703878762960176,0.0267214299049489,0,0,0,0,0,0,0,0
2009-05-24,NO 15/9-F-12 H,5599,15/9-F-12,3420717,VOLVE,369304,MÆRSK INSPIRER,24.0,58.235472916666666,%,production,OP,223.8508025,2500.5627986285,265.10717649400004,477.423745061875,949.657332488375,176.391540875,29962.5163046,23080.689220284,887.8066815000001,0.7703187871687711,0.0287778731490108,0,0,0,0,0,0,0,0
2009-05-25,NO 15/9-F-12 H,5599,15/9-F-12,3420717,VOLVE,369304,MÆRSK INSPIRER,24.0,59.55903708333334,%,production,OP,223.87331525,2507.369809671625,265.610672889375,467.4780059418749,941.09573632675,176.32316150000003,30513.9439473,23554.745983850004,803.5232275,0.7719338419357038,0.0256573503538806,0,0,0,0,0,0,0,0
2009-05-26,NO 15/9-F-12 H,5599,15/9-F-12,3420717,VOLVE,369304,MÆRSK INSPIRER,24.0,60.240018125,%,production,OP,223.7505635,2514.42440058075,267.191889251875,459.92093994662497,934.669830758375,177.68204225,30893.030796000003,23816.186005155,857.7413897,0.7709242308539923,0.0270148198186597,0,0,0,0,0,0,0,0
2009-05-27,NO 15/9-F-12 H,5599,15/9-F-12,3420717,VOLVE,369304,MÆRSK INSPIRER,24.0,60.35382104166667,%,production,OP,223.900560875,2521.389200881375,265.731719186875,462.597725015125,937.72629811625,175.507033625,30982.660588500003,23893.910128385003,820.8831031,0.7712026557607461,0.0258110577569635,0,0,0,0,0,0,0,0
2009-05-28,NO 15/9-F-12 H,5599,15/9-F-12,3420717,VOLVE,369304,MÆRSK INSPIRER,24.0,60.598923541666665,%,production,OP,223.907229875,2529.635726161,267.208704595,461.33562851212497,936.47853620225,178.27574862499998,31073.611241100003,23988.936335733,913.7835968,0.7720034903443619,0.028566990260717,0,0,0,0,0,0,0,0
2009-05-29,NO 15/9-F-12 H,5599,15/9-F-12,3420717,VOLVE,369304,MÆRSK INSPIRER,24.0,63.945335416666666,%,production,OP,223.9444865,2541.916489453875,268.90597553050003,432.6566332525,910.3933159291248,178.15514975000002,32058.1552004,25722.988399481,909.7581184,0.8023851727799998,0.0275952593542281,0,0,0,0,0,0,0,0
2009-05-30,NO 15/9-F-12 H,5599,15/9-F-12,3420717,VOLVE,369304,MÆRSK INSPIRER,24.0,67.88406208333333,%,production,OP,223.98689,2556.676529297125,269.080302141625,390.091977862375,869.2253885655,178.61936,34007.3673194,26330.029022543,1115.812294,0.7742448503951863,0.0317685444849162,0,0,0,0,0,0,0,0
2009-05-31,NO 15/9-F-12 H,5599,15/9-F-12,3420717,VOLVE,369304,MÆRSK INSPIRER,24.0,67.89739354166667,%,production,OP,223.976842625,2555.9179563841253,269.54694075525003,386.912666340125,866.11018383925,179.28071112499998,33901.6985114,26281.819866132,1110.780446,0.7752360802009466,0.0317252727906383,0,0,0,0,0,0,0,0
2009-06-01,NO 15/9-F-12 H,5599,15/9-F-12,3420717,VOLVE,369304,MÆRSK INSPIRER,24.0,69.23056604166666,%,production,OP,223.9765895,2560.563049129,268.578395121,369.927526019875,850.01444675125,179.73698525,34400.9836292,26693.895093434003,1144.5567257,0.7759631346929243,0.0321997278497475,0,0,0,0,0,0,0,0
2009-06-02,NO 15/9-F-12 H,5599,15/9-F-12,3420717,VOLVE,369304,MÆRSK INSPIRER,24.0,69.95210354166667,%,production,OP,223.986378875,2561.2128586501253,266.487403426375,363.363595643125,843.6391020340001,179.128133,34581.1237876,26787.186642718,534.7596462,0.7746187430821224,0.015228426395939,0,0,0,0,0,0,0,0
2009-06-03,NO 15/9-F-12 H,5599,15/9-F-12,3420717,VOLVE,369304,MÆRSK INSPIRER,24.0,70.393825,%,production,OP,223.978164875,2558.039946929625,263.414247633625,358.37200711625,838.6681300545,178.35886025,37038.7412489,28405.703487093,948.8178385,0.7669187053687093,0.024977067789931,0,0,0,0,0,0,0,0
2009-06-04,NO 15/9-F-12 H,5599,15/9-F-12,3420717,VOLVE,369304,MÆRSK INSPIRER,24.0,71.28654125,%,production,OP,223.969373375,2553.940187999875,260.76299831800003,347.263492307,827.639165566625,178.082271875,34651.3809653,26517.978446854,383.9929005,0.7652791233171684,0.0109601485050752,0,0,0,0,0,0,0,0
2009-06-05,NO 15/9-F-12 H,5599,15/9-F-12,3420717,VOLVE,369304,MÆRSK INSPIRER,24.0,72.12178375,%,production,OP,223.957644125,2547.975192044125,259.304614033375,337.121803827375,817.508895807875,178.30088862500003,34726.921583400006,26631.895546673,291.5326935,0.766894798973585,0.0083251159858392,0,0,0,0,0,0,0,0
2009-06-06,NO 15/9-F-12 H,5599,15/9-F-12,3420717,VOLVE,369304,MÆRSK INSPIRER,21.98333,57.45766565217392,%,production,OP,223.780668144616,2528.8133620300828,232.11232709718612,488.80930882617247,946.4092463686432,168.7305810879944,24477.8019846,18742.944360526,319.9626347,0.7657119038840973,0.0129028821594255,0,0,0,0,0,0,0,0
2009-06-07,NO 15/9-F-12 H,5599,15/9-F-12,3420717,VOLVE,369304,MÆRSK INSPIRER,24.0,68.92041041666667,%,production,OP,223.875561875,2534.14765891375,247.6429212705,368.22229914575,841.80610574675,176.90295237499998,33113.962707,24855.862780153,608.5391175,0.750615774985417,0.0180454914248943,0,0,0,0,0,0,0,0
2009-06-08,NO 15/9-F-12 H,5599,15/9-F-12,3420717,VOLVE,369304,MÆRSK INSPIRER,24.0,71.39343333333333,%,production,OP,223.919220875,2527.253691546375,258.99431429725,335.48171412337496,809.803670474,178.164435125,34105.991540200004,25704.974371011,378.8352563,0.7536791399456338,0.0109855635504728,0,0,0,0,0,0,0,0
2009-06-09,NO 15/9-F-12 H,5599,15/9-F-12,3420717,VOLVE,369304,MÆRSK INSPIRER,24.0,71.12014229166667,%,production,OP,223.905122,2519.829824824375,257.358699619875,331.780888255875,806.016054471625,178.218767,33697.5941769,25662.938577307006,65.2253297,0.7615658982236536,0.0019318685658716,0,0,0,0,0,0,0,0
2009-06-10,NO 15/9-F-12 H,5599,15/9-F-12,3420717,VOLVE,369304,MÆRSK INSPIRER,24.0,71.38610875,%,production,OP,223.894929875,2514.38475686075,254.449708713375,323.863747295875,797.6784362631249,178.28647287500002,33630.6705985,25480.206546774003,65.0366354,0.7576478878750182,0.0019301163483094,0,0,0,0,0,0,0,0
2009-06-11,NO 15/9-F-12 H,5599,15/9-F-12,3420717,VOLVE,369304,MÆRSK INSPIRER,22.83333,62.363884468085104,%,production,OP,223.7992162718684,2499.875395663831,239.0167408184913,402.8261368791032,871.2094156323691,171.77529288468568,26530.9846629,19539.069422357003,50.2555819,0.7364622787513707,0.0018906409722485,0,0,0,0,0,0,0,0
2009-06-12,NO 15/9-F-12 H,5599,15/9-F-12,3420717,VOLVE,369304,MÆRSK INSPIRER,24.0,70.81818208333334,%,production,OP,223.856976125,2503.8324627815,243.854302088625,323.78380416325,796.518455577,177.149175875,31418.858912,23061.916985205004,59.4387045,0.7340151037884073,0.0018882439331421,0,0,0,0,0,0,0,0
2009-06-13,NO 15/9-F-12 H,5599,15/9-F-12,3420717,VOLVE,369304,MÆRSK INSPIRER,22.5,61.91540042553192,%,production,OP,223.768458797504,2487.232759878319,234.8728303351876,395.9056688450762,863.8103881825748,173.765127122824,25990.8786782,19298.061780178,48.8718237,0.742493627057109,0.0018768161275751,0,0,0,0,0,0,0,0
2009-06-14,NO 15/9-F-12 H,5599,15/9-F-12,3420717,VOLVE,369304,MÆRSK INSPIRER,24.0,65.35384083333334,%,production,OP,223.8053555,2478.3733866625003,248.655011542625,365.024830678875,834.7004161372499,177.656576375,29365.235947,21772.375288121,66.7348841,0.7414336914376233,0.0022674283174228,0,0,0,0,0,0,0,0
2009-06-15,NO 15/9-F-12 H,5599,15/9-F-12,3420717,VOLVE,369304,MÆRSK INSPIRER,24.0,73.616285625,%,production,OP,223.829565125,2489.1547380465,245.34976473362505,300.0507346335,775.6411480077501,177.6361265,31417.5380519,23678.721063376,68.43313280000001,0.75367843986566,0.0021734483716117,0,0,0,0,0,0,0,0
2009-06-16,NO 15/9-F-12 H,5599,15/9-F-12,3420717,VOLVE,369304,MÆRSK INSPIRER,24.0,85.3303,%,production,OP,223.885770875,2501.7706478978757,243.91445962075,236.135029220125,714.299939613375,177.56517275000002,33102.012068,24581.741603225,890.4484017,0.7426056625418362,0.0261954677418459,0,0,0,0,0,0,0,0
2009-06-17,NO 15/9-F-12 H,5599,15/9-F-12,3420717,VOLVE,369304,MÆRSK INSPIRER,24.0,85.97280770833333,%,production,OP,223.882707875,2489.80193990525,240.64978719225,237.155794577625,714.70083371025,174.9542315,31959.0906929,23435.338154475,943.7230924,0.7332917691454023,0.0286821394230309,0,0,0,0,0,0,0,0
2009-06-18,NO 15/9-F-12 H,5599,15/9-F-12,3420717,VOLVE,369304,MÆRSK INSPIRER,24.0,86.01115166666666,%,production,OP,223.874222375,2488.6823583453747,241.189902661,231.317477228375,708.8697380447501,174.982526,31686.616123700005,23678.772622838,1164.1180348,0.7472799408557692,0.0354365911331935,0,0,0,0,0,0,0,0
2009-06-19,NO 15/9-F-12 H,5599,15/9-F-12,3420717,VOLVE,369304,MÆRSK INSPIRER,24.0,85.99326104166667,%,production,OP,223.869130625,2484.768172515,239.961590947125,227.569592573125,704.773777297625,176.47688075,31790.9011735,23902.361289242,996.8719869,0.7518617090718501,0.03040377222397,0,0,0,0,0,0,0,0
2009-06-20,NO 15/9-F-12 H,5599,15/9-F-12,3420717,VOLVE,369304,MÆRSK INSPIRER,24.0,85.99700020833333,%,production,OP,223.862817875,2480.272819418625,238.97442908125,224.35178252675,701.35904190675,177.447029375,32220.7467889,24160.527991004,852.3321530999999,0.7498438242073046,0.0257711764482142,0,0,0,0,0,0,0,0
2009-06-21,NO 15/9-F-12 H,5599,15/9-F-12,3420717,VOLVE,369304,MÆRSK INSPIRER,24.0,49.61656708333334,%,production,OP,223.572572,2415.870411801625,235.32662668925,514.06585228425,975.26601228275,174.528824,21522.1573675,16151.978629249,621.9993109000001,0.7504813924295362,0.0280886429740047,0,0,0,0,0,0,0,0
2009-06-22,NO 15/9-F-12 H,5599,15/9-F-12,3420717,VOLVE,369304,MÆRSK INSPIRER,24.0,47.670413333333336,%,production,OP,223.4970785,2404.959263494125,230.67397383862505,547.02216018025,1006.5616804031253,173.165928125,21039.41445,15850.308454851,599.8591797,0.7533626229246604,0.027720855605647,0,0,0,0,0,0,0,0
2009-06-23,NO 15/9-F-12 H,5599,15/9-F-12,3420717,VOLVE,369304,MÆRSK INSPIRER,24.0,48.19587625,%,production,OP,223.50274625000003,2409.159709012125,232.704091876,535.26670941525,995.12590849825,174.455712125,21345.728197,16069.536108952,710.1824471,0.7528221085102389,0.0321991895306292,0,0,0,0,0,0,0,0
2009-06-24,NO 15/9-F-12 H,5599,15/9-F-12,3420717,VOLVE,369304,MÆRSK INSPIRER,24.0,48.199719375,%,production,OP,223.49827925,2408.50696851475,231.54156396,536.158418147375,996.107293017125,174.367201625,21382.4606874,16085.225723868,624.6410311000001,0.7522626118212161,0.0283836117581491,0,0,0,0,0,0,0,0
2009-06-25,NO 15/9-F-12 H,5599,15/9-F-12,3420717,VOLVE,369304,MÆRSK INSPIRER,24.0,48.23376854166667,%,production,OP,223.49664875,2405.066337797625,230.23003971525,538.27114741225,999.32133811875,173.230771625,20342.0632153,15284.218404762,578.5996219,0.7513602844998627,0.0276568494221495,0,0,0,0,0,0,0,0
2009-06-26,NO 15/9-F-12 H,5599,15/9-F-12,3420717,VOLVE,369304,MÆRSK INSPIRER,24.0,48.31041041666667,%,production,OP,223.497253625,2404.305102833,229.559716382,538.4853232138751,1000.32392538025,172.1886185,18015.5253944,13692.518484126002,489.5988104000001,0.7600399202557937,0.0264574722645203,0,0,0,0,0,0,0,0
2009-06-27,NO 15/9-F-12 H,5599,15/9-F-12,3420717,VOLVE,369304,MÆRSK INSPIRER,24.0,48.38670166666667,%,production,OP,223.497726125,2404.556239151625,229.3026607,537.471682848125,999.5063552391252,172.113018875,17154.639099699998,13016.574290453,808.8066679000001,0.7587786729177319,0.0450251404081289,0,0,0,0,0,0,0,0
2009-06-28,NO 15/9-F-12 H,5599,15/9-F-12,3420717,VOLVE,369304,MÆRSK INSPIRER,24.0,50.377526458333335,%,production,OP,223.531599875,2408.880420213375,232.13973088825,506.2427503375,970.595852136875,174.107439875,17131.618395100002,12986.59952624,737.8576111,0.7580486108629666,0.0412915079795284,0,0,0,0,0,0,0,0
2009-06-29,NO 15/9-F-12 H,5599,15/9-F-12,3420717,VOLVE,369304,MÆRSK INSPIRER,24.0,51.217284166666666,%,production,OP,223.55735975,2415.130690807,235.872443964375,488.88689288925,954.13555901425,176.488154375,17571.0874198,13232.609848821,702.1314903,0.7530899785923221,0.0384240726143721,0,0,0,0,0,0,0,0
2009-06-30,NO 15/9-F-12 H,5599,15/9-F-12,3420717,VOLVE,369304,MÆRSK INSPIRER,24.0,51.188735625,%,production,OP,223.5604955,2416.094713068625,236.599353269,487.76410840687504,953.0437189935,176.798028125,17544.9847083,13197.324813169002,966.114816,0.7521992770347499,0.0521911091630054,0,0,0,0,0,0,0,0
2009-07-01,NO 15/9-F-12 H,5599,15/9-F-12,3420717,VOLVE,369304,MÆRSK INSPIRER,24.0,51.18912875,%,production,OP,223.56229325,2413.295694204,236.51028482887497,490.2592968345,955.273651048875,176.285748125,17457.2418588,13161.720179482,985.9906156,0.753940415441247,0.0534608354022863,0,0,0,0,0,0,0,0
2009-07-02,NO 15/9-F-12 H,5599,15/9-F-12,3420717,VOLVE,369304,MÆRSK INSPIRER,24.0,51.231084375,%,production,OP,223.5648575,2413.0426421751254,236.39016314862505,490.41555412812505,955.350125356,176.338235375,17398.6208296,13107.343310716002,986.5566985,0.7533553055203481,0.053660439067947,0,0,0,0,0,0,0,0
2009-07-03,NO 15/9-F-12 H,5599,15/9-F-12,3420717,VOLVE,369304,MÆRSK INSPIRER,24.0,51.24004875,%,production,OP,223.5667355,2414.09426738875,236.80374807050003,489.285242777875,954.40349254625,176.89785912500002,17371.8891371,13071.000952946,985.9277175,0.7524225402193665,0.053706152823556,0,0,0,0,0,0,0,0
2009-07-04,NO 15/9-F-12 H,5599,15/9-F-12,3420717,VOLVE,369304,MÆRSK INSPIRER,24.0,51.2140475,%,production,OP,223.569036875,2413.933477657625,236.3420437705,489.278247716,954.641146374125,176.566614125,17279.8063187,12969.429519100002,990.2676864,0.7505541022797599,0.0542016242585318,0,0,0,0,0,0,0,0
2009-07-05,NO 15/9-F-12 H,5599,15/9-F-12,3420717,VOLVE,369304,MÆRSK INSPIRER,24.0,51.19870708333333,%,production,OP,223.56960125,2412.7243532625,235.207758983375,490.362065322375,955.8464333055,175.45197312500002,17274.0825916,12997.852202248,977.3735759,0.7524481912902609,0.0535504436977685,0,0,0,0,0,0,0,0
2009-07-06,NO 15/9-F-12 H,5599,15/9-F-12,3420717,VOLVE,369304,MÆRSK INSPIRER,24.0,51.18422791666666,%,production,OP,223.573175,2416.021771041125,235.87734201850003,487.08218505525,952.8439563431248,176.69717487500003,21479.1979652,16362.772073549,362.6704446,0.7617962318732528,0.0166043690858094,0,0,0,0,0,0,0,0
2009-07-07,NO 15/9-F-12 H,5599,15/9-F-12,3420717,VOLVE,369304,MÆRSK INSPIRER,24.0,51.171876875,%,production,OP,223.574114375,2416.002922144375,234.4482100855,486.886982037,952.884585112875,176.2923665,21412.8404697,16264.854298565002,451.8599504,0.7595841533298864,0.0206661852995072,0,0,0,0,0,0,0,0
2009-07-08,NO 15/9-F-12 H,5599,15/9-F-12,3420717,VOLVE,369304,MÆRSK INSPIRER,24.0,51.195494583333335,%,production,OP,223.578423125,2414.518421954875,230.72758048775,489.178984313125,953.51004637975,174.631791125,22022.8262435,17303.199709373002,352.5438505,0.7856938758929732,0.0157558891325125,0,0,0,0,0,0,0,0
2009-07-09,NO 15/9-F-12 H,5599,15/9-F-12,3420717,VOLVE,369304,MÆRSK INSPIRER,24.0,51.21957145833333,%,production,OP,223.580498375,2414.073578322375,229.5132921355,488.099572236,953.6235778958747,174.303739625,22014.7752867,17306.094455332,338.7691666,0.7861127006727749,0.0151550537011139,0,0,0,0,0,0,0,0
2009-07-10,NO 15/9-F-12 H,5599,15/9-F-12,3420717,VOLVE,369304,MÆRSK INSPIRER,24.0,51.24335333333333,%,production,OP,223.582597625,2414.714344119875,229.217499221,487.5648050435,953.03156601775,174.379476875,21924.390717,17232.155008501002,352.9841372,0.785981021362629,0.015844961065215,0,0,0,0,0,0,0,0
2009-07-11,NO 15/9-F-12 H,5599,15/9-F-12,3420717,VOLVE,369304,MÆRSK INSPIRER,24.0,51.782909375,%,production,OP,223.591658,2415.630240960125,230.82695871237505,480.53261041887504,946.4879379393752,174.80359062500003,22105.0969583,17344.321558641,353.2357296,0.784629969792038,0.0157284930501681,0,0,0,0,0,0,0,0
2009-07-12,NO 15/9-F-12 H,5599,15/9-F-12,3420717,VOLVE,369304,MÆRSK INSPIRER,24.0,51.93804,%,production,OP,223.598498375,2414.68990219525,232.967489948875,479.99520534775,946.0168696235,174.42819425,22159.566712900003,17424.631071058,359.2110491,0.7863254411429624,0.0159516228143679,0,0,0,0,0,0,0,0
2009-07-13,NO 15/9-F-12 H,5599,15/9-F-12,3420717,VOLVE,369304,MÆRSK INSPIRER,24.0,51.98825145833333,%,production,OP,223.602185,2414.2516034025,233.271456359,479.906520654,946.2687250888748,174.703869875,22417.197330500003,17511.039079018,365.0605724,0.7811431028085358,0.0160238978048585,0,0,0,0,0,0,0,0
2009-07-14,NO 15/9-F-12 H,5599,15/9-F-12,3420717,VOLVE,369304,MÆRSK INSPIRER,24.0,51.45849270833333,%,production,OP,223.596089,2412.433588332,232.47144488075003,487.90274962674994,953.4903876875,173.74355674999998,22103.650302,17285.111520033002,360.1545206,0.7820025780297926,0.0160326589126015,0,0,0,0,0,0,0,0
2009-07-15,NO 15/9-F-12 H,5599,15/9-F-12,3420717,VOLVE,369304,MÆRSK INSPIRER,24.0,50.76791875,%,production,OP,223.5834965,2410.579842545875,232.19447669,498.38057273625,963.18659497175,174.6350735,21705.505329,16963.862875955,353.8647106,0.7815465532281413,0.0160414694510658,0,0,0,0,0,0,0,0
2009-07-16,NO 15/9-F-12 H,5599,15/9-F-12,3420717,VOLVE,369304,MÆRSK INSPIRER,24.0,50.738414166666665,%,production,OP,223.585085375,2413.03805232675,234.144222524,496.210589720875,961.185019204125,175.470975875,21675.6287315,16886.783599147,329.52314590000003,0.779067763538797,0.014974818066965,0,0,0,0,0,0,0,0
2009-07-17,NO 15/9-F-12 H,5599,15/9-F-12,3420717,VOLVE,369304,MÆRSK INSPIRER,24.0,50.70485895833333,%,production,OP,223.584579125,2412.574586419375,232.86105320825,500.743864211,962.381540401375,174.6392705,21700.5363791,17109.347079810002,278.1353982,0.7884296858343179,0.0126547864683644,0,0,0,0,0,0,0,0
2009-07-18,NO 15/9-F-12 H,5599,15/9-F-12,3420717,VOLVE,369304,MÆRSK INSPIRER,24.0,51.28044104166667,%,production,OP,223.61749775,2418.763288382,233.02551421375,507.183391264875,962.2353118811252,174.300869375,21358.1191227,13759.072214599,369.5892356,0.6442080473263901,0.0170100421777254,0,0,0,0,0,0,0,0
2009-07-19,NO 15/9-F-12 H,5599,15/9-F-12,3420717,VOLVE,369304,MÆRSK INSPIRER,22.16666,42.46798434782609,%,production,OP,223.51453988782345,2429.3278013837703,208.7741532371271,603.8310905794909,1061.9968459658808,165.21909663221612,17663.1073401,13654.339408809,437.5820817,0.7730428823138034,0.0241748848070387,0,0,0,0,0,0,0,0
2009-07-20,NO 15/9-F-12 H,5599,15/9-F-12,3420717,VOLVE,369304,MÆRSK INSPIRER,24.0,48.35742895833334,%,production,OP,223.579013,2428.083487672875,226.30575561412505,562.175691139125,1020.331751290875,172.171260125,21660.3444932,16987.947854502,983.2859973,0.7842879811923194,0.0434243968833766,0,0,0,0,0,0,0,0
2009-07-21,NO 15/9-F-12 H,5599,15/9-F-12,3420717,VOLVE,369304,MÆRSK INSPIRER,24.0,50.793466875,%,production,OP,223.684119125,2438.500938714875,242.27089202637495,522.013834970625,984.1423650773752,175.87535787500002,23362.6186716,18474.032101848003,957.309082,0.7907517715171781,0.0393631548456509,0,0,0,0,0,0,0,0
2009-07-22,NO 15/9-F-12 H,5599,15/9-F-12,3420717,VOLVE,369304,MÆRSK INSPIRER,24.0,50.821193541666666,%,production,OP,223.71257975,2440.407287970625,242.2698193495,533.8619015635,996.0343932923752,173.810472125,23404.5717043,18573.638625786003,805.2843743,0.793590195131559,0.0332626667290195,0,0,0,0,0,0,0,0
2009-07-23,NO 15/9-F-12 H,5599,15/9-F-12,3420717,VOLVE,369304,MÆRSK INSPIRER,24.0,50.32010520833333,%,production,OP,223.72774925,2445.776963368875,244.29084229562503,549.2280612520001,1011.10172333325,174.05740137499998,23159.7722991,18416.749539566004,923.344108,0.7952042576982369,0.0383398930766197,0,0,0,0,0,0,0,0
2009-07-24,NO 15/9-F-12 H,5599,15/9-F-12,3420717,VOLVE,369304,MÆRSK INSPIRER,24.0,50.37798729166666,%,production,OP,223.747334,2454.203689298625,247.050758311125,555.4130012915,1018.3622500726248,174.46291925,23203.171988100003,18478.780163263,1048.3855308,0.7963902596050247,0.0432296164888774,0,0,0,0,0,0,0,0
2009-07-25,NO 15/9-F-12 H,5599,15/9-F-12,3420717,VOLVE,369304,MÆRSK INSPIRER,24.0,49.25679395833333,%,production,OP,223.765808,2465.7825733354466,249.35675431123408,560.4849891520851,1022.9507767117022,176.12042191489363,23507.6616902,18706.148562008,1029.1387122,0.7957468849318314,0.0419426614441277,0,0,0,0,0,0,0,0
2009-07-26,NO 15/9-F-12 H,5599,15/9-F-12,3420717,VOLVE,369304,MÆRSK INSPIRER,24.0,50.29895916666667,%,production,OP,223.783649375,2471.955708979,253.001141688375,571.0077136733751,1033.57954336225,176.422413875,23389.6019565,18686.600109823,1034.2334583000002,0.7989276664295678,0.0423452517074075,0,0,0,0,0,0,0,0
2009-07-27,NO 15/9-F-12 H,5599,15/9-F-12,3420717,VOLVE,369304,MÆRSK INSPIRER,24.0,50.114104375,%,production,OP,223.795450625,2475.336964764875,253.96239009825,585.77236149475,1049.1032052538749,175.048947875,23300.0979602,18576.204238741004,1052.914194,0.7972586325805109,0.043235480988269,0,0,0,0,0,0,0,0
2009-07-28,NO 15/9-F-12 H,5599,15/9-F-12,3420717,VOLVE,369304,MÆRSK INSPIRER,24.0,49.90529541666667,%,production,OP,223.80704487500003,2482.9663503328748,255.92421336737505,596.198082724375,1060.2958421031249,175.29121437499998,23488.4777697,18790.232862708,726.6617493,0.7999766118069727,0.0300085716512117,0,0,0,0,0,0,0,0
2009-07-29,NO 15/9-F-12 H,5599,15/9-F-12,3420717,VOLVE,369304,MÆRSK INSPIRER,24.0,49.936869791666666,%,production,OP,223.820674625,2488.4441364520003,256.959887422625,607.1187431073749,1071.242814796625,174.48409999999998,23535.0223637,18878.418259519003,737.6689168,0.8021415050209061,0.0303908993145981,0,0,0,0,0,0,0,0
2009-07-30,NO 15/9-F-12 H,5599,15/9-F-12,3420717,VOLVE,369304,MÆRSK INSPIRER,24.0,49.84455625,%,production,OP,223.831824125,2499.6905672911253,259.88048741237503,612.65901038825,1077.2888779295,176.369128625,23621.1927607,18956.962390083,703.5781466,0.8025404382467443,0.0289243483230032,0,0,0,0,0,0,0,0
2009-07-31,NO 15/9-F-12 H,5599,15/9-F-12,3420717,VOLVE,369304,MÆRSK INSPIRER,24.0,48.865535,%,production,OP,223.815492125,2505.20814216825,261.656967225625,638.099228545625,1101.8828507245,176.57478500000002,23225.2492212,18661.210253111,696.8480499000001,0.8034880519635954,0.029129889490996,0,0,0,0,0,0,0,0
2009-08-01,NO 15/9-F-12 H,5599,15/9-F-12,3420717,VOLVE,369304,MÆRSK INSPIRER,24.0,48.76376416666667,%,production,OP,223.803092375,2507.329452848125,261.51395371437496,651.810655735375,1115.3115323765,174.73306175,23217.8901435,18715.750982085003,702.9491656,0.8060918053453965,0.0293864758053277,0,0,0,0,0,0,0,0
2009-08-02,NO 15/9-F-12 H,5599,15/9-F-12,3420717,VOLVE,369304,MÆRSK INSPIRER,10.65833,46.086701363636365,%,production,OP,223.79574684061387,2510.279855922307,260.96918160095345,667.7946757467544,1130.6383704761315,174.43955489261825,10266.9197611,8466.541115144,303.797823,0.8246427664919136,0.0287395648008758,0,0,0,0,0,0,0,0
2009-08-04,NO 15/9-F-12 H,5599,15/9-F-12,3420717,VOLVE,369304,MÆRSK INSPIRER,0.25,1.2,%,production,OP,220.406,2490.42356673,35.376073542,1537.912463532,1571.361707244,60.901628,75.35192380000001,469.686216294,0.4402867,6.2332345693077045,0.0058091286307053,0,0,0,0,0,0,0,0
2009-08-05,NO 15/9-F-12 H,5599,15/9-F-12,3420717,VOLVE,369304,MÆRSK INSPIRER,23.84167,53.59996229166666,%,production,OP,223.83404464158596,2582.1427778192888,194.5166572993228,607.7030654553471,1076.1028779576666,163.70213118864154,27720.1990396,21767.435114738004,986.7453928,0.7852553686083528,0.0343730554508724,0,0,0,0,0,0,0,0
2009-08-06,NO 15/9-F-12 H,5599,15/9-F-12,3420717,VOLVE,369304,MÆRSK INSPIRER,24.0,61.001852291666665,%,production,OP,224.058735875,2596.0766398463747,274.680025937625,495.77366576750006,974.4040121676252,177.18102237500003,29329.8243167,22864.131004356,1263.9373195,0.7795522658939855,0.0413135636777809,0,0,0,0,0,0,0,0
2009-08-07,NO 15/9-F-12 H,5599,15/9-F-12,3420717,VOLVE,369304,MÆRSK INSPIRER,22.90833,62.59171826086956,%,production,OP,224.0667148687224,2600.088781951477,285.3416498413693,466.6105772862956,950.2444230232272,177.84641849594362,27428.0373651,21343.65023921,1356.2088322,0.7781690667509481,0.0471163574305174,0,0,0,0,0,0,0,0
2009-08-08,NO 15/9-F-12 H,5599,15/9-F-12,3420717,VOLVE,369304,MÆRSK INSPIRER,13.92501,40.59908466666667,%,production,OP,223.65973411349364,2542.618666900797,226.8957349243684,748.4645600450873,1219.3794428881056,167.88521999750952,15247.757402,12511.731230868,611.3066339,0.8205620604395816,0.0385461987237198,0,0,0,0,0,0,0,0
2009-08-09,NO 15/9-F-12 H,5599,15/9-F-12,3420717,VOLVE,369304,MÆRSK INSPIRER,24.0,58.51604416666667,%,production,OP,223.927999625,2577.2970863685,277.072899121125,506.6797498315,991.902973775875,178.812417875,27464.8956517,21305.362747764004,1006.3696,0.7757307006715412,0.0353468520314498,0,0,0,0,0,0,0,0
2009-08-10,NO 15/9-F-12 H,5599,15/9-F-12,3420717,VOLVE,369304,MÆRSK INSPIRER,24.0,60.53499958333333,%,production,OP,223.95705275,2578.5558862786247,283.388530485125,472.066917613125,959.08544005125,177.213296,27912.8559199,21616.122572795,1082.2876067,0.7744145792471256,0.0373265131695973,0,0,0,0,0,0,0,0
2009-08-11,NO 15/9-F-12 H,5599,15/9-F-12,3420717,VOLVE,369304,MÆRSK INSPIRER,24.0,62.17824479166666,%,production,OP,223.964170625,2580.8375274026253,281.7958168395,452.410400933125,933.513297746375,178.937491625,27961.727743600004,21696.21454666,1073.9850575,0.775925391506822,0.0369884171556936,0,0,0,0,0,0,0,0
2009-08-12,NO 15/9-F-12 H,5599,15/9-F-12,3420717,VOLVE,369304,MÆRSK INSPIRER,24.0,64.98691645833334,%,production,OP,223.996950125,2586.45022303475,280.895239638,420.699906003,897.9374827053749,177.8806835,28896.7708982,22463.032292108004,2055.9501947,0.7773544099872849,0.0664222763656019,0,0,0,0,0,0,0,0
2009-08-13,NO 15/9-F-12 H,5599,15/9-F-12,3420717,VOLVE,369304,MÆRSK INSPIRER,24.0,65.27460833333333,%,production,OP,223.994630375,2582.696497578375,278.480178662125,412.31029771475,889.33374091825,179.63465712500002,28615.3647988,22204.787898006,1275.3847737,0.7759743080031317,0.0426682097953601,0,0,0,0,0,0,0,0
2009-08-14,NO 15/9-F-12 H,5599,15/9-F-12,3420717,VOLVE,369304,MÆRSK INSPIRER,24.0,67.52505208333334,%,production,OP,224.011109,2583.395882900875,277.93573622637496,385.339052386125,863.225985365875,177.861287,29176.0384622,22602.398224188004,1310.2932192,0.774690445156607,0.0429796944051298,0,0,0,0,0,0,0,0
2009-08-15,NO 15/9-F-12 H,5599,15/9-F-12,3420717,VOLVE,369304,MÆRSK INSPIRER,24.0,70.0242875,%,production,OP,224.028690875,2579.988076096125,274.542239837625,361.1316028395,839.7804748225,173.08521275,29699.6022466,23094.229935705003,1301.0471985,0.7775939133443722,0.0419683852367049,0,0,0,0,0,0,0,0
2009-08-16,NO 15/9-F-12 H,5599,15/9-F-12,3420717,VOLVE,369304,MÆRSK INSPIRER,24.0,71.52083708333333,%,production,OP,224.05015325,2581.109751642125,271.543881350125,348.910486424125,828.259565611625,175.59922775,29986.040194,23387.577141607,1369.4803313,0.7799488358681883,0.0436758921031146,0,0,0,0,0,0,0,0
2009-08-17,NO 15/9-F-12 H,5599,15/9-F-12,3420717,VOLVE,369304,MÆRSK INSPIRER,24.0,71.691181875,%,production,OP,224.084797625,2589.3386548047497,275.249964845125,342.89424673,822.2425493598749,179.9913215,30086.551357800003,23465.750467821003,1350.1706146,0.7799415156877878,0.0429488359436899,0,0,0,0,0,0,0,0
2009-08-18,NO 15/9-F-12 H,5599,15/9-F-12,3420717,VOLVE,369304,MÆRSK INSPIRER,24.0,71.745374375,%,production,OP,224.104605125,2590.4428714015,275.7253238685,346.577946027,825.800645748875,179.409188375,30061.6437102,23485.042535284003,1321.1745905,0.7812294883701073,0.0420986597774913,0,0,0,0,0,0,0,0
2009-08-19,NO 15/9-F-12 H,5599,15/9-F-12,3420717,VOLVE,369304,MÆRSK INSPIRER,24.0,71.98183333333333,%,production,OP,224.11947425,2590.959605536,274.47787922512504,350.66381756825,829.8829970969999,178.095391625,30161.337198700003,23569.899874767,1249.0933679,0.7814607064498088,0.0397668336717489,0,0,0,0,0,0,0,0
2009-08-20,NO 15/9-F-12 H,5599,15/9-F-12,3420717,VOLVE,369304,MÆRSK INSPIRER,24.0,71.98769604166667,%,production,OP,224.132340875,2594.632182231375,274.68216826975,352.144555834625,831.615847666875,177.38067199999998,30194.4844974,23606.092145062,1322.6841449,0.7818014626841762,0.0419670992629963,0,0,0,0,0,0,0,0
2009-08-21,NO 15/9-F-12 H,5599,15/9-F-12,3420717,VOLVE,369304,MÆRSK INSPIRER,24.0,71.82169916666666,%,production,OP,224.141369375,2598.13554792675,276.7306305925,354.00717311175,833.8114993866251,176.94208999999998,30150.5187255,23547.062211424003,1210.0965459,0.7809836515850362,0.0385865052527707,0,0,0,0,0,0,0,0
2009-08-22,NO 15/9-F-12 H,5599,15/9-F-12,3420717,VOLVE,369304,MÆRSK INSPIRER,24.0,71.83195541666667,%,production,OP,224.148647,2602.5292747095,277.117486219625,353.740040310375,833.707996643875,174.860249375,30162.154874,23538.219763691,1313.1865318,0.7803891950697833,0.0417211211427246,0,0,0,0,0,0,0,0
2009-08-23,NO 15/9-F-12 H,5599,15/9-F-12,3420717,VOLVE,369304,MÆRSK INSPIRER,24.0,71.878838125,%,production,OP,224.15121425,2604.259345384375,277.21932706862503,355.19277415625,834.834567222375,178.587290375,30117.6859173,23526.273860122004,1282.3664628,0.7811448039109871,0.0408396281406431,0,0,0,0,0,0,0,0
2009-08-24,NO 15/9-F-12 H,5599,15/9-F-12,3420717,VOLVE,369304,MÆRSK INSPIRER,24.0,72.36479541666667,%,production,OP,224.162820875,2609.01089602125,277.766851561875,353.1295179575,833.1271285187499,175.7970635,30299.713018700004,23672.078015159,1327.6530948000002,0.7812640997803959,0.0419779848260363,0,0,0,0,0,0,0,0
2009-08-25,NO 15/9-F-12 H,5599,15/9-F-12,3420717,VOLVE,369304,MÆRSK INSPIRER,24.0,74.91144958333334,%,production,OP,224.190584375,2618.9597081338748,279.047277242125,335.41813611175,816.68563292525,177.17588975,31140.5977176,24298.330541315,1359.6053296,0.7802782323469052,0.0418337487807521,0,0,0,0,0,0,0,0
2009-08-26,NO 15/9-F-12 H,5599,15/9-F-12,3420717,VOLVE,369304,MÆRSK INSPIRER,13.99166,55.68201413793104,%,production,OP,224.1035467184766,2707.530959490085,259.0435355101108,471.6873953722054,848.2394182645569,172.2354424364886,16767.7528866,13148.348621474,1776.242344,0.7841449424020045,0.0957853106578117,0,0,0,0,0,0,0,0
2009-08-27,NO 15/9-F-12 H,5599,15/9-F-12,3420717,VOLVE,369304,MÆRSK INSPIRER,21.34167,55.11982209302325,%,production,OP,223.92044181391051,2570.90343316422,244.69668155267348,561.033924791425,1030.6650750432068,173.7794399047919,23484.0120046,18660.327032464,1534.1475571,0.7945970658168993,0.0613213595235281,0,0,0,0,0,0,0,0
2009-08-28,NO 15/9-F-12 H,5599,15/9-F-12,3420717,VOLVE,369304,MÆRSK INSPIRER,24.0,69.239413125,%,production,OP,224.138542625,2615.84709294025,283.874794553125,381.261278799875,860.816511374625,177.6814565,29499.0831038,23046.577692113,790.1888303,0.7812642044167197,0.026088076069283,0,0,0,0,0,0,0,0
2009-08-29,NO 15/9-F-12 H,5599,15/9-F-12,3420717,VOLVE,369304,MÆRSK INSPIRER,2.15833,54.450724,%,production,OP,224.13884539959133,2599.88266048866,285.2143831556871,455.5984396942834,929.3832815560731,178.6606309164493,1939.5887097,1532.9419101880003,63.2754886,0.7903437994465865,0.0315925007065917,0,0,0,0,0,0,0,0
2009-08-30,NO 15/9-F-12 H,5599,15/9-F-12,3420717,VOLVE,369304,MÆRSK INSPIRER,0.0,50.131298589743594,%,production,OP,220.871552,2743.186510698,42.538485096,1276.045194228,1276.117278114,57.727382,0.0,0.0,0.0,0.7708191191896364,0.02643129862529113,1,0,0,0,0,1,1,0
2009-08-31,NO 15/9-F-12 H,5599,15/9-F-12,3420717,VOLVE,369304,MÆRSK INSPIRER,0.0,45.81187317948718,%,production,OP,220.366688,3968.085794682,32.796282635999994,72.479404626,73.34368606800001,58.381916,0.0,0.0,0.0,0.7512944389326864,0.021270096543990563,1,0,0,0,0,1,1,0
2009-09-02,NO 15/9-F-12 H,5599,15/9-F-12,3420717,VOLVE,369304,MÆRSK INSPIRER,0.0,41.49244776923077,%,production,OP,126.250286,1998.442922652,24.915932982,34.708318590000005,35.807271516,56.049026,0.0,0.0,0.0,0.7317697586757363,0.01610889446269,1,0,0,0,0,1,1,0
2009-09-03,NO 15/9-F-12 H,5599,15/9-F-12,3420717,VOLVE,369304,MÆRSK INSPIRER,0.0,37.173022358974364,%,production,OP,219.633332,3983.657654514,23.464682754,65.00820716999999,66.139793646,56.871896,0.0,0.0,0.0,0.7122450784187863,0.010947692381389432,1,0,0,0,0,1,1,0
2009-09-04,NO 15/9-F-12 H,5599,15/9-F-12,3420717,VOLVE,369304,MÆRSK INSPIRER,0.0,32.85359694871795,%,production,OP,219.948386,3378.053661084,23.558812416,585.723199656,661.29423429,62.17493,0.0,0.0,0.0,0.6927203981618363,0.005786490300088865,1,0,0,0,0,1,1,0
2009-09-05,NO 15/9-F-12 H,5599,15/9-F-12,3420717,VOLVE,369304,MÆRSK INSPIRER,11.58333,28.53417153846154,%,production,OP,223.2456437045461,2555.358834686812,85.55629659015548,912.27925783145,1365.6761570261276,137.5640903164945,8042.213964099999,5413.984003107,5.031848,0.6731957179048862,0.0006252882187883,0,0,0,0,0,0,0,0
2009-09-06,NO 15/9-F-12 H,5599,15/9-F-12,3420717,VOLVE,369304,MÆRSK INSPIRER,14.34167,44.43053034482759,%,production,OP,223.7088575566431,2572.784454781982,189.0031702482916,740.9016123445057,1208.073735532825,165.99117395225798,15355.8163378,12327.043825396002,12.8312124,0.8027605666949567,0.0008348953515973,0,0,0,0,0,0,0,0
2009-09-07,NO 15/9-F-12 H,5599,15/9-F-12,3420717,VOLVE,369304,MÆRSK INSPIRER,24.0,55.2837871875,%,production,OP,222.05242900392207,2592.9727729096685,260.9587505702166,533.9956505644707,1005.921518898798,175.37123288499248,31787.6933704,24991.342682645,32.5183177,0.7861955377333666,0.0010219390750364,0,0,0,0,0,0,0,0
2009-09-08,NO 15/9-F-12 H,5599,15/9-F-12,3420717,VOLVE,369304,MÆRSK INSPIRER,24.0,58.101735833333336,%,production,OP,224.09964275,2627.3742115905,286.622164781625,540.8211964633749,1018.957008607875,177.441356375,28768.144283700003,22547.063973905,1132.5431886,0.7837510738111857,0.0378768277367932,0,0,0,0,0,0,0,0
2009-09-09,NO 15/9-F-12 H,5599,15/9-F-12,3420717,VOLVE,369304,MÆRSK INSPIRER,24.0,58.101119375,%,production,OP,224.113116875,2634.819335444375,295.48228540675,536.8175342735001,1015.18124341875,179.29009325,27389.7953203,21314.693950945,1155.8154856,0.7781983655477548,0.0404901297596724,0,0,0,0,0,0,0,0
2009-09-10,NO 15/9-F-12 H,5599,15/9-F-12,3420717,VOLVE,369304,MÆRSK INSPIRER,24.0,58.096119375,%,production,OP,224.119447625,2637.902946059625,302.715303272125,536.23267458175,1014.5429704618748,180.984911375,27300.9832031,21254.947482044,842.0797628,0.7785414658483992,0.0299213971066447,0,0,0,0,0,0,0,0
2009-09-11,NO 15/9-F-12 H,5599,15/9-F-12,3420717,VOLVE,369304,MÆRSK INSPIRER,24.0,59.31040541666667,%,production,OP,224.13898250000005,2644.024389671375,304.78499855375,521.455783135875,1000.7566039505,181.27288625,27633.9028464,21471.955960397,825.2859701000001,0.7770149616486134,0.0289989280938857,0,0,0,0,0,0,0,0
2009-09-12,NO 15/9-F-12 H,5599,15/9-F-12,3420717,VOLVE,369304,MÆRSK INSPIRER,24.0,61.331339375,%,production,OP,224.165285,2649.7458638035,304.61033956387496,495.238729364,976.10968624225,180.753794,28159.7309624,21909.683432632,946.616405,0.7780501689411269,0.0325226794365905,0,0,0,0,0,0,0,0
2009-09-13,NO 15/9-F-12 H,5599,15/9-F-12,3420717,VOLVE,369304,MÆRSK INSPIRER,24.0,61.838630208333335,%,production,OP,224.18700425,2653.5559214147497,305.53335837425,489.348473302625,970.441555877875,181.058672,28240.4921228,22032.870641201,1040.2087778,0.7801872058530004,0.0355254056701451,0,0,0,0,0,0,0,0
2009-09-14,NO 15/9-F-12 H,5599,15/9-F-12,3420717,VOLVE,369304,MÆRSK INSPIRER,24.0,61.99439354166667,%,production,OP,224.20439675,2657.307552885,309.16800158937497,489.3328515013749,970.6642073376248,181.67656025,28078.2150248,22031.395899329,1356.3975265,0.7846437488946443,0.0460817183897361,0,0,0,0,0,0,0,0
2009-09-15,NO 15/9-F-12 H,5599,15/9-F-12,3420717,VOLVE,369304,MÆRSK INSPIRER,24.0,64.33748291666667,%,production,OP,224.233775375,2668.98966881125,309.70765777112496,470.7586416152501,954.548497308375,181.764866375,28468.4348372,22456.882237103,1204.6873093,0.7888344535105372,0.0405986031180778,0,0,0,0,0,0,0,0
2009-09-16,NO 15/9-F-12 H,5599,15/9-F-12,3420717,VOLVE,369304,MÆRSK INSPIRER,24.0,63.025130625,%,production,OP,224.2497665,2667.5851631220003,309.21598801600004,475.924807548125,960.96386344875,181.563647,28381.0693763,22323.059653482003,960.3281908,0.786547517202547,0.0327294631622046,0,0,0,0,0,0,0,0
2009-09-17,NO 15/9-F-12 H,5599,15/9-F-12,3420717,VOLVE,369304,MÆRSK INSPIRER,24.0,62.370562291666666,%,production,OP,224.240718875,2665.785244563625,310.57477349737496,485.361330336625,970.0629704383748,181.620049625,28083.309770900003,22083.125578183004,1134.6188259,0.7863434103150333,0.0388329659353149,0,0,0,0,0,0,0,0
2009-09-18,NO 15/9-F-12 H,5599,15/9-F-12,3420717,VOLVE,369304,MÆRSK INSPIRER,24.0,63.07651666666667,%,production,OP,224.252328125,2666.5016204835,309.7850083495,480.2168173685,965.169811345875,180.176389625,28255.3989725,22238.165939858,1108.7677068,0.7870413000185076,0.0377592090015486,0,0,0,0,0,0,0,0
2009-09-19,NO 15/9-F-12 H,5599,15/9-F-12,3420717,VOLVE,369304,MÆRSK INSPIRER,24.0,59.24780854166666,%,production,OP,224.206953125,2649.217644472375,307.765100383,538.4268970728749,1023.627673365125,179.39920662499998,26129.757683000003,20527.411336847,1102.9810816000002,0.7855951664719077,0.0405020255632082,0,0,0,0,0,0,0,0
2009-09-20,NO 15/9-F-12 H,5599,15/9-F-12,3420717,VOLVE,369304,MÆRSK INSPIRER,24.0,49.253443125,%,production,OP,224.010506,2609.6863953981247,300.457218736625,674.51646039225,1162.10427813175,178.7585765,20793.3570828,16264.113043012005,672.3177909,0.7821783167695162,0.0313205988097645,0,0,0,0,0,0,0,0
2009-09-21,NO 15/9-F-12 H,5599,15/9-F-12,3420717,VOLVE,369304,MÆRSK INSPIRER,24.0,50.39085958333333,%,production,OP,224.02827425,2612.79960283025,299.69163867525,658.06816009925,1148.128630987125,175.404718625,26458.9663384,20695.496242408,87.3654609,0.7821732707816536,0.0032910558626523,0,0,0,0,0,0,0,0
2009-09-22,NO 15/9-F-12 H,5599,15/9-F-12,3420717,VOLVE,369304,MÆRSK INSPIRER,24.0,50.407941666666666,%,production,OP,224.025927125,2614.68746578425,298.375041122125,658.5362188766251,1148.8131801308748,175.1333255,26412.3588463,20660.651227918,93.5294747,0.7822342316393398,0.0035286300752236,0,0,0,0,0,0,0,0
2009-09-23,NO 15/9-F-12 H,5599,15/9-F-12,3420717,VOLVE,369304,MÆRSK INSPIRER,24.0,50.39779291666667,%,production,OP,224.028008375,2618.448811778875,299.657859929375,657.5793095202499,1147.654858316875,177.6537125,27189.6535661,21291.739395945,64.4705525,0.7830824083206229,0.0023655338259797,0,0,0,0,0,0,0,0
2009-09-24,NO 15/9-F-12 H,5599,15/9-F-12,3420717,VOLVE,369304,MÆRSK INSPIRER,24.0,57.02165479166667,%,production,OP,224.138395625,2652.851601778625,303.680887713875,568.4447381105,1055.474739702,179.33953175,29465.8100089,23152.044690516,96.1711949,0.7857257168061237,0.0032532053327886,0,0,0,0,0,0,0,0
2009-09-25,NO 15/9-F-12 H,5599,15/9-F-12,3420717,VOLVE,369304,MÆRSK INSPIRER,24.0,63.73267770833333,%,production,OP,224.2843775,2684.433215337625,310.38617272975,480.430757483375,966.452418639375,177.81029525,31813.2928971,25014.196237603,120.2611672,0.7862812667180146,0.0037659812922121,0,0,0,0,0,0,0,0
2009-09-26,NO 15/9-F-12 H,5599,15/9-F-12,3420717,VOLVE,369304,MÆRSK INSPIRER,10.825,62.92035954545455,%,production,OP,224.31655138106237,2690.2873087584803,312.623400809224,477.1388047148176,963.9090165910254,181.3782345496536,14295.0398813,11272.83010729,62.709405700000005,0.7885833268668602,0.0043676348184167,0,0,0,0,0,0,0,0
2009-09-27,NO 15/9-F-12 H,5599,15/9-F-12,3420717,VOLVE,369304,MÆRSK INSPIRER,0.5,0.6,%,production,OP,221.2187,2526.269418354,51.719680572,1417.534259406,1626.35315502,63.141782,201.4626143,45.62341407700001,0.6918791,0.226460945300063,0.0034225264467952,0,0,0,0,0,0,0,0
2009-09-28,NO 15/9-F-12 H,5599,15/9-F-12,3420717,VOLVE,369304,MÆRSK INSPIRER,0.0,12.631713388888889,%,production,OP,220.55135,2536.7083833660004,36.061088016,1617.529333176,1617.535714848,55.987682,0.0,0.0,0.0,0.3783850706234065,0.004164886409069325,1,0,0,0,0,1,1,0
2009-09-29,NO 15/9-F-12 H,5599,15/9-F-12,3420717,VOLVE,369304,MÆRSK INSPIRER,0.0,24.66342677777778,%,production,OP,220.169804,2544.99483942,29.88653028,1609.02473997,1609.105381098,52.443932,0.0,0.0,0.0,0.53030919594675,0.00490724637134345,1,0,0,0,0,1,1,0
2009-09-30,NO 15/9-F-12 H,5599,15/9-F-12,3420717,VOLVE,369304,MÆRSK INSPIRER,0.0,36.69514016666667,%,production,OP,219.961796,2568.08126307,26.539343316,1564.533753318,1584.5308675679998,51.73655,0.0,0.0,0.0,0.6822333212700935,0.005649606333617575,1,0,0,0,0,1,1,0
2009-10-01,NO 15/9-F-12 H,5599,15/9-F-12,3420717,VOLVE,369304,MÆRSK INSPIRER,22.00834,48.72685355555556,%,production,OP,223.93928547685104,2644.764420916346,180.00402959307027,678.9294265418096,1154.8215205487363,162.79035578178454,22429.0850714,18709.388332586,144.2882414,0.8341574465934369,0.0063919662958917,0,0,0,0,0,0,0,0
2009-10-02,NO 15/9-F-12 H,5599,15/9-F-12,3420717,VOLVE,369304,MÆRSK INSPIRER,24.0,61.728100833333336,%,production,OP,224.24510525,2683.757673658,287.10062399225,503.97036445087497,988.7115334508752,179.559866,30713.268026200003,24285.545560474005,49.2492123,0.7907183807257887,0.0016009487103468,0,0,0,0,0,0,0,0
2009-10-03,NO 15/9-F-12 H,5599,15/9-F-12,3420717,VOLVE,369304,MÆRSK INSPIRER,24.0,62.45079770833333,%,production,OP,224.280608375,2684.39195504825,303.611360122625,497.29624447525,982.6966897475,175.933566875,31685.3581617,24827.104960502,67.92994800000001,0.7835513436143517,0.0021393043695291,0,0,0,0,0,0,0,0
2009-10-04,NO 15/9-F-12 H,5599,15/9-F-12,3420717,VOLVE,369304,MÆRSK INSPIRER,24.0,62.73293229166666,%,production,OP,224.303310125,2691.35846861025,311.134188085,489.50401749275,974.97575498525,179.366616875,31656.5508319,24946.020502959003,66.42039360000001,0.788020799720895,0.0020937633214699,0,0,0,0,0,0,0,0
2009-10-05,NO 15/9-F-12 H,5599,15/9-F-12,3420717,VOLVE,369304,MÆRSK INSPIRER,24.0,62.99446125,%,production,OP,224.321481125,2695.0194211142502,318.558634959,485.710618100125,971.149758302125,181.161305,31905.1241231,25048.919416378,147.8734331,0.785106471290674,0.0046134041860118,0,0,0,0,0,0,0,0
2009-10-06,NO 15/9-F-12 H,5599,15/9-F-12,3420717,VOLVE,369304,MÆRSK INSPIRER,24.0,52.212938125,%,production,OP,224.1490955,2641.104454439125,311.5822708995,656.44890752125,1132.890286036125,176.72324075,27214.9386023,21583.740758630003,1674.0329315,0.7930843083660644,0.0579471280083954,0,0,0,0,0,0,0,0
2009-10-07,NO 15/9-F-12 H,5599,15/9-F-12,3420717,VOLVE,369304,MÆRSK INSPIRER,24.0,55.73964854166667,%,production,OP,224.215091,2665.287981780625,317.905568126125,588.0840013117501,1068.5626183135,180.16015025,29035.4612087,22848.299777493,535.8289139,0.7869101721258996,0.0181199031790124,0,0,0,0,0,0,0,0
2009-10-08,NO 15/9-F-12 H,5599,15/9-F-12,3420717,VOLVE,369304,MÆRSK INSPIRER,24.0,55.21490854166667,%,production,OP,224.218844375,2663.3306395813747,317.938509881875,597.914102843,1077.763091757,179.276184875,28587.9412272,22475.276958039,679.6768686,0.7861803261528639,0.0232228282593839,0,0,0,0,0,0,0,0
2009-10-09,NO 15/9-F-12 H,5599,15/9-F-12,3420717,VOLVE,369304,MÆRSK INSPIRER,24.0,54.67596791666666,%,production,OP,224.2117175,2661.51074808175,319.24685839875,606.374704210625,1085.463594291,179.843862875,27805.0485765,21921.927039122,838.2429787000001,0.7884153476232285,0.0292648970557234,0,0,0,0,0,0,0,0
2009-10-10,NO 15/9-F-12 H,5599,15/9-F-12,3420717,VOLVE,369304,MÆRSK INSPIRER,24.0,53.65322857142857,%,production,OP,221.7897449182572,2613.992205916094,313.04807830500886,601.5256230320853,1073.862681280821,176.3058578704784,27933.9267834,21989.170818833,880.4476037999999,0.7871850953622558,0.0305558466051969,0,0,0,0,0,0,0,0
2009-10-11,NO 15/9-F-12 H,5599,15/9-F-12,3420717,VOLVE,369304,MÆRSK INSPIRER,24.0,54.73307256410256,%,production,OP,224.2077811029987,2661.043224510196,319.2080895002503,605.0451033956871,1084.3124200265397,180.0407886936115,27840.8375954,21897.178850509,941.9619456,0.7865129335809552,0.0327265575490046,0,0,0,0,0,0,0,0
2009-10-12,NO 15/9-F-12 H,5599,15/9-F-12,3420717,VOLVE,369304,MÆRSK INSPIRER,24.0,55.37481604166667,%,production,OP,224.2200095,2665.64146658125,319.188658879625,593.100065001125,1072.6749955492498,180.648899375,28015.694313400003,22003.609233928004,1030.2079799,0.7854029597761424,0.0354682725810049,0,0,0,0,0,0,0,0
2009-10-13,NO 15/9-F-12 H,5599,15/9-F-12,3420717,VOLVE,369304,MÆRSK INSPIRER,21.75,52.823601333333336,%,production,OP,224.20851929416145,2659.881281034563,316.53174306222246,605.9063417952991,1084.632654616446,180.32235836444855,23689.7516897,18576.573277356,3269.3803399,0.7841607426148267,0.1212717210743416,0,0,0,0,0,0,0,0
2009-10-14,NO 15/9-F-12 H,5599,15/9-F-12,3420717,VOLVE,369304,MÆRSK INSPIRER,24.0,53.55954333333333,%,production,OP,224.161159625,2645.41072028625,310.730885753,624.9445810865001,1102.344769559875,177.59533812499998,26781.7593876,21156.734123021004,1285.5742659,0.7899680456697931,0.0458032202763118,0,0,0,0,0,0,0,0
2009-10-15,NO 15/9-F-12 H,5599,15/9-F-12,3420717,VOLVE,369304,MÆRSK INSPIRER,23.16667,45.561814375,%,production,OP,224.0351984313516,2638.0545735594733,280.02069693869834,692.768290717756,1172.6855156228146,169.7006648442137,22332.4735898,18241.620410796,4203.4171249,0.8168204179194717,0.1584049757399493,0,0,0,0,0,0,0,0
2009-10-16,NO 15/9-F-12 H,5599,15/9-F-12,3420717,VOLVE,369304,MÆRSK INSPIRER,24.0,59.209312708333336,%,production,OP,224.243127875,2674.473389401875,306.282778785125,529.061745066875,1015.460789055625,180.25443275,29742.1842603,23177.319421306,1132.1658,0.7792742865978134,0.0366701095825108,0,0,0,0,0,0,0,0
2009-10-17,NO 15/9-F-12 H,5599,15/9-F-12,3420717,VOLVE,369304,MÆRSK INSPIRER,6.49166,58.08619571428572,%,production,OP,224.2916732417563,2684.8828936771165,315.08116700122264,500.90652642988016,987.8882356030152,181.2365759931112,8661.1941662,6416.665098385,10.7555751,0.7408522399169626,0.0012402718443785,0,0,0,0,0,0,0,0
2009-10-18,NO 15/9-F-12 H,5599,15/9-F-12,3420717,VOLVE,369304,MÆRSK INSPIRER,23.5,52.392045531914896,%,production,OP,224.13897773913044,2646.503145714,50.932042254,616.792968858,1098.690113991,172.93968773913042,25905.840447,20662.487592318,1818.2582748,0.7975995851047866,0.0655840355008643,0,0,0,0,0,0,0,0
2009-10-19,NO 15/9-F-12 H,5599,15/9-F-12,3420717,VOLVE,369304,MÆRSK INSPIRER,24.0,53.766108333333335,%,production,OP,224.145921125,2642.2940772665,77.01270026750001,601.87810620475,1084.154726054625,179.46677075,27265.1941842,21499.16911507,1069.2048019,0.7885206674056489,0.0377352207973255,0,0,0,0,0,0,0,0
2009-10-20,NO 15/9-F-12 H,5599,15/9-F-12,3420717,VOLVE,369304,MÆRSK INSPIRER,24.0,54.010766458333336,%,production,OP,224.142855125,2639.518294698125,167.292234887125,600.102798782,1082.156199106625,177.919572125,27291.6113862,21444.947630984,2056.6420738,0.7857706651146159,0.0700771538791255,0,0,0,0,0,0,0,0
2009-10-21,NO 15/9-F-12 H,5599,15/9-F-12,3420717,VOLVE,369304,MÆRSK INSPIRER,24.0,54.00859104166667,%,production,OP,224.144884625,2637.50291010425,205.1968253805,600.708897475875,1082.56586195925,174.2901065,27255.2562844,21397.030880289,2143.6301461000003,0.7850607111163342,0.0729153517827152,0,0,0,0,0,0,0,0
2009-10-22,NO 15/9-F-12 H,5599,15/9-F-12,3420717,VOLVE,369304,MÆRSK INSPIRER,24.0,54.013756875,%,production,OP,224.149459625,2637.680140497,204.789350184375,600.172353567875,1082.0553281992502,174.19337037500003,27199.1511792,21383.362325654,1967.0122813,0.7861775606441166,0.067441584628158,0,0,0,0,0,0,0,0
2009-10-23,NO 15/9-F-12 H,5599,15/9-F-12,3420717,VOLVE,369304,MÆRSK INSPIRER,7.99166,53.89995882352941,%,production,OP,224.2196775381335,2655.109649619911,206.83737736152364,554.3800275269639,1038.0194052708764,176.08255491687083,9983.815413,7719.934325653,709.9308547,0.7732448974968844,0.0663874788991689,0,0,0,0,0,0,0,0
2009-10-24,NO 15/9-F-12 H,5599,15/9-F-12,3420717,VOLVE,369304,MÆRSK INSPIRER,2.675,24.843668571428573,%,production,OP,223.29792330651964,2640.983608485325,33.31011576867964,1079.4829388927983,1434.7002483571353,115.51102961716636,1051.4675377,1161.319671736,90.5103659,1.1044750599493474,0.0792575457149152,0,0,0,0,0,0,0,0
2009-10-25,NO 15/9-F-12 H,5599,15/9-F-12,3420717,VOLVE,369304,MÆRSK INSPIRER,24.83333,51.153583,%,production,OP,224.2086249999996,2673.159763732565,151.83977260288344,653.195591901989,1124.8801546695931,168.52141224731196,26356.6311297,20677.330007581,1758.7566722,0.7845209771244522,0.0625549497873597,0,0,0,0,0,0,0,0
2009-10-26,NO 15/9-F-12 H,5599,15/9-F-12,3420717,VOLVE,369304,MÆRSK INSPIRER,24.0,52.151344375,%,production,OP,224.2144385,2662.574163676125,208.370543874875,647.96521187375,1118.631080536625,180.19420025,27087.066765,21288.560013504,2243.7639213,0.7859307985688423,0.0764984785223975,0,0,0,0,0,0,0,0
2009-10-27,NO 15/9-F-12 H,5599,15/9-F-12,3420717,VOLVE,369304,MÆRSK INSPIRER,24.0,52.216396875,%,production,OP,224.2142195,2663.110837514,217.80081189962505,643.278789342125,1113.97451166,180.602478125,27130.2777597,21297.775384469,2248.2925845,0.7850187002547115,0.0765283183680809,0,0,0,0,0,0,0,0
2009-10-28,NO 15/9-F-12 H,5599,15/9-F-12,3420717,VOLVE,369304,MÆRSK INSPIRER,24.0,52.58804020833333,%,production,OP,224.228912,2663.98815424625,217.995730885125,636.092367955875,1107.277502875,178.68160437499998,27350.8613964,21322.08002045,2259.4884463000003,0.7795761790250773,0.0763073877310856,0,0,0,0,0,0,0,0
2009-10-29,NO 15/9-F-12 H,5599,15/9-F-12,3420717,VOLVE,369304,MÆRSK INSPIRER,23.325,57.14224765957447,%,production,OP,224.28323027009645,2692.947430884148,200.22185723878457,621.7365397011382,1071.7440701761286,173.75210208360127,26888.308769,20961.971786786,2230.8069127000003,0.7795942826628585,0.0766097067330227,0,0,0,0,0,0,0,0
2009-10-30,NO 15/9-F-12 H,5599,15/9-F-12,3420717,VOLVE,369304,MÆRSK INSPIRER,24.0,65.988035625,%,production,OP,224.4352265,2716.3443159515,223.06675189,479.1567920373751,958.90257130625,179.97986787500002,31182.4249541,24468.523734466,2572.6580862,0.7846895733889604,0.0762154275588218,0,0,0,0,0,0,0,0
2009-10-31,NO 15/9-F-12 H,5599,15/9-F-12,3420717,VOLVE,369304,MÆRSK INSPIRER,24.0,64.18690958333333,%,production,OP,224.429844875,2709.540374879375,224.6883371625,499.0800245345,977.7403091951252,179.55093649999998,30447.775146100004,23907.570560639,2724.745692,0.7851992615526548,0.0821386383416034,0,0,0,0,0,0,0,0
2009-11-01,NO 15/9-F-12 H,5599,15/9-F-12,3420717,VOLVE,369304,MÆRSK INSPIRER,24.0,64.25908145833333,%,production,OP,224.444787875,2712.1959330322497,224.658374729,493.269938227625,972.4284556128748,178.608690875,30518.5355086,23960.569802958,2603.8555438000003,0.7851153210220723,0.0786131514382724,0,0,0,0,0,0,0,0
2009-11-02,NO 15/9-F-12 H,5599,15/9-F-12,3420717,VOLVE,369304,MÆRSK INSPIRER,24.0,63.91029708333333,%,production,OP,224.449212125,2711.11671736075,223.809467315,497.997391405125,977.36617460925,177.49911874999998,30375.8826178,23857.813914074,2524.4781416,0.7854196111520898,0.0767310170262716,0,0,0,0,0,0,0,0
2009-11-03,NO 15/9-F-12 H,5599,15/9-F-12,3420717,VOLVE,369304,MÆRSK INSPIRER,24.0,63.82282229166667,%,production,OP,224.459834375,2712.865978376,224.305246480125,496.51894957375,975.75433105575,178.03314087500002,30298.4550567,23846.400556181,2392.7066221,0.7870500496330675,0.0731912388311258,0,0,0,0,0,0,0,0
2009-11-04,NO 15/9-F-12 H,5599,15/9-F-12,3420717,VOLVE,369304,MÆRSK INSPIRER,15.5,56.60430212121212,%,production,OP,224.37523609549032,2693.6988479133406,207.630806147138,572.5927245890878,1047.3122685676544,174.5382841757716,19837.9978419,15727.194700858,1477.9166557,0.7927813495190761,0.0693339549596336,0,0,0,0,0,0,0,0
2009-11-05,NO 15/9-F-12 H,5599,15/9-F-12,3420717,VOLVE,369304,MÆRSK INSPIRER,24.0,56.642185,%,production,OP,224.354549,2682.39501143175,216.77077619662495,590.487374642125,1064.2891824219998,175.639817,27895.2444519,21923.182829854,2167.4056279,0.7859111207165195,0.0720962929797178,0,0,0,0,0,0,0,0
2009-11-06,NO 15/9-F-12 H,5599,15/9-F-12,3420717,VOLVE,369304,MÆRSK INSPIRER,24.0,56.449645,%,production,OP,224.3415545,2681.38865318225,219.979911157625,593.6532489980001,1067.22133710575,177.808067,27699.882953300003,21795.930193021,2129.2893793,0.786860010555545,0.0713827844620724,0,0,0,0,0,0,0,0
2009-11-07,NO 15/9-F-12 H,5599,15/9-F-12,3420717,VOLVE,369304,MÆRSK INSPIRER,24.0,57.26311208333333,%,production,OP,224.356403,2688.31633281975,222.67608599375,579.688914817375,1054.1178336713751,180.13445037499997,27977.07488,22001.423607145,2284.8363806,0.7864090045694226,0.0755020514376691,0,0,0,0,0,0,0,0
2009-11-08,NO 15/9-F-12 H,5599,15/9-F-12,3420717,VOLVE,369304,MÆRSK INSPIRER,24.0,57.66961520833333,%,production,OP,224.364189125,2693.2724202745003,224.5166363435,571.70692072,1046.138725225875,181.6061705,28119.0358917,22092.449718424003,2321.3172786,0.7856759315473228,0.0762578957482287,0,0,0,0,0,0,0,0
2009-11-09,NO 15/9-F-12 H,5599,15/9-F-12,3420717,VOLVE,369304,MÆRSK INSPIRER,23.33334,52.67254770833333,%,production,OP,224.3262249583017,2681.045032354563,213.30393821692687,620.5588607137275,1093.0843832611986,175.78027967414096,25724.2536323,20206.356217325003,2202.5027677000003,0.7854982502564588,0.0788671171171171,0,0,0,0,0,0,0,0
2009-11-10,NO 15/9-F-12 H,5599,15/9-F-12,3420717,VOLVE,369304,MÆRSK INSPIRER,24.0,56.10077166666667,%,production,OP,224.324490875,2691.661667527625,205.58149939437504,598.5164577435,1072.51607016075,177.804695375,26701.4385139,21010.348334875,2444.1572679,0.7868620383106933,0.0838602609532606,0,0,0,0,0,0,0,0
2009-11-11,NO 15/9-F-12 H,5599,15/9-F-12,3420717,VOLVE,369304,MÆRSK INSPIRER,24.0,56.53200145833333,%,production,OP,224.37408575,2688.67192973625,221.18508024562504,583.377935196,1057.34811698575,179.139603875,27684.8503074,21819.668381214,2494.1612574,0.7881447123223827,0.0826455582232893,0,0,0,0,0,0,0,0
2009-11-12,NO 15/9-F-12 H,5599,15/9-F-12,3420717,VOLVE,369304,MÆRSK INSPIRER,24.0,56.935135208333335,%,production,OP,224.376777875,2688.68246916425,218.967249798375,581.275775575375,1055.35309512275,175.9291955,27728.6902831,21856.079955796,2617.6931258,0.7882117666811252,0.0862604644028942,0,0,0,0,0,0,0,0
2009-11-13,NO 15/9-F-12 H,5599,15/9-F-12,3420717,VOLVE,369304,MÆRSK INSPIRER,24.0,56.805308958333335,%,production,OP,224.375685125,2689.689171879,218.64115513005405,583.089777927875,1057.4147649683748,177.371219,27541.5684356,22022.380409566005,2595.9932813,0.799605166316529,0.0861381323972292,0,0,0,0,0,0,0,0
2009-11-14,NO 15/9-F-12 H,5599,15/9-F-12,3420717,VOLVE,369304,MÆRSK INSPIRER,24.0,57.364728125,%,production,OP,224.390641625,2693.621272924,219.47332658504715,574.812948771125,1049.2782721631252,178.25047625,27759.384555900004,21910.143230026,2582.2814955000003,0.7892877879156437,0.0851067799350738,0,0,0,1,0,0,0,0
2009-11-15,NO 15/9-F-12 H,5599,15/9-F-12,3420717,VOLVE,369304,MÆRSK INSPIRER,24.0,58.309987291666665,%,production,OP,224.41067975,2699.75813890975,220.30549804004025,558.49581419775,1033.448002961125,178.75972025000002,27969.527108,22114.407339443,2734.180407,0.7906607521125272,0.0890504967735327,0,0,0,1,0,0,0,0
2009-11-16,NO 15/9-F-12 H,5599,15/9-F-12,3420717,VOLVE,369304,MÆRSK INSPIRER,24.0,60.355254375,%,production,OP,224.446945625,2709.09178141025,221.13766949503335,529.93268314875,1007.384136511875,178.907513,28413.1474073,22473.669079748,2480.701064,0.7909602113975586,0.0802975733600991,0,0,0,1,0,0,0,0
2009-11-17,NO 15/9-F-12 H,5599,15/9-F-12,3420717,VOLVE,369304,MÆRSK INSPIRER,24.0,64.94339375,%,production,OP,224.514611375,2730.35836492825,221.96984095002645,469.82237297925,954.12695342625,178.441352375,29716.9621222,23554.027329705004,1658.4971008,0.7926122203490313,0.0528596916785277,0,0,0,1,0,0,0,0
2009-11-18,NO 15/9-F-12 H,5599,15/9-F-12,3420717,VOLVE,369304,MÆRSK INSPIRER,24.0,67.05461625,%,production,OP,224.559588125,2742.2761615612503,222.80201240501955,441.687638857875,927.4476303105,180.462483125,30661.9431766,24284.062343074,2506.8037755,0.7919935864210541,0.075577283010424,0,0,0,1,0,0,0,0
2009-11-19,NO 15/9-F-12 H,5599,15/9-F-12,3420717,VOLVE,369304,MÆRSK INSPIRER,24.0,66.70749895833333,%,production,OP,224.56132475,2737.288670357875,223.63418386001266,450.799741856625,935.8243815843751,178.129634,30457.0840649,24182.828517760005,2420.1301937,0.7939968404798571,0.0736111695675963,0,0,0,1,0,0,0,0
2009-11-20,NO 15/9-F-12 H,5599,15/9-F-12,3420717,VOLVE,369304,MÆRSK INSPIRER,23.0,58.024375106382976,%,production,OP,224.4567536554374,2719.1666475865823,224.46635531500573,549.1112454730797,1029.128248094354,173.1876157835365,25188.3618203,19929.930403075003,2081.4239252,0.7912356724609585,0.0763271095939384,0,0,0,1,0,0,0,0
2009-11-21,NO 15/9-F-12 H,5599,15/9-F-12,3420717,VOLVE,369304,MÆRSK INSPIRER,24.0,66.73044458333334,%,production,OP,224.566602875,2740.519452240375,225.29852676999883,449.247134239625,934.27739116825,179.9435075,30485.5769042,24207.965168073,2523.0943834,0.794079286875423,0.0764373204064055,0,0,0,1,0,0,0,0
2009-11-22,NO 15/9-F-12 H,5599,15/9-F-12,3420717,VOLVE,369304,MÆRSK INSPIRER,24.0,67.05327208333334,%,production,OP,224.572474625,2739.316325770875,226.13069822499193,446.070194693,931.39096575725,178.928155625,30447.9638404,24152.464232406,2387.3602836,0.7932374184036309,0.0727070722549996,0,0,0,1,0,0,0,0
2009-11-23,NO 15/9-F-12 H,5599,15/9-F-12,3420717,VOLVE,369304,MÆRSK INSPIRER,21.5,60.94298863636364,%,production,OP,224.4869940446642,2725.0550679165303,226.96286967998503,514.7970738475376,996.8739701979658,177.00173110086885,24719.1419943,19656.240771781,1978.2710412,0.7951829710073895,0.0740997278863483,0,0,0,1,0,0,0,0
2009-11-24,NO 15/9-F-12 H,5599,15/9-F-12,3420717,VOLVE,369304,MÆRSK INSPIRER,22.41667,61.22138543478261,%,production,OP,224.5169859609344,2720.6721584061893,227.79504113497813,513.4993269802447,998.0008770140164,176.47369685525996,25955.2783536,20694.243629999004,3479.0197072,0.7973038604353364,0.1181961159737417,0,0,0,1,0,0,0,0
2009-11-25,NO 15/9-F-12 H,5599,15/9-F-12,3420717,VOLVE,369304,MÆRSK INSPIRER,24.0,67.11438416666667,%,production,OP,224.59052075,2729.051587656375,228.62721258997124,446.5992812305,936.45177669125,176.65596050000002,30426.012403500004,24042.631630789,1074.8656309,0.7901998892245011,0.0341217673274443,0,0,0,1,0,0,0,0
2009-11-26,NO 15/9-F-12 H,5599,15/9-F-12,3420717,VOLVE,369304,MÆRSK INSPIRER,24.0,67.097046875,%,production,OP,224.588378,2729.905468665125,229.45938404496434,443.559819578125,935.943518214875,175.751147,30698.8643613,24467.718206159,2614.7998132,0.797023561464502,0.0784903095469607,0,0,0,1,0,0,0,0
2009-11-27,NO 15/9-F-12 H,5599,15/9-F-12,3420717,VOLVE,369304,MÆRSK INSPIRER,24.0,66.04834791666667,%,production,OP,224.6043150212766,2739.416649056936,230.29155549995744,435.01879026778727,927.6614957848084,180.6951694042553,30598.1016051,24374.002174181,2400.6946808,0.7965854381671317,0.0727509773387033,0,0,0,0,0,0,0,0
2009-11-28,NO 15/9-F-12 H,5599,15/9-F-12,3420717,VOLVE,369304,MÆRSK INSPIRER,24.0,67.842850625,%,production,OP,224.624868875,2749.107345604375,233.101668228625,426.7640475182501,919.33905732025,182.73532025,30539.4805759,24323.841880595,2404.1540763000003,0.7964720231617161,0.0729778028952081,0,0,0,0,0,0,0,0
2009-11-29,NO 15/9-F-12 H,5599,15/9-F-12,3420717,VOLVE,369304,MÆRSK INSPIRER,24.0,70.09954145833333,%,production,OP,224.657550125,2760.5134632815,232.4523179945,409.06661651512496,898.1183934373751,182.151449,31533.333454,25659.185684138003,2603.0378685,0.8137162447975553,0.0762540881661983,0,0,0,0,0,0,0,0
2009-11-30,NO 15/9-F-12 H,5599,15/9-F-12,3420717,VOLVE,369304,MÆRSK INSPIRER,24.0,69.29444583333333,%,production,OP,224.6676321276596,2764.4428325203403,232.15267077229788,401.6564736924256,890.5316258327233,182.21429089361703,31839.7100991,25244.709410383,2806.6390182,0.7928686954689511,0.0810082184618568,0,0,0,0,0,0,0,0
2009-12-01,NO 15/9-F-12 H,5599,15/9-F-12,3420717,VOLVE,369304,MÆRSK INSPIRER,24.0,70.52171458333333,%,production,OP,224.674532375,2762.7060269005,233.169056509375,405.963005764,894.7340314209999,181.3200335,31646.8016264,25116.11834642,2573.9789463,0.793638442295791,0.075216839102537,0,0,0,0,0,0,0,0
2009-12-02,NO 15/9-F-12 H,5599,15/9-F-12,3420717,VOLVE,369304,MÆRSK INSPIRER,24.0,70.523501875,%,production,OP,224.67677975,2761.18269882975,229.518444006125,407.923644556125,896.844760370125,178.3787405,31750.8350838,25232.376457702005,2846.7051079,0.7946996162811523,0.0822805636506762,0,0,0,0,0,0,0,0
2009-12-03,NO 15/9-F-12 H,5599,15/9-F-12,3420717,VOLVE,369304,MÆRSK INSPIRER,24.0,70.71423416666667,%,production,OP,224.68084025,2761.782772403375,228.58197292125,405.795066868125,894.9938186520001,176.923454375,31724.1033913,25207.009908692,2817.1430009,0.794569655689773,0.0815588114254081,0,0,0,0,0,0,0,0
2009-12-04,NO 15/9-F-12 H,5599,15/9-F-12,3420717,VOLVE,369304,MÆRSK INSPIRER,24.0,72.76745229166667,%,production,OP,224.698068125,2768.97330622125,229.4667832835,388.64959610375,878.654052107375,178.915577375,34501.7463854,27334.003342135005,3608.2753027,0.7922498483642513,0.0946804841054891,0,0,0,0,0,0,0,0
2009-12-05,NO 15/9-F-12 H,5599,15/9-F-12,3420717,VOLVE,369304,MÆRSK INSPIRER,24.0,69.4589575,%,production,OP,224.660899625,2754.229259839125,229.301080390125,432.644773374375,921.1934739071248,178.852787375,32642.226957,25859.003672825,3368.6964398000005,0.7921948372851332,0.0935465165022497,0,0,0,0,0,0,0,0
2009-12-06,NO 15/9-F-12 H,5599,15/9-F-12,3420717,VOLVE,369304,MÆRSK INSPIRER,24.0,69.43213208333333,%,production,OP,224.65874975000003,2758.70675513175,229.12978446887504,422.24422832425,910.6147375875,178.379679125,33357.378354,26294.618266559,3552.7362804000004,0.7882699289947623,0.0962537319537033,0,0,0,0,0,0,0,0
2009-12-07,NO 15/9-F-12 H,5599,15/9-F-12,3420717,VOLVE,369304,MÆRSK INSPIRER,24.0,72.92619166666667,%,production,OP,224.70751175,2770.793391104875,230.923523804125,386.822223060625,877.08875064375,179.30993187500002,34390.2909522,27108.311332199,3638.4663907,0.7882547830106347,0.0956767100721292,0,0,0,0,0,0,0,0
2009-12-08,NO 15/9-F-12 H,5599,15/9-F-12,3420717,VOLVE,369304,MÆRSK INSPIRER,24.0,73.07949354166666,%,production,OP,224.713957625,2773.951569381875,231.88767599562505,382.13132248075,872.336021573125,181.1564105,35250.1708773,27741.83515508501,3392.1574311,0.7869986007060713,0.0877834638748364,0,0,0,0,0,0,0,0
2009-12-09,NO 15/9-F-12 H,5599,15/9-F-12,3420717,VOLVE,369304,MÆRSK INSPIRER,24.0,72.90647270833334,%,production,OP,224.7162995,2771.818954802875,232.06325960275004,384.92205907125,874.948222428875,180.1998095,35230.043485300004,27601.996359172,3466.6287815,0.7834789182332158,0.0895846742996092,0,0,0,0,0,0,0,0
2009-12-10,NO 15/9-F-12 H,5599,15/9-F-12,3420717,VOLVE,369304,MÆRSK INSPIRER,24.0,71.95349416666667,%,production,OP,224.70913325,2773.5544100135003,234.78688288037495,386.7365388405,876.539126121125,182.92263425,34903.4765501,27333.174506126,2660.0864452,0.7831075069812119,0.0708156051526004,0,0,0,0,0,0,0,0
2009-12-11,NO 15/9-F-12 H,5599,15/9-F-12,3420717,VOLVE,369304,MÆRSK INSPIRER,24.0,70.91464333333333,%,production,OP,224.6995865,2771.59902582725,235.971483767,392.06764621725,881.363029568625,183.57582125,34470.9892145,27093.415238592,2201.9366848,0.7859773060181091,0.0600425690288876,0,0,0,0,0,0,0,0
2009-12-12,NO 15/9-F-12 H,5599,15/9-F-12,3420717,VOLVE,369304,MÆRSK INSPIRER,24.0,70.74211,%,production,OP,224.696858375,2770.2950344936253,236.03606193650003,392.505730474625,881.6665185620001,183.48583025,34374.2519367,26968.968001527,3539.905068,0.784568870071419,0.0933663134739136,0,0,0,0,0,0,0,0
2009-12-13,NO 15/9-F-12 H,5599,15/9-F-12,3420717,VOLVE,369304,MÆRSK INSPIRER,23.0,68.15051851063829,%,production,OP,224.67213634978867,2772.200013263578,227.76819697300684,411.8299659333261,899.9555631317807,181.4236636472835,31761.8422513,24949.721483519003,3769.2944387,0.7855250109901236,0.106084262701363,0,0,0,0,0,0,0,0
2009-12-14,NO 15/9-F-12 H,5599,15/9-F-12,3420717,VOLVE,369304,MÆRSK INSPIRER,24.0,69.889563125,%,production,OP,224.68580675,2769.924565138875,240.028791887125,398.176003171125,887.178400697625,183.10044575,33842.3856031,26653.524740982004,3723.7562143,0.787578188298301,0.0991253302614967,0,0,0,0,0,0,0,0
2009-12-15,NO 15/9-F-12 H,5599,15/9-F-12,3420717,VOLVE,369304,MÆRSK INSPIRER,24.0,70.57018770833334,%,production,OP,224.676888125,2770.662113585125,237.49415010187505,398.01321312425,887.0048536657499,182.901610625,33755.0830403,27419.471272781,3656.9584321,0.8123064381161513,0.0977481657823417,0,0,0,0,0,0,0,0
2009-12-16,NO 15/9-F-12 H,5599,15/9-F-12,3420717,VOLVE,369304,MÆRSK INSPIRER,24.0,69.94159520833334,%,production,OP,224.682235625,2767.97527557025,236.820200818625,396.057995127375,885.0464085733751,182.125951625,33702.8147192,26477.280727133,2261.6898798,0.7856103695709808,0.062886724146977,0,0,0,0,0,0,0,0
2009-12-17,NO 15/9-F-12 H,5599,15/9-F-12,3420717,VOLVE,369304,MÆRSK INSPIRER,22.85833,68.83234652173913,%,production,OP,224.67833279578167,2767.5199210868323,233.1708948575911,405.7508622958617,890.033132774771,178.61027544194084,31560.1280446,24917.760620578003,3472.4154067000004,0.7895329380592131,0.0991197059821571,0,0,0,0,0,0,0,0
2009-12-18,NO 15/9-F-12 H,5599,15/9-F-12,3420717,VOLVE,369304,MÆRSK INSPIRER,23.475,40.84179958333333,%,production,OP,224.15385346855464,2655.4015715708238,178.29397361381675,809.0400992078155,1277.8654374362025,164.84778176667095,15829.690623199998,12306.525984696002,1951.4135525,0.7774331335736628,0.1097464776775134,0,0,0,0,0,0,0,0
2009-12-19,NO 15/9-F-12 H,5599,15/9-F-12,3420717,VOLVE,369304,MÆRSK INSPIRER,15.025,73.50332129032257,%,production,OP,224.6842905612393,2775.5592751010563,233.76026301753333,364.9800110996083,850.984818180186,179.05330021415375,21245.4057275,16586.648907905,2810.0355156,0.7807169757382079,0.116814964531404,0,0,0,0,0,0,0,0
2009-12-20,NO 15/9-F-12 H,5599,15/9-F-12,3420717,VOLVE,369304,MÆRSK INSPIRER,20.14167,69.73197170731707,%,production,OP,224.57717647124096,2753.012016040674,197.2435038380871,422.877473470194,909.1434044957532,176.50061024289943,26597.1534641,20619.248979932003,3697.9050952,0.7752426968458567,0.1220629789495757,0,0,0,0,0,0,0,0
2009-12-21,NO 15/9-F-12 H,5599,15/9-F-12,3420717,VOLVE,369304,MÆRSK INSPIRER,24.0,76.154459375,%,production,OP,224.647604375,2758.64191105925,234.06243015687505,348.1103812755,836.1633147296251,179.14439825,33632.809133899995,26097.737048324005,4408.8423195000005,0.7759606681803733,0.1158951347025697,0,0,0,0,0,0,0,0
2009-12-22,NO 15/9-F-12 H,5599,15/9-F-12,3420717,VOLVE,369304,MÆRSK INSPIRER,24.0,77.30218770833334,%,production,OP,224.65645812500003,2757.7549372135,234.479502034,337.83229362175,826.103040914,178.74353000000002,33687.782073300004,26265.255506097,3314.5411757,0.7796671044994117,0.0895765693790477,0,0,0,0,0,0,0,0
2009-12-23,NO 15/9-F-12 H,5599,15/9-F-12,3420717,VOLVE,369304,MÆRSK INSPIRER,24.0,73.5493725,%,production,OP,224.645402375,2752.16719718225,236.6285421665,358.71754806475,845.729317171,180.61464725,32415.4793065,25274.06581419901,3807.5364835,0.7796912572300301,0.1051137350234415,0,0,0,0,0,0,0,0
2009-12-24,NO 15/9-F-12 H,5599,15/9-F-12,3420717,VOLVE,369304,MÆRSK INSPIRER,24.0,72.07573,%,production,OP,224.63843525,2750.256412181,237.888454034625,367.985201296875,854.3733281545,181.60659425,31850.2140818,24833.282207826,4158.3191872,0.7796896480522042,0.1154814931265175,0,0,0,0,0,0,0,0
2009-12-25,NO 15/9-F-12 H,5599,15/9-F-12,3420717,VOLVE,369304,MÆRSK INSPIRER,24.0,72.52884979166667,%,production,OP,224.649271625,2750.972679322375,236.092986329875,367.046763134125,853.468254775,180.3964535,32486.6170576,25538.843427801,3914.337457300001,0.7861342836196106,0.1075339234771369,0,0,0,0,0,0,0,0
2009-12-26,NO 15/9-F-12 H,5599,15/9-F-12,3420717,VOLVE,369304,MÆRSK INSPIRER,24.0,72.72959375,%,production,OP,224.6611265,2757.75122061475,238.906415324125,362.82856556925,849.6158158515,182.82206075,32384.344747,25394.143916580004,4279.838316400001,0.7841487643171304,0.1167307698905842,0,0,0,0,0,0,0,0
2009-12-27,NO 15/9-F-12 H,5599,15/9-F-12,3420717,VOLVE,369304,MÆRSK INSPIRER,24.0,72.93773770833333,%,production,OP,224.664612125,2758.660092176875,237.74517462037505,360.871779349,847.7190662983751,182.698622375,32069.0994698,25130.932509923,2932.6239125,0.7836494608646313,0.0837851291054713,0,0,0,0,0,0,0,0
2009-12-28,NO 15/9-F-12 H,5599,15/9-F-12,3420717,VOLVE,369304,MÆRSK INSPIRER,24.0,73.33444875,%,production,OP,224.668235,2759.56797868925,236.426682508375,357.39870544425,844.304826454,182.32822325,33325.3632211,26079.339855359,4831.5175515,0.7825673101395284,0.1266224453800074,0,0,0,0,0,0,0,0
2009-12-29,NO 15/9-F-12 H,5599,15/9-F-12,3420717,VOLVE,369304,MÆRSK INSPIRER,24.0,73.6172325,%,production,OP,224.676866,2759.4282315546247,235.71802684037496,356.255053619625,843.134052523375,181.80427925,33219.3799226,26120.004732409,4618.6703811,0.7862881484623646,0.1220641746609328,0,0,0,0,0,0,0,0
2009-12-30,NO 15/9-F-12 H,5599,15/9-F-12,3420717,VOLVE,369304,MÆRSK INSPIRER,24.0,73.734791875,%,production,OP,224.683317875,2759.1369015802497,235.12082985375,356.036287969625,842.893784989875,180.9786365,33212.8385202,26092.639371379,4928.8838103,0.7856190718390268,0.129225517599624,0,0,0,0,0,0,0,0
2009-12-31,NO 15/9-F-12 H,5599,15/9-F-12,3420717,VOLVE,369304,MÆRSK INSPIRER,24.0,73.42339791666667,%,production,OP,224.68774775,2760.279695263375,235.926361840875,355.77814450262497,842.7899921711249,182.2341425,32978.7946901,26956.951468558003,4741.7619628,0.8174025679795474,0.1257076348695784,0,0,0,0,0,0,0,0
2010-01-01,NO 15/9-F-12 H,5599,15/9-F-12,3420717,VOLVE,369304,MÆRSK INSPIRER,24.0,73.83464770833334,%,production,OP,224.6979725,2759.23626469675,234.505025700375,354.9344584566249,841.634918604,180.27125825,33096.5399333,26026.393938237,4975.1139138,0.7863780924135398,0.1306776410024269,0,0,0,0,0,0,0,0
2010-01-02,NO 15/9-F-12 H,5599,15/9-F-12,3420717,VOLVE,369304,MÆRSK INSPIRER,24.0,74.12604666666667,%,production,OP,224.704971125,2759.505754365625,233.481619442625,352.83300589625003,839.465413005375,179.58781625,33061.5685897,25974.872262966004,5333.5072876,0.7856515395660391,0.1389112318632839,0,0,0,0,0,0,0,0
2010-01-03,NO 15/9-F-12 H,5599,15/9-F-12,3420717,VOLVE,369304,MÆRSK INSPIRER,24.0,74.230985,%,production,OP,224.711544875,2762.86393097975,236.00576712425,348.359946349125,835.0655553455,182.247624125,32880.6736541,25878.086677264,4991.6561141,0.7870303069060501,0.1318021929110712,0,0,0,0,0,0,0,0
2010-01-04,NO 15/9-F-12 H,5599,15/9-F-12,3420717,VOLVE,369304,MÆRSK INSPIRER,24.0,74.06502854166666,%,production,OP,224.719843625,2763.247529295125,235.6453537375,348.474828531625,835.14771332925,181.92962975,32700.8479862,25791.582260173,4716.8543152,0.7887129493111994,0.126059432436703,0,0,0,0,0,0,0,0
2010-01-05,NO 15/9-F-12 H,5599,15/9-F-12,3420717,VOLVE,369304,MÆRSK INSPIRER,24.0,74.13604083333334,%,production,OP,224.72871725,2762.8106687958752,235.7082035375,348.209149131875,834.8679652435,181.256076125,32747.1409878,25820.282870010004,3407.4416694,0.7884744161216819,0.0942464666708419,0,0,0,0,0,0,0,0
2010-01-06,NO 15/9-F-12 H,5599,15/9-F-12,3420717,VOLVE,369304,MÆRSK INSPIRER,24.0,74.09392020833333,%,production,OP,224.737958375,2762.186074735375,235.96584541475,348.967456141875,835.484026235,181.04767550000005,32708.710248700005,25757.340773906,3465.2450233,0.7874765032940947,0.0957939212686048,0,0,0,0,0,0,0,0
2010-01-07,NO 15/9-F-12 H,5599,15/9-F-12,3420717,VOLVE,369304,MÆRSK INSPIRER,24.0,72.82486104166667,%,production,OP,224.7472055319149,2764.1877693107235,237.51559277438295,346.3052113257447,832.8594746477872,181.4763234468085,32641.7237722,25730.208843043,4465.450609500001,0.7882613376244751,0.1203392789643991,0,0,0,0,0,0,0,0
2010-01-08,NO 15/9-F-12 H,5599,15/9-F-12,3420717,VOLVE,369304,MÆRSK INSPIRER,24.0,72.94006979166667,%,production,OP,224.75670034042557,2765.728964700128,238.4819377655745,344.8786453309787,831.1761019014893,181.3977618723404,32618.6401695,25704.904447905003,3648.0269019,0.7880434105876777,0.1005889759518829,0,0,0,0,0,0,0,0
2010-01-09,NO 15/9-F-12 H,5599,15/9-F-12,3420717,VOLVE,369304,MÆRSK INSPIRER,22.83333,60.410226875,%,production,OP,224.6187246745087,2727.220800062314,218.5177565096904,501.1718388597951,977.1643845323626,174.7271390219114,25376.4271393,20906.484976999003,3239.6924367000006,0.823854550612506,0.1132121505187269,0,0,0,0,0,0,0,0
2010-01-10,NO 15/9-F-12 H,5599,15/9-F-12,3420717,VOLVE,369304,MÆRSK INSPIRER,24.0,71.87258583333333,%,production,OP,224.72816191489363,2760.0592070942557,234.6423344479149,353.851529208,843.177459452298,178.72581046808511,32333.7117765,25458.632443397,3812.253841,0.7873711691183016,0.1054683081741854,0,0,0,0,0,0,0,0
2010-01-11,NO 15/9-F-12 H,5599,15/9-F-12,3420717,VOLVE,369304,MÆRSK INSPIRER,24.0,74.67883166666667,%,production,OP,224.755869875,2766.732583943,239.88115528962496,338.948533264375,828.803010911125,180.107965625,32441.9594066,25530.241120028,4361.605846400001,0.7869512688815622,0.1185104164886435,0,0,0,0,0,0,0,0
2010-01-12,NO 15/9-F-12 H,5599,15/9-F-12,3420717,VOLVE,369304,MÆRSK INSPIRER,24.0,75.14006083333334,%,production,OP,224.771556875,2765.2016957665,239.08534689175,338.32977396175,828.117691253,177.619473125,32463.0931682,25498.702267752004,3937.42106,0.7854674271375307,0.1081693801168782,0,0,0,0,0,0,0,0
2010-01-13,NO 15/9-F-12 H,5599,15/9-F-12,3420717,VOLVE,369304,MÆRSK INSPIRER,24.0,75.04702458333334,%,production,OP,224.7888515,2765.657577395125,238.381945829625,336.136998829,825.61255261425,176.714295875,32306.9171859,25356.606156215003,4368.3988412,0.7848661638097,0.1191100531477934,0,0,0,0,0,0,0,0
2010-01-14,NO 15/9-F-12 H,5599,15/9-F-12,3420717,VOLVE,369304,MÆRSK INSPIRER,24.0,75.24942604166667,%,production,OP,224.81502762500003,2766.808197087,240.182955194625,329.96346240225,819.1614315852499,177.30901550000002,32027.71252,25162.28172226,5597.0503266000005,0.7856409260120336,0.1487597503117759,0,0,0,0,0,0,0,0
2010-01-15,NO 15/9-F-12 H,5599,15/9-F-12,3420717,VOLVE,369304,MÆRSK INSPIRER,24.0,75.23973645833334,%,production,OP,224.84075675,2768.3192724683754,244.371997099875,323.931842636875,812.433726111875,179.164281875,31662.463253300004,24874.186871689,5434.5216362,0.7856049187549078,0.1464949685907815,0,0,0,0,0,0,0,0
2010-01-16,NO 15/9-F-12 H,5599,15/9-F-12,3420717,VOLVE,369304,MÆRSK INSPIRER,24.0,75.164553125,%,production,OP,224.872876625,2768.809706378875,246.970800070375,318.64546135337497,806.56472416075,176.79498725000002,31318.1590539,24538.815879081,5832.4150168,0.783533152023673,0.156993940543167,0,0,0,0,0,0,0,0
2010-01-17,NO 15/9-F-12 H,5599,15/9-F-12,3420717,VOLVE,369304,MÆRSK INSPIRER,24.0,75.23367875,%,production,OP,224.898937625,2771.96302286125,252.34101936112503,311.501375955,798.9491564838751,178.93360624999997,30856.1096113,24207.977528218,5835.937310400001,0.7845440605821757,0.159051832754214,0,0,0,0,0,0,0,0
2010-01-18,NO 15/9-F-12 H,5599,15/9-F-12,3420717,VOLVE,369304,MÆRSK INSPIRER,24.0,75.1543175,%,production,OP,224.92497725,2774.818836189376,258.03738378950004,307.00968808975,793.981617070375,180.973175,29494.1141539,23099.031322317,7058.3618839,0.7831742700182986,0.1931021547377731,0,0,0,0,0,0,0,0
2010-01-19,NO 15/9-F-12 H,5599,15/9-F-12,3420717,VOLVE,369304,MÆRSK INSPIRER,24.0,75.17541875,%,production,OP,224.945135,2776.2701498715,263.105824326625,304.2101102245,790.866237089875,181.62974525,29231.200095900003,22911.90543681,6904.8905199,0.7838167903350518,0.1910801750336804,0,0,0,0,0,0,0,0
2010-01-20,NO 15/9-F-12 H,5599,15/9-F-12,3420717,VOLVE,369304,MÆRSK INSPIRER,24.0,75.19635333333333,%,production,OP,224.969048375,2776.2891286981253,262.690284413375,302.977918744125,788.327032650875,178.13868125000002,29111.6308078,22803.073300644,8276.8867752,0.7832976946978278,0.2213750988341773,0,0,0,0,0,0,0,0
2010-01-21,NO 15/9-F-12 H,5599,15/9-F-12,3420717,VOLVE,369304,MÆRSK INSPIRER,24.0,75.25084708333333,%,production,OP,224.988394625,2779.70516338775,265.02979267775,299.944853871875,784.756855805125,178.91674962500002,28848.9683422,22722.824882658,8305.9456974,0.7876477457746476,0.2235490489507648,0,0,0,0,0,0,0,0
2010-01-22,NO 15/9-F-12 H,5599,15/9-F-12,3420717,VOLVE,369304,MÆRSK INSPIRER,24.0,75.249384375,%,production,OP,225.00304587500003,2782.853681529625,266.82295790425,298.459060426875,783.134448650625,178.468600625,28702.038380600003,22660.835930307003,8287.390757899999,0.7895200901697522,0.2240475441475296,0,0,0,0,0,0,0,0
2010-01-23,NO 15/9-F-12 H,5599,15/9-F-12,3420717,VOLVE,369304,MÆRSK INSPIRER,24.0,74.026009375,%,production,OP,225.0055925,2783.1040533771247,270.8148448215,302.958565236,795.2277261554999,178.241526125,25226.4780689,20668.712867634,7114.529887199999,0.8193261386382368,0.2199847913477938,0,0,0,0,0,0,0,0
2010-01-24,NO 15/9-F-12 H,5599,15/9-F-12,3420717,VOLVE,369304,MÆRSK INSPIRER,24.0,75.26627333333333,%,production,OP,225.035040125,2798.106672297,275.90275066687497,302.068104435,786.6853505505,179.26425762499997,27933.4235986,22529.750589083,7884.5913255,0.8065517106972943,0.220129209901995,0,0,0,0,0,0,0,0
2010-01-25,NO 15/9-F-12 H,5599,15/9-F-12,3420717,VOLVE,369304,MÆRSK INSPIRER,24.0,75.26082229166667,%,production,OP,225.007502375,2816.484966061375,280.241819275,308.192935288375,791.45012079675,182.3762375,28912.1809327,22689.294987596,8447.0890338,0.7847659448593916,0.2261042317308259,0,0,0,0,0,0,0,0
2010-01-26,NO 15/9-F-12 H,5599,15/9-F-12,3420717,VOLVE,369304,MÆRSK INSPIRER,23.33333,64.59805645833333,%,production,OP,224.9187866864584,2793.587913837891,269.6789425334519,411.652989370988,889.4948109734083,177.84551300579727,24867.2670198,20033.303592915,7142.896930300001,0.8056093810777007,0.2231446530994005,0,0,0,0,0,0,0,0
2010-01-27,NO 15/9-F-12 H,5599,15/9-F-12,3420717,VOLVE,369304,MÆRSK INSPIRER,24.0,72.12866708333334,%,production,OP,224.975199125,2815.97059785925,283.7036225185,335.71203144575003,817.506399945625,181.713489875,27800.5199133,21900.76082053,8047.8747931,0.7877824187760062,0.2244974944906868,0,0,0,0,0,0,0,0
2010-01-28,NO 15/9-F-12 H,5599,15/9-F-12,3420717,VOLVE,369304,MÆRSK INSPIRER,24.0,81.16175354166667,%,production,OP,225.045701,2843.808076599625,286.3317866191249,280.840962188125,764.055932573625,183.17326025,29094.0822379,22911.931216541005,8737.112172899999,0.7875117362077951,0.23094994247408,0,0,0,0,0,0,0,0
2010-01-29,NO 15/9-F-12 H,5599,15/9-F-12,3420717,VOLVE,369304,MÆRSK INSPIRER,24.0,83.68664104166666,%,production,OP,225.07603325,2855.180454812,290.641938276,267.07450214225,750.8243696501249,184.17451625,29596.8267512,23308.377923358003,8505.081082,0.787529626716248,0.2232192970292453,0,0,0,0,0,0,0,0
2010-01-30,NO 15/9-F-12 H,5599,15/9-F-12,3420717,VOLVE,369304,MÆRSK INSPIRER,24.0,85.11596416666667,%,production,OP,225.09625175,2862.95896966025,292.629850255375,260.492680723875,744.579335532625,183.600561125,29688.7208753,23397.649953488,8809.6336822,0.7880989568989496,0.2288314340562839,0,0,0,0,0,0,0,0
2010-01-31,NO 15/9-F-12 H,5599,15/9-F-12,3420717,VOLVE,369304,MÆRSK INSPIRER,24.0,85.23858020833333,%,production,OP,225.11144825,2869.32083793,295.298673342,259.36213368687504,743.264106775625,184.2719525,29575.7558877,23328.82372207,9197.7778573,0.7887819946394681,0.2372179414388839,0,0,0,0,0,0,0,0
2010-02-01,NO 15/9-F-12 H,5599,15/9-F-12,3420717,VOLVE,369304,MÆRSK INSPIRER,24.0,84.21978395833334,%,production,OP,225.1203845,2874.9253842395,300.127015556625,261.99524418762496,745.417564523875,184.699797875,29393.8545825,23146.564202223,9161.108265,0.7874627037177899,0.2376116481096293,0,0,0,0,0,0,0,0
2010-02-02,NO 15/9-F-12 H,5599,15/9-F-12,3420717,VOLVE,369304,MÆRSK INSPIRER,24.0,81.74401104166667,%,production,OP,225.119366375,2874.209488758,302.388538701375,280.3100233945,763.3597592384999,184.40828975,28586.1171823,22584.170541783,9222.6855049,0.7900398084062534,0.2439295838379536,0,0,0,0,0,0,0,0
2010-02-03,NO 15/9-F-12 H,5599,15/9-F-12,3420717,VOLVE,369304,MÆRSK INSPIRER,24.0,77.16577666666667,%,production,OP,225.097922,2872.537312418125,306.2148738065,297.695096934875,781.015328648875,185.33298725000003,26951.961646200005,22074.818501302005,9371.6282057,0.8190431105193549,0.2580039099634804,0,0,0,0,0,0,0,0
2010-02-04,NO 15/9-F-12 H,5599,15/9-F-12,3420717,VOLVE,369304,MÆRSK INSPIRER,24.0,72.821274375,%,production,OP,225.066644375,2857.850468418875,306.03515359475,347.699485599875,827.64297583575,182.783157875,25859.6732416,20618.238273218,11045.849831500002,0.7973124053265223,0.2993007255207064,0,0,0,0,0,0,0,0
2010-02-05,NO 15/9-F-12 H,5599,15/9-F-12,3420717,VOLVE,369304,MÆRSK INSPIRER,24.0,74.07477375,%,production,OP,225.11006,2866.80404790525,308.61425557025,320.00189903212504,800.7332779867501,181.50390275,26775.7840681,21110.339082749,9104.8773636,0.7884116121140717,0.253754445996806,0,0,0,0,0,0,0,0
2010-02-06,NO 15/9-F-12 H,5599,15/9-F-12,3420717,VOLVE,369304,MÆRSK INSPIRER,24.0,74.03821979166666,%,production,OP,225.120711875,2872.922787162625,312.17075654125,318.264156451375,798.96873359225,182.4077645,26633.6972602,21026.508341595003,6732.8013183,0.7894701263656666,0.20178327379662,0,0,0,0,0,0,0,0
2010-02-07,NO 15/9-F-12 H,5599,15/9-F-12,3420717,VOLVE,369304,MÆRSK INSPIRER,24.0,73.20917729166666,%,production,OP,225.10902125,2877.772471114625,317.605345509375,332.67657042487497,813.0086597655,185.7188225,26042.0148335,20732.524058505,9488.8702641,0.7961182800585398,0.2670597773749504,0,0,0,0,0,0,0,0
2010-02-08,NO 15/9-F-12 H,5599,15/9-F-12,3420717,VOLVE,369304,MÆRSK INSPIRER,24.0,76.25191,%,production,OP,225.157311875,2886.08663244825,320.155736004125,300.986728301625,782.966077662375,185.940284,27213.7435384,21503.55520081001,10361.3927073,0.7901726262124641,0.2757513010611034,0,0,0,0,0,0,0,0
2010-02-09,NO 15/9-F-12 H,5599,15/9-F-12,3420717,VOLVE,369304,MÆRSK INSPIRER,24.0,76.215275625,%,production,OP,225.1665335,2890.4515299068757,322.105128308,299.46847353925,781.368846687375,186.1299455,27049.453701200004,21360.961858297003,10318.7477955,0.7897003057532862,0.2761371268138567,0,0,0,0,0,0,0,0
2010-02-10,NO 15/9-F-12 H,5599,15/9-F-12,3420717,VOLVE,369304,MÆRSK INSPIRER,24.0,75.99396520833334,%,production,OP,225.16983425,2892.8042366292498,325.817989307875,301.975482563875,783.6239790952501,185.460693875,26725.213995700004,21147.654007357,10011.6163732,0.791299707114023,0.2725225957891961,0,0,0,0,0,0,0,0
2010-02-11,NO 15/9-F-12 H,5599,15/9-F-12,3420717,VOLVE,369304,MÆRSK INSPIRER,24.0,74.47338708333334,%,production,OP,225.165188,2897.323732509375,327.73446705062497,309.26331270675,790.6612560931251,186.416276,25827.0291277,20347.135090552,10934.1428059,0.7878232912483649,0.2974372750044486,0,0,0,0,0,0,0,0
2010-02-12,NO 15/9-F-12 H,5599,15/9-F-12,3420717,VOLVE,369304,MÆRSK INSPIRER,24.0,69.93827416666667,%,production,OP,225.123184625,2887.913630809875,329.96899499762503,361.510275906125,839.0410771417501,186.376755875,24001.5375714,18830.198861845,10573.4851005,0.7845413572288337,0.3058128175601556,0,0,0,0,0,0,0,0
2010-02-13,NO 15/9-F-12 H,5599,15/9-F-12,3420717,VOLVE,369304,MÆRSK INSPIRER,24.0,66.403571875,%,production,OP,225.0621755,2880.9282653295,326.986917025625,385.64051689075,862.40571993525,186.506636,23508.1019769,18151.596530703,10614.4946617,0.7721421554381331,0.3110693706613383,0,0,0,0,0,0,0,0
2010-02-14,NO 15/9-F-12 H,5599,15/9-F-12,3420717,VOLVE,369304,MÆRSK INSPIRER,13.59167,64.48432892857143,%,production,OP,225.1162030490043,2935.6418302533384,321.4084983792127,363.9585007090456,804.1203755667799,184.55949229708048,13280.1161397,10451.492468541002,5527.6108242,0.7870030923371958,0.2939010564546065,0,0,0,0,0,0,0,0
2010-02-15,NO 15/9-F-12 H,5599,15/9-F-12,3420717,VOLVE,369304,MÆRSK INSPIRER,13.8,70.47560833333333,%,production,OP,225.0900444706693,2855.617439991957,276.82968925838503,351.40473544156777,831.9138758411733,181.3945085840528,12951.5993634,9936.948460866002,4019.7546729,0.7672371714142798,0.2368552717892841,0,0,0,0,0,0,0,0
2010-02-16,NO 15/9-F-12 H,5599,15/9-F-12,3420717,VOLVE,369304,MÆRSK INSPIRER,24.0,70.73495541666666,%,production,OP,225.1191155,2845.08152534775,315.06645229775,351.10711412875,831.575007383375,180.244593875,25840.9925059,20364.912510532,10713.6220673,0.7880855391247954,0.293085351668697,0,0,0,0,0,0,0,0
2010-02-17,NO 15/9-F-12 H,5599,15/9-F-12,3420717,VOLVE,369304,MÆRSK INSPIRER,24.0,70.76732520833333,%,production,OP,225.13713650000005,2857.8022432838748,328.7711835665,345.3405664165,825.205705916125,179.66110737499997,25413.348324,20037.817164722004,10391.9611839,0.7884760760076065,0.2902352004974888,0,0,0,0,0,0,0,0
2010-02-18,NO 15/9-F-12 H,5599,15/9-F-12,3420717,VOLVE,369304,MÆRSK INSPIRER,22.04167,63.03270333333333,%,production,OP,225.03781456921092,2852.081992582252,299.4660046593609,438.5256979518592,917.5499240095224,175.08876970253704,20199.4732226,15925.213758727,8663.898784500001,0.7883974786485627,0.3001693212549385,0,0,0,0,0,0,0,0
2010-02-19,NO 15/9-F-12 H,5599,15/9-F-12,3420717,VOLVE,369304,MÆRSK INSPIRER,24.0,71.58594270833333,%,production,OP,225.202781375,2867.535090792875,338.640499747,338.03427716650003,818.8749392325,184.03046525,25329.1906662,19980.885983705004,11232.4684942,0.7888481810185934,0.3072198787511784,0,0,0,0,0,0,0,0
2010-02-20,NO 15/9-F-12 H,5599,15/9-F-12,3420717,VOLVE,369304,MÆRSK INSPIRER,24.0,70.83720229166667,%,production,OP,225.20652570212764,2880.83657739766,344.11564978761703,330.05627399285106,811.0460124928085,186.03993085106384,24818.458094200003,19577.443787965,11294.9263075,0.7888259501721498,0.3127628854128749,0,0,0,0,0,0,0,0
2010-02-21,NO 15/9-F-12 H,5599,15/9-F-12,3420717,VOLVE,369304,MÆRSK INSPIRER,24.0,72.8368475,%,production,OP,225.2153735,2893.2278442812503,347.125425195875,323.25897207375004,804.5014740052501,186.2237735,25394.6675883,20022.309773658,11670.8682512,0.7884454365877508,0.3148711596059698,0,0,0,0,0,0,0,0
2010-02-22,NO 15/9-F-12 H,5599,15/9-F-12,3420717,VOLVE,369304,MÆRSK INSPIRER,24.0,72.938071875,%,production,OP,225.225633125,2903.315723662876,350.174764540375,319.6639574705,800.876484882,186.403208,25123.9541659,19868.981821786,11634.1357608,0.7908381654649563,0.3165054491133747,0,0,0,0,0,0,0,0
2010-02-23,NO 15/9-F-12 H,5599,15/9-F-12,3420717,VOLVE,369304,MÆRSK INSPIRER,23.5,65.90550909090909,%,production,OP,225.19446818400644,2900.662689882323,345.30259847883934,387.6722184886291,864.4758344434437,184.864964586231,21769.661391,17551.082417348,10019.4157376,0.8062175199750216,0.315184228125507,0,0,0,0,0,0,0,0
2010-02-24,NO 15/9-F-12 H,5599,15/9-F-12,3420717,VOLVE,369304,MÆRSK INSPIRER,24.0,72.296253125,%,production,OP,225.240644375,2912.270943891625,354.58893261625,329.497845097875,806.14905733925,185.6233625,25103.4493853,20076.677107455,12200.344457,0.7997577065728441,0.3270537176078222,0,0,0,0,0,0,0,0
2010-02-25,NO 15/9-F-12 H,5599,15/9-F-12,3420717,VOLVE,369304,MÆRSK INSPIRER,18.5,69.43099153846154,%,production,OP,223.0308614899473,2887.051297020016,348.48949701393104,340.14909646804085,807.1846335405608,179.51002956786527,20678.0648655,16504.677132558998,8741.0118551,0.7981731965690838,0.2971205363824118,0,0,0,0,0,0,0,0
2010-02-26,NO 15/9-F-12 H,5599,15/9-F-12,3420717,VOLVE,369304,MÆRSK INSPIRER,19.69166,59.277113414634144,%,production,OP,225.07857429837,2895.829028374086,323.78283338356226,466.5206338673405,938.7533952885984,174.98018386381744,17994.3287347,14554.988566553,13414.2148889,0.8088653253558369,0.4270880894592234,0,0,0,0,0,0,0,0
2010-02-27,NO 15/9-F-12 H,5599,15/9-F-12,3420717,VOLVE,369304,MÆRSK INSPIRER,17.6,67.01691947368421,%,production,OP,225.27815460330396,2925.3197652894314,336.7035164457816,347.1726909370126,803.8704610469449,185.29948492036263,19548.4778876,15302.582048762,15352.3569423,0.7828017166732322,0.4398850920651169,0,0,0,0,0,0,0,0
2010-03-02,NO 15/9-F-12 H,5599,15/9-F-12,3420717,VOLVE,369304,MÆRSK INSPIRER,0.0,60.83818356662934,%,production,OP,220.962182,2756.64009054,123.086643738,1604.290409574,1617.5290431,42.287684,0.0,0.0,0.0,0.7788043863526737,0.39019996521922107,1,0,0,0,0,1,1,0
2010-03-03,NO 15/9-F-12 H,5599,15/9-F-12,3420717,VOLVE,369304,MÆRSK INSPIRER,23.5,54.65944765957447,%,production,OP,224.9040016170213,2843.031771569617,339.07916820663826,533.844063689617,1005.9951802977448,171.9272610212766,21800.544358100004,16891.215593997003,11256.3697722,0.7748070560321153,0.3405148383733253,0,0,0,0,0,0,0,0
2010-03-04,NO 15/9-F-12 H,5599,15/9-F-12,3420717,VOLVE,369304,MÆRSK INSPIRER,24.0,62.790441875,%,production,OP,225.112595375,2818.684461288125,410.662817116,424.88644600275,901.894669281125,185.0771195,26070.4447747,20253.850251061,11370.6556199,0.7768893252913084,0.3036944828026462,0,0,0,0,0,0,0,0
2010-03-05,NO 15/9-F-12 H,5599,15/9-F-12,3420717,VOLVE,369304,MÆRSK INSPIRER,24.0,60.89497083333333,%,production,OP,225.064787,2809.389033279,422.423679611375,431.576278428375,912.70756945175,184.202970875,25320.0075436,19641.431552336,11334.1747219,0.7757277132921176,0.3092191401189179,0,0,0,0,0,0,0,0
2010-03-06,NO 15/9-F-12 H,5599,15/9-F-12,3420717,VOLVE,369304,MÆRSK INSPIRER,20.825,59.834474761904765,%,production,OP,225.03172615366148,2805.0285693205137,427.8236558760072,435.642754049928,915.6167715237694,183.3352553277311,21666.0053222,16788.744341595,9924.1251161,0.7748887758461164,0.3141527109387289,0,0,0,0,0,0,0,0
2010-03-08,NO 15/9-F-12 H,5599,15/9-F-12,3420717,VOLVE,369304,MÆRSK INSPIRER,13.34167,63.668916296296295,%,production,OP,224.97869418101783,2827.155232045372,316.9559376626966,403.2477464371934,888.8345810816292,180.1875927018177,15131.5217132,11790.116654567,5075.813771900001,0.7791758739163609,0.2511866928543192,0,0,0,0,0,0,0,0
2010-03-09,NO 15/9-F-12 H,5599,15/9-F-12,3420717,VOLVE,369304,MÆRSK INSPIRER,24.0,67.703996875,%,production,OP,225.076625,2809.95680265975,406.11157906525,352.2326754845,839.5582675416249,185.120275625,27328.3438766,21161.522796341003,15127.1188462,0.774343403021236,0.3563055935809229,0,0,0,0,0,0,0,0
2010-03-10,NO 15/9-F-12 H,5599,15/9-F-12,3420717,VOLVE,369304,MÆRSK INSPIRER,24.0,67.802035625,%,production,OP,225.06027275,2809.66823747225,421.059180237125,338.231646689875,824.952590433125,185.47562525,26785.7219679,20761.134969004,11949.381038,0.7750821498813485,0.3084897189038043,0,0,0,0,0,0,0,0
2010-03-11,NO 15/9-F-12 H,5599,15/9-F-12,3420717,VOLVE,369304,MÆRSK INSPIRER,23.66666,61.12471625,%,production,OP,224.96915464027708,2803.17099742586,411.42247647433874,398.25091093629743,881.3318908407601,182.90486101873944,22020.1845233,17151.833489086002,9055.8797437,0.7789141580960551,0.2914101240714878,0,0,0,0,0,0,0,0
2010-03-12,NO 15/9-F-12 H,5599,15/9-F-12,3420717,VOLVE,369304,MÆRSK INSPIRER,15.33333,60.39288875,%,production,OP,224.95475166717995,2796.632917061146,416.3661498230503,374.1673299844173,857.0215391211659,184.4248615330212,15981.7153309,12707.882494254,6093.0647432000005,0.7951513483464335,0.2760192727966925,0,0,0,0,0,0,0,0
2010-03-13,NO 15/9-F-12 H,5599,15/9-F-12,3420717,VOLVE,369304,MÆRSK INSPIRER,24.0,64.27129395833333,%,production,OP,225.006206,2803.9679865269363,423.8765514233617,331.4386867173192,815.8095911901702,185.44944468085103,23375.7014764,18956.045620471003,9838.6465982,0.8109294875967225,0.2962167607836899,0,0,0,0,0,0,0,0
2010-03-14,NO 15/9-F-12 H,5599,15/9-F-12,3420717,VOLVE,369304,MÆRSK INSPIRER,24.0,70.19004645833333,%,production,OP,225.076173125,2822.8206851883747,429.7798528685,296.75778281662497,782.672418015125,184.917019625,23913.0399447,19203.09913929,10414.667398,0.8030388099421089,0.303389541690868,0,0,0,0,0,0,0,0
2010-03-15,NO 15/9-F-12 H,5599,15/9-F-12,3420717,VOLVE,369304,MÆRSK INSPIRER,24.0,73.66667270833334,%,production,OP,225.12839337500003,2843.512002674,391.0026865725,271.959536085125,758.625945540375,186.2223065,24284.453225200003,19254.959129387,12946.5046173,0.7928924300179881,0.3477349326350466,0,0,0,0,0,0,0,0
2010-03-16,NO 15/9-F-12 H,5599,15/9-F-12,3420717,VOLVE,369304,MÆRSK INSPIRER,24.0,70.74774333333333,%,production,OP,225.1242545,2852.5308371738747,370.3942854985,287.23471162325,773.13456503225,185.997755,23384.3185161,18618.484763316,11172.1492163,0.7961953114219368,0.3233012500819069,0,0,0,0,0,0,0,0
2010-03-17,NO 15/9-F-12 H,5599,15/9-F-12,3420717,VOLVE,369304,MÆRSK INSPIRER,24.0,76.12645270833333,%,production,OP,225.16475975,2866.036911707,371.9847963795,263.339728317875,750.21254195525,184.2619085,24097.520072,18918.556947539,12816.8716332,0.7850831492623728,0.3472052779727786,0,0,0,0,0,0,0,0
2010-03-18,NO 15/9-F-12 H,5599,15/9-F-12,3420717,VOLVE,369304,MÆRSK INSPIRER,24.0,79.85003083333334,%,production,OP,225.167879,2869.606127676,370.7125472165,244.85708575575,732.475745221625,182.765501375,24699.2032966,20254.057548350003,11731.0617329,0.8200287800836921,0.3220141748461226,0,0,0,0,0,0,0,0
2010-03-19,NO 15/9-F-12 H,5599,15/9-F-12,3420717,VOLVE,369304,MÆRSK INSPIRER,24.0,79.99953145833334,%,production,OP,225.146147,2866.303935729875,367.75508340175,240.18605236025,727.15749485925,181.2950045,24451.3847826,19187.981622514,13355.0277768,0.7847400788591932,0.3532476866409127,0,0,0,0,0,0,0,0
2010-03-20,NO 15/9-F-12 H,5599,15/9-F-12,3420717,VOLVE,369304,MÆRSK INSPIRER,24.0,80.07827041666667,%,production,OP,225.12818225,2867.329608206375,368.738069381875,230.8247257315,717.401676957,185.820998,24203.8807591,18964.855578680003,13338.2968822,0.783546067154943,0.3552883109137119,0,0,0,0,0,0,0,0
2010-03-21,NO 15/9-F-12 H,5599,15/9-F-12,3420717,VOLVE,369304,MÆRSK INSPIRER,24.0,80.64186291666667,%,production,OP,225.11218625,2866.290277984875,368.011024104125,223.96743787,709.85423181575,186.88374237500005,24075.8202275,18850.130125378,13420.8191894,0.7829486159664423,0.3579205869673521,0,0,0,0,0,0,0,0
2010-03-22,NO 15/9-F-12 H,5599,15/9-F-12,3420717,VOLVE,369304,MÆRSK INSPIRER,24.0,80.91717854166667,%,production,OP,225.0961805,2859.9519995415003,366.33332423375,223.2244686285,708.3275920440001,185.646977,21725.947211500003,17038.523095812998,11814.8420021,0.7842476523552514,0.3522529516779933,0,0,0,0,0,0,0,0
2010-03-23,NO 15/9-F-12 H,5599,15/9-F-12,3420717,VOLVE,369304,MÆRSK INSPIRER,24.0,81.15678833333334,%,production,OP,225.0847295,2858.034319192,364.30889591625,217.515201861375,702.386433687875,185.2993745,21469.3858616,17068.165548699,12991.8541474,0.7950001764711401,0.3769990326525397,0,0,0,0,0,0,0,0
2010-03-24,NO 15/9-F-12 H,5599,15/9-F-12,3420717,VOLVE,369304,MÆRSK INSPIRER,24.0,81.33351416666666,%,production,OP,225.10403225,2862.97867065525,365.951043346875,218.423611114875,702.960228188875,184.999041875,21421.7719999,17000.014181198,12289.0936761,0.7935858051928364,0.3645439958205836,0,0,0,0,0,0,0,0
2010-03-25,NO 15/9-F-12 H,5599,15/9-F-12,3420717,VOLVE,369304,MÆRSK INSPIRER,24.0,82.183293125,%,production,OP,225.129856625,2871.68898817775,369.45390140925,217.069941244625,701.8923768489999,184.880148125,21551.2162897,17094.400839329002,12756.6152534,0.7931988900087719,0.3718280835492097,0,0,0,0,0,0,0,0
2010-03-26,NO 15/9-F-12 H,5599,15/9-F-12,3420717,VOLVE,369304,MÆRSK INSPIRER,24.0,86.56600395833334,%,production,OP,225.1574255,2883.186830303375,369.29908543075,208.7013302285,694.187320726125,183.771209,22169.3788165,17579.585618012,13714.6791126,0.792966991250474,0.3821942083500581,0,0,0,0,0,0,0,0
2010-03-27,NO 15/9-F-12 H,5599,15/9-F-12,3420717,VOLVE,369304,MÆRSK INSPIRER,24.0,89.86449083333333,%,production,OP,225.180782,2895.050570065125,373.4274410195,201.321277069,687.5080972258751,184.1485685,22566.9577066,17937.086214228002,13792.4840623,0.7948384734634419,0.3793370687582277,0,0,0,0,0,0,0,0
2010-03-28,NO 15/9-F-12 H,5599,15/9-F-12,3420717,VOLVE,369304,MÆRSK INSPIRER,23.0,92.68756369565216,%,production,OP,225.2039499090909,2906.1201561807275,376.7792351375455,193.7701384032273,680.3798242658182,185.5980009090909,22081.1956803,17500.743078233,13930.8598823,0.7925631986426576,0.3868387867525055,0,0,0,0,0,0,0,0
2010-03-29,NO 15/9-F-12 H,5599,15/9-F-12,3420717,VOLVE,369304,MÆRSK INSPIRER,24.0,99.94708166666666,%,production,OP,225.2219885,2917.0090271458757,380.35836588225,188.62013624125,675.331341287125,187.4417975,23522.0653551,18673.696118443,15030.4444665,0.7938799521443473,0.3898694154038921,0,0,0,0,0,0,0,0
2010-03-30,NO 15/9-F-12 H,5599,15/9-F-12,3420717,VOLVE,369304,MÆRSK INSPIRER,24.0,99.99982083333332,%,production,OP,225.2346005,2920.1513509565,379.132936798625,195.453689238375,681.971504241,182.919923,21848.0324236,17471.902622184,15788.9955525,0.7997014231501709,0.4195069696397446,0,0,0,0,0,0,0,0
2010-03-31,NO 15/9-F-12 H,5599,15/9-F-12,3420717,VOLVE,369304,MÆRSK INSPIRER,24.0,97.91666666666669,%,production,OP,225.2477330638298,2929.8618747,382.6882374130213,193.8619660428511,680.4488721726383,184.27125506382976,21920.3652386,17521.587933055,17309.8087124,0.7993291964953619,0.4412371134020618,0,0,0,0,0,0,0,0
2010-04-01,NO 15/9-F-12 H,5599,15/9-F-12,3420717,VOLVE,369304,MÆRSK INSPIRER,11.16666,38.452677916666666,%,production,OP,224.64254895004592,2912.911443194581,253.38112581518067,604.4431108319424,1061.2310188910185,162.29954829406643,4948.9483042,4211.663258377001,3885.3414332,0.8510218736378209,0.4398023552195024,0,0,0,0,0,0,0,0
2010-04-02,NO 15/9-F-12 H,5599,15/9-F-12,3420717,VOLVE,369304,MÆRSK INSPIRER,24.0,89.77865125,%,production,OP,225.30307925,2938.232522291375,369.14918865775,216.848223467,700.614712934,184.582905875,21433.7226389,17478.709530609,15718.675476700002,0.81547707904398,0.4230864297855338,0,0,0,0,0,0,0,0
2010-04-03,NO 15/9-F-12 H,5599,15/9-F-12,3420717,VOLVE,369304,MÆRSK INSPIRER,23.5,81.00829916666666,%,production,OP,225.2435421147532,2934.3560870823185,387.9782870538427,282.13269781190206,766.1955029174723,182.3079833022928,20044.869692800003,15841.55641275,15280.6531083,0.7903047839936915,0.4325669345175034,0,0,0,0,0,0,0,0
2010-04-04,NO 15/9-F-12 H,5599,15/9-F-12,3420717,VOLVE,369304,MÆRSK INSPIRER,24.0,93.851198125,%,production,OP,225.326333,2957.4487670575,409.245457434,202.859528945625,689.68846254475,186.9610865,21983.8294215,17363.83893389,16850.715480500003,0.7898459636385421,0.4339104661332642,0,0,0,0,0,0,0,0
2010-04-05,NO 15/9-F-12 H,5599,15/9-F-12,3420717,VOLVE,369304,MÆRSK INSPIRER,24.0,84.92010583333334,%,production,OP,225.3179705957447,2961.3724664420424,413.3094283658298,216.65901419553197,702.8459487241277,186.4700320425532,21567.0037128,17103.545580894002,16189.2161628,0.793042269972025,0.428782759930432,0,0,0,0,0,0,0,0
2010-04-06,NO 15/9-F-12 H,5599,15/9-F-12,3420717,VOLVE,369304,MÆRSK INSPIRER,24.0,80.199669375,%,production,OP,225.30335825,2967.115081405625,412.47682249012496,231.709569331625,717.3310555375,185.471647625,21023.060944,16723.666765582002,15509.3505999,0.7954915228628946,0.4245367317529213,0,0,0,0,0,0,0,0
2010-04-07,NO 15/9-F-12 H,5599,15/9-F-12,3420717,VOLVE,369304,MÆRSK INSPIRER,24.0,79.23774541666667,%,production,OP,225.30560525,2979.4414349765,418.4271484565,230.138553975125,715.9810660065,187.807140875,20945.130198100003,16690.990073672,16688.123892,0.7968912064908573,0.4434408954390703,0,0,0,0,0,0,0,0
2010-04-08,NO 15/9-F-12 H,5599,15/9-F-12,3420717,VOLVE,369304,MÆRSK INSPIRER,24.0,79.25137458333333,%,production,OP,225.313863125,2988.647685767,419.903275723125,228.772815734625,714.734920661875,188.68208675,20116.0074439,16078.694976397002,17963.382869499997,0.7992985199094625,0.47173504411857,0,0,0,0,0,0,0,0
2010-04-09,NO 15/9-F-12 H,5599,15/9-F-12,3420717,VOLVE,369304,MÆRSK INSPIRER,24.0,78.54737645833333,%,production,OP,225.315809,2995.195767720625,421.424821035125,229.960707170875,715.722765415,189.391908875,19941.0249297,15736.953211909,16755.676451400002,0.7891747423910247,0.456598980856348,0,0,0,0,0,0,0,0
2010-04-10,NO 15/9-F-12 H,5599,15/9-F-12,3420717,VOLVE,369304,MÆRSK INSPIRER,24.0,78.11397041666666,%,production,OP,225.28459475,2989.0011796325,418.89500176337503,229.968844407,715.2592602265,189.29319125,19800.8879629,15537.957349438,16887.3221747,0.7847101290886926,0.4602928873162168,0,0,0,0,0,0,0,0
2010-04-11,NO 15/9-F-12 H,5599,15/9-F-12,3420717,VOLVE,369304,MÆRSK INSPIRER,24.0,78.24117145833333,%,production,OP,225.254946875,2980.6567265082504,414.64172615387497,228.8856643635,713.6711575806249,188.846131625,19651.5678735,15425.568316688,16412.8189083,0.7849535678773636,0.4550976842501805,0,0,0,0,0,0,0,0
2010-04-12,NO 15/9-F-12 H,5599,15/9-F-12,3420717,VOLVE,369304,MÆRSK INSPIRER,24.0,78.33394229166667,%,production,OP,225.23115650000005,2975.5786620955,410.0802538592501,225.099341616625,709.7814650425,188.856451625,19546.0877598,15362.373367332,16375.520335,0.7859564305716179,0.455868242083809,0,0,0,0,0,0,0,0
2010-04-13,NO 15/9-F-12 H,5599,15/9-F-12,3420717,VOLVE,369304,MÆRSK INSPIRER,24.0,78.93999208333334,%,production,OP,225.215898125,2973.0529884932503,405.10228379625,218.622675769875,703.246243124875,188.841196625,19498.5367962,15376.792712489,16584.5307213,0.7886126468466971,0.4596208654726108,0,0,0,0,0,0,0,0
2010-04-14,NO 15/9-F-12 H,5599,15/9-F-12,3420717,VOLVE,369304,MÆRSK INSPIRER,24.0,79.73459270833334,%,production,OP,225.201689375,2968.6623105301246,403.15112384175,212.7295189485,697.145549012,188.87312375,20224.0034816,15803.498466854,11253.6651539,0.7814228513771855,0.3575126634762366,0,0,0,0,0,0,0,0
2010-04-15,NO 15/9-F-12 H,5599,15/9-F-12,3420717,VOLVE,369304,MÆRSK INSPIRER,24.0,80.91440770833333,%,production,OP,225.1913375,2964.506307072625,399.062532838,206.003417958,690.2276745476249,188.875562,20253.2510981,15886.925560987002,14371.9013595,0.7844135977989917,0.4150711358483985,0,0,0,0,0,0,0,0
2010-04-16,NO 15/9-F-12 H,5599,15/9-F-12,3420717,VOLVE,369304,MÆRSK INSPIRER,24.0,84.00855583333333,%,production,OP,225.184018625,2959.8604528782503,395.638938042625,197.093035622625,681.168800494875,188.2558895,20496.9183375,16072.23909609,14443.2278049,0.7841295374966267,0.4133705607880411,0,0,0,0,0,0,0,0
2010-04-17,NO 15/9-F-12 H,5599,15/9-F-12,3420717,VOLVE,369304,MÆRSK INSPIRER,23.33333,71.78364645833334,%,production,OP,225.1116142220172,2945.9924527857,379.1784761607002,261.8370454005094,742.0213609569348,184.27010775154685,18022.0038987,14137.767281167,13618.3192234,0.7844725459296351,0.4304102448905755,0,0,0,0,0,0,0,0
2010-04-18,NO 15/9-F-12 H,5599,15/9-F-12,3420717,VOLVE,369304,MÆRSK INSPIRER,24.0,78.62221208333334,%,production,OP,225.145179125,2943.715285026875,389.6631881235,204.782201019625,688.1961182167499,187.721009375,19818.4365328,15490.636710879002,13493.8438835,0.7816275862751139,0.4050711543871772,0,0,0,0,0,0,0,0
2010-04-19,NO 15/9-F-12 H,5599,15/9-F-12,3420717,VOLVE,369304,MÆRSK INSPIRER,24.0,81.944529375,%,production,OP,225.126739625,2935.529781464125,386.20538248987503,195.353564672375,678.641084274125,186.90322025,20070.6579138,16021.540253329002,14551.2867407,0.7982568544657949,0.4202908555804848,0,0,0,0,0,0,0,0
2010-04-20,NO 15/9-F-12 H,5599,15/9-F-12,3420717,VOLVE,369304,MÆRSK INSPIRER,24.0,97.48131145833334,%,production,OP,225.121650875,2927.253810448875,380.824557295375,175.769693900625,659.37714013575,186.152152625,21410.0729533,16705.684520342,13085.0062335,0.7802721904208694,0.3793296476474579,0,0,0,0,0,0,0,0
2010-04-21,NO 15/9-F-12 H,5599,15/9-F-12,3420717,VOLVE,369304,MÆRSK INSPIRER,24.0,99.89162479166669,%,production,OP,225.105671375,2922.944072754625,377.47522799925,167.642622522125,650.86785736775,187.354398875,18671.363883100003,14564.760850337005,14760.800311800002,0.7800587542252333,0.441514950266119,0,0,0,0,0,0,0,0
2010-04-22,NO 15/9-F-12 H,5599,15/9-F-12,3420717,VOLVE,369304,MÆRSK INSPIRER,24.0,99.928310625,%,production,OP,225.083150375,2911.5751089785003,374.670452939,165.641938133875,648.434334263125,186.757382375,18554.0589266,14519.889286223002,15833.0242225,0.7825721230952103,0.4604352208022154,0,0,0,0,0,0,0,0
2010-04-23,NO 15/9-F-12 H,5599,15/9-F-12,3420717,VOLVE,369304,MÆRSK INSPIRER,24.0,99.96236645833334,%,production,OP,225.0598685,2897.872211836125,369.723119131875,161.521181932,643.989073666,187.4028095,18261.0166787,14683.563032607,15620.114154,0.804093402408103,0.4610269424338227,0,0,0,0,0,0,0,0
2010-04-24,NO 15/9-F-12 H,5599,15/9-F-12,3420717,VOLVE,369304,MÆRSK INSPIRER,24.0,70.81062479166667,%,production,OP,224.91148175,2893.33490649825,361.437031716125,295.95296695462497,773.783576844375,185.013049625,15825.350654300002,12686.961006533,14059.8009873,0.8016859331382808,0.4704610890355603,0,0,0,0,0,0,0,0
2010-04-25,NO 15/9-F-12 H,5599,15/9-F-12,3420717,VOLVE,369304,MÆRSK INSPIRER,24.0,51.24172625,%,production,OP,224.802266,2893.881757169125,347.5828297235,365.85126928937495,852.365579207,180.812100125,13549.6973963,10494.892115959,12674.7219272,0.7745480809648803,0.4833175435019847,0,0,0,0,0,0,0,0
2010-04-26,NO 15/9-F-12 H,5599,15/9-F-12,3420717,VOLVE,369304,MÆRSK INSPIRER,24.0,38.128103125,%,production,OP,224.58936725,2946.426981950625,256.23003807687496,484.455966881125,966.0995351421248,162.69434525,10286.2923759,8250.589252615002,9582.7142293,0.8020955414358534,0.4822945816924771,0,0,0,0,0,0,0,0
2010-04-27,NO 15/9-F-12 H,5599,15/9-F-12,3420717,VOLVE,369304,MÆRSK INSPIRER,24.0,58.72165770833333,%,production,OP,224.999087,2915.279122660375,373.45910160625,296.776728405375,782.50787542575,186.9198035,15774.5918876,12570.336328665002,14160.1863549,0.7968723640036747,0.4730346167988653,0,0,0,0,0,0,0,0
2010-04-28,NO 15/9-F-12 H,5599,15/9-F-12,3420717,VOLVE,369304,MÆRSK INSPIRER,24.0,42.227439375,%,production,OP,224.71543437500003,2925.59522537825,301.300660031,482.13087478962495,966.850233700375,165.827129,11280.7113369,9058.852329983,9402.3224785,0.8030391044889925,0.4545910702664567,0,0,0,0,0,0,0,0
2010-04-29,NO 15/9-F-12 H,5599,15/9-F-12,3420717,VOLVE,369304,MÆRSK INSPIRER,24.0,48.90363333333333,%,production,OP,224.861695625,2960.650976454,299.879568642125,404.929682533,887.983657716875,173.32678174999998,13329.050861500002,10671.557787326,11683.5736674,0.8006239827735989,0.4671070664296186,0,0,0,0,0,0,0,0
2010-04-30,NO 15/9-F-12 H,5599,15/9-F-12,3420717,VOLVE,369304,MÆRSK INSPIRER,24.0,59.810132083333336,%,production,OP,225.110249,2945.662673993375,383.16011327425,296.539555015875,783.4737257705001,186.6989,16190.662819100002,12915.215804248002,13986.650497,0.7976953104731463,0.4634822971313995,0,0,0,0,0,0,0,0
2010-05-01,NO 15/9-F-12 H,5599,15/9-F-12,3420717,VOLVE,369304,MÆRSK INSPIRER,24.0,60.179815625,%,production,OP,225.11709425,2956.9983998945004,386.79427000775,293.754299653125,781.282784764125,188.231956625,16275.1349674,12995.237855007,14021.5589425,0.7984718947669057,0.4628082187514921,0,0,0,0,0,0,0,0
2010-05-02,NO 15/9-F-12 H,5599,15/9-F-12,3420717,VOLVE,369304,MÆRSK INSPIRER,24.0,62.11121,%,production,OP,225.13867775,2969.077176621,392.196219382625,281.756321179125,769.7333302618749,188.715130625,16613.2122549,13223.101012699,14120.434755699998,0.7959388473351322,0.4594454654480113,0,0,0,0,0,0,0,0
2010-05-03,NO 15/9-F-12 H,5599,15/9-F-12,3420717,VOLVE,369304,MÆRSK INSPIRER,24.0,63.224238125,%,production,OP,225.141520625,2974.519071878375,393.0914755025,273.692873136625,762.2498801165,188.698127,16723.8500128,13271.1583159,14184.7166139,0.7935468391394684,0.4589250865372288,0,0,0,0,0,0,0,0
2010-05-04,NO 15/9-F-12 H,5599,15/9-F-12,3420717,VOLVE,369304,MÆRSK INSPIRER,15.5,53.515034375,%,production,OP,224.9848362557561,2977.0570985888216,319.58549758682324,357.0624148212338,839.4368832226794,177.66213986025937,9576.2986231,7627.322584344,7764.5817507,0.7964791914430625,0.4477616812599294,0,0,0,0,0,0,0,0
2010-05-05,NO 15/9-F-12 H,5599,15/9-F-12,3420717,VOLVE,369304,MÆRSK INSPIRER,24.0,59.623175625,%,production,OP,225.1752395,2973.79334705075,393.70692914737504,299.00529468625,785.53530194575,188.137268375,16189.530653299998,12815.172084324,14676.831348299998,0.7915715630528063,0.475495989697108,0,0,0,0,0,0,0,0
2010-05-06,NO 15/9-F-12 H,5599,15/9-F-12,3420717,VOLVE,369304,MÆRSK INSPIRER,24.0,59.218625208333336,%,production,OP,225.166039625,2975.215997598125,401.153714895,305.86539870225,792.1946250237501,186.578015375,15918.5656385,12662.165143075,13274.2666164,0.7954337991640905,0.4547097897351814,0,0,0,0,0,0,0,0
2010-05-07,NO 15/9-F-12 H,5599,15/9-F-12,3420717,VOLVE,369304,MÆRSK INSPIRER,24.0,59.25460520833333,%,production,OP,225.16612325,2983.0756279695,404.226770974125,308.104812616875,791.99187398625,187.57890125,15686.7232419,12498.124476958,14231.2612079,0.7967326435373644,0.4756758006803207,0,0,0,0,0,0,0,0
2010-05-08,NO 15/9-F-12 H,5599,15/9-F-12,3420717,VOLVE,369304,MÆRSK INSPIRER,24.0,59.21211604166667,%,production,OP,225.16825625,2995.2214243385,406.14698042375,304.50079357112503,788.822715124,188.733045125,15612.2518915,12447.913683351,14495.6219222,0.7973169898781991,0.481456180263518,0,0,0,0,0,0,0,0
2010-05-09,NO 15/9-F-12 H,5599,15/9-F-12,3420717,VOLVE,369304,MÆRSK INSPIRER,24.0,59.17946020833333,%,production,OP,225.174333125,3002.6573775605,408.306514659875,304.866827180375,789.272801275875,188.616412625,15566.273380400002,12401.829765586,14451.467456,0.7967115482631537,0.4814308823159641,0,0,0,0,0,0,0,0
2010-05-10,NO 15/9-F-12 H,5599,15/9-F-12,3420717,VOLVE,369304,MÆRSK INSPIRER,24.0,59.16182645833333,%,production,OP,225.182370125,3009.59618282125,408.093641178625,306.291867833125,790.45263403825,187.915599125,17397.803154300003,13882.393265881,15759.6221398,0.7979394376841112,0.4752969206750878,0,0,0,0,0,0,0,0
2010-05-11,NO 15/9-F-12 H,5599,15/9-F-12,3420717,VOLVE,369304,MÆRSK INSPIRER,24.0,58.818863541666666,%,production,OP,225.185476625,3017.543896583,411.749336055125,308.275280612875,792.406020930375,188.88185225,17288.2346641,13783.898095552,15634.6436151,0.7972993404685237,0.4748869003041465,0,0,0,0,0,0,0,0
2010-05-12,NO 15/9-F-12 H,5599,15/9-F-12,3420717,VOLVE,369304,MÆRSK INSPIRER,24.0,58.45828229166667,%,production,OP,225.18270425,3023.94222378,412.9349219915,311.77518352600003,797.351674714,189.158377625,17060.1032554,13204.304410477,15557.1531559,0.7739873676495754,0.4769608136173692,0,0,0,0,0,0,0,0
2010-05-13,NO 15/9-F-12 H,5599,15/9-F-12,3420717,VOLVE,369304,MÆRSK INSPIRER,24.0,58.813136875,%,production,OP,225.19495175,3029.6735151717503,415.5188223075,313.326050687,797.8119286340001,188.35334525,16768.8850524,13535.183020098,14686.077369,0.8071605821020769,0.4668922242618388,0,0,0,0,0,0,0,0
2010-05-14,NO 15/9-F-12 H,5599,15/9-F-12,3420717,VOLVE,369304,MÆRSK INSPIRER,24.0,58.873661041666665,%,production,OP,225.20253725,3035.601203123625,416.325436036375,316.208115893125,800.46222613775,187.881378125,16993.3054732,13690.342039165002,14811.1816899,0.8056314918104619,0.465694718293843,0,0,0,0,0,0,0,0
2010-05-15,NO 15/9-F-12 H,5599,15/9-F-12,3420717,VOLVE,369304,MÆRSK INSPIRER,24.0,57.673523333333335,%,production,OP,225.2081074042553,3044.580060367532,420.584383236,315.616815318383,799.6860592667234,189.24567876595745,16962.2338118,13610.769544537005,15405.7574292,0.8024161024751642,0.4759565496201006,0,0,0,0,0,0,0,0
2010-05-16,NO 15/9-F-12 H,5599,15/9-F-12,3420717,VOLVE,369304,MÆRSK INSPIRER,24.0,58.877767291666665,%,production,OP,225.212679875,3055.7810743185,422.997341160875,313.0763315105,797.43413486025,190.25002887500003,16889.2720158,13556.128521815002,14576.445980699998,0.8026472964100035,0.4632484783064975,0,0,0,0,0,0,0,0
2010-05-17,NO 15/9-F-12 H,5599,15/9-F-12,3420717,VOLVE,369304,MÆRSK INSPIRER,24.0,58.88293,%,production,OP,225.21903575,3063.0899319497503,424.846219109125,314.463683434625,798.64367926125,190.354847375,16791.6541646,13478.90057012,16124.1795274,0.8027142792480852,0.4898608881754949,0,0,0,0,0,0,0,0
2010-05-18,NO 15/9-F-12 H,5599,15/9-F-12,3420717,VOLVE,369304,MÆRSK INSPIRER,24.0,57.924289375,%,production,OP,225.213656,3065.93300308525,428.235720909625,325.7180128015,809.8344547895,190.654088375,16606.7966487,13319.003377754,17319.6837141,0.802021224171287,0.5105063516429731,0,0,0,0,0,0,0,0
2010-05-19,NO 15/9-F-12 H,5599,15/9-F-12,3420717,VOLVE,369304,MÆRSK INSPIRER,24.0,57.1390025,%,production,OP,225.202721,3070.042990215625,430.134213940375,338.72697261125,821.89082918825,190.543251125,16188.2097932,12994.343333656,15988.5083257,0.8027041593638345,0.4968968017999527,0,0,0,0,0,0,0,0
2010-05-20,NO 15/9-F-12 H,5599,15/9-F-12,3420717,VOLVE,369304,MÆRSK INSPIRER,24.0,56.29031333333333,%,production,OP,225.195008375,3077.6079789116247,430.73982917425,347.5969467555,830.3100101203751,190.8229445,16033.7320596,12864.277880968,17585.6168809,0.8023258610752244,0.5230802331128802,0,0,0,0,0,0,0,0
2010-05-21,NO 15/9-F-12 H,5599,15/9-F-12,3420717,VOLVE,369304,MÆRSK INSPIRER,24.0,55.333123125,%,production,OP,225.185103125,3083.57903926875,424.958608451,358.053422084375,839.98655569075,190.636931375,15855.1014556,12758.065036101,16772.533142199998,0.8046662502809069,0.514059120403749,0,0,0,0,0,0,0,0
2010-05-22,NO 15/9-F-12 H,5599,15/9-F-12,3420717,VOLVE,369304,MÆRSK INSPIRER,24.0,54.84135583333333,%,production,OP,225.18322925,3088.505614512125,390.62883299775,365.96608801775,847.430102256375,190.959274625,15747.105417900002,12775.193725042,16714.9813807,0.8112725092016099,0.5149077902601403,0,0,0,0,0,0,0,0
2010-05-23,NO 15/9-F-12 H,5599,15/9-F-12,3420717,VOLVE,369304,MÆRSK INSPIRER,24.0,54.86861354166667,%,production,OP,225.19103675,3095.2172479621254,392.81538056137504,366.948436435,848.588091691625,191.018694875,15726.6635354,12627.635842003,16318.974943100002,0.8029443634740941,0.5092416852311648,0,0,0,0,0,0,0,0
2010-05-24,NO 15/9-F-12 H,5599,15/9-F-12,3420717,VOLVE,369304,MÆRSK INSPIRER,24.0,54.90034166666667,%,production,OP,225.199537625,3099.512270342625,391.6181794985,369.909353967125,852.121332193375,190.11669425,15700.5608239,12621.521454845,16285.827644399998,0.8038898480385511,0.5091486855585466,0,0,0,0,0,0,0,0
2010-05-25,NO 15/9-F-12 H,5599,15/9-F-12,3420717,VOLVE,369304,MÆRSK INSPIRER,24.0,54.704055,%,production,OP,225.204192125,3106.085809486875,393.0805976525,372.6328745095,854.926904962625,189.66375575,15617.786924300002,12558.387246773002,16906.1916047,0.8041079896687011,0.5198069968477441,0,0,0,0,0,0,0,0
2010-05-26,NO 15/9-F-12 H,5599,15/9-F-12,3420717,VOLVE,369304,MÆRSK INSPIRER,24.0,54.619292916666666,%,production,OP,225.210170375,3111.87054436,396.641561563625,375.31146650975,857.67956001325,190.541910125,15572.1229037,12496.474221027,17906.1455985,0.8024900842554863,0.5348587725593786,0,0,0,0,0,0,0,0
2010-05-27,NO 15/9-F-12 H,5599,15/9-F-12,3420717,VOLVE,369304,MÆRSK INSPIRER,24.0,54.6539525,%,production,OP,225.210600875,3113.78333572025,398.998858134375,378.616819075625,860.9705024495,190.344646625,15226.8123347,12242.143755126,15551.1149383,0.8039859877452936,0.505268428259048,0,0,0,0,0,0,0,0
2010-05-28,NO 15/9-F-12 H,5599,15/9-F-12,3420717,VOLVE,369304,MÆRSK INSPIRER,21.66667,50.13662133333333,%,production,OP,225.17529703036783,3125.8890301047704,373.2310840606379,410.3908437347496,891.1264973451772,186.18586037496948,12663.7147597,10148.313297012,11247.8785287,0.8013693840694507,0.4703943561199903,0,0,0,0,0,0,0,0
2010-05-29,NO 15/9-F-12 H,5599,15/9-F-12,3420717,VOLVE,369304,MÆRSK INSPIRER,24.0,54.79016020833333,%,production,OP,225.242106125,3123.2846119325,408.069401702875,371.778349894625,853.7017689766251,190.93392575,15447.3959714,12320.859161985,18092.1352802,0.7976010445253291,0.5394271954631721,0,0,0,0,0,0,0,0
2010-05-30,NO 15/9-F-12 H,5599,15/9-F-12,3420717,VOLVE,369304,MÆRSK INSPIRER,24.0,52.54288354166667,%,production,OP,225.193908875,3115.84884605125,400.526924113125,405.061664091375,887.345989085,188.2596995,14754.3847056,11613.137741811002,17358.1773513,0.7870973933195097,0.5405416522214322,0,0,0,0,0,0,0,0
2010-05-31,NO 15/9-F-12 H,5599,15/9-F-12,3420717,VOLVE,369304,MÆRSK INSPIRER,24.0,31.88836875,%,production,OP,224.67198275,3110.195261789625,286.16799339275,701.9407953680001,1180.7101093235,175.45620649999998,9575.9212345,7392.424032118,10379.2557677,0.7719804550485101,0.520128474257869,0,0,0,0,0,0,0,0
2010-06-01,NO 15/9-F-12 H,5599,15/9-F-12,3420717,VOLVE,369304,MÆRSK INSPIRER,24.0,36.968911875,%,production,OP,224.769409625,3106.6209030148752,320.0584850035,658.0943998907501,1134.5691371456248,180.620623625,11399.4629497,8959.710900644,8289.6550895,0.7859765797896465,0.4210272432211404,0,0,0,0,0,0,0,0
2010-06-02,NO 15/9-F-12 H,5599,15/9-F-12,3420717,VOLVE,369304,MÆRSK INSPIRER,24.0,50.252681458333335,%,production,OP,225.13339850000003,3116.605826567875,396.835836943,463.447871295375,942.7958898925,188.729531375,15230.3346283,12081.831261888,17592.850162400002,0.7932741831842841,0.5359885177072974,0,0,0,0,0,0,0,0
2010-06-03,NO 15/9-F-12 H,5599,15/9-F-12,3420717,VOLVE,369304,MÆRSK INSPIRER,24.0,50.47826666666667,%,production,OP,225.135855125,3119.12840904775,401.81766864275,453.427996606,932.95819803925,191.157722,15121.017730500002,12070.926082528,17102.1191862,0.7982879391894513,0.5307403568563381,0,0,0,0,0,0,0,0
2010-06-04,NO 15/9-F-12 H,5599,15/9-F-12,3420717,VOLVE,369304,MÆRSK INSPIRER,24.0,50.90540854166667,%,production,OP,225.14864525,3125.8880530973747,405.50807594725,449.5683541285,929.05516502675,191.298724625,14999.5614994,11986.023187082,16601.8276988,0.7990915726144032,0.5253511987930465,0,0,0,0,0,0,0,0
2010-06-05,NO 15/9-F-12 H,5599,15/9-F-12,3420717,VOLVE,369304,MÆRSK INSPIRER,24.0,51.0627725,%,production,OP,225.157605875,3132.553794106875,407.94274424775,447.11593680275,926.923526432625,191.06987075,14779.8584361,11841.753808907,18979.501675,0.801208878968919,0.5621996866214174,0,0,0,0,0,0,0,0
2010-06-06,NO 15/9-F-12 H,5599,15/9-F-12,3420717,VOLVE,369304,MÆRSK INSPIRER,24.0,51.249391458333335,%,production,OP,225.16783025,3138.8062825732504,409.147197210625,444.744489962125,924.514783674625,190.44238925,14740.5471236,11819.243159686,18363.100295,0.8018184847944405,0.5547153177049093,0,0,0,0,0,0,0,0
2010-06-07,NO 15/9-F-12 H,5599,15/9-F-12,3420717,VOLVE,369304,MÆRSK INSPIRER,24.0,51.584657291666666,%,production,OP,225.17554475000003,3147.1481854460003,412.401191216375,437.526069567125,917.820397660125,191.670606875,14974.4022594,12039.082817538,18288.7547408,0.8039775217057905,0.5498201731329962,0,0,0,0,0,0,0,0
2010-06-08,NO 15/9-F-12 H,5599,15/9-F-12,3420717,VOLVE,369304,MÆRSK INSPIRER,24.0,51.74881625,%,production,OP,225.1811225,3148.823854784375,415.402226863625,436.347412216875,916.725451408875,191.31086675,14998.9325184,12021.981320916,18323.1600015,0.8015224620930848,0.5498802330783213,0,0,0,0,0,0,0,0
2010-06-09,NO 15/9-F-12 H,5599,15/9-F-12,3420717,VOLVE,369304,MÆRSK INSPIRER,24.0,52.012832083333336,%,production,OP,225.1830215,3153.307949306,413.861606033,429.486685746125,909.899509885125,191.713535,14981.824235200002,12015.141922967,17254.9615692,0.801981236352864,0.5352568855312141,0,0,0,0,0,0,0,0
2010-06-10,NO 15/9-F-12 H,5599,15/9-F-12,3420717,VOLVE,369304,MÆRSK INSPIRER,24.0,52.05561041666667,%,production,OP,225.17977625,3155.777012763875,414.022879224125,427.762697602375,908.146323779,191.816492375,14955.281237,11744.271111027,17904.6360441,0.7852925615314527,0.5448776967676113,0,0,0,0,0,0,0,0
2010-06-11,NO 15/9-F-12 H,5599,15/9-F-12,3420717,VOLVE,369304,MÆRSK INSPIRER,24.0,52.13987291666667,%,production,OP,225.181462625,3158.442388176375,415.1009376132501,424.88698989525,905.546638494,191.65626425,15224.7995955,12194.14825265,16395.584828900002,0.800939820334596,0.5185131404110407,0,0,0,0,0,0,0,0
2010-06-12,NO 15/9-F-12 H,5599,15/9-F-12,3420717,VOLVE,369304,MÆRSK INSPIRER,24.0,52.20358708333333,%,production,OP,225.18000275000003,3158.0717345025,411.61584368425,424.483551590125,905.003060243,190.168290875,15147.120442,12171.592400613,16990.3492625,0.8035581711533473,0.5286772548904481,0,0,0,0,0,0,0,0
2010-06-13,NO 15/9-F-12 H,5599,15/9-F-12,3420717,VOLVE,369304,MÆRSK INSPIRER,24.0,53.345485208333336,%,production,OP,225.2062625,3161.78407276125,416.647964288875,405.71145548275,887.23215238475,191.79236975,15311.7876678,12278.670808776998,15246.4365419,0.8019096839096385,0.4989307113291083,0,0,0,0,0,0,0,0
2010-06-14,NO 15/9-F-12 H,5599,15/9-F-12,3420717,VOLVE,369304,MÆRSK INSPIRER,22.83333,52.7658540425532,%,production,OP,225.20825426984763,3158.898829923491,415.8603742285951,411.1703177503636,891.9299289847709,191.800733326298,15044.1562523,12085.468322841,17666.5038375,0.8033330763227972,0.5400839906318141,0,0,0,0,0,0,0,0
2010-06-15,NO 15/9-F-12 H,5599,15/9-F-12,3420717,VOLVE,369304,MÆRSK INSPIRER,24.0,51.82792791666667,%,production,OP,225.186383,3158.34557228975,413.718468635125,422.985801575,902.910693709,191.67776787500003,14992.454014100002,12049.970692694998,18439.6472827,0.8037357114027046,0.5515551391460093,0,0,0,0,0,0,0,0
2010-06-16,NO 15/9-F-12 H,5599,15/9-F-12,3420717,VOLVE,369304,MÆRSK INSPIRER,24.0,50.93918958333333,%,production,OP,225.164502125,3156.297179464375,412.82744279025,436.1222920895,915.287544676875,191.139339875,14801.3695863,11902.800211915,17839.222020100002,0.8041688400870763,0.5465348862304988,0,0,0,0,0,0,0,0
2010-06-17,NO 15/9-F-12 H,5599,15/9-F-12,3420717,VOLVE,369304,MÆRSK INSPIRER,24.0,51.94649104166667,%,production,OP,225.183179,3161.840000018375,415.1487820235,421.678800702875,901.6726856005,191.806312625,14956.2876066,12028.016956293,18184.9099777,0.8042113974182473,0.5487101041368145,0,0,0,0,0,0,0,0
2010-06-18,NO 15/9-F-12 H,5599,15/9-F-12,3420717,VOLVE,369304,MÆRSK INSPIRER,24.0,51.98529104166666,%,production,OP,225.183614,3162.510752422375,411.29268995537495,422.032324784625,902.181445666625,190.791122375,14909.239827800002,12007.891108763,17837.964058100002,0.8053992857753149,0.5447171648685558,0,0,0,0,0,0,0,0
2010-06-19,NO 15/9-F-12 H,5599,15/9-F-12,3420717,VOLVE,369304,MÆRSK INSPIRER,22.33334,44.69498565217391,%,production,OP,225.06008980470452,3166.834977180189,361.7409824185581,498.060310033691,977.8395924252516,182.56050625470976,12232.7998766,9961.252390553,14999.687295600002,0.8143068219081863,0.5508012250497735,0,0,0,0,0,0,0,0
2010-06-20,NO 15/9-F-12 H,5599,15/9-F-12,3420717,VOLVE,369304,MÆRSK INSPIRER,24.0,52.79158354166667,%,production,OP,225.248900375,3177.3766065515,417.084492409375,392.06638922125,872.0766724777501,191.466377,14735.2636832,11810.408834334,18902.891789200003,0.8015064465931009,0.5619479285869217,0,0,0,0,0,0,0,0
2010-06-21,NO 15/9-F-12 H,5599,15/9-F-12,3420717,VOLVE,369304,MÆRSK INSPIRER,24.0,52.840193541666665,%,production,OP,225.24132425,3176.008133740376,424.82376541375,392.4819291345,872.897258200625,192.388620875,14765.957956,11832.760567405005,18847.9817479,0.801354074193126,0.5607192109561973,0,0,0,0,0,0,0,0
2010-06-22,NO 15/9-F-12 H,5599,15/9-F-12,3420717,VOLVE,369304,MÆRSK INSPIRER,24.0,52.342484375,%,production,OP,225.22175225,3174.973033793875,424.143422372,403.66448584275,881.517096184125,192.156522125,14651.8608026,11790.75196602,18635.7635585,0.8047272714963077,0.5598405989067157,0,0,0,0,0,0,0,0
2010-06-23,NO 15/9-F-12 H,5599,15/9-F-12,3420717,VOLVE,369304,MÆRSK INSPIRER,24.0,51.92501666666666,%,production,OP,225.207276125,3173.078916076125,422.6403089725,410.782416055125,890.2110576505,191.34370475,14555.9412001,11734.995351925,18598.8423738,0.806199694722893,0.5609701035250105,0,0,0,0,0,0,0,0
2010-06-24,NO 15/9-F-12 H,5599,15/9-F-12,3420717,VOLVE,369304,MÆRSK INSPIRER,24.0,51.38472208333334,%,production,OP,225.188651375,3174.709638742625,422.67191517,416.44813516275,895.672064686,191.590399625,14546.0661984,11566.842288993,18570.9156174,0.7951869688497155,0.5607671532597177,0,0,0,0,0,0,0,0
2010-06-25,NO 15/9-F-12 H,5599,15/9-F-12,3420717,VOLVE,369304,MÆRSK INSPIRER,24.0,51.194944166666666,%,production,OP,225.170766125,3173.822954972875,420.594418052625,416.948664322375,896.076077099875,192.173392625,14367.184002,11602.907073221,17967.7857365,0.8075978613210358,0.555676590447105,0,0,0,0,0,0,0,0
2010-06-26,NO 15/9-F-12 H,5599,15/9-F-12,3420717,VOLVE,369304,MÆRSK INSPIRER,24.0,51.258488541666665,%,production,OP,225.166629125,3176.5585438855,420.72884712725,416.2573074575,895.015257081375,192.48568475,14351.2078846,11524.323037046,18008.4179091,0.8030211205714974,0.5565088429609099,0,0,0,0,0,0,0,0
2010-06-27,NO 15/9-F-12 H,5599,15/9-F-12,3420717,VOLVE,369304,MÆRSK INSPIRER,24.0,51.313354375,%,production,OP,225.162380375,3173.0931660596248,417.69192363987503,419.03081474225,897.7835550846249,191.15438825,14327.1179123,11556.704144917,18005.7132908,0.8066314673794533,0.5568863789779613,0,0,0,0,0,0,0,0
2010-06-28,NO 15/9-F-12 H,5599,15/9-F-12,3420717,VOLVE,369304,MÆRSK INSPIRER,24.0,51.31862916666667,%,production,OP,225.16300625,3175.8129760465,418.26232183437503,419.526871896875,898.220010686125,190.531358,14289.5048485,11537.872581142,18041.3765135,0.8074368358784074,0.5580230341231859,0,0,0,0,0,0,0,0
2010-06-29,NO 15/9-F-12 H,5599,15/9-F-12,3420717,VOLVE,369304,MÆRSK INSPIRER,24.0,51.324985625,%,production,OP,225.161898125,3180.0690919835,419.177414922375,417.86893949725,896.7478477915,190.22918112500005,14257.9929004,11509.79527576,17854.6949527,0.8072521396358039,0.5560012613823104,0,0,0,0,0,0,0,0
2010-06-30,NO 15/9-F-12 H,5599,15/9-F-12,3420717,VOLVE,369304,MÆRSK INSPIRER,24.0,51.283680833333335,%,production,OP,225.162192125,3186.5806545773758,421.073242879875,414.197293462375,893.205620977,192.684258125,14230.695125,11461.106545723002,18006.9083547,0.8053792485223382,0.5585684545701091,0,0,0,0,0,0,0,0
2010-07-01,NO 15/9-F-12 H,5599,15/9-F-12,3420717,VOLVE,369304,MÆRSK INSPIRER,24.0,51.292692083333336,%,production,OP,225.15826625,3183.2615777907504,418.73274956575,418.608554735,897.4312245447501,190.876556,14181.4459127,11450.881527485,18079.9330488,0.8074551493533053,0.5604203425518848,0,0,0,0,0,0,0,0
2010-07-02,NO 15/9-F-12 H,5599,15/9-F-12,3420717,VOLVE,369304,MÆRSK INSPIRER,24.0,51.68510270833333,%,production,OP,225.16064,3184.689214019375,418.569228285625,415.001532194,892.3287121641249,190.726290125,14197.1075396,11487.823528861,18232.5238394,0.8091664796380537,0.5622180414670572,0,0,0,0,0,0,0,0
2010-07-03,NO 15/9-F-12 H,5599,15/9-F-12,3420717,VOLVE,369304,MÆRSK INSPIRER,24.0,67.67730041666667,%,production,OP,225.377615375,3219.043386072875,391.18226174625,267.18334107475,742.860895092375,192.434025875,16193.9335203,13317.122163685,21909.7983578,0.8223525276913878,0.5750040029646699,0,0,0,0,0,0,0,0
2010-07-04,NO 15/9-F-12 H,5599,15/9-F-12,3420717,VOLVE,369304,MÆRSK INSPIRER,24.0,71.930785625,%,production,OP,225.41020925,3224.1518087520003,371.2297859623751,241.38697002187504,717.926916965875,192.200424875,16400.3021864,13380.300161985,21656.8221996,0.8158569281168888,0.5690609195782237,0,0,0,0,0,0,0,0
2010-07-05,NO 15/9-F-12 H,5599,15/9-F-12,3420717,VOLVE,369304,MÆRSK INSPIRER,24.0,73.82106479166667,%,production,OP,225.425483,3233.874700006625,373.93888731025,227.99306123037505,705.201101548375,192.51740375,16463.9550636,13426.23575801,21644.6199682,0.8154927358672119,0.5679724300931871,0,0,0,0,0,0,0,0
2010-07-06,NO 15/9-F-12 H,5599,15/9-F-12,3420717,VOLVE,369304,MÆRSK INSPIRER,24.0,75.346693125,%,production,OP,225.433262375,3244.535609418125,378.625007679375,217.613685685,694.712086339875,194.91152675,16515.2799132,13605.7650984,22065.911442,0.8238289129768523,0.5719344236638234,0,0,0,0,0,0,0,0
2010-07-07,NO 15/9-F-12 H,5599,15/9-F-12,3420717,VOLVE,369304,MÆRSK INSPIRER,24.0,76.926993125,%,production,OP,225.440204,3247.0044220811246,379.74872282225,215.78421865575,692.72385406825,192.479050625,16007.2519595,13123.821856030005,21624.8699648,0.8198672632401006,0.5746386028483895,0,0,0,0,0,0,0,0
2010-07-08,NO 15/9-F-12 H,5599,15/9-F-12,3420717,VOLVE,369304,MÆRSK INSPIRER,24.0,77.92247625,%,production,OP,225.442860875,3255.41361956425,381.6889988835,209.44916428625,686.626423310375,191.982876125,16060.1492616,13152.760840092,21968.8596737,0.818968779545555,0.5776868840067945,0,0,0,0,0,0,0,0
2010-07-09,NO 15/9-F-12 H,5599,15/9-F-12,3420717,VOLVE,369304,MÆRSK INSPIRER,24.0,78.83272666666667,%,production,OP,225.44363075,3261.705340809625,385.086734612125,205.45984877187504,682.587761638125,193.4951,16071.1564291,13162.557844166002,22298.4457177,0.8190174678614037,0.581148734156465,0,0,0,0,0,0,0,0
2010-07-10,NO 15/9-F-12 H,5599,15/9-F-12,3420717,VOLVE,369304,MÆRSK INSPIRER,22.33334,67.48126956521739,%,production,OP,225.324076252342,3273.067535554487,346.5327159987146,289.4098647782797,761.2353300493659,189.24730087016368,12196.0044881,10128.204400538,17305.0913549,0.8304526626257301,0.5865914760249877,0,0,0,0,0,0,0,0
2010-07-11,NO 15/9-F-12 H,5599,15/9-F-12,3420717,VOLVE,369304,MÆRSK INSPIRER,24.0,78.43736708333333,%,production,OP,225.47760275,3279.7187340741248,389.87527598225,204.32162680737505,679.74680866175,192.627433625,15247.3800134,12514.050347217,22380.0245534,0.820734469542909,0.5947799166872831,0,0,0,0,0,0,0,0
2010-07-12,NO 15/9-F-12 H,5599,15/9-F-12,3420717,VOLVE,369304,MÆRSK INSPIRER,24.0,71.054525,%,production,OP,225.39395825,3270.8718058637496,392.997445554125,256.53256619350003,733.711058040625,194.790716375,14277.1139228,11649.400288359,20459.6197642,0.8159492423574036,0.5889908921360929,0,0,0,0,0,0,0,0
2010-07-13,NO 15/9-F-12 H,5599,15/9-F-12,3420717,VOLVE,369304,MÆRSK INSPIRER,24.0,51.12475520833333,%,production,OP,225.185050625,3249.3458641855,372.806264416875,373.18061958137497,850.857700704875,193.340574125,11488.0234745,9298.089999398,15965.2360287,0.8093724756079232,0.5815424586227753,0,0,0,0,0,0,0,0
2010-07-14,NO 15/9-F-12 H,5599,15/9-F-12,3420717,VOLVE,369304,MÆRSK INSPIRER,24.0,51.22171395833333,%,production,OP,225.17065475,3244.85606181425,370.646854067375,376.72089744775,854.5662709972501,192.555191,11496.0744313,9285.440627005002,16130.4064393,0.8077053330242735,0.5838748161538707,0,0,0,0,0,0,0,0
2010-07-15,NO 15/9-F-12 H,5599,15/9-F-12,3420717,VOLVE,369304,MÆRSK INSPIRER,24.0,51.3302,%,production,OP,225.16379075,3239.924304484,367.59743011737504,380.576820304875,858.282032757125,188.836257125,11485.5704486,9300.220888396,14676.831348299998,0.8097308644804512,0.5609894482256238,0,0,0,0,0,0,0,0
2010-07-16,NO 15/9-F-12 H,5599,15/9-F-12,3420717,VOLVE,369304,MÆRSK INSPIRER,24.0,51.23523625,%,production,OP,225.154449875,3238.055511005375,363.9654368673751,382.775548038875,860.459808543375,189.96183275,11467.1413053,9291.275674886,15383.5543999,0.8102521306327378,0.5729294528826964,0,0,0,0,0,0,0,0
2010-07-17,NO 15/9-F-12 H,5599,15/9-F-12,3420717,VOLVE,369304,MÆRSK INSPIRER,24.0,51.220628958333336,%,production,OP,225.14704475,3238.07197584,364.685447802125,383.427638886875,860.869398877,190.53926075,11416.822825300002,9255.098236765,15387.013795400002,0.8106544507509955,0.5740601247926185,0,0,0,0,0,0,0,0
2010-07-18,NO 15/9-F-12 H,5599,15/9-F-12,3420717,VOLVE,369304,MÆRSK INSPIRER,24.0,51.183864375,%,production,OP,225.138821375,3238.93466790725,365.185780556125,383.52887238925,861.055926809875,190.978742,11363.6739308,9207.033870624,11953.9725993,0.8102163021124125,0.5126577668920833,0,0,0,0,0,0,0,0
2010-07-19,NO 15/9-F-12 H,5599,15/9-F-12,3420717,VOLVE,369304,MÆRSK INSPIRER,24.0,51.19876166666667,%,production,OP,225.131406875,3240.380881086375,367.926116441625,381.90352821525,859.751805546375,192.197628875,11335.7471744,9163.92804151,17538.8835926,0.8084097060849494,0.607414991177816,0,0,0,0,0,0,0,0
2010-07-20,NO 15/9-F-12 H,5599,15/9-F-12,3420717,VOLVE,369304,MÆRSK INSPIRER,24.0,51.30265104166666,%,production,OP,225.1262525,3237.8689588995003,368.0245096165,382.73135375162497,860.3970735651251,191.407567625,11331.4701036,9169.025012161002,19009.692763000003,0.8091646475110065,0.6265314499177008,0,0,0,0,0,0,0,0
2010-07-21,NO 15/9-F-12 H,5599,15/9-F-12,3420717,VOLVE,369304,MÆRSK INSPIRER,24.0,51.15669041666666,%,production,OP,225.1182275,3238.52504433575,369.06614231625,382.58212475775,860.4444194072499,190.62448887500005,11276.371368,9126.0600887,19076.7421376,0.8093082243280727,0.6284937502072213,0,0,0,0,0,0,0,0
2010-07-22,NO 15/9-F-12 H,5599,15/9-F-12,3420717,VOLVE,369304,MÆRSK INSPIRER,24.0,51.13662479166667,%,production,OP,225.108825125,3240.460703354,365.786682055,381.387863736,859.0048477598749,193.344471875,11221.1468362,9099.286955189002,19246.1267209,0.8109052566564972,0.6316983593832255,0,0,0,0,0,0,0,0
2010-07-23,NO 15/9-F-12 H,5599,15/9-F-12,3420717,VOLVE,369304,MÆRSK INSPIRER,24.0,51.13622604166667,%,production,OP,225.10526975,3240.8011679725,366.300711835125,381.08385502312495,858.722065962625,193.546406,11717.3499471,9500.026516937998,20279.4167077,0.810765792591969,0.6337958121358421,0,0,0,0,0,0,0,0
2010-07-24,NO 15/9-F-12 H,5599,15/9-F-12,3420717,VOLVE,369304,MÆRSK INSPIRER,24.0,51.214488125,%,production,OP,225.103070375,3240.361859957,369.56245328737504,381.38454599175,859.184380630875,193.61776925,11727.350745,9516.595821031,20369.4238888,0.811487268349029,0.6346252581824737,0,0,0,0,0,0,0,0
2010-07-25,NO 15/9-F-12 H,5599,15/9-F-12,3420717,VOLVE,369304,MÆRSK INSPIRER,24.0,51.26635291666667,%,production,OP,225.10179725,3239.48199297325,368.542703195875,383.484847313,861.03005867825,193.233055625,11729.6150766,9507.913348889,20429.4286762,0.8105903976215567,0.6352623179108448,0,0,0,0,0,0,0,0
2010-07-26,NO 15/9-F-12 H,5599,15/9-F-12,3420717,VOLVE,369304,MÆRSK INSPIRER,24.0,51.264072291666665,%,production,OP,225.096084125,3243.17000715075,347.219482338875,380.874163313,858.800211228375,194.005674875,11682.9446864,9468.224217,20449.7447625,0.8104313142920095,0.636415597736406,0,0,0,0,0,0,0,0
2010-07-27,NO 15/9-F-12 H,5599,15/9-F-12,3420717,VOLVE,369304,MÆRSK INSPIRER,24.0,51.26580375,%,production,OP,225.093677,3240.71816393375,364.530024477,382.84788271975,860.723070643125,192.709298375,11696.530676,9494.984990366002,20487.2320301,0.8117778898189589,0.6365704413491999,0,0,0,0,0,0,0,0
2010-07-28,NO 15/9-F-12 H,5599,15/9-F-12,3420717,VOLVE,369304,MÆRSK INSPIRER,24.0,51.2617475,%,production,OP,225.08924225,3244.050354572875,367.0902956855,380.423327798125,858.116894907625,194.101978625,11681.435132,9474.201229975,20495.5974774,0.8110477114255827,0.636963567343141,0,0,0,0,0,0,0,0
2010-07-29,NO 15/9-F-12 H,5599,15/9-F-12,3420717,VOLVE,369304,MÆRSK INSPIRER,24.0,51.315518958333335,%,production,OP,225.08774375,3244.3365568496247,364.348364382,380.39735693125,858.338074836,193.8357335,11663.8865621,9469.686951874,20517.423118100003,0.811880919919462,0.6375571200175123,0,0,0,0,0,0,0,0
2010-07-30,NO 15/9-F-12 H,5599,15/9-F-12,3420717,VOLVE,369304,MÆRSK INSPIRER,24.0,51.02336375,%,production,OP,225.07915175,3243.4236363100003,361.437950290125,384.43078817062496,862.2553215725001,193.110381875,11612.5617125,9410.55884337,20414.2702341,0.8103775098340515,0.6374114763563805,0,0,0,0,0,0,0,0
2010-07-31,NO 15/9-F-12 H,5599,15/9-F-12,3420717,VOLVE,369304,MÆRSK INSPIRER,24.0,50.981098333333335,%,production,OP,225.073184375,3242.769094924125,363.582621152875,386.466200095,864.037327937875,191.88338525,11592.6859129,9403.090490614,20435.0266071,0.8111226821172234,0.6380420267085625,0,0,0,0,0,0,0,0
2010-08-01,NO 15/9-F-12 H,5599,15/9-F-12,3420717,VOLVE,369304,MÆRSK INSPIRER,24.0,50.990301875,%,production,OP,225.06904325,3244.29737543825,365.1222267175,385.91790206575,863.577116320625,193.530340625,11573.5648905,9387.16285462,20486.1627624,0.8110865531436492,0.6389998999429085,0,0,0,0,0,0,0,0
2010-08-02,NO 15/9-F-12 H,5599,15/9-F-12,3420717,VOLVE,369304,MÆRSK INSPIRER,24.0,51.03961083333333,%,production,OP,225.069081125,3239.904280175125,363.80226911737503,388.751128747,866.297491351375,194.435484875,11607.9072531,9412.909389802,20506.2901544,0.810904944755498,0.6385428193703178,0,0,0,0,0,0,0,0
2010-08-03,NO 15/9-F-12 H,5599,15/9-F-12,3420717,VOLVE,369304,MÆRSK INSPIRER,24.0,51.06005395833333,%,production,OP,225.068729,3236.480594731,364.27594811725,390.809217967,868.55748253225,193.653591125,11590.0441927,9394.515022013,20612.5250453,0.8105676618498265,0.6400894566193992,0,0,0,0,0,0,0,0
2010-08-04,NO 15/9-F-12 H,5599,15/9-F-12,3420717,VOLVE,369304,MÆRSK INSPIRER,24.0,51.092241875,%,production,OP,225.066692375,3238.5064492555,366.07573674575,389.135953842125,867.027945022125,194.7406445,11581.1755606,9396.681578858,20588.8124616,0.8113754540451138,0.6400006256574291,0,0,0,0,0,0,0,0
2010-08-05,NO 15/9-F-12 H,5599,15/9-F-12,3420717,VOLVE,369304,MÆRSK INSPIRER,22.16667,47.34201217391304,%,production,OP,225.04995120327683,3256.696020617581,341.4234731915331,396.15023265285777,872.4489346707707,189.8425796638142,9887.5184219,8090.927256151,18960.820939300003,0.8182970600823655,0.657258662340947,0,0,0,0,0,0,0,0
2010-08-06,NO 15/9-F-12 H,5599,15/9-F-12,3420717,VOLVE,369304,MÆRSK INSPIRER,24.0,50.957439375,%,production,OP,225.117884,3251.756694886375,376.095750429875,372.40174437,848.3875283106249,193.9251005,11294.1086322,9190.440199388002,21629.0841375,0.8137375421718235,0.6569558514205148,0,0,0,0,0,0,0,0
2010-08-07,NO 15/9-F-12 H,5599,15/9-F-12,3420717,VOLVE,369304,MÆRSK INSPIRER,22.5,44.77168413043479,%,production,OP,225.027882704256,3265.807109979849,326.26340319775375,422.85588381441175,894.5439273441098,186.914797705784,9419.8081503,7726.374667492,18119.9991385,0.8202263299009896,0.6579566424878039,0,0,0,0,0,0,0,0
2010-08-08,NO 15/9-F-12 H,5599,15/9-F-12,3420717,VOLVE,369304,MÆRSK INSPIRER,24.0,50.912612083333336,%,production,OP,225.115749125,3257.009814121875,372.141821165875,376.59326400775,845.837415805375,194.18583875,11326.2495613,9217.75117578,21719.971892,0.8138396673931321,0.657260374614812,0,0,0,0,0,0,0,0
2010-08-09,NO 15/9-F-12 H,5599,15/9-F-12,3420717,VOLVE,369304,MÆRSK INSPIRER,24.0,51.02319,%,production,OP,225.1089935,3253.32149476025,375.20835657825,379.91584285775,849.369973419875,194.396503625,11406.1301483,9272.854821072002,21746.9551769,0.8129711567822197,0.6559556965387446,0,0,0,0,0,0,0,0
2010-08-10,NO 15/9-F-12 H,5599,15/9-F-12,3420717,VOLVE,369304,MÆRSK INSPIRER,24.0,51.052987916666666,%,production,OP,225.102993125,3251.849446687375,373.2729513765,382.77150812625,852.3836243515,193.95911975,11445.8817475,9285.693480257,21150.115106,0.8112693879862226,0.6488562138798036,0,0,0,0,0,0,0,0
2010-08-11,NO 15/9-F-12 H,5599,15/9-F-12,3420717,VOLVE,369304,MÆRSK INSPIRER,24.0,51.074093958333336,%,production,OP,225.09850925,3253.773847130875,372.937345531,381.12655964925,850.935997051875,194.15399675,11455.1906663,9277.133196976998,21226.850788000003,0.8098628357421737,0.6494958651124031,0,0,0,0,0,0,0,0
2010-08-12,NO 15/9-F-12 H,5599,15/9-F-12,3420717,VOLVE,369304,MÆRSK INSPIRER,24.0,51.18385083333333,%,production,OP,225.0936095,3251.244082248375,369.95255413975,383.5022156135,853.21184572075,193.756744625,11439.6548356,9297.683527201,21273.5840763,0.8127590963904591,0.6503050380792887,0,0,0,0,0,0,0,0
2010-08-13,NO 15/9-F-12 H,5599,15/9-F-12,3420717,VOLVE,369304,MÆRSK INSPIRER,24.0,51.26246104166667,%,production,OP,225.089583125,3254.4135553596248,366.16405582287496,379.5883168375,849.394436495875,194.344440875,11450.1588183,9310.868623593,21344.8476236,0.8131650199220014,0.6508566376230104,0,0,0,0,0,0,0,0
2010-08-14,NO 15/9-F-12 H,5599,15/9-F-12,3420717,VOLVE,369304,MÆRSK INSPIRER,24.0,51.30890645833333,%,production,OP,225.084112625,3255.277184130625,368.83755034175,378.86936649312497,848.581474332875,194.919401375,11455.0648701,9288.733016486,21329.1230986,0.8108843661576672,0.6505917767114904,0,0,0,0,0,0,0,0
2010-08-15,NO 15/9-F-12 H,5599,15/9-F-12,3420717,VOLVE,369304,MÆRSK INSPIRER,23.09167,49.59303659574468,%,production,OP,225.07784827372123,3254.150157623114,366.3672417974389,389.02995476722106,856.9969842024728,194.5691395587015,10872.3139736,8767.298757694,20082.4827566,0.8063875619286411,0.6487680384929553,0,0,0,0,0,0,0,0
2010-08-17,NO 15/9-F-12 H,5599,15/9-F-12,3420717,VOLVE,369304,MÆRSK INSPIRER,0.0,44.721054751773046,%,production,OP,221.565128,4519.4706676860005,0.0,50.131949586,33.002236596,64.39847,0.0,0.0,0.0,inf,0.6498948173931023,1,0,0,0,0,1,1,0
2010-08-20,NO 15/9-F-12 H,5599,15/9-F-12,3420717,VOLVE,369304,MÆRSK INSPIRER,0.0,39.849072907801414,%,production,OP,220.312616,4495.943618591999,0.0,11.14326954,57.937314594,58.371098,0.0,0.0,0.0,inf,0.6510215962932494,1,0,0,0,0,1,1,0
2010-08-21,NO 15/9-F-12 H,5599,15/9-F-12,3420717,VOLVE,369304,MÆRSK INSPIRER,0.0,34.97709106382979,%,production,OP,220.244738,4525.604614782,0.0,12.348100206,58.41550487999999,59.959382,0.0,0.0,0.0,inf,0.6521483751933965,1,0,0,0,0,1,1,0
2010-08-22,NO 15/9-F-12 H,5599,15/9-F-12,3420717,VOLVE,369304,MÆRSK INSPIRER,0.0,30.105109219858154,%,production,OP,220.166294,4556.134098516,0.376518648,11.615948382,51.318940578,59.440712000000005,0.0,0.0,0.0,inf,0.6532751540935435,1,0,0,0,0,1,1,0
2010-08-23,NO 15/9-F-12 H,5599,15/9-F-12,3420717,VOLVE,369304,MÆRSK INSPIRER,0.0,25.23312737588652,%,production,OP,220.061768,4554.550573632,0.0,14.273479656,53.323365738,57.931916,0.0,0.0,0.0,inf,0.6544019329936905,1,0,0,0,0,1,1,0
2010-08-25,NO 15/9-F-12 H,5599,15/9-F-12,3420717,VOLVE,369304,MÆRSK INSPIRER,0.0,20.361145531914893,%,production,OP,219.888266,4555.990655934,0.0,12.962191098,50.541826974,55.943186,0.0,0.0,0.0,inf,0.6555287118938377,1,0,0,0,0,1,1,0
2010-08-26,NO 15/9-F-12 H,5599,15/9-F-12,3420717,VOLVE,369304,MÆRSK INSPIRER,0.0,15.489163687943261,%,production,OP,219.804188,4555.915671288,0.0,19.259450982,50.008667286000005,55.571144,0.0,0.0,0.0,inf,0.6566554907939848,1,0,0,0,0,1,1,0
2010-08-27,NO 15/9-F-12 H,5599,15/9-F-12,3420717,VOLVE,369304,MÆRSK INSPIRER,0.0,10.617181843971629,%,production,OP,219.722468,4560.127574808,0.0,42.041004756,45.273901776,55.63526,0.0,0.0,0.0,inf,0.6577822696941318,1,0,0,0,0,1,1,0
2010-08-28,NO 15/9-F-12 H,5599,15/9-F-12,3420717,VOLVE,369304,MÆRSK INSPIRER,0.175,5.7452,%,production,OP,219.505334,3083.376330534,0.0,1197.677536878,1482.104596854,55.872212,0.0,18.899014852,0.0,inf,0.6589090485942788,0,0,0,0,0,0,1,0
2010-08-29,NO 15/9-F-12 H,5599,15/9-F-12,3420717,VOLVE,369304,MÆRSK INSPIRER,23.5,30.086768125,%,production,OP,224.30902218723404,3149.248508085779,36.17074600174468,765.1701396012575,1223.944224492166,155.69453135319148,6732.2981335,5504.875212232,13070.665466700002,0.817681437017721,0.6600358274944259,0,0,0,0,0,0,0,0
2010-08-30,NO 15/9-F-12 H,5599,15/9-F-12,3420717,VOLVE,369304,MÆRSK INSPIRER,24.0,32.73608958333333,%,production,OP,224.49338975,3119.383231748875,164.24305568875,759.0385665638751,1231.004782480625,177.13272912500005,7813.201982,6149.427462781001,10630.7223715,0.7870559953458273,0.5763807185363276,0,0,0,0,0,0,0,0
2010-08-31,NO 15/9-F-12 H,5599,15/9-F-12,3420717,VOLVE,369304,MÆRSK INSPIRER,24.0,29.395641041666668,%,production,OP,224.426329625,3114.5685049765,182.476127134,792.2808742877501,1264.24435261225,173.40814625,7082.2002638,5505.264380226,10124.8958513,0.7773381400079351,0.5884139766276396,0,0,0,0,0,0,0,0
2010-09-01,NO 15/9-F-12 H,5599,15/9-F-12,3420717,VOLVE,369304,MÆRSK INSPIRER,20.41667,26.874176904761903,%,production,OP,224.34903741306783,3127.513956938393,155.42572509935533,792.5090105282571,1262.0167033592743,163.5474463723614,6184.3298863,4932.796495317,13287.852606,0.7976282937694685,0.6824018114689759,0,0,0,0,0,0,0,0
2010-09-02,NO 15/9-F-12 H,5599,15/9-F-12,3420717,VOLVE,369304,MÆRSK INSPIRER,24.0,45.570762916666666,%,production,OP,224.876232875,3142.4156559385,316.56543211425,548.8484122005,1017.1321284053748,188.635481,12202.7974829,12663.870136791002,16730.9574981,1.0377841765002749,0.5782504728158084,0,0,0,0,0,0,0,0
2010-09-03,NO 15/9-F-12 H,5599,15/9-F-12,3420717,VOLVE,369304,MÆRSK INSPIRER,24.0,47.7170425,%,production,OP,224.97540987500005,3159.130418232125,363.939330027375,491.898368250875,962.476395253375,190.869983375,12625.2211225,10481.158935423002,17737.893181,0.8301762665165551,0.5841921551161611,0,0,0,0,0,0,0,0
2010-09-04,NO 15/9-F-12 H,5599,15/9-F-12,3420717,VOLVE,369304,MÆRSK INSPIRER,24.0,49.737566875,%,production,OP,225.048330875,3178.077723265125,387.93029222925,440.853035816625,913.66307979575,191.970600875,13087.8995461,10883.130980202,18925.2206147,0.8315414510837236,0.591170761226639,0,0,0,0,0,0,0,0
2010-09-05,NO 15/9-F-12 H,5599,15/9-F-12,3420717,VOLVE,369304,MÆRSK INSPIRER,24.0,50.549581458333336,%,production,OP,225.0664025,3189.242709224,398.6986204095,423.495304960875,896.3558100775,191.468546,13026.9512872,10871.793902061,20510.7559195,0.8345616454974688,0.6115729913523266,0,0,0,0,0,0,0,0
2010-09-06,NO 15/9-F-12 H,5599,15/9-F-12,3420717,VOLVE,369304,MÆRSK INSPIRER,24.0,50.79976875,%,production,OP,225.06936425,3196.3126953125,402.807368673625,412.66932719725,890.37033959075,190.176640625,12838.1940891,10339.766999004,20049.7128465,0.8053910797144564,0.6096378491267528,0,0,0,0,0,0,0,0
2010-09-07,NO 15/9-F-12 H,5599,15/9-F-12,3420717,VOLVE,369304,MÆRSK INSPIRER,24.0,50.80463125,%,production,OP,225.06657575,3200.62909266825,403.58315578425,408.410029489125,887.9983095765,186.770033,12814.7330978,10732.5611064,21835.3270074,0.8375173345001261,0.6301670744900997,0,0,0,0,0,0,0,0
2010-09-08,NO 15/9-F-12 H,5599,15/9-F-12,3420717,VOLVE,369304,MÆRSK INSPIRER,24.0,50.7838575,%,production,OP,225.062513375,3207.403542680375,405.84388726325,403.894917986875,883.6612715003749,187.78067,12681.8923106,10651.465841908,20910.0330583,0.8398956229115041,0.6224720026813014,0,0,0,0,0,0,0,0
2010-09-09,NO 15/9-F-12 H,5599,15/9-F-12,3420717,VOLVE,369304,MÆRSK INSPIRER,24.0,50.80705041666667,%,production,OP,225.056904125,3214.9801374380004,408.723160487875,401.5539835155,880.745261359,188.626988,12582.2617202,10567.63439446,22034.5881882,0.8398835304382798,0.6365278252211264,0,0,0,0,0,0,0,0
2010-09-10,NO 15/9-F-12 H,5599,15/9-F-12,3420717,VOLVE,369304,MÆRSK INSPIRER,24.0,50.846606875,%,production,OP,225.054456125,3222.369778213625,411.950739447875,395.91383642025,874.970171512875,190.322840375,11910.0068274,9992.720966576,19406.0765892,0.8390189116925509,0.619684024053699,0,0,0,0,0,0,0,0
2010-09-11,NO 15/9-F-12 H,5599,15/9-F-12,3420717,VOLVE,369304,MÆRSK INSPIRER,24.0,51.32348375,%,production,OP,225.0580415,3231.601749076125,417.6317842375,385.5643145298751,863.047769923375,192.477702875,11998.9447408,9896.349269158,19878.3784221,0.8247683011246357,0.6235899520332117,0,0,0,0,0,0,0,0
2010-09-12,NO 15/9-F-12 H,5599,15/9-F-12,3420717,VOLVE,369304,MÆRSK INSPIRER,24.0,62.17599979166667,%,production,OP,225.230429375,3263.30604363175,435.401583159375,284.981627877125,750.23004320725,194.931212375,12726.172573,11195.345064579,21738.6526277,0.8797102978417233,0.6307489592971584,0,0,0,0,0,0,0,0
2010-09-13,NO 15/9-F-12 H,5599,15/9-F-12,3420717,VOLVE,369304,MÆRSK INSPIRER,24.0,64.16969583333334,%,production,OP,225.262442375,3269.355617892875,407.414836144,272.62284320512504,738.0390735445,191.73015875,12383.1892337,10529.789043058,22736.0906975,0.8503293331254199,0.6473962661546838,0,0,0,0,0,0,0,0
2010-09-14,NO 15/9-F-12 H,5599,15/9-F-12,3420717,VOLVE,369304,MÆRSK INSPIRER,24.0,69.08174229166667,%,production,OP,225.29601725,3284.748301405625,406.437639597375,238.61711588175,705.1929612906249,193.598692625,12822.9098508,11235.153913301,22140.5714867,0.8761781876365651,0.6332484821227794,0,0,0,0,0,0,0,0
2010-09-15,NO 15/9-F-12 H,5599,15/9-F-12,3420717,VOLVE,369304,MÆRSK INSPIRER,24.0,72.18921770833333,%,production,OP,225.324684125,3298.2973736625,412.621431419375,218.48540636775,685.6418660852501,194.63039075,12926.8804101,11459.424153415002,25982.3245366,0.8864802481240216,0.6677680659934336,0,0,0,0,0,0,0,0
2010-09-16,NO 15/9-F-12 H,5599,15/9-F-12,3420717,VOLVE,369304,MÆRSK INSPIRER,24.0,70.77130208333334,%,production,OP,225.3212109787234,3308.679362656341,413.31017207131913,214.500876528766,681.2551476723829,195.4275233191489,12876.9393187,11100.817500795,25575.4996258,0.8620695668476358,0.6651203493935502,0,0,0,0,0,0,0,0
2010-09-17,NO 15/9-F-12 H,5599,15/9-F-12,3420717,VOLVE,369304,MÆRSK INSPIRER,24.0,70.77175270833334,%,production,OP,225.29123025531916,3327.185578843787,417.4595611274043,205.3359067932766,669.6670249849788,195.512381375,12883.3549249,10797.710018107,25162.384905,0.8381132151562464,0.6613719438102497,0,0,0,0,0,0,0,0
2010-09-18,NO 15/9-F-12 H,5599,15/9-F-12,3420717,VOLVE,369304,MÆRSK INSPIRER,22.5,59.78045673913044,%,production,OP,225.116423291328,3345.4313448574453,364.0917871587675,291.7743801473828,754.4818436948788,189.016195763848,9134.8797573,7634.136202562001,19825.1666295,0.8357128287825899,0.6845695743959967,0,0,0,0,0,0,0,0
2010-09-19,NO 15/9-F-12 H,5599,15/9-F-12,3420717,VOLVE,369304,MÆRSK INSPIRER,24.0,74.09558979166667,%,production,OP,225.27898775,3348.30527345575,411.955755345375,190.85234358025,652.791318085875,197.72801675,11764.3348278,10387.313651643,25198.6771087,0.882949508296636,0.6817268341657238,0,0,0,0,0,0,0,0
2010-09-20,NO 15/9-F-12 H,5599,15/9-F-12,3420717,VOLVE,369304,MÆRSK INSPIRER,21.49166,64.46090113636363,%,production,OP,225.21202005959708,3338.7579223949665,389.13307827268864,245.46591966303453,713.9256869730212,194.4090640902229,9160.5421821,7830.503591912,21205.9057207,0.8548078744960163,0.6983334299941175,0,0,0,0,0,0,0,0
2010-09-21,NO 15/9-F-12 H,5599,15/9-F-12,3420717,VOLVE,369304,MÆRSK INSPIRER,4.175,39.136903333333336,%,production,OP,224.56248228742515,3458.02856093921,39.60034176862276,357.79044515726946,815.6550424374252,157.7545875688623,1083.2310782,870.6171837170001,2430.5083802000004,0.8037224939702622,0.6917155950164686,0,0,0,0,0,0,0,0
2010-09-22,NO 15/9-F-12 H,5599,15/9-F-12,3420717,VOLVE,369304,MÆRSK INSPIRER,15.65833,37.781823125,%,production,OP,224.82478442247037,3344.27107356318,245.80131951127652,468.457301386341,926.0644659808296,185.0691763892433,3744.3867911,3092.187974671,9068.019077,0.8258195926822504,0.7077530301765824,0,0,0,0,0,0,0,0
2010-09-23,NO 15/9-F-12 H,5599,15/9-F-12,3420717,VOLVE,369304,MÆRSK INSPIRER,0.0,43.367216349734036,%,production,OP,221.958194,4041.864159636,0.0,378.039661506,485.05711011,75.003998,0.0,0.0,0.0,0.8192900315489354,0.659737986287608,1,0,0,0,0,1,1,0
2010-09-24,NO 15/9-F-12 H,5599,15/9-F-12,3420717,VOLVE,369304,MÆRSK INSPIRER,23.34167,48.95260957446808,%,production,OP,225.218577596567,3125.077929999339,160.83632377194948,395.5233061490196,856.7479263696372,179.5377494229976,11495.8228389,9343.350378359,18111.4449969,0.8127604704156205,0.6117229423986336,0,0,0,0,0,0,0,0
2010-09-25,NO 15/9-F-12 H,5599,15/9-F-12,3420717,VOLVE,369304,MÆRSK INSPIRER,24.0,54.78470270833333,%,production,OP,225.513593,3074.658063116125,290.05252197375,327.08683612112503,799.027700604125,190.831547,13330.2459254,10943.717232669002,20773.2925889,0.8209688923905291,0.6091242578886505,0,0,0,0,0,0,0,0
2010-09-26,NO 15/9-F-12 H,5599,15/9-F-12,3420717,VOLVE,369304,MÆRSK INSPIRER,23.16666,51.513159375,%,production,OP,225.4485928062552,3086.634618520075,290.7559390344501,335.6234870942734,807.7689536710556,190.4229473255385,12324.5682045,10142.422098758,19115.6760615,0.8229434030033405,0.6080002400672189,0,0,0,0,0,0,0,0
2010-09-27,NO 15/9-F-12 H,5599,15/9-F-12,3420717,VOLVE,369304,MÆRSK INSPIRER,24.0,55.77891104166667,%,production,OP,225.499710875,3087.5687627025,318.057477301375,303.314074525375,775.493762205125,192.71911025,13101.9887205,10945.740411832,19247.8878677,0.8354258765851148,0.5949910756296639,0,0,0,0,0,0,0,0
2010-09-28,NO 15/9-F-12 H,5599,15/9-F-12,3420717,VOLVE,369304,MÆRSK INSPIRER,24.0,55.87806041666666,%,production,OP,225.50429825,3097.555511317,323.218899283,300.402176815625,771.9954396018751,191.583318875,12884.675785,10764.278297911002,17240.36921,0.8354326082804886,0.5722935588265998,0,0,0,0,0,0,0,0
2010-09-29,NO 15/9-F-12 H,5599,15/9-F-12,3420717,VOLVE,369304,MÆRSK INSPIRER,24.0,56.38509354166667,%,production,OP,225.511575875,3107.4341522322497,325.98465912125005,293.96542965675,765.400480158,190.540783625,12726.1096749,10649.948722396,19508.0973074,0.8368581596779053,0.6051986114661364,0,0,0,0,0,0,0,0
2010-09-30,NO 15/9-F-12 H,5599,15/9-F-12,3420717,VOLVE,369304,MÆRSK INSPIRER,10.0,42.76418,%,production,OP,225.180068645678,3187.9521495925883,263.37772689823794,388.5605893520574,837.5318634553313,167.218380284144,3425.1160355,2760.667696951,16122.795769200002,0.8060070573778376,0.8247835334167775,0,0,0,0,0,0,0,0
2010-10-01,NO 15/9-F-12 H,5599,15/9-F-12,3420717,VOLVE,369304,MÆRSK INSPIRER,24.0,47.372396875,%,production,OP,225.20520162500003,3180.4108589223747,214.818081256625,367.07661074587503,834.5615724685,177.142625,9743.0414862,8215.794031852,16459.6779928,0.8432473620777263,0.6281667826880146,0,0,0,0,0,0,0,0
2010-10-02,NO 15/9-F-12 H,5599,15/9-F-12,3420717,VOLVE,369304,MÆRSK INSPIRER,24.0,56.73822520833333,%,production,OP,225.489624875,3122.30628831975,319.352449084375,289.45836172025,763.59820775375,188.102096375,12424.0101006,10477.677612297,18611.988076700003,0.8433410410533226,0.5996903328314077,0,0,0,0,0,0,0,0
2010-10-03,NO 15/9-F-12 H,5599,15/9-F-12,3420717,VOLVE,369304,MÆRSK INSPIRER,24.0,53.26824229166667,%,production,OP,225.435335375,3136.423788671625,328.4449689315,327.755953826,799.7975895027499,190.98804575,11920.3221158,10081.086821504,17857.2737748,0.8457059065662199,0.5996882300507366,0,0,0,0,0,0,0,0
2010-10-04,NO 15/9-F-12 H,5599,15/9-F-12,3420717,VOLVE,369304,MÆRSK INSPIRER,24.0,44.69060208333333,%,production,OP,225.253344875,3167.8006538990003,304.14060680625,424.222951542,891.8314463595,185.3597795,8806.1742867,7379.704736619,13954.5095679,0.8380148400838032,0.613097113296082,0,0,0,0,0,0,0,0
2010-10-05,NO 15/9-F-12 H,5599,15/9-F-12,3420717,VOLVE,369304,MÆRSK INSPIRER,24.0,42.171643125,%,production,OP,225.0663275,3205.76804282475,248.04386069175,454.306518966625,919.354966175875,180.852608,7207.367482800001,6122.756741900001,13040.6001749,0.8495136062524401,0.64404489355952,0,0,0,0,0,0,0,0
2010-10-06,NO 15/9-F-12 H,5599,15/9-F-12,3420717,VOLVE,369304,MÆRSK INSPIRER,24.0,52.53854875,%,production,OP,225.391080875,3151.239441523,332.37107507250005,336.63119466262503,808.713036081625,190.077146375,11550.8586764,9753.942741408002,18856.6616857,0.8444344281812272,0.6201315155313678,0,0,0,0,0,0,0,0
2010-10-07,NO 15/9-F-12 H,5599,15/9-F-12,3420717,VOLVE,369304,MÆRSK INSPIRER,24.0,53.11533270833333,%,production,OP,225.396525125,3153.7623896195,337.14023573987504,327.169447348625,799.540343458375,190.5879845,11616.2098023,9788.526427118002,21725.3811286,0.8426609534187203,0.6516000143372151,0,0,0,0,0,0,0,0
2010-10-08,NO 15/9-F-12 H,5599,15/9-F-12,3420717,VOLVE,369304,MÆRSK INSPIRER,22.00001,39.6456085106383,%,production,OP,225.1633679300847,3186.5815220916943,248.2732304091005,372.2806682752494,897.7494610989638,176.61045522975104,5511.068623900001,4645.340134522,11100.9485671,0.8429109582080737,0.6682480784521602,0,0,0,0,0,0,0,0
2010-10-09,NO 15/9-F-12 H,5599,15/9-F-12,3420717,VOLVE,369304,MÆRSK INSPIRER,24.0,52.63942541666667,%,production,OP,225.3665615,3166.32181623475,332.03164989299995,320.7283671795,792.600882505,190.18035725,11262.785378400002,9463.528068194002,21943.637535600003,0.840247572003223,0.6608250937606547,0,0,0,0,0,0,0,0
2010-10-10,NO 15/9-F-12 H,5599,15/9-F-12,3420717,VOLVE,369304,MÆRSK INSPIRER,24.0,52.70133979166667,%,production,OP,225.32664725,3165.417676537375,337.739958805,318.508049934875,790.609598392125,191.875780625,11184.540142,9432.321880392,20723.8546823,0.8433356902150945,0.649479699508972,0,0,0,0,0,0,0,0
2010-10-11,NO 15/9-F-12 H,5599,15/9-F-12,3420717,VOLVE,369304,MÆRSK INSPIRER,24.0,51.59723541666666,%,production,OP,212.69975268085105,2894.708431402085,339.08426922395745,314.827142040766,787.1099562388085,193.1956761276596,11100.3195861,9377.675207318,21931.6868966,0.8448112808446413,0.663952609360451,0,0,0,0,0,0,0,0
2010-10-12,NO 15/9-F-12 H,5599,15/9-F-12,3420717,VOLVE,369304,MÆRSK INSPIRER,24.0,52.879489375,%,production,OP,32.0,784.772190552,339.19688364475,312.301849741875,784.772190552,193.042963625,11064.2789748,9359.979364295,21241.317351,0.8459637890198981,0.657512003084004,0,0,0,0,0,0,0,0
2010-10-13,NO 15/9-F-12 H,5599,15/9-F-12,3420717,VOLVE,369304,MÆRSK INSPIRER,24.0,53.020327083333335,%,production,OP,32.0,782.8071447519574,340.12116748736173,310.39019817714893,782.8071447519574,193.1474365106383,11068.7447399,9370.982718521002,20585.290168000003,0.8466165711402668,0.6503212063768359,0,0,0,0,0,0,0,0
2010-10-14,NO 15/9-F-12 H,5599,15/9-F-12,3420717,VOLVE,369304,MÆRSK INSPIRER,24.0,53.13346416666667,%,production,OP,32.0,780.95592047975,339.96829242075,308.546108861625,780.95592047975,193.028767625,10947.9174898,9274.597601517,20344.5162412,0.8471563299739877,0.6501417056943579,0,0,0,0,0,0,0,0
2010-10-15,NO 15/9-F-12 H,5599,15/9-F-12,3420717,VOLVE,369304,MÆRSK INSPIRER,24.0,53.182292708333335,%,production,OP,32.0,778.781507762125,340.547154186875,306.390783749125,778.781507762125,193.078522625,10899.3601566,9238.780373336,20607.1158087,0.8476442874255832,0.654059687011517,0,0,0,0,0,0,0,0
2010-10-16,NO 15/9-F-12 H,5599,15/9-F-12,3420717,VOLVE,369304,MÆRSK INSPIRER,24.0,53.289092708333335,%,production,OP,32.0,775.5671333033749,343.9098632385,303.123077609125,775.5671333033749,193.628292125,10859.9230479,9198.35634254,20502.8307589,0.847000140053359,0.6537318401694249,0,0,0,0,0,0,0,0
2010-10-17,NO 15/9-F-12 H,5599,15/9-F-12,3420717,VOLVE,369304,MÆRSK INSPIRER,24.0,53.333513333333336,%,production,OP,32.0,777.975821672125,341.75561080287497,305.518688384875,777.975821672125,189.88152275,10796.3959669,9150.20474909,20743.164399,0.8475240049682362,0.6576871763065897,0,0,0,0,0,0,0,0
2010-10-18,NO 15/9-F-12 H,5599,15/9-F-12,3420717,VOLVE,369304,MÆRSK INSPIRER,24.0,53.423778125,%,production,OP,32.0,774.1453257893751,339.31267533637504,301.32707507675,774.1453257893751,190.582412,10737.7749377,9010.002211767,20852.4183987,0.8390939709616335,0.6600915093062336,0,0,0,0,0,0,0,0
2010-10-19,NO 15/9-F-12 H,5599,15/9-F-12,3420717,VOLVE,369304,MÆRSK INSPIRER,24.0,53.558258333333335,%,production,OP,32.0,767.322127901125,335.5982189185,294.6733540915,767.322127901125,192.311472875,10661.7311348,9001.338103269,21383.3412608,0.8442660942638611,0.667289528849249,0,0,0,0,0,0,0,0
2010-10-20,NO 15/9-F-12 H,5599,15/9-F-12,3420717,VOLVE,369304,MÆRSK INSPIRER,24.0,53.77783625,%,production,OP,32.0,763.20445375675,335.080170377125,290.59195455525,763.20445375675,192.056333375,10600.216793,8941.462735713001,21464.6685041,0.8435169685980026,0.6694135439817495,0,0,0,0,0,0,0,0
2010-10-21,NO 15/9-F-12 H,5599,15/9-F-12,3420717,VOLVE,369304,MÆRSK INSPIRER,24.0,53.843035,%,production,OP,32.0,761.1930093618749,335.83935063675,288.6859437215,761.1930093618749,191.6288705,10565.9373285,9013.078475284,21686.8245933,0.8530316047751485,0.6724020921334378,0,0,0,0,0,0,0,0
2010-10-22,NO 15/9-F-12 H,5599,15/9-F-12,3420717,VOLVE,369304,MÆRSK INSPIRER,24.0,53.91463041666667,%,production,OP,32.0,759.332733844125,337.630288925625,289.810798017,759.332733844125,192.517328,10453.9787105,8750.954055093,21485.1732847,0.8370931582540456,0.6726907867788385,0,0,0,0,0,0,0,0
2010-10-23,NO 15/9-F-12 H,5599,15/9-F-12,3420717,VOLVE,369304,MÆRSK INSPIRER,24.0,53.91595895833333,%,production,OP,32.0,759.482156222,340.1372556475,287.5639539265,759.482156222,193.209793625,10472.7852424,8928.420663856,21857.8445272,0.8525354485174105,0.6760723401606176,0,0,0,0,0,0,0,0
2010-10-24,NO 15/9-F-12 H,5599,15/9-F-12,3420717,VOLVE,369304,MÆRSK INSPIRER,24.0,53.95525520833333,%,production,OP,32.0,760.10514882125,338.683693876375,287.42224575725004,760.10514882125,192.5045105,10471.0240956,8850.347984537,21814.2561439,0.8452227693999845,0.6756718845887842,0,0,0,0,0,0,0,0
2010-10-25,NO 15/9-F-12 H,5599,15/9-F-12,3420717,VOLVE,369304,MÆRSK INSPIRER,24.0,53.52230375,%,production,OP,32.0,765.333953040375,338.61424182575,292.99203129275,765.333953040375,191.5944275,10357.9962099,8799.115183512,22216.4265953,0.8494997492953272,0.6820205757184895,0,0,0,0,0,0,0,0
2010-10-26,NO 15/9-F-12 H,5599,15/9-F-12,3420717,VOLVE,369304,MÆRSK INSPIRER,24.0,52.48133,%,production,OP,32.0,778.7924309365001,336.93315471375,307.956620040375,778.7924309365001,190.77124025,10187.9197475,8679.504294612,21973.5141331,0.8519407798379891,0.6832255742911567,0,0,0,0,0,0,0,0
2010-10-27,NO 15/9-F-12 H,5599,15/9-F-12,3420717,VOLVE,369304,MÆRSK INSPIRER,24.0,52.32406625,%,production,OP,32.0,780.885235606125,334.86099680775004,310.14451524875,780.885235606125,188.42111825,10130.996967,8624.034435881,21952.3803715,0.8512522966863305,0.6842290990717232,0,0,0,0,0,0,0,0
2010-10-28,NO 15/9-F-12 H,5599,15/9-F-12,3420717,VOLVE,369304,MÆRSK INSPIRER,24.0,52.278175,%,production,OP,32.0,777.1126008205,336.88132780175005,306.76109295775,777.1126008205,190.14639462500003,10141.060663,8581.437491594,21980.5587203,0.8462070957630362,0.6842917369143497,0,0,0,0,0,0,0,0
2010-10-29,NO 15/9-F-12 H,5599,15/9-F-12,3420717,VOLVE,369304,MÆRSK INSPIRER,24.0,52.19111354166667,%,production,OP,32.0,780.637350556,335.0798289335,312.037783889875,780.637350556,189.57705275,10087.9117685,8573.422820429001,21955.2736841,0.8498709165161352,0.6851776243213216,0,0,0,0,0,0,0,0
2010-10-30,NO 15/9-F-12 H,5599,15/9-F-12,3420717,VOLVE,369304,MÆRSK INSPIRER,24.0,52.500179583333335,%,production,OP,32.0,776.7426330555,335.294811509,307.083515453375,776.7426330555,187.96934075,10103.6362935,8514.580760995,22131.0109755,0.8427243928478215,0.6865597377509806,0,0,0,0,0,0,0,0
2010-10-31,NO 15/9-F-12 H,5599,15/9-F-12,3420717,VOLVE,369304,MÆRSK INSPIRER,25.0,53.1187624,%,production,OP,32.0,763.5018312114,335.88418695888,291.51558627204,763.5018312114,191.34909284,10552.2884408,8785.460048463,23121.5931524,0.8325644335587311,0.68663284594637,0,0,0,0,0,0,0,0
2010-11-01,NO 15/9-F-12 H,5599,15/9-F-12,3420717,VOLVE,369304,MÆRSK INSPIRER,24.0,53.18981020833333,%,production,OP,32.0,755.8665945687501,330.966342761375,284.358248509875,755.8665945687501,192.58824875,10045.5184491,8372.49383128,21963.1988447,0.8334556223954882,0.6861630424957457,0,0,0,0,0,0,0,0
2010-11-02,NO 15/9-F-12 H,5599,15/9-F-12,3420717,VOLVE,369304,MÆRSK INSPIRER,24.0,53.30524770833333,%,production,OP,32.0,755.8732391221249,324.591224666,283.9665522395,755.8732391221249,187.40981375,9948.6553751,8482.68982116,21582.4766454,0.8526468654639406,0.6844815032764485,0,0,0,0,0,0,0,0
2010-11-03,NO 15/9-F-12 H,5599,15/9-F-12,3420717,VOLVE,369304,MÆRSK INSPIRER,24.0,53.30297958333333,%,production,OP,32.0,750.34174664025,328.514233641375,278.332125080375,750.34174664025,191.302378625,9920.2254339,8454.565547227001,21727.3938678,0.852255385077797,0.6865411789958203,0,0,0,0,0,0,0,0
2010-11-04,NO 15/9-F-12 H,5599,15/9-F-12,3420717,VOLVE,369304,MÆRSK INSPIRER,24.0,53.344175,%,production,OP,32.0,749.131921228125,332.01700709825,277.290981883875,749.131921228125,192.704993,9872.6115722,8233.076692885,22012.6996494,0.8339309849957313,0.6903711711143024,0,0,0,0,0,0,0,0
2010-11-05,NO 15/9-F-12 H,5599,15/9-F-12,3420717,VOLVE,369304,MÆRSK INSPIRER,24.0,53.21675104166667,%,production,OP,32.0,747.134717751875,324.77746554450005,275.80023901712497,747.134717751875,192.736435625,9730.0215795,8206.935692504001,21595.0562654,0.8434653125328149,0.68938555786912,0,0,0,0,0,0,0,0
2010-11-06,NO 15/9-F-12 H,5599,15/9-F-12,3420717,VOLVE,369304,MÆRSK INSPIRER,24.0,53.17567125,%,production,OP,32.0,744.902220336875,326.53625072175,273.497966237625,744.902220336875,192.7218695,9685.7413171,8259.840997721001,21607.1955987,0.8527835637256181,0.6904815504162664,0,0,0,0,0,0,0,0
2010-11-07,NO 15/9-F-12 H,5599,15/9-F-12,3420717,VOLVE,369304,MÆRSK INSPIRER,24.0,53.43305583333333,%,production,OP,32.0,744.61929652325,329.54749341825,273.56510674512504,744.61929652325,192.502453625,9645.7381255,8244.130900279,21839.9185687,0.8546915532036232,0.6936465953629974,0,0,0,0,0,0,0,0
2010-11-08,NO 15/9-F-12 H,5599,15/9-F-12,3420717,VOLVE,369304,MÆRSK INSPIRER,20.75,50.100993255813954,%,production,OP,32.0,759.1200350710482,302.52131970163373,290.4736401999253,759.1200350710482,184.4199026795181,8070.9583958,6945.823388361,18820.8097687,0.8605946218203153,0.6998725280379843,0,0,0,0,0,0,0,0
2010-11-09,NO 15/9-F-12 H,5599,15/9-F-12,3420717,VOLVE,369304,MÆRSK INSPIRER,24.0,55.84635958333333,%,production,OP,32.0,699.43861792175,334.529276772,235.149094134,699.43861792175,190.642296875,10011.9308637,8524.123499229001,23802.9053716,0.8513965602913517,0.703918990054184,0,0,0,0,0,0,0,0
2010-11-10,NO 15/9-F-12 H,5599,15/9-F-12,3420717,VOLVE,369304,MÆRSK INSPIRER,24.0,54.01700791666666,%,production,OP,32.0,724.167642246125,349.121268940875,259.02507746137496,724.167642246125,193.4868965,9402.1966823,8187.244215784,22642.4354266,0.8707799349908096,0.7065905874547813,0,0,0,0,0,0,0,0
2010-11-11,NO 15/9-F-12 H,5599,15/9-F-12,3420717,VOLVE,369304,MÆRSK INSPIRER,24.0,53.225196458333336,%,production,OP,32.0,743.4611016175,345.850894706,271.47942706725,743.4611016175,190.484635625,9706.434792,8328.050987624001,23068.7587484,0.8579927817047659,0.703848131971045,0,0,0,0,0,0,0,0
2010-11-12,NO 15/9-F-12 H,5599,15/9-F-12,3420717,VOLVE,369304,MÆRSK INSPIRER,24.0,53.23305520833333,%,production,OP,32.0,742.7785316381251,345.624901329,267.3598704505,742.7785316381251,192.965396375,9643.2222015,8199.939497287001,23849.7644561,0.8503319042064076,0.7120823442805203,0,0,0,0,0,0,0,0
2010-11-13,NO 15/9-F-12 H,5599,15/9-F-12,3420717,VOLVE,369304,MÆRSK INSPIRER,24.0,53.24797395833333,%,production,OP,32.0,740.366090411125,339.5605815378749,265.123175998375,740.366090411125,193.37092625,9617.3710824,8136.609998924001,23505.4602567,0.8460326558277632,0.7096452599736808,0,0,0,0,0,0,0,0
2010-11-14,NO 15/9-F-12 H,5599,15/9-F-12,3420717,VOLVE,369304,MÆRSK INSPIRER,24.0,53.222447083333336,%,production,OP,32.0,739.5101939785001,336.970359982375,259.76465946125,739.5101939785001,193.0129505,9483.2723332,7776.018307017001,24261.8099092,0.8199720554047497,0.718973204300434,0,0,0,0,0,0,0,0
2010-11-15,NO 15/9-F-12 H,5599,15/9-F-12,3420717,VOLVE,369304,MÆRSK INSPIRER,3.15833,44.68114,%,production,OP,32.0,782.0613561829855,330.3164948369598,297.65338890502943,782.0613561829855,192.0070588219977,983.0344049,831.1801987860001,2761.9184691,0.8455250341625151,0.7375041988579106,0,0,0,0,0,0,0,0
2010-11-16,NO 15/9-F-12 H,5599,15/9-F-12,3420717,VOLVE,369304,MÆRSK INSPIRER,20.34167,48.93087829268293,%,production,OP,32.0,723.4855575027344,218.16442332251967,249.3407084635962,723.4855575027344,178.3032056492992,6755.5704305,5765.945488628,17841.046065,0.8535097883956552,0.7253455396299753,0,0,0,0,0,0,0,0
2010-11-17,NO 15/9-F-12 H,5599,15/9-F-12,3420717,VOLVE,369304,MÆRSK INSPIRER,22.08333,48.81379355555556,%,production,OP,32.0,758.7757637078968,289.87325598929664,284.52471514436445,758.7757637078968,184.38421642237108,7793.3261824,6613.366564797001,15544.0703511,0.8485935799443693,0.666058458096945,0,0,0,0,0,0,0,0
2010-11-18,NO 15/9-F-12 H,5599,15/9-F-12,3420717,VOLVE,369304,MÆRSK INSPIRER,24.0,51.173130416666666,%,production,OP,32.0,742.2305948537872,329.2932506762553,268.6412258911915,742.2305948537872,185.32658702127657,9275.0167241,7816.843512805,21796.0156949,0.8427848429096505,0.7014899087026053,0,0,0,0,0,0,0,0
2010-11-19,NO 15/9-F-12 H,5599,15/9-F-12,3420717,VOLVE,369304,MÆRSK INSPIRER,24.0,51.238909166666666,%,production,OP,32.0,740.6116313231489,330.1874654927234,267.060123450383,740.6116313231489,186.86388468085107,9676.243704,8187.558516614,21551.7823726,0.8461505070639548,0.6901423202265522,0,0,0,0,0,0,0,0
2010-11-20,NO 15/9-F-12 H,5599,15/9-F-12,3420717,VOLVE,369304,MÆRSK INSPIRER,24.0,52.28502604166667,%,production,OP,32.0,735.908413956875,331.6649575695,263.10919948175,735.908413956875,190.843354625,9627.7492689,8172.271842425001,21988.1064923,0.848824747526761,0.6954771889895992,0,0,0,0,0,0,0,0
2010-11-21,NO 15/9-F-12 H,5599,15/9-F-12,3420717,VOLVE,369304,MÆRSK INSPIRER,24.0,52.10602145833333,%,production,OP,32.0,722.1569776876596,330.2055520399149,251.0361153681702,722.1569776876596,190.75408680851064,9705.4913205,8215.015695864,21662.1685381,0.8464296576632028,0.690589244965972,0,0,0,0,0,0,0,0
2010-11-22,NO 15/9-F-12 H,5599,15/9-F-12,3420717,VOLVE,369304,MÆRSK INSPIRER,24.0,53.039166875,%,production,OP,32.0,708.2693916891064,329.8435989102128,236.85827747246807,708.2693916891064,192.18371536170213,10039.354435300002,8528.449549979001,23417.025528100003,0.8495017886799161,0.6999270558774539,0,0,0,0,0,0,0,0
2010-11-23,NO 15/9-F-12 H,5599,15/9-F-12,3420717,VOLVE,369304,MÆRSK INSPIRER,24.0,54.264484375,%,production,OP,32.0,704.984892193125,326.471666509,233.540529043625,704.984892193125,192.20438375,10136.9093884,8716.161306359001,22176.8007923,0.8598440582228338,0.6862969516123695,0,0,0,0,0,0,0,0
2010-11-24,NO 15/9-F-12 H,5599,15/9-F-12,3420717,VOLVE,369304,MÆRSK INSPIRER,24.0,54.34792708333333,%,production,OP,32.0,708.2532540257499,330.686183734625,236.47795948462505,708.2532540257499,191.6123375,10149.7406008,8741.887005868,22507.3932059,0.861291667412561,0.6892029575872436,0,0,0,0,0,0,0,0
2010-11-25,NO 15/9-F-12 H,5599,15/9-F-12,3420717,VOLVE,369304,MÆRSK INSPIRER,24.0,54.34032645833334,%,production,OP,32.0,713.0946889415,336.661477388375,241.05828671925,713.0946889415,191.20067712500003,10125.7764247,8744.217776068,22861.6353051,0.8635602258349359,0.693041196816523,0,0,0,0,0,0,0,0
2010-11-26,NO 15/9-F-12 H,5599,15/9-F-12,3420717,VOLVE,369304,MÆRSK INSPIRER,24.0,54.331440416666666,%,production,OP,32.0,718.1155691011251,339.187972872625,245.75564149012504,718.1155691011251,190.17728,10148.5455369,8762.334570315,23149.645705,0.8634079177607518,0.6952223181381151,0,0,0,0,0,0,0,0
2010-11-27,NO 15/9-F-12 H,5599,15/9-F-12,3420717,VOLVE,369304,MÆRSK INSPIRER,24.0,54.24015625,%,production,OP,32.0,724.512216274625,341.19032821950003,252.225454291375,724.512216274625,189.654476,10140.6832744,8750.160886931,23406.018360600003,0.8628768545627145,0.6977144464235493,0,0,0,0,0,0,0,0
2010-11-28,NO 15/9-F-12 H,5599,15/9-F-12,3420717,VOLVE,369304,MÆRSK INSPIRER,24.0,54.15441666666667,%,production,OP,32.0,727.951248552125,342.6347858345,255.68258610262495,727.951248552125,188.5431365,10153.2628944,8753.967458444,23613.707886800003,0.8621826844720255,0.6993137773539075,0,0,0,0,0,0,0,0
2010-11-29,NO 15/9-F-12 H,5599,15/9-F-12,3420717,VOLVE,369304,MÆRSK INSPIRER,24.0,53.03458375,%,production,OP,32.0,742.20738710225,343.0347281195,270.462728817,742.20738710225,188.632209875,9974.380698,8592.931013856001,23437.9705954,0.861500204777526,0.7014762412135223,0,0,0,0,0,0,0,0
2010-11-30,NO 15/9-F-12 H,5599,15/9-F-12,3420717,VOLVE,369304,MÆRSK INSPIRER,24.0,52.98703166666667,%,production,OP,32.0,744.668651746,346.42913401737496,272.546184578875,744.668651746,190.292113625,10229.118003,8727.187968287,23047.6249868,0.8531711107181956,0.6926045915570694,0,0,0,0,0,0,0,0
2010-12-01,NO 15/9-F-12 H,5599,15/9-F-12,3420717,VOLVE,369304,MÆRSK INSPIRER,24.0,52.49131916666666,%,production,OP,32.0,750.2146298981249,344.10025582975,278.396201660125,750.2146298981249,189.906631625,10126.0909152,8666.286002402001,22777.6663416,0.8558372697793256,0.6922512272331054,0,0,0,0,0,0,0,0
2010-12-02,NO 15/9-F-12 H,5599,15/9-F-12,3420717,VOLVE,369304,MÆRSK INSPIRER,24.0,52.08495395833334,%,production,OP,32.0,753.9713618713749,343.216904912375,281.53440699587503,753.9713618713749,191.284646,9999.2254475,8582.736013113,22666.1480103,0.8583400842571112,0.6938891434865155,0,0,0,0,0,0,0,0
2010-12-03,NO 15/9-F-12 H,5599,15/9-F-12,3420717,VOLVE,369304,MÆRSK INSPIRER,24.0,52.04647395833333,%,production,OP,32.0,757.56883305575,341.12798907412497,284.97011246425,757.56883305575,190.33393025,9972.8082455,8529.409756672001,22760.935447,0.8552665955971529,0.6953355430657635,0,0,0,0,0,0,0,0
2010-12-04,NO 15/9-F-12 H,5599,15/9-F-12,3420717,VOLVE,369304,MÆRSK INSPIRER,24.0,52.12507791666667,%,production,OP,32.0,756.168711744375,341.14902260575,282.832932209875,756.168711744375,191.41468625,9928.7166774,8570.005063763,22791.0636369,0.8631533502482013,0.6965530763951765,0,0,0,0,0,0,0,0
2010-12-05,NO 15/9-F-12 H,5599,15/9-F-12,3420717,VOLVE,369304,MÆRSK INSPIRER,24.0,51.26090916666666,%,production,OP,32.0,763.2125728631249,336.28346907925004,289.826489315625,763.2125728631249,191.42263925,9754.1744499,8421.707337759,22442.1049781,0.8633951936183938,0.6970403219504571,0,0,0,0,0,0,0,0
2010-12-06,NO 15/9-F-12 H,5599,15/9-F-12,3420717,VOLVE,369304,MÆRSK INSPIRER,24.0,50.91861,%,production,OP,32.0,766.065089598375,335.237811575,292.403838748625,766.065089598375,191.980409375,9380.3710416,8092.876274444,23337.3336354,0.8627458592579945,0.7132937308956687,0,0,0,0,0,0,0,0
2010-12-07,NO 15/9-F-12 H,5599,15/9-F-12,3420717,VOLVE,369304,MÆRSK INSPIRER,24.0,50.944904791666666,%,production,OP,32.0,766.09585880575,334.352789699,292.473284756,766.09585880575,192.206858,9273.5700678,8010.825041023,22305.9305916,0.8638339908422598,0.7063420929982434,0,0,0,0,0,0,0,0
2010-12-08,NO 15/9-F-12 H,5599,15/9-F-12,3420717,VOLVE,369304,MÆRSK INSPIRER,24.0,50.92559083333333,%,production,OP,32.0,766.591227029875,331.937988582875,292.20842421662496,766.591227029875,191.044578875,9260.9904478,7982.662274067,22346.9401528,0.8619663651594982,0.7070042147072987,0,0,0,0,0,0,0,0
2010-12-09,NO 15/9-F-12 H,5599,15/9-F-12,3420717,VOLVE,369304,MÆRSK INSPIRER,22.33333,48.28610804347826,%,production,OP,32.0,757.7892195163168,305.2246457444168,280.99145784445943,757.7892195163168,187.6867448702984,7555.131077700001,6471.483047754001,20116.3848325,0.8565679378952756,0.7269708279727782,0,0,0,0,0,0,0,0
2010-12-10,NO 15/9-F-12 H,5599,15/9-F-12,3420717,VOLVE,369304,MÆRSK INSPIRER,24.0,52.08387708333333,%,production,OP,32.0,744.2665792153749,330.968666391,270.977254143625,744.2665792153749,189.87098675,9249.6058917,7985.082390458001,22902.2674777,0.8632889318693351,0.7123151803495483,0,0,0,0,0,0,0,0
2010-12-11,NO 15/9-F-12 H,5599,15/9-F-12,3420717,VOLVE,369304,MÆRSK INSPIRER,24.0,52.06920291666667,%,production,OP,32.0,744.7611769251249,326.87073252275,271.480774712,744.7611769251249,191.497392125,9253.5055739,7997.444301193001,22415.3103875,0.8642610346234851,0.7078038665803366,0,0,0,0,0,0,0,0
2010-12-12,NO 15/9-F-12 H,5599,15/9-F-12,3420717,VOLVE,369304,MÆRSK INSPIRER,24.0,52.08999666666666,%,production,OP,32.0,743.9946933978749,330.37278381125,270.6914174835,743.9946933978749,192.524912375,9290.8041472,7797.488232029,22487.1400177,0.8392694656445809,0.7076335681443464,0,0,0,0,0,0,0,0
2010-12-13,NO 15/9-F-12 H,5599,15/9-F-12,3420717,VOLVE,369304,MÆRSK INSPIRER,24.0,50.98329958333333,%,production,OP,32.0,745.0939967680852,333.46002577685107,271.97639630259573,745.0939967680852,192.58997076595745,9225.8304099,7879.739346652,22920.8853153,0.8540954035093097,0.7130086168439341,0,0,0,0,0,0,0,0
2010-12-14,NO 15/9-F-12 H,5599,15/9-F-12,3420717,VOLVE,369304,MÆRSK INSPIRER,24.0,52.21077854166667,%,production,OP,32.0,747.892390220625,332.493520382375,274.868659943125,747.892390220625,191.636517875,9329.2348863,8019.457013144,23173.8614735,0.8596050062927013,0.7129739646023864,0,0,0,0,0,0,0,0
2010-12-15,NO 15/9-F-12 H,5599,15/9-F-12,3420717,VOLVE,369304,MÆRSK INSPIRER,24.0,51.13152770833333,%,production,OP,32.0,758.6859670993749,331.26386706700004,285.7658936675,758.6859670993749,192.10885925,9143.6225932,7908.536365620001,22823.8964451,0.8649237525946754,0.7139714664048497,0,0,0,0,0,0,0,0
2010-12-16,NO 15/9-F-12 H,5599,15/9-F-12,3420717,VOLVE,369304,MÆRSK INSPIRER,24.0,50.428343958333336,%,production,OP,32.0,766.834123377125,325.01315833775,293.08597059237496,766.834123377125,189.56838312500005,9090.033412,7843.224653146,22586.1416271,0.8628378244233895,0.713032479433531,0,0,0,0,0,0,0,0
2010-12-17,NO 15/9-F-12 H,5599,15/9-F-12,3420717,VOLVE,369304,MÆRSK INSPIRER,24.0,50.39613875,%,production,OP,32.0,766.95012053925,326.964037281125,293.12206994625,766.95012053925,190.293056,9066.0692359,7793.550289832001,22628.4720484,0.8596393968591092,0.7139548682980652,0,0,0,0,0,0,0,0
2010-12-18,NO 15/9-F-12 H,5599,15/9-F-12,3420717,VOLVE,369304,MÆRSK INSPIRER,24.0,50.45304125,%,production,OP,32.0,770.110537840375,323.83091734025004,296.617648914,770.110537840375,187.37927,9072.5477402,7760.932220324002,23006.238037,0.8554302983643396,0.7171792036265814,0,0,0,0,0,0,0,0
2010-12-19,NO 15/9-F-12 H,5599,15/9-F-12,3420717,VOLVE,369304,MÆRSK INSPIRER,24.0,50.460528958333335,%,production,OP,32.0,768.84893386225,324.4819022735,295.29633460425003,768.84893386225,187.604734625,9023.6759165,7741.44839404,22477.0134236,0.8579040809615717,0.7135403667178493,0,0,0,0,0,0,0,0
2010-12-20,NO 15/9-F-12 H,5599,15/9-F-12,3420717,VOLVE,369304,MÆRSK INSPIRER,24.0,50.481949375,%,production,OP,32.0,767.492169848,328.130997921,293.6819710155,767.492169848,190.496892125,9054.6846798,7783.87194315,22561.2339795,0.8596513537920274,0.7136036191965431,0,0,0,0,0,0,0,0
2010-12-21,NO 15/9-F-12 H,5599,15/9-F-12,3420717,VOLVE,369304,MÆRSK INSPIRER,24.0,50.6349825,%,production,OP,32.0,765.71869353,328.86214052225,292.0265314565,765.71869353,191.59973675,9126.8288005,7843.113411841,22828.0477197,0.8593470506876745,0.7143838501541211,0,0,0,0,0,0,0,0
2010-12-22,NO 15/9-F-12 H,5599,15/9-F-12,3420717,VOLVE,369304,MÆRSK INSPIRER,24.0,50.673040625,%,production,OP,32.0,765.751481182875,328.21599623225,292.357607886125,765.751481182875,192.097583375,9164.25317,7849.868054510001,22893.0843551,0.8565747703486896,0.7141293108691685,0,0,0,0,0,0,0,0
2010-12-23,NO 15/9-F-12 H,5599,15/9-F-12,3420717,VOLVE,369304,MÆRSK INSPIRER,24.0,51.47145666666667,%,production,OP,32.0,757.237635761125,328.874719547125,283.42240894462503,757.237635761125,192.384366875,9396.97614,7989.617857379,23304.7524196,0.8502328555852862,0.7126458889512922,0,0,0,0,0,0,0,0
2010-12-24,NO 15/9-F-12 H,5599,15/9-F-12,3420717,VOLVE,369304,MÆRSK INSPIRER,24.0,50.98221875,%,production,OP,32.0,762.923252269375,327.710064407125,289.187705704125,762.923252269375,191.166085625,9303.3208691,7942.043659274001,23226.5071832,0.8536783553980882,0.7140064541951302,0,0,0,0,0,0,0,0
2010-12-25,NO 15/9-F-12 H,5599,15/9-F-12,3420717,VOLVE,369304,MÆRSK INSPIRER,24.0,50.68311979166667,%,production,OP,32.0,765.81744627825,326.178976803375,293.020177729625,765.81744627825,192.0427835,9216.7730835,7886.792045389,23230.784254,0.8556999259868998,0.715948630966804,0,0,0,0,0,0,0,0
2010-12-26,NO 15/9-F-12 H,5599,15/9-F-12,3420717,VOLVE,369304,MÆRSK INSPIRER,24.0,50.44452354166667,%,production,OP,32.0,768.441180676625,326.10128175975,295.263462345875,768.441180676625,191.899354625,9151.1703652,7853.01106281,23068.4442579,0.8581428111832962,0.7159751762319644,0,0,0,0,0,0,0,0
2010-12-27,NO 15/9-F-12 H,5599,15/9-F-12,3420717,VOLVE,369304,MÆRSK INSPIRER,24.0,50.389795416666665,%,production,OP,32.0,771.23108632025,323.28865651775,297.930185403125,771.23108632025,189.61646675000003,9106.0724275,7834.345831272,23057.814479,0.8603430176562804,0.716885199417246,0,0,0,0,0,0,0,0
2010-12-28,NO 15/9-F-12 H,5599,15/9-F-12,3420717,VOLVE,369304,MÆRSK INSPIRER,23.0,45.536526875,%,production,OP,32.0,796.1772105943631,299.98499346815777,318.93323403329504,796.1772105943631,183.14540951932867,7386.815762100001,6267.289920884,19454.4452281,0.8484427015277648,0.7247962469126544,0,0,0,0,0,0,0,0
2010-12-29,NO 15/9-F-12 H,5599,15/9-F-12,3420717,VOLVE,369304,MÆRSK INSPIRER,24.0,48.68851541666667,%,production,OP,32.0,760.2060953978298,312.879019398,288.2742176133192,760.2060953978298,189.2439415744681,8587.8549816,7354.100166531001,22750.1798719,0.8563372556112798,0.7259606410629522,0,0,0,0,0,0,0,0
2010-12-30,NO 15/9-F-12 H,5599,15/9-F-12,3420717,VOLVE,369304,MÆRSK INSPIRER,24.0,50.17907208333333,%,production,OP,32.0,752.0230637814893,324.1463612322128,279.2002761953617,752.0230637814893,190.6733705957447,9011.7252775,7727.861769509001,22085.0953625,0.857534104907028,0.71020428802589,0,0,0,0,0,0,0,0
2010-12-31,NO 15/9-F-12 H,5599,15/9-F-12,3420717,VOLVE,369304,MÆRSK INSPIRER,24.0,49.685948125,%,production,OP,32.0,758.1503823322979,323.36371149689364,285.731038001617,758.1503823322979,191.85432531914893,8909.8932536,7661.091206778,22855.4712913,0.8598409642767126,0.719509176700744,0,0,0,0,0,0,0,0
2011-01-01,NO 15/9-F-12 H,5599,15/9-F-12,3420717,VOLVE,369304,MÆRSK INSPIRER,24.0,49.193988958333335,%,production,OP,32.0,765.7878272813616,319.0419679221702,293.1242759896596,765.7878272813616,190.9384416595745,8809.0675993,7547.055449567,21888.9790867,0.8567371477733599,0.7130414293324592,0,0,0,0,0,0,0,0
2011-01-02,NO 15/9-F-12 H,5599,15/9-F-12,3420717,VOLVE,369304,MÆRSK INSPIRER,24.0,49.19051229166666,%,production,OP,32.0,766.1052938619574,319.02021530808514,293.1037237964681,766.1052938619574,191.1595636170213,9091.8574569,7782.458295709001,23385.4506819,0.8559811163562325,0.720055079132678,0,0,0,0,0,0,0,0
2011-01-03,NO 15/9-F-12 H,5599,15/9-F-12,3420717,VOLVE,369304,MÆRSK INSPIRER,23.5,49.239317291666666,%,production,OP,32.0,769.1658579647234,319.72825996493617,296.1966406309787,769.1658579647234,189.5742365957447,9231.4912389,7925.174180231002,23698.2429332,0.8584933869444201,0.7196609243593147,0,0,0,0,0,0,0,0
2011-01-04,NO 15/9-F-12 H,5599,15/9-F-12,3420717,VOLVE,369304,MÆRSK INSPIRER,24.0,49.679355625,%,production,OP,32.0,778.448446124875,319.468866252375,306.13272790925,778.448446124875,189.3096455,9407.1656322,8075.676956103,24082.8648147,0.8584601645006209,0.7191054917935803,0,0,0,0,0,0,0,0
2011-01-05,NO 15/9-F-12 H,5599,15/9-F-12,3420717,VOLVE,369304,MÆRSK INSPIRER,24.0,49.388591041666665,%,production,OP,32.0,781.6870449512501,317.20032991600004,309.353595840125,781.6870449512501,188.891784125,9370.3073456,8041.389560726,23876.11876,0.8581777805294702,0.7181559510836663,0,0,0,0,0,0,0,0
2011-01-06,NO 15/9-F-12 H,5599,15/9-F-12,3420717,VOLVE,369304,MÆRSK INSPIRER,24.0,49.41671541666667,%,production,OP,32.0,777.520106232875,317.491254992625,304.61220994975,777.520106232875,190.731524,9366.0302748,8033.112501340001,23917.3799136,0.8576859422453168,0.7185976370274623,0,0,0,0,0,0,0,0
2011-01-07,NO 15/9-F-12 H,5599,15/9-F-12,3420717,VOLVE,369304,MÆRSK INSPIRER,24.0,49.39142354166667,%,production,OP,32.0,778.933501542875,316.84790268412496,306.26852578,778.933501542875,189.40197725,9395.2149932,8017.416882925,23944.3631985,0.8533510823038948,0.7181963449213953,0,0,0,0,0,0,0,0
2011-01-08,NO 15/9-F-12 H,5599,15/9-F-12,3420717,VOLVE,369304,MÆRSK INSPIRER,24.0,49.41526958333333,%,production,OP,32.0,780.0999515281251,316.915877160125,307.407681426625,780.0999515281251,188.933084375,9395.5294837,8028.714761749001,23949.9611294,0.8545249925166812,0.7182368796814491,0,0,0,0,0,0,0,0
2011-01-09,NO 15/9-F-12 H,5599,15/9-F-12,3420717,VOLVE,369304,MÆRSK INSPIRER,24.0,49.47380520833333,%,production,OP,32.0,777.03538621525,316.851667628875,304.389754895625,777.03538621525,189.770924,9397.4793248,8037.814653645,22855.3454951,0.8553160242058913,0.7086308136643662,0,0,0,0,0,0,0,0
2011-01-10,NO 15/9-F-12 H,5599,15/9-F-12,3420717,VOLVE,369304,MÆRSK INSPIRER,24.0,49.18479666666666,%,production,OP,32.0,786.1002491287501,316.23754954224995,313.834892337,786.1002491287501,187.362510125,9250.2348727,7896.531839649001,22892.6440684,0.8536574420346719,0.7122151102379307,0,0,0,0,0,0,0,0
2011-01-11,NO 15/9-F-12 H,5599,15/9-F-12,3420717,VOLVE,369304,MÆRSK INSPIRER,24.0,49.01126729166667,%,production,OP,32.0,783.613998667875,316.8919186955,311.384792597625,783.613998667875,187.551341375,9176.9585862,7843.645604370001,22971.9585725,0.8547107988658693,0.714548439037656,0,0,0,0,0,0,0,0
2011-01-12,NO 15/9-F-12 H,5599,15/9-F-12,3420717,VOLVE,369304,MÆRSK INSPIRER,24.0,49.0013,%,production,OP,32.0,782.9699483640001,316.217068968,310.713747096,782.9699483640001,186.297782,9343.9530417,7868.057243892,24027.4515886,0.8420480292204591,0.7200012062657969,0,0,0,0,0,0,0,0
2011-01-13,NO 15/9-F-12 H,5599,15/9-F-12,3420717,VOLVE,369304,MÆRSK INSPIRER,24.0,51.499834375,%,production,OP,32.0,758.736446366625,321.301258214625,284.7326913015,758.736446366625,191.2149635,9654.229369,8255.098939805,25087.9135546,0.8550759075926198,0.7221176197959288,0,0,0,0,0,0,0,0
2011-01-14,NO 15/9-F-12 H,5599,15/9-F-12,3420717,VOLVE,369304,MÆRSK INSPIRER,24.0,51.463876041666666,%,production,OP,32.0,759.646082399875,321.09843767975,285.631645890375,759.646082399875,191.20113875,9498.1791829,8141.014095161,24638.8840187,0.8571131306743123,0.7217634356298458,0,0,0,0,0,0,0,0
2011-01-15,NO 15/9-F-12 H,5599,15/9-F-12,3420717,VOLVE,369304,MÆRSK INSPIRER,24.0,51.519430625,%,production,OP,32.0,762.4455122055,319.302163201125,288.585791960875,762.4455122055,188.727540125,9487.4865059,8116.918169057,24815.8792721,0.8555393637724088,0.7234240346180645,0,0,0,0,0,0,0,0
2011-01-16,NO 15/9-F-12 H,5599,15/9-F-12,3420717,VOLVE,369304,MÆRSK INSPIRER,24.0,51.59978458333333,%,production,OP,32.0,764.0426253371251,317.918144129375,289.949608447875,764.0426253371251,186.241282625,9477.1712175,8092.171039885,24712.0974071,0.8538593272370623,0.7228027507239232,0,0,0,0,0,0,0,0
2011-01-17,NO 15/9-F-12 H,5599,15/9-F-12,3420717,VOLVE,369304,MÆRSK INSPIRER,24.0,51.600885,%,production,OP,32.0,761.1103165505,320.41993178599995,287.075269536875,761.1103165505,189.465159875,9067.8932808,7765.403414491,23934.4881968,0.8563624619329342,0.7252351838016681,0,0,0,0,0,0,0,0
2011-01-18,NO 15/9-F-12 H,5599,15/9-F-12,3420717,VOLVE,369304,MÆRSK INSPIRER,24.0,51.583586875,%,production,OP,32.0,757.3859915053749,322.816198254375,283.340208658125,757.3859915053749,192.7006955,9028.1416816,7736.199923325999,23953.5463211,0.8568983735703805,0.7262680527188019,0,0,0,0,0,0,0,0
2011-01-19,NO 15/9-F-12 H,5599,15/9-F-12,3420717,VOLVE,369304,MÆRSK INSPIRER,24.0,51.611026875,%,production,OP,32.0,756.4929868175745,323.2765405729788,282.7184969064255,756.4929868175745,192.67144221276595,8992.730051300001,7698.028617243001,23949.8982313,0.8560279885339339,0.7270184402362977,0,0,0,0,0,0,0,0
2011-01-20,NO 15/9-F-12 H,5599,15/9-F-12,3420717,VOLVE,369304,MÆRSK INSPIRER,24.0,51.141098541666665,%,production,OP,32.0,760.644814067875,323.3383259895,287.1341338135,760.644814067875,192.9192455,8825.0437167,7555.590306263,23617.3559766,0.8561533006307085,0.7279780842314649,0,0,0,0,0,0,0,0
2011-01-21,NO 15/9-F-12 H,5599,15/9-F-12,3420717,VOLVE,369304,MÆRSK INSPIRER,24.0,50.858077083333335,%,production,OP,32.0,762.741160082,320.61557596150004,289.37761181375,762.741160082,192.402569375,8908.3836992,7623.149799392,23808.7548949,0.85572759961794,0.727715072833219,0,0,0,0,0,0,0,0
2011-01-22,NO 15/9-F-12 H,5599,15/9-F-12,3420717,VOLVE,369304,MÆRSK INSPIRER,24.0,49.77898520833333,%,production,OP,32.0,762.6855107500852,320.2652091564256,289.4993103965106,762.6855107500852,192.52109778723403,8806.1742867,7553.971480415001,23242.6719949,0.8578039946158906,0.725226480562708,0,0,0,0,0,0,0,0
2011-01-23,NO 15/9-F-12 H,5599,15/9-F-12,3420717,VOLVE,369304,MÆRSK INSPIRER,24.0,50.84472916666667,%,production,OP,32.0,762.479206345875,319.469947994125,289.246784516125,762.479206345875,192.260180375,8750.3207739,7500.931979338001,23495.5223569,0.8572179435651535,0.7286372467171737,0,0,0,0,0,0,0,0
2011-01-24,NO 15/9-F-12 H,5599,15/9-F-12,3420717,VOLVE,369304,MÆRSK INSPIRER,24.0,50.86172479166667,%,production,OP,32.0,761.1337099712499,318.683316271375,287.822269626125,761.1337099712499,192.031866875,8759.692590800001,7509.135231001,23533.7644017,0.8572373006431278,0.7287471393095388,0,0,0,0,0,0,0,0
2011-01-25,NO 15/9-F-12 H,5599,15/9-F-12,3420717,VOLVE,369304,MÆRSK INSPIRER,24.0,50.81063125,%,production,OP,32.0,760.6662373891251,320.196210671,286.991908946375,760.6662373891251,192.053737625,8663.2069054,7445.10862046,23452.0597698,0.8593940675501207,0.7302464590122837,0,0,0,0,0,0,0,0
2011-01-26,NO 15/9-F-12 H,5599,15/9-F-12,3420717,VOLVE,369304,MÆRSK INSPIRER,24.0,50.769495625,%,production,OP,32.0,759.271110823875,323.37842295325,285.778859460375,759.271110823875,192.37380875,8675.786525399999,7439.958677759,23417.1513243,0.857554373425063,0.7296668018979415,0,0,0,0,0,0,0,0
2011-01-27,NO 15/9-F-12 H,5599,15/9-F-12,3420717,VOLVE,369304,MÆRSK INSPIRER,24.0,50.85784666666667,%,production,OP,32.0,758.5745446775001,323.4469352785,285.054872067125,758.5745446775001,192.808907,8653.9608847,7427.941085349001,23437.1529201,0.8583284792148098,0.730331551053688,0,0,0,0,0,0,0,0
2011-01-28,NO 15/9-F-12 H,5599,15/9-F-12,3420717,VOLVE,369304,MÆRSK INSPIRER,24.0,50.81412958333333,%,production,OP,32.0,760.01795681025,322.7756510685,286.608349912125,760.01795681025,191.87278325,8673.7737862,7437.747271245001,23499.4849372,0.8574984147129222,0.7304042509100436,0,0,0,0,0,0,0,0
2011-01-29,NO 15/9-F-12 H,5599,15/9-F-12,3420717,VOLVE,369304,MÆRSK INSPIRER,24.0,50.82641666666667,%,production,OP,32.0,758.16102320975,320.86283553525,284.76844921175,758.16102320975,192.159491,8804.2873437,7564.872422011001,23820.3281453,0.859225980104355,0.7301336058146484,0,0,0,0,0,0,0,0
2011-01-30,NO 15/9-F-12 H,5599,15/9-F-12,3420717,VOLVE,369304,MÆRSK INSPIRER,24.0,50.88162270833333,%,production,OP,32.0,761.677508800875,319.332180023875,288.265829068,761.677508800875,189.084848375,8803.9099551,7546.335029687,23788.8161972,0.8571572253888737,0.7298811423763419,0,0,0,0,0,0,0,0
2011-01-31,NO 15/9-F-12 H,5599,15/9-F-12,3420717,VOLVE,369304,MÆRSK INSPIRER,24.0,50.88209520833333,%,production,OP,32.0,761.023997789125,316.398671652125,287.690702030375,761.023997789125,188.09683925,8681.6360487,7480.920198289001,23491.308184200003,0.8616947492758814,0.7301572406350622,0,0,0,0,0,0,0,0
2011-02-01,NO 15/9-F-12 H,5599,15/9-F-12,3420717,VOLVE,369304,MÆRSK INSPIRER,14.775,48.95885366666667,%,production,OP,32.0,771.5497993187107,312.64942964304566,298.62711972760405,771.5497993187107,187.12754143147208,5068.328898,4507.495559718001,14813.9492063,0.8893455121858196,0.7450830900054729,0,0,0,0,0,0,0,0
2011-02-05,NO 15/9-F-12 H,5599,15/9-F-12,3420717,VOLVE,369304,MÆRSK INSPIRER,14.05833,49.068666,%,production,OP,32.0,656.5407589719866,105.36132997219444,199.65916585103463,656.5407589719866,169.9286611802796,3331.2720703,2962.9806691930003,10939.7407368,0.8894442143016458,0.7665707322018062,0,0,0,0,0,0,0,0
2011-02-06,NO 15/9-F-12 H,5599,15/9-F-12,3420717,VOLVE,369304,MÆRSK INSPIRER,22.66667,54.636443695652176,%,production,OP,32.0,681.6859084032559,267.7915753948844,205.98244762963228,681.6859084032559,189.4782119651268,7764.8333431,6512.100956253,24272.8170767,0.8386659015727356,0.7576341198135693,0,0,0,0,0,0,0,0
2011-02-07,NO 15/9-F-12 H,5599,15/9-F-12,3420717,VOLVE,369304,MÆRSK INSPIRER,24.0,55.656614375,%,production,OP,32.0,681.080705018,331.436193362375,212.522552744125,681.080705018,191.657189375,8875.2364005,7582.555198595001,24605.8625162,0.8543496597079742,0.7349180078413396,0,0,0,0,0,0,0,0
2011-02-08,NO 15/9-F-12 H,5599,15/9-F-12,3420717,VOLVE,369304,MÆRSK INSPIRER,24.0,54.45896520833333,%,production,OP,32.0,690.6608758589999,338.9407163205,222.72784038675,690.6608758589999,193.9953155,8693.9011782,7478.066064235,23617.9220595,0.8601508012290602,0.7309374616763704,0,0,0,0,0,0,0,0
2011-02-09,NO 15/9-F-12 H,5599,15/9-F-12,3420717,VOLVE,369304,MÆRSK INSPIRER,24.0,54.570785416666666,%,production,OP,32.0,693.410288706,323.724698156625,224.606617314375,693.410288706,191.58764975000005,8723.9035719,7579.238795118001,24482.5193421,0.8687898407693312,0.7372826457551994,0,0,0,0,0,0,0,0
2011-02-10,NO 15/9-F-12 H,5599,15/9-F-12,3420717,VOLVE,369304,MÆRSK INSPIRER,24.0,53.962563333333335,%,production,OP,32.0,692.1295185605001,314.1336343575,222.467621063375,692.1295185605001,191.356451375,8858.0652192,7602.910591675,23857.7525148,0.8583037495812933,0.7292421271196217,0,0,0,0,0,0,0,0
2011-02-11,NO 15/9-F-12 H,5599,15/9-F-12,3420717,VOLVE,369304,MÆRSK INSPIRER,24.0,54.896793333333335,%,production,OP,32.0,674.23828959475,316.313383264875,202.38193089812495,674.23828959475,191.11764725,8912.1575852,7651.663947613001,25129.4891987,0.8585647049508818,0.7381984002778912,0,0,0,0,0,0,0,0
2011-02-12,NO 15/9-F-12 H,5599,15/9-F-12,3420717,VOLVE,369304,MÆRSK INSPIRER,24.0,55.72853625,%,production,OP,32.0,665.47099631125,328.53802893825,194.013972553,665.47099631125,189.914487125,8871.5254126,7632.505369716001,23752.7126878,0.8603374295558855,0.7280694989627596,0,0,0,0,0,0,0,0
2011-02-13,NO 15/9-F-12 H,5599,15/9-F-12,3420717,VOLVE,369304,MÆRSK INSPIRER,20.5,55.05146071428572,%,production,OP,32.0,658.1351958522487,329.8007999933273,190.6640187425854,658.1351958522487,190.37095299921333,6495.109398400001,5742.063922753,17877.9672497,0.8840596163272468,0.7335129457730432,0,0,0,0,0,0,0,0
2011-02-14,NO 15/9-F-12 H,5599,15/9-F-12,3420717,VOLVE,369304,MÆRSK INSPIRER,8.0,50.5428,%,production,OP,32.0,667.6109076524373,272.3638913132946,200.3807151990589,667.6109076524373,174.66193727168,2795.8834431,3281.5023121370004,7737.472669600001,1.173690670201387,0.7345686015752357,0,0,0,0,0,0,0,0
2011-02-15,NO 15/9-F-12 H,5599,15/9-F-12,3420717,VOLVE,369304,MÆRSK INSPIRER,21.24999,42.63830568181818,%,production,OP,32.0,721.5565126461756,150.46105663230202,252.75471227619568,721.5565126461756,164.94279595385223,5259.2875296,4397.452129342,10234.2127491,0.836130769537229,0.6605487827156584,0,0,0,0,0,0,0,0
2011-02-16,NO 15/9-F-12 H,5599,15/9-F-12,3420717,VOLVE,369304,MÆRSK INSPIRER,24.0,56.20439958333333,%,production,OP,32.0,664.0161956738749,296.59853109262497,194.731696117625,664.0161956738749,186.754527875,8964.3630082,7689.126134520001,25338.0592983,0.8577437267418223,0.738666764460499,0,0,0,0,0,0,0,0
2011-02-17,NO 15/9-F-12 H,5599,15/9-F-12,3420717,VOLVE,369304,MÆRSK INSPIRER,24.0,55.87012229166667,%,production,OP,32.0,666.40606838375,309.0666925463749,196.922274529,666.40606838375,189.572351375,8125.1136599,7084.178966874,22209.6964986,0.8718867530231188,0.7321521506992753,0,0,0,0,0,0,0,0
2011-02-18,NO 15/9-F-12 H,5599,15/9-F-12,3420717,VOLVE,369304,MÆRSK INSPIRER,24.0,55.2990525,%,production,OP,32.0,674.810727386125,324.7377976515,206.1496766945,674.810727386125,191.0012225,8046.7426273,7057.366634046,23531.1226815,0.8770463976445119,0.7451777519281025,0,0,0,0,0,0,0,0
2011-02-19,NO 15/9-F-12 H,5599,15/9-F-12,3420717,VOLVE,369304,MÆRSK INSPIRER,24.0,53.997055208333336,%,production,OP,32.0,686.958252124625,325.89815604075,218.80907075125,686.958252124625,190.399623875,7936.4193599,6939.516182941,23493.4467196,0.8743887978001755,0.7474879676602728,0,0,0,0,0,0,0,0
2011-02-20,NO 15/9-F-12 H,5599,15/9-F-12,3420717,VOLVE,369304,MÆRSK INSPIRER,24.0,53.99625875,%,production,OP,32.0,689.5037989545,329.439026145625,221.24759464525,689.5037989545,191.53630625,7941.1367174,6932.497386316,24883.2431372,0.8729855224789232,0.758071995493096,0,0,0,0,0,0,0,0
2011-02-21,NO 15/9-F-12 H,5599,15/9-F-12,3420717,VOLVE,369304,MÆRSK INSPIRER,24.0,53.996466875,%,production,OP,32.0,691.42431358825,332.391102403,223.2333159465,691.42431358825,191.726562125,7942.143087,6933.654649035,23958.8926596,0.8730206158567286,0.7510380807041204,0,0,0,0,0,0,0,0
2011-02-22,NO 15/9-F-12 H,5599,15/9-F-12,3420717,VOLVE,369304,MÆRSK INSPIRER,24.0,53.320955625,%,production,OP,32.0,699.1835595338749,334.18019145737503,230.406952837375,699.1835595338749,190.7505575,7485.9431677,6557.494118486,23165.9363129,0.8759743390492157,0.7557753947049819,0,0,0,0,0,0,0,0
2011-02-23,NO 15/9-F-12 H,5599,15/9-F-12,3420717,VOLVE,369304,MÆRSK INSPIRER,24.0,52.3972725,%,production,OP,32.0,710.20701257775,333.97474513037497,242.09220218875,710.20701257775,189.7378955,7410.4025496,6491.426318285,23235.4387134,0.8759883521625145,0.7581922295425159,0,0,0,0,0,0,0,0
2011-02-24,NO 15/9-F-12 H,5599,15/9-F-12,3420717,VOLVE,369304,MÆRSK INSPIRER,24.0,52.150606458333336,%,production,OP,32.0,715.1170957918749,338.339279994,246.57352890187497,715.1170957918749,192.16514075,7337.7552441,6413.690188056999,23371.1728132,0.8740670647489905,0.7610546603773198,0,0,0,0,0,0,0,0
2011-02-25,NO 15/9-F-12 H,5599,15/9-F-12,3420717,VOLVE,369304,MÆRSK INSPIRER,24.0,51.21406791666666,%,production,OP,32.0,726.2942649427499,337.79116024062495,257.801802796375,726.2942649427499,190.936089875,7238.2504499,6257.717871449001,23163.1687965,0.8645345881248768,0.7619107716243504,0,0,0,0,0,0,0,0
2011-02-26,NO 15/9-F-12 H,5599,15/9-F-12,3420717,VOLVE,369304,MÆRSK INSPIRER,24.0,50.84546229166666,%,production,OP,32.0,726.235013898125,340.005364737875,256.22451152475,726.235013898125,193.338693125,7145.2870581,6136.624824590001,22861.5095089,0.8588353098611251,0.7618777118661832,0,0,0,0,0,0,0,0
2011-02-27,NO 15/9-F-12 H,5599,15/9-F-12,3420717,VOLVE,369304,MÆRSK INSPIRER,24.0,50.814350625,%,production,OP,32.0,723.5198753435001,340.14948114225,252.944564781875,723.5198753435001,194.003416625,7110.001224000001,6102.177453622,22910.2555364,0.8582526586667715,0.7631598796523663,0,0,0,0,0,0,0,0
2011-02-28,NO 15/9-F-12 H,5599,15/9-F-12,3420717,VOLVE,369304,MÆRSK INSPIRER,24.0,50.531954375,%,production,OP,32.0,726.00974873275,340.660362389125,255.79189640862495,726.00974873275,194.5598855,7062.0099737,6069.141964359999,22914.0294224,0.8594071641023459,0.7644115061238278,0,0,0,0,0,0,0,0
2011-03-01,NO 15/9-F-12 H,5599,15/9-F-12,3420717,VOLVE,369304,MÆRSK INSPIRER,24.0,50.57686520833333,%,production,OP,32.0,722.3807468914999,342.361627912875,252.13190478137497,722.3807468914999,193.5966065,7094.7169857,6092.774208453,23138.5756394,0.8587762162653563,0.7653342931027667,0,0,0,0,0,0,0,0
2011-03-02,NO 15/9-F-12 H,5599,15/9-F-12,3420717,VOLVE,369304,MÆRSK INSPIRER,24.0,49.768199375,%,production,OP,32.0,737.37300465925,338.183977533875,268.16610647625004,737.37300465925,190.941472625,6967.033842700001,5988.641399416,22860.5660374,0.8595682947185406,0.7664232499193413,0,0,0,0,0,0,0,0
2011-03-03,NO 15/9-F-12 H,5599,15/9-F-12,3420717,VOLVE,369304,MÆRSK INSPIRER,24.0,49.43355104166667,%,production,OP,32.0,741.186262171375,338.39152389025,271.493825110375,741.186262171375,194.185109,6892.3108999,5942.965719583001,22669.8589982,0.8622602499938341,0.7668536875453457,0,0,0,0,0,0,0,0
2011-03-04,NO 15/9-F-12 H,5599,15/9-F-12,3420717,VOLVE,369304,MÆRSK INSPIRER,24.0,50.072410833333336,%,production,OP,32.0,727.2295455073751,339.98216772275,256.92218056425,727.2295455073751,194.15069825,6988.0418081,6000.895953463,23104.1703787,0.8587378436269835,0.7677790597540278,0,0,0,0,0,0,0,0
2011-03-05,NO 15/9-F-12 H,5599,15/9-F-12,3420717,VOLVE,369304,MÆRSK INSPIRER,24.0,49.90546875,%,production,OP,32.0,736.06894382825,337.216797674125,265.965756129625,736.06894382825,193.89563525,6917.9733247,5957.596599793,22972.902044,0.8611765787708285,0.7685590254762461,0,0,0,0,0,0,0,0
2011-03-06,NO 15/9-F-12 H,5599,15/9-F-12,3420717,VOLVE,369304,MÆRSK INSPIRER,24.0,49.84646875,%,production,OP,32.0,737.4826110845,337.15661899062496,267.636059062,737.4826110845,192.369911,6913.1930691,5894.001888033001,23057.3112942,0.852573019315417,0.7693334424640026,0,0,0,0,0,0,0,0
2011-03-07,NO 15/9-F-12 H,5599,15/9-F-12,3420717,VOLVE,369304,MÆRSK INSPIRER,24.0,49.87360416666667,%,production,OP,32.0,740.2562603856251,333.978195826125,270.567316323125,740.2562603856251,189.3879095,6882.1843058,5919.964549179001,22795.0262172,0.8601868659910658,0.7680986796091812,0,0,0,0,0,0,0,0
2011-03-08,NO 15/9-F-12 H,5599,15/9-F-12,3420717,VOLVE,369304,MÆRSK INSPIRER,24.0,49.820221458333336,%,production,OP,32.0,739.748820769625,333.2904951275,269.69162824675,739.748820769625,189.18016775,6828.9725132,5994.665027795001,23055.7388417,0.877828255452437,0.7714894270819084,0,0,0,0,0,0,0,0
2011-03-09,NO 15/9-F-12 H,5599,15/9-F-12,3420717,VOLVE,369304,MÆRSK INSPIRER,24.0,49.791534375,%,production,OP,32.0,736.0917601186251,333.408664838,265.672519509875,736.0917601186251,191.14214,6823.689072800001,5920.755245312,22908.745982,0.8676765869817841,0.7704967971771157,0,0,0,0,0,0,0,0
2011-03-10,NO 15/9-F-12 H,5599,15/9-F-12,3420717,VOLVE,369304,MÆRSK INSPIRER,24.0,49.9,%,production,OP,32.0,726.7913120974468,337.10251628068085,255.7525042549787,726.7913120974468,191.82756276595745,6878.0330312,5959.465453717,22962.838348,0.8664490889595599,0.7695096452178605,0,0,0,0,0,0,0,0
2011-03-11,NO 15/9-F-12 H,5599,15/9-F-12,3420717,VOLVE,369304,MÆRSK INSPIRER,24.0,49.13689645833333,%,production,OP,32.0,720.0728526037021,338.09262590246806,248.908124004,720.0728526037021,192.38936,7267.7496588,6264.215776249001,21008.7830753,0.8619195858877868,0.7429759254027819,0,0,0,0,0,0,0,0
2011-03-12,NO 15/9-F-12 H,5599,15/9-F-12,3420717,VOLVE,369304,MÆRSK INSPIRER,24.0,57.75393958333333,%,production,OP,32.0,666.128341765125,349.22683545350003,193.064816686375,666.128341765125,194.25443825,8008.6263787,6886.142604802,22991.5827797,0.8598406617040604,0.7416589566290093,0,0,0,0,0,0,0,0
2011-03-13,NO 15/9-F-12 H,5599,15/9-F-12,3420717,VOLVE,369304,MÆRSK INSPIRER,24.0,59.57716958333334,%,production,OP,32.0,650.0611923998298,354.12795620642555,176.07620606195746,650.0611923998298,193.6969952765957,8288.9003123,7175.955162381001,23860.7087255,0.8657306629363746,0.7421772593702679,0,0,0,0,0,0,0,0
2011-03-14,NO 15/9-F-12 H,5599,15/9-F-12,3420717,VOLVE,369304,MÆRSK INSPIRER,24.0,59.578736875,%,production,OP,32.0,647.4684067062128,355.8078572984681,173.55616464012766,647.4684067062128,195.00881268085104,8301.794422800001,7167.697879227,22816.2228769,0.8633913963879514,0.7332158298247351,0,0,0,0,0,0,0,0
2011-03-15,NO 15/9-F-12 H,5599,15/9-F-12,3420717,VOLVE,369304,MÆRSK INSPIRER,24.0,60.798440416666665,%,production,OP,32.0,650.0942881298749,353.956201319625,176.43726453349998,650.0942881298749,193.13751875,8424.1312273,7289.458373916,23172.4148172,0.8653068402226597,0.7333844270371955,0,0,0,0,0,0,0,0
2011-03-16,NO 15/9-F-12 H,5599,15/9-F-12,3420717,VOLVE,369304,MÆRSK INSPIRER,24.0,60.78648375,%,production,OP,32.0,650.461055994,352.869770007625,177.135190411125,650.461055994,191.86825175,8401.4879113,7302.456655545001,23191.5987377,0.8691861171070897,0.7340719504668617,0,0,0,0,0,0,0,0
2011-03-17,NO 15/9-F-12 H,5599,15/9-F-12,3420717,VOLVE,369304,MÆRSK INSPIRER,10.83334,58.0,%,production,OP,32.0,673.0950434622755,282.7730275883767,199.61306339119585,673.0950434622755,189.2705638354044,3221.3261915,2813.496722416,10088.9181381,0.8733970281680492,0.757981438076516,0,0,0,0,0,0,0,0
2011-03-18,NO 15/9-F-12 H,5599,15/9-F-12,3420717,VOLVE,369304,MÆRSK INSPIRER,24.0,62.36426333333333,%,production,OP,32.0,621.4827657565,351.40023592675,149.114634433625,621.4827657565,194.314490375,8223.2346959,7091.00106062,24056.6992051,0.8623128638363542,0.7452524307788234,0,0,0,0,0,0,0,0
2011-03-19,NO 15/9-F-12 H,5599,15/9-F-12,3420717,VOLVE,369304,MÆRSK INSPIRER,24.0,66.70809729166666,%,production,OP,32.0,611.7475946178749,372.296232246625,138.26689492675,611.7475946178749,194.563164875,8600.4346016,7421.693561772001,24727.004256800003,0.8629440145258811,0.7419413283408572,0,0,0,0,0,0,0,0
2011-03-20,NO 15/9-F-12 H,5599,15/9-F-12,3420717,VOLVE,369304,MÆRSK INSPIRER,24.0,66.98700520833333,%,production,OP,32.0,619.376946948,370.809169719125,145.786272193375,619.376946948,191.88070475,8664.276173100001,7494.265623419,25107.663558,0.8649615355852188,0.7434474820787029,0,0,0,0,0,0,0,0
2011-03-21,NO 15/9-F-12 H,5599,15/9-F-12,3420717,VOLVE,369304,MÆRSK INSPIRER,24.0,67.75996791666667,%,production,OP,32.0,619.957772770375,369.306322222625,146.12216509325,619.957772770375,192.482295125,8816.6153713,7655.341267324001,25023.380104,0.8682857247287662,0.739461685870044,0,0,0,0,0,0,0,0
2011-03-22,NO 15/9-F-12 H,5599,15/9-F-12,3420717,VOLVE,369304,MÆRSK INSPIRER,24.0,67.91572020833334,%,production,OP,32.0,616.4804701978724,370.2093191028511,142.4848497972766,616.4804701978724,195.3889865,8241.4751449,7118.263655873001,24358.2955946,0.8637123246410485,0.7471922360817681,0,0,0,0,0,0,0,0
2011-03-23,NO 15/9-F-12 H,5599,15/9-F-12,3420717,VOLVE,369304,MÆRSK INSPIRER,24.0,65.74615708333333,%,production,OP,32.0,619.4481482623404,369.72982038893616,145.90908279842554,619.4481482623404,194.94103387234043,8002.022078200001,6931.2338263500005,23195.7500123,0.8661852914943636,0.7435066178768359,0,0,0,0,0,0,0,0
2011-03-24,NO 15/9-F-12 H,5599,15/9-F-12,3420717,VOLVE,369304,MÆRSK INSPIRER,24.0,65.23793145833334,%,production,OP,32.0,615.216096804,371.0314932361276,141.56431212676594,615.216096804,196.44286425531917,7984.5993045,6941.783033534,23872.344874,0.8693965431204188,0.7493607905466105,0,0,0,0,0,0,0,0
2011-03-25,NO 15/9-F-12 H,5599,15/9-F-12,3420717,VOLVE,369304,MÆRSK INSPIRER,24.0,65.48340854166666,%,production,OP,32.0,612.9351212089788,369.8543648281277,137.48979045191487,612.9351212089788,196.211225375,7989.4424582,6946.692483128,23711.5144323,0.8694840121162937,0.7479747224729913,0,0,0,0,0,0,0,0
2011-03-26,NO 15/9-F-12 H,5599,15/9-F-12,3420717,VOLVE,369304,MÆRSK INSPIRER,24.0,65.43784833333333,%,production,OP,32.0,613.6238295231063,371.75242775948936,139.44522979889362,613.6238295231063,196.0881114468085,8006.9910281,6939.425777309,23438.0963916,0.8666708571241742,0.7453659161054292,0,0,0,0,0,0,0,0
2011-03-27,NO 15/9-F-12 H,5599,15/9-F-12,3420717,VOLVE,369304,MÆRSK INSPIRER,23.0,65.4271197826087,%,production,OP,32.0,614.9897518197273,369.34407962454543,140.71846839504545,614.9897518197273,194.1523458636364,7683.7576922,6654.066050253,23103.2269072,0.8659911356923359,0.7504218814482485,0,0,0,0,0,0,0,0
2011-03-28,NO 15/9-F-12 H,5599,15/9-F-12,3420717,VOLVE,369304,MÆRSK INSPIRER,24.0,67.94794166666667,%,production,OP,32.0,612.4028793235,370.1782997435,138.005611991375,612.4028793235,195.161588,8011.7083856,6951.538719409,23941.029599200003,0.8676724594598929,0.7492637911213997,0,0,0,0,0,0,0,0
2011-03-29,NO 15/9-F-12 H,5599,15/9-F-12,3420717,VOLVE,369304,MÆRSK INSPIRER,24.0,67.98762375,%,production,OP,32.0,617.24085750025,369.707170995125,142.775410221625,617.24085750025,196.18613675,7979.944845100001,6889.849235714,23832.719071,0.8633955960165111,0.749158232515654,0,0,0,0,0,0,0,0
2011-03-30,NO 15/9-F-12 H,5599,15/9-F-12,3420717,VOLVE,369304,MÆRSK INSPIRER,24.0,67.85714625,%,production,OP,32.0,620.4121677595,366.70742558175,146.1940858115,620.4121677595,194.5887875,7904.026838400001,6875.163264572001,23819.6991643,0.8698304554294415,0.7508480927578529,0,0,0,0,0,0,0,0
2011-03-31,NO 15/9-F-12 H,5599,15/9-F-12,3420717,VOLVE,369304,MÆRSK INSPIRER,24.0,64.95936145833333,%,production,OP,32.0,594.282438950125,348.5787331505,140.541269042625,594.282438950125,187.135336625,7999.0658675,6938.94655683,23410.6099219,0.8674696110483053,0.7453311546055661,0,0,0,0,0,0,0,0
2011-04-01,NO 15/9-F-12 H,5599,15/9-F-12,3420717,VOLVE,369304,MÆRSK INSPIRER,24.0,67.92703104166667,%,production,OP,32.0,620.2874652957499,362.757608749375,146.340565126625,620.2874652957499,194.4355295,7916.2919679,6859.238453754,23852.2803801,0.8664711308738642,0.7508137324780233,0,0,0,0,0,0,0,0
2011-04-02,NO 15/9-F-12 H,5599,15/9-F-12,3420717,VOLVE,369304,MÆRSK INSPIRER,24.0,67.91788729166667,%,production,OP,32.0,621.70684342325,362.398271061125,147.837321027125,621.70684342325,193.5355745,7877.9241269,6851.776104497,23816.365565,0.8697438556308115,0.7514402687840221,0,0,0,0,0,0,0,0
2011-04-03,NO 15/9-F-12 H,5599,15/9-F-12,3420717,VOLVE,369304,MÆRSK INSPIRER,24.0,67.93069479166667,%,production,OP,32.0,621.186329235875,362.958208389875,147.36999046137498,621.186329235875,194.353002125,7850.374759099999,6833.383149296001,23850.5192333,0.870453113257412,0.7523610923722828,0,0,0,0,0,0,0,0
2011-04-04,NO 15/9-F-12 H,5599,15/9-F-12,3420717,VOLVE,369304,MÆRSK INSPIRER,24.0,67.99880875,%,production,OP,32.0,622.0998541005,360.710376228,147.994910857375,622.0998541005,192.50278775,7837.2919543,6827.664639925,23875.4268809,0.8711765083829679,0.7528659716933231,0,0,0,0,0,0,0,0
2011-04-05,NO 15/9-F-12 H,5599,15/9-F-12,3420717,VOLVE,369304,MÆRSK INSPIRER,23.0,60.782438125,%,production,OP,32.0,640.7157680087676,341.39846972465705,167.21356952757185,640.7157680087676,190.1496322523026,7191.831652100001,6319.408061438001,25915.3380601,0.878692434297005,0.7827711726910378,0,0,0,0,0,0,0,0
2011-04-06,NO 15/9-F-12 H,5599,15/9-F-12,3420717,VOLVE,369304,MÆRSK INSPIRER,24.0,68.571949375,%,production,OP,32.0,606.4380072543751,363.3339565235,132.7362998675,606.4380072543751,195.0641375,7811.063446599999,6771.292843756,24744.427030500003,0.8668848857838185,0.760069243862432,0,0,0,0,0,0,0,0
2011-04-07,NO 15/9-F-12 H,5599,15/9-F-12,3420717,VOLVE,369304,MÆRSK INSPIRER,24.0,69.6990525,%,production,OP,32.0,600.969376659,360.86518012,127.234150386,600.969376659,196.3261865,7923.273657000001,6904.649626484,23755.354408000003,0.8714389942071389,0.7498858334160627,0,0,0,0,0,0,0,0
2011-04-08,NO 15/9-F-12 H,5599,15/9-F-12,3420717,VOLVE,369304,MÆRSK INSPIRER,24.0,69.932024375,%,production,OP,32.0,599.49808097075,360.835293227125,125.09976513475,599.49808097075,196.37209925,7927.9281164,7009.673072255,24538.8760397,0.8841746505943382,0.7558143364439993,0,0,0,0,0,0,0,0
2011-04-09,NO 15/9-F-12 H,5599,15/9-F-12,3420717,VOLVE,369304,MÆRSK INSPIRER,24.0,69.922836875,%,production,OP,32.0,600.05751670975,365.8219142025,126.0199285095,600.05751670975,196.939316375,7886.981453300001,6866.665135164,24300.051954,0.8706328493128269,0.7549640144372163,0,0,0,0,0,0,0,0
2011-04-10,NO 15/9-F-12 H,5599,15/9-F-12,3420717,VOLVE,369304,MÆRSK INSPIRER,24.0,69.88658708333334,%,production,OP,32.0,605.3338541117499,362.106611729625,131.332304832875,605.3338541117499,195.8614595,7869.684475800001,6901.351233504001,23812.5287809,0.8769539941183522,0.7516055961104372,0,0,0,0,0,0,0,0
2011-04-11,NO 15/9-F-12 H,5599,15/9-F-12,3420717,VOLVE,369304,MÆRSK INSPIRER,24.0,69.99482104166667,%,production,OP,32.0,603.8371797951249,360.51267432587497,129.5137488915,603.8371797951249,196.1043305,7898.4918056,6923.513326636001,24003.801903000003,0.876561436922332,0.752416178042058,0,0,0,0,0,0,0,0
2011-04-12,NO 15/9-F-12 H,5599,15/9-F-12,3420717,VOLVE,369304,MÆRSK INSPIRER,24.0,70.03201395833334,%,production,OP,32.0,600.6076639734999,357.109300245,126.34939441299998,600.6076639734999,196.72313975,7904.341328900001,6915.152218264,23420.8623122,0.8748549601445842,0.7476683178356367,0,0,0,0,0,0,0,0
2011-04-13,NO 15/9-F-12 H,5599,15/9-F-12,3420717,VOLVE,369304,MÆRSK INSPIRER,22.91667,63.691089361702126,%,production,OP,32.0,622.1705228782439,336.1600283099236,156.97871607769113,622.1705228782439,192.91410460210056,6958.7312935,6114.922175705,23658.3655378,0.8787409540323559,0.7727174678957132,0,0,0,0,0,0,0,0
2011-04-14,NO 15/9-F-12 H,5599,15/9-F-12,3420717,VOLVE,369304,MÆRSK INSPIRER,24.0,77.21604125,%,production,OP,32.0,588.6880876033749,361.409970042625,118.422415042,588.6880876033749,195.84482225,7989.002171500001,6878.970189232,24002.1665524,0.861054990543383,0.7502747636246385,0,0,0,0,0,0,0,0
2011-04-15,NO 15/9-F-12 H,5599,15/9-F-12,3420717,VOLVE,369304,MÆRSK INSPIRER,24.0,83.02098333333333,%,production,OP,32.0,580.4460464152501,361.76997551000005,109.483411874625,580.4460464152501,196.621227125,8138.5109552,7045.614961327001,24435.9747481,0.8657130278635667,0.7501568856887427,0,0,0,0,0,0,0,0
2011-04-16,NO 15/9-F-12 H,5599,15/9-F-12,3420717,VOLVE,369304,MÆRSK INSPIRER,24.0,84.85143291666667,%,production,OP,32.0,578.2085149730001,361.46198127375,106.80189191975,578.2085149730001,196.881453875,8185.9361226,7094.547715941001,24559.1292279,0.8666751865255999,0.7500100844210101,0,0,0,0,0,0,0,0
2011-04-17,NO 15/9-F-12 H,5599,15/9-F-12,3420717,VOLVE,369304,MÆRSK INSPIRER,24.0,84.929790625,%,production,OP,32.0,578.644314881875,360.697410435125,107.211717940125,578.644314881875,196.5585545,8197.0061882,7107.4015604470005,24619.6372001,0.8670728552917844,0.7502180192163576,0,0,0,0,0,0,0,0
2011-04-18,NO 15/9-F-12 H,5599,15/9-F-12,3420717,VOLVE,369304,MÆRSK INSPIRER,24.0,84.93,%,production,OP,32.0,578.7016199999999,361.14462,107.32812,578.7016199999999,196.52,8150.6502885,7111.05981022,25027.0281938,0.8724530630707111,0.7543333150073084,0,0,0,0,0,0,0,0
2011-04-19,NO 15/9-F-12 H,5599,15/9-F-12,3420717,VOLVE,369304,MÆRSK INSPIRER,24.0,84.93,%,production,OP,32.0,578.7016199999999,361.14462,107.32812,578.7016199999999,196.52,8130.9631832,7103.154614625,24353.3266447,0.8735932575984806,0.749695522781092,0,0,0,0,0,0,0,0
2011-04-20,NO 15/9-F-12 H,5599,15/9-F-12,3420717,VOLVE,369304,MÆRSK INSPIRER,24.0,84.9,%,production,OP,32.0,575.8008600000001,361.14462,104.42736,575.8008600000001,197.6,8130.0197117,7086.640048317,24314.8959056,0.8716633291944593,0.749420839690365,0,0,0,0,0,0,0,0
2011-04-21,NO 15/9-F-12 H,5599,15/9-F-12,3420717,VOLVE,369304,MÆRSK INSPIRER,24.0,84.9,%,production,OP,32.0,575.8008600000001,361.14462,104.42736,575.8008600000001,197.6,8116.8111107,7029.326409099001,24764.3028301,0.8660206962106805,0.7531467113518807,0,0,0,0,0,0,0,0
2011-04-22,NO 15/9-F-12 H,5599,15/9-F-12,3420717,VOLVE,369304,MÆRSK INSPIRER,24.0,84.9,%,production,OP,32.0,575.8008600000001,361.14462,104.42736,575.8008600000001,197.6,8102.7219363,7092.937365621001,24615.9891103,0.8753771166507407,0.7523520433075861,0,0,0,0,0,0,0,0
2011-04-23,NO 15/9-F-12 H,5599,15/9-F-12,3420717,VOLVE,369304,MÆRSK INSPIRER,24.0,84.9,%,production,OP,32.0,575.8008600000001,361.14462,104.42736,575.8008600000001,197.6,8089.0101505,7107.437934588002,24620.3290792,0.8786536056143625,0.7527002886333087,0,0,0,0,0,0,0,0
2011-04-24,NO 15/9-F-12 H,5599,15/9-F-12,3420717,VOLVE,369304,MÆRSK INSPIRER,24.0,84.9,%,production,OP,32.0,575.8008600000001,361.14462,104.42736,575.8008600000001,197.6,8089.827825800001,7076.1296873030005,24669.9556801,0.8746947202925476,0.753056126749341,0,0,0,0,0,0,0,0
2011-04-25,NO 15/9-F-12 H,5599,15/9-F-12,3420717,VOLVE,369304,MÆRSK INSPIRER,24.0,84.9,%,production,OP,32.0,575.8008600000001,361.14462,104.42736,575.8008600000001,197.6,8071.9647654,7055.518968941999,24711.0910375,0.8740770275887556,0.7537763162186378,0,0,0,0,0,0,0,0
2011-04-26,NO 15/9-F-12 H,5599,15/9-F-12,3420717,VOLVE,369304,MÆRSK INSPIRER,24.0,85.10057833333333,%,production,OP,32.0,575.794043214,351.411772491,104.29688018925,575.794043214,197.6,8050.139124699999,7049.440249631,24780.7821323,0.8756917291033413,0.7548000842960324,0,0,0,0,0,0,0,0
2011-04-27,NO 15/9-F-12 H,5599,15/9-F-12,3420717,VOLVE,369304,MÆRSK INSPIRER,24.0,85.15508520833333,%,production,OP,32.0,576.0266237335001,351.38810712400004,104.5617256205,576.0266237335001,197.495687,8057.7497948,7048.843078054,24806.5703533,0.8747905131781221,0.754817694128815,0,0,0,0,0,0,0,0
2011-04-28,NO 15/9-F-12 H,5599,15/9-F-12,3420717,VOLVE,369304,MÆRSK INSPIRER,24.0,85.127726875,%,production,OP,32.0,578.21799683225,351.974664969,107.13954038375,578.21799683225,197.184959375,7848.9910009,6861.069167802,24352.3831732,0.8741339067677972,0.7562529177027156,0,0,0,0,0,0,0,0
2011-04-29,NO 15/9-F-12 H,5599,15/9-F-12,3420717,VOLVE,369304,MÆRSK INSPIRER,24.0,85.12106125,%,production,OP,32.0,581.424663125625,350.7054736905,110.561793577625,581.424663125625,196.272789125,7843.9591529,6858.916383690001,24323.387149100003,0.8744202066827671,0.7561514997458059,0,0,0,0,0,0,0,0
2011-04-30,NO 15/9-F-12 H,5599,15/9-F-12,3420717,VOLVE,369304,MÆRSK INSPIRER,24.0,85.18884645833333,%,production,OP,32.0,576.110319724375,351.811835641,104.9516119375,576.110319724375,197.784044375,7831.379532899999,6855.069200272001,24352.0057846,0.8753335439143931,0.7566638979821175,0,0,0,0,0,0,0,0
2011-05-01,NO 15/9-F-12 H,5599,15/9-F-12,3420717,VOLVE,369304,MÆRSK INSPIRER,24.0,85.15642604166666,%,production,OP,32.0,575.948629549,350.70438590550003,104.769359604,575.948629549,197.68894025000003,7821.8819198,6842.159558540001,24335.715176700003,0.8747459535562703,0.7567641047206439,0,0,0,0,0,0,0,0
2011-05-02,NO 15/9-F-12 H,5599,15/9-F-12,3420717,VOLVE,369304,MÆRSK INSPIRER,24.0,85.08415229166667,%,production,OP,32.0,578.05532462875,348.147982377,107.1426526575,578.05532462875,196.999082375,7810.5602618,6829.519367969,24315.3990904,0.8743955797090397,0.7568769798849562,0,0,0,0,0,0,0,0
2011-05-03,NO 15/9-F-12 H,5599,15/9-F-12,3420717,VOLVE,369304,MÆRSK INSPIRER,24.0,85.15417333333333,%,production,OP,32.0,575.68658818575,347.18173317775,104.31284645575,575.68658818575,197.415255125,7788.671722999999,6820.498581000999,23876.5590467,0.8756947042536177,0.7540307923334996,0,0,0,0,0,0,0,0
2011-05-04,NO 15/9-F-12 H,5599,15/9-F-12,3420717,VOLVE,369304,MÆRSK INSPIRER,24.0,85.19199791666666,%,production,OP,32.0,575.2842890332499,347.734503212,104.016301156625,575.2842890332499,197.579697875,7799.4272981,6809.946548641,24318.7326897,0.8731341787492467,0.7571645666793305,0,0,0,0,0,0,0,0
2011-05-05,NO 15/9-F-12 H,5599,15/9-F-12,3420717,VOLVE,369304,MÆRSK INSPIRER,24.0,85.09803166666667,%,production,OP,32.0,575.876959625625,348.323671741,104.707114129,575.876959625625,197.516164625,7768.4185348,6790.582439190001,24346.722344200003,0.8741267490635823,0.7581072876476234,0,0,0,0,0,0,0,0
2011-05-06,NO 15/9-F-12 H,5599,15/9-F-12,3420717,VOLVE,369304,MÆRSK INSPIRER,24.0,85.07655041666666,%,production,OP,32.0,579.1593659712499,344.027890932625,108.268392289125,579.1593659712499,196.339998125,7750.6183725,6833.761369733001,24344.2064202,0.8817053093440772,0.7585087806971644,0,0,0,0,0,0,0,0
2011-05-07,NO 15/9-F-12 H,5599,15/9-F-12,3420717,VOLVE,369304,MÆRSK INSPIRER,24.0,85.0920475,%,production,OP,32.0,581.423403108,342.21700689712503,110.450350004375,581.423403108,195.047298125,7748.0395504,6800.332121566001,24318.9842821,0.8776842293241685,0.7583798362183102,0,0,0,0,0,0,0,0
2011-05-08,NO 15/9-F-12 H,5599,15/9-F-12,3420717,VOLVE,369304,MÆRSK INSPIRER,24.0,85.09777229166667,%,production,OP,32.0,582.88441318475,338.584620835875,112.259928697875,582.88441318475,192.620340125,7753.1342965,6774.822548021,24293.762144,0.8738172575031184,0.7580691062894378,0,0,0,0,0,0,0,0
2011-05-09,NO 15/9-F-12 H,5599,15/9-F-12,3420717,VOLVE,369304,MÆRSK INSPIRER,24.0,85.03229375,%,production,OP,32.0,580.558248416375,339.94820465775,109.836216809625,580.558248416375,194.8092695,7713.194003,6769.093091093,24305.8385792,0.8775992265279731,0.759105963517214,0,0,0,0,0,0,0,0
2011-05-10,NO 15/9-F-12 H,5599,15/9-F-12,3420717,VOLVE,369304,MÆRSK INSPIRER,24.0,85.04773541666667,%,production,OP,32.0,579.5250943963749,340.9973068145,108.970599809375,579.5250943963749,196.222100375,7703.2561032,6769.804682298,24307.8513184,0.8788237845923055,0.7593567757046072,0,0,0,0,0,0,0,0
2011-05-11,NO 15/9-F-12 H,5599,15/9-F-12,3420717,VOLVE,369304,MÆRSK INSPIRER,18.04167,83.15643054054054,%,production,OP,32.0,584.5485843516842,342.0909232146873,113.2796241759107,584.5485843516842,196.4069787960472,6043.0607537,5333.913571209,20003.9230297,0.8826509923705784,0.7679938374457275,0,0,0,0,0,0,0,0
2011-05-12,NO 15/9-F-12 H,5599,15/9-F-12,3420717,VOLVE,369304,MÆRSK INSPIRER,24.0,85.43562727272727,%,production,OP,32.0,572.7507225971792,340.97999608206936,102.41489068040462,572.7507225971792,196.4022206936416,7066.412840700001,6184.6577606480005,23039.9514186,0.875218855743411,0.7652850812592839,0,0,0,0,0,0,0,0
2011-05-13,NO 15/9-F-12 H,5599,15/9-F-12,3420717,VOLVE,369304,MÆRSK INSPIRER,24.0,86.32393875,%,production,OP,32.0,571.800406775875,341.649563851875,100.911348804,571.800406775875,196.738655375,7586.643025800001,6646.927183648,24675.9938977,0.8761354872034579,0.764847397818437,0,0,0,0,0,0,0,0
2011-05-14,NO 15/9-F-12 H,5599,15/9-F-12,3420717,VOLVE,369304,MÆRSK INSPIRER,24.0,86.31287104166667,%,production,OP,32.0,572.95888269275,342.797164940375,101.730112487,572.95888269275,197.4552395,7604.1286976,6653.473116440001,24751.5974139,0.8749816554972244,0.7649835249749716,0,0,0,0,0,0,0,0
2011-05-15,NO 15/9-F-12 H,5599,15/9-F-12,3420717,VOLVE,369304,MÆRSK INSPIRER,24.0,86.3006925,%,production,OP,32.0,572.8927634945,341.353121288,101.72284245725,572.8927634945,197.486977625,7634.3826837,6672.723159409999,24768.8314933,0.8740357191756685,0.7643942776170972,0,0,0,0,0,0,0,0
2011-05-16,NO 15/9-F-12 H,5599,15/9-F-12,3420717,VOLVE,369304,MÆRSK INSPIRER,24.0,86.26375333333333,%,production,OP,32.0,574.5223862895,342.1215930445,103.47042949225,574.5223862895,197.208616625,7636.709913400001,6728.538042759999,24732.8537801,0.8810781238336095,0.7640774529520923,0,0,0,0,0,0,0,0
2011-05-17,NO 15/9-F-12 H,5599,15/9-F-12,3420717,VOLVE,369304,MÆRSK INSPIRER,24.0,86.31611416666667,%,production,OP,32.0,574.342841332,340.55623417,102.977061583875,574.342841332,197.30642975,7632.055454,6721.721246219,24762.4787852,0.8807222755039221,0.7644029885521676,0,0,0,0,0,0,0,0
2011-05-18,NO 15/9-F-12 H,5599,15/9-F-12,3420717,VOLVE,369304,MÆRSK INSPIRER,24.0,86.29318770833333,%,production,OP,32.0,580.1457301281249,339.68954147125,108.892693252,580.1457301281249,194.359808,7559.4081485,6662.8678860810005,24063.9953847,0.8814007333898358,0.7609552640162937,0,0,0,0,0,0,0,0
2011-05-19,NO 15/9-F-12 H,5599,15/9-F-12,3420717,VOLVE,369304,MÆRSK INSPIRER,22.0,70.69235326086957,%,production,OP,32.0,622.6511764542807,302.409056348964,155.01113576036522,622.6511764542807,189.30667620852088,5786.1849133,5160.132051391,23496.9690132,0.8918021336528723,0.802405679121068,0,0,0,0,0,0,0,0
2011-05-20,NO 15/9-F-12 H,5599,15/9-F-12,3420717,VOLVE,369304,MÆRSK INSPIRER,24.0,92.540149375,%,production,OP,32.0,561.88879691025,331.82473505625,91.226759667875,561.88879691025,194.632637375,7282.0904256,6490.617258508,24197.8425415,0.8913123676259778,0.768675160991906,0,0,0,0,0,0,0,0
2011-05-21,NO 15/9-F-12 H,5599,15/9-F-12,3420717,VOLVE,369304,MÆRSK INSPIRER,24.0,95.7645225,%,production,OP,32.0,561.6599813355,342.01868254025,90.5689670135,561.6599813355,193.956519875,7588.5928669,6581.083631791999,24220.171367,0.8672337213526681,0.761430755024035,0,0,0,0,0,0,0,0
2011-05-22,NO 15/9-F-12 H,5599,15/9-F-12,3420717,VOLVE,369304,MÆRSK INSPIRER,24.0,95.731044375,%,production,OP,32.0,562.155104808,338.550796765625,90.61918037775,562.155104808,194.09908025,7573.874711500001,6628.594263437,24175.4508179,0.8751919613051286,0.7614476973853646,0,0,0,0,0,0,0,0
2011-05-23,NO 15/9-F-12 H,5599,15/9-F-12,3420717,VOLVE,369304,MÆRSK INSPIRER,24.0,95.801951875,%,production,OP,32.0,563.191065917625,335.17718871262497,91.777725792,563.191065917625,193.08722,7720.175692100001,6786.4368465570005,24670.8991516,0.8790521248760584,0.7616573167345337,0,0,0,0,0,0,0,0
2011-05-24,NO 15/9-F-12 H,5599,15/9-F-12,3420717,VOLVE,369304,MÆRSK INSPIRER,24.0,95.81844895833332,%,production,OP,32.0,561.038013067125,333.793042732625,89.62579094275,561.038013067125,192.4514015,7778.7338232,6730.846211552001,24767.5106332,0.8652881515854567,0.760994426450012,0,0,0,0,0,0,0,0
2011-05-25,NO 15/9-F-12 H,5599,15/9-F-12,3420717,VOLVE,369304,MÆRSK INSPIRER,24.0,95.91587041666666,%,production,OP,32.0,559.558305174875,336.6620484755,88.04294894600001,559.558305174875,196.58668325,7790.6844622,6742.362688369,24849.7184499,0.8654390665008443,0.7613177605932081,0,0,0,0,0,0,0,0
2011-05-26,NO 15/9-F-12 H,5599,15/9-F-12,3420717,VOLVE,369304,MÆRSK INSPIRER,24.0,95.92045875,%,production,OP,32.0,562.66773557575,334.54175004,91.169300446875,562.66773557575,194.813832875,7746.844486500001,6776.172982149002,24860.1595345,0.8747010468530076,0.7624177774348488,0,0,0,0,0,0,0,0
2011-05-27,NO 15/9-F-12 H,5599,15/9-F-12,3420717,VOLVE,369304,MÆRSK INSPIRER,24.0,96.03924895833332,%,production,OP,32.0,558.477850637125,334.21847846775,86.7094816605,558.477850637125,197.048283875,7737.095281,6769.461070267001,24849.152367,0.8749357251539579,0.7625656269302039,0,0,0,0,0,0,0,0
2011-05-28,NO 15/9-F-12 H,5599,15/9-F-12,3420717,VOLVE,369304,MÆRSK INSPIRER,24.0,96.10631854166668,%,production,OP,32.0,563.11864663125,333.67907005925,91.163852457,563.11864663125,193.807547,7730.6167767,6770.03281526,24876.3872443,0.8757429078187926,0.7629154530198106,0,0,0,0,0,0,0,0
2011-05-29,NO 15/9-F-12 H,5599,15/9-F-12,3420717,VOLVE,369304,MÆRSK INSPIRER,24.0,91.69211416666668,%,production,OP,32.0,572.1447541825,332.314909107,100.74311076725,572.1447541825,194.165127125,7644.1318892,6630.992837861,24572.1491346,0.8674618562285128,0.7627245713571704,0,0,0,0,0,0,0,0
2011-05-30,NO 15/9-F-12 H,5599,15/9-F-12,3420717,VOLVE,369304,MÆRSK INSPIRER,24.0,90.00148333333334,%,production,OP,32.0,573.435456409375,332.57884805075,102.135303334625,573.435456409375,196.295349125,7611.676469600001,6592.310528069,24456.668223,0.8660786561801188,0.7626420526982657,0,0,0,0,0,0,0,0
2011-05-31,NO 15/9-F-12 H,5599,15/9-F-12,3420717,VOLVE,369304,MÆRSK INSPIRER,24.0,90.12510333333331,%,production,OP,32.0,570.5574915483751,332.4691691065,99.181746481,570.5574915483751,197.65029012500003,7599.8516268,6582.332359584,24500.1937082,0.8661132720502285,0.7632448319780543,0,0,0,0,0,0,0,0
2011-06-01,NO 15/9-F-12 H,5599,15/9-F-12,3420717,VOLVE,369304,MÆRSK INSPIRER,24.0,88.21505958333333,%,production,OP,32.0,576.6437899968511,328.50935731723405,105.67784677685106,576.6437899968511,194.28770434042556,7591.360383300001,6579.689760583001,24450.0010244,0.8667339486421244,0.7630762224268134,0,0,0,0,0,0,0,0
2011-06-02,NO 15/9-F-12 H,5599,15/9-F-12,3420717,VOLVE,369304,MÆRSK INSPIRER,19.59167,77.82299175,%,production,OP,32.0,588.905113000624,286.1771896979028,132.5844192516802,588.905113000624,191.24212968566536,5514.402223200001,4762.127613157,14233.5255395,0.8635800256140082,0.7207604620867798,0,0,0,0,0,0,0,0
2011-06-03,NO 15/9-F-12 H,5599,15/9-F-12,3420717,VOLVE,369304,MÆRSK INSPIRER,24.0,85.00998895833334,%,production,OP,32.0,546.694455884125,333.874270055875,80.88168560950001,546.694455884125,196.94217725,6909.041794500001,6089.831787649001,24182.809895600003,0.8814292877048249,0.7777860944608868,0,0,0,0,0,0,0,0
2011-06-04,NO 15/9-F-12 H,5599,15/9-F-12,3420717,VOLVE,369304,MÆRSK INSPIRER,24.0,89.90854979166667,%,production,OP,32.0,537.065866524125,341.21857437,80.842612976625,537.065866524125,197.665677125,7193.4041046,6339.0861185720005,24746.5655659,0.8812359247992637,0.7747836275735764,0,0,0,0,0,0,0,0
2011-06-05,NO 15/9-F-12 H,5599,15/9-F-12,3420717,VOLVE,369304,MÆRSK INSPIRER,24.0,89.92147333333334,%,production,OP,32.0,538.61897270925,341.607421248,81.70455568087499,538.61897270925,197.850139625,7244.9176485,6367.448413583001,24799.0854794,0.8788848572904522,0.7739072231524029,0,0,0,0,0,0,0,0
2011-06-06,NO 15/9-F-12 H,5599,15/9-F-12,3420717,VOLVE,369304,MÆRSK INSPIRER,24.0,88.07467645833333,%,production,OP,32.0,539.7174885925532,342.29762931676595,82.81222959523404,539.7174885925532,198.08162178723404,7132.015559,6266.107231581001,24821.2256106,0.8785885532279446,0.7767983685553211,0,0,0,0,0,0,0,0
2011-06-07,NO 15/9-F-12 H,5599,15/9-F-12,3420717,VOLVE,369304,MÆRSK INSPIRER,24.0,89.925898125,%,production,OP,32.0,543.926994871,342.4915849825,81.08603810825,543.926994871,198.274248125,7132.3300495,6259.700438707001,24808.2057039,0.8776515381738155,0.7766997365177013,0,0,0,0,0,0,0,0
2011-06-08,NO 15/9-F-12 H,5599,15/9-F-12,3420717,VOLVE,369304,MÆRSK INSPIRER,24.0,89.946779375,%,production,OP,32.0,555.41347870825,338.2141726325,84.712045519125,555.41347870825,196.494518,7107.5481981,6253.333551444,24667.8800428,0.8798158488908523,0.7763193577057299,0,0,0,0,0,0,0,0
2011-06-09,NO 15/9-F-12 H,5599,15/9-F-12,3420717,VOLVE,369304,MÆRSK INSPIRER,24.0,89.95907895833334,%,production,OP,32.0,555.37685057,338.037625127,84.79805003150001,555.37685057,196.484232875,7134.531483,6259.7431694940005,24674.8617319,0.8773867190031434,0.7757099157849362,0,0,0,0,0,0,0,0
2011-06-10,NO 15/9-F-12 H,5599,15/9-F-12,3420717,VOLVE,369304,MÆRSK INSPIRER,24.0,89.93658791666667,%,production,OP,32.0,553.1023858053751,338.73421242475,82.22104204212499,553.1023858053751,197.9164895,7139.752025300001,6254.957321350001,24737.5082395,0.876074869153061,0.77602366182065,0,0,0,0,0,0,0,0
2011-06-11,NO 15/9-F-12 H,5599,15/9-F-12,3420717,VOLVE,369304,MÆRSK INSPIRER,24.0,89.91495770833333,%,production,OP,32.0,551.5074180275001,338.56263549237497,83.256335372625,551.5074180275001,198.329079875,7143.5259113,6270.051530424001,24745.3076039,0.8777250349866734,0.7759866033389087,0,0,0,0,0,0,0,0
2011-06-12,NO 15/9-F-12 H,5599,15/9-F-12,3420717,VOLVE,369304,MÆRSK INSPIRER,24.0,89.93970666666667,%,production,OP,32.0,552.76747795525,336.69454303075,82.564597783,552.76747795525,197.99437025,7183.717797199999,6266.065913382,24686.6865747,0.8722594748675021,0.774595963283922,0,0,0,0,0,0,0,0
2011-06-13,NO 15/9-F-12 H,5599,15/9-F-12,3420717,VOLVE,369304,MÆRSK INSPIRER,24.0,89.950475625,%,production,OP,32.0,558.0051053193749,332.085377407125,87.219583328125,558.0051053193749,195.728998625,7203.4678006,6271.009618235,24685.3657146,0.8705542652266269,0.77410688926058,0,0,0,0,0,0,0,0
2011-06-14,NO 15/9-F-12 H,5599,15/9-F-12,3420717,VOLVE,369304,MÆRSK INSPIRER,24.0,89.93850291666666,%,production,OP,32.0,553.8069562363751,329.703185668,82.52891843500001,553.8069562363751,196.419615875,7202.713023400001,6289.668846274,24692.2216075,0.8732360744958567,0.7741737643687795,0,0,0,0,0,0,0,0
2011-06-15,NO 15/9-F-12 H,5599,15/9-F-12,3420717,VOLVE,369304,MÆRSK INSPIRER,24.0,89.95133145833333,%,production,OP,32.0,554.74729500125,332.238933368,84.087342680125,554.74729500125,197.1978005,7192.2090407000005,6274.311542685,24691.5297284,0.8723761374536377,0.7744239126789515,0,0,0,0,0,0,0,0
2011-06-16,NO 15/9-F-12 H,5599,15/9-F-12,3420717,VOLVE,369304,MÆRSK INSPIRER,24.0,89.96159666666667,%,production,OP,32.0,564.003260587875,328.881971447125,83.679658991875,564.003260587875,196.0600325,6960.3666441,6011.245632592,24292.5670801,0.8636392218917767,0.7772891752971531,0,0,0,0,0,0,0,0
2011-06-17,NO 15/9-F-12 H,5599,15/9-F-12,3420717,VOLVE,369304,MÆRSK INSPIRER,24.0,89.93697229166666,%,production,OP,32.0,557.0846609335,331.68935416975,80.33168338375,557.0846609335,198.00310175,7040.0585368,6125.707285085,24907.8991924,0.8701216407597356,0.7796397943031744,0,0,0,0,0,0,0,0
2011-06-18,NO 15/9-F-12 H,5599,15/9-F-12,3420717,VOLVE,369304,MÆRSK INSPIRER,24.0,89.944875625,%,production,OP,32.0,554.197054067125,331.161751250125,83.428042234875,554.197054067125,197.687685125,7196.360315300001,6315.581713693,24732.5392896,0.8776077679525857,0.7746129555246055,0,0,0,0,0,0,0,0
2011-06-19,NO 15/9-F-12 H,5599,15/9-F-12,3420717,VOLVE,369304,MÆRSK INSPIRER,24.0,89.92158166666667,%,production,OP,32.0,552.3404256507499,330.83598381562496,80.85618913775001,552.3404256507499,198.2326715,7194.0330856,6307.045091262,24783.9899354,0.8767050437794833,0.7750319623925572,0,0,0,0,0,0,0,0
2011-06-20,NO 15/9-F-12 H,5599,15/9-F-12,3420717,VOLVE,369304,MÆRSK INSPIRER,11.675,84.79982666666666,%,production,OP,32.0,566.4925804891863,329.97366580225696,95.53527960842824,566.4925804891863,197.89653427408996,4123.9768246,2931.953880067,10650.0949863,0.7109530447837522,0.7208638974153749,0,0,0,0,0,0,0,0
2011-06-24,NO 15/9-F-12 H,5599,15/9-F-12,3420717,VOLVE,369304,MÆRSK INSPIRER,0.0,82.692386875,%,production,OP,32.0,1273.838005944,0.0,1272.412717518,1273.838005944,53.281886,0.0,0.0,0.0,0.7556693798855043,0.7376239536054919,1,0,0,0,0,1,1,0
2011-06-28,NO 15/9-F-12 H,5599,15/9-F-12,3420717,VOLVE,369304,MÆRSK INSPIRER,0.0,80.58494708333333,%,production,OP,32.0,1273.793769354,0.0,1272.368480928,1273.793769354,53.258864,0.0,0.0,0.0,0.8003857149872564,0.7543840097956089,1,0,0,0,0,1,1,0
2011-07-01,NO 15/9-F-12 H,5599,15/9-F-12,3420717,VOLVE,369304,MÆRSK INSPIRER,24.0,78.47750729166667,%,production,OP,32.0,567.95014040075,90.90880917725,115.94518413175,567.95014040075,171.726172625,5725.9285335,4838.993942324,19293.8663788,0.8451020500890085,0.7711440659857259,0,0,0,0,0,0,0,0
2011-07-02,NO 15/9-F-12 H,5599,15/9-F-12,3420717,VOLVE,369304,MÆRSK INSPIRER,7.675,92.130470625,%,production,OP,32.0,527.8224936925602,225.1012526714072,71.66815654129643,527.8224936925602,195.0645001237785,2501.2687427,1883.225947459,6839.8538845,0.7529082802298755,0.7322303921568627,0,0,0,0,0,0,0,0
2011-07-03,NO 15/9-F-12 H,5599,15/9-F-12,3420717,VOLVE,369304,MÆRSK INSPIRER,8.8,66.4189088888889,%,production,OP,32.0,561.5517648577501,58.68622325147728,98.90421407045454,561.5517648577501,167.48830911363638,1655.2892977,1781.465933115,5854.6809442,1.0762263343273712,0.7795877687417817,0,0,0,0,0,0,0,0
2011-07-04,NO 15/9-F-12 H,5599,15/9-F-12,3420717,VOLVE,369304,MÆRSK INSPIRER,8.84167,92.41013111111111,%,production,OP,32.0,539.1878451377763,216.27586780125296,81.75255690327054,539.1878451377763,195.54244595284828,2970.1111801,2345.6715908120004,8063.1590314,0.789758850284192,0.7308040931505289,0,0,0,0,0,0,0,0
2011-07-05,NO 15/9-F-12 H,5599,15/9-F-12,3420717,VOLVE,369304,MÆRSK INSPIRER,0.0,85.12017055555555,%,production,OP,32.0,1280.9294939160002,0.0,1280.9248527,1280.9294939160002,67.64027,0.0,0.0,0.0,0.86952627933943,0.7470115612462407,1,0,0,0,0,1,1,0
2011-07-07,NO 15/9-F-12 H,5599,15/9-F-12,3420717,VOLVE,369304,MÆRSK INSPIRER,4.24167,77.83021,%,production,OP,32.0,544.8981510720942,51.67807827053127,76.92198395580377,544.8981510720942,187.3965186549873,1179.5909674,1119.7782838320002,3802.190145,0.9492937083946682,0.7632190293419524,0,0,0,0,0,0,0,0
2011-07-08,NO 15/9-F-12 H,5599,15/9-F-12,3420717,VOLVE,369304,MÆRSK INSPIRER,16.175,91.71237757575756,%,production,OP,32.0,544.3460813500433,196.5964505476136,82.061470562949,544.3460813500433,194.12969105718705,5799.3935143,4705.665058209001,15090.5750501,0.8114064076883021,0.7223838084570824,0,0,0,0,0,0,0,0
2011-07-09,NO 15/9-F-12 H,5599,15/9-F-12,3420717,VOLVE,369304,MÆRSK INSPIRER,0.0,89.95832896645021,%,production,OP,32.0,1305.408137328,0.0,967.24754415,1305.408137328,75.686036,0.0,0.0,0.0,0.8309011479167097,0.7357395673806635,1,0,0,0,0,1,1,0
2011-07-10,NO 15/9-F-12 H,5599,15/9-F-12,3420717,VOLVE,369304,MÆRSK INSPIRER,23.0,88.20428035714286,%,production,OP,32.0,541.2002757243157,189.83694760608512,87.61890410754515,541.2002757243157,194.5630539637948,4949.8288776,4209.314124533001,14778.097289300002,0.8503958881451172,0.7490953263042446,0,0,0,0,0,0,0,0
2011-07-11,NO 15/9-F-12 H,5599,15/9-F-12,3420717,VOLVE,369304,MÆRSK INSPIRER,18.00834,88.14141324324325,%,production,OP,32.0,553.2091613085204,289.92913848312395,94.3844498720542,553.2091613085204,197.16471757292783,6791.8626342,5349.470049706001,17372.3923219,0.7876293055117279,0.7189293588178489,0,0,0,0,0,0,0,0
2011-07-13,NO 15/9-F-12 H,5599,15/9-F-12,3420717,VOLVE,369304,MÆRSK INSPIRER,0.0,66.63583454311454,%,production,OP,32.0,1366.390524732,0.0,1366.188776874,1366.390524732,60.712052,0.0,0.0,0.0,0.6971486038853458,0.6823198975800577,1,0,0,0,0,1,1,0
2011-07-14,NO 15/9-F-12 H,5599,15/9-F-12,3420717,VOLVE,369304,MÆRSK INSPIRER,0.0,45.13025584298584,%,production,OP,32.0,1364.867335656,0.0,1364.672404584,1364.867335656,57.807626,0.0,0.0,0.0,0.6066679022589638,0.6457104363422667,1,0,0,0,0,1,1,0
2011-07-15,NO 15/9-F-12 H,5599,15/9-F-12,3420717,VOLVE,369304,MÆRSK INSPIRER,3.08,23.62467714285714,%,production,OP,32.0,896.837995658104,0.0425460496753246,534.8095282131818,896.837995658104,96.47266684415584,688.3568064,355.320972932,1072.6012993,0.5161872006325817,0.6091009751044755,0,0,0,0,0,0,0,0
2011-07-16,NO 15/9-F-12 H,5599,15/9-F-12,3420717,VOLVE,369304,MÆRSK INSPIRER,11.175,75.81035869565217,%,production,OP,32.0,571.8690904008994,91.60205524724832,115.10150266888591,571.8690904008994,188.6982209261745,3439.268108,2967.506954292,9534.5971828,0.8628309457437624,0.7349079837880815,0,0,0,0,0,0,0,0
2011-07-17,NO 15/9-F-12 H,5599,15/9-F-12,3420717,VOLVE,369304,MÆRSK INSPIRER,0.0,76.56311589233954,%,production,OP,32.0,1321.188996918,0.0,1040.6984133,1321.188996918,63.476384,0.0,0.0,0.0,0.8523100364869441,0.7242475449389758,1,0,0,0,0,1,1,0
2011-07-18,NO 15/9-F-12 H,5599,15/9-F-12,3420717,VOLVE,369304,MÆRSK INSPIRER,0.0,77.31587308902692,%,production,OP,32.0,1362.528452868,0.0,1103.030959446,1362.528452868,59.10701,0.0,0.0,0.0,0.8417891272301259,0.71358710608987,1,0,0,0,0,1,1,0
2011-07-20,NO 15/9-F-12 H,5599,15/9-F-12,3420717,VOLVE,369304,MÆRSK INSPIRER,21.0,78.06863028571429,%,production,OP,32.0,567.8162139659925,146.6732643236119,109.10189731232836,567.8162139659925,193.85535168051268,7594.379492100001,6312.966307011001,17969.609781400002,0.8312682179733076,0.7029266672407642,0,0,0,0,0,0,0,0
2011-07-21,NO 15/9-F-12 H,5599,15/9-F-12,3420717,VOLVE,369304,MÆRSK INSPIRER,24.0,66.652139375,%,production,OP,32.0,601.277627733375,254.46942179487505,143.57251791825,601.277627733375,196.13352425,8471.745089,7046.514073589,20121.9827634,0.8317665368305796,0.7037201608432834,0,0,0,0,0,0,0,0
2011-07-22,NO 15/9-F-12 H,5599,15/9-F-12,3420717,VOLVE,369304,MÆRSK INSPIRER,6.84167,61.27352,%,production,OP,32.0,633.7324852163377,278.1202215331095,177.26437769247886,633.7324852163377,195.5631960949476,2527.3085561000003,1895.836473682,5218.3408665,0.7501404880326713,0.6737125038572102,0,0,0,0,0,0,0,0
2011-07-23,NO 15/9-F-12 H,5599,15/9-F-12,3420717,VOLVE,369304,MÆRSK INSPIRER,0.0,65.17060652173913,%,production,OP,32.0,1390.206924636,0.0,1076.084204388,1390.206924636,64.64741000000001,0.0,0.0,0.0,0.777720753482855,0.686418598360702,1,0,0,0,0,1,1,0
2011-07-24,NO 15/9-F-12 H,5599,15/9-F-12,3420717,VOLVE,369304,MÆRSK INSPIRER,0.0,69.06769304347827,%,production,OP,32.0,1385.926998294,0.0,1091.22457617,1385.926998294,55.765958,0.0,0.0,0.0,0.8053010189330387,0.6991246928641939,1,0,0,0,0,1,1,0
2011-07-25,NO 15/9-F-12 H,5599,15/9-F-12,3420717,VOLVE,369304,MÆRSK INSPIRER,17.4,72.9647795652174,%,production,OP,32.0,575.30723485399,172.2159007832838,117.51372219026295,575.30723485399,194.60601356885843,5811.6586438,4840.421715645,14355.862344,0.8328812843832224,0.7118307873676857,0,0,0,0,0,0,0,0
2011-07-26,NO 15/9-F-12 H,5599,15/9-F-12,3420717,VOLVE,369304,MÆRSK INSPIRER,20.675,64.64252928571429,%,production,OP,32.0,608.458408966092,263.5954814310472,151.35769587711005,608.458408966092,196.31790988633617,7530.286328200001,5972.531539570001,16584.0904346,0.7931347201504942,0.6877262720794599,0,0,0,0,0,0,0,0
2011-07-27,NO 15/9-F-12 H,5599,15/9-F-12,3420717,VOLVE,369304,MÆRSK INSPIRER,0.0,64.50092242063492,%,production,OP,32.0,1381.403843226,1.509990618,1047.52390158,1381.403843226,91.417028,0.0,0.0,0.0,0.8116889789374975,0.7053519721670293,1,0,0,0,0,1,1,0
2011-07-28,NO 15/9-F-12 H,5599,15/9-F-12,3420717,VOLVE,369304,MÆRSK INSPIRER,4.325,64.35931555555555,%,production,OP,32.0,583.4342786863352,65.16608732077457,127.4422597951214,583.4342786863352,187.18232738728324,1453.0719062,1206.40312405,3792.2522452,0.8302432377245007,0.7229776722545986,0,0,0,0,0,0,0,0
2011-07-29,NO 15/9-F-12 H,5599,15/9-F-12,3420717,VOLVE,369304,MÆRSK INSPIRER,24.0,65.84010145833334,%,production,OP,32.0,601.6657161835001,240.124800999875,144.302729859,601.6657161835001,195.3902195,8577.9799799,7118.7245127080005,19562.6299601,0.8298835540988275,0.6951743406347787,0,0,0,0,0,0,0,0
2011-07-30,NO 15/9-F-12 H,5599,15/9-F-12,3420717,VOLVE,369304,MÆRSK INSPIRER,2.00834,45.731784,%,production,OP,32.0,689.0059026703676,283.8495944562461,234.94910841613208,689.0059026703676,195.01061388341617,718.925283,455.421196376,1259.5973506,0.6334750037939617,0.6366353001017294,0,0,0,0,0,0,0,0
2011-07-31,NO 15/9-F-12 H,5599,15/9-F-12,3420717,VOLVE,369304,MÆRSK INSPIRER,0.0,49.1613468,%,production,OP,32.0,1382.373712332,0.0,1382.373712332,1382.373712332,64.666436,0.0,0.0,0.0,0.6702618077601524,0.6468151833913002,1,0,0,0,0,1,1,0
2011-08-01,NO 15/9-F-12 H,5599,15/9-F-12,3420717,VOLVE,369304,MÆRSK INSPIRER,0.0,52.590909599999996,%,production,OP,32.0,1385.503342296,0.0,1385.503342296,1385.503342296,56.991956,0.0,0.0,0.0,0.7070486117263431,0.656995066680871,1,0,0,0,0,1,1,0
2011-08-02,NO 15/9-F-12 H,5599,15/9-F-12,3420717,VOLVE,369304,MÆRSK INSPIRER,0.0,56.0204724,%,production,OP,32.0,1401.327713286,0.0,1401.327713286,1401.327713286,57.571844,0.0,0.0,0.0,0.743835415692534,0.6671749499704418,1,0,0,0,0,1,1,0
2011-08-03,NO 15/9-F-12 H,5599,15/9-F-12,3420717,VOLVE,369304,MÆRSK INSPIRER,0.0,59.4500352,%,production,OP,32.0,1444.036327956,0.0,1444.036327956,1444.036327956,58.616492,0.0,0.0,0.0,0.7806222196587247,0.6773548332600127,1,0,0,0,0,1,1,0
2011-08-04,NO 15/9-F-12 H,5599,15/9-F-12,3420717,VOLVE,369304,MÆRSK INSPIRER,6.99166,62.879598,%,production,OP,32.0,591.8759071312136,34.93921039366903,134.9576939635399,591.8759071312136,180.2281898124365,2405.9781212,1966.668226913,5294.0072808,0.8174090236249154,0.6875347165495834,0,0,0,0,0,0,0,0
2011-08-05,NO 15/9-F-12 H,5599,15/9-F-12,3420717,VOLVE,369304,MÆRSK INSPIRER,24.0,66.53867958333333,%,production,OP,32.0,603.4415403041249,197.931748073875,147.114282424125,603.4415403041249,194.684397875,9155.8877227,7521.445582274001,19446.205577,0.8214873106871153,0.6798874954094345,0,0,0,0,0,0,0,0
2011-08-06,NO 15/9-F-12 H,5599,15/9-F-12,3420717,VOLVE,369304,MÆRSK INSPIRER,22.33333,65.89458413043478,%,production,OP,32.0,612.440861600388,250.0749271061425,156.50606614364173,612.440861600388,194.06925118390404,8115.049963900001,6727.435870973,23182.9187999,0.8290073260054053,0.7407164015932539,0,0,0,0,0,0,0,0
2011-08-07,NO 15/9-F-12 H,5599,15/9-F-12,3420717,VOLVE,369304,MÆRSK INSPIRER,24.0,74.62770979166666,%,production,OP,32.0,590.705149199125,294.513948264625,130.073610679625,590.705149199125,195.60119525,9415.4052833,7869.267478661,20698.1922575,0.8357863779500424,0.687337081843398,0,0,0,0,0,0,0,0
2011-08-08,NO 15/9-F-12 H,5599,15/9-F-12,3420717,VOLVE,369304,MÆRSK INSPIRER,24.0,75.964688125,%,production,OP,32.0,584.3650275645,312.035064427375,124.305715322625,584.3650275645,195.93134,9261.053345900002,7737.832875054001,20997.5872135,0.835524058230336,0.6939368995206557,0,0,0,0,0,0,0,0
2011-08-09,NO 15/9-F-12 H,5599,15/9-F-12,3420717,VOLVE,369304,MÆRSK INSPIRER,24.0,76.32282666666667,%,production,OP,32.0,580.39875194075,318.22425589325,121.3473359555,580.39875194075,196.097330375,9118.8407418,7616.989856271,21240.2480833,0.8353024328361562,0.6996339121264795,0,0,0,0,0,0,0,0
2011-08-10,NO 15/9-F-12 H,5599,15/9-F-12,3420717,VOLVE,369304,MÆRSK INSPIRER,24.0,87.55069583333334,%,production,OP,32.0,561.85406030925,327.70696119825004,102.337289901,561.85406030925,197.194411625,9372.1313905,7830.245794602,22270.330267,0.8354818630198759,0.703811558912687,0,0,0,0,0,0,0,0
2011-08-11,NO 15/9-F-12 H,5599,15/9-F-12,3420717,VOLVE,369304,MÆRSK INSPIRER,24.0,94.82650666666666,%,production,OP,32.0,553.813615897875,331.97238374025,94.555133994625,553.813615897875,197.39145275,9341.4371177,7831.040022205,22800.7499443,0.8383121273028616,0.7093714531720872,0,0,0,0,0,0,0,0
2011-08-12,NO 15/9-F-12 H,5599,15/9-F-12,3420717,VOLVE,369304,MÆRSK INSPIRER,24.0,94.81149041666669,%,production,OP,32.0,552.063611562875,334.59099044100003,93.168087254625,552.063611562875,197.5598105,9205.3256293,7709.684940272001,22969.757139,0.8375244125783596,0.71389892931777,0,0,0,0,0,0,0,0
2011-08-13,NO 15/9-F-12 H,5599,15/9-F-12,3420717,VOLVE,369304,MÆRSK INSPIRER,24.0,94.85547270833334,%,production,OP,32.0,553.596243217,332.800892163875,95.211944620875,553.596243217,196.2573995,9053.6783102,7605.730117323,23057.4999885,0.8400707266961626,0.7180521304455983,0,0,0,0,0,0,0,0
2011-08-14,NO 15/9-F-12 H,5599,15/9-F-12,3420717,VOLVE,369304,MÆRSK INSPIRER,24.0,94.883621875,%,production,OP,32.0,551.796590561625,336.663825191,93.368402862375,551.796590561625,197.13741875,8925.5548805,7500.238398630001,23154.677553,0.8403106024272012,0.721773995902242,0,0,0,0,0,0,0,0
2011-08-15,NO 15/9-F-12 H,5599,15/9-F-12,3420717,VOLVE,369304,MÆRSK INSPIRER,24.0,98.08697041666667,%,production,OP,32.0,544.560965033875,338.28518686325003,85.66299018775001,544.560965033875,198.047114375,8846.366172600001,7494.512826319,23364.0653279,0.8471854635106425,0.7253571045000536,0,0,0,0,0,0,0,0
2011-08-16,NO 15/9-F-12 H,5599,15/9-F-12,3420717,VOLVE,369304,MÆRSK INSPIRER,24.0,99.82332125,%,production,OP,32.0,545.1255768165,337.670349629875,86.923615159375,545.1255768165,197.662443875,8702.0779312,7328.281942508001,23391.4260014,0.8421301211557232,0.7288523574903086,0,0,0,0,0,0,0,0
2011-08-17,NO 15/9-F-12 H,5599,15/9-F-12,3420717,VOLVE,369304,MÆRSK INSPIRER,24.0,99.85022145833334,%,production,OP,32.0,540.6033191711249,338.416829999625,85.147123259625,540.6033191711249,197.943269,8578.4202666,7248.827398978001,23431.3662949,0.8450072593436863,0.7320063271862689,0,0,0,0,0,0,0,0
2011-08-18,NO 15/9-F-12 H,5599,15/9-F-12,3420717,VOLVE,369304,MÆRSK INSPIRER,24.0,99.84315291666668,%,production,OP,32.0,537.7178576585001,338.85065980900004,83.509475028625,537.7178576585001,198.35886275,8516.9059248,7217.337987282,23540.3687022,0.8474131393498378,0.7343222084878451,0,0,0,0,0,0,0,0
2011-08-19,NO 15/9-F-12 H,5599,15/9-F-12,3420717,VOLVE,369304,MÆRSK INSPIRER,24.0,99.87967854166666,%,production,OP,32.0,537.353646089125,338.107143653375,83.342385209375,537.353646089125,198.237513125,8463.6312341,7109.456522840001,23677.360764,0.8400007427303751,0.7366717481961875,0,0,0,0,0,0,0,0
2011-08-20,NO 15/9-F-12 H,5599,15/9-F-12,3420717,VOLVE,369304,MÆRSK INSPIRER,24.0,99.91859354166668,%,production,OP,32.0,541.702199578125,336.353277681625,88.103438856875,541.702199578125,196.1733155,8385.637590100001,7062.711160744,23729.2516965,0.8422390169928361,0.738886299271817,0,0,0,0,0,0,0,0
2011-08-21,NO 15/9-F-12 H,5599,15/9-F-12,3420717,VOLVE,369304,MÆRSK INSPIRER,24.0,99.91125041666666,%,production,OP,32.0,540.2883419595,336.53286192025,86.54973136837499,540.2883419595,196.800352625,8307.3923537,7008.204333882,23797.6848293,0.8436106103452116,0.7412436573085438,0,0,0,0,0,0,0,0
2011-08-22,NO 15/9-F-12 H,5599,15/9-F-12,3420717,VOLVE,369304,MÆRSK INSPIRER,24.0,99.92399458333334,%,production,OP,32.0,536.38484361675,337.286591168375,82.8121172165,536.38484361675,198.02433875,8246.1296043,6945.705437263001,23881.5908947,0.8422988444956184,0.7433328765245991,0,0,0,0,0,0,0,0
2011-08-23,NO 15/9-F-12 H,5599,15/9-F-12,3420717,VOLVE,369304,MÆRSK INSPIRER,24.0,99.92226854166668,%,production,OP,32.0,535.863664671875,338.7103808683749,82.239836549625,535.863664671875,198.22730825,8205.6232279,6928.3313111570005,23962.6665456,0.844339438788748,0.7449157761983439,0,0,0,0,0,0,0,0
2011-08-24,NO 15/9-F-12 H,5599,15/9-F-12,3420717,VOLVE,369304,MÆRSK INSPIRER,24.0,99.89972979166669,%,production,OP,32.0,539.4261152225,333.682892414875,85.935930552375,539.4261152225,196.0270865,8090.9599916,6845.998619577001,24006.6952156,0.846129337765171,0.7479267585320353,0,0,0,0,0,0,0,0
2011-08-25,NO 15/9-F-12 H,5599,15/9-F-12,3420717,VOLVE,369304,MÆRSK INSPIRER,23.15833,95.2913780851064,%,production,OP,32.0,544.9852094321348,332.8433801701053,92.31351861814026,544.9852094321348,196.8113656620093,7649.2895334,6471.530016305001,23638.1752477,0.8460302081713068,0.7555158403879131,0,0,0,0,0,0,0,0
2011-08-26,NO 15/9-F-12 H,5599,15/9-F-12,3420717,VOLVE,369304,MÆRSK INSPIRER,23.01,71.78090127659574,%,production,OP,32.0,584.8464573003885,277.5125307814211,129.79907436122295,584.8464573003885,187.11885249282923,5921.1642359,5043.383772073,19594.3306025,0.851755426997782,0.7679384909678947,0,0,0,0,0,0,0,0
2011-08-27,NO 15/9-F-12 H,5599,15/9-F-12,3420717,VOLVE,369304,MÆRSK INSPIRER,24.0,85.80747416666667,%,production,OP,32.0,537.3348364735,332.33997046475,85.658871712875,537.3348364735,197.3932145,7541.6079862,6373.397527945001,23719.6911853,0.845097960488977,0.7587557719585928,0,0,0,0,0,0,0,0
2011-08-28,NO 15/9-F-12 H,5599,15/9-F-12,3420717,VOLVE,369304,MÆRSK INSPIRER,24.0,85.88354604166666,%,production,OP,32.0,543.578556184125,331.386759577375,91.03755457525,543.578556184125,194.750787875,7577.8372918,6425.783353925,23810.3902455,0.84797061568983,0.758577088088363,0,0,0,0,0,0,0,0
2011-08-29,NO 15/9-F-12 H,5599,15/9-F-12,3420717,VOLVE,369304,MÆRSK INSPIRER,24.0,83.02472895833333,%,production,OP,32.0,543.492542606875,329.22588071812504,90.9827120815,543.492542606875,196.8257855,7528.7767738,6373.669804282,23594.7126606,0.8465744165057795,0.7580998496435096,0,0,0,0,0,0,0,0
2011-08-30,NO 15/9-F-12 H,5599,15/9-F-12,3420717,VOLVE,369304,MÆRSK INSPIRER,24.0,79.68205104166667,%,production,OP,32.0,545.9089361193751,329.384262214125,93.5628897555,545.9089361193751,197.554481,7461.4129087,6286.395526731,23264.120247,0.8425207938031508,0.7571592046624647,0,0,0,0,0,0,0,0
2011-08-31,NO 15/9-F-12 H,5599,15/9-F-12,3420717,VOLVE,369304,MÆRSK INSPIRER,24.0,79.704185,%,production,OP,32.0,545.925790743625,329.104248225375,93.81549156225,545.925790743625,197.631207125,7430.655737800001,6261.990597002001,23205.7508102,0.8427238211490595,0.7574566806274123,0,0,0,0,0,0,0,0
2011-09-01,NO 15/9-F-12 H,5599,15/9-F-12,3420717,VOLVE,369304,MÆRSK INSPIRER,24.0,79.05913625,%,production,OP,32.0,546.8509669942499,329.90344084325,94.458997973625,546.8509669942499,197.83032275,7376.2488813,6233.223948676,23149.7715012,0.8450398093912266,0.7583619224231186,0,0,0,0,0,0,0,0
2011-09-02,NO 15/9-F-12 H,5599,15/9-F-12,3420717,VOLVE,369304,MÆRSK INSPIRER,24.0,76.30572270833333,%,production,OP,32.0,556.492733660875,325.4063019665,104.736846919,556.492733660875,195.69713225,7258.3149438,6161.50403074,22853.3327559,0.8488890435931156,0.7589532457278213,0,0,0,0,0,0,0,0
2011-09-03,NO 15/9-F-12 H,5599,15/9-F-12,3420717,VOLVE,369304,MÆRSK INSPIRER,24.0,76.18075791666666,%,production,OP,32.0,555.103444875125,326.32579756212505,103.500824018125,555.103444875125,196.597843625,7241.8356416,6145.034314101001,22845.0302067,0.8485465037070804,0.7593024252471553,0,0,0,0,0,0,0,0
2011-09-04,NO 15/9-F-12 H,5599,15/9-F-12,3420717,VOLVE,369304,MÆRSK INSPIRER,24.0,76.15487125,%,production,OP,32.0,552.0582512001249,328.30696527450004,99.937766120875,552.0582512001249,197.6963855,7234.099175300001,6117.089438844,22830.2491532,0.845591039134506,0.7593794784355157,0,0,0,0,0,0,0,0
2011-09-05,NO 15/9-F-12 H,5599,15/9-F-12,3420717,VOLVE,369304,MÆRSK INSPIRER,24.0,76.16270770833333,%,production,OP,32.0,554.2962086914999,325.918201501,102.401133815625,554.2962086914999,196.569389,7214.5378662,6136.99916041,22838.4259062,0.8506434194713631,0.7599392219403772,0,0,0,0,0,0,0,0
2011-09-06,NO 15/9-F-12 H,5599,15/9-F-12,3420717,VOLVE,369304,MÆRSK INSPIRER,24.0,76.19121291666667,%,production,OP,32.0,556.4505245812501,322.174891586,104.13655276675,556.4505245812501,194.785196375,7189.1899319,6197.634853457,22833.8343449,0.8620769394277296,0.7605441122247176,0,0,0,0,0,0,0,0
2011-09-07,NO 15/9-F-12 H,5599,15/9-F-12,3420717,VOLVE,369304,MÆRSK INSPIRER,24.0,73.73377666666667,%,production,OP,32.0,554.974131411625,321.065063831625,102.99199747625,554.974131411625,196.748288375,7186.736905999999,6190.179920287,23567.289089,0.8613338711646724,0.76631557418959,0,0,0,0,0,0,0,0
2011-09-08,NO 15/9-F-12 H,5599,15/9-F-12,3420717,VOLVE,369304,MÆRSK INSPIRER,24.0,71.544185,%,production,OP,32.0,557.614883602,321.38159718012497,106.0609592535,557.614883602,197.406554,7083.395327700001,6112.207887863001,23396.4578494,0.8628923849500367,0.7676040207102485,0,0,0,0,0,0,0,0
2011-09-09,NO 15/9-F-12 H,5599,15/9-F-12,3420717,VOLVE,369304,MÆRSK INSPIRER,24.0,70.20736458333333,%,production,OP,32.0,561.0148764845,320.774051127875,109.696774859125,561.0148764845,197.627726,7015.779870200001,6028.721818181,23140.7770729,0.8593088622675298,0.7673547453232968,0,0,0,0,0,0,0,0
2011-09-10,NO 15/9-F-12 H,5599,15/9-F-12,3420717,VOLVE,369304,MÆRSK INSPIRER,24.0,70.24543583333333,%,production,OP,32.0,563.046940448375,319.099122087625,111.7536040615,563.046940448375,196.85579675,6969.6755629,5968.467523894,23208.3925304,0.8563479705805116,0.7690483187541294,0,0,0,0,0,0,0,0
2011-09-11,NO 15/9-F-12 H,5599,15/9-F-12,3420717,VOLVE,369304,MÆRSK INSPIRER,24.0,70.26159791666667,%,production,OP,32.0,567.4117533015,316.880626882875,116.427915920125,567.4117533015,195.719540375,6944.2647305,5927.731664297001,23225.6895079,0.8536154502091099,0.7698284632576137,0,0,0,0,0,0,0,0
2011-09-12,NO 15/9-F-12 H,5599,15/9-F-12,3420717,VOLVE,369304,MÆRSK INSPIRER,24.0,70.26370104166666,%,production,OP,32.0,567.648978058625,315.3447741765,116.351958310875,567.648978058625,194.25595925,6947.1580431,5915.639911017,23232.2309103,0.8515194089894764,0.7698045492628394,0,0,0,0,0,0,0,0
2011-09-13,NO 15/9-F-12 H,5599,15/9-F-12,3420717,VOLVE,369304,MÆRSK INSPIRER,11.0,66.39200944444444,%,production,OP,32.0,552.9402732318019,274.5049520998053,104.59927533635997,552.9402732318019,195.06887159754712,2121.9931997,1776.854186442,16774.5458814,0.8373514989082932,0.8877046642989572,0,0,0,0,0,0,0,0
2011-09-14,NO 15/9-F-12 H,5599,15/9-F-12,3420717,VOLVE,369304,MÆRSK INSPIRER,24.0,80.86117270833333,%,production,OP,32.0,528.1521422715,315.58640144125,77.320522271125,528.1521422715,196.79363675,6698.081567100001,5739.001785116,29512.0401124,0.8568127646138469,0.8150218431634807,0,0,0,0,0,0,0,0
2011-09-15,NO 15/9-F-12 H,5599,15/9-F-12,3420717,VOLVE,369304,MÆRSK INSPIRER,24.0,82.020145625,%,production,OP,32.0,530.417227912125,318.9102433305,79.858179638125,530.417227912125,196.8882545,6833.4382783,5841.669387250001,26296.752138500004,0.8548653180640525,0.7937398429549977,0,0,0,0,0,0,0,0
2011-09-16,NO 15/9-F-12 H,5599,15/9-F-12,3420717,VOLVE,369304,MÆRSK INSPIRER,24.0,82.05558,%,production,OP,32.0,531.53813294375,319.07628162425,81.131885224375,531.53813294375,197.236692875,6074.6355999,5192.257127686999,24336.5957501,0.8547438018788278,0.8002502585315409,0,0,0,0,0,0,0,0
2011-09-17,NO 15/9-F-12 H,5599,15/9-F-12,3420717,VOLVE,369304,MÆRSK INSPIRER,24.0,80.776230625,%,production,OP,32.0,538.8739555565,311.7216765905,88.939039034375,538.8739555565,193.6928825,6009.3473721,5141.810431884,23556.3448196,0.8556354148798633,0.7967459265578429,0,0,0,0,0,0,0,0
2011-09-18,NO 15/9-F-12 H,5599,15/9-F-12,3420717,VOLVE,369304,MÆRSK INSPIRER,24.0,80.30645,%,production,OP,32.0,539.398062456,310.252816332,89.850605886,539.398062456,193.049636,6017.398328900001,5193.472659661001,24481.0097877,0.8630760963119395,0.8026979537458289,0,0,0,0,0,0,0,0
2011-09-19,NO 15/9-F-12 H,5599,15/9-F-12,3420717,VOLVE,369304,MÆRSK INSPIRER,24.0,80.30645,%,production,OP,32.0,539.398062456,310.252816332,89.850605886,539.398062456,193.049636,6052.809959200001,5197.415899063,23079.828814,0.8586781898154857,0.7922326910953167,0,0,0,0,0,0,0,0
2011-09-20,NO 15/9-F-12 H,5599,15/9-F-12,3420717,VOLVE,369304,MÆRSK INSPIRER,24.0,79.68462999999976,%,production,OP,32.0,542.2261584179986,311.7258947790044,91.25486380200154,542.2261584179986,193.6846940000005,6005.1331994,5152.758342031001,23137.8208622,0.8580589590495405,0.7939421931384568,0,0,0,0,0,0,0,0
2011-09-21,NO 15/9-F-12 H,5599,15/9-F-12,3420717,VOLVE,369304,MÆRSK INSPIRER,24.0,79.089630625,%,production,OP,32.0,543.992845144625,311.84735806075,92.83683557075,543.992845144625,194.10959825,5873.9277628,5049.981264327001,22956.548538000003,0.8597281867013907,0.7962597738061995,0,0,0,0,0,0,0,0
2011-09-22,NO 15/9-F-12 H,5599,15/9-F-12,3420717,VOLVE,369304,MÆRSK INSPIRER,24.0,76.50590541666666,%,production,OP,32.0,544.502877314875,310.779280099,93.110712639125,544.502877314875,195.72328925,5688.0009792,4867.160947044,22444.7466983,0.8556891893729159,0.7978156615057851,0,0,0,0,0,0,0,0
2011-09-23,NO 15/9-F-12 H,5599,15/9-F-12,3420717,VOLVE,369304,MÆRSK INSPIRER,24.0,72.44140854166666,%,production,OP,32.0,551.964689603625,310.86428143187504,100.89834977325,551.964689603625,196.16429075,5571.953984700001,4745.971491054001,22004.7744888,0.8517607116078021,0.7979472441753053,0,0,0,0,0,0,0,0
2011-09-24,NO 15/9-F-12 H,5599,15/9-F-12,3420717,VOLVE,369304,MÆRSK INSPIRER,24.0,69.065328125,%,production,OP,32.0,562.907462238375,307.865088975875,112.74806315175,562.907462238375,195.671672375,5492.0733977,4688.920240057,21721.229854,0.8537613940157194,0.7981842429453354,0,0,0,0,0,0,0,0
2011-09-25,NO 15/9-F-12 H,5599,15/9-F-12,3420717,VOLVE,369304,MÆRSK INSPIRER,24.0,68.30723270833333,%,production,OP,32.0,565.397148286875,306.275073641375,115.3288149345,565.397148286875,195.992273,5468.5495083,4668.429238529,21676.0690182,0.853686929494448,0.7985401967258698,0,0,0,0,0,0,0,0
2011-09-26,NO 15/9-F-12 H,5599,15/9-F-12,3420717,VOLVE,369304,MÆRSK INSPIRER,24.0,68.15848166666666,%,production,OP,32.0,564.467255279625,304.24326047237497,114.272161736875,564.467255279625,195.079738625,5461.9452078,4657.990213209,21708.3357435,0.8528079349014885,0.798973546957796,0,0,0,0,0,0,0,0
2011-09-27,NO 15/9-F-12 H,5599,15/9-F-12,3420717,VOLVE,369304,MÆRSK INSPIRER,24.0,68.12664645833334,%,production,OP,32.0,565.655666435375,303.943684483375,115.6282458855,565.655666435375,195.071352875,5443.8305550000005,4643.87951853,21727.2680716,0.8530536488254086,0.7996462848333048,0,0,0,0,0,0,0,0
2011-09-28,NO 15/9-F-12 H,5599,15/9-F-12,3420717,VOLVE,369304,MÆRSK INSPIRER,24.0,68.108010625,%,production,OP,32.0,566.0420144295,303.170801154375,115.863355505125,566.0420144295,194.65310675,6117.280511700001,5224.587382390001,24026.0049323,0.8540702641308304,0.7970599282196811,0,0,0,0,0,0,0,0
2011-09-29,NO 15/9-F-12 H,5599,15/9-F-12,3420717,VOLVE,369304,MÆRSK INSPIRER,24.0,65.18424916666666,%,production,OP,32.0,553.3906744820425,295.7965826241702,103.4642151025532,553.3906744820425,191.8652352340426,6004.252626,5131.401070911999,23933.9221139,0.8546277764349349,0.799444933494965,0,0,0,0,0,0,0,0
2011-09-30,NO 15/9-F-12 H,5599,15/9-F-12,3420717,VOLVE,369304,MÆRSK INSPIRER,24.0,68.13614041666666,%,production,OP,32.0,565.5170735615001,302.14358764912504,115.63671247875,565.5170735615001,196.38077975,6093.1905394000005,5213.289150418999,24351.565497900003,0.85559266802977,0.7998607532957465,0,0,0,0,0,0,0,0
2011-10-01,NO 15/9-F-12 H,5599,15/9-F-12,3420717,VOLVE,369304,MÆRSK INSPIRER,24.0,68.12498229166667,%,production,OP,32.0,562.396710921375,302.06831292712496,112.271477348625,562.396710921375,197.260863875,6070.924612000001,5191.582616917,24209.667384300003,0.8551551779534764,0.7995110329169981,0,0,0,0,0,0,0,0
2011-10-02,NO 15/9-F-12 H,5599,15/9-F-12,3420717,VOLVE,369304,MÆRSK INSPIRER,24.0,69.29805979166666,%,production,OP,32.0,557.98286313775,302.797352477375,107.539322522625,557.98286313775,197.731526375,6104.1977069,5237.408384225,24398.801971,0.8580011060757079,0.7998820518847986,0,0,0,0,0,0,0,0
2011-10-03,NO 15/9-F-12 H,5599,15/9-F-12,3420717,VOLVE,369304,MÆRSK INSPIRER,24.0,70.03838083333333,%,production,OP,32.0,559.871980066125,300.39074600825,109.199143437875,559.871980066125,195.365728625,6131.1180937,5260.0493446890005,24639.8274902,0.8579266072356261,0.8007497664645078,0,0,0,0,0,0,0,0
2011-10-04,NO 15/9-F-12 H,5599,15/9-F-12,3420717,VOLVE,369304,MÆRSK INSPIRER,24.0,70.04253,%,production,OP,32.0,561.066670158625,296.403962615625,110.5347772285,561.066670158625,193.520946875,6106.399140400001,5242.524071667,24677.7550445,0.8585295443565759,0.8016382355765596,0,0,0,0,0,0,0,0
2011-10-05,NO 15/9-F-12 H,5599,15/9-F-12,3420717,VOLVE,369304,MÆRSK INSPIRER,24.0,70.04737208333333,%,production,OP,32.0,561.521176947875,297.14335425312504,110.66267052825,561.521176947875,193.881427625,6093.2534375000005,5233.7063442240005,24725.7462948,0.8589346230068081,0.8022890590081697,0,0,0,0,0,0,0,0
2011-10-06,NO 15/9-F-12 H,5599,15/9-F-12,3420717,VOLVE,369304,MÆRSK INSPIRER,24.0,70.068840625,%,production,OP,32.0,557.376707033,297.0942316955,106.80004268525,557.376707033,196.35380075,6084.3848054,5226.773715466999,24711.7200185,0.8590471974797098,0.8024300527553057,0,0,0,0,0,0,0,0
2011-10-07,NO 15/9-F-12 H,5599,15/9-F-12,3420717,VOLVE,369304,MÆRSK INSPIRER,12.99166,35.88393416666667,%,production,OP,32.0,587.3695571329954,292.2965457335745,136.0457933529711,587.3695571329954,195.44632593857904,2774.8125796000004,2037.510221407,9563.2787164,0.7342875105823237,0.7751019575856444,0,0,0,0,0,0,0,0
2011-10-08,NO 15/9-F-12 H,5599,15/9-F-12,3420717,VOLVE,369304,MÆRSK INSPIRER,13.0,47.88822854166666,%,production,OP,32.0,492.7772708713846,162.55693361976924,111.430664868,492.7772708713846,179.6846,2212.8809542,1978.857801912,12009.5745197,0.8942450329992543,0.8444093596734463,0,0,0,0,0,0,0,0
2011-10-09,NO 15/9-F-12 H,5599,15/9-F-12,3420717,VOLVE,369304,MÆRSK INSPIRER,24.0,99.82667958333332,%,production,OP,32.0,491.49944123187504,295.25505920675,72.664041021625,491.49944123187504,195.524208875,5899.527289500001,5101.251498934001,25783.6294387,0.864688177307566,0.8137961018180663,0,0,0,0,0,0,0,0
2011-10-10,NO 15/9-F-12 H,5599,15/9-F-12,3420717,VOLVE,369304,MÆRSK INSPIRER,24.0,95.92952,%,production,OP,32.0,498.029178900125,310.385148398875,75.60890768175,498.029178900125,197.2501895,6083.7558244,5265.052731385,26869.9425238,0.8654280157445761,0.8153847328419115,0,0,0,0,0,0,0,0
2011-10-11,NO 15/9-F-12 H,5599,15/9-F-12,3420717,VOLVE,369304,MÆRSK INSPIRER,24.0,74.72227625,%,production,OP,32.0,536.2722155665,305.816297296,84.835255300125,536.2722155665,196.841492375,5932.4229958,5113.313941013001,25863.1955352,0.861926727853542,0.8134201103835731,0,0,0,0,0,0,0,0
2011-10-12,NO 15/9-F-12 H,5599,15/9-F-12,3420717,VOLVE,369304,MÆRSK INSPIRER,24.0,77.7413075,%,production,OP,32.0,533.350953840875,307.27074440325003,81.3511010965,533.350953840875,197.097315875,6030.1037451,5175.402833965,26082.898598500004,0.858260993962248,0.812222361503929,0,0,0,0,0,0,0,0
2011-10-13,NO 15/9-F-12 H,5599,15/9-F-12,3420717,VOLVE,369304,MÆRSK INSPIRER,24.0,77.76815354166666,%,production,OP,32.0,536.0564866496251,308.351800244375,84.47478148087501,536.0564866496251,197.196011,6088.4731819,5175.612603283001,26091.3269439,0.8500674058430973,0.8107982909123603,0,0,0,0,0,0,0,0
2011-10-14,NO 15/9-F-12 H,5599,15/9-F-12,3420717,VOLVE,369304,MÆRSK INSPIRER,20.0,57.59778291666667,%,production,OP,32.0,541.5828685947344,304.9001048765653,94.80434382495488,541.5828685947344,195.40285751848117,4114.5421096,3572.317100902,18250.8271865,0.8682174117423936,0.8160306653055142,0,0,0,0,0,0,0,0
2011-10-15,NO 15/9-F-12 H,5599,15/9-F-12,3420717,VOLVE,369304,MÆRSK INSPIRER,15.67,50.52238416666667,%,production,OP,32.0,546.8245980414594,288.61120296938054,98.35311965949698,546.8245980414594,194.06272489660344,3823.575499,2981.0031731910003,14700.543932,0.7796375863300301,0.7935893518046925,0,0,0,0,0,0,0,0
2011-10-19,NO 15/9-F-12 H,5599,15/9-F-12,3420717,VOLVE,369304,MÆRSK INSPIRER,0.0,1.2620772916666667,%,production,OP,32.0,1241.280600894,0.0,1241.280600894,1241.280600894,46.418036,0.0,0.0,0.0,0.7811094206491388,0.7915745547122076,0,0,0,0,0,1,1,0
2011-10-20,NO 15/9-F-12 H,5599,15/9-F-12,3420717,VOLVE,369304,MÆRSK INSPIRER,0.0,1.31621625,%,production,OP,32.0,1237.382704644,0.0,1237.382704644,1237.382704644,45.105944,0.0,0.0,0.0,0.7825812549682475,0.7895597576197227,0,0,0,0,0,1,1,0
2011-10-21,NO 15/9-F-12 H,5599,15/9-F-12,3420717,VOLVE,369304,MÆRSK INSPIRER,0.0,1.1571054166666668,%,production,OP,32.0,1259.420938668,17.494628598,1259.420938668,1259.420938668,49.953632,0.0,0.0,0.0,0.7840530892873562,0.7875449605272378,0,0,0,0,0,1,1,0
2011-10-22,NO 15/9-F-12 H,5599,15/9-F-12,3420717,VOLVE,369304,MÆRSK INSPIRER,0.0,1.1438327083333333,%,production,OP,32.0,1245.896290206,0.0,1245.896290206,1245.896290206,52.659194,0.0,0.0,0.0,0.7855249236064649,0.7855301634347529,0,0,0,0,0,1,1,0
2011-10-23,NO 15/9-F-12 H,5599,15/9-F-12,3420717,VOLVE,369304,MÆRSK INSPIRER,0.0,1.1528341666666666,%,production,OP,32.0,1318.02267234,0.0,1318.02267234,1318.02267234,52.263302,0.0,0.0,0.0,0.7869967579255736,0.783515366342268,0,0,0,0,0,1,1,0
2011-10-24,NO 15/9-F-12 H,5599,15/9-F-12,3420717,VOLVE,369304,MÆRSK INSPIRER,0.0,1.125240625,%,production,OP,32.0,1407.43207263,0.0,1407.43207263,1407.43207263,51.476684,0.0,0.0,0.0,0.7884685922446822,0.7815005692497832,0,0,0,0,0,1,1,0
2011-10-26,NO 15/9-F-12 H,5599,15/9-F-12,3420717,VOLVE,369304,MÆRSK INSPIRER,0.0,1.1868802083333334,%,production,OP,32.0,1771.581444876,0.0,1771.581444876,1771.581444876,50.575064,0.0,0.0,0.0,0.7899404265637909,0.7794857721572983,0,0,0,0,0,1,1,0
2011-10-27,NO 15/9-F-12 H,5599,15/9-F-12,3420717,VOLVE,369304,MÆRSK INSPIRER,0.0,1.19326,%,production,OP,32.0,1800.255022362,0.0,1800.255022362,1800.255022362,50.271908,0.0,0.0,0.0,0.7914122608828996,0.7774709750648134,0,0,0,0,0,1,1,0
2011-10-28,NO 15/9-F-12 H,5599,15/9-F-12,3420717,VOLVE,369304,MÆRSK INSPIRER,0.0,1.19326,%,production,OP,32.0,1800.255022362,0.0,1800.255022362,1800.255022362,50.271908,0.0,0.0,0.0,0.7928840952020084,0.7754561779723285,0,0,0,0,0,1,1,0
2011-10-29,NO 15/9-F-12 H,5599,15/9-F-12,3420717,VOLVE,369304,MÆRSK INSPIRER,0.0,1.19326,%,production,OP,32.0,1800.255022362,0.0,1800.255022362,1800.255022362,50.271908,0.0,0.0,0.0,0.7943559295211171,0.7734413808798436,0,0,0,0,0,1,1,0
2011-10-30,NO 15/9-F-12 H,5599,15/9-F-12,3420717,VOLVE,369304,MÆRSK INSPIRER,0.0,1.1743028,%,production,OP,32.0,1759.662367074,0.0,1759.662367074,1759.662367074,50.861804,0.0,0.0,0.0,0.7958277638402258,0.7714265837873587,0,0,0,0,0,1,1,0
2011-10-31,NO 15/9-F-12 H,5599,15/9-F-12,3420717,VOLVE,369304,MÆRSK INSPIRER,0.0,1.139626875,%,production,OP,32.0,1604.214119586,0.0,1603.70039499,1604.214119586,52.616696000000005,0.0,0.0,0.0,0.7972995981593345,0.7694117866948739,0,0,0,0,0,1,1,0
2011-11-01,NO 15/9-F-12 H,5599,15/9-F-12,3420717,VOLVE,369304,MÆRSK INSPIRER,0.0,1.6807614583333332,%,production,OP,32.0,1045.623468666,0.0,734.2904093100001,1045.623468666,51.367118000000005,0.0,0.0,0.0,0.7987714324784432,0.767396989602389,0,0,0,0,0,1,1,0
2011-11-02,NO 15/9-F-12 H,5599,15/9-F-12,3420717,VOLVE,369304,MÆRSK INSPIRER,0.0,1.2695602083333333,%,production,OP,32.0,1651.285622334,0.0,1355.465247306,1651.285622334,51.816974,0.0,0.0,0.0,0.8002432667975519,0.7653821925099041,0,0,0,0,0,1,1,0
2011-11-03,NO 15/9-F-12 H,5599,15/9-F-12,3420717,VOLVE,369304,MÆRSK INSPIRER,0.0,1.327353125,%,production,OP,32.0,1706.354810478,0.0,1334.551492896,1706.354810478,52.761758,0.0,0.0,0.0,0.8017151011166606,0.7633673954174192,0,0,0,0,0,1,1,0
2011-11-04,NO 15/9-F-12 H,5599,15/9-F-12,3420717,VOLVE,369304,MÆRSK INSPIRER,0.0,1.324245,%,production,OP,32.0,1685.431773636,0.0,1410.788687064,1685.431773636,51.827,0.0,0.0,0.0,0.8031869354357692,0.7613525983249343,0,0,0,0,0,1,1,0
2011-11-05,NO 15/9-F-12 H,5599,15/9-F-12,3420717,VOLVE,369304,MÆRSK INSPIRER,6.5,16.509068541666668,%,production,OP,32.0,924.5244853590252,6.815810043364485,362.8326328266888,924.5244853590252,131.13749262950282,1402.62763,1128.63662318,4425.5732141,0.8046587697548779,0.7593378012324494,0,0,0,0,0,0,0,0
2011-11-06,NO 15/9-F-12 H,5599,15/9-F-12,3420717,VOLVE,369304,MÆRSK INSPIRER,24.0,99.57185,%,production,OP,32.0,507.03554919687497,133.7394793675,55.98084262275,507.03554919687497,193.633685375,7215.9845225,5944.288608245,25096.6563905,0.8237668179179497,0.7766823039339731,0,0,0,0,0,0,0,0
2011-11-07,NO 15/9-F-12 H,5599,15/9-F-12,3420717,VOLVE,369304,MÆRSK INSPIRER,24.0,85.26437604166667,%,production,OP,32.0,533.6337084434999,223.76057137925,85.41458843975,533.6337084434999,194.73149525,7387.1931507,6178.306765,25266.0409738,0.836353759670485,0.7737684076703041,0,0,0,0,0,0,0,0
2011-11-08,NO 15/9-F-12 H,5599,15/9-F-12,3420717,VOLVE,369304,MÆRSK INSPIRER,24.0,75.757129375,%,production,OP,32.0,549.59929205625,252.220066734,100.832182229,549.59929205625,194.28878525,7395.2441075,6193.582844779001,24938.7192614,0.8375089117744855,0.7712855667235332,0,0,0,0,0,0,0,0
2011-11-09,NO 15/9-F-12 H,5599,15/9-F-12,3420717,VOLVE,369304,MÆRSK INSPIRER,24.0,72.90572645833333,%,production,OP,32.0,557.22334747775,267.79702102575,108.3947415385,557.22334747775,193.834045625,7464.6207118,6257.086444613001,24954.0034997,0.8382323343933415,0.7697428285944337,0,0,0,0,0,0,0,0
2011-11-10,NO 15/9-F-12 H,5599,15/9-F-12,3420717,VOLVE,369304,MÆRSK INSPIRER,24.0,72.161365625,%,production,OP,32.0,559.6636480872501,280.81036219175,111.293727844625,559.6636480872501,194.838206375,7604.3173919,6362.299883470001,24835.1889888,0.8366694281129065,0.7655846762075204,0,0,0,0,0,0,0,0
2011-11-11,NO 15/9-F-12 H,5599,15/9-F-12,3420717,VOLVE,369304,MÆRSK INSPIRER,11.64167,34.913682916666666,%,production,OP,32.0,572.1203951222525,286.1769072355554,124.54168291682136,572.1203951222525,193.36419900962835,3741.178988,2810.352301528,10325.981077,0.7511942921047969,0.7340487368656383,0,0,0,0,0,0,0,0
2011-11-12,NO 15/9-F-12 H,5599,15/9-F-12,3420717,VOLVE,369304,MÆRSK INSPIRER,14.025,41.30790520833333,%,production,OP,32.0,557.6038458308777,144.83211325903744,102.5926171199104,557.6038458308777,177.584871708877,3364.9854519,2921.379246299,12662.8341863,0.868169948446427,0.7900534490742558,0,0,0,0,0,0,0,0
2011-11-13,NO 15/9-F-12 H,5599,15/9-F-12,3420717,VOLVE,369304,MÆRSK INSPIRER,24.0,83.80291583333333,%,production,OP,32.0,540.45886434475,280.400771858125,82.270170643,540.45886434475,195.767491625,7676.147022100001,6345.212865875,25236.2272744,0.8266142958969941,0.766770183367892,0,0,0,0,0,0,0,0
2011-11-14,NO 15/9-F-12 H,5599,15/9-F-12,3420717,VOLVE,369304,MÆRSK INSPIRER,24.0,83.79909854166667,%,production,OP,32.0,541.9203488166249,297.67254050425004,82.578645317625,541.9203488166249,196.479111875,7666.9010014,6367.942819383001,25375.0433811,0.8305758504277275,0.7679645933469758,0,0,0,0,0,0,0,0
2011-11-15,NO 15/9-F-12 H,5599,15/9-F-12,3420717,VOLVE,369304,MÆRSK INSPIRER,24.0,80.40493083333334,%,production,OP,32.0,546.98128363725,298.262017239,87.822312910125,546.98128363725,195.856144625,7576.2019412,6331.30770275,25378.8801652,0.8356835987066074,0.7701052020826654,0,0,0,0,0,0,0,0
2011-11-16,NO 15/9-F-12 H,5599,15/9-F-12,3420717,VOLVE,369304,MÆRSK INSPIRER,24.0,79.13833958333333,%,production,OP,32.0,551.2663346552499,298.510434095125,91.983960763125,551.2663346552499,195.46577825000003,7441.6000072,6232.987340186,25291.8291948,0.8375869885717284,0.772660543407248,0,0,0,0,0,0,0,0
2011-11-17,NO 15/9-F-12 H,5599,15/9-F-12,3420717,VOLVE,369304,MÆRSK INSPIRER,24.0,79.1406875,%,production,OP,32.0,552.5841801395,297.278124771375,93.786598784,552.5841801395,194.972055875,7394.803820800001,6200.915235940001,25361.5831877,0.8385503369944926,0.7742484902598962,0,0,0,0,0,0,0,0
2011-11-18,NO 15/9-F-12 H,5599,15/9-F-12,3420717,VOLVE,369304,MÆRSK INSPIRER,24.0,78.57449666666666,%,production,OP,32.0,553.3343952377501,294.2805186685,93.950249994,553.3343952377501,193.212999875,7318.885814099999,6156.434252408,25447.313298,0.841170966289362,0.7766330544149914,0,0,0,0,0,0,0,0
2011-11-19,NO 15/9-F-12 H,5599,15/9-F-12,3420717,VOLVE,369304,MÆRSK INSPIRER,24.0,78.32403833333333,%,production,OP,32.0,551.775387819,293.14251123937504,92.49552489725,551.775387819,194.46596375,7242.087234,6092.801047625,25503.8586899,0.8413045646592938,0.7788401883142951,0,0,0,0,0,0,0,0
2011-11-20,NO 15/9-F-12 H,5599,15/9-F-12,3420717,VOLVE,369304,MÆRSK INSPIRER,24.0,78.35896020833333,%,production,OP,32.0,552.69459636025,288.40925352025,94.040533127375,552.69459636025,194.797102625,7166.483717800001,6017.978027000001,25563.8005792,0.8397393008865199,0.7810442569710013,0,0,0,0,0,0,0,0
2011-11-21,NO 15/9-F-12 H,5599,15/9-F-12,3420717,VOLVE,369304,MÆRSK INSPIRER,24.0,78.24478083333334,%,production,OP,32.0,553.962850935,281.710235354625,95.216881956125,553.962850935,195.015989375,7092.5155522,5969.96416088,25582.2926206,0.8417273274823064,0.7829362757176297,0,0,0,0,0,0,0,0
2011-11-22,NO 15/9-F-12 H,5599,15/9-F-12,3420717,VOLVE,369304,MÆRSK INSPIRER,24.0,78.22514833333334,%,production,OP,32.0,552.5639050357499,271.93656871350004,94.000167239,552.5639050357499,195.16389425,7020.623023900001,5918.917468324001,25682.8037844,0.8430758136670333,0.7853245451905305,0,0,0,0,0,0,0,0
2011-11-23,NO 15/9-F-12 H,5599,15/9-F-12,3420717,VOLVE,369304,MÆRSK INSPIRER,24.0,78.21378166666666,%,production,OP,32.0,552.31798102025,258.22179356325,93.44624898725,552.31798102025,192.934088,6939.673169199999,5854.739710867,25750.2934457,0.843662167960848,0.787712442445967,0,0,0,0,0,0,0,0
2011-11-24,NO 15/9-F-12 H,5599,15/9-F-12,3420717,VOLVE,369304,MÆRSK INSPIRER,23.475,73.99737666666667,%,production,OP,32.0,559.4848082882877,247.01957956774964,100.90577437971211,559.4848082882877,194.47346838934183,6607.0051183000005,5576.007846707001,25063.005907,0.8439539166183848,0.79137976576573,0,0,0,0,0,0,0,0
2011-11-28,NO 15/9-F-12 H,5599,15/9-F-12,3420717,VOLVE,369304,MÆRSK INSPIRER,19.69167,63.209141875,%,production,OP,32.0,521.5568964522985,111.57342258848732,64.46485509357585,521.5568964522985,184.38428607089696,4329.905204,3644.431484037,18855.4037237,0.841688515644695,0.8132478968685656,0,0,0,0,0,0,0,0
2011-12-02,NO 15/9-F-12 H,5599,15/9-F-12,3420717,VOLVE,369304,MÆRSK INSPIRER,20.96667,58.16547395833334,%,production,OP,32.0,575.7178706575083,87.88434888189623,116.21520654076672,575.7178706575083,171.37735812042257,4905.0454304,4123.270564277001,19421.675318,0.8406182211325111,0.7983679970214393,0,0,0,0,0,0,0,0
2011-12-05,NO 15/9-F-12 H,5599,15/9-F-12,3420717,VOLVE,369304,MÆRSK INSPIRER,14.35833,47.623216875,%,production,OP,32.0,545.5328072332719,102.72749909731016,88.05020922625214,545.5328072332719,188.5538661924068,3465.4337176000004,2884.8557241180006,13480.4465882,0.8324659939293021,0.7954999294776147,0,0,0,0,0,0,0,0
2011-12-06,NO 15/9-F-12 H,5599,15/9-F-12,3420717,VOLVE,369304,MÆRSK INSPIRER,4.55833,14.411045208333332,%,production,OP,32.0,583.829007150915,174.88070986801577,126.85578734392804,583.829007150915,190.32303901625372,430.0343097000001,298.89620471300003,1537.0408697,0.6950519946222793,0.7813838971669758,0,0,0,0,0,0,0,0
2011-12-07,NO 15/9-F-12 H,5599,15/9-F-12,3420717,VOLVE,369304,MÆRSK INSPIRER,19.0,55.271759583333335,%,production,OP,32.0,570.1447558621579,121.13988263336844,109.74017064221051,570.1447558621579,181.1730967368421,4785.4761423,4043.58259058,18012.3175913,0.8449697522964914,0.7900903833844659,0,0,0,0,0,0,0,0
2011-12-08,NO 15/9-F-12 H,5599,15/9-F-12,3420717,VOLVE,369304,MÆRSK INSPIRER,14.30833,44.14989833333333,%,production,OP,32.0,566.1491288125079,210.0268974987148,107.55445484408914,566.1491288125079,193.90036975267557,3788.1009706,2971.3276516850005,12797.5619165,0.7843844910011387,0.7716038848500708,0,0,0,0,0,0,0,0
2011-12-10,NO 15/9-F-12 H,5599,15/9-F-12,3420717,VOLVE,369304,MÆRSK INSPIRER,0.0,15.446996041666669,%,production,OP,32.0,1097.819308992,6.309443076,977.93829513,1097.819308992,70.729466,0.0,0.0,0.0,0.7993415243101049,0.7750961860859733,0,0,0,0,0,1,1,0
2011-12-11,NO 15/9-F-12 H,5599,15/9-F-12,3420717,VOLVE,369304,MÆRSK INSPIRER,24.0,71.679413125,%,production,OP,32.0,560.92694115375,170.0608864205,105.34271294775,560.92694115375,191.51121275,7189.944709099999,5854.761605981001,25283.2750532,0.814298557619071,0.7785884873218758,0,0,0,0,0,0,0,0
2011-12-12,NO 15/9-F-12 H,5599,15/9-F-12,3420717,VOLVE,369304,MÆRSK INSPIRER,24.0,59.18717083333333,%,production,OP,32.0,606.96228034325,217.085859165125,152.023782464625,606.96228034325,192.4753205,6637.1962063,5490.326262126,23029.7619264,0.8272056590574502,0.7762764831968317,0,0,0,0,0,0,0,0
2011-12-13,NO 15/9-F-12 H,5599,15/9-F-12,3420717,VOLVE,369304,MÆRSK INSPIRER,4.30833,10.082409583333334,%,production,OP,32.0,669.2619792089417,217.08485827188997,203.42384853479177,669.2619792089417,189.5989291255823,0.0,0.0,0.0,0.8281177880874325,0.7777380997627317,0,0,0,0,0,1,1,0
2011-12-15,NO 15/9-F-12 H,5599,15/9-F-12,3420717,VOLVE,369304,MÆRSK INSPIRER,24.0,68.169431875,%,production,OP,32.0,557.402677899875,149.30631121550002,100.56432725925,557.402677899875,191.108703875,6893.2543714,5714.714100191,24326.1546655,0.8290299171174148,0.7791997163286316,0,0,0,0,0,0,0,0
2011-12-16,NO 15/9-F-12 H,5599,15/9-F-12,3420717,VOLVE,369304,MÆRSK INSPIRER,24.0,58.553905,%,production,OP,32.0,601.969948496625,222.02087682875,143.9026546225,601.969948496625,195.21935375,6645.3100612,5493.882805563001,22570.354204,0.826730845508648,0.772542907089896,0,0,0,0,0,0,0,0
2011-12-17,NO 15/9-F-12 H,5599,15/9-F-12,3420717,VOLVE,369304,MÆRSK INSPIRER,21.14167,54.912753333333335,%,production,OP,32.0,593.4200253301951,233.83223388012576,135.4625428503914,593.4200253301951,194.6399884725899,6113.8840143,4775.43737044,19245.560638000003,0.7810807923850935,0.7589109659881494,0,0,0,0,0,0,0,0
2011-12-18,NO 15/9-F-12 H,5599,15/9-F-12,3420717,VOLVE,369304,MÆRSK INSPIRER,16.73,42.67974916666667,%,production,OP,32.0,591.302164436722,165.29898440617694,138.9638516466025,591.302164436722,184.6397206288105,3814.8955612,3240.1675152280004,14549.7771863,0.8493463223954641,0.792269886120387,0,0,0,0,0,0,0,0
2011-12-19,NO 15/9-F-12 H,5599,15/9-F-12,3420717,VOLVE,369304,MÆRSK INSPIRER,24.0,65.86918541666667,%,production,OP,32.0,576.3166785821251,239.7825143415,117.720422057125,576.3166785821251,195.400570625,7035.2782812,5830.93724992,24492.960426700003,0.8288140165687126,0.7768578718786097,0,0,0,0,0,0,0,0
2011-12-20,NO 15/9-F-12 H,5599,15/9-F-12,3420717,VOLVE,369304,MÆRSK INSPIRER,24.0,64.65432166666666,%,production,OP,32.0,580.694572049875,244.52701854887505,121.73571146,580.694572049875,195.34703375,6925.898485300001,5755.911169770001,24303.9516362,0.8310706808635355,0.7782282509088345,0,0,0,0,0,0,0,0
2011-12-21,NO 15/9-F-12 H,5599,15/9-F-12,3420717,VOLVE,369304,MÆRSK INSPIRER,24.0,62.80016729166667,%,production,OP,32.0,583.7291647714468,245.59286700140424,125.53423713587236,583.7291647714468,194.99509668085108,6770.351484000001,5639.329575836,24145.2597299,0.8329448757812822,0.7810054138293738,0,0,0,0,0,0,0,0
2011-12-22,NO 15/9-F-12 H,5599,15/9-F-12,3420717,VOLVE,369304,MÆRSK INSPIRER,24.0,64.13971979166666,%,production,OP,32.0,583.546662736,245.425716299625,125.164104595875,583.546662736,194.251202375,6772.8045099,5638.481669889,24380.1212353,0.8325180007258547,0.7825949137074695,0,0,0,0,0,0,0,0
2011-12-23,NO 15/9-F-12 H,5599,15/9-F-12,3420717,VOLVE,369304,MÆRSK INSPIRER,24.0,64.17091083333334,%,production,OP,32.0,582.299411476625,242.52506809975,123.809226075625,582.299411476625,194.163918875,6731.165967700001,5598.353576279001,24373.076648100003,0.8317063645649381,0.7835933171290024,0,0,0,0,0,0,0,0
2011-12-24,NO 15/9-F-12 H,5599,15/9-F-12,3420717,VOLVE,369304,MÆRSK INSPIRER,17.975,48.500185625,%,production,OP,32.0,586.4956645037992,239.8664330982564,128.7047859555857,586.4956645037992,193.3650565682125,4906.6178829,3783.660041934,16500.813350200002,0.7711340341216283,0.7707983816706869,0,0,0,0,0,0,0,0
2011-12-26,NO 15/9-F-12 H,5599,15/9-F-12,3420717,VOLVE,369304,MÆRSK INSPIRER,0.0,0.3270525,%,production,OP,32.0,1160.2343114924463,0.0,903.5685515503312,1160.2343114924463,52.52041231965914,0.0,0.250381223,61.07405510000001,inf,1.0,0,0,0,0,0,0,0,0
2011-12-27,NO 15/9-F-12 H,5599,15/9-F-12,3420717,VOLVE,369304,MÆRSK INSPIRER,17.0,49.95638041666667,%,production,OP,32.0,561.1165090191176,89.24534524870589,120.60182712705884,561.1165090191176,171.72000764705882,3519.5889817,2998.209554472,14842.064657,0.8518635471531201,0.8083185179856608,0,0,0,0,0,0,0,0
2011-12-28,NO 15/9-F-12 H,5599,15/9-F-12,3420717,VOLVE,369304,MÆRSK INSPIRER,10.475,35.853248541666666,%,production,OP,32.0,551.1724530266223,195.43995531769815,98.8038694856456,551.1724530266223,191.58330137227685,3047.2871488,2164.0922320870004,9428.2993938,0.7101701042316293,0.7557399695481634,0,0,0,0,0,0,0,0
2011-12-29,NO 15/9-F-12 H,5599,15/9-F-12,3420717,VOLVE,369304,MÆRSK INSPIRER,0.0,5.283314791666666,%,production,OP,32.0,1180.320404304,0.56274744,806.01315069,1180.320404304,55.972778,0.0,0.0,0.0,0.7797096029031692,0.7731435529220758,0,0,0,0,0,1,1,0
2011-12-30,NO 15/9-F-12 H,5599,15/9-F-12,3420717,VOLVE,369304,MÆRSK INSPIRER,24.0,68.994124375,%,production,OP,32.0,551.439259232375,158.541197946125,98.337688775125,551.439259232375,192.600644375,6585.9342548,5593.098748919,24857.5807124,0.849249101574709,0.7905471362959882,0,0,0,0,0,0,0,0
2011-12-31,NO 15/9-F-12 H,5599,15/9-F-12,3420717,VOLVE,369304,MÆRSK INSPIRER,24.0,70.01692458333333,%,production,OP,32.0,565.5878762785,222.03773447462495,111.537246646625,565.5878762785,193.310557625,6820.4183716,5707.829499426,25164.9637271,0.8368738086791297,0.7867645179115367,0,0,0,0,0,0,0,0
2012-01-01,NO 15/9-F-12 H,5599,15/9-F-12,3420717,VOLVE,369304,MÆRSK INSPIRER,24.0,69.31292958333333,%,production,OP,32.0,569.001934825375,229.92486767675,114.678419218125,569.001934825375,191.535045125,6745.821225,5633.351503420001,25148.2328325,0.8350875772608399,0.7884928265049549,0,0,0,0,0,0,0,0
2012-01-02,NO 15/9-F-12 H,5599,15/9-F-12,3420717,VOLVE,369304,MÆRSK INSPIRER,23.39167,65.712908125,%,production,OP,32.0,580.2803031860985,231.72901787728105,126.56397238594904,580.2803031860985,191.29273133438696,6407.5552432,5315.936270027,23636.1625085,0.8296356517048405,0.7867256211046839,0,0,0,0,0,0,0,0
2012-01-14,NO 15/9-F-12 H,5599,15/9-F-12,3420717,VOLVE,369304,MÆRSK INSPIRER,2.75,5.33512125,%,production,OP,32.0,877.4806551516915,0.2527394851485148,427.454917520859,877.4806551516915,114.91661057060594,478.2142543,400.852568789,1639.5647727,0.838227980836246,0.7741906741906742,0,0,0,0,0,0,0,0
2012-01-15,NO 15/9-F-12 H,5599,15/9-F-12,3420717,VOLVE,369304,MÆRSK INSPIRER,24.0,71.03924604166667,%,production,OP,32.0,543.3747929022501,86.72903157425,87.06988296075001,543.3747929022501,188.56955375,7440.216249000001,6102.3533208280005,24240.298759,0.8201849404105942,0.7651485069885642,0,0,0,0,0,0,0,0
2012-01-16,NO 15/9-F-12 H,5599,15/9-F-12,3420717,VOLVE,369304,MÆRSK INSPIRER,24.0,67.15652666666666,%,production,OP,32.0,574.236900137875,166.923391166625,116.346700683375,574.236900137875,191.279821625,7397.634235300001,6101.0872888330005,24107.8353604,0.8247349212968461,0.7651952397399067,0,0,0,0,0,0,0,0
2012-01-17,NO 15/9-F-12 H,5599,15/9-F-12,3420717,VOLVE,369304,MÆRSK INSPIRER,24.0,61.30554875,%,production,OP,32.0,597.3203988548751,190.138267117,138.86981789275,597.3203988548751,192.137615,6944.4534248,5746.676375720001,23550.935583,0.8275203279782245,0.7722785755241957,0,0,0,0,0,0,0,0
2012-01-18,NO 15/9-F-12 H,5599,15/9-F-12,3420717,VOLVE,369304,MÆRSK INSPIRER,24.0,62.39624375,%,production,OP,32.0,593.945890357625,201.8528292525,135.313519370625,593.945890357625,192.10758725,7092.3268579,5863.903169223,25451.9677574,0.8267953926420236,0.7820715753179762,0,0,0,0,0,0,0,0
2012-01-19,NO 15/9-F-12 H,5599,15/9-F-12,3420717,VOLVE,369304,MÆRSK INSPIRER,24.0,62.848496875,%,production,OP,32.0,590.3362510893751,211.34319135525,131.35099962675,590.3362510893751,193.1182295,7200.0084051,5941.158666384001,24795.3115934,0.8251599626155554,0.7749668262284124,0,0,0,0,0,0,0,0
2012-01-20,NO 15/9-F-12 H,5599,15/9-F-12,3420717,VOLVE,369304,MÆRSK INSPIRER,24.0,62.89470625,%,production,OP,32.0,588.202881104125,217.847006502625,129.28881610487502,588.202881104125,194.34899,7133.210622899999,5919.179503398001,23543.4507091,0.8298057938168051,0.7674710899696547,0,0,0,0,0,0,0,0
2012-01-21,NO 15/9-F-12 H,5599,15/9-F-12,3420717,VOLVE,369304,MÆRSK INSPIRER,13.175,34.16807395833333,%,production,OP,32.0,602.5082440125427,216.1439737525389,144.8070593226945,602.5082440125427,192.8553903491461,3096.5992592,2444.0926002710003,10563.6729969,0.7892828214724905,0.7733135034832697,0,0,0,0,0,0,0,0
2012-01-22,NO 15/9-F-12 H,5599,15/9-F-12,3420717,VOLVE,369304,MÆRSK INSPIRER,18.0,45.186390625,%,production,OP,32.0,574.0861234023889,165.09292580380077,102.9476924029969,574.0861234023889,193.3203272246953,3165.5355768,2694.2093161680004,12507.1613888,0.8511069456662189,0.7980222814396251,0,0,0,0,0,0,0,0
2012-01-23,NO 15/9-F-12 H,5599,15/9-F-12,3420717,VOLVE,369304,MÆRSK INSPIRER,24.0,66.81039125,%,production,OP,32.0,574.989085335625,215.1161917575,102.9084858045,574.989085335625,195.131791625,6921.6843126,5771.496253174,24326.7836465,0.8338282985064435,0.7784952426576706,0,0,0,0,0,0,0,0
2012-01-24,NO 15/9-F-12 H,5599,15/9-F-12,3420717,VOLVE,369304,MÆRSK INSPIRER,24.0,67.219001875,%,production,OP,32.0,579.118583098625,221.9068950905,107.076524394375,579.118583098625,194.690528375,6896.2105821000005,5798.672327412,24337.0989349,0.8408490805752361,0.779203334877258,0,0,0,0,0,0,0,0
2012-01-25,NO 15/9-F-12 H,5599,15/9-F-12,3420717,VOLVE,369304,MÆRSK INSPIRER,16.34167,45.71291791666667,%,production,OP,32.0,593.6701251417614,217.7069959901991,123.0015985903246,593.6701251417614,190.88507212369117,4300.7204856,3346.9845946120004,14130.7500441,0.7782381128507722,0.7666642778898228,0,0,0,0,0,0,0,0
2012-01-27,NO 15/9-F-12 H,5599,15/9-F-12,3420717,VOLVE,369304,MÆRSK INSPIRER,14.0,39.60946520833333,%,production,OP,32.0,713.74940256,53.6184576355,63.950009922,713.74940256,121.787942,2714.8077922,2305.172692852,11443.2400273,0.8491108282048786,0.8082498500633066,0,0,0,0,0,0,0,0
2012-01-28,NO 15/9-F-12 H,5599,15/9-F-12,3420717,VOLVE,369304,MÆRSK INSPIRER,24.0,80.592008125,%,production,OP,32.0,544.523947106,199.234835941625,99.183393266625,544.523947106,192.07823,6841.7408275,5684.845633225001,25087.6619622,0.8309063112088487,0.7857228689004151,0,0,0,0,0,0,0,0
2012-01-29,NO 15/9-F-12 H,5599,15/9-F-12,3420717,VOLVE,369304,MÆRSK INSPIRER,24.0,99.80073520833334,%,production,OP,32.0,517.721190609,224.2422244475,88.46599759737501,517.721190609,192.168158,7847.733038900001,7108.655232297,31557.863713,0.9058227639829864,0.8008472479604916,0,0,0,0,0,0,0,0
2012-01-30,NO 15/9-F-12 H,5599,15/9-F-12,3420717,VOLVE,369304,MÆRSK INSPIRER,24.0,99.94769395833332,%,production,OP,32.0,520.8101495005,228.492816854,91.385612537375,520.8101495005,191.404532375,7300.7082632,6610.47746919,28609.1378869,0.9054570092207106,0.7966934129240298,0,0,0,0,0,0,0,0
2012-01-31,NO 15/9-F-12 H,5599,15/9-F-12,3420717,VOLVE,369304,MÆRSK INSPIRER,24.0,100.0,%,production,OP,32.0,523.329057684375,225.755215539125,89.739896567625,523.329057684375,191.990346875,8661.6344529,7357.759828892,22975.7324585,0.8494655216520423,0.7262213863386043,0,0,0,0,0,0,0,0
2012-02-01,NO 15/9-F-12 H,5599,15/9-F-12,3420717,VOLVE,369304,MÆRSK INSPIRER,24.0,100.0,%,production,OP,32.0,515.331892007875,227.16870149787505,88.62350584375,515.331892007875,194.75678,7494.7489017,6365.339772846,24303.82584,0.8493066087113578,0.7643055085776678,0,0,0,0,0,0,0,0
2012-02-02,NO 15/9-F-12 H,5599,15/9-F-12,3420717,VOLVE,369304,MÆRSK INSPIRER,24.0,100.0,%,production,OP,32.0,509.637700127875,226.557889069,88.632455897,509.637700127875,195.41254325,6464.855412299999,5720.379284365001,27485.526228500003,0.8848425710312775,0.8095793007366129,0,0,0,0,0,0,0,0
2012-02-03,NO 15/9-F-12 H,5599,15/9-F-12,3420717,VOLVE,369304,MÆRSK INSPIRER,24.0,100.0,%,production,OP,32.0,510.004005683375,221.791118507,88.98370771675,510.004005683375,194.623551125,6380.4461621,5677.810238691,27668.87419,0.8898766785961343,0.8126116440469131,0,0,0,0,0,0,0,0
2012-02-04,NO 15/9-F-12 H,5599,15/9-F-12,3420717,VOLVE,369304,MÆRSK INSPIRER,24.0,100.0,%,production,OP,32.0,514.650684781375,215.338837174,91.35547787125,514.650684781375,192.018179375,6237.9819656,5570.047784788,27921.2842653,0.8929246374075154,0.8173853640931781,0,0,0,0,0,0,0,0
2012-02-05,NO 15/9-F-12 H,5599,15/9-F-12,3420717,VOLVE,369304,MÆRSK INSPIRER,24.0,100.0,%,production,OP,32.0,519.443121026125,213.56703483625,82.52076911237499,519.443121026125,194.3592605,6110.487516900001,5448.880223912,28106.4562717,0.8917259398438881,0.8214192490524003,0,0,0,0,0,0,0,0
2012-02-06,NO 15/9-F-12 H,5599,15/9-F-12,3420717,VOLVE,369304,MÆRSK INSPIRER,24.0,100.0,%,production,OP,32.0,524.0771123207501,209.97171202725,74.79026184212499,524.0771123207501,196.37447,6111.9341732,5396.8288281410005,28112.3686931,0.8829985198147847,0.8214153785081683,0,0,0,0,0,0,0,0
2012-02-07,NO 15/9-F-12 H,5599,15/9-F-12,3420717,VOLVE,369304,MÆRSK INSPIRER,24.0,100.0,%,production,OP,32.0,529.561757528625,204.0148865455,80.634858128125,529.561757528625,194.12041475,6468.8179926,5714.344002135,28083.309770900003,0.8833675655540038,0.8127809078249156,0,0,0,0,0,0,0,0
2012-02-08,NO 15/9-F-12 H,5599,15/9-F-12,3420717,VOLVE,369304,MÆRSK INSPIRER,24.0,100.0,%,production,OP,32.0,521.4585449011249,198.893679371,87.695848839,521.4585449011249,192.692832875,6465.295699000001,5728.658462633,28433.400595500003,0.886062870027594,0.8147410538078201,0,0,0,0,0,0,0,0
2012-02-09,NO 15/9-F-12 H,5599,15/9-F-12,3420717,VOLVE,369304,MÆRSK INSPIRER,16.75833,73.70812625,%,production,OP,32.0,518.4952725234715,195.3465588270488,97.91010113760991,518.4952725234715,192.74589783693125,4298.1416635000005,3799.643122007,21980.3071279,0.8840199833974132,0.8364385319080696,0,0,0,0,0,0,0,0
2012-02-10,NO 15/9-F-12 H,5599,15/9-F-12,3420717,VOLVE,369304,MÆRSK INSPIRER,24.0,100.0,%,production,OP,32.0,571.4161343262847,170.5004079498292,150.95460567442706,571.4161343262847,190.85842342348755,5020.4005458,4579.197467157,40203.773640900006,0.9121179526179232,0.8889885633936804,0,0,0,0,0,0,0,0
2012-02-11,NO 15/9-F-12 H,5599,15/9-F-12,3420717,VOLVE,369304,MÆRSK INSPIRER,24.0,99.8014875,%,production,OP,32.0,505.54835069625,194.006723674625,83.25066982575,505.54835069625,193.53627725,5975.2566019000005,4328.246618046,38426.084640600006,0.7243616310418722,0.8654262138329143,0,0,0,0,0,0,0,0
2012-02-12,NO 15/9-F-12 H,5599,15/9-F-12,3420717,VOLVE,369304,MÆRSK INSPIRER,24.0,99.841125,%,production,OP,32.0,500.814621603625,194.535707476875,80.10766614949999,500.814621603625,196.8202925,6024.631610400001,5311.783261307,29297.997878100003,0.8816776866717546,0.8294398888859211,0,0,0,0,0,0,0,0
2012-02-13,NO 15/9-F-12 H,5599,15/9-F-12,3420717,VOLVE,369304,MÆRSK INSPIRER,24.0,99.98682958333332,%,production,OP,32.0,503.171703639,188.420029125625,82.053169622,503.171703639,196.19943725,6116.0225497,5417.63872141,28301.2516874,0.885810782642674,0.8222978813613528,0,0,0,0,0,0,0,0
2012-02-14,NO 15/9-F-12 H,5599,15/9-F-12,3420717,VOLVE,369304,MÆRSK INSPIRER,24.0,100.0,%,production,OP,32.0,503.272369075875,183.51442395975,82.17262050149999,503.272369075875,196.35698525,5968.2120147000005,5303.173890594,29031.8131189,0.888569956551815,0.8294797791739148,0,0,0,0,0,0,0,0
2012-02-15,NO 15/9-F-12 H,5599,15/9-F-12,3420717,VOLVE,369304,MÆRSK INSPIRER,24.0,100.0,%,production,OP,32.0,504.1142451685,177.929412455875,82.960210079375,504.1142451685,196.03458425,5940.096564,5283.693948927,29130.3744416,0.889496305657532,0.8306239866852232,0,0,0,0,0,0,0,0
2012-02-16,NO 15/9-F-12 H,5599,15/9-F-12,3420717,VOLVE,369304,MÆRSK INSPIRER,24.0,100.0,%,production,OP,32.0,503.394895969625,174.24028329875,82.204024250125,503.394895969625,196.54486175,5939.027296300001,5266.065910128,29194.9078922,0.8866882820034765,0.8309603730855645,0,0,0,0,0,0,0,0
2012-02-17,NO 15/9-F-12 H,5599,15/9-F-12,3420717,VOLVE,369304,MÆRSK INSPIRER,24.0,100.0,%,production,OP,32.0,505.39965048675,169.317654297625,83.364225514875,505.39965048675,195.306815,5892.7342947,5240.071465752,29298.501062900003,0.8892427867424784,0.8325510816878048,0,0,0,0,0,0,0,0
2012-02-18,NO 15/9-F-12 H,5599,15/9-F-12,3420717,VOLVE,369304,MÆRSK INSPIRER,24.0,100.0,%,production,OP,32.0,505.8593997953751,164.16020273125,84.3007872485,505.8593997953751,194.260332125,5840.403075499999,5186.088355891001,29300.891190700004,0.8879675407415296,0.8338022774215951,0,0,0,0,0,0,0,0
2012-02-19,NO 15/9-F-12 H,5599,15/9-F-12,3420717,VOLVE,369304,MÆRSK INSPIRER,24.0,100.0,%,production,OP,32.0,504.4789673925,159.50355831399995,83.137881629375,504.4789673925,195.474159875,5782.1594349,5176.865568839001,29291.7080681,0.8953169879046292,0.8351433746390976,0,0,0,0,0,0,0,0
2012-02-20,NO 15/9-F-12 H,5599,15/9-F-12,3420717,VOLVE,369304,MÆRSK INSPIRER,24.0,100.0,%,production,OP,32.0,507.11865294925,155.09084363975,85.90818901325001,507.11865294925,192.686813375,5825.4333277,5181.052479671001,28845.9492334,0.889384907219698,0.8319815104738305,0,0,0,0,0,0,0,0
2012-02-21,NO 15/9-F-12 H,5599,15/9-F-12,3420717,VOLVE,369304,MÆRSK INSPIRER,24.0,100.0,%,production,OP,32.0,504.52409536187497,153.29144480087498,82.900650829,504.52409536187497,195.434981375,5795.5567302,5151.925974552001,28873.3099069,0.8889441022474838,0.8328310875903271,0,0,0,0,0,0,0,0
2012-02-22,NO 15/9-F-12 H,5599,15/9-F-12,3420717,VOLVE,369304,MÆRSK INSPIRER,24.0,100.0,%,production,OP,32.0,507.008553999125,148.79154113725,84.43332176425,507.008553999125,193.235428625,5814.7406507000005,5142.887177087,28883.5622972,0.884456846148053,0.8324200275895073,0,0,0,0,0,0,0,0
2012-02-23,NO 15/9-F-12 H,5599,15/9-F-12,3420717,VOLVE,369304,MÆRSK INSPIRER,24.0,100.0,%,production,OP,32.0,504.979611373875,147.13153288125002,82.36052327375,504.979611373875,195.49087625,5780.9014729,5114.492745699001,28913.313098500003,0.8847223516392688,0.8333756349779005,0,0,0,0,0,0,0,0
2012-02-24,NO 15/9-F-12 H,5599,15/9-F-12,3420717,VOLVE,369304,MÆRSK INSPIRER,24.0,100.0,%,production,OP,32.0,502.87675073625,144.0948783185,80.357992672625,502.87675073625,196.284868625,5763.4158011,5095.861416273,28894.0033818,0.8841738288777307,0.8337032607452872,0,0,0,0,0,0,0,0
2012-02-25,NO 15/9-F-12 H,5599,15/9-F-12,3420717,VOLVE,369304,MÆRSK INSPIRER,24.0,100.0,%,production,OP,32.0,501.89408202675,153.5499780575,79.372374857125,501.89408202675,196.734223625,5749.2637286,5084.412390533002,28977.9723453,0.8843588728136331,0.8344451105649325,0,0,0,0,0,0,0,0
2012-02-26,NO 15/9-F-12 H,5599,15/9-F-12,3420717,VOLVE,369304,MÆRSK INSPIRER,24.0,100.0,%,production,OP,32.0,505.033414428625,180.938685052875,82.772887459125,505.033414428625,195.717430625,5733.8536941,5070.600105069,28536.679275700004,0.8843267330463154,0.8326885170081012,0,0,0,0,0,0,0,0
2012-02-27,NO 15/9-F-12 H,5599,15/9-F-12,3420717,VOLVE,369304,MÆRSK INSPIRER,24.0,100.0,%,production,OP,32.0,505.721293403125,175.233669712125,83.237395827125,505.721293403125,194.172989,5716.3680223,5061.077496214,29019.2334989,0.8853659310370396,0.8354320129216372,0,0,0,0,0,0,0,0
2012-02-28,NO 15/9-F-12 H,5599,15/9-F-12,3420717,VOLVE,369304,MÆRSK INSPIRER,24.0,100.0,%,production,OP,32.0,503.078616437625,172.38944129425,80.658363349,503.078616437625,196.219835375,5706.0527339,5046.155269729001,29004.8927321,0.8843513204407473,0.8356122929728553,0,0,0,0,0,0,0,0
2012-02-29,NO 15/9-F-12 H,5599,15/9-F-12,3420717,VOLVE,369304,MÆRSK INSPIRER,24.0,100.0,%,production,OP,32.0,502.168938101625,170.4178007655,79.84780035625,502.168938101625,196.923773,5686.1769343,5034.186411605,29029.4858892,0.8853376301461743,0.8362071620752444,0,0,0,0,0,0,0,0
2012-03-01,NO 15/9-F-12 H,5599,15/9-F-12,3420717,VOLVE,369304,MÆRSK INSPIRER,24.0,100.0,%,production,OP,32.0,507.89360609137503,165.922574577375,78.45303034275001,507.89360609137503,196.067425625,5644.7270864,4998.749875890001,28920.0431952,0.8855609490729197,0.8366913177662609,0,0,0,0,0,0,0,0
2012-03-02,NO 15/9-F-12 H,5599,15/9-F-12,3420717,VOLVE,369304,MÆRSK INSPIRER,24.0,100.0,%,production,OP,32.0,504.4007163698749,164.17672497675,81.03814837362499,504.4007163698749,196.483028,5635.1665752,5018.259128758001,29013.5726699,0.8905254284483854,0.8373630123931012,0,0,0,0,0,0,0,0
2012-03-03,NO 15/9-F-12 H,5599,15/9-F-12,3420717,VOLVE,369304,MÆRSK INSPIRER,24.0,100.0,%,production,OP,32.0,507.13385776625006,158.51153465349998,85.211710494,507.13385776625006,192.447171125,5610.258927600001,5030.844581544,29029.171398700004,0.8967223521172013,0.838038360482493,0,0,0,0,0,0,0,0
2012-03-04,NO 15/9-F-12 H,5599,15/9-F-12,3420717,VOLVE,369304,MÆRSK INSPIRER,24.0,100.0,%,production,OP,32.0,506.04418122900006,157.98010937825,83.930351131625,506.04418122900006,195.014627,5580.193635799999,4997.323515157,29038.9206042,0.895546613848027,0.8388117732558139,0,0,0,0,0,0,0,0
2012-03-05,NO 15/9-F-12 H,5599,15/9-F-12,3420717,VOLVE,369304,MÆRSK INSPIRER,24.0,100.0,%,production,OP,32.0,502.58823389475,156.796777574125,80.34066365325,502.58823389475,196.188918875,5548.4929934,4964.0097460590005,29041.2478339,0.8946590996805349,0.83959136840306,0,0,0,0,0,0,0,0
2012-03-06,NO 15/9-F-12 H,5599,15/9-F-12,3420717,VOLVE,369304,MÆRSK INSPIRER,24.0,100.0,%,production,OP,32.0,506.01912289287503,154.673747589625,83.90693051625,506.01912289287503,195.058820375,5518.427701600001,4951.997450854001,29047.0344591,0.8973565875327549,0.840348505223393,0,0,0,0,0,0,0,0
2012-03-07,NO 15/9-F-12 H,5599,15/9-F-12,3420717,VOLVE,369304,MÆRSK INSPIRER,24.0,100.0,%,production,OP,32.0,504.497347937375,151.83581623825,82.04890913075,504.497347937375,194.239883375,5516.8552491,4938.029427563,29149.5583621,0.8950804769381203,0.8408587830580313,0,0,0,0,0,0,0,0
2012-03-08,NO 15/9-F-12 H,5599,15/9-F-12,3420717,VOLVE,369304,MÆRSK INSPIRER,24.0,100.0,%,production,OP,32.0,504.4274577511251,150.8402814495,82.079929133,504.4274577511251,194.386574,5493.8974426,4918.214349393,29209.940538100003,0.8952140808557655,0.841691934890448,0,0,0,0,0,0,0,0
2012-03-09,NO 15/9-F-12 H,5599,15/9-F-12,3420717,VOLVE,369304,MÆRSK INSPIRER,24.0,99.98759791666669,%,production,OP,32.0,505.97132365323023,148.8373914790774,83.71887252462751,505.97132365323023,192.04245776105137,5482.8902751000005,4908.252072523,29183.5862342,0.8951942910135074,0.8418388360400831,0,0,0,0,0,0,0,0
2012-03-10,NO 15/9-F-12 H,5599,15/9-F-12,3420717,VOLVE,369304,MÆRSK INSPIRER,24.0,99.86995458333334,%,production,OP,32.0,499.73163961442106,148.91546297124262,79.01738469813722,499.73163961442106,195.71029933050067,5479.3050834,4903.458455145001,29215.0981823,0.8949051714605976,0.8420694818862322,0,0,0,0,0,0,0,0
2012-03-11,NO 15/9-F-12 H,5599,15/9-F-12,3420717,VOLVE,369304,MÆRSK INSPIRER,24.0,100.0,%,production,OP,32.0,500.0422791455,149.35239099675,77.98233066512499,500.0422791455,197.02982075,5444.459536,4894.309828963001,29270.4485103,0.8989523747216257,0.8431665286643246,0,0,0,0,0,0,0,0
2012-03-12,NO 15/9-F-12 H,5599,15/9-F-12,3420717,VOLVE,369304,MÆRSK INSPIRER,24.0,100.0,%,production,OP,32.0,499.9316816272501,149.17596737787505,77.875431615875,499.9316816272501,197.014892,5448.107625799999,4882.411600239,29291.2677814,0.8961665105729382,0.84317197526036,0,0,0,0,0,0,0,0
2012-03-13,NO 15/9-F-12 H,5599,15/9-F-12,3420717,VOLVE,369304,MÆRSK INSPIRER,22.0,83.38775479166667,%,production,OP,32.0,499.1118755241192,148.3033151528582,82.90378078663984,499.1118755241192,197.16238622746272,4627.0358284,4346.577066228,26218.569800200003,0.9393869482378784,0.8499936787070306,0,0,0,0,0,0,0,0
2012-03-14,NO 15/9-F-12 H,5599,15/9-F-12,3420717,VOLVE,369304,MÆRSK INSPIRER,24.0,99.7778525,%,production,OP,32.0,497.541766614625,148.37414594625,79.604326878625,497.541766614625,195.581727875,5379.045512000001,4718.659455221,29489.4596945,0.8772298811553538,0.8457334066905378,0,0,0,0,0,0,0,0
2012-03-15,NO 15/9-F-12 H,5599,15/9-F-12,3420717,VOLVE,369304,MÆRSK INSPIRER,23.41666,90.45072145833332,%,production,OP,32.0,531.1271189589405,139.72467538396646,112.13175978177512,531.1271189589405,190.1349107917765,4777.9283703,4345.370009782,27227.7698147,0.909467382724526,0.8507163211162425,0,0,0,0,0,0,0,0
2012-03-16,NO 15/9-F-12 H,5599,15/9-F-12,3420717,VOLVE,369304,MÆRSK INSPIRER,24.0,99.852888125,%,production,OP,32.0,499.25359271775,147.041346439875,80.954969080625,499.25359271775,194.692859,5294.133077,4718.5143118040005,28797.2032059,0.891272327910166,0.8447073757077834,0,0,0,0,0,0,0,0
2012-03-17,NO 15/9-F-12 H,5599,15/9-F-12,3420717,VOLVE,369304,MÆRSK INSPIRER,24.0,99.96306125,%,production,OP,32.0,499.078395878625,148.584952636,80.29730937775,499.078395878625,196.158998,5344.8289456,4774.687286212,28986.8409774,0.8933283618258063,0.8443178278951321,0,0,0,0,0,0,0,0
2012-03-18,NO 15/9-F-12 H,5599,15/9-F-12,3420717,VOLVE,369304,MÆRSK INSPIRER,24.0,97.91463645833332,%,production,OP,32.0,498.6266740632767,147.7901454246383,79.92283193387235,498.6266740632767,196.826769787234,5348.9173221,4793.014202924001,28992.9420931,0.8960718430103254,0.8442449706222802,0,0,0,0,0,0,0,0
2012-03-19,NO 15/9-F-12 H,5599,15/9-F-12,3420717,VOLVE,369304,MÆRSK INSPIRER,24.0,100.0,%,production,OP,32.0,502.409673987,146.09847857487495,83.828492152875,502.409673987,194.291572625,5379.674493,4834.617744700001,29111.190521100005,0.8986822067005684,0.8440261068894397,0,0,0,0,0,0,0,0
2012-03-20,NO 15/9-F-12 H,5599,15/9-F-12,3420717,VOLVE,369304,MÆRSK INSPIRER,24.0,100.0,%,production,OP,32.0,502.38609624712495,207.374054252625,83.8625791045,502.38609624712495,195.013065875,5381.8130284,4820.167675754001,28462.4595177,0.8956401217057934,0.8409830490205006,0,0,0,0,0,0,0,0
2012-03-21,NO 15/9-F-12 H,5599,15/9-F-12,3420717,VOLVE,369304,MÆRSK INSPIRER,24.0,100.0,%,production,OP,32.0,501.76624311625005,216.62432709775,83.3545109905,501.76624311625005,195.70876475,5376.4037918,4807.926894440001,28509.444398400003,0.8942644713131424,0.8413377832060615,0,0,0,0,0,0,0,0
2012-03-22,NO 15/9-F-12 H,5599,15/9-F-12,3420717,VOLVE,369304,MÆRSK INSPIRER,24.0,100.0,%,production,OP,32.0,499.80538978875,217.2265671765,81.420973153,499.80538978875,197.280801875,5380.4292702,4810.042598116999,28578.5065122,0.8939886311224013,0.8415607219061166,0,0,0,0,0,0,0,0
2012-03-23,NO 15/9-F-12 H,5599,15/9-F-12,3420717,VOLVE,369304,MÆRSK INSPIRER,24.0,99.84341666666668,%,production,OP,32.0,504.79363639837504,215.521343324,78.336737061375,504.79363639837504,197.489374625,5072.6059688000005,4598.869873939,28092.7444859,0.906608930838547,0.8470510367219369,0,0,0,0,0,0,0,0
2012-03-24,NO 15/9-F-12 H,5599,15/9-F-12,3420717,VOLVE,369304,MÆRSK INSPIRER,24.0,90.30597458333334,%,production,OP,32.0,522.88757107725,213.314164104875,77.766169655875,522.88757107725,197.535815,6090.6746154,5622.411009359999,30522.6238851,0.9231179408507528,0.833648568557219,0,0,0,0,0,0,0,0
2012-03-25,NO 15/9-F-12 H,5599,15/9-F-12,3420717,VOLVE,369304,MÆRSK INSPIRER,23.0,87.29329869565217,%,production,OP,32.0,529.2782238961364,211.16671142427276,81.60117407781817,529.2782238961364,196.9273134090909,5073.109153599999,4685.5886512590005,27528.4856308,0.9236128199477032,0.8443907671649393,0,0,0,0,0,0,0,0
2012-03-26,NO 15/9-F-12 H,5599,15/9-F-12,3420717,VOLVE,369304,MÆRSK INSPIRER,24.0,89.16941104166666,%,production,OP,32.0,528.771016395875,210.25350877475,78.74245367175,528.771016395875,197.56368275,5378.416531,4970.099412927001,29830.052906000004,0.924082280403619,0.8472408310556121,0,0,0,0,0,0,0,0
2012-03-27,NO 15/9-F-12 H,5599,15/9-F-12,3420717,VOLVE,369304,MÆRSK INSPIRER,24.0,92.28502166666668,%,production,OP,32.0,520.128141543375,209.52237221675,79.285835517125,520.128141543375,197.875638875,5901.099742,5317.897295318,28731.3488952,0.9011705491891344,0.8296077818863373,0,0,0,0,0,0,0,0
2012-03-28,NO 15/9-F-12 H,5599,15/9-F-12,3420717,VOLVE,369304,MÆRSK INSPIRER,24.0,100.0,%,production,OP,32.0,500.579436443375,206.91276391525,81.762999951625,500.579436443375,197.463505625,5536.2907620000005,4963.391032515001,29322.2136466,0.8965192122102276,0.841178190059292,0,0,0,0,0,0,0,0
2012-03-29,NO 15/9-F-12 H,5599,15/9-F-12,3420717,VOLVE,369304,MÆRSK INSPIRER,24.0,99.94436958333333,%,production,OP,32.0,500.2731071225,203.0067515805,81.43056076912501,500.2731071225,197.06762525,5477.2923442,4933.485131967,28934.8242487,0.9007160512787221,0.8408324483786594,0,0,0,0,0,0,0,0
2012-03-30,NO 15/9-F-12 H,5599,15/9-F-12,3420717,VOLVE,369304,MÆRSK INSPIRER,24.0,100.0,%,production,OP,32.0,499.88904952012496,200.180939967,81.0945530475,499.88904952012496,196.93784075,5314.3862652,4789.904743589,28788.3345738,0.9013091078747054,0.8441653294970397,0,0,0,0,0,0,0,0
2012-03-31,NO 15/9-F-12 H,5599,15/9-F-12,3420717,VOLVE,369304,MÆRSK INSPIRER,24.0,100.0,%,production,OP,32.0,500.3703792745,197.033180253,81.61569271125,500.3703792745,196.353209375,5274.5088698,4755.138480879999,28775.5033614,0.90153199060983,0.8450952430211766,0,0,0,0,0,0,0,0
2012-04-01,NO 15/9-F-12 H,5599,15/9-F-12,3420717,VOLVE,369304,MÆRSK INSPIRER,24.0,100.0,%,production,OP,32.0,499.76248573537504,194.933948587,80.962160548125,499.76248573537504,196.54745825,5244.5693742,4730.346502039,28751.0360005,0.9019513642644036,0.8457280193603177,0,0,0,0,0,0,0,0
2012-04-02,NO 15/9-F-12 H,5599,15/9-F-12,3420717,VOLVE,369304,MÆRSK INSPIRER,24.0,100.0,%,production,OP,32.0,499.32514479775,193.268839828,80.3680818785,499.32514479775,196.479385625,5216.7055159,4690.828293298,28601.024032,0.8991936153959278,0.8457405158288059,0,0,0,0,0,0,0,0
2012-04-03,NO 15/9-F-12 H,5599,15/9-F-12,3420717,VOLVE,369304,MÆRSK INSPIRER,24.0,100.0,%,production,OP,32.0,501.102225914375,191.38265991912505,82.34785662175,501.102225914375,195.94646375,5264.319377600001,4709.081402287,28741.0352026,0.894528060422099,0.8451914575634153,0,0,0,0,0,0,0,0
2012-04-04,NO 15/9-F-12 H,5599,15/9-F-12,3420717,VOLVE,369304,MÆRSK INSPIRER,24.0,100.0,%,production,OP,32.0,501.7531715665,190.4621732305,79.109010022125,501.7531715665,196.73363375,5248.2803621,4655.212358907,28969.0408151,0.8869976521308218,0.846619192223701,0,0,0,0,0,0,0,0
2012-04-05,NO 15/9-F-12 H,5599,15/9-F-12,3420717,VOLVE,369304,MÆRSK INSPIRER,24.0,100.0,%,production,OP,32.0,501.038354805125,188.16066492212505,82.355758171125,501.038354805125,195.410828,5239.6004243,4662.4522255540005,29255.1013739,0.8898488144116247,0.8481041971328649,0,0,0,0,0,0,0,0
2012-04-06,NO 15/9-F-12 H,5599,15/9-F-12,3420717,VOLVE,369304,MÆRSK INSPIRER,24.0,100.0,%,production,OP,32.0,498.3554146865,187.689303508625,79.59681814049999,498.3554146865,196.85918975,5219.0956437,4645.87833055,29275.6690526,0.890169226187312,0.8486989057716399,0,0,0,0,0,0,0,0
2012-04-07,NO 15/9-F-12 H,5599,15/9-F-12,3420717,VOLVE,369304,MÆRSK INSPIRER,24.0,100.0,%,production,OP,32.0,498.49747336425,186.9566772895,79.65438009675,498.49747336425,196.815409625,5198.5908631,4622.111890597,29330.8306863,0.8891086089126781,0.8494446002907242,0,0,0,0,0,0,0,0
2012-04-08,NO 15/9-F-12 H,5599,15/9-F-12,3420717,VOLVE,369304,MÆRSK INSPIRER,24.0,100.0,%,production,OP,32.0,503.43010998737503,184.743158701125,84.754668561375,503.43010998737503,194.9294225,5159.0279582,4605.183789152,29413.856178300004,0.8926456352755959,0.850778201268045,0,0,0,0,0,0,0,0
2012-04-09,NO 15/9-F-12 H,5599,15/9-F-12,3420717,VOLVE,369304,MÆRSK INSPIRER,24.0,100.0,%,production,OP,32.0,502.113424807125,183.904669850125,83.1380417755,502.113424807125,195.830466125,5147.3289116000005,4584.611916961,29410.3338847,0.8906778633533864,0.8510510116977266,0,0,0,0,0,0,0,0
2012-04-10,NO 15/9-F-12 H,5599,15/9-F-12,3420717,VOLVE,369304,MÆRSK INSPIRER,24.0,100.0,%,production,OP,32.0,500.7703306243751,183.276063071625,81.622866049,500.7703306243751,196.41971075,5226.1402309000005,4663.995477944,29307.998676000003,0.8924359607435958,0.8486674231261692,0,0,0,0,0,0,0,0
2012-04-11,NO 15/9-F-12 H,5599,15/9-F-12,3420717,VOLVE,369304,MÆRSK INSPIRER,24.0,100.0,%,production,OP,32.0,497.1634440565,182.971504423,78.01273123425001,497.1634440565,197.352820625,5226.7063138,4658.204573438001,29443.4182853,0.8912313594393103,0.8492446631144879,0,0,0,0,0,0,0,0
2012-04-12,NO 15/9-F-12 H,5599,15/9-F-12,3420717,VOLVE,369304,MÆRSK INSPIRER,24.0,100.0,%,production,OP,32.0,497.50127986124994,181.17156471325,78.513468886,497.50127986124994,197.1616685,5198.3392707,4637.160896855001,29421.7813389,0.8920466047670198,0.8498462980727305,0,0,0,0,0,0,0,0
2012-04-13,NO 15/9-F-12 H,5599,15/9-F-12,3420717,VOLVE,369304,MÆRSK INSPIRER,24.0,100.0,%,production,OP,32.0,499.37000082087496,180.273498482125,80.60259019475,499.37000082087496,196.699644875,5258.28116,4695.021913923,29258.4349732,0.892881489418683,0.84765986602815,0,0,0,0,0,0,0,0
2012-04-14,NO 15/9-F-12 H,5599,15/9-F-12,3420717,VOLVE,369304,MÆRSK INSPIRER,24.0,100.0,%,production,OP,32.0,497.6478951495,179.113031314375,78.87486430087499,497.6478951495,196.98505925,5235.1346592,4674.494891400999,29247.1133152,0.8929082431884046,0.8481788466028485,0,0,0,0,0,0,0,0
2012-04-15,NO 15/9-F-12 H,5599,15/9-F-12,3420717,VOLVE,369304,MÆRSK INSPIRER,24.0,100.0,%,production,OP,32.0,498.218803998625,178.167758235875,79.534681444,498.218803998625,196.651001375,5200.9180928000005,4654.567159338,29265.982745200003,0.8949510598487693,0.8491039818971495,0,0,0,0,0,0,0,0
2012-04-16,NO 15/9-F-12 H,5599,15/9-F-12,3420717,VOLVE,369304,MÆRSK INSPIRER,24.0,100.0,%,production,OP,32.0,498.204708118,177.817467292875,79.55359077325,498.204708118,196.709787125,5189.659332900001,4636.928172982,29322.0249523,0.8934937489222182,0.849626019697754,0,0,0,0,0,0,0,0
2012-04-17,NO 15/9-F-12 H,5599,15/9-F-12,3420717,VOLVE,369304,MÆRSK INSPIRER,24.0,100.0,%,production,OP,32.0,502.87750312087496,175.594388283,84.37021814775,502.87750312087496,194.1909575,5169.6577371,4619.80548754,29298.9413496,0.8936385583877264,0.8500183391817987,0,0,0,0,0,0,0,0
2012-04-18,NO 15/9-F-12 H,5599,15/9-F-12,3420717,VOLVE,369304,MÆRSK INSPIRER,24.0,100.0,%,production,OP,32.0,500.463279135125,175.71683057125,81.769345364125,500.463279135125,196.036692875,5106.3822485,4656.601286058,29384.6085618,0.911917882259182,0.8519502592260966,0,0,0,0,0,0,0,0
2012-04-19,NO 15/9-F-12 H,5599,15/9-F-12,3420717,VOLVE,369304,MÆRSK INSPIRER,24.0,100.0,%,production,OP,32.0,502.23745949175,173.90721259662502,83.623281512625,502.23745949175,194.33398025,5098.3312917,4645.986393532001,29675.1977838,0.9112758916031194,0.8533847030414845,0,0,0,0,0,0,0,0
2012-04-20,NO 15/9-F-12 H,5599,15/9-F-12,3420717,VOLVE,369304,MÆRSK INSPIRER,24.0,100.0,%,production,OP,32.0,504.404245627875,172.461286471875,85.903158007625,504.404245627875,193.094987375,5089.1481691,4646.568026641,29405.6794253,0.9130345339233328,0.8524663399121848,0,0,0,0,0,0,0,0
2012-04-21,NO 15/9-F-12 H,5599,15/9-F-12,3420717,VOLVE,369304,MÆRSK INSPIRER,24.0,100.0,%,production,OP,32.0,501.41943610687497,172.597900181375,82.82232426575,501.41943610687497,194.923976375,5161.543882200001,4683.626566527,29886.9127884,0.9074080688684762,0.8527312078043737,0,0,0,0,0,0,0,0
2012-04-22,NO 15/9-F-12 H,5599,15/9-F-12,3420717,VOLVE,369304,MÆRSK INSPIRER,24.0,100.0,%,production,OP,32.0,500.79186574575,172.87390145212498,82.1679067665,500.79186574575,195.77703875000003,5165.0661758,4684.508021439,29603.7455422,0.9069599230668972,0.8514454213249394,0,0,0,0,0,0,0,0
2012-04-23,NO 15/9-F-12 H,5599,15/9-F-12,3420717,VOLVE,369304,MÆRSK INSPIRER,24.0,100.0,%,production,OP,32.0,500.4771695452501,172.343854037875,81.801767400375,500.4771695452501,194.869677125,5132.7365524,4657.896629254,29705.0743813,0.9074879611882728,0.8526676500378242,0,0,0,0,0,0,0,0
2012-04-24,NO 15/9-F-12 H,5599,15/9-F-12,3420717,VOLVE,369304,MÆRSK INSPIRER,24.0,100.0,%,production,OP,32.0,499.38507570799993,172.579069414375,80.633247602,499.38507570799993,196.283837375,5121.980977300001,4646.586743432001,29726.8371239,0.9071854745312624,0.8530228209626532,0,0,0,0,0,0,0,0
2012-04-25,NO 15/9-F-12 H,5599,15/9-F-12,3420717,VOLVE,369304,MÆRSK INSPIRER,24.0,100.0,%,production,OP,32.0,499.936461838,172.000467508,81.25672366124999,499.936461838,195.80883125,5118.5215818,4639.937691716001,30029.5656792,0.9064995853908858,0.8543726848123693,0,0,0,0,0,0,0,0
2012-04-26,NO 15/9-F-12 H,5599,15/9-F-12,3420717,VOLVE,369304,MÆRSK INSPIRER,24.0,100.0,%,production,OP,32.0,498.1814174325,170.78289162775,79.41591345175,498.1814174325,196.2123155,5102.5454644,4638.025047564,29655.6364747,0.908963002862607,0.853198723876289,0,0,0,0,0,0,0,0
2012-04-27,NO 15/9-F-12 H,5599,15/9-F-12,3420717,VOLVE,369304,MÆRSK INSPIRER,24.0,100.0,%,production,OP,32.0,495.9598824730001,170.94607146425,77.241120009375,495.9598824730001,197.08566425,5070.1529429,4621.191236368,29755.3299632,0.9114500663809946,0.8544125588560921,0,0,0,0,0,0,0,0
2012-04-28,NO 15/9-F-12 H,5599,15/9-F-12,3420717,VOLVE,369304,MÆRSK INSPIRER,14.29167,61.46927770833334,%,production,OP,32.0,497.7440082212229,169.5334432409106,89.57165452793497,497.7440082212229,195.8889527068887,2606.4343659,2446.8746923370004,17135.8325678,0.9387823934296908,0.8679769463834559,0,0,0,0,0,0,0,0
2012-04-29,NO 15/9-F-12 H,5599,15/9-F-12,3420717,VOLVE,369304,MÆRSK INSPIRER,24.0,98.32027791666668,%,production,OP,32.0,480.3102922075957,168.6120285506145,60.85533181889205,480.3102922075957,196.2086442280305,4449.9776769,4106.734456002,29129.368072,0.922866304997486,0.867478726054519,0,0,0,0,0,0,0,0
2012-04-30,NO 15/9-F-12 H,5599,15/9-F-12,3420717,VOLVE,369304,MÆRSK INSPIRER,24.0,97.73336770833332,%,production,OP,32.0,486.3781100421703,172.20558312778724,66.61271936119148,486.3781100421703,196.064617625,4645.9681565,4311.512041157,29293.532113,0.9280115351468616,0.8631102956847265,0,0,0,0,0,0,0,0
2012-05-01,NO 15/9-F-12 H,5599,15/9-F-12,3420717,VOLVE,369304,MÆRSK INSPIRER,24.0,99.91721125,%,production,OP,32.0,485.727708411125,173.1744896855,65.65591968337499,485.727708411125,196.72795850000003,4729.1194447,4296.864563038,29503.8633594,0.9085971740158868,0.8618548821245688,0,0,0,0,0,0,0,0
2012-05-02,NO 15/9-F-12 H,5599,15/9-F-12,3420717,VOLVE,369304,MÆRSK INSPIRER,24.0,100.0,%,production,OP,32.0,487.39713809387496,173.333895512375,66.947845668375,487.39713809387496,196.854383375,4749.1839386,4331.947951753001,29835.1476521,0.9121457513035396,0.8626781631981261,0,0,0,0,0,0,0,0
2012-05-03,NO 15/9-F-12 H,5599,15/9-F-12,3420717,VOLVE,369304,MÆRSK INSPIRER,24.0,100.0,%,production,OP,32.0,488.36323319025,173.616166655,67.6172111465,488.36323319025,197.05768775,4723.0812271,4294.590649504999,29050.619650800003,0.9092773219447476,0.8601550583936577,0,0,0,0,0,0,0,0
2012-05-04,NO 15/9-F-12 H,5599,15/9-F-12,3420717,VOLVE,369304,MÆRSK INSPIRER,24.0,100.0,%,production,OP,32.0,489.22564122475,171.98065169125002,71.574291965375,489.22564122475,196.628408375,4752.7691303,4317.142263778,28954.9516407,0.9083425147363504,0.8590005784553377,0,0,0,0,0,0,0,0
2012-05-05,NO 15/9-F-12 H,5599,15/9-F-12,3420717,VOLVE,369304,MÆRSK INSPIRER,24.0,100.0,%,production,OP,32.0,490.511895619625,169.79321879149998,69.683872716625,490.511895619625,195.855257,4764.7826674,4366.519277318,28952.1841243,0.9164152034033232,0.8586829385681001,0,0,0,0,0,0,0,0
2012-05-06,NO 15/9-F-12 H,5599,15/9-F-12,3420717,VOLVE,369304,MÆRSK INSPIRER,24.0,100.0,%,production,OP,32.0,490.66463574175,170.299646163125,69.92503767275,490.66463574175,195.9807545,4777.2364912,4326.824495077,28882.933316200004,0.9057170401857456,0.8580744981818319,0,0,0,0,0,0,0,0
2012-05-07,NO 15/9-F-12 H,5599,15/9-F-12,3420717,VOLVE,369304,MÆRSK INSPIRER,24.0,100.0,%,production,OP,32.0,492.6293235113751,170.85058207100002,72.00068857725,492.6293235113751,195.882757625,4501.9315075,4080.975207528,28468.6864296,0.9064942904460658,0.8634562592642758,0,0,0,0,0,0,0,0
2012-05-08,NO 15/9-F-12 H,5599,15/9-F-12,3420717,VOLVE,369304,MÆRSK INSPIRER,24.0,100.0,%,production,OP,32.0,496.53531469475,168.24944036275,75.950765269375,496.53531469475,193.26927575,4541.8089029,4122.237609302,28795.0646705,0.9076202230062786,0.8637602025606871,0,0,0,0,0,0,0,0
2012-05-09,NO 15/9-F-12 H,5599,15/9-F-12,3420717,VOLVE,369304,MÆRSK INSPIRER,24.0,100.0,%,production,OP,32.0,490.902694467375,169.7145840225,69.470606424125,490.902694467375,196.4584565,4541.494412399999,4109.614369787,28990.7406596,0.904903539805355,0.8645633253301321,0,0,0,0,0,0,0,0
2012-05-10,NO 15/9-F-12 H,5599,15/9-F-12,3420717,VOLVE,369304,MÆRSK INSPIRER,24.0,100.0,%,production,OP,32.0,492.5774482533751,168.88616926925,70.920563396625,492.5774482533751,195.695180375,4526.5246646,4107.892425015,28853.6856997,0.907515749807144,0.8643949629076904,0,0,0,0,0,0,0,0
2012-05-11,NO 15/9-F-12 H,5599,15/9-F-12,3420717,VOLVE,369304,MÆRSK INSPIRER,24.0,100.0,%,production,OP,32.0,490.67829650837496,167.775344378625,69.04777230812499,490.67829650837496,196.174332875,4520.0461603,4102.655608152,28434.8472518,0.9076579005289854,0.8628414268018727,0,0,0,0,0,0,0,0
2012-05-12,NO 15/9-F-12 H,5599,15/9-F-12,3420717,VOLVE,369304,MÆRSK INSPIRER,24.0,100.0,%,production,OP,32.0,492.01878302875,167.82302864275,69.236787038375,492.01878302875,196.10179325,4577.5350237,4156.320885713,28915.7661244,0.9079823232796296,0.8633298341223773,0,0,0,0,0,0,0,0
2012-05-13,NO 15/9-F-12 H,5599,15/9-F-12,3420717,VOLVE,369304,MÆRSK INSPIRER,24.0,100.0,%,production,OP,32.0,496.48732524650006,166.65989640175002,75.076337210625,496.48732524650006,191.88353975,4577.8495142,4150.26829928,28865.4476444,0.9065978002130284,0.8631160829480954,0,0,0,0,0,0,0,0
2012-05-14,NO 15/9-F-12 H,5599,15/9-F-12,3420717,VOLVE,369304,MÆRSK INSPIRER,24.0,100.0,%,production,OP,32.0,495.670147916625,165.322627912,73.919677290375,495.670147916625,192.057890375,4576.7802465,4148.602858028,28758.8353649,0.9064457182973904,0.8627059928980327,0,0,0,0,0,0,0,0
2012-05-15,NO 15/9-F-12 H,5599,15/9-F-12,3420717,VOLVE,369304,MÆRSK INSPIRER,24.0,100.0,%,production,OP,32.0,490.50542027725,168.08768069,68.74380589799999,490.50542027725,196.62739475,4564.7667094,4139.101084846,28578.6952065,0.9067497526921918,0.8622724831526988,0,0,0,0,0,0,0,0
2012-05-16,NO 15/9-F-12 H,5599,15/9-F-12,3420717,VOLVE,369304,MÆRSK INSPIRER,24.0,100.0,%,production,OP,32.0,492.33873685675,166.78633327825,70.619041481125,492.33873685675,196.050652625,4554.9546058,4145.354258775001,28654.8648056,0.9100758662877916,0.8628431383689967,0,0,0,0,0,0,0,0
2012-05-17,NO 15/9-F-12 H,5599,15/9-F-12,3420717,VOLVE,369304,MÆRSK INSPIRER,24.0,100.0,%,production,OP,32.0,492.076589736625,166.926116672375,70.29845311187499,492.076589736625,196.380574625,4563.5087474,4145.354258775001,28693.9874238,0.908369960096332,0.8627825521227342,0,0,0,0,0,0,0,0
2012-05-18,NO 15/9-F-12 H,5599,15/9-F-12,3420717,VOLVE,369304,MÆRSK INSPIRER,24.0,100.0,%,production,OP,32.0,491.69119053275,168.1118174305,69.80391281300001,491.69119053275,196.9452215,4563.5087474,4147.69385765,30890.4519739,0.9088826355407108,0.8712835278610116,0,0,0,0,0,0,0,0
2012-05-19,NO 15/9-F-12 H,5599,15/9-F-12,3420717,VOLVE,369304,MÆRSK INSPIRER,24.0,100.0,%,production,OP,32.0,492.01023485162506,167.05387702062498,70.16588535825,492.01023485162506,196.8169205,4570.6791308,4155.681689643,32820.2914781,0.9092044247078084,0.8777598159029318,0,0,0,0,0,0,0,0
2012-05-20,NO 15/9-F-12 H,5599,15/9-F-12,3420717,VOLVE,369304,MÆRSK INSPIRER,24.0,100.0,%,production,OP,32.0,493.81538082125,166.550280911625,72.108944336125,493.81538082125,196.68968225,4691.569279,4263.0111853240005,27421.6217589,0.908653572357063,0.8539052293662437,0,0,0,0,0,0,0,0
2012-05-21,NO 15/9-F-12 H,5599,15/9-F-12,3420717,VOLVE,369304,MÆRSK INSPIRER,24.0,100.0,%,production,OP,32.0,492.39798487975,166.5220559125,70.66902218025,492.39798487975,197.07700625,4693.8336106,4249.21302574,28047.8981406,0.9052755973590711,0.8566406430097282,0,0,0,0,0,0,0,0
2012-05-22,NO 15/9-F-12 H,5599,15/9-F-12,3420717,VOLVE,369304,MÆRSK INSPIRER,17.69167,76.292645625,%,production,OP,32.0,508.15767938192886,159.55297560343445,94.93443072950944,508.15767938192886,194.572136659646,2928.0323512,2762.869921643,20357.4732498,0.9435926896472604,0.8742551524810243,0,0,0,0,0,0,0,0
2012-05-23,NO 15/9-F-12 H,5599,15/9-F-12,3420717,VOLVE,369304,MÆRSK INSPIRER,24.0,99.84263104166666,%,production,OP,32.0,488.44304034975,161.235943553625,70.443340030625,488.44304034975,195.251057375,4354.1209725,4004.504756148,27886.3129217,0.9197045239302892,0.8649484375182898,0,0,0,0,0,0,0,0
2012-05-24,NO 15/9-F-12 H,5599,15/9-F-12,3420717,VOLVE,369304,MÆRSK INSPIRER,24.0,99.96639541666669,%,production,OP,32.0,491.330592826875,166.92456657875,74.093378425125,491.330592826875,196.16205875,4471.6146233,4114.170672381,27516.2205013,0.9200637843304998,0.8602089011062477,0,0,0,0,0,0,0,0
2012-05-25,NO 15/9-F-12 H,5599,15/9-F-12,3420717,VOLVE,369304,MÆRSK INSPIRER,24.0,100.0,%,production,OP,32.0,491.857304367125,166.9761698905,74.273007988125,491.857304367125,197.5224995,4503.1894695,4102.605814425,27069.5810932,0.9110444590910188,0.8573711020843999,0,0,0,0,0,0,0,0
2012-05-26,NO 15/9-F-12 H,5599,15/9-F-12,3420717,VOLVE,369304,MÆRSK INSPIRER,24.0,100.0,%,production,OP,32.0,488.67893559187496,166.931477035125,70.58126210375,488.67893559187496,198.03476862500003,4545.8343813,4134.0041141950005,27912.6672256,0.9094049117145298,0.8599493458954479,0,0,0,0,0,0,0,0
2012-05-27,NO 15/9-F-12 H,5599,15/9-F-12,3420717,VOLVE,369304,MÆRSK INSPIRER,24.0,100.0,%,production,OP,32.0,489.2033476755,167.951063958875,70.880916655,489.2033476755,198.425555375,4590.8065228000005,4165.68316583,28148.5351006,0.9073968038385744,0.8597770665150216,0,0,0,0,0,0,0,0
2012-05-28,NO 15/9-F-12 H,5599,15/9-F-12,3420717,VOLVE,369304,MÆRSK INSPIRER,24.0,100.0,%,production,OP,32.0,489.7276842185,166.305329859375,71.38322555175,489.7276842185,198.02243075,4630.6839182,4187.2530314430005,28188.3495979,0.9042407353665014,0.858902489741865,0,0,0,0,0,0,0,0
2012-05-29,NO 15/9-F-12 H,5599,15/9-F-12,3420717,VOLVE,369304,MÆRSK INSPIRER,24.0,100.0,%,production,OP,32.0,490.958247043,164.331876355625,72.571941891625,490.958247043,197.42082125,4650.3710235,4200.698044027001,28094.6314289,0.9033038488325684,0.8579822667516961,0,0,0,0,0,0,0,0
2012-05-30,NO 15/9-F-12 H,5599,15/9-F-12,3420717,VOLVE,369304,MÆRSK INSPIRER,24.0,100.0,%,production,OP,32.0,491.1782515592501,163.908347265875,72.78304772225,491.1782515592501,197.450622125,4623.3877386,4197.740084755,28119.0987898,0.9079359815982276,0.8587954603084347,0,0,0,0,0,0,0,0
2012-05-31,NO 15/9-F-12 H,5599,15/9-F-12,3420717,VOLVE,369304,MÆRSK INSPIRER,24.0,100.0,%,production,OP,32.0,491.252384107,164.09499606375,72.837285891,491.252384107,197.61633875,4626.029458800001,4198.806588695001,28189.481763700005,0.9076480437684412,0.859029182040347,0,0,0,0,0,0,0,0
2012-06-01,NO 15/9-F-12 H,5599,15/9-F-12,3420717,VOLVE,369304,MÆRSK INSPIRER,24.0,100.0,%,production,OP,32.0,492.35344914887503,162.79257899675,73.982950117875,492.35344914887503,197.0268455,4623.2619424,4206.936032635001,28264.0789103,0.9099497465313682,0.8594212294904824,0,0,0,0,0,0,0,0
2012-06-02,NO 15/9-F-12 H,5599,15/9-F-12,3420717,VOLVE,369304,MÆRSK INSPIRER,24.0,100.0,%,production,OP,32.0,492.333627288875,162.046295032625,73.933141651375,492.333627288875,197.08440875,4615.9657628,4206.606193337001,28084.064548100003,0.911316593211756,0.8588390983459931,0,0,0,0,0,0,0,0
2012-06-03,NO 15/9-F-12 H,5599,15/9-F-12,3420717,VOLVE,369304,MÆRSK INSPIRER,24.0,100.0,%,production,OP,32.0,491.8677410598751,160.976676042125,73.552507550125,491.8677410598751,197.051096,4593.448243,4187.233961505,28112.1171007,0.9115665922405822,0.8595514801616225,0,0,0,0,0,0,0,0
2012-06-04,NO 15/9-F-12 H,5599,15/9-F-12,3420717,VOLVE,369304,MÆRSK INSPIRER,24.0,100.0,%,production,OP,32.0,492.116124678125,160.473122235875,73.73059004112501,492.116124678125,196.94399225,4586.7810444,4186.886818004001,28199.168071100004,0.9128159328895306,0.8600991837008757,0,0,0,0,0,0,0,0
2012-06-05,NO 15/9-F-12 H,5599,15/9-F-12,3420717,VOLVE,369304,MÆRSK INSPIRER,24.0,100.0,%,production,OP,32.0,493.00673051712505,162.052181158125,73.014452829625,493.00673051712505,197.402286125,4570.4904365,4167.5474288430005,28299.6163368,0.9118381247581022,0.860952978704269,0,0,0,0,0,0,0,0
2012-06-06,NO 15/9-F-12 H,5599,15/9-F-12,3420717,VOLVE,369304,MÆRSK INSPIRER,24.0,100.0,%,production,OP,32.0,498.2596170875,161.132794341,79.96704576525,498.2596170875,195.22314425,4591.8128924,4186.564041646,28310.749300500003,0.911745347589242,0.8604420875955107,0,0,0,0,0,0,0,0
2012-06-07,NO 15/9-F-12 H,5599,15/9-F-12,3420717,VOLVE,369304,MÆRSK INSPIRER,24.0,100.0,%,production,OP,32.0,499.343918153875,159.105480371625,81.204096018625,499.343918153875,193.846601,4693.456222000001,4269.136520039,28495.8584088,0.9095933397712216,0.8585853225892038,0,0,0,0,0,0,0,0
2012-06-08,NO 15/9-F-12 H,5599,15/9-F-12,3420717,VOLVE,369304,MÆRSK INSPIRER,24.0,100.0,%,production,OP,32.0,496.375141375125,158.58025244925,78.123422422875,496.375141375125,193.986125,4676.7253274,4255.064318383,28541.0192446,0.9098384062569224,0.8592100280239341,0,0,0,0,0,0,0,0
2012-06-09,NO 15/9-F-12 H,5599,15/9-F-12,3420717,VOLVE,369304,MÆRSK INSPIRER,24.0,100.0,%,production,OP,32.0,494.15641652687503,160.331045428375,75.72651537,494.15641652687503,196.527839375,4674.7125882,4267.471078787001,28630.3345466,0.912884160955485,0.859639514417157,0,0,0,0,0,0,0,0
2012-06-10,NO 15/9-F-12 H,5599,15/9-F-12,3420717,VOLVE,369304,MÆRSK INSPIRER,24.0,100.0,%,production,OP,32.0,492.2137533818751,161.26350379525002,73.455501301125,492.2137533818751,197.71208375,4694.5254897,4267.228113651,28930.610076000004,0.9089796451235572,0.8603864219215597,0,0,0,0,0,0,0,0
2012-06-11,NO 15/9-F-12 H,5599,15/9-F-12,3420717,VOLVE,369304,MÆRSK INSPIRER,24.0,100.0,%,production,OP,32.0,493.26774150625,160.366162754125,73.072226299625,493.26774150625,197.535239,4628.3566885,4222.781032231001,28816.827413100003,0.912371564344484,0.8616136579054268,0,0,0,0,0,0,0,0
2012-06-12,NO 15/9-F-12 H,5599,15/9-F-12,3420717,VOLVE,369304,MÆRSK INSPIRER,24.0,100.0,%,production,OP,32.0,492.41800616699993,159.3035146525,73.882212162,492.41800616699993,197.22448925,4668.4227782,4257.840760097,28934.5097582,0.9120512349437836,0.861070971316477,0,0,0,0,0,0,0,0
2012-06-13,NO 15/9-F-12 H,5599,15/9-F-12,3420717,VOLVE,369304,MÆRSK INSPIRER,23.33334,100.0,%,production,OP,32.0,517.6632008220745,151.98875649243956,99.4277237519831,517.6632008220745,193.62691754067868,3975.6631048,3677.998106387001,26103.6549715,0.9251282136925496,0.8678273525112761,0,0,0,0,0,0,0,0
2012-06-14,NO 15/9-F-12 H,5599,15/9-F-12,3420717,VOLVE,369304,MÆRSK INSPIRER,24.0,99.97910520833334,%,production,OP,32.0,486.627657114625,160.68865776875,68.06600404287501,486.627657114625,197.72037762500003,4494.2579393,4094.9107412950007,28822.6140383,0.9111427952292388,0.8651056455023259,0,0,0,0,0,0,0,0
2012-06-15,NO 15/9-F-12 H,5599,15/9-F-12,3420717,VOLVE,369304,MÆRSK INSPIRER,24.0,100.0,%,production,OP,32.0,491.17517252337495,161.563946990625,72.4607793295,491.17517252337495,197.048095625,4551.5581084,4150.485484685,29042.002611100004,0.9118823457455568,0.8645109952349301,0,0,0,0,0,0,0,0
2012-06-16,NO 15/9-F-12 H,5599,15/9-F-12,3420717,VOLVE,369304,MÆRSK INSPIRER,24.0,100.0,%,production,OP,32.0,490.3847305315,160.91280191125,71.308316446375,490.3847305315,197.865340625,4589.045376,4190.158371812,28971.3051467,0.9130784353813284,0.8632599092522589,0,0,0,0,0,0,0,0
2012-06-17,NO 15/9-F-12 H,5599,15/9-F-12,3420717,VOLVE,369304,MÆRSK INSPIRER,24.0,100.0,%,production,OP,32.0,489.63777274500006,160.87711047675,70.533354239375,489.63777274500006,198.29424275,4605.1472896,4186.3977094090005,28810.9149917,0.9090692319143236,0.8621876135244968,0,0,0,0,0,0,0,0
2012-06-18,NO 15/9-F-12 H,5599,15/9-F-12,3420717,VOLVE,369304,MÆRSK INSPIRER,24.0,100.0,%,production,OP,32.0,490.0133003,161.51383334,70.998201029375,490.0133003,198.377573,4597.662415700001,4179.3114617070005,28907.9038619,0.9090079009358268,0.8627791460795652,0,0,0,0,0,0,0,0
2012-06-19,NO 15/9-F-12 H,5599,15/9-F-12,3420717,VOLVE,369304,MÆRSK INSPIRER,24.0,100.0,%,production,OP,32.0,492.96348804175,161.3501458705,74.08076314075001,492.96348804175,197.92068425,4606.8455383,4193.121628289,28985.0169325,0.9101936658020292,0.8628582877086813,0,0,0,0,0,0,0,0
2012-06-20,NO 15/9-F-12 H,5599,15/9-F-12,3420717,VOLVE,369304,MÆRSK INSPIRER,16.0,56.597423125,%,production,OP,32.0,710.5672295588749,112.546466375,112.771489810375,710.5672295588749,172.486860125,2363.3332094,2166.2125266750004,18201.3263818,0.9165920903827842,0.8850779319288459,0,0,0,0,0,0,0,0
2012-06-21,NO 15/9-F-12 H,5599,15/9-F-12,3420717,VOLVE,369304,MÆRSK INSPIRER,24.0,99.711716875,%,production,OP,32.0,476.4692288325,152.8868401485,56.220282231,476.4692288325,195.757197875,4028.2459164000006,3700.152077138,30433.623073600003,0.9185516857532832,0.8831100565796679,0,0,0,0,0,0,0,0
2012-06-22,NO 15/9-F-12 H,5599,15/9-F-12,3420717,VOLVE,369304,MÆRSK INSPIRER,24.0,100.0,%,production,OP,32.0,484.89016835037495,158.5098908895,64.194664855,484.89016835037495,194.6119205,4224.5508865,3851.250611999,28656.6888505,0.9116355123821752,0.8715209365495342,0,0,0,0,0,0,0,0
2012-06-23,NO 15/9-F-12 H,5599,15/9-F-12,3420717,VOLVE,369304,MÆRSK INSPIRER,24.0,100.0,%,production,OP,32.0,486.99813553425,158.880719817625,66.02533449100001,486.99813553425,194.98401275,4308.9601367000005,3938.909113486001,28637.882318600005,0.91412057399598,0.8692147770292069,0,0,0,0,0,0,0,0
2012-06-24,NO 15/9-F-12 H,5599,15/9-F-12,3420717,VOLVE,369304,MÆRSK INSPIRER,24.0,100.0,%,production,OP,32.0,487.051923480875,159.325249201125,65.75332176524999,487.051923480875,194.95215125,4341.1639639,3962.730291224,28254.644195300003,0.9128266806269107,0.8668183361891971,0,0,0,0,0,0,0,0
2012-06-25,NO 15/9-F-12 H,5599,15/9-F-12,3420717,VOLVE,369304,MÆRSK INSPIRER,24.0,100.0,%,production,OP,32.0,482.853620295,158.927959902875,61.61417897525,482.853620295,197.41449125,4359.9704958,3982.857198195001,27501.6910402,0.9135055390929192,0.8631593493367025,0,0,0,0,0,0,0,0
2012-06-26,NO 15/9-F-12 H,5599,15/9-F-12,3420717,VOLVE,369304,MÆRSK INSPIRER,24.0,100.0,%,production,OP,32.0,483.18224920837497,158.569135890875,61.971715775,483.18224920837497,197.385806375,4359.9704958,3992.118125123,28187.4690245,0.9156296192757828,0.8660425962822462,0,0,0,0,0,0,0,0
2012-06-27,NO 15/9-F-12 H,5599,15/9-F-12,3420717,VOLVE,369304,MÆRSK INSPIRER,24.0,100.0,%,production,OP,32.0,483.55539270125,159.61898438900002,62.25408663125,483.55539270125,197.74719425,4065.104203,3717.910074033,28353.6458047,0.914591579544068,0.874606386673315,0,0,0,0,0,0,0,0
2012-06-28,NO 15/9-F-12 H,5599,15/9-F-12,3420717,VOLVE,369304,MÆRSK INSPIRER,24.0,100.0,%,production,OP,32.0,487.2043312242501,158.861079255125,65.90256586725,487.2043312242501,196.943172125,4084.162327300001,3724.79326221,28428.8719323,0.9120091131814596,0.8743838457312213,0,0,0,0,0,0,0,0
2012-06-29,NO 15/9-F-12 H,5599,15/9-F-12,3420717,VOLVE,369304,MÆRSK INSPIRER,24.0,100.0,%,production,OP,32.0,492.052108530875,156.999329184375,70.7551807955,492.052108530875,195.408766625,4101.396406700001,3738.432152497,27606.605071,0.9115022742961236,0.8706510591787223,0,0,0,0,0,0,0,0
2012-06-30,NO 15/9-F-12 H,5599,15/9-F-12,3420717,VOLVE,369304,MÆRSK INSPIRER,24.0,100.0,%,production,OP,32.0,492.3539356305,157.490838793375,70.94143980375,492.3539356305,195.40907675,4102.6543687,3751.872574170001,27820.7102034,0.91449881881199,0.8714842741768645,0,0,0,0,0,0,0,0
2012-07-01,NO 15/9-F-12 H,5599,15/9-F-12,3420717,VOLVE,369304,MÆRSK INSPIRER,24.0,100.0,%,production,OP,32.0,491.33850646275,157.46725803187502,69.83806321875001,491.33850646275,195.787541,4134.6695016,3756.381908213,25697.3332455,0.908508384227418,0.86140154462134,0,0,0,0,0,0,0,0
2012-07-02,NO 15/9-F-12 H,5599,15/9-F-12,3420717,VOLVE,369304,MÆRSK INSPIRER,24.0,100.0,%,production,OP,32.0,486.85719485775,157.80329596975,65.37424077925,486.85719485775,197.485002125,4221.1543891,3839.315655987,28907.1490847,0.9095416329478504,0.8725816312194085,0,0,0,0,0,0,0,0
2012-07-03,NO 15/9-F-12 H,5599,15/9-F-12,3420717,VOLVE,369304,MÆRSK INSPIRER,24.0,100.0,%,production,OP,32.0,488.62195983087497,156.78944409025002,67.43880836325,488.62195983087497,196.84988975,4218.0723822,3834.670007202,28075.0072217,0.9091048374096344,0.8693815382757553,0,0,0,0,0,0,0,0
2012-07-04,NO 15/9-F-12 H,5599,15/9-F-12,3420717,VOLVE,369304,MÆRSK INSPIRER,24.0,100.0,%,production,OP,32.0,490.33611560687496,155.677803360875,69.179690412375,490.33611560687496,196.22849975,4215.6822544,3844.795437986,28152.434782800003,0.9120221131403116,0.8697581867504062,0,0,0,0,0,0,0,0
2012-07-05,NO 15/9-F-12 H,5599,15/9-F-12,3420717,VOLVE,369304,MÆRSK INSPIRER,24.0,100.0,%,production,OP,32.0,490.757245526375,155.59011882500002,69.6382673305,490.757245526375,196.505981375,4217.5691974,3862.246196991001,28172.1218881,0.9157517082048008,0.8697866803895486,0,0,0,0,0,0,0,0
2012-07-06,NO 15/9-F-12 H,5599,15/9-F-12,3420717,VOLVE,369304,MÆRSK INSPIRER,24.0,100.0,%,production,OP,32.0,487.9744890475,156.78399307875,66.63211909374999,487.9744890475,197.708391125,4215.6822544,3864.577320338,27897.5087835,0.9167145641264725,0.8687242806414146,0,0,0,0,0,0,0,0
2012-07-07,NO 15/9-F-12 H,5599,15/9-F-12,3420717,VOLVE,369304,MÆRSK INSPIRER,24.0,100.0,%,production,OP,32.0,486.56273750150007,156.60172865875,64.888318154875,486.56273750150007,197.8771985,4228.3247725,3862.915410556,27691.265913600004,0.9135805829484684,0.867531986419196,0,0,0,0,0,0,0,0
2012-07-08,NO 15/9-F-12 H,5599,15/9-F-12,3420717,VOLVE,369304,MÆRSK INSPIRER,24.0,100.0,%,production,OP,32.0,488.275439875875,155.920113512875,66.738501445125,488.275439875875,197.6108615,4219.8964271,3851.897577303,27591.7611194,0.9127943407725068,0.8673474835150712,0,0,0,0,0,0,0,0
2012-07-09,NO 15/9-F-12 H,5599,15/9-F-12,3420717,VOLVE,369304,MÆRSK INSPIRER,24.0,100.0,%,production,OP,32.0,486.591796469125,154.9289268425,64.833632785625,486.591796469125,197.71304300000003,4327.0118914,3956.784355185,28498.3114347,0.914438058986888,0.8681806772041903,0,0,0,0,0,0,0,0
2012-07-10,NO 15/9-F-12 H,5599,15/9-F-12,3420717,VOLVE,369304,MÆRSK INSPIRER,24.0,100.0,%,production,OP,32.0,487.290903802125,154.468887457875,65.514229643875,487.290903802125,197.55358625,4314.4951695,3943.777598028,28555.297113300003,0.9140762576134808,0.8687398103285955,0,0,0,0,0,0,0,0
2012-07-11,NO 15/9-F-12 H,5599,15/9-F-12,3420717,VOLVE,369304,MÆRSK INSPIRER,24.0,100.0,%,production,OP,32.0,487.767290178,155.0907892505,65.99383102875,487.767290178,197.698646375,4313.8661885,3950.600398068,28769.0248571,0.9157911315375517,0.8696043165467626,0,0,0,0,0,0,0,0
2012-07-12,NO 15/9-F-12 H,5599,15/9-F-12,3420717,VOLVE,369304,MÆRSK INSPIRER,24.0,100.0,%,production,OP,32.0,487.789018683375,154.644673513875,65.92382904237499,487.789018683375,197.766943625,4326.320012300001,3965.041991486,28610.5216451,0.916492996406446,0.8686480003972089,0,0,0,0,0,0,0,0
2012-07-13,NO 15/9-F-12 H,5599,15/9-F-12,3420717,VOLVE,369304,MÆRSK INSPIRER,24.0,100.0,%,production,OP,32.0,487.886683646625,154.70789497375,66.01687998425001,487.886683646625,197.818434125,4343.3024993,3974.973897714,28419.248523,0.915196189617149,0.8674308817911124,0,0,0,0,0,0,0,0
2012-07-14,NO 15/9-F-12 H,5599,15/9-F-12,3420717,VOLVE,369304,MÆRSK INSPIRER,24.0,100.0,%,production,OP,32.0,487.7249118873751,154.3872824315,65.876764211375,487.7249118873751,197.7929165,4337.2013836,3952.081496586,28566.3671789,0.911205440339886,0.8681844683393071,0,0,0,0,0,0,0,0
2012-07-15,NO 15/9-F-12 H,5599,15/9-F-12,3420717,VOLVE,369304,MÆRSK INSPIRER,24.0,100.0,%,production,OP,32.0,490.6115608986249,154.030534275875,68.841105244625,490.6115608986249,196.4031665,4336.3208102,3938.897812782,28669.016878100003,0.9083501856036178,0.8686175899440298,0,0,0,0,0,0,0,0
2012-07-16,NO 15/9-F-12 H,5599,15/9-F-12,3420717,VOLVE,369304,MÆRSK INSPIRER,24.0,100.0,%,production,OP,32.0,488.407394239625,154.416277945,66.65366932325,488.407394239625,197.703222875,4337.7045684,3938.208469838,28706.4412476,0.9079014966873694,0.868730013704888,0,0,0,0,0,0,0,0
2012-07-17,NO 15/9-F-12 H,5599,15/9-F-12,3420717,VOLVE,369304,MÆRSK INSPIRER,24.0,100.0,%,production,OP,32.0,488.77725624775,153.9894915435,67.034427311125,488.77725624775,197.673655625,4340.2833905,3944.751930601,28671.0296173,0.9088696694863894,0.8685213342021729,0,0,0,0,0,0,0,0
2012-07-18,NO 15/9-F-12 H,5599,15/9-F-12,3420717,VOLVE,369304,MÆRSK INSPIRER,24.0,100.0,%,production,OP,32.0,490.290032804,153.9069890945,68.56390438875,490.290032804,197.47185725,4337.3900779000005,3963.717337089001,28632.7875725,0.9138484816675936,0.8684450498298307,0,0,0,0,0,0,0,0
2012-07-19,NO 15/9-F-12 H,5599,15/9-F-12,3420717,VOLVE,369304,MÆRSK INSPIRER,24.0,97.91666666666669,%,production,OP,32.0,489.0232544537873,152.10051431706384,67.29442882034043,489.0232544537873,197.46677089361705,4347.642468200001,3976.653817993,28607.6283325,0.914669006727088,0.8680744426440078,0,0,0,0,0,0,0,0
2012-07-20,NO 15/9-F-12 H,5599,15/9-F-12,3420717,VOLVE,369304,MÆRSK INSPIRER,24.0,100.0,%,production,OP,32.0,488.650598792625,151.52255833125,66.964718422375,488.650598792625,197.389697,4334.4967653,3957.981876662001,28722.4802631,0.913135270591916,0.8688780053428317,0,0,0,0,0,0,0,0
2012-07-21,NO 15/9-F-12 H,5599,15/9-F-12,3420717,VOLVE,369304,MÆRSK INSPIRER,24.0,100.0,%,production,OP,32.0,489.1309344323751,152.53944694387502,67.49982101525,489.1309344323751,197.38769675,4333.9306824,3926.124838939,28681.1562114,0.9059039303242457,0.8687287815918521,0,0,0,0,0,0,0,0
2012-07-22,NO 15/9-F-12 H,5599,15/9-F-12,3420717,VOLVE,369304,MÆRSK INSPIRER,24.0,100.0,%,production,OP,32.0,494.44373378325,151.64842109900002,73.05078787025,494.44373378325,194.8134965,4327.9553629,3934.266643024,28781.4157828,0.9090358640824326,0.8692830696223572,0,0,0,0,0,0,0,0
2012-07-23,NO 15/9-F-12 H,5599,15/9-F-12,3420717,VOLVE,369304,MÆRSK INSPIRER,24.0,100.0,%,production,OP,32.0,494.1595952763751,155.31061549087502,72.508215820375,494.1595952763751,194.065151375,4336.572402600001,3942.073663753,28799.0901489,0.9090298276559436,0.8691267332934711,0,0,0,0,0,0,0,0
2012-07-24,NO 15/9-F-12 H,5599,15/9-F-12,3420717,VOLVE,369304,MÆRSK INSPIRER,24.0,100.0,%,production,OP,32.0,491.634244988,156.37676263425,70.10097481,491.634244988,197.037781625,4338.2077532,3942.682842328,28947.7183592,0.9088275773376118,0.8696684076462006,0,0,0,0,0,0,0,0
2012-07-25,NO 15/9-F-12 H,5599,15/9-F-12,3420717,VOLVE,369304,MÆRSK INSPIRER,24.0,100.0,%,production,OP,32.0,487.9402661227501,156.8179742735,66.236268089,487.9402661227501,197.981548625,4326.8231971,3935.582115599,28928.0312539,0.9095777516947714,0.8698889750524862,0,0,0,0,0,0,0,0
2012-07-26,NO 15/9-F-12 H,5599,15/9-F-12,3420717,VOLVE,369304,MÆRSK INSPIRER,24.0,100.0,%,production,OP,32.0,487.317923172875,156.591446068875,65.784507956875,487.317923172875,198.067969625,4324.1814769,3925.323901543,28856.1387256,0.9077611387293254,0.8696763186578835,0,0,0,0,0,0,0,0
2012-07-27,NO 15/9-F-12 H,5599,15/9-F-12,3420717,VOLVE,369304,MÆRSK INSPIRER,24.0,100.0,%,production,OP,32.0,491.35476280525,154.244006038875,70.01893769125,491.35476280525,195.95959325,4309.4633215,3927.502818533,28700.0256414,0.9113670370365164,0.8694477419404011,0,0,0,0,0,0,0,0
2012-07-28,NO 15/9-F-12 H,5599,15/9-F-12,3420717,VOLVE,369304,MÆRSK INSPIRER,24.0,100.0,%,production,OP,32.0,491.04761160237496,154.431479740375,69.46747904224999,491.04761160237496,195.49231775,4295.3741471,3924.182530439,28459.9435937,0.9135834029937512,0.8688648304043259,0,0,0,0,0,0,0,0
2012-07-29,NO 15/9-F-12 H,5599,15/9-F-12,3420717,VOLVE,369304,MÆRSK INSPIRER,24.0,100.0,%,production,OP,32.0,492.650381216,154.4581093215,71.288875311125,492.650381216,196.184832875,4311.0986721,3945.591007873,28567.121956100003,0.9152170497528984,0.8688767643221444,0,0,0,0,0,0,0,0
2012-07-30,NO 15/9-F-12 H,5599,15/9-F-12,3420717,VOLVE,369304,MÆRSK INSPIRER,24.0,100.0,%,production,OP,32.0,491.3000411765,155.6715939215,69.6572189625,491.3000411765,197.417694125,4397.206171,4022.967634455,28613.981040600003,0.9148917467156444,0.8667964849972183,0,0,0,0,0,0,0,0
2012-07-31,NO 15/9-F-12 H,5599,15/9-F-12,3420717,VOLVE,369304,MÆRSK INSPIRER,24.0,100.0,%,production,OP,32.0,488.0863616915,156.012421135,66.23834092375,488.0863616915,198.19687025,4419.7236908,4044.404363649,28660.9030232,0.9150808164926112,0.8663954063201126,0,0,0,0,0,0,0,0
2012-08-01,NO 15/9-F-12 H,5599,15/9-F-12,3420717,VOLVE,369304,MÆRSK INSPIRER,24.0,100.0,%,production,OP,32.0,491.35037540575,153.88386157675,69.912114182625,491.35037540575,196.71708575,4405.8861088,3957.651684217,28693.3584428,0.8982646365534214,0.8668886203148397,0,0,0,0,0,0,0,0
2012-08-02,NO 15/9-F-12 H,5599,15/9-F-12,3420717,VOLVE,369304,MÆRSK INSPIRER,24.0,100.0,%,production,OP,32.0,491.084584205875,153.31520685987502,69.62918130412501,491.084584205875,196.752934625,4397.3948653,4000.0000130160006,28625.239800500003,0.9096294818962344,0.8668369465427852,0,0,0,0,0,0,0,0
2012-08-03,NO 15/9-F-12 H,5599,15/9-F-12,3420717,VOLVE,369304,MÆRSK INSPIRER,24.0,100.0,%,production,OP,32.0,490.71923046225,153.678931947625,69.314466973875,490.71923046225,196.841535125,4391.6082401,3996.543057033,28436.1681119,0.9100408867394774,0.8662227927651747,0,0,0,0,0,0,0,0
2012-08-04,NO 15/9-F-12 H,5599,15/9-F-12,3420717,VOLVE,369304,MÆRSK INSPIRER,24.0,100.0,%,production,OP,32.0,487.3648459875,154.774325399375,65.651489981125,487.3648459875,198.0978515,4364.3733628,4009.18607278,28351.8217598,0.9186166579955188,0.8665989933595567,0,0,0,0,0,0,0,0
2012-08-05,NO 15/9-F-12 H,5599,15/9-F-12,3420717,VOLVE,369304,MÆRSK INSPIRER,24.0,100.0,%,production,OP,32.0,488.91061868875,154.70874102874998,67.237885408875,488.91061868875,197.9022425,4344.0572765,4009.18607278,28595.5518973,0.9229128019256218,0.8681205580315373,0,0,0,0,0,0,0,0
2012-08-06,NO 15/9-F-12 H,5599,15/9-F-12,3420717,VOLVE,369304,MÆRSK INSPIRER,24.0,100.0,%,production,OP,32.0,488.937012583125,155.48633507112498,67.123619637875,488.937012583125,198.212907125,4375.0031417,3999.71467024,29080.0559616,0.9142198395509784,0.8692274574021466,0,0,0,0,0,0,0,0
2012-08-07,NO 15/9-F-12 H,5599,15/9-F-12,3420717,VOLVE,369304,MÆRSK INSPIRER,24.0,100.0,%,production,OP,32.0,489.17656096987497,153.828738071875,67.30695673475,489.17656096987497,197.90147825000005,4386.4505959,3997.769536564,29225.602165,0.911390530717638,0.8694976880137878,0,0,0,0,0,0,0,0
2012-08-08,NO 15/9-F-12 H,5599,15/9-F-12,3420717,VOLVE,369304,MÆRSK INSPIRER,24.0,100.0,%,production,OP,32.0,489.11361145625,153.50533354812498,67.36096526,489.11361145625,197.76891125,4386.4505959,4130.5598715040005,29206.4811426,0.9416633747943772,0.8694234063866239,0,0,0,0,0,0,0,0
2012-08-09,NO 15/9-F-12 H,5599,15/9-F-12,3420717,VOLVE,369304,MÆRSK INSPIRER,24.0,100.0,%,production,OP,32.0,488.644102298875,153.90778076025,67.05444557675,488.644102298875,197.8926905,4367.2666754,3974.919866223,29125.4683898,0.910161930026619,0.869605552759478,0,0,0,0,0,0,0,0
2012-08-10,NO 15/9-F-12 H,5599,15/9-F-12,3420717,VOLVE,369304,MÆRSK INSPIRER,24.0,100.0,%,production,OP,32.0,479.8330468205,153.98014263575,69.990060021125,479.8330468205,198.03556175,4392.6146097,3999.150341334,29267.4294015,0.9104259528033414,0.8695006278590007,0,0,0,0,0,0,0,0
2012-08-11,NO 15/9-F-12 H,5599,15/9-F-12,3420717,VOLVE,369304,MÆRSK INSPIRER,24.0,100.0,%,production,OP,32.0,470.8681271755,155.106299251625,73.6335565975,470.8681271755,198.226972625,4412.8048998,4068.384457537,29246.0440475,0.921949768892205,0.8688961435755224,0,0,0,0,0,0,0,0
2012-08-12,NO 15/9-F-12 H,5599,15/9-F-12,3420717,VOLVE,369304,MÆRSK INSPIRER,24.0,99.99992395833333,%,production,OP,32.0,470.239698672875,155.041805687625,77.15702516399999,470.239698672875,197.765684375,4392.1114249,4027.304985909,29623.9358323,0.9169405318538096,0.8708811934646421,0,0,0,0,0,0,0,0
2012-08-13,NO 15/9-F-12 H,5599,15/9-F-12,3420717,VOLVE,369304,MÆRSK INSPIRER,0.625,21.991569375,%,production,OP,32.0,738.9835779215999,149.6826388968,308.8915476792,738.9835779215999,192.2218916,3981.1981376,428.133174539,0.0,0.1075387759517774,0.0,0,0,0,0,1,0,0,1
2012-08-15,NO 15/9-F-12 H,5599,15/9-F-12,3420717,VOLVE,369304,MÆRSK INSPIRER,0.0,1.248525,%,production,OP,32.0,34.86931077,9.572362962,32.264283252000006,34.86931077,60.812978,0.0,0.0,0.0,0.12924720855077243,0.0,0,0,0,0,0,1,1,1
2012-08-16,NO 15/9-F-12 H,5599,15/9-F-12,3420717,VOLVE,369304,MÆRSK INSPIRER,0.0,15.310566666666666,%,production,OP,32.0,34.169792496,7.347189965999999,33.26591568,34.169792496,60.969146,0.0,0.0,0.0,0.15095564114976745,0.0,0,0,0,0,0,1,1,1
2012-08-17,NO 15/9-F-12 H,5599,15/9-F-12,3420717,VOLVE,369304,MÆRSK INSPIRER,0.0,38.441888125,%,production,OP,32.0,33.198327972,5.970634308,32.920870278,33.198327972,60.27269,0.0,0.0,0.0,0.17266407374876247,0.0,0,0,0,0,0,1,1,1
2012-08-19,NO 15/9-F-12 H,5599,15/9-F-12,3420717,VOLVE,369304,MÆRSK INSPIRER,0.0,0.1382129166666666,%,production,OP,32.0,30.951254238,4.258895832,30.572414982,30.951254238,61.09151,0.0,0.0,0.0,0.1943725063477575,0.0,0,0,0,0,0,1,1,1
2012-08-20,NO 15/9-F-12 H,5599,15/9-F-12,3420717,VOLVE,369304,MÆRSK INSPIRER,0.0,0.0539891666666666,%,production,OP,32.0,29.730759468,3.526889046,29.374401102,29.730759468,60.602414,0.0,0.0,0.0,0.2160809389467525,0.0,0,0,0,0,0,1,1,1
2012-08-21,NO 15/9-F-12 H,5599,15/9-F-12,3420717,VOLVE,369304,MÆRSK INSPIRER,0.0,1.014985,%,production,OP,32.0,28.691997312,2.974439304,28.20771543,28.691997312,60.294542,0.0,0.0,0.0,0.23778937154574753,0.0,0,0,0,0,0,1,1,1
2012-08-22,NO 15/9-F-12 H,5599,15/9-F-12,3420717,VOLVE,369304,MÆRSK INSPIRER,0.0,14.793432291666669,%,production,OP,32.0,28.120112478,2.743973922,27.40638048,28.120112478,59.92529,0.0,0.0,0.0,0.25949780414474255,0.0,0,0,0,0,0,1,1,1
2012-08-23,NO 15/9-F-12 H,5599,15/9-F-12,3420717,VOLVE,369304,MÆRSK INSPIRER,0.0,14.173302916666668,%,production,OP,32.0,27.703998456,2.495668866,26.968510758,27.703998456,59.410184,0.0,0.0,0.0,0.28120623674373757,0.0,0,0,0,0,0,1,1,1
2012-08-24,NO 15/9-F-12 H,5599,15/9-F-12,3420717,VOLVE,369304,MÆRSK INSPIRER,0.0,13.809225208333332,%,production,OP,32.0,27.648303864,2.189783724,26.884678794000003,27.648303864,59.748926,0.0,0.0,0.0,0.3029146693427326,0.0,0,0,0,0,0,1,1,1
2012-08-25,NO 15/9-F-12 H,5599,15/9-F-12,3420717,VOLVE,369304,MÆRSK INSPIRER,0.0,12.077237083333332,%,production,OP,32.0,27.44699112,1.96744047,26.468129658,27.44699112,59.7569,0.0,0.0,0.0,0.3246231019417276,0.0,0,0,0,0,0,1,1,1
2012-08-26,NO 15/9-F-12 H,5599,15/9-F-12,3420717,VOLVE,369304,MÆRSK INSPIRER,0.0,6.991075416666667,%,production,OP,32.0,27.277006584,1.849089462,26.498587638,27.277006584,59.115056,0.0,0.0,0.0,0.34633153454072263,0.0,0,0,0,0,0,1,1,1
2012-08-27,NO 15/9-F-12 H,5599,15/9-F-12,3420717,VOLVE,369304,MÆRSK INSPIRER,0.0,0.0,%,production,OP,32.0,28.181318514,1.839661992,25.825176204,28.181318514,56.858072,0.0,0.0,0.0,0.3680399671397177,0.0,0,0,0,0,0,1,1,1
2012-08-28,NO 15/9-F-12 H,5599,15/9-F-12,3420717,VOLVE,369304,MÆRSK INSPIRER,0.0,0.6899979166666667,%,production,OP,32.0,30.914994738,1.545669966,29.133347946,30.914994738,58.747928,0.0,0.0,0.0,0.3897483997387127,0.0,0,0,0,0,0,1,1,1
2012-08-29,NO 15/9-F-12 H,5599,15/9-F-12,3420717,VOLVE,369304,MÆRSK INSPIRER,0.0,0.9833870833333334,%,production,OP,32.0,26.810419338000003,1.493746362,25.028772546,26.810419338000003,59.346968,0.0,0.0,0.0,0.41145683233770775,0.0,0,0,0,0,0,1,1,1
2012-08-30,NO 15/9-F-12 H,5599,15/9-F-12,3420717,VOLVE,369304,MÆRSK INSPIRER,0.0,1.0277572916666666,%,production,OP,32.0,25.155535758,1.529570748,23.448873612,25.155535758,57.230978,0.0,0.0,0.0,0.43316526493670277,0.0,0,0,0,0,0,1,1,1
2012-08-31,NO 15/9-F-12 H,5599,15/9-F-12,3420717,VOLVE,369304,MÆRSK INSPIRER,0.0,1.024718125,%,production,OP,32.0,22.995194748000003,1.371769404,21.500143044,22.995194748000003,55.209506000000005,0.0,0.0,0.0,0.4548736975356978,0.0,0,0,0,0,0,1,1,1
2012-09-01,NO 15/9-F-12 H,5599,15/9-F-12,3420717,VOLVE,369304,MÆRSK INSPIRER,0.0,0.97072625,%,production,OP,32.0,22.539050238,1.172487192,20.842830828,22.539050238,56.055326,0.0,0.0,0.0,0.4765821301346928,0.0,0,0,0,0,0,1,1,1
2012-09-02,NO 15/9-F-12 H,5599,15/9-F-12,3420717,VOLVE,369304,MÆRSK INSPIRER,0.0,0.8784197916666666,%,production,OP,32.0,21.76657785,0.96740346,20.00726691,21.76657785,57.856172,0.0,0.0,0.0,0.4982905627336878,0.0,0,0,0,0,0,1,1,1
2012-09-03,NO 15/9-F-12 H,5599,15/9-F-12,3420717,VOLVE,369304,MÆRSK INSPIRER,0.0,0.8720589583333334,%,production,OP,32.0,22.333966506,0.938685936,20.547388422,22.333966506,58.157258,0.0,0.0,0.0,0.5199989953326828,0.0,0,0,0,0,0,1,1,1
2012-09-07,NO 15/9-F-12 H,5599,15/9-F-12,3420717,VOLVE,369304,MÆRSK INSPIRER,0.0,1.2306929166666667,%,production,OP,32.0,19.492527048,1.074586542,17.690139822,19.492527048,55.47704,0.0,0.0,0.0,0.5417074279316778,0.0,0,0,0,0,0,1,1,1
2012-09-11,NO 15/9-F-12 H,5599,15/9-F-12,3420717,VOLVE,369304,MÆRSK INSPIRER,0.0,1.3108575,%,production,OP,32.0,59.69619042,0.657457254,57.514673862,59.69619042,54.940118,0.0,0.0,0.0,0.5634158605306728,0.0,0,0,0,0,0,1,1,1
2012-09-15,NO 15/9-F-12 H,5599,15/9-F-12,3420717,VOLVE,369304,MÆRSK INSPIRER,0.0,1.4000779166666666,%,production,OP,32.0,1792.18670346,0.830052474,1417.297847466,1792.18670346,60.672146,0.0,0.0,0.0,0.5851242931296678,0.0,0,0,0,0,0,1,1,1
2012-09-16,NO 15/9-F-12 H,5599,15/9-F-12,3420717,VOLVE,369304,MÆRSK INSPIRER,0.0,1.171588125,%,production,OP,32.0,1815.248615688,0.555640578,1693.073245704,1815.248615688,55.810256,0.0,0.0,0.0,0.6068327257286629,0.0,0,0,0,0,0,1,1,1
2012-09-17,NO 15/9-F-12 H,5599,15/9-F-12,3420717,VOLVE,369304,MÆRSK INSPIRER,0.0,2.61737125,%,production,OP,32.0,1785.449833398,118.543473426,1422.292230996,1785.449833398,58.65917,0.0,0.0,0.0,0.628541158327658,0.003778641508729752,0,0,0,0,0,1,1,0
2012-09-19,NO 15/9-F-12 H,5599,15/9-F-12,3420717,VOLVE,369304,MÆRSK INSPIRER,0.0,1.3157654166666666,%,production,OP,32.0,1818.17171154,141.085279386,1703.221409526,1818.17171154,52.399202,0.0,0.0,0.0,0.650249590926653,0.11287091054829501,0,0,0,0,0,1,1,0
2012-09-21,NO 15/9-F-12 H,5599,15/9-F-12,3420717,VOLVE,369304,MÆRSK INSPIRER,0.0,1.3152964583333333,%,production,OP,32.0,1816.785293298,140.01823482,1646.38362801,1816.785293298,53.668454,0.0,0.0,0.0,0.671958023525648,0.22196317958786027,0,0,0,0,0,1,1,0
2012-09-23,NO 15/9-F-12 H,5599,15/9-F-12,3420717,VOLVE,369304,MÆRSK INSPIRER,0.0,1.32340125,%,production,OP,32.0,1799.866755636,139.920479208,1377.680572728,1799.866755636,55.172426,0.0,0.0,0.0,0.6936664561246431,0.33105544862742553,0,0,0,0,0,1,1,0
2012-09-25,NO 15/9-F-12 H,5599,15/9-F-12,3420717,VOLVE,369304,MÆRSK INSPIRER,0.0,1.2771785416666666,%,production,OP,32.0,1789.90380534,137.810611422,1368.367102596,1789.90380534,51.673514,0.0,0.0,0.0,0.7153748887236381,0.44014771766699123,0,0,0,0,0,1,1,0
2012-09-26,NO 15/9-F-12 H,5599,15/9-F-12,3420717,VOLVE,369304,MÆRSK INSPIRER,0.0,1.2246416666666666,%,production,OP,32.0,1789.187752734,137.081505396,1368.241064574,1789.187752734,53.736764,0.0,0.0,0.0,0.7370833213226331,0.5492399867065565,0,0,0,0,0,1,1,0
2012-09-27,NO 15/9-F-12 H,5599,15/9-F-12,3420717,VOLVE,369304,MÆRSK INSPIRER,0.0,1.220426875,%,production,OP,32.0,1788.39468495,136.333979544,1368.195377604,1788.39468495,54.688046,0.0,0.0,0.0,0.7587917539216281,0.6583322557461218,0,0,0,0,0,1,1,0
2012-09-29,NO 15/9-F-12 H,5599,15/9-F-12,3420717,VOLVE,369304,MÆRSK INSPIRER,2.99166,15.894921875,%,production,OP,32.0,501.8146165000106,345.29624539019795,54.08401883119366,501.8146165000106,171.82237935669158,1216.7008464,949.635237555,4014.7228249,0.7805001865206231,0.7674245247856877,0,0,0,0,0,0,0,0
2012-09-30,NO 15/9-F-12 H,5599,15/9-F-12,3420717,VOLVE,369304,MÆRSK INSPIRER,24.0,98.364745625,%,production,OP,32.0,485.8058415903749,361.316148586375,46.49396445362501,485.8058415903749,189.020652125,5160.7262069,4591.961612325001,24371.6928899,0.8897898141128764,0.8252521681348077,0,0,0,0,0,0,0,0
2012-10-01,NO 15/9-F-12 H,5599,15/9-F-12,3420717,VOLVE,369304,MÆRSK INSPIRER,24.0,98.39325229166668,%,production,OP,32.0,465.4725020617501,320.945842595625,60.03515631250001,465.4725020617501,191.594069,5002.1600968,4448.638314963,26689.299180600003,0.889343449404768,0.8421606258955967,0,0,0,0,0,0,0,0
2012-10-02,NO 15/9-F-12 H,5599,15/9-F-12,3420717,VOLVE,369304,MÆRSK INSPIRER,24.0,98.40752333333332,%,production,OP,32.0,473.7990067335,314.301576275,66.768204018875,473.7990067335,192.36191975000003,4656.2205468,4094.769482495,28304.2707962,0.8794191429160592,0.8587332786290861,0,0,0,0,0,0,0,0
2012-10-03,NO 15/9-F-12 H,5599,15/9-F-12,3420717,VOLVE,369304,MÆRSK INSPIRER,24.0,98.42267479166668,%,production,OP,32.0,467.90230856762497,327.756379875125,71.697544049125,467.90230856762497,193.716167,5027.8225216,4398.562070363,28835.3823526,0.8748443389690791,0.8515254967662366,0,0,0,0,0,0,0,0
2012-10-04,NO 15/9-F-12 H,5599,15/9-F-12,3420717,VOLVE,369304,MÆRSK INSPIRER,24.0,98.43857645833332,%,production,OP,32.0,464.59465956675,334.122248776375,71.77795855525,464.59465956675,196.12099625,5218.0892741,4528.676963631,28910.6084802,0.8678803151393174,0.847105526508331,0,0,0,0,0,0,0,0
2012-10-05,NO 15/9-F-12 H,5599,15/9-F-12,3420717,VOLVE,369304,MÆRSK INSPIRER,24.0,98.42702125,%,production,OP,32.0,468.76419083937503,335.2562918335,75.75177313337501,468.76419083937503,196.43335625,4592.0644848,3994.136713375001,28960.738265900003,0.8697910768883635,0.863139168464721,0,0,0,0,0,0,0,0
2012-10-06,NO 15/9-F-12 H,5599,15/9-F-12,3420717,VOLVE,369304,MÆRSK INSPIRER,24.0,98.433725,%,production,OP,32.0,468.85887345875,331.01176382837497,75.64787153612501,468.85887345875,196.700815625,4577.5979218,4004.868497558,29067.8537302,0.8748842877801745,0.8639460106184101,0,0,0,0,0,0,0,0
2012-10-07,NO 15/9-F-12 H,5599,15/9-F-12,3420717,VOLVE,369304,MÆRSK INSPIRER,24.0,98.42538854166666,%,production,OP,32.0,470.151636433875,324.526734123625,77.05117764025,470.151636433875,196.80013325,4535.8335834,3988.688714606,29167.6730149,0.8793728079450686,0.865419535199676,0,0,0,0,0,0,0,0
2012-10-08,NO 15/9-F-12 H,5599,15/9-F-12,3420717,VOLVE,369304,MÆRSK INSPIRER,24.0,98.425995,%,production,OP,32.0,470.680946571625,317.879890356875,77.534000077375,470.680946571625,196.621035125,4516.7754591,3966.594425698,29100.2462517,0.8781916350759602,0.8656402254204181,0,0,0,0,0,0,0,0
2012-10-09,NO 15/9-F-12 H,5599,15/9-F-12,3420717,VOLVE,369304,MÆRSK INSPIRER,24.0,98.4080725,%,production,OP,32.0,471.23183715512494,308.2017010225,78.113671639,471.23183715512494,196.4236925,4454.0660534,3929.825466352,29045.3362104,0.8823006707213464,0.8670404319956139,0,0,0,0,0,0,0,0
2012-10-10,NO 15/9-F-12 H,5599,15/9-F-12,3420717,VOLVE,369304,MÆRSK INSPIRER,24.0,98.44202458333334,%,production,OP,32.0,469.8525469265,303.445989608,76.674202726875,469.8525469265,197.133091625,4633.3885365,4110.277933,29116.2223691,0.8870997760323485,0.8627128309875954,0,0,0,0,0,0,0,0
2012-10-11,NO 15/9-F-12 H,5599,15/9-F-12,3420717,VOLVE,369304,MÆRSK INSPIRER,24.0,98.39628645833334,%,production,OP,32.0,472.9411553095,295.267892048125,80.02066147925,472.9411553095,196.09795775,4706.2245363,4134.743250866,29878.9247297,0.8785690565704937,0.8639235441748808,0,0,0,0,0,0,0,0
2012-10-12,NO 15/9-F-12 H,5599,15/9-F-12,3420717,VOLVE,369304,MÆRSK INSPIRER,24.0,98.40476208333334,%,production,OP,32.0,475.34459511562505,286.0283399285,82.40956122587501,475.34459511562505,193.526441,6055.4516794,5330.763853116,34735.9160117,0.8803247280876981,0.8515506583339887,0,0,0,0,0,0,0,0
2012-10-13,NO 15/9-F-12 H,5599,15/9-F-12,3420717,VOLVE,369304,MÆRSK INSPIRER,22.0,59.815614583333335,%,production,OP,32.0,650.9501252342686,224.0195398852595,159.40759903935898,650.9501252342686,165.4267619373515,4163.7913219,3802.1137384190006,24642.0918218,0.9131374376091546,0.8554534398015621,0,0,0,0,0,0,0,0
2012-10-14,NO 15/9-F-12 H,5599,15/9-F-12,3420717,VOLVE,369304,MÆRSK INSPIRER,5.175,22.82938625,%,production,OP,32.0,486.70037033066666,275.83403633066666,95.59088131333334,486.70037033066666,193.6428668695652,2526.8682694,1581.5427066220002,6775.4462301,0.6258904454079574,0.7283613374353427,0,0,0,0,0,0,0,0
2012-10-19,NO 15/9-F-12 H,5599,15/9-F-12,3420717,VOLVE,369304,MÆRSK INSPIRER,7.0,100.0,%,production,OP,32.0,451.3211485855385,127.65934601815384,63.95980556538462,451.3211485855385,165.80238523076923,1147.9532231,1113.2567181830002,8627.543682700001,0.9697753321138788,0.8825682996821476,0,0,0,0,0,0,0,0
2012-10-20,NO 15/9-F-12 H,5599,15/9-F-12,3420717,VOLVE,369304,MÆRSK INSPIRER,24.0,98.38545479166666,%,production,OP,32.0,455.196103496375,245.01367844975,64.563439078125,455.196103496375,194.289188,6653.6126104,5822.842414386,36781.8654085,0.875139981141154,0.8468161762256922,0,0,0,0,0,0,0,0
2012-10-21,NO 15/9-F-12 H,5599,15/9-F-12,3420717,VOLVE,369304,MÆRSK INSPIRER,24.0,98.38794895833334,%,production,OP,32.0,464.472691673625,275.66045260137497,73.127902761875,464.472691673625,196.577283875,6742.7392181000005,5930.096689756,37519.7230196,0.879478873191096,0.8476646151791132,0,0,0,0,0,0,0,0
2012-10-22,NO 15/9-F-12 H,5599,15/9-F-12,3420717,VOLVE,369304,MÆRSK INSPIRER,24.0,98.38365833333332,%,production,OP,32.0,467.52597121712506,282.94711035375,76.009300188875,467.52597121712506,197.075848625,4490.2324609,3960.551727381,31478.1089222,0.8820371243290078,0.8751615368338955,0,0,0,0,0,0,0,0
2012-10-23,NO 15/9-F-12 H,5599,15/9-F-12,3420717,VOLVE,369304,MÆRSK INSPIRER,24.0,98.39915875,%,production,OP,32.0,467.804815837,285.36010151650004,76.0651186675,467.804815837,197.29489025,4486.898861600001,3976.109971613,30237.632594,0.8861599278828282,0.8707859062882646,0,0,0,0,0,0,0,0
2012-10-24,NO 15/9-F-12 H,5599,15/9-F-12,3420717,VOLVE,369304,MÆRSK INSPIRER,24.0,98.40871666666666,%,production,OP,32.0,467.1412669870001,285.6237806005,75.27956566487501,467.1412669870001,197.351119625,4508.6616042000005,3966.954282491,30260.0872157,0.8798518564346506,0.8703243068206282,0,0,0,0,0,0,0,0
2012-10-25,NO 15/9-F-12 H,5599,15/9-F-12,3420717,VOLVE,369304,MÆRSK INSPIRER,24.0,98.36078354166666,%,production,OP,32.0,467.459120785625,281.86041918200004,75.547849705375,467.459120785625,196.44277475,4460.6703539,3947.90447387,30261.5967701,0.8850473495353262,0.8715328599376857,0,0,0,0,0,0,0,0
2012-10-26,NO 15/9-F-12 H,5599,15/9-F-12,3420717,VOLVE,369304,MÆRSK INSPIRER,24.0,98.36334145833334,%,production,OP,32.0,466.310262701125,278.167162485125,74.31819639000001,466.310262701125,195.905676125,4405.4458221,3915.839432564,29779.105445,0.8888633729009037,0.8711275807695067,0,0,0,0,0,0,0,0
2012-10-27,NO 15/9-F-12 H,5599,15/9-F-12,3420717,VOLVE,369304,MÆRSK INSPIRER,24.0,98.39922583333332,%,production,OP,32.0,464.447403694,276.864334477125,72.06649956975001,464.447403694,196.192877375,4400.7913627,3894.132899062,29392.4708243,0.8848710557077736,0.8697731122154596,0,0,0,0,0,0,0,0
2012-10-28,NO 15/9-F-12 H,5599,15/9-F-12,3420717,VOLVE,369304,MÆRSK INSPIRER,24.0,98.418312,%,production,OP,32.0,466.21756444332,274.08921835836,73.82848138452,466.21756444332,194.83548548,4524.0716387,4020.4253292020007,29869.112626100003,0.8886741082546776,0.8684602273558544,0,0,0,0,0,0,0,0
2012-10-29,NO 15/9-F-12 H,5599,15/9-F-12,3420717,VOLVE,369304,MÆRSK INSPIRER,24.0,98.388513125,%,production,OP,32.0,460.3589637715,270.27843386499995,68.02084585725,460.3589637715,196.307456,4288.3295599,3805.758215459,28696.629144,0.8874686896843225,0.8699913618690399,0,0,0,0,0,0,0,0
2012-10-30,NO 15/9-F-12 H,5599,15/9-F-12,3420717,VOLVE,369304,MÆRSK INSPIRER,24.0,98.39864208333331,%,production,OP,32.0,461.449725072125,268.60286424025,69.151821965,461.449725072125,195.131066,4316.5708068,3843.675961996,28462.1450272,0.8904466378591456,0.8683117780250987,0,0,0,0,0,0,0,0
2012-10-31,NO 15/9-F-12 H,5599,15/9-F-12,3420717,VOLVE,369304,MÆRSK INSPIRER,24.0,98.40000416666666,%,production,OP,32.0,465.212116549,262.314348939,73.04181062237501,465.212116549,192.377339,4268.7682508,3819.1078783530006,28467.5542638,0.8946627350026018,0.8696014725265435,0,0,0,0,0,0,0,0
2012-11-01,NO 15/9-F-12 H,5599,15/9-F-12,3420717,VOLVE,369304,MÆRSK INSPIRER,24.0,98.42735145833332,%,production,OP,32.0,462.5314003463751,258.77180787550003,70.279761339625,462.5314003463751,192.943949,4236.753117900001,3790.10779986,28498.8775176,0.8945783939703842,0.8705767069199066,0,0,0,0,0,0,0,0
2012-11-02,NO 15/9-F-12 H,5599,15/9-F-12,3420717,VOLVE,369304,MÆRSK INSPIRER,24.0,98.44173083333334,%,production,OP,32.0,462.067169967875,256.17298677525,69.944478808,462.067169967875,193.63768925,4178.6352735,3745.6889702,27399.481627700003,0.8963905019311804,0.8676730697218615,0,0,0,0,0,0,0,0
2012-11-03,NO 15/9-F-12 H,5599,15/9-F-12,3420717,VOLVE,369304,MÆRSK INSPIRER,24.0,98.50240916666668,%,production,OP,32.0,455.099864740125,255.255243722125,62.95008773375,455.099864740125,196.333919375,4151.1488038,3714.860296541,27364.132895500003,0.8948993332015424,0.8682813993729207,0,0,0,0,0,0,0,0
2012-11-04,NO 15/9-F-12 H,5599,15/9-F-12,3420717,VOLVE,369304,MÆRSK INSPIRER,24.0,98.544105,%,production,OP,32.0,454.798240089375,251.660558476,62.541536839124994,454.798240089375,196.561608125,4121.8382892,3694.427564268,27465.713327,0.8963057997564104,0.8695106749873557,0,0,0,0,0,0,0,0
2012-11-05,NO 15/9-F-12 H,5599,15/9-F-12,3420717,VOLVE,369304,MÆRSK INSPIRER,24.0,98.56875833333334,%,production,OP,32.0,454.1865090865,247.80531850612505,62.31937488262499,454.1865090865,196.63865525,4073.6583446,3739.451334739,27076.0595975,0.9179589986224492,0.8692232670558374,0,0,0,0,0,0,0,0
2012-11-06,NO 15/9-F-12 H,5599,15/9-F-12,3420717,VOLVE,369304,MÆRSK INSPIRER,24.0,98.59294625,%,production,OP,32.0,456.5238689755,244.8266459055,64.554845576625,456.5238689755,195.413714375,4005.0994156,3688.4367785600007,27241.16711,0.92093513688909,0.8718215050646568,0,0,0,0,0,0,0,0
2012-11-07,NO 15/9-F-12 H,5599,15/9-F-12,3420717,VOLVE,369304,MÆRSK INSPIRER,24.0,98.64340958333334,%,production,OP,32.0,458.760206875875,243.9991799425,66.68218137675,458.760206875875,194.44320575,4018.2451185,3696.939498879,27640.3184526,0.920038322664362,0.8730755705490025,0,0,0,0,0,0,0,0
2012-11-08,NO 15/9-F-12 H,5599,15/9-F-12,3420717,VOLVE,369304,MÆRSK INSPIRER,24.0,98.647119375,%,production,OP,32.0,458.9878651682501,244.4324567945,66.770270810375,458.9878651682501,196.320629375,4032.5229872,3706.403485332,27911.4092636,0.9191276769151308,0.8737624737136421,0,0,0,0,0,0,0,0
2012-11-09,NO 15/9-F-12 H,5599,15/9-F-12,3420717,VOLVE,369304,MÆRSK INSPIRER,24.0,98.64413104166668,%,production,OP,32.0,466.194386404,241.6017984945,73.898586347875,466.194386404,193.3248515,3993.3374709,3720.656498252,28138.9116913,0.9317160208384432,0.8757218191997056,0,0,0,0,0,0,0,0
2012-11-10,NO 15/9-F-12 H,5599,15/9-F-12,3420717,VOLVE,369304,MÆRSK INSPIRER,24.0,98.66581,%,production,OP,32.0,467.587576107625,241.820476517375,74.9382700995,467.587576107625,193.441694375,3974.530939,3645.086571722,28427.0478874,0.9171111327766168,0.8773352693615766,0,0,0,0,0,0,0,0
2012-11-11,NO 15/9-F-12 H,5599,15/9-F-12,3420717,VOLVE,369304,MÆRSK INSPIRER,24.0,98.69571916666666,%,production,OP,32.0,463.46822496137503,241.21214786425,70.67840130425,463.46822496137503,196.6076825,3968.241129,3603.25772216,28718.3289885,0.9080238838883322,0.8785972001731852,0,0,0,0,0,0,0,0
2012-11-12,NO 15/9-F-12 H,5599,15/9-F-12,3420717,VOLVE,369304,MÆRSK INSPIRER,24.0,98.69938666666668,%,production,OP,32.0,466.0624864295,240.25952619375,73.5125103,466.0624864295,196.376932625,3982.4560996,3617.080248887,28743.9285152,0.9082536400715884,0.8783105391422004,0,0,0,0,0,0,0,0
2012-11-13,NO 15/9-F-12 H,5599,15/9-F-12,3420717,VOLVE,369304,MÆRSK INSPIRER,24.0,98.71517625,%,production,OP,32.0,470.80295374587496,237.583750348,78.418686553,470.80295374587496,194.36024,3986.7331704,3627.233931431,28704.176916000004,0.9098261098489994,0.8780476542297747,0,0,0,0,0,0,0,0
2012-11-14,NO 15/9-F-12 H,5599,15/9-F-12,3420717,VOLVE,369304,MÆRSK INSPIRER,24.0,98.73488604166668,%,production,OP,32.0,469.15756109,238.34626043837497,76.570434081125,469.15756109,194.697825125,3988.7459096,3613.896628682,28664.0479282,0.9060232741283862,0.8778436562147253,0,0,0,0,0,0,0,0
2012-11-15,NO 15/9-F-12 H,5599,15/9-F-12,3420717,VOLVE,369304,MÆRSK INSPIRER,24.0,98.72892666666668,%,production,OP,32.0,468.6189745635,236.64917986525,75.917763081125,468.6189745635,195.075926375,3994.5954329,3625.064902557,28784.057503,0.9074923764996328,0.8781342405768903,0,0,0,0,0,0,0,0
2012-11-16,NO 15/9-F-12 H,5599,15/9-F-12,3420717,VOLVE,369304,MÆRSK INSPIRER,24.0,96.651479375,%,production,OP,32.0,471.9291590934893,234.7389729587234,79.23325647765958,471.9291590934893,193.8454010638298,3972.1408112,3608.322909581,28724.618798500003,0.9084076021189468,0.878515765518807,0,0,0,0,0,0,0,0
2012-11-17,NO 15/9-F-12 H,5599,15/9-F-12,3420717,VOLVE,369304,MÆRSK INSPIRER,24.0,98.72524375,%,production,OP,32.0,470.213573703125,234.91679764725,77.273934856875,470.213573703125,195.13008387500005,3983.965654,3617.876948519001,28119.3503822,0.9081094725017428,0.8759017401969428,0,0,0,0,0,0,0,0
2012-11-18,NO 15/9-F-12 H,5599,15/9-F-12,3420717,VOLVE,369304,MÆRSK INSPIRER,24.0,98.740303125,%,production,OP,32.0,471.255584106,232.66044148125,78.14262484975,471.255584106,193.54994375,3970.9457473,3604.990261342,28667.696018,0.9078417311022628,0.8783360601873532,0,0,0,0,0,0,0,0
2012-11-19,NO 15/9-F-12 H,5599,15/9-F-12,3420717,VOLVE,369304,MÆRSK INSPIRER,24.0,98.7190225,%,production,OP,32.0,474.5713401267501,230.021348163,81.679131728125,474.5713401267501,192.863742125,3956.0388976,3616.0780177010006,28784.2461973,0.9140653343663424,0.8791690760745319,0,0,0,0,0,0,0,0
2012-11-20,NO 15/9-F-12 H,5599,15/9-F-12,3420717,VOLVE,369304,MÆRSK INSPIRER,24.0,98.73970729166666,%,production,OP,32.0,473.43009955887504,230.748520349,80.562831653,473.43009955887504,194.2541855,3947.5476541,3602.382270747,28800.0336204,0.912562073064652,0.8794552910332376,0,0,0,0,0,0,0,0
2012-11-21,NO 15/9-F-12 H,5599,15/9-F-12,3420717,VOLVE,369304,MÆRSK INSPIRER,24.0,98.75773166666669,%,production,OP,32.0,470.955515592125,231.804798865125,78.029183982375,470.955515592125,195.493916,3948.1137370000006,3588.241205426,28517.4324571,0.9088495024341796,0.878390657178671,0,0,0,0,0,0,0,0
2012-11-22,NO 15/9-F-12 H,5599,15/9-F-12,3420717,VOLVE,369304,MÆRSK INSPIRER,24.0,98.762829375,%,production,OP,32.0,471.13598214525,229.58876628475,78.1971047485,471.13598214525,195.281816,3914.7148459,3577.820896897,28493.0279943,0.9139416375739756,0.8792043350503258,0,0,0,0,0,0,0,0
2012-11-23,NO 15/9-F-12 H,5599,15/9-F-12,3420717,VOLVE,369304,MÆRSK INSPIRER,24.0,98.79723770833333,%,production,OP,32.0,472.07713372725,227.715815050125,79.07149956937499,472.07713372725,193.191573125,3902.5755126,3565.122083924,28439.2501188,0.9135305831785996,0.8793334811374695,0,0,0,0,0,0,0,0
2012-11-24,NO 15/9-F-12 H,5599,15/9-F-12,3420717,VOLVE,369304,MÆRSK INSPIRER,24.0,96.74449979166668,%,production,OP,32.0,470.16647524851066,228.3732551387234,77.36642641238564,470.16647524851066,195.22347838297875,3855.65353,3500.351039507,28242.1903715,0.9078489579708164,0.8798781144979082,0,0,0,0,0,0,0,0
2012-11-25,NO 15/9-F-12 H,5599,15/9-F-12,3420717,VOLVE,369304,MÆRSK INSPIRER,24.0,98.78466166666666,%,production,OP,32.0,470.6198946385,224.734716084625,77.850249393125,470.6198946385,193.30316525,3866.975188,3534.749676189,28419.1856249,0.9140864640554296,0.8802280887340763,0,0,0,0,0,0,0,0
2012-11-26,NO 15/9-F-12 H,5599,15/9-F-12,3420717,VOLVE,369304,MÆRSK INSPIRER,24.0,98.822196875,%,production,OP,32.0,466.450973734125,227.053329812125,73.583648417375,466.450973734125,196.38053825,3866.472003200001,3553.6564602750004,28507.305863,0.919095355490456,0.8805677848541487,0,0,0,0,0,0,0,0
2012-11-27,NO 15/9-F-12 H,5599,15/9-F-12,3420717,VOLVE,369304,MÆRSK INSPIRER,24.0,98.842528125,%,production,OP,32.0,464.73680889325,226.4477447945,71.847048010875,464.73680889325,197.217707375,3984.4688388,3653.961508979,28315.2150656,0.9170510943384518,0.8766406243914598,0,0,0,0,0,0,0,0
2012-11-28,NO 15/9-F-12 H,5599,15/9-F-12,3420717,VOLVE,369304,MÆRSK INSPIRER,24.0,98.82995604166666,%,production,OP,32.0,465.51975725512494,225.87376597437495,72.561085193,465.51975725512494,197.058947,3945.2204244,3617.780186241,28670.2748401,0.9170033095910484,0.8790384633927625,0,0,0,0,0,0,0,0
2012-11-29,NO 15/9-F-12 H,5599,15/9-F-12,3420717,VOLVE,369304,MÆRSK INSPIRER,24.0,98.83457458333334,%,production,OP,32.0,465.679138909,227.1403254175,72.646576029125,465.679138909,197.211938,3918.174241400001,3576.7529803690004,28682.2254791,0.9128621546679846,0.8798120797599869,0,0,0,0,0,0,0,0
2012-11-30,NO 15/9-F-12 H,5599,15/9-F-12,3420717,VOLVE,369304,MÆRSK INSPIRER,24.0,98.841706875,%,production,OP,32.0,465.526235619125,226.891594312375,72.517709766125,465.526235619125,197.173959875,3885.5930256,3550.015514705,28394.5295697,0.9136354454303196,0.8796289260014848,0,0,0,0,0,0,0,0
2012-12-01,NO 15/9-F-12 H,5599,15/9-F-12,3420717,VOLVE,369304,MÆRSK INSPIRER,24.0,98.83986458333334,%,production,OP,32.0,465.74264742325,225.130663781375,72.731423259125,465.74264742325,196.784461625,3858.1065559,3560.347889631,28725.2477795,0.9228225913528352,0.8815927139917457,0,0,0,0,0,0,0,0
2012-12-02,NO 15/9-F-12 H,5599,15/9-F-12,3420717,VOLVE,369304,MÆRSK INSPIRER,24.0,98.84375666666666,%,production,OP,32.0,465.76649408775,224.0634167665,72.86260106525,465.76649408775,196.524638,3824.20448,3545.909121389,28445.2883364,0.9272279084273758,0.8814916459406991,0,0,0,0,0,0,0,0
2012-12-03,NO 15/9-F-12 H,5599,15/9-F-12,3420717,VOLVE,369304,MÆRSK INSPIRER,24.0,98.834986875,%,production,OP,32.0,471.341881716,222.674493597375,73.24604527775,471.341881716,194.81396675,3774.6407772,3516.512458815,27994.749246100004,0.931615130122004,0.8811862369900197,0,0,0,0,0,0,0,0
2012-12-04,NO 15/9-F-12 H,5599,15/9-F-12,3420717,VOLVE,369304,MÆRSK INSPIRER,24.0,98.849586875,%,production,OP,32.0,465.642362711125,223.0127131485,72.555431732625,465.642362711125,195.7660595,3781.5595682,3498.02344763,28066.6417744,0.9250213792863874,0.8812630098786206,0,0,0,0,0,0,0,0
2012-12-05,NO 15/9-F-12 H,5599,15/9-F-12,3420717,VOLVE,369304,MÆRSK INSPIRER,24.0,98.85585916666666,%,production,OP,32.0,464.96961905625005,222.004593291625,71.943727924375,464.96961905625005,196.092383,3583.6192475000003,3308.8157605580004,27661.2635199,0.9233167733615372,0.8853054026741607,0,0,0,0,0,0,0,0
2012-12-06,NO 15/9-F-12 H,5599,15/9-F-12,3420717,VOLVE,369304,MÆRSK INSPIRER,24.0,98.81891541666668,%,production,OP,32.0,468.274361253875,222.8072184755,75.349619018875,468.274361253875,195.287009375,3801.7498583,3511.8445617690004,28898.8465355,0.9237442474290948,0.8837406568211458,0,0,0,0,0,0,0,0
2012-12-07,NO 15/9-F-12 H,5599,15/9-F-12,3420717,VOLVE,369304,MÆRSK INSPIRER,24.0,98.815694375,%,production,OP,32.0,469.888374334125,221.17964434225,77.111776329625,469.888374334125,193.994782625,3797.0953989,3475.851466382,29013.006587,0.9153974554837198,0.8842705395877225,0,0,0,0,0,0,0,0
2012-12-08,NO 15/9-F-12 H,5599,15/9-F-12,3420717,VOLVE,369304,MÆRSK INSPIRER,24.0,98.83205833333334,%,production,OP,32.0,469.12105683837495,222.918084918375,76.31504935775,469.12105683837495,195.23960975,3782.062753,3483.05001483,29210.506621000004,0.9209392446138506,0.8853662256453273,0,0,0,0,0,0,0,0
2012-12-09,NO 15/9-F-12 H,5599,15/9-F-12,3420717,VOLVE,369304,MÆRSK INSPIRER,24.0,98.87061458333334,%,production,OP,32.0,466.104417519625,222.704567831,73.03229552525,466.104417519625,196.08455225,3775.772943,3476.561998146,29487.3840572,0.920755048205768,0.886487835686273,0,0,0,0,0,0,0,0
2012-12-10,NO 15/9-F-12 H,5599,15/9-F-12,3420717,VOLVE,369304,MÆRSK INSPIRER,24.0,98.76313125,%,production,OP,32.0,465.806038094125,223.398360125625,72.939972795,465.806038094125,196.631271125,3770.8668912,3467.146745979001,29308.627657,0.91945614788743,0.8860059096215788,0,0,0,0,0,0,0,0
2012-12-11,NO 15/9-F-12 H,5599,15/9-F-12,3420717,VOLVE,369304,MÆRSK INSPIRER,22.83333,88.11049875,%,production,OP,32.0,479.6998583115352,218.5576163268986,83.57532597617659,479.6998583115352,194.48919194670947,3127.7967168,2962.994088779001,25741.047425,0.947310313635214,0.8916549377094327,0,0,0,0,0,0,0,0
2012-12-12,NO 15/9-F-12 H,5599,15/9-F-12,3420717,VOLVE,369304,MÆRSK INSPIRER,11.70833,46.63367916666667,%,production,OP,32.0,477.6639481907863,222.04780970786544,82.40836324176867,477.6639481907863,195.7423905188887,1945.8156216,1881.418187966,14846.467524000002,0.9669046579135552,0.8841244156778137,0,0,0,0,0,0,0,0
2012-12-13,NO 15/9-F-12 H,5599,15/9-F-12,3420717,VOLVE,369304,MÆRSK INSPIRER,8.54167,37.63038395833333,%,production,OP,32.0,440.98985941455504,186.4006288353569,54.38733773592936,440.98985941455504,190.6343198433819,852.7724398000001,817.130951685,9459.0565647,0.9582051594873784,0.9173015340510536,0,0,0,0,0,0,0,0
2012-12-14,NO 15/9-F-12 H,5599,15/9-F-12,3420717,VOLVE,369304,MÆRSK INSPIRER,23.95463,96.612675625,%,production,OP,32.0,462.9300839329951,213.10813139836168,75.20046722839712,462.9300839329951,191.4131832171776,3231.8301742000003,3014.9155264540004,28240.4292247,0.9328817926518388,0.8973117839034792,0,0,0,0,0,0,0,0
2012-12-15,NO 15/9-F-12 H,5599,15/9-F-12,3420717,VOLVE,369304,MÆRSK INSPIRER,9.21203,47.29244520833333,%,production,OP,32.0,458.1254347679658,205.7004799048784,69.81077813967966,458.1254347679658,189.9400082565732,1395.0169599,1308.3948028260002,13023.1145031,0.9379060186621608,0.9032456484753304,0,0,0,0,0,0,0,0
2012-12-16,NO 15/9-F-12 H,5599,15/9-F-12,3420717,VOLVE,369304,MÆRSK INSPIRER,24.0,98.77680541666666,%,production,OP,32.0,458.8491452478193,218.8357623295884,70.46153171933548,458.8491452478193,194.2862822905504,3432.8525018,3223.158189973,28841.2318759,0.9389154320737498,0.8936343952743722,0,0,0,0,0,0,0,0
2012-12-17,NO 15/9-F-12 H,5599,15/9-F-12,3420717,VOLVE,369304,MÆRSK INSPIRER,24.0,98.78289354166668,%,production,OP,32.0,458.812746891375,220.46961081325,70.4040196245,458.812746891375,195.051482375,3471.7235276,3262.194706206,28724.4930023,0.9396470313006614,0.892169829197916,0,0,0,0,0,0,0,0
2012-12-18,NO 15/9-F-12 H,5599,15/9-F-12,3420717,VOLVE,369304,MÆRSK INSPIRER,24.0,98.78878479166669,%,production,OP,32.0,459.2944573705,220.228043981,71.05020621725001,459.2944573705,195.211015625,3485.9384982,3280.629332753,28498.940415700003,0.9411036179918224,0.8910129218377287,0,0,0,0,0,0,0,0
2012-12-19,NO 15/9-F-12 H,5599,15/9-F-12,3420717,VOLVE,369304,MÆRSK INSPIRER,24.0,98.80562958333331,%,production,OP,32.0,459.701769398875,219.340650129375,71.617803365375,459.701769398875,194.993521625,3509.9655724,3307.396109618,28428.4316456,0.9422873362705124,0.8901020126826579,0,0,0,0,0,0,0,0
2012-12-20,NO 15/9-F-12 H,5599,15/9-F-12,3420717,VOLVE,369304,MÆRSK INSPIRER,24.0,98.80919541666668,%,production,OP,32.0,462.54953916125,217.3051535995,74.419744141375,462.54953916125,193.00991375,3337.6247784,3137.436699781,28284.4578947,0.94002079565248,0.8944527211283518,0,0,0,0,0,0,0,0
2012-12-21,NO 15/9-F-12 H,5599,15/9-F-12,3420717,VOLVE,369304,MÆRSK INSPIRER,24.0,98.81480875,%,production,OP,32.0,463.666473777625,217.335070708625,75.43444811912501,463.666473777625,192.375119,3341.7131549,3150.8615829860005,28349.3058358,0.9428881046734512,0.8945533068570419,0,0,0,0,0,0,0,0
2012-12-22,NO 15/9-F-12 H,5599,15/9-F-12,3420717,VOLVE,369304,MÆRSK INSPIRER,24.0,98.81753104166668,%,production,OP,32.0,465.83968993174994,216.7180881215,77.04040856875,465.83968993174994,191.37329,3353.9782844,3152.9815244270003,28628.2589093,0.9400721343641744,0.8951299665471595,0,0,0,0,0,0,0,0
2012-12-23,NO 15/9-F-12 H,5599,15/9-F-12,3420717,VOLVE,369304,MÆRSK INSPIRER,24.0,98.83544708333334,%,production,OP,32.0,467.60378712575,215.99759977,78.613034451375,467.60378712575,190.308097625,3366.935293,3163.6278470360003,28119.853567,0.9396164677157044,0.8930683180183779,0,0,0,0,0,0,0,0
2012-12-24,NO 15/9-F-12 H,5599,15/9-F-12,3420717,VOLVE,369304,MÆRSK INSPIRER,24.0,98.91102895833332,%,production,OP,32.0,464.57646031937503,220.004081136,75.13513198987499,464.57646031937503,194.112605,3388.8238318,3180.253654649,28088.1529246,0.9384535203058296,0.8923396024330394,0,0,0,0,0,0,0,0
2012-12-25,NO 15/9-F-12 H,5599,15/9-F-12,3420717,VOLVE,369304,MÆRSK INSPIRER,24.0,98.931060625,%,production,OP,32.0,466.4317048315,221.003997281,76.9139777355,466.4317048315,194.61029975,3403.6048853,3184.704719437,27891.8479545,0.9356857880865024,0.8912428299816303,0,0,0,0,0,0,0,0
2012-12-26,NO 15/9-F-12 H,5599,15/9-F-12,3420717,VOLVE,369304,MÆRSK INSPIRER,24.0,98.89702791666669,%,production,OP,32.0,461.991182142375,220.231521871375,72.555510294875,461.991182142375,196.274491625,3392.5348197000003,3174.545386541,27719.3813643,0.9357443785416248,0.890957059679767,0,0,0,0,0,0,0,0
2012-12-27,NO 15/9-F-12 H,5599,15/9-F-12,3420717,VOLVE,369304,MÆRSK INSPIRER,24.0,98.86802708333332,%,production,OP,32.0,461.838015971125,219.27025231012504,72.47074162712501,461.838015971125,195.865067375,3386.1192135,3169.36012914,27658.433105400003,0.9359859855211798,0.8909271044170116,0,0,0,0,0,0,0,0
2012-12-28,NO 15/9-F-12 H,5599,15/9-F-12,3420717,VOLVE,369304,MÆRSK INSPIRER,24.0,98.880695,%,production,OP,32.0,468.571604548375,217.13933286275,79.671926673125,468.571604548375,192.78308375,3371.7155486,3181.303913827,27687.6178238,0.9435267797569512,0.8914427586653814,0,0,0,0,0,0,0,0
2012-12-29,NO 15/9-F-12 H,5599,15/9-F-12,3420717,VOLVE,369304,MÆRSK INSPIRER,24.0,98.929700625,%,production,OP,32.0,467.598475109,217.474210496625,78.385300618375,467.598475109,192.022407125,3385.6789268,3203.2548250530003,27405.3940491,0.9461189009084748,0.8900434898955957,0,0,0,0,0,0,0,0
2012-12-30,NO 15/9-F-12 H,5599,15/9-F-12,3420717,VOLVE,369304,MÆRSK INSPIRER,24.0,98.98751145833332,%,production,OP,32.0,469.22413353200005,217.23504585625,79.75115065899999,469.22413353200005,190.79633075,3363.2872032,3185.9693388440005,27690.7627288,0.9472784054280912,0.8916956979664586,0,0,0,0,0,0,0,0
2012-12-31,NO 15/9-F-12 H,5599,15/9-F-12,3420717,VOLVE,369304,MÆRSK INSPIRER,24.0,99.01533229166668,%,production,OP,32.0,467.745060181,217.942949139625,78.2278528045,467.745060181,192.925068125,3358.3811514000004,3173.687239331,28024.877436,0.9450050772253746,0.8929881311704084,0,0,0,0,0,0,0,0
2013-01-01,NO 15/9-F-12 H,5599,15/9-F-12,3420717,VOLVE,369304,MÆRSK INSPIRER,24.0,99.01410875,%,production,OP,32.0,466.58291298975,218.867487827375,74.287306317625,466.58291298975,195.787584875,3342.2792378,3142.113072355,28077.3973495,0.9401108790728222,0.8936246454188211,0,0,0,0,0,0,0,0
2013-01-02,NO 15/9-F-12 H,5599,15/9-F-12,3420717,VOLVE,369304,MÆRSK INSPIRER,24.0,99.04762375,%,production,OP,32.0,475.413312911375,217.9265689105,73.085503319875,475.413312911375,194.784662,3261.6438736,3088.9061796000005,27775.2977752,0.9470396828427066,0.8949109125986934,0,0,0,0,0,0,0,0
2013-01-03,NO 15/9-F-12 H,5599,15/9-F-12,3420717,VOLVE,369304,MÆRSK INSPIRER,24.0,99.06963604166668,%,production,OP,32.0,463.241742081125,218.191217936125,74.114538865,463.241742081125,196.298706125,3368.6964398000005,3158.2857923670003,27669.8805596,0.9375394455412872,0.8914674329346631,0,0,0,0,0,0,0,0
2013-01-04,NO 15/9-F-12 H,5599,15/9-F-12,3420717,VOLVE,369304,MÆRSK INSPIRER,24.0,99.08676958333334,%,production,OP,32.0,463.285374346125,218.318086905,74.245202994875,463.285374346125,195.944193875,3674.0667153,3440.7394727600004,28852.616432,0.9364934660635448,0.8870445320642852,0,0,0,0,0,0,0,0
2013-01-05,NO 15/9-F-12 H,5599,15/9-F-12,3420717,VOLVE,369304,MÆRSK INSPIRER,24.0,99.08568083333331,%,production,OP,32.0,465.8852922962501,218.59446587887496,77.062336501375,465.8852922962501,195.122676125,3680.0420348,3463.726870431,28682.2883772,0.9412193767561798,0.8862862473761952,0,0,0,0,0,0,0,0
2013-01-06,NO 15/9-F-12 H,5599,15/9-F-12,3420717,VOLVE,369304,MÆRSK INSPIRER,24.0,97.03116479166668,%,production,OP,32.0,462.9943430625957,218.61676180685103,74.07924782795745,462.9943430625957,196.45711068085103,3617.7729158,3440.991266571,28508.6267231,0.951135227847791,0.8873894069530454,0,0,0,0,0,0,0,0
2013-01-07,NO 15/9-F-12 H,5599,15/9-F-12,3420717,VOLVE,369304,MÆRSK INSPIRER,24.0,99.106745625,%,production,OP,32.0,467.3600447235,218.740488928625,78.308194791625,467.3600447235,194.794143875,3658.7195789,3458.414833257,28892.368031200003,0.9452527745503736,0.8876006963968612,0,0,0,0,0,0,0,0
2013-01-08,NO 15/9-F-12 H,5599,15/9-F-12,3420717,VOLVE,369304,MÆRSK INSPIRER,24.0,97.04636916666666,%,production,OP,32.0,464.8919874667501,219.64469240157447,75.74020873160106,464.8919874667501,196.35631642553196,3635.4472819,3410.673243474,29408.4469417,0.9381715588216352,0.889981269843687,0,0,0,0,0,0,0,0
2013-01-09,NO 15/9-F-12 H,5599,15/9-F-12,3420717,VOLVE,369304,MÆRSK INSPIRER,24.0,99.130280625,%,production,OP,32.0,463.777379501625,218.233393777875,74.53520949749999,463.777379501625,196.53904925,3675.1988811,3441.172077835,29550.2821572,0.9363226832516464,0.8893861347902385,0,0,0,0,0,0,0,0
2013-01-10,NO 15/9-F-12 H,5599,15/9-F-12,3420717,VOLVE,369304,MÆRSK INSPIRER,24.0,99.128673125,%,production,OP,32.0,468.26015357312497,217.58968793925,79.21820248475,468.26015357312497,195.38876,3661.5499934,3445.6891811120004,29383.476396,0.9410466024833494,0.8891951257580314,0,0,0,0,0,0,0,0
2013-01-11,NO 15/9-F-12 H,5599,15/9-F-12,3420717,VOLVE,369304,MÆRSK INSPIRER,24.0,99.09032041666669,%,production,OP,32.0,468.18903962875,217.605886870875,76.345625181125,468.18903962875,195.68370425,3573.9329401000005,3374.251074482,29113.3290565,0.9441282561915072,0.8906628233202357,0,0,0,0,0,0,0,0
2013-01-12,NO 15/9-F-12 H,5599,15/9-F-12,3420717,VOLVE,369304,MÆRSK INSPIRER,24.0,99.13481729166666,%,production,OP,32.0,466.69082126175,215.46322538875,77.59823982487501,466.69082126175,194.875024625,3623.6224391,3427.05855798,29194.9078922,0.9457548670084898,0.8895860843700228,0,0,0,0,0,0,0,0
2013-01-13,NO 15/9-F-12 H,5599,15/9-F-12,3420717,VOLVE,369304,MÆRSK INSPIRER,24.0,99.16177458333334,%,production,OP,32.0,466.957458516625,215.22412118087504,77.98456968925,466.957458516625,194.798974625,3608.9671818,3428.920702111,29391.4644547,0.950111355792601,0.8906387885603194,0,0,0,0,0,0,0,0
2013-01-14,NO 15/9-F-12 H,5599,15/9-F-12,3420717,VOLVE,369304,MÆRSK INSPIRER,24.0,99.18552125,%,production,OP,32.0,466.359439648,213.363313857125,77.591072530375,466.359439648,194.2470155,3617.6471196,3402.94921229,28490.512070300003,0.940652611984516,0.8873293514522635,0,0,0,0,0,0,0,0
2013-01-15,NO 15/9-F-12 H,5599,15/9-F-12,3420717,VOLVE,369304,MÆRSK INSPIRER,24.0,99.20189395833332,%,production,OP,32.0,465.55626452837504,215.76842160025,73.10540676375,465.55626452837504,195.105485375,3552.9878728,3357.551812293,28575.8018939,0.9449938847235686,0.8894142014498626,0,0,0,0,0,0,0,0
2013-01-16,NO 15/9-F-12 H,5599,15/9-F-12,3420717,VOLVE,369304,MÆRSK INSPIRER,24.0,99.22645583333332,%,production,OP,32.0,465.62399425275,216.690473490625,73.979735108875,465.62399425275,195.694847375,3579.7824634,3602.6979841650004,28729.2732579,1.0064013724295515,0.8892018852460613,0,0,0,0,0,0,0,0
2013-01-17,NO 15/9-F-12 H,5599,15/9-F-12,3420717,VOLVE,369304,MÆRSK INSPIRER,24.0,74.68709479166667,%,production,OP,32.0,520.7098647883751,213.598106206125,115.635966137375,520.7098647883751,194.5763525,3111.5061089,2861.5176514760005,25788.6612867,0.9196567679205434,0.8923360523727027,0,0,0,0,0,0,0,0
2013-01-18,NO 15/9-F-12 H,5599,15/9-F-12,3420717,VOLVE,369304,MÆRSK INSPIRER,24.0,100.0,%,production,OP,32.0,508.450630573625,210.88060776237495,87.92878893187499,508.450630573625,193.33931525,3255.1024712,2961.3689062850003,26916.612914,0.9097621142456034,0.892114106551704,0,0,0,0,0,0,0,0
2013-01-19,NO 15/9-F-12 H,5599,15/9-F-12,3420717,VOLVE,369304,MÆRSK INSPIRER,24.0,99.13595583333333,%,production,OP,32.0,487.750033677625,213.223182976125,69.605546153375,487.750033677625,193.874183,3533.1120732000004,3214.3083261530005,28718.7063771,0.9097668739508016,0.8904523142270405,0,0,0,0,0,0,0,0
2013-01-20,NO 15/9-F-12 H,5599,15/9-F-12,3420717,VOLVE,369304,MÆRSK INSPIRER,24.0,99.146248125,%,production,OP,32.0,487.958701056875,214.529516069125,70.02631952112499,487.958701056875,193.95761750000003,3523.0483772,3205.493777033,28923.6283869,0.909863684466524,0.8914203632373837,0,0,0,0,0,0,0,0
2013-01-21,NO 15/9-F-12 H,5599,15/9-F-12,3420717,VOLVE,369304,MÆRSK INSPIRER,24.0,99.16701166666668,%,production,OP,32.0,493.1154576495,210.983016676875,72.21071266612499,493.1154576495,190.66853675,3518.2052235,3206.327203953,28908.4070467,0.9113530906429796,0.8915025351959684,0,0,0,0,0,0,0,0
2013-01-22,NO 15/9-F-12 H,5599,15/9-F-12,3420717,VOLVE,369304,MÆRSK INSPIRER,24.0,99.17129520833332,%,production,OP,32.0,489.04015273087504,211.56650152925,71.7799467845,489.04015273087504,192.294949625,3541.9178072,3227.993478697,27367.8438834,0.9113688274005524,0.8854110283135203,0,0,0,0,0,0,0,0
2013-01-23,NO 15/9-F-12 H,5599,15/9-F-12,3420717,VOLVE,369304,MÆRSK INSPIRER,24.0,99.213205,%,production,OP,32.0,486.60954247275,214.35002247925,69.0890809435,486.60954247275,195.016146125,3552.7362804000004,3261.971870449,27637.7396305,0.9181576151443858,0.8860954770119925,0,0,0,0,0,0,0,0
2013-01-24,NO 15/9-F-12 H,5599,15/9-F-12,3420717,VOLVE,369304,MÆRSK INSPIRER,24.0,99.26793395833332,%,production,OP,32.0,485.67982471975,215.987903375375,68.19440497562499,485.67982471975,195.725642,3557.8939246,3234.008631548,28029.1545068,0.9089671305789664,0.8873622544275718,0,0,0,0,0,0,0,0
2013-01-25,NO 15/9-F-12 H,5599,15/9-F-12,3420717,VOLVE,369304,MÆRSK INSPIRER,24.0,99.28722479166667,%,production,OP,32.0,491.598012682625,211.439853139,74.364956036875,491.598012682625,192.514055375,3557.6423322,3229.039500111,27636.418770400003,0.9076346632389556,0.8859512930843277,0,0,0,0,0,0,0,0
2013-01-26,NO 15/9-F-12 H,5599,15/9-F-12,3420717,VOLVE,369304,MÆRSK INSPIRER,24.0,99.314818125,%,production,OP,32.0,488.9590311645,212.01339080187495,71.4350222475,488.9590311645,194.2410905,3543.4902597,3220.431895133,31467.730735700003,0.9088304635005964,0.8987898691060914,0,0,0,0,0,0,0,0
2013-01-27,NO 15/9-F-12 H,5599,15/9-F-12,3420717,VOLVE,369304,MÆRSK INSPIRER,24.0,99.34115729166666,%,production,OP,32.0,490.71626020487497,211.139041305375,72.93948933499999,490.71626020487497,192.6942545,3537.1375516000003,3200.145365718,27562.1361143,0.9047274297462466,0.8862630172781678,0,0,0,0,0,0,0,0
2013-01-28,NO 15/9-F-12 H,5599,15/9-F-12,3420717,VOLVE,369304,MÆRSK INSPIRER,24.0,99.29999770833334,%,production,OP,32.0,491.605382426,210.6999055225,73.88552688462501,491.605382426,191.0646215,3542.9870749,3203.6436399000004,27481.6894444,0.9042210914614818,0.8858009986761358,0,0,0,0,0,0,0,0
2013-01-29,NO 15/9-F-12 H,5599,15/9-F-12,3420717,VOLVE,369304,MÆRSK INSPIRER,24.0,99.30277291666668,%,production,OP,32.0,488.812370551875,211.830540186625,71.001005097375,488.812370551875,194.093527625,3535.502201,3236.189314273,27412.0612477,0.9153407720571236,0.8857583018818073,0,0,0,0,0,0,0,0
2013-01-30,NO 15/9-F-12 H,5599,15/9-F-12,3420717,VOLVE,369304,MÆRSK INSPIRER,24.0,99.31615458333332,%,production,OP,32.0,491.12975447800005,209.434627248375,73.122285561,491.12975447800005,190.157369,3521.7904152,3228.37099284,27567.9227395,0.9166845871652084,0.8867216819378215,0,0,0,0,0,0,0,0
2013-01-31,NO 15/9-F-12 H,5599,15/9-F-12,3420717,VOLVE,369304,MÆRSK INSPIRER,24.0,99.29319625,%,production,OP,32.0,484.726837432625,213.52602836337505,66.924207496,484.726837432625,196.10114375,3532.1686017,3173.0187320600003,27499.678301000004,0.8983202926759656,0.8861760109614142,0,0,0,0,0,0,0,0
2013-02-01,NO 15/9-F-12 H,5599,15/9-F-12,3420717,VOLVE,369304,MÆRSK INSPIRER,24.0,99.28751354166668,%,production,OP,32.0,485.551085365,213.76690626512504,67.72789629187501,485.551085365,195.807561125,3510.9719420000006,3201.8281111730003,27319.0349578,0.9119492163611826,0.8861183536737134,0,0,0,0,0,0,0,0
2013-02-02,NO 15/9-F-12 H,5599,15/9-F-12,3420717,VOLVE,369304,MÆRSK INSPIRER,24.0,99.29221791666669,%,production,OP,32.0,485.683698443,210.80474986675,68.06557799375,485.683698443,195.438361625,3468.3899283,3162.3328569870005,27601.1958344,0.9117581708977542,0.8883670366643925,0,0,0,0,0,0,0,0
2013-02-03,NO 15/9-F-12 H,5599,15/9-F-12,3420717,VOLVE,369304,MÆRSK INSPIRER,24.0,99.30205270833332,%,production,OP,32.0,487.06048978775,210.81133700925,69.271260758,487.06048978775,194.125909625,3473.7362668,3122.841840565,27479.2993166,0.898986451680673,0.8877739710717436,0,0,0,0,0,0,0,0
2013-02-04,NO 15/9-F-12 H,5599,15/9-F-12,3420717,VOLVE,369304,MÆRSK INSPIRER,24.0,99.284261875,%,production,OP,32.0,487.93075706887504,209.773544794875,70.013604523125,487.93075706887504,194.00715425,3473.6104706,3097.3131970820004,27451.6241526,0.8916696973644828,0.887677150620739,0,0,0,0,0,0,0,0
2013-02-05,NO 15/9-F-12 H,5599,15/9-F-12,3420717,VOLVE,369304,MÆRSK INSPIRER,24.0,99.31963895833331,%,production,OP,32.0,487.3874326343751,211.06537106625,69.315367418125,487.3874326343751,194.364261875,3456.250595,3087.87852183,27354.0691995,0.8934185866896032,0.8878216578713675,0,0,0,0,0,0,0,0
2013-02-06,NO 15/9-F-12 H,5599,15/9-F-12,3420717,VOLVE,369304,MÆRSK INSPIRER,24.0,99.33512125,%,production,OP,32.0,484.9896916130001,209.785637338125,67.3548615775,484.9896916130001,195.536127125,3415.36683,3071.7086269940005,28201.8097913,0.899378830997782,0.8919774883472954,0,0,0,0,0,0,0,0
2013-02-07,NO 15/9-F-12 H,5599,15/9-F-12,3420717,VOLVE,369304,MÆRSK INSPIRER,24.0,99.34471583333334,%,production,OP,32.0,485.3067809405,211.1405067935,67.64203983912499,485.3067809405,195.564716375,3546.823859,3023.618127975,28571.587721200005,0.8524861251010886,0.8895703839480498,0,0,0,0,0,0,0,0
2013-02-08,NO 15/9-F-12 H,5599,15/9-F-12,3420717,VOLVE,369304,MÆRSK INSPIRER,24.0,99.36659333333331,%,production,OP,32.0,485.2123128565,213.37859421475,67.57745260475001,485.2123128565,196.111694,3452.8540976000004,3100.077631798,28687.5089195,0.8978304742018473,0.8925695364497613,0,0,0,0,0,0,0,0
2013-02-09,NO 15/9-F-12 H,5599,15/9-F-12,3420717,VOLVE,369304,MÆRSK INSPIRER,24.0,97.29574916666668,%,production,OP,32.0,489.3771934625106,212.71307642246808,71.92275186791488,489.3771934625106,195.3141914893617,3438.5762289000004,3135.6999228350005,28752.608453,0.9119181062442552,0.8931826752299242,0,0,0,0,0,0,0,0
2013-02-10,NO 15/9-F-12 H,5599,15/9-F-12,3420717,VOLVE,369304,MÆRSK INSPIRER,24.0,99.372186875,%,production,OP,32.0,492.175188382,209.399869496,74.70840299925,492.175188382,192.6610325,3410.6494725,3103.874315195,28772.7987431,0.9100537420281616,0.8940247344022388,0,0,0,0,0,0,0,0
2013-02-11,NO 15/9-F-12 H,5599,15/9-F-12,3420717,VOLVE,369304,MÆRSK INSPIRER,24.0,99.36705979166666,%,production,OP,32.0,491.58462084062495,208.594101822125,74.187193838125,491.58462084062495,192.73349975,3405.2402359,2977.474881514,28700.528826200003,0.874380271360519,0.8939368115022108,0,0,0,0,0,0,0,0
2013-02-12,NO 15/9-F-12 H,5599,15/9-F-12,3420717,VOLVE,369304,MÆRSK INSPIRER,24.0,99.36461020833332,%,production,OP,32.0,488.42842777125,210.17848786925,71.06266437712499,488.42842777125,194.69001275,3393.6040874,3040.90997083,28536.7421738,0.8960709300535362,0.8937185315925082,0,0,0,0,0,0,0,0
2013-02-13,NO 15/9-F-12 H,5599,15/9-F-12,3420717,VOLVE,369304,MÆRSK INSPIRER,24.0,99.34165666666668,%,production,OP,32.0,491.0990352238724,208.88414419851065,73.97145373480852,491.0990352238724,193.3370354893617,3377.8795624,3115.965362181,28701.2207053,0.9224619482783132,0.8947015491640474,0,0,0,0,0,0,0,0
2013-02-14,NO 15/9-F-12 H,5599,15/9-F-12,3420717,VOLVE,369304,MÆRSK INSPIRER,24.0,97.03410354166668,%,production,OP,32.0,493.6198851554042,206.9024159425532,76.30878122170212,493.6198851554042,191.5938821702128,3341.9018492000005,3085.429447385,28601.024032,0.9232555552532472,0.8953789686759135,0,0,0,0,0,0,0,0
2013-02-15,NO 15/9-F-12 H,5599,15/9-F-12,3420717,VOLVE,369304,MÆRSK INSPIRER,24.0,97.06007166666669,%,production,OP,32.0,490.60290651459576,209.4403062961277,73.09093729455319,490.60290651459576,194.25223017021275,3361.9663431,3150.83403752,28670.9667192,0.9371997563231644,0.8950465654655663,0,0,0,0,0,0,0,0
2013-02-16,NO 15/9-F-12 H,5599,15/9-F-12,3420717,VOLVE,369304,MÆRSK INSPIRER,24.0,99.144685,%,production,OP,32.0,491.283878504375,210.622560987375,74.05779879075,491.283878504375,194.797056125,3401.8437385,3163.823843621,28864.1267843,0.930032090485158,0.8945686838678487,0,0,0,0,0,0,0,0
2013-02-17,NO 15/9-F-12 H,5599,15/9-F-12,3420717,VOLVE,369304,MÆRSK INSPIRER,24.0,97.09898645833331,%,production,OP,32.0,492.0743725710638,209.9247116147234,74.81382826697872,492.0743725710638,193.65793527659577,3382.2195313,3148.1020923280003,28061.6728245,0.930779939975684,0.8924363595629683,0,0,0,0,0,0,0,0
2013-02-18,NO 15/9-F-12 H,5599,15/9-F-12,3420717,VOLVE,369304,MÆRSK INSPIRER,24.0,99.16462479166668,%,production,OP,32.0,489.147885748625,209.794545088625,71.57224632524999,489.147885748625,194.0957885,3412.2219250000003,3150.151051222,28642.7254723,0.9231964158433216,0.8935508493366795,0,0,0,0,0,0,0,0
2013-02-19,NO 15/9-F-12 H,5599,15/9-F-12,3420717,VOLVE,369304,MÆRSK INSPIRER,24.0,99.14268666666666,%,production,OP,32.0,488.758718578375,209.128131738125,69.855229070375,488.758718578375,195.130844375,3373.3508992,3127.760471981,28561.0208404,0.9271968927758916,0.894366141701266,0,0,0,0,0,0,0,0
2013-02-20,NO 15/9-F-12 H,5599,15/9-F-12,3420717,VOLVE,369304,MÆRSK INSPIRER,24.0,99.14537583333332,%,production,OP,32.0,507.5222272275,207.736437738875,68.045650376875,507.5222272275,194.104872875,3218.7473694,2993.840772935,27988.0191494,0.9301260488464728,0.8968573893273781,0,0,0,0,0,0,0,0
2013-02-21,NO 15/9-F-12 H,5599,15/9-F-12,3420717,VOLVE,369304,MÆRSK INSPIRER,24.0,99.16277666666667,%,production,OP,32.0,491.72917840225,210.04100393175,71.0314298395,491.72917840225,195.277183625,3381.0873655,3121.537315547,28842.8043284,0.9232347402195517,0.8950751387319229,0,0,0,0,0,0,0,0
2013-02-22,NO 15/9-F-12 H,5599,15/9-F-12,3420717,VOLVE,369304,MÆRSK INSPIRER,24.0,99.16920770833332,%,production,OP,32.0,496.55956927862496,210.919453773375,65.4464515735,496.55956927862496,195.845846375,3182.7067581,3166.081512392,28257.0343231,0.9947763815608558,0.8987680353384602,0,0,0,0,0,0,0,0
2013-02-23,NO 15/9-F-12 H,5599,15/9-F-12,3420717,VOLVE,369304,MÆRSK INSPIRER,24.0,100.0,%,production,OP,32.0,489.9727500925,210.237527400125,70.11025119874999,489.9727500925,195.53654712500003,3340.4551929000004,3113.5593716700005,28982.3752123,0.9320763763835964,0.8966533824227658,0,0,0,0,0,0,0,0
2013-02-24,NO 15/9-F-12 H,5599,15/9-F-12,3420717,VOLVE,369304,MÆRSK INSPIRER,24.0,99.16028270833333,%,production,OP,32.0,488.378407791,210.621890186625,67.947290439875,488.378407791,196.211440625,3323.0953173000003,3102.015349387,28567.876733300003,0.933471674206256,0.8957982430881256,0,0,0,0,0,0,0,0
2013-02-25,NO 15/9-F-12 H,5599,15/9-F-12,3420717,VOLVE,369304,MÆRSK INSPIRER,24.0,99.164599375,%,production,OP,32.0,486.280569094125,211.02078698937495,68.92287646037501,486.280569094125,196.263785375,3348.0029649,3097.394420892,28580.0789647,0.9251468572055208,0.8951392391098784,0,0,0,0,0,0,0,0
2013-02-26,NO 15/9-F-12 H,5599,15/9-F-12,3420717,VOLVE,369304,MÆRSK INSPIRER,24.0,99.19657104166669,%,production,OP,32.0,484.716847940375,211.448419445875,67.4367838745,484.716847940375,196.387741625,3351.5881566000003,3092.074967631,28502.8400979,0.9225700841381832,0.8947842312590706,0,0,0,0,0,0,0,0
2013-02-27,NO 15/9-F-12 H,5599,15/9-F-12,3420717,VOLVE,369304,MÆRSK INSPIRER,24.0,99.2049925,%,production,OP,32.0,484.42219720012497,210.304930789,67.143924957875,484.42219720012497,196.432106,3329.825414,3082.103508939,28629.0765846,0.9256051371283696,0.8958091421868666,0,0,0,0,0,0,0,0
2013-02-28,NO 15/9-F-12 H,5599,15/9-F-12,3420717,VOLVE,369304,MÆRSK INSPIRER,24.0,99.19758208333332,%,production,OP,32.0,484.98115250074994,208.848123792625,67.718952281875,484.98115250074994,196.2303635,3323.7871964000005,3082.021578835,28681.344905700003,0.927262004671401,0.8961483056593317,0,0,0,0,0,0,0,0
2013-03-01,NO 15/9-F-12 H,5599,15/9-F-12,3420717,VOLVE,369304,MÆRSK INSPIRER,24.0,99.18367020833334,%,production,OP,32.0,485.77845055975,208.126172974625,68.414651221875,485.77845055975,195.86767475,3295.4201533,3090.4511977250004,29020.8688495,0.9378018747109544,0.898026034084097,0,0,0,0,0,0,0,0
2013-03-02,NO 15/9-F-12 H,5599,15/9-F-12,3420717,VOLVE,369304,MÆRSK INSPIRER,24.0,99.19149895833333,%,production,OP,32.0,485.92137644387503,207.353235256375,68.54230581325,485.92137644387503,195.719557625,3309.6980220000005,3095.371594876,28702.918954,0.9352429056369056,0.8966127004086765,0,0,0,0,0,0,0,0
2013-03-03,NO 15/9-F-12 H,5599,15/9-F-12,3420717,VOLVE,369304,MÆRSK INSPIRER,24.0,99.18564979166666,%,production,OP,32.0,487.523744181375,208.092385163875,70.175708661125,487.523744181375,194.89922,3297.3699944,3085.0420451260006,28804.247793100003,0.9356068777132682,0.8972833700710262,0,0,0,0,0,0,0,0
2013-03-04,NO 15/9-F-12 H,5599,15/9-F-12,3420717,VOLVE,369304,MÆRSK INSPIRER,24.0,99.173520625,%,production,OP,32.0,490.98833638475,208.548638452375,73.5187590205,490.98833638475,193.803024125,3308.0626714000005,3085.318912374,28778.0192854,0.9326664029216432,0.8969003857855283,0,0,0,0,0,0,0,0
2013-03-05,NO 15/9-F-12 H,5599,15/9-F-12,3420717,VOLVE,369304,MÆRSK INSPIRER,24.0,99.16009770833334,%,production,OP,32.0,490.86331362875,208.834834685875,73.27421890925001,490.86331362875,195.144527,3311.5220669,3099.247736348,28000.7874637,0.9358982587874718,0.8942421649331292,0,0,0,0,0,0,0,0
2013-03-06,NO 15/9-F-12 H,5599,15/9-F-12,3420717,VOLVE,369304,MÆRSK INSPIRER,24.0,99.15072375,%,production,OP,32.0,492.941931769,206.18880673825,74.1901640955,492.941931769,193.109289125,3257.7441914000005,3084.14575804,27564.5891402,0.9467120733978204,0.8943057244773853,0,0,0,0,0,0,0,0
2013-03-07,NO 15/9-F-12 H,5599,15/9-F-12,3420717,VOLVE,369304,MÆRSK INSPIRER,2.35833,11.114587916666666,%,production,OP,32.0,474.6838791943699,204.35018448883085,80.49711427333379,474.6838791943699,191.0957265929196,423.6187035,433.083942332,3449.1431097,1.0223437698897542,0.8906158643539271,0,0,0,0,0,0,0,0
2013-03-10,NO 15/9-F-12 H,5599,15/9-F-12,3420717,VOLVE,369304,MÆRSK INSPIRER,8.5,27.57766875,%,production,OP,32.0,446.1231180548764,156.76302767448863,26.968999124818843,446.1231180548764,185.94357129736096,603.8846581,605.5545804860001,8180.526886,1.0027653002334156,0.9312549673853115,0,0,0,0,0,0,0,0
2013-03-11,NO 15/9-F-12 H,5599,15/9-F-12,3420717,VOLVE,369304,MÆRSK INSPIRER,15.19167,63.564230625,%,production,OP,32.0,473.1561161369903,186.3835657572951,58.18544987041616,473.1561161369903,191.48259572918056,1549.7462859,1512.842195536,19516.777245200003,0.9761870115774672,0.9264355941970136,0,0,0,0,0,0,0,0
2013-03-13,NO 15/9-F-12 H,5599,15/9-F-12,3420717,VOLVE,369304,MÆRSK INSPIRER,0.0,6.22996,%,production,OP,32.0,160.901676288,41.947020132,212.36028846,160.901676288,42.012878,0.0,0.0,0.0,0.9706982311609473,0.9245703212934439,0,0,0,0,0,1,1,0
2013-03-14,NO 15/9-F-12 H,5599,15/9-F-12,3420717,VOLVE,369304,MÆRSK INSPIRER,0.0,14.895933333333334,%,production,OP,32.0,208.097041488,36.654873588,65.78372535599999,208.097041488,41.750348,0.0,0.0,0.0,0.9652094507444274,0.9227050483898741,0,0,0,0,0,1,1,0
2013-03-15,NO 15/9-F-12 H,5599,15/9-F-12,3420717,VOLVE,369304,MÆRSK INSPIRER,0.0,13.931553333333332,%,production,OP,32.0,221.325667392,33.568900062000004,78.454099998,221.325667392,40.774766,0.0,0.0,0.0,0.9597206703279075,0.9208397754863045,0,0,0,0,0,1,1,0
2013-03-16,NO 15/9-F-12 H,5599,15/9-F-12,3420717,VOLVE,369304,MÆRSK INSPIRER,0.0,13.999225208333334,%,production,OP,32.0,230.47698504,31.431765132,26.186900976,230.47698504,41.326412,0.0,0.0,0.0,0.9542318899113876,0.9189745025827347,0,0,0,0,0,1,1,0
2013-03-17,NO 15/9-F-12 H,5599,15/9-F-12,3420717,VOLVE,369304,MÆRSK INSPIRER,0.0,13.803729583333334,%,production,OP,32.0,236.56829096400003,30.250430622,54.98173023,236.56829096400003,39.65207,0.0,0.0,0.0,0.9487431094948677,0.917109229679165,0,0,0,0,0,1,1,0
2013-03-18,NO 15/9-F-12 H,5599,15/9-F-12,3420717,VOLVE,369304,MÆRSK INSPIRER,0.0,17.652567708333333,%,production,OP,32.0,234.733270188,28.675753056,178.850418864,234.733270188,36.923684,0.0,0.0,0.0,0.9432543290783479,0.9152439567755952,0,0,0,0,0,1,1,0
2013-03-19,NO 15/9-F-12 H,5599,15/9-F-12,3420717,VOLVE,369304,MÆRSK INSPIRER,0.0,18.051218125,%,production,OP,32.0,233.104783524,27.712555698,179.379952602,233.104783524,33.847466,0.0,0.0,0.0,0.937765548661828,0.9133786838720256,0,0,0,0,0,1,1,0
2013-03-20,NO 15/9-F-12 H,5599,15/9-F-12,3420717,VOLVE,369304,MÆRSK INSPIRER,0.0,16.527746875,%,production,OP,32.0,239.723447616,27.119785392,198.523083108,239.723447616,32.39222,0.0,0.0,0.0,0.9322767682453081,0.9115134109684558,0,0,0,0,0,1,1,0
2013-03-21,NO 15/9-F-12 H,5599,15/9-F-12,3420717,VOLVE,369304,MÆRSK INSPIRER,0.0,9.468173333333333,%,production,OP,32.0,239.827294824,26.630862294,239.408570118,239.827294824,32.063306,0.0,0.0,0.0,0.9267879878287882,0.9096481380648861,0,0,0,0,0,1,1,0
2013-03-22,NO 15/9-F-12 H,5599,15/9-F-12,3420717,VOLVE,369304,MÆRSK INSPIRER,0.0,1.2629266666666668,%,production,OP,32.0,241.35701061,26.425778562,61.44172275,241.35701061,32.929106,0.0,0.0,0.0,0.9212992074122683,0.9077828651613163,0,0,0,0,0,1,1,0
2013-03-23,NO 15/9-F-12 H,5599,15/9-F-12,3420717,VOLVE,369304,MÆRSK INSPIRER,0.0,1.232660833333333,%,production,OP,32.0,241.776750582,25.81168767,170.15060451000002,241.776750582,32.223776,0.0,0.0,0.0,0.9158104269957484,0.9059175922577467,0,0,0,0,0,1,1,0
2013-03-24,NO 15/9-F-12 H,5599,15/9-F-12,3420717,VOLVE,369304,MÆRSK INSPIRER,0.0,1.252033333333333,%,production,OP,32.0,244.386709392,25.180482294,167.746744698,244.386709392,35.443454,0.0,0.0,0.0,0.9103216465792285,0.904052319354177,0,0,0,0,0,1,1,0
2013-03-25,NO 15/9-F-12 H,5599,15/9-F-12,3420717,VOLVE,369304,MÆRSK INSPIRER,12.86,25.59913333333333,%,production,OP,32.0,469.213304028,139.56876205799998,45.537000708,469.213304028,187.329848,860.5089061,778.6167398650001,7936.985442800001,0.9048328661627086,0.9021870464506072,0,0,0,0,0,0,0,0
2013-03-26,NO 15/9-F-12 H,5599,15/9-F-12,3420717,VOLVE,369304,MÆRSK INSPIRER,24.0,97.365085625,%,production,OP,32.0,466.4466486315319,176.01547217093616,48.71458270353192,466.4466486315319,192.67872953191488,3103.8954388,2897.483201397,29054.7709254,0.9334989720263251,0.9034818358557508,0,0,0,0,0,0,0,0
2013-03-27,NO 15/9-F-12 H,5599,15/9-F-12,3420717,VOLVE,369304,MÆRSK INSPIRER,24.0,99.44125125,%,production,OP,32.0,472.1513267075,195.995388038625,53.473241359625,472.1513267075,194.57317325,3237.6796975,3031.064938764,29535.8784923,0.9361843115934106,0.9012106137896356,0,0,0,0,0,0,0,0
2013-03-28,NO 15/9-F-12 H,5599,15/9-F-12,3420717,VOLVE,369304,MÆRSK INSPIRER,13.85833,57.74551875,%,production,OP,32.0,481.20818225827406,202.55944312757427,60.77480191304685,481.20818225827406,195.051253387095,1614.0281441000002,1512.361915616,15263.7964175,0.9370108700671448,0.9043698944606764,0,0,0,0,0,0,0,0
2013-03-29,NO 15/9-F-12 H,5599,15/9-F-12,3420717,VOLVE,369304,MÆRSK INSPIRER,16.0,58.26409625,%,production,OP,32.0,474.9915324856665,191.4707314887511,56.38053147714117,474.9915324856665,193.33411718315963,1730.0122405000002,1627.494194262,16443.3244868,0.9407414330153115,0.9048049201718044,0,0,0,0,0,0,0,0
2013-03-30,NO 15/9-F-12 H,5599,15/9-F-12,3420717,VOLVE,369304,MÆRSK INSPIRER,24.0,97.087065,%,production,OP,32.0,478.09684449702127,205.7916871653192,58.73358247174468,478.09684449702127,195.1182565106383,3397.3150753,3156.966435175,29961.321240700003,0.9292533560185684,0.8981578550418583,0,0,0,0,0,0,0,0
2013-03-31,NO 15/9-F-12 H,5599,15/9-F-12,3420717,VOLVE,369304,MÆRSK INSPIRER,23.0,97.00521760869566,%,production,OP,32.0,481.6805595436364,211.85276094218185,61.94916785986364,481.6805595436364,195.55198168181815,3361.8405469,3114.839882692,29064.771723300004,0.9265281441037522,0.8963246447428144,0,0,0,0,0,0,0,0
2013-04-01,NO 15/9-F-12 H,5599,15/9-F-12,3420717,VOLVE,369304,MÆRSK INSPIRER,21.525,90.945349375,%,production,OP,32.0,482.6909497163298,213.52504966411635,63.5279956650147,482.6909497163298,195.7749988518996,3113.7075424,2891.6280241370005,26767.670213200003,0.928676821686399,0.8957977249955796,0,0,0,0,0,0,0,0
2013-04-03,NO 15/9-F-12 H,5599,15/9-F-12,3420717,VOLVE,369304,MÆRSK INSPIRER,0.0,1.108860625,%,production,OP,32.0,2.347875144,46.078137486,2.347875144,2.347875144,47.48405,0.0,0.0,0.0,0.9393705944279085,0.9029685722330055,0,0,0,0,0,1,1,0
2013-04-04,NO 15/9-F-12 H,5599,15/9-F-12,3420717,VOLVE,369304,MÆRSK INSPIRER,0.0,1.107359375,%,production,OP,32.0,0.8370142979999999,38.114826096,0.8370142979999999,0.8370142979999999,45.596786,0.0,0.0,0.0,0.9500643671694181,0.9101394194704313,0,0,0,0,0,1,1,0
2013-04-05,NO 15/9-F-12 H,5599,15/9-F-12,3420717,VOLVE,369304,MÆRSK INSPIRER,7.33333,23.667745208333333,%,production,OP,32.0,520.4867299877004,124.4762702130523,108.53851769484989,520.4867299877004,168.02367829398105,404.0573944,388.201430661,4482.3701984,0.9607581399109276,0.9173102667078572,0,0,0,0,0,0,0,0
2013-04-09,NO 15/9-F-12 H,5599,15/9-F-12,3420717,VOLVE,369304,MÆRSK INSPIRER,0.0,0.8937922916666666,%,production,OP,32.0,17.588468184,30.70019346,3.987384696,17.588468184,39.327638,0.0,0.0,0.0,1.0235540065343356,0.9138711158404638,0,0,0,0,0,1,1,0
2013-04-10,NO 15/9-F-12 H,5599,15/9-F-12,3420717,VOLVE,369304,MÆRSK INSPIRER,6.30833,19.022425625,%,production,OP,32.0,539.9796569294514,97.1275283852424,106.77967876985744,539.9796569294514,155.52750850693923,777.1689236000001,844.2773615750001,7899.6868695,1.0863498731577437,0.9104319649730702,0,0,0,0,0,0,0,0
2013-04-11,NO 15/9-F-12 H,5599,15/9-F-12,3420717,VOLVE,369304,MÆRSK INSPIRER,24.0,99.38330729166668,%,production,OP,32.0,480.91689766475,184.12109374075,61.112157132875005,480.91689766475,191.57075525,3482.1017141,3210.187806957,30034.2830367,0.9219109809337432,0.8961074787752314,0,0,0,0,0,0,0,0
2013-04-12,NO 15/9-F-12 H,5599,15/9-F-12,3420717,VOLVE,369304,MÆRSK INSPIRER,24.0,99.39027979166669,%,production,OP,32.0,374.8169292325,153.239998613625,77.598687025375,374.8169292325,193.81793375,3595.6956827,3333.5222778250004,30732.7035391,0.9270868760845372,0.895255946557025,0,0,0,0,0,0,0,0
2013-04-13,NO 15/9-F-12 H,5599,15/9-F-12,3420717,VOLVE,369304,MÆRSK INSPIRER,24.0,99.40589729166666,%,production,OP,32.0,489.596726991,213.84837229675,69.852709035125,489.596726991,195.37572275,3717.27771,3427.267267857,31053.5467472,0.9219831110915304,0.8930920457587752,0,0,0,0,0,0,0,0
2013-04-14,NO 15/9-F-12 H,5599,15/9-F-12,3420717,VOLVE,369304,MÆRSK INSPIRER,24.0,99.47713604166668,%,production,OP,32.0,496.70699134075,214.314243417625,76.76068163437499,496.70699134075,192.472961375,3811.2474714,3514.737188846,31239.8509194,0.922201251747874,0.8912659617993497,0,0,0,0,0,0,0,0
2013-04-15,NO 15/9-F-12 H,5599,15/9-F-12,3420717,VOLVE,369304,MÆRSK INSPIRER,23.99907,99.53649041666668,%,production,OP,32.0,498.04891378645175,217.63671320110387,77.65459307886019,498.04891378645175,192.23105051587748,3827.097792600001,3525.6250640030007,31272.5579314,0.9212268029367,0.8909648053902947,0,0,0,0,0,0,0,0
2013-04-16,NO 15/9-F-12 H,5599,15/9-F-12,3420717,VOLVE,369304,MÆRSK INSPIRER,22.3,84.44676520833333,%,production,OP,32.0,501.2838845357,216.219377384692,83.99085606762107,501.2838845357,191.66762586710604,3084.7115183,3699.6541398680006,26036.1653102,1.1993517442133126,0.894072162165081,0,0,0,0,0,0,0,0
2013-04-17,NO 15/9-F-12 H,5599,15/9-F-12,3420717,VOLVE,369304,MÆRSK INSPIRER,24.0,99.64141208333334,%,production,OP,32.0,499.52123617375,218.52272947975,81.21510077687499,499.52123617375,192.650612,3889.8700964,3581.3830906860003,30759.4981297,0.9206947794993208,0.8877361898486243,0,0,0,0,0,0,0,0
2013-04-18,NO 15/9-F-12 H,5599,15/9-F-12,3420717,VOLVE,369304,MÆRSK INSPIRER,24.0,99.71871229166666,%,production,OP,32.0,497.674168178875,218.787281813375,79.1353313975,497.674168178875,192.915420875,3878.862928900001,3552.462117121,30577.4081302,0.9158514188920917,0.8874265029362317,0,0,0,0,0,0,0,0
2013-04-19,NO 15/9-F-12 H,5599,15/9-F-12,3420717,VOLVE,369304,MÆRSK INSPIRER,24.0,99.747418125,%,production,OP,32.0,493.2946037525,219.456867870125,75.0987788195,493.2946037525,195.76739675,3839.8032088,3535.788634663,30729.6844303,0.920825480472472,0.8889250760992775,0,0,0,0,0,0,0,0
2013-04-20,NO 15/9-F-12 H,5599,15/9-F-12,3420717,VOLVE,369304,MÆRSK INSPIRER,24.0,99.75088208333334,%,production,OP,32.0,497.60940871187495,221.40658046625,79.661502066875,497.60940871187495,194.17147100000005,3853.2005041,3525.603875183,30864.726651000004,0.9149806430865924,0.8890140967550831,0,0,0,0,0,0,0,0
2013-04-21,NO 15/9-F-12 H,5599,15/9-F-12,3420717,VOLVE,369304,MÆRSK INSPIRER,24.0,99.74908770833332,%,production,OP,32.0,499.91958304075,219.812972419625,81.952594833875,499.91958304075,193.3951895,3823.3239066,3509.6942496860006,30970.1438666,0.9179693730963788,0.8901137440072889,0,0,0,0,0,0,0,0
2013-04-22,NO 15/9-F-12 H,5599,15/9-F-12,3420717,VOLVE,369304,MÆRSK INSPIRER,24.0,99.798715,%,production,OP,32.0,499.36239539075,220.216450005875,80.514506804375,499.36239539075,192.649445375,3781.8111606,3468.617603234,30949.387493600003,0.9171842421353712,0.8911119884385946,0,0,0,0,0,0,0,0
2013-04-23,NO 15/9-F-12 H,5599,15/9-F-12,3420717,VOLVE,369304,MÆRSK INSPIRER,24.0,99.846174375,%,production,OP,32.0,496.683014746375,220.561800592,77.351953214375,496.683014746375,194.49533075,3739.0404526,3419.771016488,30972.2195039,0.9146119331525308,0.8922816268471456,0,0,0,0,0,0,0,0
2013-04-24,NO 15/9-F-12 H,5599,15/9-F-12,3420717,VOLVE,369304,MÆRSK INSPIRER,24.0,99.84434770833332,%,production,OP,32.0,495.806580328625,222.01132547212495,77.317681943625,495.806580328625,195.590939375,3667.7140072,3384.023711413,30990.1454624,0.9226520128804768,0.8941736719078938,0,0,0,0,0,0,0,0
2013-04-25,NO 15/9-F-12 H,5599,15/9-F-12,3420717,VOLVE,369304,MÆRSK INSPIRER,24.0,99.82645770833334,%,production,OP,32.0,497.188327138375,221.29769318775,78.86728304375,497.188327138375,195.036092375,3616.2633614000006,3335.248813508,30608.6055878,0.9222914594961336,0.8943381385399132,0,0,0,0,0,0,0,0
2013-04-26,NO 15/9-F-12 H,5599,15/9-F-12,3420717,VOLVE,369304,MÆRSK INSPIRER,24.0,99.587375,%,production,OP,32.0,491.87886970475,222.180034882375,73.424360433875,491.87886970475,196.6979,3573.1781629,3267.941467337,30286.8818063,0.9145755734398452,0.8944721844512309,0,0,0,0,0,0,0,0
2013-04-27,NO 15/9-F-12 H,5599,15/9-F-12,3420717,VOLVE,369304,MÆRSK INSPIRER,24.0,99.72724145833334,%,production,OP,32.0,491.0856236448751,220.126617094625,72.89496266900001,491.0856236448751,196.46577725000003,3542.9241768,3277.980023959,30117.8746116,0.9252187911398376,0.8947462833822902,0,0,0,0,0,0,0,0
2013-04-28,NO 15/9-F-12 H,5599,15/9-F-12,3420717,VOLVE,369304,MÆRSK INSPIRER,24.0,99.809225625,%,production,OP,32.0,497.886733454375,218.787188143,79.653416198375,497.886733454375,192.108015125,3583.5563494000003,3268.9422859350007,29907.291772800003,0.9122061905018808,0.8929989370133455,0,0,0,0,0,0,0,0
2013-04-29,NO 15/9-F-12 H,5599,15/9-F-12,3420717,VOLVE,369304,MÆRSK INSPIRER,24.0,99.79385645833334,%,production,OP,32.0,494.307851307,218.28798547675,76.084109580625,494.307851307,193.942721375,3450.8413584,3192.7723626520005,29938.6150266,0.9252156303506068,0.8966487708392201,0,0,0,0,0,0,0,0
2013-04-30,NO 15/9-F-12 H,5599,15/9-F-12,3420717,VOLVE,369304,MÆRSK INSPIRER,24.0,99.7637,%,production,OP,32.0,490.0107228538751,217.774919595,72.218943572625,490.0107228538751,196.090892375,3634.1264218,3426.685634748,30315.8778304,0.9429186651824696,0.8929565252833657,0,0,0,0,0,0,0,0
2013-05-01,NO 15/9-F-12 H,5599,15/9-F-12,3420717,VOLVE,369304,MÆRSK INSPIRER,24.0,99.75796479166668,%,production,OP,32.0,494.981404757375,217.324621929375,77.274853430875,494.981404757375,193.18579175,3558.0826189000004,3355.498968782,30200.2711226,0.9430638150328758,0.8946014178847246,0,0,0,0,0,0,0,0
2013-05-02,NO 15/9-F-12 H,5599,15/9-F-12,3420717,VOLVE,369304,MÆRSK INSPIRER,24.0,99.75942875,%,production,OP,32.0,491.977009063125,219.7398339865,74.1752493545,491.977009063125,196.036128125,3562.6112821,3331.810574316,30483.6899612,0.9352158600789158,0.8953598143704056,0,0,0,0,0,0,0,0
2013-05-03,NO 15/9-F-12 H,5599,15/9-F-12,3420717,VOLVE,369304,MÆRSK INSPIRER,24.0,99.77144854166669,%,production,OP,32.0,495.827970412,218.36105139087505,77.78590388875,495.827970412,194.155178,3558.4600075,3305.948913212,30705.908948500004,0.9290392209675552,0.8961469270871576,0,0,0,0,0,0,0,0
2013-05-04,NO 15/9-F-12 H,5599,15/9-F-12,3420717,VOLVE,369304,MÆRSK INSPIRER,24.0,99.775319375,%,production,OP,32.0,497.08764055012506,218.14919619725,78.8585022015,497.08764055012506,193.820436875,3551.1638279000003,3342.576966905,30107.433527,0.9412623942167294,0.8944945984986796,0,0,0,0,0,0,0,0
2013-05-05,NO 15/9-F-12 H,5599,15/9-F-12,3420717,VOLVE,369304,MÆRSK INSPIRER,24.0,99.35325770833332,%,production,OP,32.0,497.92121019562495,219.057445304625,79.88839890975001,497.92121019562495,194.24466875,3563.8692441000003,3350.6732150270004,29625.1937943,0.9401784929607204,0.8926191667424725,0,0,0,0,0,0,0,0
2013-05-06,NO 15/9-F-12 H,5599,15/9-F-12,3420717,VOLVE,369304,MÆRSK INSPIRER,24.0,99.27865958333334,%,production,OP,32.0,498.333066748,218.96132439175,80.47079597712501,498.333066748,194.425344125,3549.968764,3343.6116876150004,29951.383340900004,0.941870734616695,0.89403506005118,0,0,0,0,0,0,0,0
2013-05-07,NO 15/9-F-12 H,5599,15/9-F-12,3420717,VOLVE,369304,MÆRSK INSPIRER,24.0,99.27823416666666,%,production,OP,32.0,495.8471365793751,220.015832235625,77.956828150125,495.8471365793751,195.938672375,3533.8668504,3333.589375755,30314.116683600005,0.9433262533300226,0.8955959415765414,0,0,0,0,0,0,0,0
2013-05-08,NO 15/9-F-12 H,5599,15/9-F-12,3420717,VOLVE,369304,MÆRSK INSPIRER,24.0,99.27278645833331,%,production,OP,32.0,497.54754094,219.020913858375,79.445721782375,497.54754094,195.371688875,3515.374809,3343.58520159,30739.559432,0.9511319228407203,0.8973761040010283,0,0,0,0,0,0,0,0
2013-05-09,NO 15/9-F-12 H,5599,15/9-F-12,3420717,VOLVE,369304,MÆRSK INSPIRER,24.0,99.29870041666666,%,production,OP,32.0,497.03628803325006,219.245275557875,78.89862635987501,497.03628803325006,195.890205125,3523.9918487,3341.388274103,30631.5004962,0.9481827477369555,0.8968250314439928,0,0,0,0,0,0,0,0
2013-05-10,NO 15/9-F-12 H,5599,15/9-F-12,3420717,VOLVE,369304,MÆRSK INSPIRER,24.0,99.30316895833332,%,production,OP,32.0,495.9496663588749,218.4967374615,77.62955594637499,495.9496663588749,195.563162375,3507.4496484,3331.14736425,30600.051446200003,0.94973490660645,0.8971648600502337,0,0,0,0,0,0,0,0
2013-05-11,NO 15/9-F-12 H,5599,15/9-F-12,3420717,VOLVE,369304,MÆRSK INSPIRER,24.0,99.317490625,%,production,OP,32.0,498.53196823525,218.170580237375,80.35041141549999,498.53196823525,195.155541125,3509.9026743,3338.3229581430005,30691.3794874,0.9511155345094524,0.8973751142514027,0,0,0,0,0,0,0,0
2013-05-12,NO 15/9-F-12 H,5599,15/9-F-12,3420717,VOLVE,369304,MÆRSK INSPIRER,24.0,97.27569541666666,%,production,OP,32.0,495.9195336214468,219.38062449229787,77.50224337723405,495.9195336214468,196.22805110638296,3484.7434343,3298.401808675,30703.267228300003,0.9465264432982764,0.8980711844075754,0,0,0,0,0,0,0,0
2013-05-13,NO 15/9-F-12 H,5599,15/9-F-12,3420717,VOLVE,369304,MÆRSK INSPIRER,24.0,97.45862395833332,%,production,OP,32.0,498.9666770803405,217.27611694046809,80.31977933846808,498.9666770803405,193.90946880851067,3481.7872236,3306.296056713,30965.7409996,0.9495973890370156,0.8989249039571131,0,0,0,0,0,0,0,0
2013-05-14,NO 15/9-F-12 H,5599,15/9-F-12,3420717,VOLVE,369304,MÆRSK INSPIRER,14.89167,66.98926125,%,production,OP,32.0,499.3621236259232,215.85610219038816,84.52428225155683,499.3621236259232,192.52657363089028,1836.1213352,1771.8239605740002,18540.5987332,0.9649819576771071,0.9098912224815102,0,0,0,0,0,0,0,0
2013-05-15,NO 15/9-F-12 H,5599,15/9-F-12,3420717,VOLVE,369304,MÆRSK INSPIRER,24.0,96.86312416666668,%,production,OP,32.0,487.13412768184673,212.67094537204105,67.62560974285363,487.13412768184673,194.35264809575924,2504.4765458,2381.3761651000004,26238.571396000003,0.9508478604415608,0.9128667025546088,0,0,0,0,0,0,0,0
2013-05-16,NO 15/9-F-12 H,5599,15/9-F-12,3420717,VOLVE,369304,MÆRSK INSPIRER,24.0,100.0,%,production,OP,32.0,489.30615846612494,216.788525221875,69.330155250875,489.30615846612494,195.207357875,3270.7012,3096.7580499980004,29535.752696100004,0.9468177802356268,0.9003031168696711,0,0,0,0,0,0,0,0
2013-05-17,NO 15/9-F-12 H,5599,15/9-F-12,3420717,VOLVE,369304,MÆRSK INSPIRER,21.16667,80.921506875,%,production,OP,32.0,516.2236067025683,209.4504302757952,81.68352922917322,516.2236067025683,193.8890740359471,2459.5673024,2378.828562642,24230.8011459,0.9671736001372206,0.9078481322892096,0,0,0,0,0,0,0,0
2013-05-18,NO 15/9-F-12 H,5599,15/9-F-12,3420717,VOLVE,369304,MÆRSK INSPIRER,24.0,99.71173125,%,production,OP,32.0,490.8741552192501,216.369063239375,65.217433549875,490.8741552192501,196.9913015,3280.3875074,3150.9618767340003,30348.33325,0.9605456274985692,0.9024528012509024,0,0,0,0,0,0,0,0
2013-05-19,NO 15/9-F-12 H,5599,15/9-F-12,3420717,VOLVE,369304,MÆRSK INSPIRER,24.0,99.73792208333332,%,production,OP,32.0,487.95643785975005,217.877186493125,67.57366348699999,487.95643785975005,197.128305125,3336.1781221,3204.491545847,30473.3746728,0.9605277142186556,0.901324393660621,0,0,0,0,0,0,0,0
2013-05-20,NO 15/9-F-12 H,5599,15/9-F-12,3420717,VOLVE,369304,MÆRSK INSPIRER,24.0,97.91666666666669,%,production,OP,32.0,487.5627372233617,215.5699361971915,65.24053644459575,487.5627372233617,196.86388234042556,3356.6200046,3196.354332673,34797.5561497,0.952253853070241,0.9120248333753708,0,0,0,0,0,0,0,0
2013-05-21,NO 15/9-F-12 H,5599,15/9-F-12,3420717,VOLVE,369304,MÆRSK INSPIRER,24.0,100.0,%,production,OP,32.0,488.01232583575,214.677261445125,66.59140874012499,488.01232583575,196.518640625,3385.4273344000003,3240.732197281,36860.802524,0.9572594172532596,0.915882124951552,0,0,0,0,0,0,0,0
2013-05-22,NO 15/9-F-12 H,5599,15/9-F-12,3420717,VOLVE,369304,MÆRSK INSPIRER,24.0,100.0,%,production,OP,32.0,487.848732036625,212.99235802075,66.46090173475,487.848732036625,196.215389,3411.1526573,3246.925689367,30220.775903200003,0.9518558726530318,0.8985739800450716,0,0,0,0,0,0,0,0
2013-05-23,NO 15/9-F-12 H,5599,15/9-F-12,3420717,VOLVE,369304,MÆRSK INSPIRER,24.0,100.0,%,production,OP,32.0,493.76557235475,210.04453318975,65.488304101375,493.76557235475,194.309159375,3354.1669787,3209.200761092,29651.9254868,0.9567802621251176,0.8983773379958266,0,0,0,0,0,0,0,0
2013-05-24,NO 15/9-F-12 H,5599,15/9-F-12,3420717,VOLVE,369304,MÆRSK INSPIRER,24.0,100.0,%,production,OP,32.0,483.537773605875,211.33415065325,62.96176329275,483.537773605875,195.176369,3344.920958,3195.941150683,28922.4962211,0.9554608885568172,0.8963375054336067,0,0,0,0,0,0,0,0
2013-05-25,NO 15/9-F-12 H,5599,15/9-F-12,3420717,VOLVE,369304,MÆRSK INSPIRER,24.0,100.0,%,production,OP,32.0,483.0876753675,212.0835196965,59.99560021962501,483.0876753675,196.23330725,3302.0873519,3137.249531871,29121.128420900004,0.9500807209312152,0.8981566981190638,0,0,0,0,0,0,0,0
2013-05-26,NO 15/9-F-12 H,5599,15/9-F-12,3420717,VOLVE,369304,MÆRSK INSPIRER,24.0,100.0,%,production,OP,32.0,481.70324535475,213.96903182625,60.761820865500006,481.70324535475,196.60173275,3308.9432448,3135.72287739,29425.3665306,0.9476508496535212,0.8989151362132374,0,0,0,0,0,0,0,0
2013-05-27,NO 15/9-F-12 H,5599,15/9-F-12,3420717,VOLVE,369304,MÆRSK INSPIRER,24.0,100.0,%,production,OP,32.0,484.41779167087503,214.41259428975,63.73009907612501,484.41779167087503,196.03868675,3303.1566196,3155.593046492,29733.3785263,0.9553264982252434,0.9000150407719152,0,0,0,0,0,0,0,0
2013-05-28,NO 15/9-F-12 H,5599,15/9-F-12,3420717,VOLVE,369304,MÆRSK INSPIRER,24.0,100.0,%,production,OP,32.0,488.16060906100006,213.9080252175,67.3344837385,488.16060906100006,195.42479675,3307.3707923,3150.547282156,30094.7281108,0.9525836321379186,0.9009831447450432,0,0,0,0,0,0,0,0
2013-05-29,NO 15/9-F-12 H,5599,15/9-F-12,3420717,VOLVE,369304,MÆRSK INSPIRER,24.0,100.0,%,production,OP,32.0,495.5148333700001,215.3148696445,60.510738936125,495.5148333700001,197.1196955,3211.8285784,3093.2682513440004,30008.3061214,0.9630863465586756,0.9033168104998884,0,0,0,0,0,0,0,0
2013-05-30,NO 15/9-F-12 H,5599,15/9-F-12,3420717,VOLVE,369304,MÆRSK INSPIRER,24.0,100.0,%,production,OP,32.0,485.51500414087496,216.84492989575,64.12603468637501,485.51500414087496,197.558829125,3365.04835,3153.241440619,30821.955943,0.9370568005713796,0.9015693705959194,0,0,0,0,0,0,0,0
2013-05-31,NO 15/9-F-12 H,5599,15/9-F-12,3420717,VOLVE,369304,MÆRSK INSPIRER,24.0,99.99933375,%,production,OP,32.0,487.308495702875,215.260719102875,65.83398404462501,487.308495702875,197.12777375,3368.7593379000004,3167.42841505,30892.5905093,0.9402358842957582,0.901674646418658,0,0,0,0,0,0,0,0
2013-06-01,NO 15/9-F-12 H,5599,15/9-F-12,3420717,VOLVE,369304,MÆRSK INSPIRER,24.0,100.0,%,production,OP,32.0,488.94645516125,214.13414550275,67.38034596275,488.94645516125,196.376919125,3374.3572688000004,3186.008538161,31045.244198,0.944182338847012,0.90196408078534,0,0,0,0,0,0,0,0
2013-06-02,NO 15/9-F-12 H,5599,15/9-F-12,3420717,VOLVE,369304,MÆRSK INSPIRER,24.0,100.0,%,production,OP,32.0,488.79982476487504,215.100053258375,67.169360997125,488.79982476487504,197.102702375,3380.8986712,3194.0578177320003,31202.7410404,0.9447363344368782,0.9022399406368444,0,0,0,0,0,0,0,0
2013-06-03,NO 15/9-F-12 H,5599,15/9-F-12,3420717,VOLVE,369304,MÆRSK INSPIRER,24.0,100.0,%,production,OP,32.0,489.226339220125,216.375777290125,67.59426794787501,489.226339220125,197.34322025,3391.4026539000006,3197.0122455340006,30552.4375845,0.942681412912602,0.900087832429067,0,0,0,0,0,0,0,0
2013-06-04,NO 15/9-F-12 H,5599,15/9-F-12,3420717,VOLVE,369304,MÆRSK INSPIRER,24.0,100.0,%,production,OP,32.0,492.5199799675,215.73803613925,66.97413078425001,492.5199799675,197.349555875,3320.6422914000004,3189.8031026760004,30881.520443700003,0.9605982285225796,0.9029113358380642,0,0,0,0,0,0,0,0
2013-06-05,NO 15/9-F-12 H,5599,15/9-F-12,3420717,VOLVE,369304,MÆRSK INSPIRER,24.0,83.8951325,%,production,OP,32.0,507.863045376125,214.088751630375,85.350841217125,507.863045376125,196.8098795,3062.508489,3118.539803811,29025.5233089,1.0182958888154123,0.9045591668479828,0,0,0,0,0,0,0,0
2013-06-06,NO 15/9-F-12 H,5599,15/9-F-12,3420717,VOLVE,369304,MÆRSK INSPIRER,24.0,83.71412083333334,%,production,OP,32.0,508.447856721875,214.929355618875,83.67434395350001,508.447856721875,196.91098325,3071.8803059,3140.613610193,28717.1968227,1.0223749942863944,0.9033667981780984,0,0,0,0,0,0,0,0
2013-06-07,NO 15/9-F-12 H,5599,15/9-F-12,3420717,VOLVE,369304,MÆRSK INSPIRER,24.0,99.72915916666666,%,production,OP,32.0,488.638920212,214.09684656375,65.768505430875,488.638920212,197.061372125,3291.2688787,3225.555704956,29928.3626363,0.9800340913593316,0.9009239799299442,0,0,0,0,0,0,0,0
2013-06-08,NO 15/9-F-12 H,5599,15/9-F-12,3420717,VOLVE,369304,MÆRSK INSPIRER,24.0,99.70307770833334,%,production,OP,32.0,487.84530249225,213.122441998625,66.62544734575,487.84530249225,196.980839375,3251.0140947,3192.8595899610004,30093.1556583,0.982111887846378,0.9025012732725936,0,0,0,0,0,0,0,0
2013-06-09,NO 15/9-F-12 H,5599,15/9-F-12,3420717,VOLVE,369304,MÆRSK INSPIRER,20.34167,85.70982042553192,%,production,OP,32.0,495.660959324114,213.85440970439632,75.05405026241367,495.660959324114,197.0872621572192,2522.6540967,2504.485328182,24213.3783722,0.992797756719097,0.9056459068998208,0,0,0,0,0,0,0,0
2013-06-10,NO 15/9-F-12 H,5599,15/9-F-12,3420717,VOLVE,369304,MÆRSK INSPIRER,22.5,89.37425145833333,%,production,OP,32.0,479.129958129425,209.0845020200065,62.4414752680477,479.129958129425,196.54523590766684,2592.4709877,2543.789176694,26682.5690839,0.9812218492561842,0.9114443231722514,0,0,0,0,0,0,0,0
2013-06-11,NO 15/9-F-12 H,5599,15/9-F-12,3420717,VOLVE,369304,MÆRSK INSPIRER,24.0,99.70869979166666,%,production,OP,32.0,485.083099106625,214.427179673625,67.680142530375,485.083099106625,196.991631875,3109.1159811,3024.898638997,30436.705080500004,0.9729127692196274,0.907317338413308,0,0,0,0,0,0,0,0
2013-06-12,NO 15/9-F-12 H,5599,15/9-F-12,3420717,VOLVE,369304,MÆRSK INSPIRER,24.0,99.850556875,%,production,OP,32.0,491.745824534375,212.253863805875,73.39084456937499,491.745824534375,195.4948415,3143.0809551,3049.713572393,29634.5027131,0.9702943118421749,0.9041088267238766,0,0,0,0,0,0,0,0
2013-06-13,NO 15/9-F-12 H,5599,15/9-F-12,3420717,VOLVE,369304,MÆRSK INSPIRER,24.0,100.0,%,production,OP,32.0,488.864271204383,214.47915785974467,71.00375406893617,488.864271204383,196.81740710638297,3196.6072382,3094.366185367,29626.137265800004,0.9680157600811252,0.9026099954008892,0,0,0,0,0,0,0,0
2013-06-14,NO 15/9-F-12 H,5599,15/9-F-12,3420717,VOLVE,369304,MÆRSK INSPIRER,24.0,100.0,%,production,OP,32.0,490.007571299,213.57866507087505,72.871451404875,490.007571299,196.040618375,3216.4201397,3115.0327009540006,29679.4119565,0.9684781731420646,0.902224083273104,0,0,0,0,0,0,0,0
2013-06-15,NO 15/9-F-12 H,5599,15/9-F-12,3420717,VOLVE,369304,MÆRSK INSPIRER,24.0,100.0,%,production,OP,32.0,492.34227820125,213.11489095775,73.680835963875,492.34227820125,196.295543375,3214.1558081,3102.4062831160004,30049.3156826,0.9652320759614766,0.90337280914896,0,0,0,0,0,0,0,0
2013-06-16,NO 15/9-F-12 H,5599,15/9-F-12,3420717,VOLVE,369304,MÆRSK INSPIRER,24.0,100.0,%,production,OP,32.0,487.9044115205,212.673845507875,70.857496039625,487.9044115205,197.188443125,3248.8126612,3148.148354585,29856.0298213,0.969015047307216,0.9018629173989456,0,0,0,0,0,0,0,0
2013-06-17,NO 15/9-F-12 H,5599,15/9-F-12,3420717,VOLVE,369304,MÆRSK INSPIRER,24.0,100.0,%,production,OP,32.0,488.713542263,215.060630117,71.236912426,488.713542263,197.469361625,3309.6980220000005,3143.194055322,30139.826048500003,0.9496920971124172,0.9010539577476706,0,0,0,0,0,0,0,0
2013-06-18,NO 15/9-F-12 H,5599,15/9-F-12,3420717,VOLVE,369304,MÆRSK INSPIRER,24.0,100.0,%,production,OP,32.0,492.513655706375,213.33266551475,75.51486564687501,492.513655706375,196.598778125,3314.2895833,3152.064048521,30463.1222825,0.9510526975082624,0.9018785217627716,0,0,0,0,0,0,0,0
2013-06-19,NO 15/9-F-12 H,5599,15/9-F-12,3420717,VOLVE,369304,MÆRSK INSPIRER,24.0,100.0,%,production,OP,32.0,490.56975973837496,213.3264711835,73.459643949,490.56975973837496,197.038399625,3319.0069408,3176.4078838190003,30351.6039512,0.9570356255577376,0.9014271837405664,0,0,0,0,0,0,0,0
2013-06-20,NO 15/9-F-12 H,5599,15/9-F-12,3420717,VOLVE,369304,MÆRSK INSPIRER,24.0,100.0,%,production,OP,32.0,490.913427279375,213.159088266625,73.838746086375,490.913427279375,196.94408600000003,3307.4965885,3043.612604821,30618.1032009,0.9202164003444444,0.90250735111444,0,0,0,0,0,0,0,0
2013-06-21,NO 15/9-F-12 H,5599,15/9-F-12,3420717,VOLVE,369304,MÆRSK INSPIRER,21.75833,100.0,%,production,OP,32.0,487.0322110281448,214.1300982016224,70.76965942183763,487.0322110281448,197.48533308637747,2973.0044927000004,2739.115135541,27486.9099867,0.921328959396698,0.9023961641550032,0,0,0,0,0,0,0,0
2013-06-22,NO 15/9-F-12 H,5599,15/9-F-12,3420717,VOLVE,369304,MÆRSK INSPIRER,0.0,37.83289729166667,%,production,OP,32.0,1.223250492,79.456312578,262.54329142200004,1.223250492,87.340352,0.0,0.0,0.0,0.9168889922350788,0.9098123885216943,0,0,0,0,0,1,1,0
2013-06-23,NO 15/9-F-12 H,5599,15/9-F-12,3420717,VOLVE,369304,MÆRSK INSPIRER,0.0,11.980730208333334,%,production,OP,32.0,1.93988325,52.136664822,41.249822466,1.93988325,57.085376,0.0,0.0,0.0,0.9124490250734596,0.9172286128883855,0,0,0,0,0,1,1,0
2013-06-26,NO 15/9-F-12 H,5599,15/9-F-12,3420717,VOLVE,369304,MÆRSK INSPIRER,12.66667,58.77343666666667,%,production,OP,32.0,468.6150141982786,174.24065300831526,49.59569959849836,468.6150141982786,192.3962466014904,1117.3218484,1014.53835895,13710.0875513,0.9080090579118404,0.9246448372550766,0,0,0,0,0,0,0,0
2013-06-27,NO 15/9-F-12 H,5599,15/9-F-12,3420717,VOLVE,369304,MÆRSK INSPIRER,0.0,1.2445133333333334,%,production,OP,32.0,1.644875958,56.734804536,1.386998394,1.644875958,69.38248999999999,0.0,0.0,0.0,0.9285653451320182,0.9273256637767667,0,0,0,0,0,1,1,0
2013-06-28,NO 15/9-F-12 H,5599,15/9-F-12,3420717,VOLVE,369304,MÆRSK INSPIRER,9.40833,62.414455833333335,%,production,OP,32.0,481.2461344672938,174.08537249821956,62.26831473546447,481.2461344672938,191.3923365375896,908.9404431,862.695037066,12077.1270791,0.9491216323521958,0.9300064902984568,0,0,0,0,0,0,0,0
2013-06-29,NO 15/9-F-12 H,5599,15/9-F-12,3420717,VOLVE,369304,MÆRSK INSPIRER,24.0,99.87024229166668,%,production,OP,32.0,478.5626348055,204.3401100875,59.05721644612501,478.5626348055,196.0227365,3098.6119984,2821.624753768,30917.875545500003,0.910609251892452,0.908908525772948,0,0,0,0,0,0,0,0
2013-06-30,NO 15/9-F-12 H,5599,15/9-F-12,3420717,VOLVE,369304,MÆRSK INSPIRER,24.0,99.9243,%,production,OP,32.0,489.80830419512506,211.312573229125,65.647459133375,489.80830419512506,195.013776875,3110.3739431,2963.264599381,30586.2767623,0.95270364708226,0.90769486349569,0,0,0,0,0,0,0,0
2013-07-01,NO 15/9-F-12 H,5599,15/9-F-12,3420717,VOLVE,369304,MÆRSK INSPIRER,24.0,99.99990916666668,%,production,OP,32.0,486.474345905375,213.45188675075,62.023228438,486.474345905375,196.558664375,3179.6876493,2957.850855871,30500.0434672,0.9302331493227528,0.9055904680978216,0,0,0,0,0,0,0,0
2013-07-02,NO 15/9-F-12 H,5599,15/9-F-12,3420717,VOLVE,369304,MÆRSK INSPIRER,24.0,99.98328479166666,%,production,OP,32.0,486.82828092812497,213.98707697075,67.148004151625,486.82828092812497,196.00604825,3259.8198287,2958.5490274900003,30624.141418500003,0.9075805360291508,0.9037946063945114,0,0,0,0,0,0,0,0
2013-07-03,NO 15/9-F-12 H,5599,15/9-F-12,3420717,VOLVE,369304,MÆRSK INSPIRER,24.0,100.0,%,production,OP,32.0,489.229490775,214.289937466125,68.478939315375,489.229490775,195.74547875,3267.3047026000004,3076.3034226110003,31168.461575900004,0.941541638330515,0.9051188617039736,0,0,0,0,0,0,0,0
2013-07-04,NO 15/9-F-12 H,5599,15/9-F-12,3420717,VOLVE,369304,MÆRSK INSPIRER,24.0,100.0,%,production,OP,32.0,488.91400593037497,215.79867410975,69.586425310375,488.91400593037497,195.856583375,3304.1629892000005,3071.43246604,32518.443496200005,0.9295644543199882,0.9077631888526408,0,0,0,0,0,0,0,0
2013-07-05,NO 15/9-F-12 H,5599,15/9-F-12,3420717,VOLVE,369304,MÆRSK INSPIRER,24.0,100.0,%,production,OP,32.0,487.6001217965,215.547126850125,66.999412720625,487.6001217965,196.030694375,3364.733859500001,3000.6328491860004,33941.701703,0.8917890610319755,0.909808219178082,0,0,0,0,0,0,0,0
2013-07-06,NO 15/9-F-12 H,5599,15/9-F-12,3420717,VOLVE,369304,MÆRSK INSPIRER,5.34167,24.923345625,%,production,OP,32.0,521.1090210382241,214.7153360512829,100.27549551545717,521.1090210382241,195.68482268979176,238.8240857,236.074178589,2767.5792981,0.9884856374392058,0.9205615297711202,0,0,0,0,0,0,0,0
2013-07-07,NO 15/9-F-12 H,5599,15/9-F-12,3420717,VOLVE,369304,MÆRSK INSPIRER,8.49166,59.65517625,%,production,OP,32.0,476.37235787217753,200.07399288760288,55.76500710046299,476.37235787217753,196.2357993496937,883.9698973999999,836.157452604,10328.7485934,0.945911682132356,0.9211636412592276,0,0,0,0,0,0,0,0
2013-07-08,NO 15/9-F-12 H,5599,15/9-F-12,3420717,VOLVE,369304,MÆRSK INSPIRER,24.0,100.0,%,production,OP,32.0,482.00218075925005,211.70671701575,60.97016493087501,482.00218075925005,196.621953875,3216.7975283,2909.859591159,31086.694045900003,0.90458276144498,0.9062253613063872,0,0,0,0,0,0,0,0
2013-07-09,NO 15/9-F-12 H,5599,15/9-F-12,3420717,VOLVE,369304,MÆRSK INSPIRER,23.75,93.27726270833334,%,production,OP,32.0,504.3195942182589,212.8145825904632,80.63462022127578,504.3195942182589,195.56642913894737,3042.3181989,2794.628078206,29622.6149722,0.9185850708240983,0.906862867804926,0,0,0,0,0,0,0,0
2013-07-10,NO 15/9-F-12 H,5599,15/9-F-12,3420717,VOLVE,369304,MÆRSK INSPIRER,24.0,99.93789729166669,%,production,OP,32.0,485.403735821875,214.875866813125,64.04212718175,485.403735821875,197.00640575,3273.217124,3017.9398773620005,31931.101038400004,0.9220102923309772,0.907022283206838,0,0,0,0,0,0,0,0
2013-07-11,NO 15/9-F-12 H,5599,15/9-F-12,3420717,VOLVE,369304,MÆRSK INSPIRER,21.5,84.49579,%,production,OP,32.0,501.3848965503868,209.4549324190196,77.92975525531602,501.3848965503868,194.80254557006697,2542.5298963,2432.565882191,25343.9717197,0.9567501588598724,0.9088257849151932,0,0,0,0,0,0,0,0
2013-07-12,NO 15/9-F-12 H,5599,15/9-F-12,3420717,VOLVE,369304,MÆRSK INSPIRER,24.0,99.93914104166667,%,production,OP,32.0,487.2016993888749,217.80967432575,65.292466541875,487.2016993888749,197.477765,3292.086554,3005.398921098,30145.4239794,0.9129161313958576,0.9015451060355822,0,0,0,0,0,0,0,0
2013-07-13,NO 15/9-F-12 H,5599,15/9-F-12,3420717,VOLVE,369304,MÆRSK INSPIRER,24.0,99.97077125,%,production,OP,32.0,496.97258311337504,216.898059128125,62.17680857187501,496.97258311337504,197.380163,3246.2967372000003,3013.2483194670003,29645.132492,0.928210993449105,0.901302655029717,0,0,0,0,0,0,0,0
2013-07-14,NO 15/9-F-12 H,5599,15/9-F-12,3420717,VOLVE,369304,MÆRSK INSPIRER,24.0,99.96926125,%,production,OP,32.0,504.9518879645,215.986918325625,61.420961164625005,504.9518879645,196.568043125,3256.5491275,3010.018083858,29041.4994263,0.9242968449147096,0.8991719539316609,0,0,0,0,0,0,0,0
2013-07-15,NO 15/9-F-12 H,5599,15/9-F-12,3420717,VOLVE,369304,MÆRSK INSPIRER,24.0,99.979293125,%,production,OP,32.0,488.733820388375,216.8543996685,66.484292133875,488.733820388375,197.049303125,3660.4807257,3293.3518065750004,31364.0746669,0.8997047255166757,0.8954881601017157,0,0,0,0,0,0,0,0
2013-07-16,NO 15/9-F-12 H,5599,15/9-F-12,3420717,VOLVE,369304,MÆRSK INSPIRER,24.0,99.99650291666669,%,production,OP,32.0,489.4555445845,218.01952013875,67.193322483375,489.4555445845,197.262360875,3618.7163873,3309.141362092,30669.6167448,0.9144517027378924,0.8944621666688068,0,0,0,0,0,0,0,0
2013-07-17,NO 15/9-F-12 H,5599,15/9-F-12,3420717,VOLVE,369304,MÆRSK INSPIRER,24.0,99.999445,%,production,OP,32.0,489.3176859655,217.92617307762495,67.02479437062499,489.3176859655,197.129598125,3602.6773718,3286.9722060200006,29988.4932199,0.9123692928344944,0.8927492758263631,0,0,0,0,0,0,0,0
2013-07-18,NO 15/9-F-12 H,5599,15/9-F-12,3420717,VOLVE,369304,MÆRSK INSPIRER,24.0,99.999396875,%,production,OP,32.0,488.175596321,217.88751138575,65.974405001625,488.175596321,197.734935875,3597.6455238000003,3277.092565548,30817.741770300003,0.9108992378122296,0.8954640407485184,0,0,0,0,0,0,0,0
2013-07-19,NO 15/9-F-12 H,5599,15/9-F-12,3420717,VOLVE,369304,MÆRSK INSPIRER,24.0,99.95679791666667,%,production,OP,32.0,488.67236657912497,216.218725309125,66.3581604415,488.67236657912497,197.50243325,3575.0022078,3252.0265446350004,31568.682186200003,0.9096572129493162,0.8982746894799012,0,0,0,0,0,0,0,0
2013-07-20,NO 15/9-F-12 H,5599,15/9-F-12,3420717,VOLVE,369304,MÆRSK INSPIRER,24.0,99.98670854166669,%,production,OP,32.0,488.46230623075,216.62785635575,66.28255334075,488.46230623075,197.54063375,3579.1534824,3262.676045567,32849.5390946,0.911577573191752,0.9017490546816996,0,0,0,0,0,0,0,0
2013-07-21,NO 15/9-F-12 H,5599,15/9-F-12,3420717,VOLVE,369304,MÆRSK INSPIRER,24.0,99.95944875,%,production,OP,32.0,488.315101725625,216.35713084225,66.27549482475,488.315101725625,197.366925875,3568.9010921,3237.734685545,33199.0009382,0.9072077376175935,0.9029343287207708,0,0,0,0,0,0,0,0
2013-07-22,NO 15/9-F-12 H,5599,15/9-F-12,3420717,VOLVE,369304,MÆRSK INSPIRER,2.175,10.280190208333334,%,production,OP,32.0,520.8720586373794,215.57705958834484,100.24132659131034,520.8720586373794,196.71111551724135,197.2484416,220.131004127,2528.7552124000003,1.1160088380997375,0.927641901245962,0,0,0,0,0,0,0,0
2013-07-23,NO 15/9-F-12 H,5599,15/9-F-12,3420717,VOLVE,369304,MÆRSK INSPIRER,0.0,1.29180875,%,production,OP,32.0,8.04380748,55.819469718,402.783289344,8.04380748,64.154714,0.0,0.0,0.0,0.9942757078167154,0.922670763249098,0,0,0,0,0,1,1,0
2013-07-24,NO 15/9-F-12 H,5599,15/9-F-12,3420717,VOLVE,369304,MÆRSK INSPIRER,6.5,7.80620375,%,production,OP,32.0,530.4771583776611,118.71489869136448,111.34377523632747,530.4771583776611,176.2459288852223,35.9148151,31.337205339000004,400.4722027,0.8725425775336932,0.917699625252234,0,0,0,0,0,0,0,0
2013-07-25,NO 15/9-F-12 H,5599,15/9-F-12,3420717,VOLVE,369304,MÆRSK INSPIRER,24.0,41.03795770833333,%,production,OP,32.0,677.9995726962768,182.86968192440452,263.5611156436133,677.9995726962768,188.55024209574523,1361.1777821,1148.3771873330002,17288.108867900002,0.8436643636375735,0.9270118043844856,0,0,0,0,0,0,0,0
2013-07-26,NO 15/9-F-12 H,5599,15/9-F-12,3420717,VOLVE,369304,MÆRSK INSPIRER,24.0,35.933761875,%,production,OP,32.0,758.7078043832499,190.339120574,347.03107495525,758.7078043832499,188.158933625,1367.2159997,1131.344201229,13754.6194061,0.8274802236641788,0.909586636607908,0,0,0,0,0,0,0,0
2013-07-27,NO 15/9-F-12 H,5599,15/9-F-12,3420717,VOLVE,369304,MÆRSK INSPIRER,24.0,80.54557416666667,%,production,OP,32.0,548.476595201,207.126060424,132.373750191875,548.476595201,195.32637875,2749.7162377,2344.608618342,27781.902075700003,0.8526729362820172,0.9099387327106346,0,0,0,0,0,0,0,0
2013-07-28,NO 15/9-F-12 H,5599,15/9-F-12,3420717,VOLVE,369304,MÆRSK INSPIRER,0.84167,3.249633541666667,%,production,OP,32.0,479.3684663733512,211.55727410068323,103.20710689049692,479.3684663733512,194.54303876471775,93.089188,84.103370638,1350.1706146,0.9034708803991286,0.9355007408698685,0,0,0,0,0,0,0,0
2013-07-29,NO 15/9-F-12 H,5599,15/9-F-12,3420717,VOLVE,369304,MÆRSK INSPIRER,4.0,6.775480208333334,%,production,OP,32.0,488.800250814,130.982657496,58.46916894,488.800250814,181.030748,415.2532562,354.480129925,4978.824901700001,0.8536480440126167,0.9230168262223208,0,0,0,0,0,0,0,0
2013-07-30,NO 15/9-F-12 H,5599,15/9-F-12,3420717,VOLVE,369304,MÆRSK INSPIRER,24.0,99.25429791666669,%,production,OP,32.0,473.94134642237503,196.16101236975,53.806683721625,473.94134642237503,195.096324125,3443.7967712,2919.181965665,34643.3929066,0.8476638314077412,0.909581231896264,0,0,0,0,0,0,0,0
2013-07-31,NO 15/9-F-12 H,5599,15/9-F-12,3420717,VOLVE,369304,MÆRSK INSPIRER,4.675,19.974824375,%,production,OP,32.0,492.64621803077,211.22758821625663,72.16872469835295,492.64621803077,196.58920749732616,373.1115292,320.49891299700005,3695.263375,0.8589895725929233,0.9082897869577315,0,0,0,0,0,0,0,0
2013-08-01,NO 15/9-F-12 H,5599,15/9-F-12,3420717,VOLVE,369304,MÆRSK INSPIRER,0.0,0.0,%,production,OP,32.0,31.386223200000003,53.887853634,20.448617544,31.386223200000003,67.67223800000001,0.0,0.0,0.0,0.8540765959818991,0.9099148741530507,0,0,0,0,0,1,1,0
2013-08-02,NO 15/9-F-12 H,5599,15/9-F-12,3420717,VOLVE,369304,MÆRSK INSPIRER,0.0,0.0,%,production,OP,32.0,29.873621898,43.998147528,20.050923348,29.873621898,61.110392,0.0,0.0,0.0,0.849163619370875,0.91153996134837,0,0,0,0,0,1,1,0
2013-08-03,NO 15/9-F-12 H,5599,15/9-F-12,3420717,VOLVE,369304,MÆRSK INSPIRER,15.97685,55.940893125,%,production,OP,32.0,506.0952542763663,153.87081919108977,95.34142035214435,506.0952542763663,178.19029190232743,1968.9621224,1662.2975374060004,20705.8029276,0.8442506427598508,0.9131650485436892,0,0,0,0,0,0,0,0
2013-08-04,NO 15/9-F-12 H,5599,15/9-F-12,3420717,VOLVE,369304,MÆRSK INSPIRER,24.0,97.85351145833332,%,production,OP,32.0,482.9783174869788,206.04567030472344,61.350265490297865,482.9783174869788,194.73343872340425,3278.1231758,2782.490415816,33394.6140292,0.8488059376039021,0.910611439842209,0,0,0,0,0,0,0,0
2013-08-05,NO 15/9-F-12 H,5599,15/9-F-12,3420717,VOLVE,369304,MÆRSK INSPIRER,24.0,97.84729458333334,%,production,OP,32.0,481.9588206976596,213.710927640375,65.21115236297872,481.9588206976596,196.1208285531915,3355.9281255,2849.9333704350006,33610.920595100004,0.8492236018941524,0.9092179008585632,0,0,0,0,0,0,0,0
2013-08-06,NO 15/9-F-12 H,5599,15/9-F-12,3420717,VOLVE,369304,MÆRSK INSPIRER,24.0,99.99821979166668,%,production,OP,32.0,478.7862048392501,216.909329789375,61.11657777025,478.7862048392501,197.372417,3398.1327506,2868.673822284,33730.6156794,0.8441912170080715,0.908477045570049,0,0,0,0,0,0,0,0
2013-08-07,NO 15/9-F-12 H,5599,15/9-F-12,3420717,VOLVE,369304,MÆRSK INSPIRER,24.0,100.0,%,production,OP,32.0,478.5293244115,221.392297244875,60.69260147999999,478.5293244115,198.016685375,3446.3126952,2897.737467237,33812.1945151,0.8408225612472567,0.9075026630630204,0,0,0,0,0,0,0,0
2013-08-08,NO 15/9-F-12 H,5599,15/9-F-12,3420717,VOLVE,369304,MÆRSK INSPIRER,24.0,100.0,%,production,OP,32.0,479.13162492275,222.00178318037496,61.2092389225,479.13162492275,198.086674625,3423.9209716,2886.300448495,34053.9119134,0.842981036196706,0.908641436603172,0,0,0,0,0,0,0,0
2013-08-09,NO 15/9-F-12 H,5599,15/9-F-12,3420717,VOLVE,369304,MÆRSK INSPIRER,24.0,100.0,%,production,OP,32.0,481.86984567075007,221.694888815625,64.29752097000001,481.86984567075007,197.51370875,3392.2203292000004,2876.3074478360004,33971.6411986,0.8479129209494274,0.909211195243402,0,0,0,0,0,0,0,0
2013-08-10,NO 15/9-F-12 H,5599,15/9-F-12,3420717,VOLVE,369304,MÆRSK INSPIRER,24.0,100.0,%,production,OP,32.0,480.991806770125,221.508128217625,63.057947659750006,480.991806770125,197.88556325,3398.3214449,2887.983547097,34001.3291018,0.8498264787255823,0.9091349412300898,0,0,0,0,0,0,0,0
2013-08-11,NO 15/9-F-12 H,5599,15/9-F-12,3420717,VOLVE,369304,MÆRSK INSPIRER,24.0,99.94517270833332,%,production,OP,32.0,487.880471185625,222.866161314375,63.864259226125,487.880471185625,197.66531300000003,3345.0467542000006,2852.4721442180003,33688.22236,0.8527450746798891,0.9096745484746476,0,0,0,0,0,0,0,0
2013-08-12,NO 15/9-F-12 H,5599,15/9-F-12,3420717,VOLVE,369304,MÆRSK INSPIRER,24.0,99.99214083333334,%,production,OP,32.0,488.26002958837495,222.727595635125,61.343374899500006,488.26002958837495,197.929896875,3314.9185643,2849.963741077,33775.7765152,0.85973868913996,0.9106266798938434,0,0,0,0,0,0,0,0
2013-08-13,NO 15/9-F-12 H,5599,15/9-F-12,3420717,VOLVE,369304,MÆRSK INSPIRER,24.0,99.975906875,%,production,OP,32.0,483.9613842795,221.063586747625,63.949284732,483.9613842795,197.714985875,3344.2290789000003,2860.8198330040004,33623.563113200005,0.8554497211491848,0.9095366836752924,0,0,0,0,0,0,0,0
2013-08-14,NO 15/9-F-12 H,5599,15/9-F-12,3420717,VOLVE,369304,MÆRSK INSPIRER,24.0,99.95801770833332,%,production,OP,32.0,482.8396603875,223.15765143487505,64.95482714275,482.8396603875,197.903458625,3359.2617248,2862.121179699,33431.2207234,0.8520089871441624,0.9086920991174892,0,0,0,0,0,0,0,0
2013-08-15,NO 15/9-F-12 H,5599,15/9-F-12,3420717,VOLVE,369304,MÆRSK INSPIRER,24.0,99.88377604166666,%,production,OP,32.0,487.678064613375,221.6989105985,70.17319466912501,487.678064613375,196.64967125,3335.4233449,2849.930898406,33514.7494002,0.8544435304632805,0.9094869006999834,0,0,0,0,0,0,0,0
2013-08-16,NO 15/9-F-12 H,5599,15/9-F-12,3420717,VOLVE,369304,MÆRSK INSPIRER,24.0,99.97388270833332,%,production,OP,32.0,484.4431008018751,222.354092568875,66.292189302875,484.4431008018751,197.162719625,3399.013324,2881.263159687001,33587.899890500004,0.8476763357597832,0.908102271084696,0,0,0,0,0,0,0,0
2013-08-17,NO 15/9-F-12 H,5599,15/9-F-12,3420717,VOLVE,369304,MÆRSK INSPIRER,24.0,99.90317479166669,%,production,OP,32.0,488.303979124,220.764995808375,70.6555155165,488.303979124,195.844866125,3344.4177732000003,2851.5762102790004,33750.6172752,0.8526375601546214,0.90984190286284,0,0,0,0,0,0,0,0
2013-08-18,NO 15/9-F-12 H,5599,15/9-F-12,3420717,VOLVE,369304,MÆRSK INSPIRER,24.0,100.0,%,production,OP,32.0,487.72079039087504,220.30555168387505,69.368680969625,487.72079039087504,195.452214875,3357.3118837,2865.687611252,33699.7327123,0.8535661000591359,0.9094015208092878,0,0,0,0,0,0,0,0
2013-08-19,NO 15/9-F-12 H,5599,15/9-F-12,3420717,VOLVE,369304,MÆRSK INSPIRER,24.0,100.0,%,production,OP,32.0,485.05624592525,221.34553155475,66.82115497537501,485.05624592525,197.029695875,3476.1263946,2955.488302441,33529.5933518,0.8502246371225779,0.9060651591585874,0,0,0,0,0,0,0,0
2013-08-20,NO 15/9-F-12 H,5599,15/9-F-12,3420717,VOLVE,369304,MÆRSK INSPIRER,24.0,100.0,%,production,OP,32.0,485.782423996625,222.41663718475,67.69489712525,485.782423996625,197.099866625,3425.5563222,2931.096792298,33570.602913,0.8556556998647032,0.9074077852129916,0,0,0,0,0,0,0,0
2013-08-21,NO 15/9-F-12 H,5599,15/9-F-12,3420717,VOLVE,369304,MÆRSK INSPIRER,24.0,100.0,%,production,OP,32.0,485.172835325875,222.4550662115,67.488106175125,485.172835325875,197.4193355,3361.4631583,2876.610801109,32558.1950954,0.855761513853329,0.9064171731657904,0,0,0,0,0,0,0,0
2013-08-22,NO 15/9-F-12 H,5599,15/9-F-12,3420717,VOLVE,369304,MÆRSK INSPIRER,24.0,97.91666666666669,%,production,OP,32.0,485.3956627470639,221.67171880225533,67.74038235356383,485.3956627470639,196.8924249787234,3321.7744572,2830.605635125,33818.7988156,0.852136613005021,0.9105621113384184,0,0,0,0,0,0,0,0
2013-08-23,NO 15/9-F-12 H,5599,15/9-F-12,3420717,VOLVE,369304,MÆRSK INSPIRER,24.0,100.0,%,production,OP,32.0,484.20924515662495,220.4091601835,66.86335801175,484.20924515662495,197.1310925,3332.9074209,2865.24405862,32513.3487501,0.8596830624975131,0.9070221613939043,0,0,0,0,0,0,0,0
2013-08-24,NO 15/9-F-12 H,5599,15/9-F-12,3420717,VOLVE,369304,MÆRSK INSPIRER,24.0,100.0,%,production,OP,32.0,485.573672011875,219.462920185,68.25319069,485.573672011875,196.007907125,3322.6550306,2861.348140916,33470.1546473,0.8611631705862953,0.909692816077708,0,0,0,0,0,0,0,0
2013-08-25,NO 15/9-F-12 H,5599,15/9-F-12,3420717,VOLVE,369304,MÆRSK INSPIRER,24.0,100.0,%,production,OP,32.0,484.04784203562497,220.248134765625,66.663069598625,484.04784203562497,196.845224,3306.8047094000003,2836.736973339,33426.3146716,0.8578483529055178,0.9099775688772452,0,0,0,0,0,0,0,0
2013-08-26,NO 15/9-F-12 H,5599,15/9-F-12,3420717,VOLVE,369304,MÆRSK INSPIRER,24.0,100.0,%,production,OP,32.0,485.51407045875,220.927102968,68.17073658700001,485.51407045875,197.494268375,3283.3437181,2816.2509158690004,33433.4221569,0.8577386827775387,0.9105764453961456,0,0,0,0,0,0,0,0
2013-08-27,NO 15/9-F-12 H,5599,15/9-F-12,3420717,VOLVE,369304,MÆRSK INSPIRER,24.0,100.0,%,production,OP,32.0,487.6932603655,219.999092433125,68.129917454875,487.6932603655,196.529877125,3555.3151025,3111.5220666270006,33420.905435,0.8751747670520297,0.9038486072719542,0,0,0,0,0,0,0,0
2013-08-28,NO 15/9-F-12 H,5599,15/9-F-12,3420717,VOLVE,369304,MÆRSK INSPIRER,24.0,99.99811145833333,%,production,OP,32.0,481.98418093912505,220.77647496175,63.428009095125006,481.98418093912505,197.943894125,3067.6661332000003,3074.9056667850004,34988.955068,1.0023599483355277,0.91939205225336,0,0,0,0,0,0,0,0
2013-08-29,NO 15/9-F-12 H,5599,15/9-F-12,3420717,VOLVE,369304,MÆRSK INSPIRER,24.0,99.988386875,%,production,OP,32.0,483.67909802875,220.572678442,66.79072419,483.67909802875,197.571027875,3083.7051487,3108.999537606,33535.002588400006,1.0082025964501384,0.9157888047049852,0,0,0,0,0,0,0,0
2013-08-30,NO 15/9-F-12 H,5599,15/9-F-12,3420717,VOLVE,369304,MÆRSK INSPIRER,24.0,99.99001520833332,%,production,OP,32.0,486.857542344625,220.327736454625,69.36642381575,486.857542344625,196.93088225,3124.6518118,3132.892051038,33977.9939067,1.0026371703902757,0.9157835849360468,0,0,0,0,0,0,0,0
2013-08-31,NO 15/9-F-12 H,5599,15/9-F-12,3420717,VOLVE,369304,MÆRSK INSPIRER,24.0,99.982568125,%,production,OP,32.0,482.009813384,217.86588561562505,67.073992468875,482.009813384,197.247458,3149.3707651,3152.0721709020004,33712.8155171,1.000857760487249,0.9145636468496507,0,0,0,0,0,0,0,0
2013-09-01,NO 15/9-F-12 H,5599,15/9-F-12,3420717,VOLVE,369304,MÆRSK INSPIRER,24.0,99.97197145833331,%,production,OP,32.0,483.685389052,217.205696812625,67.977110857,483.685389052,196.975395125,3151.19481,3164.414305405,33129.9388244,1.004195073996393,0.9131450841157788,0,0,0,0,0,0,0,0
2013-09-02,NO 15/9-F-12 H,5599,15/9-F-12,3420717,VOLVE,369304,MÆRSK INSPIRER,24.0,99.99805083333334,%,production,OP,32.0,487.24864939812505,217.270815853,66.272793492,487.24864939812505,197.358962375,3273.5945126,3233.240183676,32910.3615573,0.9876727771968468,0.9095291154379006,0,0,0,0,0,0,0,0
2013-09-03,NO 15/9-F-12 H,5599,15/9-F-12,3420717,VOLVE,369304,MÆRSK INSPIRER,24.0,99.98980083333332,%,production,OP,32.0,487.370402755875,219.55726438237505,69.20179964249999,487.370402755875,197.331822875,3299.5714279000003,2885.5775565860004,32409.2523946,0.8745310170243883,0.9075978686864238,0,0,0,0,0,0,0,0
2013-09-04,NO 15/9-F-12 H,5599,15/9-F-12,3420717,VOLVE,369304,MÆRSK INSPIRER,24.0,99.99532354166666,%,production,OP,32.0,490.013687068,218.4553291125,72.265376884,490.013687068,196.070178125,3321.2083743,2905.9170580510004,33849.5559865,0.8749577655341999,0.9106499844323211,0,0,0,0,0,0,0,0
2013-09-05,NO 15/9-F-12 H,5599,15/9-F-12,3420717,VOLVE,369304,MÆRSK INSPIRER,24.0,76.87701333333334,%,production,OP,32.0,560.468627117,215.44708991125,144.63355549375,560.468627117,195.160474625,2605.8053849000003,2265.7180505710003,27841.9697612,0.8694885902455639,0.9144172153007452,0,0,0,0,0,0,0,0
2013-09-06,NO 15/9-F-12 H,5599,15/9-F-12,3420717,VOLVE,369304,MÆRSK INSPIRER,24.0,45.57707625,%,production,OP,32.0,662.867827092625,208.168566373375,247.864092134,662.867827092625,194.0192555,1636.608562,1404.0171223100003,19772.5209198,0.8578820586116428,0.9235555764473614,0,0,0,0,0,0,0,0
2013-09-07,NO 15/9-F-12 H,5599,15/9-F-12,3420717,VOLVE,369304,MÆRSK INSPIRER,24.0,45.54437479166667,%,production,OP,32.0,662.957385036,208.820064982875,249.81307047525,662.957385036,193.8628775,1628.5576052,1396.6850842960002,19881.2717347,0.8576209277684568,0.9242877486629296,0,0,0,0,0,0,0,0
2013-09-08,NO 15/9-F-12 H,5599,15/9-F-12,3420717,VOLVE,369304,MÆRSK INSPIRER,24.0,45.548343125,%,production,OP,32.0,659.91654854425,209.772402620625,246.38129009775,659.91654854425,194.551754375,1619.1857883,1382.9582604060004,19826.0472029,0.8541072126491319,0.9244967033482718,0,0,0,0,0,0,0,0
2013-09-09,NO 15/9-F-12 H,5599,15/9-F-12,3420717,VOLVE,369304,MÆRSK INSPIRER,24.0,45.569056875,%,production,OP,32.0,657.866983328375,208.709588329625,244.2615295115,657.866983328375,194.6274245,1629.4381786,1395.950538536,19800.0702876,0.8567066593071909,0.9239628766488016,0,0,0,0,0,0,0,0
2013-09-10,NO 15/9-F-12 H,5599,15/9-F-12,3420717,VOLVE,369304,MÆRSK INSPIRER,24.0,45.529364375,%,production,OP,32.0,656.6024513956249,205.877527995625,243.126063269,656.6024513956249,193.78807512500003,1595.4732046,1365.558354569,19747.2358836,0.8558955115208959,0.9252450474770276,0,0,0,0,0,0,0,0
2013-09-11,NO 15/9-F-12 H,5599,15/9-F-12,3420717,VOLVE,369304,MÆRSK INSPIRER,24.0,45.56349145833333,%,production,OP,32.0,654.177615462875,206.79211647225,240.415807660375,654.177615462875,194.120686625,1572.2009076000002,1348.956560952,19663.7701049,0.8580052043165478,0.9259651980747872,0,0,0,0,0,0,0,0
2013-09-12,NO 15/9-F-12 H,5599,15/9-F-12,3420717,VOLVE,369304,MÆRSK INSPIRER,18.64167,35.865332083333335,%,production,OP,32.0,651.7818365560273,208.296517373272,239.9436057446104,651.7818365560273,193.6573178524145,1288.2788842,1129.625081633,15492.6826034,0.8768482472911746,0.923229733579214,0,0,0,0,0,0,0,0
2013-09-13,NO 15/9-F-12 H,5599,15/9-F-12,3420717,VOLVE,369304,MÆRSK INSPIRER,0.0,2.2345420833333334,%,production,OP,32.0,10.833758448,71.894031258,168.859186158,10.833758448,72.390092,0.0,0.0,0.0,0.8408942827599879,0.943421921951944,0,0,0,0,0,1,1,0
2013-09-14,NO 15/9-F-12 H,5599,15/9-F-12,3420717,VOLVE,369304,MÆRSK INSPIRER,7.0,10.685894583333331,%,production,OP,32.0,637.2898029788572,97.68465733842858,254.9169861848572,637.2898029788572,137.89886642857144,241.2142135,194.163045776,6388.1197303,0.8049403182288013,0.963614110324674,0,0,0,0,0,0,0,0
2013-09-15,NO 15/9-F-12 H,5599,15/9-F-12,3420717,VOLVE,369304,MÆRSK INSPIRER,24.0,93.94878125,%,production,OP,32.0,465.4965360670001,195.078234202375,52.1143652295,465.4965360670001,192.548786375,2733.2369355,2352.7889154500003,33162.2684478,0.8608067909852085,0.9238557332926812,0,0,0,0,0,0,0,0
2013-09-16,NO 15/9-F-12 H,5599,15/9-F-12,3420717,VOLVE,369304,MÆRSK INSPIRER,22.5,80.400943125,%,production,OP,32.0,516.3307090176523,197.0298753221805,103.76163159435576,516.3307090176523,186.09030084236,2497.2432643,2163.9050641770004,26321.408193700005,0.8665175295942035,0.9133462831201712,0,0,0,0,0,0,0,0
2013-09-17,NO 15/9-F-12 H,5599,15/9-F-12,3420717,VOLVE,369304,MÆRSK INSPIRER,24.0,99.32947875,%,production,OP,32.0,476.36151696612495,211.896819531,61.352430709625,476.36151696612495,194.55778775,3108.424102,2698.7956362570003,31125.124785,0.8682198913978825,0.909199478200158,0,0,0,0,0,0,0,0
2013-09-18,NO 15/9-F-12 H,5599,15/9-F-12,3420717,VOLVE,369304,MÆRSK INSPIRER,10.64167,43.784534791666665,%,production,OP,32.0,481.9094662808941,215.19122534304256,68.59119335517542,481.9094662808941,196.1009075623544,1246.5145458000002,1104.893137782,12809.198065,0.8863860766846414,0.9113161615980812,0,0,0,0,0,0,0,0
2013-09-20,NO 15/9-F-12 H,5599,15/9-F-12,3420717,VOLVE,369304,MÆRSK INSPIRER,16.31,54.95259291666667,%,production,OP,32.0,455.0518354755396,190.8225118333348,42.72742468440872,455.0518354755396,191.836919501135,1162.356888,979.764327007,16014.2965467,0.8429117916553355,0.9323292577090816,0,0,0,0,0,0,0,0
2013-09-21,NO 15/9-F-12 H,5599,15/9-F-12,3420717,VOLVE,369304,MÆRSK INSPIRER,9.55833,38.42053333333333,%,production,OP,32.0,485.7504502384464,205.4782219560563,71.96282496404184,485.7504502384464,192.49575759415717,777.5463122,690.8198047540001,7662.5610325,0.8884612966646132,0.9078748313920126,0,0,0,0,0,0,0,0
2013-09-22,NO 15/9-F-12 H,5599,15/9-F-12,3420717,VOLVE,369304,MÆRSK INSPIRER,24.0,93.72446875,%,production,OP,32.0,469.5288392841936,204.8341697924288,53.35161212025586,469.5288392841936,195.1758640291101,2411.5760521,2077.34484986,28087.775536000005,0.8614054895971655,0.9209302517421082,0,0,0,0,0,0,0,0
2013-09-23,NO 15/9-F-12 H,5599,15/9-F-12,3420717,VOLVE,369304,MÆRSK INSPIRER,24.0,99.39877645833332,%,production,OP,32.0,469.52030717125,215.12881610675,53.368517880375,469.52030717125,197.172332375,3098.4862022,2670.1854320520006,31375.3334268,0.8617709609796242,0.9101206006312832,0,0,0,0,0,0,0,0
2013-09-24,NO 15/9-F-12 H,5599,15/9-F-12,3420717,VOLVE,369304,MÆRSK INSPIRER,24.0,99.32879229166667,%,production,OP,32.0,471.737134439,217.600460032375,55.5863573925,471.737134439,197.239921625,2567.8778306,2221.547483252,29829.9271098,0.8651297412902709,0.9207391415769078,0,0,0,0,0,0,0,0
2013-09-25,NO 15/9-F-12 H,5599,15/9-F-12,3420717,VOLVE,369304,MÆRSK INSPIRER,24.0,99.36463125,%,production,OP,32.0,472.033244624125,219.150547614125,55.642475012,472.033244624125,197.3422205,2580.5832468,2236.3175033800003,29830.4302946,0.8665938237617797,0.920379433876583,0,0,0,0,0,0,0,0
2013-09-26,NO 15/9-F-12 H,5599,15/9-F-12,3420717,VOLVE,369304,MÆRSK INSPIRER,24.0,99.40744041666666,%,production,OP,32.0,471.6761791978749,219.821046201625,55.025870128,471.6761791978749,197.6248895,2590.7098409,2244.368195539,29919.368208000004,0.8663139963058609,0.9203105622507832,0,0,0,0,0,0,0,0
2013-09-27,NO 15/9-F-12 H,5599,15/9-F-12,3420717,VOLVE,369304,MÆRSK INSPIRER,8.30833,19.6986575,%,production,OP,32.0,618.370246907471,216.65756700934185,207.97973500766827,618.370246907471,194.59633332054935,404.8121716,376.022450072,5292.1203378,0.9288812848333832,0.9289420805087554,0,0,0,0,0,0,0,0
2013-09-28,NO 15/9-F-12 H,5599,15/9-F-12,3420717,VOLVE,369304,MÆRSK INSPIRER,17.025,54.21736270833333,%,production,OP,32.0,517.5909417615745,179.08407939105555,98.76750945483808,517.5909417615745,184.1208547648881,1298.2796821,1143.342370554,15440.6658747,0.8806595268475704,0.9224395779474538,0,0,0,0,0,0,0,0
2013-09-29,NO 15/9-F-12 H,5599,15/9-F-12,3420717,VOLVE,369304,MÆRSK INSPIRER,24.0,99.15127020833332,%,production,OP,32.0,473.42718369075,214.230514188875,54.98921781675,473.42718369075,195.800112875,2309.7440282,2008.832566125,30922.7815973,0.8697208615322181,0.9304974874847404,0,0,0,0,0,0,0,0
2013-09-30,NO 15/9-F-12 H,5599,15/9-F-12,3420717,VOLVE,369304,MÆRSK INSPIRER,24.0,99.16504020833334,%,production,OP,32.0,477.815528959375,217.450647864875,58.97269253,477.815528959375,194.827538375,2364.5282733,2052.280947829,29901.2535552,0.8679451927063578,0.9267171554723824,0,0,0,0,0,0,0,0
2013-10-01,NO 15/9-F-12 H,5599,15/9-F-12,3420717,VOLVE,369304,MÆRSK INSPIRER,24.0,99.16389916666668,%,production,OP,32.0,478.100274812875,217.619266626375,59.370483418,478.100274812875,194.8583945,2363.1445151,2048.207750331,36100.8676798,0.866729790431089,0.9385621941069026,0,0,0,0,0,0,0,0
2013-10-02,NO 15/9-F-12 H,5599,15/9-F-12,3420717,VOLVE,369304,MÆRSK INSPIRER,24.0,99.169516875,%,production,OP,32.0,479.369375442625,217.364307952125,60.292118324125,479.369375442625,194.93607537500003,1855.6826443,1610.3796312010002,32612.8535443,0.8678098252131184,0.946162998215348,0,0,0,0,0,0,0,0
2013-10-03,NO 15/9-F-12 H,5599,15/9-F-12,3420717,VOLVE,369304,MÆRSK INSPIRER,24.0,99.161791875,%,production,OP,32.0,479.580671635625,216.931209376,60.906556703,479.580671635625,194.240910875,1845.8705407,1608.3960045020003,30327.5139789,0.8713482170272117,0.9426274055943508,0,0,0,0,0,0,0,0
2013-10-04,NO 15/9-F-12 H,5599,15/9-F-12,3420717,VOLVE,369304,MÆRSK INSPIRER,24.0,99.22588041666668,%,production,OP,32.0,479.3220054275,217.942858490875,60.435615295374994,479.3220054275,194.851691375,1842.0337566,1603.380610808,29574.4979257,0.8704404059171518,0.941367373864576,0,0,0,0,0,0,0,0
2013-10-05,NO 15/9-F-12 H,5599,15/9-F-12,3420717,VOLVE,369304,MÆRSK INSPIRER,24.0,99.437079375,%,production,OP,32.0,474.1315305215,220.045190344125,54.717643226625,474.1315305215,196.774251875,1866.2495251,1610.3365472670002,29944.0871613,0.8628731183096822,0.9413319782340472,0,0,0,0,0,0,0,0
2013-10-06,NO 15/9-F-12 H,5599,15/9-F-12,3420717,VOLVE,369304,MÆRSK INSPIRER,24.0,99.61135625,%,production,OP,32.0,477.21887586525,219.2854299325,58.047464911750005,477.21887586525,193.979846375,1878.8291451,1619.160278209,29366.179418500004,0.8617921871351537,0.9398678626931533,0,0,0,0,0,0,0,0
2013-10-07,NO 15/9-F-12 H,5599,15/9-F-12,3420717,VOLVE,369304,MÆRSK INSPIRER,24.0,97.59482854166669,%,production,OP,32.0,476.8717980025532,218.5434435548936,57.73472428123405,476.8717980025532,193.1861204255319,1877.1937945,1625.6295781020003,30602.7560645,0.8659892137215354,0.9422045353318228,0,0,0,0,0,0,0,0
2013-10-08,NO 15/9-F-12 H,5599,15/9-F-12,3420717,VOLVE,369304,MÆRSK INSPIRER,24.0,99.773069375,%,production,OP,32.0,476.074637845375,218.900429583125,56.8283057,476.074637845375,194.815332125,1857.3179949000005,1607.449217395,30477.5259474,0.865467960687877,0.9425598590110936,0,0,0,0,0,0,0,0
2013-10-09,NO 15/9-F-12 H,5599,15/9-F-12,3420717,VOLVE,369304,MÆRSK INSPIRER,24.0,99.74402083333334,%,production,OP,32.0,473.733461644,218.17688636875,54.251152672625,473.733461644,196.353680375,1837.6308896000005,1594.7175617510002,29552.5464888,0.867811686653855,0.9414584101437892,0,0,0,0,0,0,0,0
2013-10-10,NO 15/9-F-12 H,5599,15/9-F-12,3420717,VOLVE,369304,MÆRSK INSPIRER,24.0,99.73764229166666,%,production,OP,32.0,474.1978461253751,215.87556842275,55.036521356125,474.1978461253751,196.22608325,1842.285349,1592.368427907,29897.102280600004,0.8643440761070722,0.9419558634684592,0,0,0,0,0,0,0,0
2013-10-11,NO 15/9-F-12 H,5599,15/9-F-12,3420717,VOLVE,369304,MÆRSK INSPIRER,12.30833,54.53393208333333,%,production,OP,32.0,482.2543689379371,217.70455994110583,64.27562124492917,482.2543689379371,196.13255123083476,1025.7422148,889.660282545,15951.1468543,0.8673332048817612,0.9395800838054024,0,0,0,0,0,0,0,0
2013-10-12,NO 15/9-F-12 H,5599,15/9-F-12,3420717,VOLVE,369304,MÆRSK INSPIRER,8.85833,26.85191645833333,%,production,OP,32.0,538.9139132233214,165.0966218164315,119.77149050123772,538.9139132233214,175.17976623856416,627.4714456,569.4770829660001,12374.5092959,0.9075744991414796,0.9517403187964104,0,0,0,0,0,0,0,0
2013-10-13,NO 15/9-F-12 H,5599,15/9-F-12,3420717,VOLVE,369304,MÆRSK INSPIRER,24.0,99.05373583333332,%,production,OP,32.0,465.744801841875,211.35312645825,47.79895896675,465.744801841875,195.299258,1755.9262577000002,1525.853543604,30628.2926931,0.8689735898150068,0.94577833541801,0,0,0,0,0,0,0,0
2013-10-14,NO 15/9-F-12 H,5599,15/9-F-12,3420717,VOLVE,369304,MÆRSK INSPIRER,24.0,99.54420291666666,%,production,OP,32.0,475.81566040987497,216.758345231375,53.617173444875,475.81566040987497,195.025782125,1756.3036463,1531.6529236380002,29814.957362,0.8720889049366429,0.9443701774902729,0,0,0,0,0,0,0,0
2013-10-15,NO 15/9-F-12 H,5599,15/9-F-12,3420717,VOLVE,369304,MÆRSK INSPIRER,24.0,97.539795,%,production,OP,32.0,476.7458494720851,218.34535867787235,51.6010857767234,476.7458494720851,196.1487622553192,1765.7383613000002,1532.76039263,29799.0441427,0.8680563475449028,0.9440598597162442,0,0,0,0,0,0,0,0
2013-10-16,NO 15/9-F-12 H,5599,15/9-F-12,3420717,VOLVE,369304,MÆRSK INSPIRER,24.0,99.61915104166668,%,production,OP,32.0,475.92201858825,219.351382941375,52.31889902575,475.92201858825,196.44240875,1780.5823128999998,1546.274975173,30090.0736514,0.868409712918361,0.9441309800810336,0,0,0,0,0,0,0,0
2013-10-17,NO 15/9-F-12 H,5599,15/9-F-12,3420717,VOLVE,369304,MÆRSK INSPIRER,24.0,100.0,%,production,OP,32.0,472.05388232287504,217.805870099875,54.16826647725,472.05388232287504,196.361347625,1814.5472869,1580.299276035,30430.8555572,0.8709055351953969,0.9437269462666362,0,0,0,0,0,0,0,0
2013-10-18,NO 15/9-F-12 H,5599,15/9-F-12,3420717,VOLVE,369304,MÆRSK INSPIRER,24.0,99.588056875,%,production,OP,32.0,472.2693483583749,219.39580687212495,53.7208786365,472.2693483583749,196.506781625,1791.7152766000002,1554.756506672,30477.4630493,0.8677475305241252,0.9444759560189382,0,0,0,0,0,0,0,0
2013-10-19,NO 15/9-F-12 H,5599,15/9-F-12,3420717,VOLVE,369304,MÆRSK INSPIRER,24.0,99.517356875,%,production,OP,32.0,479.609600673375,216.80614431725,60.55638360337501,479.609600673375,193.40946875,1777.1229174000002,1541.447102536,30304.4303762,0.8673835036639992,0.944606082469376,0,0,0,0,0,0,0,0
2013-10-20,NO 15/9-F-12 H,5599,15/9-F-12,3420717,VOLVE,369304,MÆRSK INSPIRER,24.0,99.50070541666666,%,production,OP,32.0,479.904901063,214.86528206075,61.70390008637499,479.904901063,191.454426875,1808.4461712,1584.148578335,30193.0378411,0.8759722039632695,0.9434886778842846,0,0,0,0,0,0,0,0
2013-10-21,NO 15/9-F-12 H,5599,15/9-F-12,3420717,VOLVE,369304,MÆRSK INSPIRER,24.0,99.49150458333334,%,production,OP,32.0,479.16951610025,214.230888870375,61.109643140875,479.16951610025,191.832061625,1774.1038086,1556.751080928,30203.3531295,0.8774859021110384,0.9445201720688984,0,0,0,0,0,0,0,0
2013-10-22,NO 15/9-F-12 H,5599,15/9-F-12,3420717,VOLVE,369304,MÆRSK INSPIRER,24.0,99.62544645833331,%,production,OP,32.0,479.20270562925,214.973471343875,60.889384808124994,479.20270562925,193.1849075,1796.3068379,1560.0840823140002,30276.8181103,0.8684953201747205,0.9439933950682654,0,0,0,0,0,0,0,0
2013-10-23,NO 15/9-F-12 H,5599,15/9-F-12,3420717,VOLVE,369304,MÆRSK INSPIRER,24.0,99.66574833333334,%,production,OP,32.0,477.177579316375,216.24154764275,58.82328828187501,477.177579316375,194.810454125,1798.0679847,1557.206993705,30336.1939167,0.8660445583567928,0.9440451443939448,0,0,0,0,0,0,0,0
2013-10-24,NO 15/9-F-12 H,5599,15/9-F-12,3420717,VOLVE,369304,MÆRSK INSPIRER,24.0,97.70252625,%,production,OP,32.0,475.6499886328085,215.2105628923404,57.19695423638298,475.6499886328085,193.89094757446807,1804.7351833,1561.113505819,30338.3324521,0.8650097367551,0.9438530508733274,0,0,0,0,0,0,0,0
2013-10-25,NO 15/9-F-12 H,5599,15/9-F-12,3420717,VOLVE,369304,MÆRSK INSPIRER,24.0,99.690960625,%,production,OP,32.0,477.5530192442501,216.224260926125,59.415203468,477.5530192442501,194.55821825,1799.0743543,1557.642777103,30056.6118622,0.8658023351731129,0.9435242316843218,0,0,0,0,0,0,0,0
2013-10-26,NO 15/9-F-12 H,5599,15/9-F-12,3420717,VOLVE,369304,MÆRSK INSPIRER,24.0,99.72568333333334,%,production,OP,32.0,477.03019653537496,216.22485618625,58.51765695637499,477.03019653537496,194.6979725,1794.8601816,1549.7294591270004,30195.5537651,0.8634262852416271,0.9438938119215818,0,0,0,0,0,0,0,0
2013-10-27,NO 15/9-F-12 H,5599,15/9-F-12,3420717,VOLVE,369304,MÆRSK INSPIRER,24.14167,95.0920712,%,production,OP,32.0,485.2824959310725,214.5850718244286,67.0527351482053,485.2824959310725,192.7793057762781,1767.3108138000002,1532.0883538890002,30181.653285,0.8669037398095052,0.94468331404002,0,0,0,0,0,0,0,0
2013-10-28,NO 15/9-F-12 H,5599,15/9-F-12,3420717,VOLVE,369304,MÆRSK INSPIRER,10.19167,35.22713666666667,%,production,OP,32.0,472.9095178825234,180.93276642028923,86.64194494077219,472.9095178825234,184.5032250221892,887.7437834,777.485963171,12035.6143331,0.8757999523165121,0.93130703526148,0,0,0,0,0,0,0,0
2013-10-29,NO 15/9-F-12 H,5599,15/9-F-12,3420717,VOLVE,369304,MÆRSK INSPIRER,13.475,60.03653166666667,%,production,OP,32.0,466.8747964147189,210.7762114848436,51.72008639284466,466.8747964147189,195.2476075730746,1139.8393682,992.191923084,17664.1766078,0.8704664453297833,0.9393831950762644,0,0,0,0,0,0,0,0
2013-10-30,NO 15/9-F-12 H,5599,15/9-F-12,3420717,VOLVE,369304,MÆRSK INSPIRER,11.025,34.69197375,%,production,OP,32.0,502.7564956449828,155.6047711461484,72.60212717272316,502.7564956449828,169.13184991973878,963.9762806,809.7247528010001,15194.6085075,0.8399841044812946,0.9403427779572676,0,0,0,0,0,0,0,0
2013-10-31,NO 15/9-F-12 H,5599,15/9-F-12,3420717,VOLVE,369304,MÆRSK INSPIRER,24.0,100.0,%,production,OP,32.0,470.77929744375,207.51408844162495,56.05345831475,470.77929744375,191.575860875,1741.0823061,1498.9910639020002,30063.9709399,0.8609535911370664,0.9452576830281216,0,0,0,0,0,0,0,0
2013-11-01,NO 15/9-F-12 H,5599,15/9-F-12,3420717,VOLVE,369304,MÆRSK INSPIRER,24.0,99.19064166666666,%,production,OP,32.0,473.375601530375,211.5252684345,58.172472559625,473.375601530375,190.26838625,1768.0655910000005,1523.073217273,29655.259086100003,0.8614347934974318,0.943733974391052,0,0,0,0,0,0,0,0
2013-11-02,NO 15/9-F-12 H,5599,15/9-F-12,3420717,VOLVE,369304,MÆRSK INSPIRER,24.0,99.11998645833332,%,production,OP,32.0,473.0895593997501,214.30176108475,57.8078802655,473.0895593997501,193.211096,1819.3904406,1510.2066594750002,33097.2318124,0.8300618854394789,0.9478932862572732,0,0,0,0,0,0,0,0
2013-11-03,NO 15/9-F-12 H,5599,15/9-F-12,3420717,VOLVE,369304,MÆRSK INSPIRER,16.33334,59.913414375,%,production,OP,32.0,486.8075767359725,200.83856970997584,68.71404860256712,486.8075767359725,189.1677364041023,1285.8887564,1110.496168084,22736.3422899,0.8636020515436867,0.9464708854926256,0,0,0,0,0,0,0,0
2013-11-04,NO 15/9-F-12 H,5599,15/9-F-12,3420717,VOLVE,369304,MÆRSK INSPIRER,8.30833,27.138553541666667,%,production,OP,32.0,538.5282569954186,203.4446131539942,113.8643019895556,538.5282569954186,193.7881677722599,357.6385966,298.0207533,7435.9391782,0.8333014281266755,0.9541111146980018,0,0,0,0,0,0,0,0
2013-11-05,NO 15/9-F-12 H,5599,15/9-F-12,3420717,VOLVE,369304,MÆRSK INSPIRER,0.0,17.204655625,%,production,OP,32.0,893.742720864,58.587519948,485.5654683,893.742720864,107.78621,0.0,0.0,0.0,0.8397336009660599,0.9554521871096435,0,0,0,0,0,1,1,0
2013-11-06,NO 15/9-F-12 H,5599,15/9-F-12,3420717,VOLVE,369304,MÆRSK INSPIRER,0.0,22.202231458333333,%,production,OP,32.0,813.379775748,61.727302572,380.174620866,813.379775748,127.03586,0.0,0.0,0.0,0.8461657738054441,0.9567932595212852,0,0,0,0,0,1,1,0
2013-11-07,NO 15/9-F-12 H,5599,15/9-F-12,3420717,VOLVE,369304,MÆRSK INSPIRER,24.0,100.0,%,production,OP,32.0,460.5934939273297,201.7491078599774,43.0260975343015,460.5934939273297,190.03964109911885,934.5399698,796.7868593090001,21387.8070259,0.8525979466448285,0.958134331932927,0,0,0,0,0,0,0,0
2013-11-08,NO 15/9-F-12 H,5599,15/9-F-12,3420717,VOLVE,369304,MÆRSK INSPIRER,24.0,99.44500541666666,%,production,OP,32.0,467.07918467975,208.75220835025,48.776907898,467.07918467975,190.59368,1634.9732114,1402.46680698,28642.4738799,0.8577919180578446,0.9460002949895404,0,0,0,0,0,0,0,0
2013-11-09,NO 15/9-F-12 H,5599,15/9-F-12,3420717,VOLVE,369304,MÆRSK INSPIRER,24.0,99.4365,%,production,OP,32.0,465.08092363475,215.10195990375,46.547900459875,465.08092363475,195.48410975,1613.3991631,1386.776132623,28397.297086100003,0.8595369108525107,0.9462391958619418,0,0,0,0,0,0,0,0
2013-11-10,NO 15/9-F-12 H,5599,15/9-F-12,3420717,VOLVE,369304,MÆRSK INSPIRER,24.0,99.38273375,%,production,OP,32.0,465.9565119975,215.2396432685,47.46847779725,465.9565119975,195.577853,1608.1786208,1391.2056554439998,28820.8528915,0.8650815509236993,0.947149858510944,0,0,0,0,0,0,0,0
2013-11-11,NO 15/9-F-12 H,5599,15/9-F-12,3420717,VOLVE,369304,MÆRSK INSPIRER,24.0,78.65950270833333,%,production,OP,32.0,521.12716026575,192.974445925875,102.716660963,521.12716026575,191.300723375,1437.2844831,1224.6258623970002,26068.3691374,0.8520413855409278,0.9477458524370862,0,0,0,0,0,0,0,0
2013-11-12,NO 15/9-F-12 H,5599,15/9-F-12,3420717,VOLVE,369304,MÆRSK INSPIRER,24.0,98.98683020833332,%,production,OP,32.0,474.16708296125,250.13210572925,52.99126195587501,474.16708296125,192.829389125,1720.0743407000002,1469.5587334810002,28876.7064043,0.8543576860073092,0.9437825059101654,0,0,0,0,0,0,0,0
2013-11-13,NO 15/9-F-12 H,5599,15/9-F-12,3420717,VOLVE,369304,MÆRSK INSPIRER,24.0,99.618300625,%,production,OP,32.0,473.48033709612497,289.426447317,51.975107598125,473.48033709612497,193.4287685,1706.6141473,1464.29578374,28759.7788364,0.8580122144520089,0.9439837151640148,0,0,0,0,0,0,0,0
2013-11-14,NO 15/9-F-12 H,5599,15/9-F-12,3420717,VOLVE,369304,MÆRSK INSPIRER,24.0,99.696076875,%,production,OP,32.0,470.9667711452501,289.18146000525,52.2972098015,470.9667711452501,194.010443375,1726.8673355,1494.625813835,28389.3090274,0.865512817985085,0.9426598079818884,0,0,0,0,0,0,0,0
2013-11-15,NO 15/9-F-12 H,5599,15/9-F-12,3420717,VOLVE,369304,MÆRSK INSPIRER,24.0,99.79639166666666,%,production,OP,32.0,472.30532684725,289.9978607775,53.74234123887501,472.30532684725,193.016302625,1745.2335807000002,1505.4525945609998,27891.2818716,0.86260808364527,0.9411120520052718,0,0,0,0,0,0,0,0
2013-11-16,NO 15/9-F-12 H,5599,15/9-F-12,3420717,VOLVE,369304,MÆRSK INSPIRER,24.0,99.75020666666668,%,production,OP,32.0,473.733591573875,289.99044268812503,55.085683194875,473.733591573875,192.592915625,1762.4676601,1508.744630895,27869.8336195,0.8560410298872638,0.9405220794878544,0,0,0,0,0,0,0,0
2013-11-17,NO 15/9-F-12 H,5599,15/9-F-12,3420717,VOLVE,369304,MÆRSK INSPIRER,24.0,99.60091854166669,%,production,OP,32.0,472.798459068875,290.287571160875,54.128447503,472.798459068875,194.536824875,1711.8346896000005,1474.87959933,27727.2436268,0.8615782869049295,0.9418516207877892,0,0,0,0,0,0,0,0
2013-11-18,NO 15/9-F-12 H,5599,15/9-F-12,3420717,VOLVE,369304,MÆRSK INSPIRER,24.0,99.66419666666668,%,production,OP,32.0,472.126682334,290.90035671087503,53.273288346875006,472.126682334,194.86354775,1711.3944029,1482.661193475,27590.377361200004,0.8663468753681759,0.941594166500308,0,0,0,0,0,0,0,0
2013-11-19,NO 15/9-F-12 H,5599,15/9-F-12,3420717,VOLVE,369304,MÆRSK INSPIRER,24.0,99.6158775,%,production,OP,32.0,470.988520802,289.986877170625,51.93168382525,470.988520802,194.789502125,1679.6308624,1460.330649224,27901.8487524,0.869435470563666,0.9432201876217288,0,0,0,0,0,0,0,0
2013-11-20,NO 15/9-F-12 H,5599,15/9-F-12,3420717,VOLVE,369304,MÆRSK INSPIRER,24.0,99.62057,%,production,OP,32.0,474.82966186962494,289.35475624225,55.931309124124994,474.82966186962494,192.829491125,1721.7096913000005,1498.1004271680004,27584.590736,0.8701237117605113,0.9412512099379096,0,0,0,0,0,0,0,0
2013-11-21,NO 15/9-F-12 H,5599,15/9-F-12,3420717,VOLVE,369304,MÆRSK INSPIRER,24.0,99.67915166666668,%,production,OP,32.0,471.789638195,290.91935971050003,53.0577407275,471.789638195,195.272152625,1723.9740229,1491.600403486,28414.216675,0.8652104867432339,0.9427976934587476,0,0,0,0,0,0,0,0
2013-11-22,NO 15/9-F-12 H,5599,15/9-F-12,3420717,VOLVE,369304,MÆRSK INSPIRER,24.0,99.74448333333332,%,production,OP,32.0,469.665021857375,292.04218951725,50.832051033625,469.665021857375,196.198586,1746.9947275,1509.3855927000002,29312.5273392,0.8639897813887365,0.9437533287296452,0,0,0,0,0,0,0,0
2013-11-23,NO 15/9-F-12 H,5599,15/9-F-12,3420717,VOLVE,369304,MÆRSK INSPIRER,24.0,99.73162270833332,%,production,OP,32.0,469.53460550075,291.064678721625,50.750708888625,469.53460550075,196.29455525,1722.6531628,1483.6591868970002,29371.8402475,0.8612640193255506,0.9445994137910806,0,0,0,0,0,0,0,0
2013-11-24,NO 15/9-F-12 H,5599,15/9-F-12,3420717,VOLVE,369304,MÆRSK INSPIRER,24.0,99.62912916666669,%,production,OP,32.0,470.683750639625,288.220586276875,52.003728430125,470.683750639625,195.313913375,1708.2494978999998,1491.8765644399998,29518.9589034,0.8733364571592186,0.9452961188221716,0,0,0,0,0,0,0,0
2013-11-25,NO 15/9-F-12 H,5599,15/9-F-12,3420717,VOLVE,369304,MÆRSK INSPIRER,24.0,99.70244125,%,production,OP,32.0,470.2612640105,289.779992550125,51.801962442375,470.2612640105,195.654053,1709.8848485,1495.2272231760005,29557.767031100004,0.8744607711377123,0.945314574465517,0,0,0,0,0,0,0,0
2013-11-26,NO 15/9-F-12 H,5599,15/9-F-12,3420717,VOLVE,369304,MÆRSK INSPIRER,24.0,99.808485,%,production,OP,32.0,472.8109323368751,289.614754987,54.202039179874994,472.8109323368751,194.015457125,1716.1117604,1502.105820442,29551.9175078,0.8752960355518348,0.9451160882037004,0,0,0,0,0,0,0,0
2013-11-27,NO 15/9-F-12 H,5599,15/9-F-12,3420717,VOLVE,369304,MÆRSK INSPIRER,24.0,99.71805791666668,%,production,OP,32.0,470.2764265247501,288.75639593,51.593663701375,470.2764265247501,195.9225545,1713.1555497000002,1494.418163399,30446.705878400004,0.8723190160173695,0.9467300083512452,0,0,0,0,0,0,0,0
2013-11-28,NO 15/9-F-12 H,5599,15/9-F-12,3420717,VOLVE,369304,MÆRSK INSPIRER,24.0,99.67970125,%,production,OP,32.0,470.25225352475,287.925337254875,51.58637252025,470.25225352475,195.73304825,1710.2622371000002,1496.266887944,29408.1953493,0.8748757094006469,0.9450402632472552,0,0,0,0,0,0,0,0
2013-11-29,NO 15/9-F-12 H,5599,15/9-F-12,3420717,VOLVE,369304,MÆRSK INSPIRER,24.0,99.59318104166668,%,production,OP,32.0,472.4319329347501,286.988071482625,53.550132651,472.4319329347501,193.82777825,1699.4437639,1491.386043257,29513.423870600003,0.8775730476861824,0.9455531038096102,0,0,0,0,0,0,0,0
2013-11-30,NO 15/9-F-12 H,5599,15/9-F-12,3420717,VOLVE,369304,MÆRSK INSPIRER,24.0,99.586926875,%,production,OP,32.0,470.789737158125,288.00732904925,52.051337153625,470.789737158125,195.50296475,1705.5448796000005,1492.5468374460002,29675.7009686,0.8751143727135727,0.9456508231747648,0,0,0,0,0,0,0,0
2013-12-01,NO 15/9-F-12 H,5599,15/9-F-12,3420717,VOLVE,369304,MÆRSK INSPIRER,24.0,99.59993291666666,%,production,OP,32.0,469.87667762375,287.62158840175,51.253972618875,469.87667762375,195.712508,1708.4381922,1489.786993641,29438.9525202,0.8720169102064868,0.9451498776261904,0,0,0,0,0,0,0,0
2013-12-02,NO 15/9-F-12 H,5599,15/9-F-12,3420717,VOLVE,369304,MÆRSK INSPIRER,24.0,99.69067520833332,%,production,OP,32.0,474.427809917625,288.1328413085,55.5815953115,474.427809917625,192.0987785,1770.3299226,1541.033214252,30813.5904957,0.870477979600976,0.9456686027993816,0,0,0,0,0,0,0,0
2013-12-03,NO 15/9-F-12 H,5599,15/9-F-12,3420717,VOLVE,369304,MÆRSK INSPIRER,24.0,99.69703791666667,%,production,OP,32.0,473.557651415,287.31008303725,54.81276096,473.557651415,193.05386375,1765.9899537,1526.988911209,28680.2127399,0.8646645514657324,0.9419963805840648,0,0,0,0,0,0,0,0
2013-12-04,NO 15/9-F-12 H,5599,15/9-F-12,3420717,VOLVE,369304,MÆRSK INSPIRER,24.0,99.55774520833332,%,production,OP,32.0,471.3700795205,286.405399447375,52.662497069375,471.3700795205,194.911208,1710.5767276,1466.341917458,28713.1713443,0.8572207804529938,0.9437749509509012,0,0,0,0,0,0,0,0
2013-12-05,NO 15/9-F-12 H,5599,15/9-F-12,3420717,VOLVE,369304,MÆRSK INSPIRER,23.39167,95.56766458333334,%,production,OP,32.0,481.1918385871852,281.8912042605589,62.35625438648505,481.1918385871852,190.6772934504206,1665.4787899000005,1449.688917526,27189.9051585,0.8704337313194143,0.9422818704170336,0,0,0,0,0,0,0,0
2013-12-06,NO 15/9-F-12 H,5599,15/9-F-12,3420717,VOLVE,369304,MÆRSK INSPIRER,10.275,52.90703,%,production,OP,32.0,466.872682901343,273.82471547969345,48.54054606845256,466.872682901343,193.0396891824817,671.8775042,605.92609113,14654.628319,0.9018401231508296,0.9561623822187204,0,0,0,0,0,0,0,0
2013-12-07,NO 15/9-F-12 H,5599,15/9-F-12,3420717,VOLVE,369304,MÆRSK INSPIRER,24.0,99.22355979166667,%,production,OP,32.0,467.0451430525,283.49352893225,49.3330923685,467.0451430525,194.396915375,1582.3275017,1394.852251366,27980.597173600003,0.8815193124479079,0.9464759485375936,0,0,0,0,0,0,0,0
2013-12-08,NO 15/9-F-12 H,5599,15/9-F-12,3420717,VOLVE,369304,MÆRSK INSPIRER,24.0,99.68345354166668,%,production,OP,32.0,469.061113841625,284.328715147125,53.00631267,469.061113841625,193.09551275,1665.4158917999998,1463.354293838,28085.8256949,0.8786719888065861,0.9440219700765528,0,0,0,0,0,0,0,0
2013-12-09,NO 15/9-F-12 H,5599,15/9-F-12,3420717,VOLVE,369304,MÆRSK INSPIRER,9.225,44.6389475,%,production,OP,32.0,470.1317160885529,285.79624463775605,53.25118201554472,470.1317160885529,194.36007224390244,662.1911968000001,586.037205237,11150.7009642,0.8849969737879184,0.9439433469996272,0,0,0,0,0,0,0,0
2013-12-10,NO 15/9-F-12 H,5599,15/9-F-12,3420717,VOLVE,369304,MÆRSK INSPIRER,14.5,72.21582395833333,%,production,OP,32.0,475.7219185369758,273.1948278777828,57.41631009066207,475.7219185369758,189.7236685586207,971.2724602,811.3799527900002,24661.9676214,0.8353783166290173,0.9621088689097403,0,0,0,0,0,0,0,0
2013-12-11,NO 15/9-F-12 H,5599,15/9-F-12,3420717,VOLVE,369304,MÆRSK INSPIRER,0.0,3.5874285416666667,%,production,OP,32.0,375.614771184,108.788507622,334.104605508,375.614771184,64.846256,0.0,0.0,0.0,0.8648931967549988,0.959605456913899,0,0,0,0,0,1,1,0
2013-12-12,NO 15/9-F-12 H,5599,15/9-F-12,3420717,VOLVE,369304,MÆRSK INSPIRER,24.0,95.40340916666666,%,production,OP,32.0,462.9971280871328,271.52912052863974,46.77613130243742,462.9971280871328,190.816889034134,1315.6395576999998,1176.7186466710002,29353.4111042,0.8944080768809802,0.9571020449180576,0,0,0,0,0,0,0,0
2013-12-13,NO 15/9-F-12 H,5599,15/9-F-12,3420717,VOLVE,369304,MÆRSK INSPIRER,8.05833,33.90662583333334,%,production,OP,32.0,472.0591690898299,281.6640121611249,55.57268354508061,472.0591690898299,192.92355987274533,853.4014208000001,804.2760477380001,18385.9323053,0.9424357964907668,0.9556428807281264,0,0,0,0,0,0,0,0
2013-12-14,NO 15/9-F-12 H,5599,15/9-F-12,3420717,VOLVE,369304,MÆRSK INSPIRER,20.275,100.0,%,production,OP,32.0,468.3145834827965,268.2915910602466,53.87616636108015,468.3145834827965,189.9541006707768,1353.0639272,1181.131218436,26387.136708200003,0.8729308310511287,0.9512237151784216,0,0,0,0,0,0,0,0
2013-12-15,NO 15/9-F-12 H,5599,15/9-F-12,3420717,VOLVE,369304,MÆRSK INSPIRER,18.39167,90.787883125,%,production,OP,32.0,478.3991918119559,282.29087845469087,63.993239371648976,478.3991918119559,192.40508649342013,1312.3059584,1152.127608473,25825.205082800003,0.8779413071306222,0.951642361143302,0,0,0,0,0,0,0,0
2013-12-16,NO 15/9-F-12 H,5599,15/9-F-12,3420717,VOLVE,369304,MÆRSK INSPIRER,24.0,100.0,%,production,OP,32.0,474.8914546878993,283.6514819422864,59.61138390599817,474.8914546878993,190.84253532858932,1595.5361027,1383.227711567,29475.6221125,0.8669360155663496,0.9486489659751576,0,0,0,0,0,0,0,0
2013-12-17,NO 15/9-F-12 H,5599,15/9-F-12,3420717,VOLVE,369304,MÆRSK INSPIRER,24.0,100.0,%,production,OP,32.0,475.084838100875,284.61464849925,60.083136695875,475.084838100875,190.789659875,1786.3689381,1539.35364712,28823.4946117,0.8617221304560255,0.9416407415474524,0,0,0,0,0,0,0,0
2013-12-18,NO 15/9-F-12 H,5599,15/9-F-12,3420717,VOLVE,369304,MÆRSK INSPIRER,24.0,100.0,%,production,OP,32.0,476.97939697587503,283.6292905435,61.885164348500005,476.97939697587503,192.279237875,1730.8928139,1502.0380162180002,29025.2088184,0.8677822243849113,0.9437219698844336,0,0,0,0,0,0,0,0
2013-12-19,NO 15/9-F-12 H,5599,15/9-F-12,3420717,VOLVE,369304,MÆRSK INSPIRER,24.0,100.0,%,production,OP,32.0,476.34581055937497,283.60800017375,60.91422558725,476.34581055937497,190.51192775,1728.7542785000005,1498.8229659300002,29066.1554815,0.8669959545844155,0.9438623366013073,0,0,0,0,0,0,0,0
2013-12-20,NO 15/9-F-12 H,5599,15/9-F-12,3420717,VOLVE,369304,MÆRSK INSPIRER,13.475,71.48486145833333,%,production,OP,32.0,482.9808942361173,284.31335978104875,66.42749183490515,482.9808942361173,190.3619729693596,953.2207055,783.542081074,19135.8663516,0.8219943991491484,0.9525503223321884,0,0,0,0,0,0,0,0
2013-12-21,NO 15/9-F-12 H,5599,15/9-F-12,3420717,VOLVE,369304,MÆRSK INSPIRER,24.0,99.80814270833334,%,production,OP,32.0,476.21293606606486,280.7603856992152,59.30373365225774,476.21293606606486,189.8825604957446,1635.2248038000002,1441.0241027340005,29169.4341617,0.8812391417897352,0.9469163153005072,0,0,0,0,0,0,0,0
2013-12-22,NO 15/9-F-12 H,5599,15/9-F-12,3420717,VOLVE,369304,MÆRSK INSPIRER,24.0,100.0,%,production,OP,32.0,475.73591368287504,283.70603377525,60.136679890874994,475.73591368287504,192.0516485,1739.0066688000002,1511.375929192,29229.4389491,0.8691030093834681,0.943845852315079,0,0,0,0,0,0,0,0
2013-12-23,NO 15/9-F-12 H,5599,15/9-F-12,3420717,VOLVE,369304,MÆRSK INSPIRER,24.0,99.80330645833334,%,production,OP,32.0,477.6941714345,283.468434336625,62.1267009645,477.6941714345,192.064530125,1728.0623994,1501.865680482,29441.971629,0.8691038477565755,0.9445601375402572,0,0,0,0,0,0,0,0
2013-12-24,NO 15/9-F-12 H,5599,15/9-F-12,3420717,VOLVE,369304,MÆRSK INSPIRER,24.0,99.80115979166666,%,production,OP,32.0,478.60654808162496,282.79571485475,62.875882667,478.60654808162496,190.89464375,1726.4899469000002,1500.080875544,30153.726528600004,0.868861633534253,0.945844472284973,0,0,0,0,0,0,0,0
2013-12-25,NO 15/9-F-12 H,5599,15/9-F-12,3420717,VOLVE,369304,MÆRSK INSPIRER,24.0,99.91111729166668,%,production,OP,32.0,479.46897122425,282.031008043,63.694981750375,479.46897122425,189.04145,1778.5066756,1543.3258445760002,29370.3935912,0.8677649995636599,0.9429030668702092,0,0,0,0,0,0,0,0
2013-12-26,NO 15/9-F-12 H,5599,15/9-F-12,3420717,VOLVE,369304,MÆRSK INSPIRER,21.14167,86.90284875,%,production,OP,32.0,483.9796555740513,283.3211123651394,69.4021163002089,483.9796555740513,190.26584514637017,1514.0201651,1332.0944979960002,25397.4351047,0.8798393368215253,0.9437406803191714,0,0,0,0,0,0,0,0
2013-12-27,NO 15/9-F-12 H,5599,15/9-F-12,3420717,VOLVE,369304,MÆRSK INSPIRER,16.0,64.35345041666666,%,production,OP,32.0,497.6505108918142,271.1989427399519,51.3529056420096,497.6505108918142,188.8973722172068,972.0901355,892.7570285880001,19014.5359167,0.9183891451884814,0.9513629697698278,0,0,0,0,0,0,0,0
2013-12-28,NO 15/9-F-12 H,5599,15/9-F-12,3420717,VOLVE,369304,MÆRSK INSPIRER,24.0,99.39664791666668,%,production,OP,32.0,478.8034220585,279.27143044950003,57.143983928625,478.8034220585,189.33535475,1687.1786344000002,1478.271576265,28993.004991200003,0.8761796445998189,0.9450075444466312,0,0,0,0,0,0,0,0
2013-12-29,NO 15/9-F-12 H,5599,15/9-F-12,3420717,VOLVE,369304,MÆRSK INSPIRER,24.0,99.46836895833331,%,production,OP,32.0,469.538657499875,284.916418188,54.23981855725,469.538657499875,195.49094225,1721.8983856,1496.3837796010002,29329.8243167,0.8690314086563136,0.944547412003249,0,0,0,0,0,0,0,0
2013-12-30,NO 15/9-F-12 H,5599,15/9-F-12,3420717,VOLVE,369304,MÆRSK INSPIRER,24.0,99.44573875,%,production,OP,32.0,477.08884929825,282.423931093125,62.0052074665,477.08884929825,192.613047125,1718.6905825,1495.790492641,29220.0042341,0.8703081915217279,0.9444485104272128,0,0,0,0,0,0,0,0
2013-12-31,NO 15/9-F-12 H,5599,15/9-F-12,3420717,VOLVE,369304,MÆRSK INSPIRER,22.66666,80.48984333333334,%,production,OP,32.0,524.8046811397523,271.98298682915663,91.35574601013408,524.8046811397523,186.93708765013548,1504.5854501,1345.608021098,25463.4781097,0.8943380523908204,0.9442086211802462,0,0,0,0,0,0,0,0
2014-01-01,NO 15/9-F-12 H,5599,15/9-F-12,3420717,VOLVE,369304,MÆRSK INSPIRER,24.0,99.14743458333334,%,production,OP,32.0,476.35869779,281.212724798375,61.086718072,476.35869779,193.178361125,1737.5600125,1528.0310480060002,30556.2114705,0.879411955278293,0.9461951970083556,0,0,0,0,0,0,0,0
2014-01-02,NO 15/9-F-12 H,5599,15/9-F-12,3420717,VOLVE,369304,MÆRSK INSPIRER,24.0,99.30609854166669,%,production,OP,32.0,478.31457752275,282.39551875325,62.85036806550001,478.31457752275,192.29556575,1730.8928139,1505.365014105,29875.0879456,0.8697043525838859,0.9452352759728953,0,0,0,0,0,0,0,0
2014-01-03,NO 15/9-F-12 H,5599,15/9-F-12,3420717,VOLVE,369304,MÆRSK INSPIRER,24.0,76.35211291666667,%,production,OP,32.0,548.458565164625,279.534665354625,134.207761745125,548.458565164625,191.1150575,1464.7080547,1281.458868548,25758.4701987,0.8748902994258928,0.9461962875507725,0,0,0,0,0,0,0,0
2014-01-04,NO 15/9-F-12 H,5599,15/9-F-12,3420717,VOLVE,369304,MÆRSK INSPIRER,13.975,49.281214166666665,%,production,OP,32.0,531.9700660760725,277.43083171086994,115.56207203231322,531.9700660760725,188.57368714275492,1076.3122872,939.647887248,16964.246551,0.8730253277071386,0.94033930451639,0,0,0,0,0,0,0,0
2014-01-05,NO 15/9-F-12 H,5599,15/9-F-12,3420717,VOLVE,369304,MÆRSK INSPIRER,5.19167,17.141949791666665,%,production,OP,32.0,512.7021908054886,208.92091805395148,87.92138512635921,512.7021908054886,177.50061719648977,322.7301511,291.30601624200006,8843.8502486,0.9026303097157384,0.964792743092008,0,0,0,0,0,0,0,0
2014-01-06,NO 15/9-F-12 H,5599,15/9-F-12,3420717,VOLVE,369304,MÆRSK INSPIRER,24.0,98.88916458333334,%,production,OP,32.0,468.637237265,270.679318897,50.6210539815,468.637237265,191.055700625,1638.3068107,1432.0615850210002,30269.9622174,0.8741107438899814,0.9486557290444924,0,0,0,0,0,0,0,0
2014-01-07,NO 15/9-F-12 H,5599,15/9-F-12,3420717,VOLVE,369304,MÆRSK INSPIRER,24.0,98.9493225,%,production,OP,32.0,474.82862847387497,279.8611066115,56.5660649095,474.82862847387497,190.574375375,1697.4939228,1489.829724428,28383.8368927,0.8776642463441283,0.9435698529027402,0,0,0,0,0,0,0,0
2014-01-08,NO 15/9-F-12 H,5599,15/9-F-12,3420717,VOLVE,369304,MÆRSK INSPIRER,24.0,99.167544375,%,production,OP,32.0,471.659131189625,282.53048869875,52.776258229,471.659131189625,192.162598625,1773.3490314,1536.6810306240002,29313.1563202,0.8665417824774414,0.9429543780703956,0,0,0,0,0,0,0,0
2014-01-09,NO 15/9-F-12 H,5599,15/9-F-12,3420717,VOLVE,369304,MÆRSK INSPIRER,24.0,99.17127854166668,%,production,OP,32.0,468.6074863452501,284.478515228125,49.710414768750006,468.6074863452501,194.477805125,1731.1444063,1505.3915001300002,28886.7072022,0.8695932555664118,0.9434596382386474,0,0,0,0,0,0,0,0
2014-01-10,NO 15/9-F-12 H,5599,15/9-F-12,3420717,VOLVE,369304,MÆRSK INSPIRER,24.0,99.23068395833332,%,production,OP,32.0,468.390648492,284.5197271715,49.53392769575,468.390648492,194.994464375,1735.1069866,1502.048257481,28874.3162765,0.8656804848814041,0.943314613552628,0,0,0,0,0,0,0,0
2014-01-11,NO 15/9-F-12 H,5599,15/9-F-12,3420717,VOLVE,369304,MÆRSK INSPIRER,24.0,99.162470625,%,production,OP,32.0,468.224625306375,282.824967206375,49.353708915875,468.224625306375,195.1661555,1727.1818260000002,1493.937177185,28375.282751100003,0.8649565174297983,0.9426232419748805,0,0,0,0,0,0,0,0
2014-01-12,NO 15/9-F-12 H,5599,15/9-F-12,3420717,VOLVE,369304,MÆRSK INSPIRER,24.0,99.18409583333332,%,production,OP,32.0,469.99006410187496,283.780012220125,51.312096597375,469.99006410187496,194.78603825,1719.9485445,1493.06666983,27671.0127254,0.8680879870531499,0.9414803575594024,0,0,0,0,0,0,0,0
2014-01-13,NO 15/9-F-12 H,5599,15/9-F-12,3420717,VOLVE,369304,MÆRSK INSPIRER,24.0,99.12839604166666,%,production,OP,32.0,473.8582547565,281.266975053625,55.32498683,473.8582547565,192.57979325,1735.2956809,1512.135195242,28547.7493413,0.8713991580142358,0.942697450681466,0,0,0,0,0,0,0,0
2014-01-14,NO 15/9-F-12 H,5599,15/9-F-12,3420717,VOLVE,369304,MÆRSK INSPIRER,24.0,99.161796875,%,production,OP,32.0,474.61425928825,281.78901818325,56.200880376875,474.61425928825,192.28785425,1692.4620748,1471.554720325,29427.3792698,0.8694757432002694,0.9456146946233168,0,0,0,0,0,0,0,0
2014-01-15,NO 15/9-F-12 H,5599,15/9-F-12,3420717,VOLVE,369304,MÆRSK INSPIRER,24.0,67.09771291666667,%,production,OP,32.0,575.394986265125,275.1059874355,158.504908229875,575.394986265125,188.045298875,1344.5726837000002,1175.147495668,23622.639417,0.8739932841966005,0.9461464628779156,0,0,0,0,0,0,0,0
2014-01-16,NO 15/9-F-12 H,5599,15/9-F-12,3420717,VOLVE,369304,MÆRSK INSPIRER,24.0,46.57028270833333,%,production,OP,32.0,646.4725325954043,266.066569626125,230.0473855699149,646.4725325954043,183.72558429787236,1281.3600932,1073.753694763,21285.975002,0.8379796596298432,0.9432205846284196,0,0,0,0,0,0,0,0
2014-01-17,NO 15/9-F-12 H,5599,15/9-F-12,3420717,VOLVE,369304,MÆRSK INSPIRER,24.0,96.86162041666668,%,production,OP,32.0,480.812079293617,275.9903661554043,61.412968195021286,480.812079293617,187.7190861276596,1697.6826171000002,1415.201994094,28452.6474141,0.8336081078048989,0.94369273519251,0,0,0,0,0,0,0,0
2014-01-18,NO 15/9-F-12 H,5599,15/9-F-12,3420717,VOLVE,369304,MÆRSK INSPIRER,10.14167,46.98544604166667,%,production,OP,32.0,485.30312173942326,276.4710425804233,66.19334035382636,485.30312173942326,187.738183353994,524.5072559,445.365335551,10147.2875749,0.8491118674551019,0.950851073861895,0,0,0,0,0,0,0,0
2014-01-19,NO 15/9-F-12 H,5599,15/9-F-12,3420717,VOLVE,369304,MÆRSK INSPIRER,0.0,25.309311041666668,%,production,OP,32.0,278.14589931,90.01855989,24.708528642,278.14589931,108.70259,0.0,0.0,0.0,0.8422904285814885,0.9511291346439081,0,0,0,0,0,1,1,0
2014-01-20,NO 15/9-F-12 H,5599,15/9-F-12,3420717,VOLVE,369304,MÆRSK INSPIRER,0.0,24.79054354166667,%,production,OP,32.0,355.33149696,72.26880945,24.791780454,355.33149696,95.894924,0.0,0.0,0.0,0.8354689897078751,0.9514071954259212,0,0,0,0,0,1,1,0
2014-01-21,NO 15/9-F-12 H,5599,15/9-F-12,3420717,VOLVE,369304,MÆRSK INSPIRER,0.0,25.314370416666662,%,production,OP,32.0,381.046589322,64.000048032,27.362433966,381.046589322,103.121204,0.0,0.0,0.0,0.8286475508342617,0.9516852562079343,0,0,0,0,0,1,1,0
2014-01-22,NO 15/9-F-12 H,5599,15/9-F-12,3420717,VOLVE,369304,MÆRSK INSPIRER,0.0,25.352445,%,production,OP,32.0,413.55265092,59.123870472,33.41530482,413.55265092,105.157094,0.0,0.0,0.0,0.8218261119606484,0.9519633169899474,0,0,0,0,0,1,1,0
2014-01-23,NO 15/9-F-12 H,5599,15/9-F-12,3420717,VOLVE,369304,MÆRSK INSPIRER,0.0,25.362718125,%,production,OP,32.0,457.761828738,55.637011914,38.118307008,457.761828738,109.065524,0.0,0.0,0.0,0.815004673087035,0.9522413777719605,0,0,0,0,0,1,1,0
2014-01-24,NO 15/9-F-12 H,5599,15/9-F-12,3420717,VOLVE,369304,MÆRSK INSPIRER,4.19167,23.10252583333333,%,production,OP,32.0,602.28073778202,183.3582766480141,177.82068023474633,602.28073778202,179.18649894508872,147.8734331,119.50882941700002,2966.5259884,0.8081832342134215,0.9525194385539736,0,0,0,0,0,0,0,0
2014-01-25,NO 15/9-F-12 H,5599,15/9-F-12,3420717,VOLVE,369304,MÆRSK INSPIRER,13.475,29.44400333333333,%,production,OP,32.0,616.7260888651684,235.5834038081458,193.6518664426056,616.7260888651684,185.07990757874435,703.2636561,582.863473148,12460.6167948,0.8287979452547171,0.9465762653555608,0,0,0,0,0,0,0,0
2014-01-26,NO 15/9-F-12 H,5599,15/9-F-12,3420717,VOLVE,369304,MÆRSK INSPIRER,24.0,40.1774375,%,production,OP,32.0,657.233071833895,256.4471979073185,236.9112578788901,657.233071833895,184.80169504244776,920.8910821,739.6688635290001,19812.9643981,0.8032099321043041,0.9555851499505524,0,0,0,0,0,0,0,0
2014-01-27,NO 15/9-F-12 H,5599,15/9-F-12,3420717,VOLVE,369304,MÆRSK INSPIRER,21.83333,35.5513475,%,production,OP,32.0,656.1706997090309,256.26102043577816,239.3449540718767,656.1706997090309,178.2485525016578,960.1394965,743.9889107800002,19074.4149079,0.7748758524069321,0.9520758247416208,0,0,0,0,0,0,0,0
2014-01-28,NO 15/9-F-12 H,5599,15/9-F-12,3420717,VOLVE,369304,MÆRSK INSPIRER,9.64167,35.489149166666664,%,production,OP,32.0,675.3332472761438,262.81097969705814,259.49833812382224,675.3332472761438,181.05102562247,447.9602682,363.516808508,8738.9991159,0.811493416522604,0.9512395505987224,0,0,0,0,0,0,0,0
2014-01-29,NO 15/9-F-12 H,5599,15/9-F-12,3420717,VOLVE,369304,MÆRSK INSPIRER,2.0,5.334822291666667,%,production,OP,32.0,775.1474187795008,110.38336470784031,451.83949377151714,775.1474187795008,75.3674919917,25.0963419,20.708893227,347.3862063,0.8251757690231339,0.9326241134751772,0,0,0,0,0,0,0,0
2014-01-31,NO 15/9-F-12 H,5599,15/9-F-12,3420717,VOLVE,369304,MÆRSK INSPIRER,21.69167,100.0,%,production,OP,32.0,477.5105674066343,236.07247603426347,63.24501526833247,477.5105674066343,184.4253315198212,1595.8505932,1395.732999984,28747.0734202,0.8746012978478618,0.9474061698043588,0,0,0,0,0,0,0,0
2014-02-01,NO 15/9-F-12 H,5599,15/9-F-12,3420717,VOLVE,369304,MÆRSK INSPIRER,24.0,97.17012729166666,%,production,OP,32.0,467.002208782875,275.914843210125,53.109099287625,467.002208782875,189.90873875,1524.649944,1304.1482101510005,30471.6764241,0.8553755012967097,0.952349218892827,0,0,0,0,0,0,0,0
2014-02-02,NO 15/9-F-12 H,5599,15/9-F-12,3420717,VOLVE,369304,MÆRSK INSPIRER,24.0,97.35867020833334,%,production,OP,32.0,478.29295175262496,284.11808069,58.789131832875,478.29295175262496,190.460531375,1567.4835501,1312.695780139,30796.545110600004,0.8374542623144304,0.9515671066005632,0,0,0,0,0,0,0,0
2014-02-03,NO 15/9-F-12 H,5599,15/9-F-12,3420717,VOLVE,369304,MÆRSK INSPIRER,24.0,97.38180020833332,%,production,OP,32.0,473.996624030125,287.826022484375,59.68779936737501,473.996624030125,193.28142275,1574.2765449,1310.883782882,30287.2591949,0.8326896485428289,0.950590060763032,0,0,0,0,0,0,0,0
2014-02-04,NO 15/9-F-12 H,5599,15/9-F-12,3420717,VOLVE,369304,MÆRSK INSPIRER,24.0,97.40584145833331,%,production,OP,32.0,473.7049737635001,288.284227742625,59.5267981225,473.7049737635001,192.967742,1567.0432634,1305.624717758,30296.1907251,0.8331771995402333,0.9508197044918424,0,0,0,0,0,0,0,0
2014-02-05,NO 15/9-F-12 H,5599,15/9-F-12,3420717,VOLVE,369304,MÆRSK INSPIRER,24.0,97.4716525,%,production,OP,32.0,475.26141884425,288.489405145,59.331302006625,475.26141884425,191.680788125,1572.3896019,1307.8597851210002,30083.3435547,0.8317657300332215,0.9503284414825766,0,0,0,0,0,0,0,0
2014-02-06,NO 15/9-F-12 H,5599,15/9-F-12,3420717,VOLVE,369304,MÆRSK INSPIRER,7.9,53.528183125,%,production,OP,32.0,499.114020594489,286.2719128480932,60.75505741917882,499.114020594489,189.154011732752,814.7819873999999,700.5105115810001,11598.2838438,0.8597520838873176,0.9343609388301108,0,0,0,0,0,0,0,0
2014-02-08,NO 15/9-F-12 H,5599,15/9-F-12,3420717,VOLVE,369304,MÆRSK INSPIRER,6.5,17.57392625,%,production,OP,32.0,459.0820228137526,235.1710990489989,42.48791803585876,459.0820228137526,186.65729949795096,234.7357092,193.07252784,2594.2321345,0.822510254183346,0.917024256842386,0,0,0,0,0,0,0,0
2014-02-09,NO 15/9-F-12 H,5599,15/9-F-12,3420717,VOLVE,369304,MÆRSK INSPIRER,24.0,99.94493458333334,%,production,OP,32.0,467.548796572375,269.03582684325,50.001052791,467.548796572375,189.862139,1548.6141201,1303.6855875810004,28735.3114755,0.8418401786862284,0.9488634947536326,0,0,0,0,0,0,0,0
2014-02-10,NO 15/9-F-12 H,5599,15/9-F-12,3420717,VOLVE,369304,MÆRSK INSPIRER,4.0,17.524344375,%,production,OP,32.0,475.38575281885335,280.79537334254024,58.59118955417604,475.38575281885335,188.8954424562517,162.8431809,146.602973551,3540.7227433,0.900270878649976,0.956030705478754,0,0,0,0,0,0,0,0
2014-02-11,NO 15/9-F-12 H,5599,15/9-F-12,3420717,VOLVE,369304,MÆRSK INSPIRER,0.0,0.622566875,%,production,OP,32.0,5.644298808,79.120839684,278.799150462,5.644298808,45.529898,0.0,0.0,0.0,0.8782265592336524,0.9536063725897366,0,0,0,0,0,1,1,0
2014-02-12,NO 15/9-F-12 H,5599,15/9-F-12,3420717,VOLVE,369304,MÆRSK INSPIRER,22.5,84.606056875,%,production,OP,32.0,486.296219902552,258.108529208021,47.94042951432357,486.296219902552,189.0659558506955,1428.9819339,1223.468952825,27842.6616403,0.8561822398173288,0.951182039700719,0,0,0,0,0,0,0,0
2014-02-13,NO 15/9-F-12 H,5599,15/9-F-12,3420717,VOLVE,369304,MÆRSK INSPIRER,24.0,100.0,%,production,OP,32.0,480.599696537125,280.7750152225,63.34021578075,480.599696537125,189.443376125,1643.7789454,1398.288724823,29578.7749965,0.8506549671633238,0.9473528351185236,0,0,0,0,0,0,0,0
2014-02-14,NO 15/9-F-12 H,5599,15/9-F-12,3420717,VOLVE,369304,MÆRSK INSPIRER,24.0,100.0,%,production,OP,32.0,477.660147937,288.69486960175,62.293346604875,477.660147937,192.892071125,1672.7120714,1419.477544823,30143.222545900004,0.8486084180853363,0.9474253360298754,0,0,0,0,0,0,0,0
2014-02-15,NO 15/9-F-12 H,5599,15/9-F-12,3420717,VOLVE,369304,MÆRSK INSPIRER,24.0,72.033596875,%,production,OP,32.0,563.172667243,286.222095588375,148.508883226625,563.172667243,191.465617625,1378.3489634,1163.68646293,25087.2845736,0.8442611369326329,0.9479192908239656,0,0,0,0,0,0,0,0
2014-02-16,NO 15/9-F-12 H,5599,15/9-F-12,3420717,VOLVE,369304,MÆRSK INSPIRER,24.0,99.72818875,%,production,OP,32.0,475.0796409058751,290.491219621,59.061634061875,475.0796409058751,195.49693287500003,1674.7877087,1415.033542975,30117.4343249,0.844903229002901,0.9473208350479566,0,0,0,0,0,0,0,0
2014-02-17,NO 15/9-F-12 H,5599,15/9-F-12,3420717,VOLVE,369304,MÆRSK INSPIRER,24.0,100.0,%,production,OP,32.0,474.726987052125,296.57501378525,58.756685623625,474.726987052125,196.01922575,1696.7391456,1454.032272479,30330.6588839,0.8569568729816898,0.9470222606270682,0,0,0,0,0,0,0,0
2014-02-18,NO 15/9-F-12 H,5599,15/9-F-12,3420717,VOLVE,369304,MÆRSK INSPIRER,17.0,62.15458541666667,%,production,OP,32.0,483.0491014167736,289.3086800185359,64.69473407769057,483.0491014167736,191.78019924528303,1184.5599173,1052.883766504,21640.091305,0.8888396028998405,0.9481017297586274,0,0,0,0,0,0,0,0
2014-02-19,NO 15/9-F-12 H,5599,15/9-F-12,3420717,VOLVE,369304,MÆRSK INSPIRER,24.0,100.0,%,production,OP,32.0,475.13623896375,292.811552653125,59.211277018375,475.13623896375,195.411521375,1676.4230592999995,1429.9893184250002,31117.9544016,0.8530002677379662,0.9488807780754868,0,0,0,0,0,0,0,0
2014-02-20,NO 15/9-F-12 H,5599,15/9-F-12,3420717,VOLVE,369304,MÆRSK INSPIRER,24.0,100.0,%,production,OP,32.0,481.887096127875,293.13090517775,65.845242619375,481.887096127875,193.247283875,1719.5711559,1461.783495982,30048.2464149,0.8500860758023837,0.9458706550405094,0,0,0,0,0,0,0,0
2014-02-21,NO 15/9-F-12 H,5599,15/9-F-12,3420717,VOLVE,369304,MÆRSK INSPIRER,24.0,100.0,%,production,OP,32.0,483.63942107087496,293.03932274562504,67.35833946787501,483.63942107087496,191.49623975,1737.6229106,1479.673569855,30754.1517912,0.8515504490810781,0.9465211449190636,0,0,0,0,0,0,0,0
2014-02-22,NO 15/9-F-12 H,5599,15/9-F-12,3420717,VOLVE,369304,MÆRSK INSPIRER,24.0,100.0,%,production,OP,32.0,482.350087640125,292.831610199875,66.16732971462501,482.350087640125,191.085741875,1763.1595392,1492.014998064,31469.1144939,0.8462166723386663,0.9469443608510252,0,0,0,0,0,0,0,0
2014-02-23,NO 15/9-F-12 H,5599,15/9-F-12,3420717,VOLVE,369304,MÆRSK INSPIRER,24.0,100.0,%,production,OP,32.0,481.67967667975006,290.91241299462496,65.966736117375,481.67967667975006,191.19644675,1731.2702025,1478.723251278,30889.6342986,0.8541262069564209,0.9469275843518804,0,0,0,0,0,0,0,0
2014-02-24,NO 15/9-F-12 H,5599,15/9-F-12,3420717,VOLVE,369304,MÆRSK INSPIRER,24.0,100.0,%,production,OP,32.0,478.842452388625,291.676696778875,63.36776091425,478.842452388625,192.688789625,1738.1260954,1471.88491277,29278.7510595,0.8468228609336143,0.943961924770192,0,0,0,0,0,0,0,0
2014-02-25,NO 15/9-F-12 H,5599,15/9-F-12,3420717,VOLVE,369304,MÆRSK INSPIRER,24.0,100.0,%,production,OP,32.0,477.910894466,291.79358229875,62.43515448775,477.910894466,193.839179375,1694.7264064,1439.2453012950002,29173.396742,0.8492493513170056,0.9450978474378724,0,0,0,0,0,0,0,0
2014-02-26,NO 15/9-F-12 H,5599,15/9-F-12,3420717,VOLVE,369304,MÆRSK INSPIRER,24.0,100.0,%,production,OP,32.0,478.68783281575,291.16004422825,63.41405220925,478.68783281575,193.49101475,1692.3991767,1431.731039429,29395.3641369,0.8459771542909426,0.945560600174808,0,0,0,0,0,0,0,0
2014-02-27,NO 15/9-F-12 H,5599,15/9-F-12,3420717,VOLVE,369304,MÆRSK INSPIRER,24.0,100.0,%,production,OP,32.0,478.61089015675,290.593196443125,63.0533487465,478.61089015675,192.62113775,1678.3729004,1426.264323869,29260.6993048,0.8497898908693557,0.9457523196148748,0,0,0,0,0,0,0,0
2014-02-28,NO 15/9-F-12 H,5599,15/9-F-12,3420717,VOLVE,369304,MÆRSK INSPIRER,24.0,100.0,%,production,OP,32.0,476.89660142925,292.970895025875,61.545023043875,476.89660142925,194.309834,1698.2487,1435.723013117,29221.5766866,0.8454138743736415,0.9450757344594842,0,0,0,0,0,0,0,0
2014-03-01,NO 15/9-F-12 H,5599,15/9-F-12,3420717,VOLVE,369304,MÆRSK INSPIRER,24.0,100.0,%,production,OP,32.0,477.3725738425,291.6604313715,62.45536613737501,477.3725738425,193.686506375,1653.4652528,1402.6638630060002,29339.6364203,0.8483177137413143,0.9466505395219896,0,0,0,0,0,0,0,0
2014-03-02,NO 15/9-F-12 H,5599,15/9-F-12,3420717,VOLVE,369304,MÆRSK INSPIRER,24.0,100.0,%,production,OP,32.0,478.643188306375,289.994280151875,60.73688037275,478.643188306375,193.634615375,1653.3394566000002,1418.619397613,29397.628468500003,0.8580327481752061,0.9467540122875356,0,0,0,0,0,0,0,0
2014-03-03,NO 15/9-F-12 H,5599,15/9-F-12,3420717,VOLVE,369304,MÆRSK INSPIRER,24.0,97.91666666666669,%,production,OP,32.0,476.0306053757872,288.4343087061702,60.41579491404255,476.0306053757872,192.83154723404255,1700.8904202,1448.620294704,29261.2024896,0.8516834932456514,0.9450653925380592,0,0,0,0,0,0,0,0
2014-03-04,NO 15/9-F-12 H,5599,15/9-F-12,3420717,VOLVE,369304,MÆRSK INSPIRER,24.0,100.0,%,production,OP,32.0,475.45038220687496,289.1508388575,60.239807952125005,475.45038220687496,193.511444,1664.7869108,1421.584772972,30350.9120721,0.8539139536415918,0.9480009194336444,0,0,0,0,0,0,0,0
2014-03-05,NO 15/9-F-12 H,5599,15/9-F-12,3420717,VOLVE,369304,MÆRSK INSPIRER,24.0,100.0,%,production,OP,32.0,474.921120415125,290.16489318587503,59.678118080875,474.921120415125,193.072167125,1677.1778364999998,1425.5453165770002,28583.7899526,0.8499667033234137,0.9445761996711778,0,0,0,0,0,0,0,0
2014-03-06,NO 15/9-F-12 H,5599,15/9-F-12,3420717,VOLVE,369304,MÆRSK INSPIRER,24.0,100.0,%,production,OP,32.0,475.511095718,289.409541325125,60.176341740625006,475.511095718,192.06362075,1687.9963097,1423.5037737700002,28592.847279,0.84330976649054,0.9442553076582744,0,0,0,0,0,0,0,0
2014-03-07,NO 15/9-F-12 H,5599,15/9-F-12,3420717,VOLVE,369304,MÆRSK INSPIRER,24.0,100.0,%,production,OP,32.0,473.83492478987495,288.046347292875,58.11151127525,473.83492478987495,192.754156625,1638.6213011999998,1401.869635403,28772.4842526,0.8555177662931508,0.9461176674981076,0,0,0,0,0,0,0,0
2014-03-08,NO 15/9-F-12 H,5599,15/9-F-12,3420717,VOLVE,369304,MÆRSK INSPIRER,24.0,100.0,%,production,OP,32.0,475.75759384225,287.328520993,60.628141153875006,475.75759384225,192.27875975,1626.7335603,1366.669355031,28740.9094064,0.8401310382869097,0.9464320111348842,0,0,0,0,0,0,0,0
2014-03-09,NO 15/9-F-12 H,5599,15/9-F-12,3420717,VOLVE,369304,MÆRSK INSPIRER,24.0,100.0,%,production,OP,32.0,475.3169260955,288.75525375575,60.01430105675,475.3169260955,191.54126225,1636.9230525,1379.2247903220002,28779.906228400003,0.842571548012334,0.9461836394128073,0,0,0,0,0,0,0,0
2014-03-10,NO 15/9-F-12 H,5599,15/9-F-12,3420717,VOLVE,369304,MÆRSK INSPIRER,24.0,100.0,%,production,OP,32.0,469.259211576625,291.742803890625,53.91356766275,469.259211576625,195.535633625,1624.028942,1372.667556826,29090.0567595,0.8452235802741008,0.9471242947687456,0,0,0,0,0,0,0,0
2014-03-11,NO 15/9-F-12 H,5599,15/9-F-12,3420717,VOLVE,369304,MÆRSK INSPIRER,24.0,100.0,%,production,OP,32.0,474.23175782275,291.229496278875,59.44749255274999,474.23175782275,193.510622,1609.3107866,1358.463631339,29102.6363795,0.8441275871946611,0.9475998451711208,0,0,0,0,0,0,0,0
2014-03-12,NO 15/9-F-12 H,5599,15/9-F-12,3420717,VOLVE,369304,MÆRSK INSPIRER,24.0,100.0,%,production,OP,32.0,479.776992655125,289.797524018375,59.889378014375,479.776992655125,192.02048225,1598.9954982,1346.090066753,28856.0758275,0.8418348070825107,0.9474965768065476,0,0,0,0,0,0,0,0
2014-03-13,NO 15/9-F-12 H,5599,15/9-F-12,3420717,VOLVE,369304,MÆRSK INSPIRER,24.0,97.91666666666669,%,production,OP,32.0,471.29750934574463,290.58354350846804,56.10314861642553,471.29750934574463,194.7053878297872,1604.7821234,1354.333224027,32899.7946765,0.8439358865474013,0.9534907460912648,0,0,0,0,0,0,0,0
2014-03-14,NO 15/9-F-12 H,5599,15/9-F-12,3420717,VOLVE,369304,MÆRSK INSPIRER,24.0,100.0,%,production,OP,32.0,472.98937742287495,287.8127907885,57.531755108125004,472.98937742287495,192.76063475,1593.7749559,1351.908516725,29865.7790268,0.8482430419177853,0.9493389208004528,0,0,0,0,0,0,0,0
2014-03-15,NO 15/9-F-12 H,5599,15/9-F-12,3420717,VOLVE,369304,MÆRSK INSPIRER,24.0,100.0,%,production,OP,32.0,468.415658482125,287.56745901150003,52.939018059625,468.415658482125,195.25572875,1595.5990008,1340.4061657880002,30331.350763,0.8400645557661721,0.9500234437487932,0,0,0,0,0,0,0,0
2014-03-16,NO 15/9-F-12 H,5599,15/9-F-12,3420717,VOLVE,369304,MÆRSK INSPIRER,24.0,100.0,%,production,OP,32.0,468.480281976,285.9747937118749,53.1499607225,468.480281976,194.91395637500003,1581.1953359,1341.305631197,30916.7433797,0.8482858510542867,0.951344749901292,0,0,0,0,0,0,0,0
2014-03-17,NO 15/9-F-12 H,5599,15/9-F-12,3420717,VOLVE,369304,MÆRSK INSPIRER,24.0,100.0,%,production,OP,32.0,467.36680712025,287.776093152875,52.038229344375,467.36680712025,195.25470275,1590.1897642,1339.5639101930003,30955.4886093,0.8423924869538538,0.9511397566844144,0,0,0,0,0,0,0,0
2014-03-18,NO 15/9-F-12 H,5599,15/9-F-12,3420717,VOLVE,369304,MÆRSK INSPIRER,24.0,100.0,%,production,OP,32.0,469.46485733087496,287.942403392875,54.206227152125,469.46485733087496,194.71105025,1571.0687418,1341.6393551120002,30370.8507698,0.8539660419790807,0.9508148299844832,0,0,0,0,0,0,0,0
2014-03-19,NO 15/9-F-12 H,5599,15/9-F-12,3420717,VOLVE,369304,MÆRSK INSPIRER,24.0,65.69599145833334,%,production,OP,32.0,551.053004908625,282.250982343,135.872115097875,551.053004908625,190.135824125,1281.5487875,1077.239255653,23484.3264951,0.8405760796313032,0.9482534425746548,0,0,0,0,0,0,0,0
2014-03-20,NO 15/9-F-12 H,5599,15/9-F-12,3420717,VOLVE,369304,MÆRSK INSPIRER,24.0,90.33586958333332,%,production,OP,32.0,497.81222924675,281.4025704755,81.1442043895,497.81222924675,188.0707835,1514.6491461,1282.0775820920005,27671.9561969,0.8464518567835743,0.948104648406353,0,0,0,0,0,0,0,0
2014-03-21,NO 15/9-F-12 H,5599,15/9-F-12,3420717,VOLVE,369304,MÆRSK INSPIRER,24.0,100.0,%,production,OP,32.0,476.615756493625,284.06800027725,60.825719169375,476.615756493625,189.08030975000003,1587.1077573,1350.5732679180005,29167.547218700005,0.8509650726020053,0.9483945517015708,0,0,0,0,0,0,0,0
2014-03-22,NO 15/9-F-12 H,5599,15/9-F-12,3420717,VOLVE,369304,MÆRSK INSPIRER,12.39167,52.925378125,%,production,OP,32.0,474.8078186310736,285.32904053737326,58.79131355826606,474.8078186310736,192.13495561262525,979.6379075,841.9992102780001,16314.0059932,0.8595004376941182,0.9433527188876404,0,0,0,0,0,0,0,0
2014-03-23,NO 15/9-F-12 H,5599,15/9-F-12,3420717,VOLVE,369304,MÆRSK INSPIRER,24.0,94.35238020833332,%,production,OP,32.0,477.7118908493398,275.06445198496664,46.362391641730646,477.7118908493398,192.6716094060968,1388.5384556,1215.037215053,28662.2238833,0.8750475798151168,0.9537935696958154,0,0,0,0,0,0,0,0
2014-03-24,NO 15/9-F-12 H,5599,15/9-F-12,3420717,VOLVE,369304,MÆRSK INSPIRER,6.55833,26.648625,%,production,OP,32.0,486.0623201548268,284.5172000419808,63.58839608941987,486.0623201548268,194.2903639160701,562.3719121,542.3578653950001,10123.1976026,0.9644113685723318,0.9473708994802428,0,0,0,0,0,0,0,0
2014-03-25,NO 15/9-F-12 H,5599,15/9-F-12,3420717,VOLVE,369304,MÆRSK INSPIRER,7.775,16.338921666666668,%,production,OP,32.0,579.4715623843023,186.49232371419936,126.38467867624438,579.4715623843023,158.982048340836,303.7349249,245.79066514700003,10468.3823754,0.8092275368989021,0.9718036003106334,0,0,0,0,0,0,0,0
2014-03-26,NO 15/9-F-12 H,5599,15/9-F-12,3420717,VOLVE,369304,MÆRSK INSPIRER,24.0,99.62229729166668,%,production,OP,32.0,476.391621416,274.134362765375,45.73942541,476.391621416,192.548177,1691.95889,1433.85451234,30003.4000696,0.8474523351687344,0.9466180871415076,0,0,0,0,0,0,0,0
2014-03-27,NO 15/9-F-12 H,5599,15/9-F-12,3420717,VOLVE,369304,MÆRSK INSPIRER,10.55833,51.06802979166667,%,production,OP,32.0,482.2497468312676,280.7985738468671,62.00052757979687,482.2497468312676,187.79198183427872,563.566976,488.8144235490001,14275.8559608,0.8673581745659279,0.9620223118917636,0,0,0,0,0,0,0,0
2014-03-28,NO 15/9-F-12 H,5599,15/9-F-12,3420717,VOLVE,369304,MÆRSK INSPIRER,6.49926,18.0044025,%,production,OP,32.0,586.1683449448713,185.78834050314148,140.10759270310152,586.1683449448713,158.44024847517102,129.44428979999998,120.654438285,3101.5053110000003,0.9320954865712432,0.9599361470175984,0,0,0,0,0,0,0,0
2014-03-29,NO 15/9-F-12 H,5599,15/9-F-12,3420717,VOLVE,369304,MÆRSK INSPIRER,13.94167,53.26038041666666,%,production,OP,32.0,556.1757587352973,198.959720799984,85.54134942852953,556.1757587352973,155.46943192933128,651.624316,589.42353182,14984.1514649,0.904545022871737,0.9583247850870312,0,0,0,0,0,0,0,0
2014-03-30,NO 15/9-F-12 H,5599,15/9-F-12,3420717,VOLVE,369304,MÆRSK INSPIRER,23.0,97.82608695652172,%,production,OP,32.0,461.6784711495,282.1393591204091,47.37435857359091,461.6784711495,194.86505545454543,1474.4572601999998,1240.5199494260005,28704.428508400004,0.8413400529885365,0.9511427535295516,0,0,0,0,0,0,0,0
2014-03-31,NO 15/9-F-12 H,5599,15/9-F-12,3420717,VOLVE,369304,MÆRSK INSPIRER,24.0,99.997238125,%,production,OP,32.0,465.198434631,286.759878362625,50.762221279875,465.198434631,195.15342875,1557.4827522,1325.521726032,29845.6516348,0.8510667127193885,0.9504035892402908,0,0,0,0,0,0,0,0
2014-04-01,NO 15/9-F-12 H,5599,15/9-F-12,3420717,VOLVE,369304,MÆRSK INSPIRER,24.0,99.975228125,%,production,OP,32.0,466.769585960625,289.10825811800004,52.351958624875,466.769585960625,194.844333125,1550.5010631,1315.412186863,29973.397675900003,0.848378771332814,0.9508150601568268,0,0,0,0,0,0,0,0
2014-04-02,NO 15/9-F-12 H,5599,15/9-F-12,3420717,VOLVE,369304,MÆRSK INSPIRER,24.0,99.97738854166668,%,production,OP,32.0,466.941232390375,291.13044438975004,52.356346024375,466.941232390375,195.209868125,1554.5265415,1314.5582774170002,30090.0736514,0.8456325719267239,0.95087545641203,0,0,0,0,0,0,0,0
2014-04-03,NO 15/9-F-12 H,5599,15/9-F-12,3420717,VOLVE,369304,MÆRSK INSPIRER,24.0,99.97174208333334,%,production,OP,32.0,470.10117529637495,290.357304222625,55.34367860225,470.10117529637495,194.24271875,1560.0615743,1319.599097695,30226.4367322,0.8458634706691653,0.9509206217288494,0,0,0,0,0,0,0,0
2014-04-04,NO 15/9-F-12 H,5599,15/9-F-12,3420717,VOLVE,369304,MÆRSK INSPIRER,24.0,99.96392479166668,%,production,OP,32.0,472.49083347087503,288.40608685725,57.96935288387501,472.49083347087503,192.449948,1299.7263384,1111.486745419,33491.980288,0.8551698250473801,0.9626426391681008,0,0,0,0,0,0,0,0
2014-04-05,NO 15/9-F-12 H,5599,15/9-F-12,3420717,VOLVE,369304,MÆRSK INSPIRER,24.0,99.94326104166667,%,production,OP,32.0,472.35380579874993,289.05717150412505,57.7445470055,472.35380579874993,193.352979125,1322.6841449,1125.789198919,33760.3035826,0.851139860759512,0.962298417820806,0,0,0,0,0,0,0,0
2014-04-06,NO 15/9-F-12 H,5599,15/9-F-12,3420717,VOLVE,369304,MÆRSK INSPIRER,18.05833,74.43502645833334,%,production,OP,32.0,475.7171939729394,290.19581835532074,62.188144482853566,475.7171939729394,194.08403878255632,1076.186491,934.3792871550002,26057.1732756,0.8682317562700201,0.9603371458508158,0,0,0,0,0,0,0,0
2014-04-07,NO 15/9-F-12 H,5599,15/9-F-12,3420717,VOLVE,369304,MÆRSK INSPIRER,5.0,10.994697708333334,%,production,OP,32.0,499.7641047907479,209.6036602468601,88.31603187799236,499.7641047907479,179.88781433984715,78.2452364,68.789857277,2215.4597763,0.8791571275385653,0.9658869662982972,0,0,0,0,0,0,0,0
2014-04-08,NO 15/9-F-12 H,5599,15/9-F-12,3420717,VOLVE,369304,MÆRSK INSPIRER,24.0,99.90160479166668,%,production,OP,32.0,460.143041470625,276.44725655675,45.870458178125006,460.143041470625,194.255081375,1248.527285,1076.020898503,32417.3033514,0.8618321052575155,0.9629141102002076,0,0,0,0,0,0,0,0
2014-04-09,NO 15/9-F-12 H,5599,15/9-F-12,3420717,VOLVE,369304,MÆRSK INSPIRER,24.0,99.963968125,%,production,OP,32.0,466.26376895725,288.534666065875,51.599906378625,466.26376895725,195.360258125,1317.0233159,1122.77085151,32400.8240492,0.8525064347420033,0.960939875501566,0,0,0,0,0,0,0,0
2014-04-10,NO 15/9-F-12 H,5599,15/9-F-12,3420717,VOLVE,369304,MÆRSK INSPIRER,21.96,82.83642520833334,%,production,OP,32.0,468.678431955871,288.9008763914516,56.45785330533871,468.678431955871,194.64567451612905,1273.4349326,1164.311179973,30826.1072176,0.9143075552323668,0.960328563982584,0,0,0,0,0,0,0,0
2014-04-11,NO 15/9-F-12 H,5599,15/9-F-12,3420717,VOLVE,369304,MÆRSK INSPIRER,24.0,99.95079791666667,%,production,OP,32.0,470.067166907,290.846275666625,54.88902073175,470.067166907,194.55134825,1344.1952951,1142.625128997,32512.9713615,0.8500439877763414,0.9602980571666364,0,0,0,0,0,0,0,0
2014-04-12,NO 15/9-F-12 H,5599,15/9-F-12,3420717,VOLVE,369304,MÆRSK INSPIRER,24.0,99.98453,%,production,OP,32.0,474.6855938112501,288.8220135385,59.248346313875,474.6855938112501,190.9870685,1342.1825559,1142.275866614,32468.879793400003,0.8510584954280288,0.96030344914827,0,0,0,0,0,0,0,0
2014-04-13,NO 15/9-F-12 H,5599,15/9-F-12,3420717,VOLVE,369304,MÆRSK INSPIRER,24.0,99.92398395833334,%,production,OP,32.0,469.508163260375,289.372976641,54.017085513625005,469.508163260375,194.679480875,1324.9484765,1132.254261048,32729.2150293,0.8545647480866401,0.961092907882634,0,0,0,0,0,0,0,0
2014-04-14,NO 15/9-F-12 H,5599,15/9-F-12,3420717,VOLVE,369304,MÆRSK INSPIRER,24.0,97.79724333333333,%,production,OP,32.0,469.6671495314043,288.781173255,54.43134496506383,469.6671495314043,194.9518989787234,1353.3155196,1152.876986407,32852.8726939,0.8518907599225318,0.960436529462061,0,0,0,0,0,0,0,0
2014-04-15,NO 15/9-F-12 H,5599,15/9-F-12,3420717,VOLVE,369304,MÆRSK INSPIRER,24.0,99.84657375,%,production,OP,32.0,470.634797293,291.794869511,55.57340670775,470.634797293,194.735024,1325.6403556,1129.846151655,32877.214258600005,0.8523021699528895,0.961241821170984,0,0,0,0,0,0,0,0
2014-04-16,NO 15/9-F-12 H,5599,15/9-F-12,3420717,VOLVE,369304,MÆRSK INSPIRER,24.0,99.8246875,%,production,OP,32.0,475.793412185,289.366984758625,60.9087927055,475.793412185,191.100749375,1323.2502278,1135.0031572960002,32884.6362344,0.8577388716441227,0.9613173930151396,0,0,0,0,0,0,0,0
2014-04-17,NO 15/9-F-12 H,5599,15/9-F-12,3420717,VOLVE,369304,MÆRSK INSPIRER,24.0,99.92427604166669,%,production,OP,32.0,472.7839341175,289.178166434,57.30729671662501,472.7839341175,193.356341375,1339.72953,1138.530036385,32852.6839996,0.8498208115073793,0.960817930303744,0,0,0,0,0,0,0,0
2014-04-18,NO 15/9-F-12 H,5599,15/9-F-12,3420717,VOLVE,369304,MÆRSK INSPIRER,24.0,99.96916041666668,%,production,OP,32.0,470.818466768625,291.08005879287504,55.447658761750006,470.818466768625,195.42550925,1327.0870119,1134.19515696,32909.1664934,0.8546501825348773,0.96123737628901,0,0,0,0,0,0,0,0
2014-04-19,NO 15/9-F-12 H,5599,15/9-F-12,3420717,VOLVE,369304,MÆRSK INSPIRER,24.0,99.80765333333332,%,production,OP,32.0,471.981889085625,293.548789872,56.897564366625,471.981889085625,195.556830125,1328.3449739,1128.446983241,32981.813798899995,0.8495134964284897,0.9612842079019154,0,0,0,0,0,0,0,0
2014-04-20,NO 15/9-F-12 H,5599,15/9-F-12,3420717,VOLVE,369304,MÆRSK INSPIRER,24.0,99.821195,%,production,OP,32.0,471.71561140412496,293.42931179787496,56.469436363625,471.71561140412496,195.58916,1318.7215646,1120.857147917,32957.346438,0.8499573966222226,0.961526463172498,0,0,0,0,0,0,0,0
2014-04-21,NO 15/9-F-12 H,5599,15/9-F-12,3420717,VOLVE,369304,MÆRSK INSPIRER,24.0,58.24695875,%,production,OP,32.0,615.7080294405,281.55102291175,203.35826326,615.7080294405,189.242279,1064.6132406,927.587917198,24560.8903747,0.8712909832637676,0.958454933936816,0,0,0,0,0,0,0,0
2014-04-22,NO 15/9-F-12 H,5599,15/9-F-12,3420717,VOLVE,369304,MÆRSK INSPIRER,24.0,35.05321229166667,%,production,OP,32.0,735.910190672375,266.655321170875,325.421364767125,735.910190672375,183.3108995,866.7358180000001,696.937370235,18785.7126289,0.8040943454294858,0.9558968023581448,0,0,0,0,0,0,0,0
2014-04-23,NO 15/9-F-12 H,5599,15/9-F-12,3420717,VOLVE,369304,MÆRSK INSPIRER,24.0,40.929719375,%,production,OP,32.0,685.9121504415,269.233604286,273.83319438,685.9121504415,185.798393375,950.0129024,757.7856577760001,21883.6956463,0.7976582800734814,0.9583942792133918,0,0,0,0,0,0,0,0
2014-04-24,NO 15/9-F-12 H,5599,15/9-F-12,3420717,VOLVE,369304,MÆRSK INSPIRER,24.0,51.55518520833333,%,production,OP,32.0,594.606574707125,280.259105991625,179.7431881865,594.606574707125,190.888680875,1262.1761727,1013.79321878,27303.5620252,0.8032105507199772,0.9558150339418572,0,0,0,0,0,0,0,0
2014-04-25,NO 15/9-F-12 H,5599,15/9-F-12,3420717,VOLVE,369304,MÆRSK INSPIRER,24.0,49.298887916666665,%,production,OP,32.0,588.9261976966251,282.42484966712505,174.20511158374998,588.9261976966251,192.4588175,1025.6164186,821.13387293,26006.603203200004,0.8006247345872979,0.9620594818720364,0,0,0,0,0,0,0,0
2014-04-26,NO 15/9-F-12 H,5599,15/9-F-12,3420717,VOLVE,369304,MÆRSK INSPIRER,24.0,59.84538666666667,%,production,OP,32.0,558.2977013546249,282.39065998025,142.768551132875,558.2977013546249,191.80185125,1091.5336274,877.1196794280002,27803.7906145,0.8035663376833133,0.9622245586080944,0,0,0,0,0,0,0,0
2014-04-27,NO 15/9-F-12 H,5599,15/9-F-12,3420717,VOLVE,369304,MÆRSK INSPIRER,24.0,99.976064375,%,production,OP,32.0,475.6572819355,288.697441004625,57.885261060125,475.6572819355,194.747133875,1342.7486388,1086.526668606,33108.2389799,0.8091809868278974,0.9610243789333006,0,0,0,0,0,0,0,0
2014-04-28,NO 15/9-F-12 H,5599,15/9-F-12,3420717,VOLVE,369304,MÆRSK INSPIRER,24.0,99.939505,%,production,OP,32.0,473.514792686,291.159600049375,55.8460479315,473.514792686,195.829077125,1337.4023003,1076.4806958969998,32928.6649044,0.8049041755465267,0.9609700672005758,0,0,0,0,0,0,0,0
2014-04-29,NO 15/9-F-12 H,5599,15/9-F-12,3420717,VOLVE,369304,MÆRSK INSPIRER,24.0,99.811631875,%,production,OP,32.0,474.945181615,288.876677756375,57.108207888625,474.945181615,194.87201375,1272.6172573,1032.564041271,32947.282742,0.81137045356567,0.9628106085252724,0,0,0,0,0,0,0,0
2014-04-30,NO 15/9-F-12 H,5599,15/9-F-12,3420717,VOLVE,369304,MÆRSK INSPIRER,24.0,99.88791604166668,%,production,OP,32.0,472.10666709,287.015664962125,54.203450278750005,472.10666709,195.533874875,1237.834608,1004.287914128,32959.799463899995,0.8113264143992975,0.9638035015698024,0,0,0,0,0,0,0,0
2014-05-01,NO 15/9-F-12 H,5599,15/9-F-12,3420717,VOLVE,369304,MÆRSK INSPIRER,24.0,99.7831625,%,production,OP,32.0,474.104586691375,286.4729055715,56.272728576125,474.104586691375,194.973507875,1221.8584906,987.624672933,32888.4730185,0.8082970986664928,0.9641792255735177,0,0,0,0,0,0,0,0
2014-05-02,NO 15/9-F-12 H,5599,15/9-F-12,3420717,VOLVE,369304,MÆRSK INSPIRER,24.0,99.84496666666666,%,production,OP,32.0,473.550061093,286.675448116875,53.938372182375,473.550061093,195.672739625,1216.9524388,985.222213892,32735.6306355,0.8095815271659244,0.9641572944203718,0,0,0,0,0,0,0,0
2014-05-03,NO 15/9-F-12 H,5599,15/9-F-12,3420717,VOLVE,369304,MÆRSK INSPIRER,24.0,99.88456625,%,production,OP,32.0,472.28007814875,288.58223550825,54.53648472137501,472.28007814875,195.91437125,1214.2478205,965.871524027,32981.6251046,0.7954484313006844,0.9644913927724672,0,0,0,0,0,0,0,0
2014-05-04,NO 15/9-F-12 H,5599,15/9-F-12,3420717,VOLVE,369304,MÆRSK INSPIRER,24.0,99.76563479166668,%,production,OP,32.0,474.369456295625,288.651602953375,56.659496576125,474.369456295625,195.4860575,1201.8568948000002,969.399815704,32991.2485139,0.8065850600834776,0.9648508996057958,0,0,0,0,0,0,0,0
2014-05-05,NO 15/9-F-12 H,5599,15/9-F-12,3420717,VOLVE,369304,MÆRSK INSPIRER,24.0,99.78725125,%,production,OP,32.0,477.491637954,286.48329391825,59.800360941875006,477.491637954,194.2175345,1255.6347703,1020.689826543,33745.7741215,0.8128875136988553,0.964126164915774,0,0,0,0,0,0,0,0
2014-05-06,NO 15/9-F-12 H,5599,15/9-F-12,3420717,VOLVE,369304,MÆRSK INSPIRER,24.0,99.82826145833332,%,production,OP,32.0,477.2061397158751,285.94229009175,58.974478310375005,477.2061397158751,194.32918812500003,1236.0105631,1003.073794742,33797.0989711,0.8115414420296067,0.964718788039829,0,0,0,0,0,0,0,0
2014-05-07,NO 15/9-F-12 H,5599,15/9-F-12,3420717,VOLVE,369304,MÆRSK INSPIRER,24.0,99.86493,%,production,OP,32.0,485.3512109145,287.308369775875,56.150250028375005,485.3512109145,195.17098475,1231.9221866,1009.149688877,33575.634761,0.8191667459632064,0.9646076227511584,0,0,0,0,0,0,0,0
2014-05-08,NO 15/9-F-12 H,5599,15/9-F-12,3420717,VOLVE,369304,MÆRSK INSPIRER,14.49166,59.64614291666667,%,production,OP,32.0,504.3163763691829,285.5247822263974,60.11177336807944,504.3163763691829,193.83541570878143,663.6378531,520.105013484,20982.3029752,0.7837181243572436,0.969341233150173,0,0,0,0,0,0,0,0
2014-05-09,NO 15/9-F-12 H,5599,15/9-F-12,3420717,VOLVE,369304,MÆRSK INSPIRER,0.0,0.9348422916666668,%,production,OP,32.0,1016.689693008,97.970703354,594.253754664,1016.689693008,60.528902,0.0,0.0,0.0,0.7900797510348347,0.9682119128697493,0,0,0,0,0,1,1,0
2014-05-10,NO 15/9-F-12 H,5599,15/9-F-12,3420717,VOLVE,369304,MÆRSK INSPIRER,0.0,1.0566066666666667,%,production,OP,32.0,997.253875818,75.331576896,578.890314438,997.253875818,51.335924,0.0,0.0,0.0,0.7964413777124257,0.9670825925893255,0,0,0,0,0,1,1,0
2014-05-11,NO 15/9-F-12 H,5599,15/9-F-12,3420717,VOLVE,369304,MÆRSK INSPIRER,15.18,51.037374375,%,production,OP,32.0,452.8429150881652,250.62830351418347,31.62814480983486,452.8429150881652,191.93885011009172,593.7580640000001,476.67075766,16845.7465306,0.8028030043900168,0.9659532723089018,0,0,0,0,0,0,0,0
2014-05-12,NO 15/9-F-12 H,5599,15/9-F-12,3420717,VOLVE,369304,MÆRSK INSPIRER,24.0,99.96827625,%,production,OP,32.0,457.7560393045,268.455786643375,35.802201229249995,457.7560393045,193.574809625,1105.8743942,898.131572781,29791.9995555,0.8121460967822816,0.964208722062874,0,0,0,0,0,0,0,0
2014-05-13,NO 15/9-F-12 H,5599,15/9-F-12,3420717,VOLVE,369304,MÆRSK INSPIRER,24.0,97.87058979166666,%,production,OP,32.0,459.60481734625535,272.8678430534043,38.92665932846808,459.60481734625535,193.3876832765957,1119.0829952,908.766947833,29114.901509,0.8120639413974718,0.9629859241660808,0,0,0,0,0,0,0,0
2014-05-14,NO 15/9-F-12 H,5599,15/9-F-12,3420717,VOLVE,369304,MÆRSK INSPIRER,24.0,97.88687041666668,%,production,OP,32.0,451.1390912383404,274.6930783932765,36.71282089787234,451.1390912383404,193.42821085106385,1133.8011506,918.24576646,28282.3193593,0.8098825494876861,0.9614564690738732,0,0,0,0,0,0,0,0
2014-05-15,NO 15/9-F-12 H,5599,15/9-F-12,3420717,VOLVE,369304,MÆRSK INSPIRER,11.15833,46.83155416666666,%,production,OP,32.0,461.4004643500143,275.1708899916718,47.55858560568926,461.4004643500143,191.19563493464705,404.1202925,325.62060393800004,11525.9510288,0.8057516783520591,0.9661259114370522,0,0,0,0,0,0,0,0
2014-05-16,NO 15/9-F-12 H,5599,15/9-F-12,3420717,VOLVE,369304,MÆRSK INSPIRER,0.0,9.368599166666666,%,production,OP,32.0,518.733193254,90.553314996,447.204657756,518.733193254,67.494416,0.0,0.0,0.0,0.8042860739217891,0.9666043921214964,0,0,0,0,0,1,1,0
2014-05-17,NO 15/9-F-12 H,5599,15/9-F-12,3420717,VOLVE,369304,MÆRSK INSPIRER,0.0,0.9160335416666666,%,production,OP,32.0,46.54051863,71.416566162,46.4919309,46.54051863,60.136970000000005,0.0,0.0,0.0,0.8028204694915191,0.9670828728059407,0,0,0,0,0,1,1,0
2014-05-18,NO 15/9-F-12 H,5599,15/9-F-12,3420717,VOLVE,369304,MÆRSK INSPIRER,0.0,9.992628541666669,%,production,OP,32.0,744.099039174,63.75435365999999,120.06608235,744.099039174,68.62316,0.0,0.0,0.0,0.8013548650612491,0.967561353490385,0,0,0,0,0,1,1,0
2014-05-19,NO 15/9-F-12 H,5599,15/9-F-12,3420717,VOLVE,369304,MÆRSK INSPIRER,0.0,2.276042083333333,%,production,OP,32.0,724.5122374260001,58.336604208,59.09138196000001,724.5122374260001,58.439426000000005,0.0,0.0,0.0,0.7998892606309791,0.9680398341748292,0,0,0,0,0,1,1,0
2014-05-20,NO 15/9-F-12 H,5599,15/9-F-12,3420717,VOLVE,369304,MÆRSK INSPIRER,0.0,1.0617710416666666,%,production,OP,32.0,666.636854058,54.729944262,16.579873932,666.636854058,56.211026,0.0,0.0,0.0,0.7984236562007092,0.9685183148592735,0,0,0,0,0,1,1,0
2014-05-21,NO 15/9-F-12 H,5599,15/9-F-12,3420717,VOLVE,369304,MÆRSK INSPIRER,0.0,1.0501339583333331,%,production,OP,32.0,671.246451774,52.40005383,19.396221816,671.246451774,56.05196,0.0,0.0,0.0,0.7969580517704392,0.9689967955437178,0,0,0,0,0,1,1,0
2014-05-22,NO 15/9-F-12 H,5599,15/9-F-12,3420717,VOLVE,369304,MÆRSK INSPIRER,0.0,1.6348633333333331,%,production,OP,32.0,676.465064052,59.62961797799999,192.605677746,676.465064052,76.729496,0.0,0.0,0.0,0.7954924473401692,0.969475276228162,0,0,0,0,0,1,1,0
2014-05-23,NO 15/9-F-12 H,5599,15/9-F-12,3420717,VOLVE,369304,MÆRSK INSPIRER,0.0,1.2891325,%,production,OP,32.0,713.20188411,74.38099784399999,302.714176206,713.20188411,88.14191,0.0,0.0,0.0,0.7940268429098992,0.9699537569126062,0,0,0,0,0,1,1,0
2014-05-24,NO 15/9-F-12 H,5599,15/9-F-12,3420717,VOLVE,369304,MÆRSK INSPIRER,0.0,1.2755939583333331,%,production,OP,32.0,748.472660064,83.088064098,338.60643999,748.472660064,96.362186,0.0,0.0,0.0,0.7925612384796292,0.9704322375970506,0,0,0,0,0,1,1,0
2014-05-25,NO 15/9-F-12 H,5599,15/9-F-12,3420717,VOLVE,369304,MÆRSK INSPIRER,2.5,3.618428541666667,%,production,OP,32.0,757.455368015375,79.0541342905,347.222945121125,757.455368015375,81.924501125,8.176753,6.468593599,272.9148559,0.7910956340493592,0.9709107182814948,0,0,0,0,0,0,0,0
2014-05-26,NO 15/9-F-12 H,5599,15/9-F-12,3420717,VOLVE,369304,MÆRSK INSPIRER,24.0,60.232886875,%,production,OP,32.0,563.1422118345957,234.50352999600003,150.61507215204256,563.1422118345957,186.19974710638297,906.6132134,745.5371072280001,26794.4648038,0.8223320553999771,0.9672715548168532,0,0,0,0,0,0,0,0
2014-05-27,NO 15/9-F-12 H,5599,15/9-F-12,3420717,VOLVE,369304,MÆRSK INSPIRER,24.0,99.9538475,%,production,OP,32.0,454.789700977125,275.801218023625,40.422154054125,454.789700977125,194.32255400000005,1036.6864842,860.66161664,32744.6250638,0.830204338300179,0.9693118343635958,0,0,0,0,0,0,0,0
2014-05-28,NO 15/9-F-12 H,5599,15/9-F-12,3420717,VOLVE,369304,MÆRSK INSPIRER,24.0,99.98660333333332,%,production,OP,32.0,455.14240015525,285.2260380585,40.541175862875,455.14240015525,194.994461,1189.403071,982.450363089,31958.7762024,0.8260028808089399,0.9641186002648888,0,0,0,0,0,0,0,0
2014-05-29,NO 15/9-F-12 H,5599,15/9-F-12,3420717,VOLVE,369304,MÆRSK INSPIRER,24.0,99.98881645833332,%,production,OP,32.0,454.811263293125,291.306632321875,39.836279096375,454.811263293125,195.873374,1195.8186772,987.9668723760002,32030.983221200004,0.8261845137670175,0.964010419032908,0,0,0,0,0,0,0,0
2014-05-30,NO 15/9-F-12 H,5599,15/9-F-12,3420717,VOLVE,369304,MÆRSK INSPIRER,24.0,99.9667575,%,production,OP,32.0,456.97003607975,291.606721987125,41.361474531375,456.97003607975,195.984293,1202.9261625,997.41779239,32322.704609,0.8291596138511952,0.9641192086526644,0,0,0,0,0,0,0,0
2014-05-31,NO 15/9-F-12 H,5599,15/9-F-12,3420717,VOLVE,369304,MÆRSK INSPIRER,24.0,99.99844041666668,%,production,OP,32.0,461.789824074,292.632799361375,47.19250976437501,461.789824074,195.9874625,1226.1355614,1016.968716604,32826.51839,0.8294096905914926,0.9639929515288312,0,0,0,0,0,0,0,0
2014-06-01,NO 15/9-F-12 H,5599,15/9-F-12,3420717,VOLVE,369304,MÆRSK INSPIRER,24.0,99.932678125,%,production,OP,32.0,464.61467178912505,296.58328699450004,48.559069886875,464.61467178912505,196.162856375,1233.3059448,1023.401289209,33093.961111200006,0.8298032564620133,0.9640721196130168,0,0,0,0,0,0,0,0
2014-06-02,NO 15/9-F-12 H,5599,15/9-F-12,3420717,VOLVE,369304,MÆRSK INSPIRER,22.0,78.26753604166667,%,production,OP,32.0,468.786574349427,294.4043592479586,55.08670860115218,468.786574349427,195.0110267075019,1222.8019621,1019.191423822,29822.1906435,0.833488541408352,0.9606119422338202,0,0,0,0,0,0,0,0
2014-06-03,NO 15/9-F-12 H,5599,15/9-F-12,3420717,VOLVE,369304,MÆRSK INSPIRER,24.0,99.94947145833332,%,production,OP,32.0,470.291990915125,293.536960210125,53.85782472475,470.291990915125,194.672559875,1226.1355614,1009.561811426,33580.4150166,0.8233688371890003,0.9647728504824896,0,0,0,0,0,0,0,0
2014-06-04,NO 15/9-F-12 H,5599,15/9-F-12,3420717,VOLVE,369304,MÆRSK INSPIRER,24.0,100.0,%,production,OP,32.0,470.993032088125,296.202933904375,54.20120218975,470.993032088125,195.007069625,1216.3234578,1007.096845366,33296.430095100004,0.8279843974953551,0.9647572757144498,0,0,0,0,0,0,0,0
2014-06-05,NO 15/9-F-12 H,5599,15/9-F-12,3420717,VOLVE,369304,MÆRSK INSPIRER,24.0,100.0,%,production,OP,32.0,470.0039436515936,296.72477027790023,52.96412190142126,470.0039436515936,194.6278751598203,1284.4421001,1059.640174908,33354.0447547,0.8249808806683477,0.9629186429105804,0,0,0,0,0,0,0,0
2014-06-06,NO 15/9-F-12 H,5599,15/9-F-12,3420717,VOLVE,369304,MÆRSK INSPIRER,24.0,100.0,%,production,OP,32.0,467.99538368250006,299.122693882375,51.30182005075,467.99538368250006,196.378198625,1284.3163039,1042.9183113110005,33299.8894906,0.8120416350271641,0.9628640798770562,0,0,0,0,0,0,0,0
2014-06-07,NO 15/9-F-12 H,5599,15/9-F-12,3420717,VOLVE,369304,MÆRSK INSPIRER,24.0,100.0,%,production,OP,32.0,468.3648679875,299.616022509625,51.568862203375,468.3648679875,196.494958625,1292.9333436,1048.744883664,33294.0399673,0.8111360797176985,0.9626179101600504,0,0,0,0,0,0,0,0
2014-06-08,NO 15/9-F-12 H,5599,15/9-F-12,3420717,VOLVE,369304,MÆRSK INSPIRER,24.0,100.0,%,production,OP,32.0,472.820009298375,297.69304827312504,56.104590253,472.820009298375,194.43267125000003,1292.6817512,1050.349230485,33161.828161100006,0.8125350493344227,0.9624814935841384,0,0,0,0,0,0,0,0
2014-06-09,NO 15/9-F-12 H,5599,15/9-F-12,3420717,VOLVE,369304,MÆRSK INSPIRER,24.0,100.0,%,production,OP,32.0,470.22722540487496,299.35924481712505,53.67862725412501,470.22722540487496,196.2618395,1457.0973846,1197.9583198390003,33400.8409411,0.8221539153801047,0.9581989797851668,0,0,0,0,0,0,0,0
2014-06-10,NO 15/9-F-12 H,5599,15/9-F-12,3420717,VOLVE,369304,MÆRSK INSPIRER,24.0,100.0,%,production,OP,32.0,473.343155321125,297.36680040025,56.4293424215,473.343155321125,194.825153375,1290.6061139,1066.714062465,32870.4841619,0.8265217799422668,0.9622199963912078,0,0,0,0,0,0,0,0
2014-06-11,NO 15/9-F-12 H,5599,15/9-F-12,3420717,VOLVE,369304,MÆRSK INSPIRER,24.0,100.0,%,production,OP,32.0,472.557001015125,297.256471806625,55.438331005375,472.557001015125,194.45521775,1293.8768151000002,1059.545531512,31738.1296676,0.8188921226091455,0.9608296027739748,0,0,0,0,0,0,0,0
2014-06-12,NO 15/9-F-12 H,5599,15/9-F-12,3420717,VOLVE,369304,MÆRSK INSPIRER,24.0,100.0,%,production,OP,32.0,468.455906527125,298.27516130775,51.505072678000005,468.455906527125,196.401083375,1291.9898721,1050.472125641,31755.4266451,0.8130652943382312,0.9609049660076284,0,0,0,0,0,0,0,0
2014-06-13,NO 15/9-F-12 H,5599,15/9-F-12,3420717,VOLVE,369304,MÆRSK INSPIRER,24.0,100.0,%,production,OP,32.0,467.9501318265,296.316695064,50.9366324965,467.9501318265,196.44640625,1217.078235,1003.942183215,31711.8382618,0.8248789226068118,0.9630392261731944,0,0,0,0,0,0,0,0
2014-06-14,NO 15/9-F-12 H,5599,15/9-F-12,3420717,VOLVE,369304,MÆRSK INSPIRER,24.0,100.0,%,production,OP,32.0,468.10235222912496,295.08599324475,51.157860770875,468.10235222912496,196.115562125,1197.579824,993.040182178,31309.416218,0.8292058385395779,0.9631593204597344,0,0,0,0,0,0,0,0
2014-06-15,NO 15/9-F-12 H,5599,15/9-F-12,3420717,VOLVE,369304,MÆRSK INSPIRER,24.0,100.0,%,production,OP,32.0,468.037048869625,294.90473200425004,51.224306304625,468.037048869625,196.1407265,1200.1586461,994.755770304,31312.1837344,0.8288535632655973,0.963086060301216,0,0,0,0,0,0,0,0
2014-06-16,NO 15/9-F-12 H,5599,15/9-F-12,3420717,VOLVE,369304,MÆRSK INSPIRER,24.0,100.0,%,production,OP,32.0,467.8439848404256,293.4842448760851,50.89129449204256,467.8439848404256,196.01190863829785,1211.8576927,998.494184446,31189.092152700003,0.8239368289368785,0.9625980812759398,0,0,0,0,0,0,0,0
2014-06-17,NO 15/9-F-12 H,5599,15/9-F-12,3420717,VOLVE,369304,MÆRSK INSPIRER,24.0,100.0,%,production,OP,32.0,467.34024099325,293.93605946175,50.20024435425,467.34024099325,196.09814975,1185.1888983,980.518648999,31082.7314656,0.8273100181797407,0.9632703662047604,0,0,0,0,0,0,0,0
2014-06-18,NO 15/9-F-12 H,5599,15/9-F-12,3420717,VOLVE,369304,MÆRSK INSPIRER,24.0,100.0,%,production,OP,32.0,466.930723178625,293.9872034865,49.944702506375,466.930723178625,196.23285125,1177.8927187000002,972.470075722,31384.1391608,0.8256015681931389,0.9638261910970743,0,0,0,0,0,0,0,0
2014-06-19,NO 15/9-F-12 H,5599,15/9-F-12,3420717,VOLVE,369304,MÆRSK INSPIRER,24.0,100.0,%,production,OP,32.0,467.219104047,291.28286119800003,50.01800410725,467.219104047,195.878649875,1170.2191505,972.068547583,32575.6178691,0.8306722267941555,0.9653225626076388,0,0,0,0,0,0,0,0
2014-06-20,NO 15/9-F-12 H,5599,15/9-F-12,3420717,VOLVE,369304,MÆRSK INSPIRER,24.0,100.0,%,production,OP,32.0,466.832326982125,292.415592869875,49.825653503,466.832326982125,196.02230975,1166.8855512,966.784055875,31408.6694198,0.8285166054895273,0.964179104477612,0,0,0,0,0,0,0,0
2014-06-21,NO 15/9-F-12 H,5599,15/9-F-12,3420717,VOLVE,369304,MÆRSK INSPIRER,24.0,100.0,%,production,OP,32.0,466.61195987087495,292.997515542125,49.609329326,466.61195987087495,196.150230125,1157.5766324,956.061100367,31030.148654,0.8259160332087921,0.9640367058529264,0,0,0,0,0,0,0,0
2014-06-22,NO 15/9-F-12 H,5599,15/9-F-12,3420717,VOLVE,369304,MÆRSK INSPIRER,24.0,100.0,%,production,OP,32.0,466.689101957125,292.79089984625,49.7257585805,466.689101957125,196.044215,1147.1984459,938.739593164,31736.1798265,0.8182887594722464,0.9651131207871402,0,0,0,0,0,0,0,0
2014-06-23,NO 15/9-F-12 H,5599,15/9-F-12,3420717,VOLVE,369304,MÆRSK INSPIRER,24.0,100.0,%,production,OP,32.0,471.43385393775,294.81835281037496,49.7613654095,471.43385393775,196.021782125,1128.2032197,931.248285853,31516.225170800004,0.8254260133210999,0.9654396393098332,0,0,0,0,0,0,0,0
2014-06-24,NO 15/9-F-12 H,5599,15/9-F-12,3420717,VOLVE,369304,MÆRSK INSPIRER,24.0,100.0,%,production,OP,32.0,467.158043049,292.69199601674995,50.252515445125,467.158043049,196.165470875,1180.2199484,972.94470529,32951.1195261,0.8243757501379309,0.9654212238203612,0,0,0,0,0,0,0,0
2014-06-25,NO 15/9-F-12 H,5599,15/9-F-12,3420717,VOLVE,369304,MÆRSK INSPIRER,24.0,100.0,%,production,OP,32.0,467.08301610025006,293.8927953206809,50.01179884671808,467.08301610025006,196.31400378723404,1238.5264871,1026.523461836,33110.0001267,0.8288264098732331,0.9639423693183272,0,0,0,0,0,0,0,0
2014-06-26,NO 15/9-F-12 H,5599,15/9-F-12,3420717,VOLVE,369304,MÆRSK INSPIRER,13.83333,53.94867020833333,%,production,OP,32.0,473.8176553597698,280.16355227702303,72.6957260765121,473.8176553597698,193.14492527864655,757.922105,637.697667279,20478.8036847,0.8413762615869345,0.96431078347456,0,0,0,0,0,0,0,0
2014-06-27,NO 15/9-F-12 H,5599,15/9-F-12,3420717,VOLVE,369304,MÆRSK INSPIRER,23.5,84.62282166666667,%,production,OP,32.0,510.2372203969596,275.6304322941127,80.49291258772979,510.2372203969596,190.224361093617,1092.7286913,926.853018291,30021.4518243,0.8482004963083191,0.9648800426946122,0,0,0,0,0,0,0,0
2014-06-28,NO 15/9-F-12 H,5599,15/9-F-12,3420717,VOLVE,369304,MÆRSK INSPIRER,24.0,97.91666666666669,%,production,OP,32.0,465.83585041072337,290.6892854682128,44.91161228157447,465.83585041072337,195.8655935319149,1173.5527498,986.6482214780002,35465.722666,0.8407361506725176,0.9679700884779526,0,0,0,0,0,0,0,0
2014-06-29,NO 15/9-F-12 H,5599,15/9-F-12,3420717,VOLVE,369304,MÆRSK INSPIRER,24.0,97.91666666666669,%,production,OP,32.0,465.26137958004256,290.60410495940425,44.56300573378724,465.26137958004256,196.0226730212766,1177.8298206,990.061034086,32687.6393852,0.8405807161357586,0.9652203306724516,0,0,0,0,0,0,0,0
2014-06-30,NO 15/9-F-12 H,5599,15/9-F-12,3420717,VOLVE,369304,MÆRSK INSPIRER,24.0,97.91666666666669,%,production,OP,32.0,465.5567386663405,289.85527067948937,44.77097171029787,465.5567386663405,195.91365123404256,1206.8258447,1017.703262364,32630.590808500005,0.8432892507509953,0.964334575033645,0,0,0,0,0,0,0,0
2014-07-01,NO 15/9-F-12 H,5599,15/9-F-12,3420717,VOLVE,369304,MÆRSK INSPIRER,24.0,100.0,%,production,OP,32.0,465.770654865375,290.76522661925003,45.122829590875,465.770654865375,196.05670775,1175.1252023000002,987.565344237,31879.273004,0.8403915959798148,0.964448749150846,0,0,0,0,0,0,0,0
2014-07-02,NO 15/9-F-12 H,5599,15/9-F-12,3420717,VOLVE,369304,MÆRSK INSPIRER,24.0,100.0,%,production,OP,32.0,470.098800299125,291.789886851375,49.55781061975,470.098800299125,194.09917925,1175.2509985,986.56558508,31838.6408314,0.8394509652314073,0.964401319161178,0,0,0,0,0,0,0,0
2014-07-03,NO 15/9-F-12 H,5599,15/9-F-12,3420717,VOLVE,369304,MÆRSK INSPIRER,24.0,100.0,%,production,OP,32.0,470.48482195774994,291.48662145825,49.69774811675,470.48482195774994,194.144382125,1176.3202662,985.8875428400002,31886.9465722,0.8381115000465169,0.9644221403786448,0,0,0,0,0,0,0,0
2014-07-04,NO 15/9-F-12 H,5599,15/9-F-12,3420717,VOLVE,369304,MÆRSK INSPIRER,24.0,100.0,%,production,OP,32.0,473.488253753625,290.079042776375,53.218929313125,473.488253753625,194.2447715,1166.8226531,978.312892837,31972.362192,0.838441806248645,0.9647902427728988,0,0,0,0,0,0,0,0
2014-07-05,NO 15/9-F-12 H,5599,15/9-F-12,3420717,VOLVE,369304,MÆRSK INSPIRER,24.0,100.0,%,production,OP,32.0,470.261659843375,290.341374215625,49.7878348445,470.261659843375,195.1479785,1164.8728119999998,973.518569165,32094.3216079,0.8357294969341256,0.9649759162145244,0,0,0,0,0,0,0,0
2014-07-06,NO 15/9-F-12 H,5599,15/9-F-12,3420717,VOLVE,369304,MÆRSK INSPIRER,24.0,100.0,%,production,OP,32.0,468.50800236375,292.78918356325,47.7047265695,468.50800236375,196.031466875,1163.3632576,972.219341352,32201.1225817,0.8356971350098104,0.9651316893296862,0,0,0,0,0,0,0,0
2014-07-07,NO 15/9-F-12 H,5599,15/9-F-12,3420717,VOLVE,369304,MÆRSK INSPIRER,24.0,100.0,%,production,OP,32.0,470.5280372385,291.959895560375,49.84035673025,470.5280372385,195.60635975,1184.8744078,992.0898636010002,31656.6766281,0.8372953766830444,0.9639214845089142,0,0,0,0,0,0,0,0
2014-07-08,NO 15/9-F-12 H,5599,15/9-F-12,3420717,VOLVE,369304,MÆRSK INSPIRER,24.0,100.0,%,production,OP,32.0,467.625098646875,293.268458612625,46.89628777912501,467.625098646875,196.49882375,1191.918995,995.951172899,31515.721986000004,0.8355862915826758,0.9635583931078248,0,0,0,0,0,0,0,0
2014-07-09,NO 15/9-F-12 H,5599,15/9-F-12,3420717,VOLVE,369304,MÆRSK INSPIRER,24.0,100.0,%,production,OP,32.0,467.425372256,289.830780023125,46.660667504875,467.425372256,196.303451375,1188.145109,995.066539664,31496.852556,0.8374958009139942,0.9636486096411044,0,0,0,0,0,0,0,0
2014-07-10,NO 15/9-F-12 H,5599,15/9-F-12,3420717,VOLVE,369304,MÆRSK INSPIRER,24.0,100.0,%,production,OP,32.0,468.0124800367501,291.437480770875,47.3782460315,468.0124800367501,196.170143375,1206.8887428,1011.829368313,30779.562623600003,0.8383783296922139,0.9622687515731184,0,0,0,0,0,0,0,0
2014-07-11,NO 15/9-F-12 H,5599,15/9-F-12,3420717,VOLVE,369304,MÆRSK INSPIRER,24.0,100.0,%,production,OP,32.0,468.459299812,292.297133083375,47.474808101625,468.459299812,195.266036,1210.7255269,1007.740632347,36630.3438856,0.8323444165972677,0.9680049864949096,0,0,0,0,0,0,0,0
2014-07-12,NO 15/9-F-12 H,5599,15/9-F-12,3420717,VOLVE,369304,MÆRSK INSPIRER,24.0,100.0,%,production,OP,32.0,467.19488874425,292.1141102355,46.895635108125,467.19488874425,196.0187435,1187.6419242,991.657611673,29127.3553328,0.8349803012730326,0.9608232877564994,0,0,0,0,0,0,0,0
2014-07-13,NO 15/9-F-12 H,5599,15/9-F-12,3420717,VOLVE,369304,MÆRSK INSPIRER,24.0,100.0,%,production,OP,32.0,464.93328703725,291.02559400225,44.6960341245,464.93328703725,196.12994225,1183.1761591000002,986.458228392,28841.3576721,0.8337374116313868,0.9605930215019524,0,0,0,0,0,0,0,0
2014-07-14,NO 15/9-F-12 H,5599,15/9-F-12,3420717,VOLVE,369304,MÆRSK INSPIRER,24.0,100.0,%,production,OP,32.0,463.761219851125,290.45947442875,43.364775646875,463.761219851125,196.10650325,1167.2000417,973.610034238,30014.7217276,0.8341415348306186,0.9625680530425432,0,0,0,0,0,0,0,0
2014-07-15,NO 15/9-F-12 H,5599,15/9-F-12,3420717,VOLVE,369304,MÆRSK INSPIRER,24.0,100.0,%,production,OP,32.0,464.8820553853749,287.79674293812496,44.82003557125,464.8820553853749,195.257857625,1188.9627843,987.771582085,30033.9056481,0.8307842727529515,0.9619201295718808,0,0,0,0,0,0,0,0
2014-07-16,NO 15/9-F-12 H,5599,15/9-F-12,3420717,VOLVE,369304,MÆRSK INSPIRER,24.0,100.0,%,production,OP,32.0,466.100471277375,288.586919027,46.460916941,466.100471277375,195.169713875,1180.7860313,985.554172072,30077.0537447,0.8346594098737287,0.9622243238892468,0,0,0,0,0,0,0,0
2014-07-17,NO 15/9-F-12 H,5599,15/9-F-12,3420717,VOLVE,369304,MÆRSK INSPIRER,24.0,100.0,%,production,OP,32.0,466.1053028557501,288.149281970125,45.9578647245,466.1053028557501,194.74768925,1180.0941522,983.417279575,29997.9279349,0.8333379821785037,0.9621498070370452,0,0,0,0,0,0,0,0
2014-07-18,NO 15/9-F-12 H,5599,15/9-F-12,3420717,VOLVE,369304,MÆRSK INSPIRER,24.0,100.0,%,production,OP,32.0,463.70641059525,290.804510765875,43.427244722125,463.70641059525,196.2887195,1171.6029087000002,978.9079455320002,29945.7225119,0.8355287770821493,0.9623488557302426,0,0,0,0,0,0,0,0
2014-07-19,NO 15/9-F-12 H,5599,15/9-F-12,3420717,VOLVE,369304,MÆRSK INSPIRER,24.0,100.0,%,production,OP,32.0,467.187558282,289.5611302081249,47.106465970875,467.187558282,194.902350875,1169.5272714,981.389862648,29938.9924152,0.8391337993112488,0.962404920478946,0,0,0,0,0,0,0,0
2014-07-20,NO 15/9-F-12 H,5599,15/9-F-12,3420717,VOLVE,369304,MÆRSK INSPIRER,23.16667,86.66525625,%,production,OP,32.0,507.2163008140509,280.6076412782444,75.72140374743898,507.2163008140509,189.7064932597063,1205.1904941,1044.997993994,28126.6465618,0.8670811785437896,0.9589118645448912,0,0,0,0,0,0,0,0
2014-07-21,NO 15/9-F-12 H,5599,15/9-F-12,3420717,VOLVE,369304,MÆRSK INSPIRER,24.0,99.78348604166666,%,production,OP,32.0,468.96189878475,287.1812469905,48.743624698625,468.96189878475,194.53542275,1204.1841245,1012.328011877,30787.4248861,0.8406754343297275,0.9623593760444806,0,0,0,0,0,0,0,0
2014-07-22,NO 15/9-F-12 H,5599,15/9-F-12,3420717,VOLVE,369304,MÆRSK INSPIRER,24.0,99.99972833333334,%,production,OP,32.0,466.206711612375,291.5082623365,45.584189425625,466.206711612375,196.458593375,1194.434919,991.344017137,30085.796580600003,0.8299690517813805,0.9618150230436986,0,0,0,0,0,0,0,0
2014-07-23,NO 15/9-F-12 H,5599,15/9-F-12,3420717,VOLVE,369304,MÆRSK INSPIRER,24.0,100.0,%,production,OP,32.0,468.535707643375,290.565077200875,48.131673117125,468.535707643375,195.811596875,1183.5535477,998.231089931,29733.3156282,0.8434186115793941,0.9617181953008814,0,0,0,0,0,0,0,0
2014-07-24,NO 15/9-F-12 H,5599,15/9-F-12,3420717,VOLVE,369304,MÆRSK INSPIRER,24.0,100.0,%,production,OP,32.0,465.7657870275,291.5041287535,45.009690886,465.7657870275,196.821006875,1198.2717031,1005.62492867,29088.5472051,0.839229471970663,0.9604358679354216,0,0,0,0,0,0,0,0
2014-07-25,NO 15/9-F-12 H,5599,15/9-F-12,3420717,VOLVE,369304,MÆRSK INSPIRER,24.0,100.0,%,production,OP,32.0,467.34694295750006,291.58266078725,46.50685168425,467.34694295750006,196.574261,1189.1514786,995.806382629,29131.4437093,0.8374091951694606,0.960780734308456,0,0,0,0,0,0,0,0
2014-07-26,NO 15/9-F-12 H,5599,15/9-F-12,3420717,VOLVE,369304,MÆRSK INSPIRER,24.0,97.12343666666666,%,production,OP,32.0,472.882502546625,292.00139757974995,53.33346400875,472.882502546625,196.920404,1170.3449467,985.585602155,31254.0029919,0.8421325737630068,0.9639053667658573,0,0,0,0,0,0,0,0
2014-07-27,NO 15/9-F-12 H,5599,15/9-F-12,3420717,VOLVE,369304,MÆRSK INSPIRER,24.0,100.0,%,production,OP,32.0,467.37039681075,290.87190811150003,48.010451565375,467.37039681075,196.5773855,1189.1514786,994.414983449,32706.9491019,0.8362391178453856,0.9649177498817046,0,0,0,0,0,0,0,0
2014-07-28,NO 15/9-F-12 H,5599,15/9-F-12,3420717,VOLVE,369304,MÆRSK INSPIRER,24.0,100.0,%,production,OP,32.0,465.5347022123751,290.3735817165,45.970522311625,465.5347022123751,196.907105,1180.1570503,988.693648902,33399.8345715,0.8377644726612197,0.9658716791141152,0,0,0,0,0,0,0,0
2014-07-29,NO 15/9-F-12 H,5599,15/9-F-12,3420717,VOLVE,369304,MÆRSK INSPIRER,24.0,100.0,%,production,OP,32.0,468.03905220700005,289.717973697,48.707365198625,468.03905220700005,195.895375625,1171.0368258,981.594687908,33254.22547,0.8382270021588931,0.9659832126843992,0,0,0,0,0,0,0,0
2014-07-30,NO 15/9-F-12 H,5599,15/9-F-12,3420717,VOLVE,369304,MÆRSK INSPIRER,24.0,60.39771354166667,%,production,OP,32.0,597.4013240156249,270.219500091,179.981120003875,597.4013240156249,183.051178625,968.1904533,802.7822359280001,25419.9526245,0.8291573555510496,0.9633096406046652,0,0,0,0,0,0,0,0
2014-07-31,NO 15/9-F-12 H,5599,15/9-F-12,3420717,VOLVE,369304,MÆRSK INSPIRER,24.0,98.101398125,%,production,OP,32.0,467.51183303375,286.403604602125,46.36337284275,467.51183303375,196.315772375,1142.6068846,956.605653041,33111.509681100004,0.8372132760042709,0.966643224255734,0,0,0,0,0,0,0,0
2014-08-01,NO 15/9-F-12 H,5599,15/9-F-12,3420717,VOLVE,369304,MÆRSK INSPIRER,24.0,100.0,%,production,OP,32.0,469.99263248312496,288.33212352050003,48.980193763125,469.99263248312496,196.160757125,1157.0105495,968.302234828,33300.8958602,0.836900091573452,0.9664224942820584,0,0,0,0,0,0,0,0
2014-08-02,NO 15/9-F-12 H,5599,15/9-F-12,3420717,VOLVE,369304,MÆRSK INSPIRER,24.0,100.0,%,production,OP,32.0,471.00051665325,288.243169902125,49.99228403525,471.00051665325,195.68804,1162.0423975,967.95473818,33302.7828032,0.8329771273943557,0.966283235422404,0,0,0,0,0,0,0,0
2014-08-03,NO 15/9-F-12 H,5599,15/9-F-12,3420717,VOLVE,369304,MÆRSK INSPIRER,24.0,100.0,%,production,OP,32.0,471.8840428248751,287.01371601399995,51.108904402625,471.8840428248751,195.231773,1156.5702628,973.306327818,32555.7420695,0.8415453510465271,0.9656929417537496,0,0,0,0,0,0,0,0
2014-08-04,NO 15/9-F-12 H,5599,15/9-F-12,3420717,VOLVE,369304,MÆRSK INSPIRER,24.0,100.0,%,production,OP,32.0,473.00783955162507,285.9001263365,52.32862865825,473.00783955162507,193.865898875,1175.9428776,977.961864719,32041.2985096,0.8316406207714252,0.964598418517284,0,0,0,0,0,0,0,0
2014-08-05,NO 15/9-F-12 H,5599,15/9-F-12,3420717,VOLVE,369304,MÆRSK INSPIRER,24.0,100.0,%,production,OP,32.0,467.686851597,287.883397099875,46.838402509000005,467.686851597,196.251482,1134.8075202,942.138986186,31893.6766689,0.8302191952516812,0.9656415500722706,0,0,0,0,0,0,0,0
2014-08-06,NO 15/9-F-12 H,5599,15/9-F-12,3420717,VOLVE,369304,MÆRSK INSPIRER,24.0,100.0,%,production,OP,32.0,469.685877113125,286.965466706,49.102421516,469.685877113125,195.387194375,1133.5495582,944.568284399,31782.8502167,0.8332836244927045,0.9655627721758206,0,0,0,0,0,0,0,0
2014-08-07,NO 15/9-F-12 H,5599,15/9-F-12,3420717,VOLVE,369304,MÆRSK INSPIRER,24.0,97.91666666666669,%,production,OP,32.0,468.1560664995319,286.41673658437503,47.10202553221277,468.1560664995319,195.818414,1097.9492336,915.223887581,32222.004750900003,0.8335757788910942,0.9670482968220558,0,0,0,0,0,0,0,0
2014-08-08,NO 15/9-F-12 H,5599,15/9-F-12,3420717,VOLVE,369304,MÆRSK INSPIRER,24.0,97.91666666666669,%,production,OP,32.0,467.5575594777448,287.9470859472766,46.76767282531915,467.5575594777448,196.3236659574468,1091.0933407,910.014616184,32591.6568846,0.8340391992496009,0.967606762114085,0,0,0,0,0,0,0,0
2014-08-09,NO 15/9-F-12 H,5599,15/9-F-12,3420717,VOLVE,369304,MÆRSK INSPIRER,24.0,100.0,%,production,OP,32.0,471.01361539762496,283.01622096075005,50.239930377,471.01361539762496,193.1953955,1070.2111715,897.0509429610001,32765.6959273,0.8381999430109669,0.9683705488262804,0,0,0,0,0,0,0,0
2014-08-10,NO 15/9-F-12 H,5599,15/9-F-12,3420717,VOLVE,369304,MÆRSK INSPIRER,24.0,97.91666666666669,%,production,OP,32.0,472.35861352557447,283.4284671741702,51.80969670944681,472.35861352557447,193.19588370212767,1070.8401525,897.361006027,33213.4046031,0.8379971594565325,0.968765823481496,0,0,0,0,0,0,0,0
2014-08-11,NO 15/9-F-12 H,5599,15/9-F-12,3420717,VOLVE,369304,MÆRSK INSPIRER,24.0,97.91666666666669,%,production,OP,32.0,474.457180691234,281.447806644766,53.67303075459574,474.457180691234,191.2898916595745,1106.4404771,935.443672213,33247.1179847,0.8454532273302352,0.9677925511463296,0,0,0,0,0,0,0,0
2014-08-12,NO 15/9-F-12 H,5599,15/9-F-12,3420717,VOLVE,369304,MÆRSK INSPIRER,24.0,100.0,%,production,OP,32.0,475.816304016,281.876442859375,54.76246299025,475.816304016,189.99224375,1102.1634063,966.499066246,33050.7501165,0.87691086523238,0.9677285685871512,0,0,0,0,0,0,0,0
2014-08-13,NO 15/9-F-12 H,5599,15/9-F-12,3420717,VOLVE,369304,MÆRSK INSPIRER,24.0,100.0,%,production,OP,32.0,472.41863174150006,283.69115529375,51.644795639625,472.41863174150006,194.03066675,1097.6347431,980.008351584,33167.5518882,0.8928364902300805,0.9679664741093996,0,0,0,0,0,0,0,0
2014-08-14,NO 15/9-F-12 H,5599,15/9-F-12,3420717,VOLVE,369304,MÆRSK INSPIRER,24.0,100.0,%,production,OP,32.0,467.43108312725,284.223064029,46.331147212125,467.43108312725,196.071811625,1103.3584702,981.20128215,33107.1697122,0.8892860377209438,0.9677479849385184,0,0,0,0,0,0,0,0
2014-08-15,NO 15/9-F-12 H,5599,15/9-F-12,3420717,VOLVE,369304,MÆRSK INSPIRER,24.0,100.0,%,production,OP,32.0,467.1329454317501,283.648734700375,46.391833528625,467.1329454317501,195.921426875,1106.7549676,971.032414285,33045.5295742,0.8773689233043926,0.9675935304929482,0,0,0,0,0,0,0,0
2014-08-16,NO 15/9-F-12 H,5599,15/9-F-12,3420717,VOLVE,369304,MÆRSK INSPIRER,24.0,100.0,%,production,OP,32.0,471.0252335457501,282.88887759675,50.22390972125,471.0252335457501,193.8962,1101.7231196,923.479405,32843.4379789,0.838213693232911,0.9675440303139796,0,0,0,0,0,0,0,0
2014-08-17,NO 15/9-F-12 H,5599,15/9-F-12,3420717,VOLVE,369304,MÆRSK INSPIRER,24.0,100.0,%,production,OP,32.0,469.374341532375,283.509286706625,49.848222020125,469.374341532375,194.310725375,1102.1634063,924.566391466,32946.4650667,0.8388650777018636,0.967629726784032,0,0,0,0,0,0,0,0
2014-08-18,NO 15/9-F-12 H,5599,15/9-F-12,3420717,VOLVE,369304,MÆRSK INSPIRER,24.0,100.0,%,production,OP,32.0,466.783642560125,281.125973944625,48.734097515,466.783642560125,195.434002625,1094.6156343,923.584289659,32998.4188973,0.8437521452446882,0.9678932764613422,0,0,0,0,0,0,0,0
2014-08-19,NO 15/9-F-12 H,5599,15/9-F-12,3420717,VOLVE,369304,MÆRSK INSPIRER,1.325,16.994117083333332,%,production,OP,32.0,480.1429599596604,278.1675893324151,88.45975714358491,480.1429599596604,193.95547241509436,64.15606199999999,86.27381210000001,2407.8021661,1.3447491851978075,0.9740464619220884,0,0,0,0,0,0,0,0
2014-08-20,NO 15/9-F-12 H,5599,15/9-F-12,3420717,VOLVE,369304,MÆRSK INSPIRER,0.0,0.326066875,%,production,OP,32.0,4.251788970000001,82.850491854,4.251788970000001,4.251788970000001,59.88956,0.0,0.0,0.0,1.2788296503359207,0.9742506389187898,0,0,0,0,0,1,1,0
2014-08-21,NO 15/9-F-12 H,5599,15/9-F-12,3420717,VOLVE,369304,MÆRSK INSPIRER,0.0,0.35015,%,production,OP,32.0,3.824071908,99.560029758,3.824071908,3.824071908,70.859768,0.0,0.0,0.0,1.2129101154740338,0.9744548159154912,0,0,0,0,0,1,1,0
2014-08-22,NO 15/9-F-12 H,5599,15/9-F-12,3420717,VOLVE,369304,MÆRSK INSPIRER,0.0,0.35015,%,production,OP,32.0,3.824071908,99.560029758,3.824071908,3.824071908,70.859768,0.0,0.0,0.0,1.146990580612147,0.9746589929121926,0,0,0,0,0,1,1,0
2014-08-23,NO 15/9-F-12 H,5599,15/9-F-12,3420717,VOLVE,369304,MÆRSK INSPIRER,0.0,0.35015,%,production,OP,32.0,3.824071908,99.560029758,3.824071908,3.824071908,70.859768,0.0,0.0,0.0,1.0810710457502601,0.974863169908894,0,0,0,0,0,1,1,0
2014-08-24,NO 15/9-F-12 H,5599,15/9-F-12,3420717,VOLVE,369304,MÆRSK INSPIRER,0.0,0.35015,%,production,OP,32.0,3.824071908,99.560029758,3.824071908,3.824071908,70.859768,0.0,0.0,0.0,1.0151515108883733,0.9750673469055954,0,0,0,0,0,1,1,0
2014-08-25,NO 15/9-F-12 H,5599,15/9-F-12,3420717,VOLVE,369304,MÆRSK INSPIRER,16.54166,77.42615125,%,production,OP,32.0,477.3092933446568,245.27844783140105,62.1868000486877,477.3092933446568,190.07436457910637,683.3878565,648.6936054180001,26952.2761367,0.9492319760264866,0.9752715239022968,0,0,0,0,0,0,0,0
2014-08-26,NO 15/9-F-12 H,5599,15/9-F-12,3420717,VOLVE,369304,MÆRSK INSPIRER,24.0,100.0,%,production,OP,32.0,456.385717258875,271.138895973,39.055539542375,456.385717258875,194.812985375,1178.710394,1153.9085287940002,31123.4894344,0.978958474166132,0.9635099033421344,0,0,0,0,0,0,0,0
2014-08-27,NO 15/9-F-12 H,5599,15/9-F-12,3420717,VOLVE,369304,MÆRSK INSPIRER,24.0,100.0,%,production,OP,32.0,458.91576919575,279.934692245125,42.740816127625,458.91576919575,195.32569025,1161.098926,1164.597935337,28938.472338500003,1.003013532489479,0.9614247353958352,0,0,0,0,0,0,0,0
2014-08-28,NO 15/9-F-12 H,5599,15/9-F-12,3420717,VOLVE,369304,MÆRSK INSPIRER,23.5,87.82232520833334,%,production,OP,32.0,489.0455817449656,274.91826619949694,84.6326765123871,489.0455817449656,190.30107804797703,1196.1331677,1170.722916905,28666.7525465,0.978756336266588,0.9599458277693762,0,0,0,0,0,0,0,0
2014-08-29,NO 15/9-F-12 H,5599,15/9-F-12,3420717,VOLVE,369304,MÆRSK INSPIRER,24.0,100.0,%,production,OP,32.0,464.22168226325,283.192729185125,48.14261442125,464.22168226325,193.981332125,1218.9022799,1227.499772683,29237.6786002,1.0070534717382802,0.9599790178451576,0,0,0,0,0,0,0,0
2014-08-30,NO 15/9-F-12 H,5599,15/9-F-12,3420717,VOLVE,369304,MÆRSK INSPIRER,24.0,100.0,%,production,OP,32.0,465.352105413625,285.605179477,47.496536607,465.352105413625,194.672735,1192.3592817,1200.2523627510002,28888.9715338,1.0066197170367532,0.9603621498991124,0,0,0,0,0,0,0,0
2014-08-31,NO 15/9-F-12 H,5599,15/9-F-12,3420717,VOLVE,369304,MÆRSK INSPIRER,24.0,100.0,%,production,OP,32.0,462.33308203275,288.69439520662496,45.664609975,462.33308203275,195.43486625,1220.5376305000002,1228.907063478,30181.024304,1.006857169143217,0.961131308275496,0,0,0,0,0,0,0,0
2014-09-01,NO 15/9-F-12 H,5599,15/9-F-12,3420717,VOLVE,369304,MÆRSK INSPIRER,24.0,100.0,%,production,OP,32.0,467.86118122975,287.50194413825,49.292542161,467.86118122975,194.567793875,1195.5041867,1211.7727241850002,32386.7977729,1.013608097458786,0.9644007671618756,0,0,0,0,0,0,0,0
2014-09-02,NO 15/9-F-12 H,5599,15/9-F-12,3420717,VOLVE,369304,MÆRSK INSPIRER,24.0,93.23438958333334,%,production,OP,32.0,483.96373510375,290.3876262295,64.605258368125,483.96373510375,195.376374125,1325.7032537,1274.908344845,31724.6694742,0.9616845559417366,0.9598884023301532,0,0,0,0,0,0,0,0
2014-09-03,NO 15/9-F-12 H,5599,15/9-F-12,3420717,VOLVE,369304,MÆRSK INSPIRER,22.0,72.01498520833333,%,production,OP,32.0,531.0587175400476,279.6242379151494,108.73867678211391,531.0587175400476,191.62258068092,1182.5471781,1082.951761525,30340.8483761,0.9157789063984576,0.9624866814849696,0,0,0,0,0,0,0,0
2014-09-04,NO 15/9-F-12 H,5599,15/9-F-12,3420717,VOLVE,369304,MÆRSK INSPIRER,24.0,100.0,%,production,OP,32.0,473.12316893462497,288.29133762625,49.013951357625,473.12316893462497,196.20833750000003,1104.6164322,990.730247651,32266.851096200004,0.896899791430606,0.966899375004712,0,0,0,0,0,0,0,0
2014-09-05,NO 15/9-F-12 H,5599,15/9-F-12,3420717,VOLVE,369304,MÆRSK INSPIRER,24.0,100.0,%,production,OP,32.0,468.575671655625,289.98280704175,48.1081255935,468.575671655625,196.515579125,1085.0551231,989.918715845,31217.4591958,0.9123211298397492,0.9664095769020328,0,0,0,0,0,0,0,0
2014-09-06,NO 15/9-F-12 H,5599,15/9-F-12,3420717,VOLVE,369304,MÆRSK INSPIRER,24.0,97.91666666666669,%,production,OP,32.0,465.9434809503829,289.4814799802553,44.94440012731915,465.9434809503829,196.74054327659573,1096.1251887,1001.995283804,31757.25069,0.914124859216457,0.9666358430638278,0,0,0,0,0,0,0,0
2014-09-07,NO 15/9-F-12 H,5599,15/9-F-12,3420717,VOLVE,369304,MÆRSK INSPIRER,24.0,100.0,%,production,OP,32.0,468.3399456245,289.54636352675,47.599561933,468.3399456245,196.026696875,1078.7653131,987.97111014,31559.939350300003,0.9158350738038762,0.9669482804472416,0,0,0,0,0,0,0,0
2014-09-08,NO 15/9-F-12 H,5599,15/9-F-12,3420717,VOLVE,369304,MÆRSK INSPIRER,24.0,100.0,%,production,OP,32.0,466.77519409662494,288.1687719014042,46.00576088811437,466.77519409662494,196.49378434042552,1077.3815549,983.922632932,31640.6376126,0.9132536458017656,0.9670706973614648,0,0,0,0,0,0,0,0
2014-09-09,NO 15/9-F-12 H,5599,15/9-F-12,3420717,VOLVE,369304,MÆRSK INSPIRER,24.0,100.0,%,production,OP,32.0,466.78128267099993,287.446536600625,46.01611561125,466.78128267099993,196.442140625,1072.4755031,976.63862291,31346.337402700003,0.9106395624767348,0.966918113065512,0,0,0,0,0,0,0,0
2014-09-10,NO 15/9-F-12 H,5599,15/9-F-12,3420717,VOLVE,369304,MÆRSK INSPIRER,24.0,100.0,%,production,OP,32.0,465.8978622562501,290.551860613125,44.9637984455,465.8978622562501,196.93154525,1075.1801214,980.518648999,31152.170968,0.9119575683023784,0.9666376514030768,0,0,0,0,0,0,0,0
2014-09-11,NO 15/9-F-12 H,5599,15/9-F-12,3420717,VOLVE,369304,MÆRSK INSPIRER,24.0,100.0,%,production,OP,32.0,466.463262683,291.763943179125,46.021847633875005,466.463262683,196.74439625,1056.6251819,951.521748829,32547.3137241,0.9005291234096794,0.9685565080672331,0,0,0,0,0,0,0,0
2014-09-12,NO 15/9-F-12 H,5599,15/9-F-12,3420717,VOLVE,369304,MÆRSK INSPIRER,24.0,100.0,%,production,OP,32.0,467.292469102,291.25092262175,46.7124974385,467.292469102,196.518281375,1093.4205704,895.756659206,32505.109099,0.8192242614187423,0.967456297011835,0,0,0,0,0,0,0,0
2014-09-13,NO 15/9-F-12 H,5599,15/9-F-12,3420717,VOLVE,369304,MÆRSK INSPIRER,24.0,100.0,%,production,OP,32.0,467.00149567937495,291.511320221,46.637890495625,467.00149567937495,196.79040125,1089.3321939,892.068038791,32734.3726735,0.8189127648906073,0.9677938239418024,0,0,0,0,0,0,0,0
2014-09-14,NO 15/9-F-12 H,5599,15/9-F-12,3420717,VOLVE,369304,MÆRSK INSPIRER,24.0,100.0,%,production,OP,32.0,467.95416267425,290.233804365625,47.50273093825,467.95416267425,196.861811,1073.670567,887.662529966,32257.5421774,0.8267550189498676,0.9677878337271004,0,0,0,0,0,0,0,0
2014-09-15,NO 15/9-F-12 H,5599,15/9-F-12,3420717,VOLVE,369304,MÆRSK INSPIRER,24.0,100.0,%,production,OP,32.0,471.615226978375,288.413782936125,51.592207278125,471.615226978375,195.015162875,1097.9492336,918.155713975,32152.1878599,0.836246053894964,0.9669791065669128,0,0,0,0,0,0,0,0
2014-09-16,NO 15/9-F-12 H,5599,15/9-F-12,3420717,VOLVE,369304,MÆRSK INSPIRER,24.0,100.0,%,production,OP,32.0,474.3933482845,286.615855628625,52.78658614325,474.3933482845,193.791795125,1086.1872889,916.830706431,32124.6384921,0.8440816015804141,0.967294180034469,0,0,0,0,0,0,0,0
2014-09-17,NO 15/9-F-12 H,5599,15/9-F-12,3420717,VOLVE,369304,MÆRSK INSPIRER,24.0,97.91666666666669,%,production,OP,32.0,474.10728423102125,286.57489994476595,53.68459984953192,474.10728423102125,193.9518657021277,1094.42694,926.229007542,32498.3790023,0.8463141518994407,0.9674207941462282,0,0,0,0,0,0,0,0
2014-09-18,NO 15/9-F-12 H,5599,15/9-F-12,3420717,VOLVE,369304,MÆRSK INSPIRER,24.0,97.91666666666669,%,production,OP,32.0,473.247681036,287.4245819234042,52.865770848,473.247681036,194.8081701276596,1093.8608571,916.195748125,33019.9929456,0.8375797910476306,0.9679349960451132,0,0,0,0,0,0,0,0
2014-09-19,NO 15/9-F-12 H,5599,15/9-F-12,3420717,VOLVE,369304,MÆRSK INSPIRER,24.0,97.91666666666669,%,production,OP,32.0,471.77224032114896,289.7754565766809,51.38026696468085,471.77224032114896,195.9423455319149,1087.7597414,919.113095492,32965.9634777,0.8449596547019258,0.9680575385428076,0,0,0,0,0,0,0,0
2014-09-20,NO 15/9-F-12 H,5599,15/9-F-12,3420717,VOLVE,369304,MÆRSK INSPIRER,24.0,97.91666666666669,%,production,OP,32.0,468.6190277955319,288.84812680748934,47.832544907234045,468.6190277955319,196.75010970212765,1116.8186636,938.627998712,33006.092465500005,0.8404479879360067,0.9672707097183282,0,0,0,0,0,0,0,0
2014-09-21,NO 15/9-F-12 H,5599,15/9-F-12,3420717,VOLVE,369304,MÆRSK INSPIRER,24.0,97.91666666666669,%,production,OP,32.0,469.52582388702126,286.39933607463826,48.69308930629787,469.52582388702126,196.27051119148936,1094.5527362,923.879873698,33167.7405825,0.8440706812405117,0.9680537223232922,0,0,0,0,0,0,0,0
2014-09-22,NO 15/9-F-12 H,5599,15/9-F-12,3420717,VOLVE,369304,MÆRSK INSPIRER,24.0,97.91666666666669,%,production,OP,32.0,469.105250718,288.17543130574467,48.13507874565958,469.105250718,196.57812161702128,1094.0495514,922.97440479,33650.2948057,0.8436312629614595,0.9685114348351076,0,0,0,0,0,0,0,0
2014-09-23,NO 15/9-F-12 H,5599,15/9-F-12,3420717,VOLVE,369304,MÆRSK INSPIRER,24.0,100.0,%,production,OP,32.0,470.6979492555,288.8969981845,49.650982426625,470.6979492555,196.302807875,1096.1880868,926.14919632,33529.2788613,0.8448816471118759,0.9683415652287644,0,0,0,0,0,0,0,0
2014-09-24,NO 15/9-F-12 H,5599,15/9-F-12,3420717,VOLVE,369304,MÆRSK INSPIRER,24.0,100.0,%,production,OP,32.0,469.611913776375,288.856351285,48.622282281875,469.611913776375,196.603814375,1092.539997,931.077009558,33948.4317997,0.8522132023675469,0.9688210702791384,0,0,0,0,0,0,0,0
2014-09-25,NO 15/9-F-12 H,5599,15/9-F-12,3420717,VOLVE,369304,MÆRSK INSPIRER,24.0,100.0,%,production,OP,32.0,471.802425712,286.54342425575,50.75948670925,471.802425712,195.15301175,1095.9364944,934.655801256,33952.7088705,0.8528375558546414,0.9687309885163912,0,0,0,0,0,0,0,0
2014-09-26,NO 15/9-F-12 H,5599,15/9-F-12,3420717,VOLVE,369304,MÆRSK INSPIRER,24.0,100.0,%,production,OP,32.0,472.426515161125,284.857142970375,51.685950172125,472.426515161125,194.68849025000003,1095.9364944,935.213067222,33789.2996067,0.8533460396662924,0.9685845183554472,0,0,0,0,0,0,0,0
2014-09-27,NO 15/9-F-12 H,5599,15/9-F-12,3420717,VOLVE,369304,MÆRSK INSPIRER,24.0,100.0,%,production,OP,32.0,473.34972131225,284.7865487455,52.382069118,473.34972131225,194.1778835,1086.3130851,932.598366834,33880.753444099995,0.8584986958415862,0.968933250829238,0,0,0,0,0,0,0,0
2014-09-28,NO 15/9-F-12 H,5599,15/9-F-12,3420717,VOLVE,369304,MÆRSK INSPIRER,24.0,100.0,%,production,OP,32.0,472.13061648975,286.00025694575,51.17429841087501,472.13061648975,194.46440525,1082.7278934,927.716462706,33631.3624776,0.8568325138394373,0.9688101320867532,0,0,0,0,0,0,0,0
2014-09-29,NO 15/9-F-12 H,5599,15/9-F-12,3420717,VOLVE,369304,MÆRSK INSPIRER,1.25833,9.953788541666666,%,production,OP,32.0,498.9887158889556,284.5168535927498,85.55793150567978,498.9887158889556,194.09586541443025,56.7340862,72.630330902,2006.5751862,1.2801886091187276,0.9725033532496038,0,0,0,0,0,0,0,0
2014-09-30,NO 15/9-F-12 H,5599,15/9-F-12,3420717,VOLVE,369304,MÆRSK INSPIRER,14.575,65.097651875,%,production,OP,32.0,462.4639549760892,261.8325768612247,47.93967707957805,462.4639549760892,192.73201948542027,864.3456901999999,1241.599166658,26784.2753116,1.4364613380217213,0.9687381989089536,0,0,0,0,0,0,0,0
2014-10-01,NO 15/9-F-12 H,5599,15/9-F-12,3420717,VOLVE,369304,MÆRSK INSPIRER,24.0,100.0,%,production,OP,32.0,467.8624019662501,279.72152566625,51.65752574575,467.8624019662501,194.43875225,1045.366422,952.938574593,33779.990687900005,0.911583301833852,0.9699826072507716,0,0,0,0,0,0,0,0
2014-10-02,NO 15/9-F-12 H,5599,15/9-F-12,3420717,VOLVE,369304,MÆRSK INSPIRER,24.0,100.0,%,production,OP,32.0,470.15244925100006,283.80217281787503,53.737923623125,470.15244925100006,194.053001,1104.1761455,988.168166166,33397.3815456,0.8949370715833854,0.9679963393135484,0,0,0,0,0,0,0,0
2014-10-03,NO 15/9-F-12 H,5599,15/9-F-12,3420717,VOLVE,369304,MÆRSK INSPIRER,24.0,100.0,%,production,OP,32.0,479.21143208225,282.274415044875,55.87717671225,479.21143208225,192.128342,1006.998581,883.347426773,32496.1775688,0.8772082140332232,0.969943190565053,0,0,0,0,0,0,0,0
2014-10-04,NO 15/9-F-12 H,5599,15/9-F-12,3420717,VOLVE,369304,MÆRSK INSPIRER,24.0,100.0,%,production,OP,32.0,472.04195899062506,283.216025913875,55.2915434845,472.04195899062506,194.01821225,1054.1092579,907.389321386,32916.3997749,0.8608114524994346,0.9689698715764836,0,0,0,0,0,0,0,0
2014-10-05,NO 15/9-F-12 H,5599,15/9-F-12,3420717,VOLVE,369304,MÆRSK INSPIRER,24.0,100.0,%,production,OP,32.0,472.33143670887495,285.255248107375,54.816226763875,472.33143670887495,194.698980125,1042.6618037,896.6487085280002,33335.4898152,0.8599612121074577,0.9696708009418756,0,0,0,0,0,0,0,0
2014-10-06,NO 15/9-F-12 H,5599,15/9-F-12,3420717,VOLVE,369304,MÆRSK INSPIRER,24.0,100.0,%,production,OP,32.0,474.407235673,282.316735924625,57.60565499075,474.407235673,191.901928625,1037.2525671,890.846503318,33194.2835807,0.8588520593481594,0.9696989184878676,0,0,0,0,0,0,0,0
2014-10-07,NO 15/9-F-12 H,5599,15/9-F-12,3420717,VOLVE,369304,MÆRSK INSPIRER,24.0,100.0,%,production,OP,32.0,475.998825274125,279.33212583087504,59.13655525375,475.998825274125,188.45792675,1046.7501802,878.561225482,31907.199760400003,0.8393227363133919,0.968235972255624,0,0,0,0,0,0,0,0
2014-10-08,NO 15/9-F-12 H,5599,15/9-F-12,3420717,VOLVE,369304,MÆRSK INSPIRER,24.0,97.91666666666669,%,production,OP,32.0,473.59553050599993,283.326242707375,56.578426377375,473.59553050599993,192.500387,1029.4532027,901.690588247,32516.053368400004,0.875892741779898,0.9693117407388656,0,0,0,0,0,0,0,0
2014-10-09,NO 15/9-F-12 H,5599,15/9-F-12,3420717,VOLVE,369304,MÆRSK INSPIRER,24.0,100.0,%,production,OP,32.0,473.13462089337503,283.379610648125,56.02624556,473.13462089337503,192.712907,1115.8751921,970.3264734320002,32455.6711924,0.8695654140369522,0.9667612811361233,0,0,0,0,0,0,0,0
2014-10-10,NO 15/9-F-12 H,5599,15/9-F-12,3420717,VOLVE,369304,MÆRSK INSPIRER,24.0,100.0,%,production,OP,32.0,471.72565830725006,282.9589732535,54.43227794,471.72565830725006,193.417268375,1129.9014684,980.741837903,30970.4583571,0.867988816132598,0.96480097187252,0,0,0,0,0,0,0,0
2014-10-11,NO 15/9-F-12 H,5599,15/9-F-12,3420717,VOLVE,369304,MÆRSK INSPIRER,24.0,100.0,%,production,OP,32.0,472.88195261087503,284.261574639625,56.062867655,472.88195261087503,193.758660125,1116.3783769,967.318367286,30909.1327096,0.8664789531055632,0.965140966091542,0,0,0,0,0,0,0,0
2014-10-12,NO 15/9-F-12 H,5599,15/9-F-12,3420717,VOLVE,369304,MÆRSK INSPIRER,24.0,100.0,%,production,OP,32.0,469.75605435375,284.19351857975,52.787229749375,469.75605435375,194.567042375,1111.9126118,962.683666058,30894.5403504,0.8657907607501427,0.9652597364314884,0,0,0,0,0,0,0,0
2014-10-13,NO 15/9-F-12 H,5599,15/9-F-12,3420717,VOLVE,369304,MÆRSK INSPIRER,24.0,100.0,%,production,OP,32.0,466.86246164825,286.001955099,49.9748613455,466.86246164825,195.91598525,1103.7358588,958.571269243,31877.7634496,0.8684788680193598,0.966534697271361,0,0,0,0,0,0,0,0
2014-10-14,NO 15/9-F-12 H,5599,15/9-F-12,3420717,VOLVE,369304,MÆRSK INSPIRER,24.0,100.0,%,production,OP,32.0,467.847508376625,285.077914979375,50.697534331875,467.847508376625,195.755985875,1102.6665911,957.832132572,32055.073193500004,0.868650723893325,0.9667448204170984,0,0,0,0,0,0,0,0
2014-10-15,NO 15/9-F-12 H,5599,15/9-F-12,3420717,VOLVE,369304,MÆRSK INSPIRER,24.0,100.0,%,production,OP,32.0,468.678092656625,285.77178885787504,51.527695584375,468.678092656625,195.20597375,1103.7987569000002,955.5472714820002,31657.6829977,0.8656897514232017,0.9663080331601602,0,0,0,0,0,0,0,0
2014-10-16,NO 15/9-F-12 H,5599,15/9-F-12,3420717,VOLVE,369304,MÆRSK INSPIRER,24.0,100.0,%,production,OP,32.0,470.239858819,282.16014625225,53.287508114125,470.239858819,193.930460375,1096.8799659,948.452195105,31120.6590199,0.8646818472309197,0.9659539492950268,0,0,0,0,0,0,0,0
2014-10-17,NO 15/9-F-12 H,5599,15/9-F-12,3420717,VOLVE,369304,MÆRSK INSPIRER,24.0,100.0,%,production,OP,32.0,472.05821835475,282.40555054825,55.17235246475,472.05821835475,194.247271625,1093.2318761,948.366027237,31010.2728544,0.8674884514163682,0.9659466502091476,0,0,0,0,0,0,0,0
2014-10-18,NO 15/9-F-12 H,5599,15/9-F-12,3420717,VOLVE,369304,MÆRSK INSPIRER,24.0,100.0,%,production,OP,32.0,474.41482297337495,280.82695695625,57.768263740125,474.41482297337495,192.371063,1098.200826,954.938446054,30981.5913208,0.8695481039949611,0.9657665853639408,0,0,0,0,0,0,0,0
2014-10-19,NO 15/9-F-12 H,5599,15/9-F-12,3420717,VOLVE,369304,MÆRSK INSPIRER,24.0,100.0,%,production,OP,32.0,473.92351883487504,280.031925116,56.8690492915,473.92351883487504,191.230119125,1102.8552854,958.812115497,30921.083348600005,0.8693906881438609,0.9655615351376832,0,0,0,0,0,0,0,0
2014-10-20,NO 15/9-F-12 H,5599,15/9-F-12,3420717,VOLVE,369304,MÆRSK INSPIRER,24.0,100.0,%,production,OP,32.0,469.7487722375,280.586843525625,52.511418841,469.7487722375,194.5618205,1092.2255065000002,952.165182663,30872.9663021,0.8717661114820339,0.9658307851540516,0,0,0,0,0,0,0,0
2014-10-21,NO 15/9-F-12 H,5599,15/9-F-12,3420717,VOLVE,369304,MÆRSK INSPIRER,24.0,100.0,%,production,OP,32.0,472.73075653912497,278.805507961,55.500691302125,472.73075653912497,193.636428875,1114.3656377,960.853305157,30797.425684,0.8622424028976321,0.9650798155933592,0,0,0,0,0,0,0,0
2014-10-22,NO 15/9-F-12 H,5599,15/9-F-12,3420717,VOLVE,369304,MÆRSK INSPIRER,24.0,100.0,%,production,OP,32.0,470.668050276125,279.08907538075005,53.490543184375,470.668050276125,193.843027625,1109.3966878,961.3014487,31363.0682973,0.8665083096708341,0.9658357722978824,0,0,0,0,0,0,0,0
2014-10-23,NO 15/9-F-12 H,5599,15/9-F-12,3420717,VOLVE,369304,MÆRSK INSPIRER,24.0,100.0,%,production,OP,32.0,474.892469366875,281.081731311375,57.99645081687501,474.892469366875,191.63370725,1109.3337897,964.704020045,30853.7823816,0.8696246603160689,0.9652933154654024,0,0,0,0,0,0,0,0
2014-10-24,NO 15/9-F-12 H,5599,15/9-F-12,3420717,VOLVE,369304,MÆRSK INSPIRER,24.0,100.0,%,production,OP,32.0,474.13429530837504,281.33425153425003,56.918253433,474.13429530837504,192.04936175,1111.9126118,965.720730258,31120.1558351,0.868522148242082,0.9655029085821224,0,0,0,0,0,0,0,0
2014-10-25,NO 15/9-F-12 H,5599,15/9-F-12,3420717,VOLVE,369304,MÆRSK INSPIRER,24.0,100.0,%,production,OP,32.0,475.46652674925,279.461989230125,58.4380945485,475.46652674925,190.28569925,1122.9826774,977.345270057,31274.9480592,0.8703119733955391,0.965337827081303,0,0,0,0,0,0,0,0
2014-10-26,NO 15/9-F-12 H,5599,15/9-F-12,3420717,VOLVE,369304,MÆRSK INSPIRER,25.0,100.0,%,production,OP,32.0,476.05139901096,277.92080033400003,58.8416845392,476.05139901096,188.96570024,1177.8927187000002,1020.0463927090002,31474.20924,0.8659926124976733,0.96392597572463,0,0,0,0,0,0,0,0
2014-10-27,NO 15/9-F-12 H,5599,15/9-F-12,3420717,VOLVE,369304,MÆRSK INSPIRER,24.0,100.0,%,production,OP,32.0,472.5421799445,280.34233665225,56.007100544,472.5421799445,192.2517875,1125.7501938,977.123493741,31175.9464498,0.8679754168575299,0.9651488834713254,0,0,0,0,0,0,0,0
2014-10-28,NO 15/9-F-12 H,5599,15/9-F-12,3420717,VOLVE,369304,MÆRSK INSPIRER,24.0,100.0,%,production,OP,32.0,471.40989849475005,279.2999062435,55.699329908,471.40989849475005,192.286169,1124.2406394000002,973.456062146,30747.4845926,0.8658787345256681,0.964726081465109,0,0,0,0,0,0,0,0
2014-10-29,NO 15/9-F-12 H,5599,15/9-F-12,3420717,VOLVE,369304,MÆRSK INSPIRER,24.0,76.37748604166667,%,production,OP,32.0,536.7743915117501,272.10185764425,131.0212255175,536.7743915117501,193.178489375,1004.7971475,866.162940606,28002.4228143,0.8620276667395694,0.9653604465087232,0,0,0,0,0,0,0,0
2014-10-30,NO 15/9-F-12 H,5599,15/9-F-12,3420717,VOLVE,369304,MÆRSK INSPIRER,24.0,99.55568833333334,%,production,OP,32.0,472.895404885375,278.844112242,56.189461656,472.895404885375,193.89920225,1115.7493959,960.141007658,30715.343663500003,0.8605346426233276,0.9649478139560618,0,0,0,0,0,0,0,0
2014-10-31,NO 15/9-F-12 H,5599,15/9-F-12,3420717,VOLVE,369304,MÆRSK INSPIRER,24.0,100.0,%,production,OP,32.0,472.74973472285103,279.4406782233192,56.02383134591489,472.74973472285103,194.07934055319143,1123.6116584,979.202823277,30425.9495054,0.8714779843699424,0.9643858229099797,0,0,0,0,0,0,0,0
2014-11-01,NO 15/9-F-12 H,5599,15/9-F-12,3420717,VOLVE,369304,MÆRSK INSPIRER,24.0,100.0,%,production,OP,32.0,474.3790439117501,278.74871349750003,57.285843179125,474.3790439117501,192.138897875,1115.2462111,970.279151734,30208.5736718,0.8700134033873878,0.9643962257710202,0,0,0,0,0,0,0,0
2014-11-02,NO 15/9-F-12 H,5599,15/9-F-12,3420717,VOLVE,369304,MÆRSK INSPIRER,24.0,100.0,%,production,OP,32.0,474.3864885528511,277.1633501797021,57.2535128845532,474.3864885528511,191.29869825531915,1132.4173924,984.949937555,30787.5506823,0.8697764129774948,0.9645232291664616,0,0,0,0,0,0,0,0
2014-11-03,NO 15/9-F-12 H,5599,15/9-F-12,3420717,VOLVE,369304,MÆRSK INSPIRER,24.0,100.0,%,production,OP,32.0,473.2331093458723,279.3671964178723,55.89583685387234,473.2331093458723,193.3334672765957,1197.8314164,1040.949516786,29923.8339731,0.8690283979314068,0.9615113329762832,0,0,0,0,0,0,0,0
2014-11-04,NO 15/9-F-12 H,5599,15/9-F-12,3420717,VOLVE,369304,MÆRSK INSPIRER,24.0,100.0,%,production,OP,32.0,467.991398159125,279.063361352,50.480790149,467.991398159125,194.814514625,1180.7860313,1028.480249363,30104.0370296,0.8710132251739825,0.9622569055608388,0,0,0,0,0,0,0,0
2014-11-05,NO 15/9-F-12 H,5599,15/9-F-12,3420717,VOLVE,369304,MÆRSK INSPIRER,24.0,100.0,%,production,OP,32.0,468.5781463665001,279.5525866125,51.43097638975,468.5781463665001,194.98303775,1163.8664424,1016.293146393,30101.9613923,0.8732042692951176,0.9627751278951168,0,0,0,0,0,0,0,0
2014-11-06,NO 15/9-F-12 H,5599,15/9-F-12,3420717,VOLVE,369304,MÆRSK INSPIRER,24.0,100.0,%,production,OP,32.0,474.278958626875,278.454893704125,57.355582284125,474.278958626875,193.06242575,1164.4954234,1016.313628919,30084.4757205,0.87275021309371,0.9627349195582294,0,0,0,0,0,0,0,0
2014-11-07,NO 15/9-F-12 H,5599,15/9-F-12,3420717,VOLVE,369304,MÆRSK INSPIRER,24.0,100.0,%,production,OP,32.0,474.60619154950007,275.566196031125,58.1212348645,474.60619154950007,191.365068875,1192.2334855,1033.129782765,30014.4072371,0.8665498791385858,0.961795519867136,0,0,0,0,0,0,0,0
2014-11-08,NO 15/9-F-12 H,5599,15/9-F-12,3420717,VOLVE,369304,MÆRSK INSPIRER,24.0,100.0,%,production,OP,32.0,473.58433538537497,277.80955014474995,57.86126029275,473.58433538537497,192.296907125,1189.9062558,1043.5522101760002,31850.0253875,0.8770037178049772,0.9639858136316304,0,0,0,0,0,0,0,0
2014-11-09,NO 15/9-F-12 H,5599,15/9-F-12,3420717,VOLVE,369304,MÆRSK INSPIRER,24.0,100.0,%,production,OP,32.0,473.478291456,277.9445261335,58.330400811875,473.478291456,193.0425035,1180.4715408,1043.34102827,32246.2834175,0.8838341223905598,0.9646848297935996,0,0,0,0,0,0,0,0
2014-11-10,NO 15/9-F-12 H,5599,15/9-F-12,3420717,VOLVE,369304,MÆRSK INSPIRER,24.0,100.0,%,production,OP,32.0,472.56397794725,279.3144025858723,55.66452271669681,472.56397794725,194.294636375,1127.5113406,1029.938746473,31370.7418655,0.9134619842714156,0.965305478622206,0,0,0,0,0,0,0,0
2014-11-11,NO 15/9-F-12 H,5599,15/9-F-12,3420717,VOLVE,369304,MÆRSK INSPIRER,24.0,100.0,%,production,OP,32.0,471.46208800175,278.32954763425,56.017540258375,471.46208800175,193.88049575,1172.4834821,1042.123024267,32095.3908756,0.8888168065280415,0.9647562850125824,0,0,0,0,0,0,0,0
2014-11-12,NO 15/9-F-12 H,5599,15/9-F-12,3420717,VOLVE,369304,MÆRSK INSPIRER,24.0,100.0,%,production,OP,32.0,475.18634959275,274.726480400375,59.758387549,475.18634959275,190.052266625,1177.2008396,1034.50175886,30826.736198600003,0.8787810236454745,0.9632169992649688,0,0,0,0,0,0,0,0
2014-11-13,NO 15/9-F-12 H,5599,15/9-F-12,3420717,VOLVE,369304,MÆRSK INSPIRER,24.0,100.0,%,production,OP,32.0,472.7650127017501,276.589022136875,57.4170753745,472.7650127017501,192.916560875,1160.7215374,1022.938666639,30264.678777,0.8812954991171856,0.963064224296671,0,0,0,0,0,0,0,0
2014-11-14,NO 15/9-F-12 H,5599,15/9-F-12,3420717,VOLVE,369304,MÆRSK INSPIRER,24.0,100.0,%,production,OP,32.0,474.5945492283749,275.12452208325004,59.304321917,474.5945492283749,191.103581,1159.4635754,1019.619437986,30268.8300516,0.8793889343477171,0.9631076510496928,0,0,0,0,0,0,0,0
2014-11-15,NO 15/9-F-12 H,5599,15/9-F-12,3420717,VOLVE,369304,MÆRSK INSPIRER,24.0,100.0,%,production,OP,32.0,475.334826202,273.806141771375,59.862213605624994,475.334826202,189.868139,1171.162622,1027.059892129,30159.5131538,0.8769575401707108,0.9626192990415926,0,0,0,0,0,0,0,0
2014-11-16,NO 15/9-F-12 H,5599,15/9-F-12,3420717,VOLVE,369304,MÆRSK INSPIRER,24.0,100.0,%,production,OP,32.0,474.498491769625,273.6867180865,59.130569414625,474.498491769625,189.969301625,1155.438097,1013.874795737,30627.1605273,0.8774808433004266,0.963645575031219,0,0,0,0,0,0,0,0
2014-11-17,NO 15/9-F-12 H,5599,15/9-F-12,3420717,VOLVE,369304,MÆRSK INSPIRER,24.0,100.0,%,production,OP,32.0,470.232060004875,274.72323517512496,54.992478150125,470.232060004875,192.14471375,1140.4054511,983.884493056,31237.712384,0.8627497282716208,0.964778513164106,0,0,0,0,0,0,0,0
2014-11-18,NO 15/9-F-12 H,5599,15/9-F-12,3420717,VOLVE,369304,MÆRSK INSPIRER,24.0,100.0,%,production,OP,32.0,470.59221957512494,274.9617713175,55.49463898725,470.59221957512494,192.65555225,1172.5463802,1005.546176889,30896.3014972,0.8575747568445736,0.9634365916517276,0,0,0,0,0,0,0,0
2014-11-19,NO 15/9-F-12 H,5599,15/9-F-12,3420717,VOLVE,369304,MÆRSK INSPIRER,24.0,100.0,%,production,OP,32.0,469.50898514237497,275.40416139049995,54.304103629125,469.50898514237497,193.32499175,1143.2987637,982.167845489,30184.923986200003,0.8590649064558241,0.9635057892422688,0,0,0,0,0,0,0,0
2014-11-20,NO 15/9-F-12 H,5599,15/9-F-12,3420717,VOLVE,369304,MÆRSK INSPIRER,24.0,100.0,%,production,OP,32.0,465.1167419775,276.27607545725,50.39150113025,465.1167419775,194.33794625,1157.5137343,996.654641723,29849.6142151,0.8610305106450605,0.9626694308421946,0,0,0,0,0,0,0,0
2014-11-21,NO 15/9-F-12 H,5599,15/9-F-12,3420717,VOLVE,369304,MÆRSK INSPIRER,24.0,100.0,%,production,OP,32.0,463.626246884,275.406276528,49.208247888375,463.626246884,194.080152875,1151.03523,995.227927843,29679.852243200003,0.8646372429825628,0.962666166162082,0,0,0,0,0,0,0,0
2014-11-22,NO 15/9-F-12 H,5599,15/9-F-12,3420717,VOLVE,369304,MÆRSK INSPIRER,24.0,100.0,%,production,OP,32.0,467.3745001775,271.279486141,52.8908503355,467.3745001775,191.259587,1149.2740832,990.719653241,29662.8068581,0.862039497560472,0.9627005366697082,0,0,0,0,0,0,0,0
2014-11-23,NO 15/9-F-12 H,5599,15/9-F-12,3420717,VOLVE,369304,MÆRSK INSPIRER,24.0,100.0,%,production,OP,32.0,462.509212554,275.17120921112496,47.666191785875,462.509212554,194.02672175,1109.7740764,974.174009997,29621.860195,0.8778129086932058,0.9638882180296934,0,0,0,0,0,0,0,0
2014-11-24,NO 15/9-F-12 H,5599,15/9-F-12,3420717,VOLVE,369304,MÆRSK INSPIRER,8.94167,36.97653458333333,%,production,OP,32.0,471.3825828966609,273.3797229331849,56.53048447055301,471.3825828966609,193.4854296234149,319.9626347,273.592162722,8657.4831783,0.8550753527158652,0.9643592797589856,0,0,0,0,0,0,0,0
2014-11-25,NO 15/9-F-12 H,5599,15/9-F-12,3420717,VOLVE,369304,MÆRSK INSPIRER,0.0,1.2052647916666666,%,production,OP,32.0,300.12858378000004,90.133720062,130.324330014,300.12858378000004,60.895562,0.0,0.0,0.0,0.8600518803475559,0.9568701080812265,0,0,0,0,0,1,1,0
2014-11-26,NO 15/9-F-12 H,5599,15/9-F-12,3420717,VOLVE,369304,MÆRSK INSPIRER,0.0,0.9630758333333334,%,production,OP,32.0,458.655697932,72.79138136399999,298.606264932,458.655697932,52.725452,0.0,0.0,0.0,0.8650284079792465,0.9493809364034673,0,0,0,0,0,1,1,0
2014-11-27,NO 15/9-F-12 H,5599,15/9-F-12,3420717,VOLVE,369304,MÆRSK INSPIRER,0.0,0.7392777083333333,%,production,OP,32.0,276.979503714,64.83851270999999,134.492432058,276.979503714,52.32119,0.0,0.0,0.0,0.8700049356109372,0.9418917647257082,0,0,0,0,0,1,1,0
2014-11-28,NO 15/9-F-12 H,5599,15/9-F-12,3420717,VOLVE,369304,MÆRSK INSPIRER,5.775,30.86875625,%,production,OP,32.0,732.6081267332727,158.58257643205195,304.18969110303897,732.6081267332727,155.94670945454544,369.1489489,322.99848746300006,5258.3440581,0.8749814632426278,0.9344025930479491,0,0,0,0,0,0,0,0
2014-11-29,NO 15/9-F-12 H,5599,15/9-F-12,3420717,VOLVE,369304,MÆRSK INSPIRER,14.225,16.57764020833333,%,production,OP,32.0,1206.0501159356204,163.92475455686468,780.1406620198208,1206.0501159356204,142.50988137434095,918.8783429,863.2314673590001,5210.918890700001,0.9394404319451288,0.850096453784272,0,0,0,0,0,0,0,0
2014-11-30,NO 15/9-F-12 H,5599,15/9-F-12,3420717,VOLVE,369304,MÆRSK INSPIRER,0.0,1.006596458333333,%,production,OP,32.0,1852.277542278,76.41109473,1421.327583258,1852.277542278,51.880982,0.0,0.0,0.0,0.9413407697313607,0.8529426788718425,0,0,0,0,0,1,1,0
2014-12-01,NO 15/9-F-12 H,5599,15/9-F-12,3420717,VOLVE,369304,MÆRSK INSPIRER,0.0,0.9958045833333332,%,production,OP,32.0,1898.7214656,63.799460478,1469.4307413,1898.7214656,46.890716,0.0,0.0,0.0,0.9432411075175926,0.855788903959413,0,0,0,0,0,1,1,0
2014-12-02,NO 15/9-F-12 H,5599,15/9-F-12,3420717,VOLVE,369304,MÆRSK INSPIRER,0.0,0.9880989583333334,%,production,OP,32.0,1927.3657454100005,57.916139046000005,1497.274556388,1927.3657454100005,49.807742000000005,0.0,0.0,0.0,0.9451414453038245,0.8586351290469835,0,0,0,0,0,1,1,0
2014-12-03,NO 15/9-F-12 H,5599,15/9-F-12,3420717,VOLVE,369304,MÆRSK INSPIRER,0.0,0.99382875,%,production,OP,32.0,1949.729734782,54.568226892,1519.543690908,1949.729734782,52.932578,0.0,0.0,0.0,0.9470417830900564,0.861481354134554,0,0,0,0,0,1,1,0
2014-12-04,NO 15/9-F-12 H,5599,15/9-F-12,3420717,VOLVE,369304,MÆRSK INSPIRER,0.0,1.0572554166666666,%,production,OP,32.0,1968.199163778,52.106786994,1530.3390142859998,1968.199163778,51.007766,0.0,0.0,0.0,0.9489421208762883,0.8643275792221244,0,0,0,0,0,1,1,0
2014-12-05,NO 15/9-F-12 H,5599,15/9-F-12,3420717,VOLVE,369304,MÆRSK INSPIRER,0.0,1.1815266666666666,%,production,OP,32.0,1972.749440952,50.342834838,1543.098732336,1972.749440952,50.200502,0.0,0.0,0.0,0.9508424586625202,0.8671738043096949,0,0,0,0,0,1,1,0
2014-12-06,NO 15/9-F-12 H,5599,15/9-F-12,3420717,VOLVE,369304,MÆRSK INSPIRER,0.0,1.236560833333333,%,production,OP,32.0,1974.741392844,49.135828602,1544.456433054,1974.741392844,50.100548,0.0,0.0,0.0,0.952742796448752,0.8700200293972654,0,0,0,0,0,1,1,0
2014-12-07,NO 15/9-F-12 H,5599,15/9-F-12,3420717,VOLVE,369304,MÆRSK INSPIRER,0.0,1.2733441666666667,%,production,OP,32.0,1975.75912449,47.858333898000005,1545.286630566,1975.75912449,49.638308,0.0,0.0,0.0,0.9546431342349839,0.8728662544848359,0,0,0,0,0,1,1,0
2014-12-08,NO 15/9-F-12 H,5599,15/9-F-12,3420717,VOLVE,369304,MÆRSK INSPIRER,0.0,1.340928125,%,production,OP,32.0,1976.3675589,46.79433513,1545.944958048,1976.3675589,48.406046,0.0,0.0,0.0,0.9565434720212158,0.8757124795724064,0,0,0,0,0,1,1,0
2014-12-09,NO 15/9-F-12 H,5599,15/9-F-12,3420717,VOLVE,369304,MÆRSK INSPIRER,0.0,1.324949375,%,production,OP,32.0,1978.854670524,46.020992514,1544.061059466,1978.854670524,47.963606,0.0,0.0,0.0,0.9584438098074477,0.8785587046599769,0,0,0,0,0,1,1,0
2014-12-10,NO 15/9-F-12 H,5599,15/9-F-12,3420717,VOLVE,369304,MÆRSK INSPIRER,0.0,1.29660125,%,production,OP,32.0,1981.30900356,45.40124514,1534.87551285,1981.30900356,46.364018,0.0,0.0,0.0,0.9603441475936796,0.8814049297475474,0,0,0,0,0,1,1,0
2014-12-11,NO 15/9-F-12 H,5599,15/9-F-12,3420717,VOLVE,369304,MÆRSK INSPIRER,0.0,1.2989120833333334,%,production,OP,32.0,1981.121759502,44.6426964,1550.883792024,1981.121759502,44.0564,0.0,0.0,0.0,0.9622444853799115,0.8842511548351178,0,0,0,0,0,1,1,0
2014-12-12,NO 15/9-F-12 H,5599,15/9-F-12,3420717,VOLVE,369304,MÆRSK INSPIRER,0.0,1.2632864583333334,%,production,OP,32.0,1979.873707512,43.670071572000005,1548.683565564,1979.873707512,44.583152,0.0,0.0,0.0,0.9641448231661434,0.8870973799226883,0,0,0,0,0,1,1,0
2014-12-13,NO 15/9-F-12 H,5599,15/9-F-12,3420717,VOLVE,369304,MÆRSK INSPIRER,0.0,1.2909672916666666,%,production,OP,32.0,1977.779213754,43.089194382,1546.782262422,1977.779213754,46.55552,0.0,0.0,0.0,0.9660451609523752,0.8899436050102588,0,0,0,0,0,1,1,0
2014-12-14,NO 15/9-F-12 H,5599,15/9-F-12,3420717,VOLVE,369304,MÆRSK INSPIRER,0.0,1.2685716666666669,%,production,OP,32.0,1976.9984742,42.781713822,1546.234598934,1976.9984742,47.656724,0.0,0.0,0.0,0.9679454987386071,0.8927898300978292,0,0,0,0,0,1,1,0
2014-12-15,NO 15/9-F-12 H,5599,15/9-F-12,3420717,VOLVE,369304,MÆRSK INSPIRER,0.0,1.28872375,%,production,OP,32.0,1973.314654038,42.227813700000006,1542.475359012,1973.314654038,45.995864,0.0,0.0,0.0,0.969845836524839,0.8956360551853997,0,0,0,0,0,1,1,0
2014-12-16,NO 15/9-F-12 H,5599,15/9-F-12,3420717,VOLVE,369304,MÆRSK INSPIRER,0.0,0.0,%,production,OP,32.0,1972.317227712,41.736715032,1541.510131122,1972.317227712,45.62456,0.0,0.0,0.0,0.9717461743110709,0.8984822802729702,0,0,0,0,0,1,1,0
2014-12-17,NO 15/9-F-12 H,5599,15/9-F-12,3420717,VOLVE,369304,MÆRSK INSPIRER,0.0,0.0,%,production,OP,32.0,1973.0044177560003,41.400807024,1542.374412564,1973.0044177560003,47.532704,0.0,0.0,0.0,0.9736465120973028,0.9013285053605407,0,0,0,0,0,1,1,0
2014-12-18,NO 15/9-F-12 H,5599,15/9-F-12,3420717,VOLVE,369304,MÆRSK INSPIRER,0.0,0.0,%,production,OP,32.0,1974.3847444020005,41.036761644,1552.326630048,1974.3847444020005,49.110116,0.0,0.0,0.0,0.9755468498835347,0.9041747304481111,0,0,0,0,0,1,1,0
2014-12-19,NO 15/9-F-12 H,5599,15/9-F-12,3420717,VOLVE,369304,MÆRSK INSPIRER,0.0,0.0,%,production,OP,32.0,1974.782148522,40.788456588,1534.3279944,1974.782148522,45.557258,0.0,0.0,0.0,0.9774471876697666,0.9070209555356816,0,0,0,0,0,1,1,0
2014-12-20,NO 15/9-F-12 H,5599,15/9-F-12,3420717,VOLVE,369304,MÆRSK INSPIRER,0.0,0.0,%,production,OP,32.0,1974.572278536,40.568869056,1544.407990362,1974.572278536,46.32521,0.0,0.0,0.0,0.9793475254559985,0.9098671806232521,0,0,0,0,0,1,1,0
2014-12-21,NO 15/9-F-12 H,5599,15/9-F-12,3420717,VOLVE,369304,MÆRSK INSPIRER,0.0,0.0,%,production,OP,32.0,1976.375390952,40.391342544,1546.438377324,1976.375390952,48.661988,0.0,0.0,0.0,0.9812478632422303,0.9127134057108226,0,0,0,0,0,1,1,0
2014-12-22,NO 15/9-F-12 H,5599,15/9-F-12,3420717,VOLVE,369304,MÆRSK INSPIRER,0.0,0.0,%,production,OP,32.0,1978.00721349,40.200472536,1548.054680796,1978.00721349,49.52039,0.0,0.0,0.0,0.9831482010284622,0.9155596307983931,0,0,0,0,0,1,1,0
2014-12-23,NO 15/9-F-12 H,5599,15/9-F-12,3420717,VOLVE,369304,MÆRSK INSPIRER,0.0,1.2529735416666667,%,production,OP,32.0,1980.11171487,40.041510888,1550.093189886,1980.11171487,48.39863,0.0,0.0,0.0,0.9850485388146941,0.9184058558859636,0,0,0,0,0,1,1,0
2014-12-24,NO 15/9-F-12 H,5599,15/9-F-12,3420717,VOLVE,369304,MÆRSK INSPIRER,0.0,1.3271985416666667,%,production,OP,32.0,1982.229414708,39.798572238,1551.976508316,1982.229414708,47.426558,0.0,0.0,0.0,0.986948876600926,0.9212520809735341,0,0,0,0,0,1,1,0
2014-12-25,NO 15/9-F-12 H,5599,15/9-F-12,3420717,VOLVE,369304,MÆRSK INSPIRER,0.0,1.1864585416666666,%,production,OP,32.0,1983.9705958980005,39.534167964,1553.672727726,1983.9705958980005,48.511004,0.0,0.0,0.0,0.9888492143871579,0.9240983060611045,0,0,0,0,0,1,1,0
2014-12-26,NO 15/9-F-12 H,5599,15/9-F-12,3420717,VOLVE,369304,MÆRSK INSPIRER,0.0,1.1510177083333333,%,production,OP,32.0,1986.670768344,39.288328554,1556.33823609,1986.670768344,47.074478,0.0,0.0,0.0,0.9907495521733898,0.926944531148675,0,0,0,0,0,1,1,0
2014-12-27,NO 15/9-F-12 H,5599,15/9-F-12,3420717,VOLVE,369304,MÆRSK INSPIRER,0.0,1.1714525,%,production,OP,32.0,1989.239971476,38.947489254,1559.257270878,1989.239971476,45.634856,0.0,0.0,0.0,0.9926498899596217,0.9297907562362455,0,0,0,0,0,1,1,0
2014-12-28,NO 15/9-F-12 H,5599,15/9-F-12,3420717,VOLVE,369304,MÆRSK INSPIRER,0.0,1.149395,%,production,OP,32.0,1991.531716914,38.755313904,1561.295199816,1991.531716914,46.628942,0.0,0.0,0.0,0.9945502277458536,0.932636981323816,0,0,0,0,0,1,1,0
2014-12-29,NO 15/9-F-12 H,5599,15/9-F-12,3420717,VOLVE,369304,MÆRSK INSPIRER,0.0,1.1467108333333331,%,production,OP,32.0,1967.795232948,38.662924698,1531.471035876,1967.795232948,50.185508,0.0,0.0,0.0,0.9964505655320854,0.9354832064113865,0,0,0,0,0,1,1,0
2014-12-30,NO 15/9-F-12 H,5599,15/9-F-12,3420717,VOLVE,369304,MÆRSK INSPIRER,0.0,1.1510602083333332,%,production,OP,32.0,1808.440096854,38.75922993,1378.5670449840002,1808.440096854,48.719066,0.0,0.0,0.0,0.9983509033183173,0.938329431498957,0,0,0,0,0,1,1,0
2014-12-31,NO 15/9-F-12 H,5599,15/9-F-12,3420717,VOLVE,369304,MÆRSK INSPIRER,0.0,1.1413695833333333,%,production,OP,32.0,1805.609535246,38.494390542,1375.994651016,1805.609535246,48.903926,0.0,0.0,0.0,1.0002512411045492,0.9411756565865275,0,0,0,0,0,1,1,0
2015-01-01,NO 15/9-F-12 H,5599,15/9-F-12,3420717,VOLVE,369304,MÆRSK INSPIRER,9.5,7.944784375,%,production,OP,32.0,1593.5007338623673,56.15875330385066,1176.3685344775888,1593.5007338623673,89.24869878358471,93.9697614,94.171944755,1584.7176295,1.002151578890781,0.944021881674098,0,0,0,0,0,0,0,0
2015-01-02,NO 15/9-F-12 H,5599,15/9-F-12,3420717,VOLVE,369304,MÆRSK INSPIRER,24.0,26.501628333333333,%,production,OP,32.0,1314.73152443325,154.729173257,895.289542069125,1314.73152443325,127.142298875,4923.3487775,4156.10935066,1422.6292258,0.8441630968038806,0.224178089659342,0,0,0,0,0,0,0,0
2015-01-03,NO 15/9-F-12 H,5599,15/9-F-12,3420717,VOLVE,369304,MÆRSK INSPIRER,24.0,27.868596041666667,%,production,OP,32.0,1245.8027860203752,327.456809929375,822.37807226275,1245.8027860203752,144.732106625,5479.3050834,4987.797374832001,1496.7860857,0.9102974371591278,0.2145594215181542,0,0,0,0,0,0,0,0
2015-01-04,NO 15/9-F-12 H,5599,15/9-F-12,3420717,VOLVE,369304,MÆRSK INSPIRER,24.0,27.863557083333333,%,production,OP,32.0,1215.135165677875,353.632132038375,795.171173422,1215.135165677875,145.560965375,5378.6052253,4424.828791076,1496.5344933,0.8226721623409717,0.2176733207692167,0,0,0,0,0,0,0,0
2015-01-05,NO 15/9-F-12 H,5599,15/9-F-12,3420717,VOLVE,369304,MÆRSK INSPIRER,24.0,27.839984791666662,%,production,OP,32.0,1208.457171979,367.425409006125,786.20858042825,1208.457171979,144.53734475000002,5276.0813223000005,4327.628257648999,1482.7598094,0.820235321119436,0.2193807755660403,0,0,0,0,0,0,0,0
2015-01-06,NO 15/9-F-12 H,5599,15/9-F-12,3420717,VOLVE,369304,MÆRSK INSPIRER,24.0,28.279945,%,production,OP,32.0,1181.8180848217498,377.909287452125,763.2715761345,1181.8180848217498,147.06107187499998,5246.5192153,4281.719500796,1509.4286038,0.8161067033376277,0.2234221820856337,0,0,0,0,0,0,0,0
2015-01-07,NO 15/9-F-12 H,5599,15/9-F-12,3420717,VOLVE,369304,MÆRSK INSPIRER,24.0,28.305675208333334,%,production,OP,32.0,1172.312744523875,384.152278951125,752.4235344651249,1172.312744523875,144.27033087499998,5404.3934463000005,4440.082975741,1496.97478,0.8215691584743531,0.216909854816219,0,0,0,0,0,0,0,0
2015-01-08,NO 15/9-F-12 H,5599,15/9-F-12,3420717,VOLVE,369304,MÆRSK INSPIRER,24.0,28.316566666666667,%,production,OP,32.0,1150.37492212025,390.20657903375,728.498730742625,1150.37492212025,144.406710125,5220.2278095,4250.915194280001,1473.4508906,0.814316031676625,0.2201257270651468,0,0,0,0,0,0,0,0
2015-01-09,NO 15/9-F-12 H,5599,15/9-F-12,3420717,VOLVE,369304,MÆRSK INSPIRER,15.66666,20.455702291666668,%,production,OP,32.0,1149.3299978812563,376.7532349525157,727.3744252733686,1149.3299978812563,142.20151160925815,3349.5125193,2728.1965365950005,1126.5678691,0.8145055499494459,0.2516862458546456,0,0,0,0,0,0,0,0
2015-01-10,NO 15/9-F-12 H,5599,15/9-F-12,3420717,VOLVE,369304,MÆRSK INSPIRER,20.41667,25.642180625,%,production,OP,32.0,1091.6396264315758,375.06486877795845,649.1610154518759,1091.6396264315758,141.57583591630174,4945.3631125,4026.280506462,1542.3243101,0.814152654692856,0.2377309832664378,0,0,0,0,0,0,0,0
2015-01-11,NO 15/9-F-12 H,5599,15/9-F-12,3420717,VOLVE,369304,MÆRSK INSPIRER,24.0,36.20382645833333,%,production,OP,32.0,896.8472652972499,421.644638210625,464.189081951125,896.8472652972499,158.99387675,6727.6436741,5451.4483088960005,2144.5107195,0.8103057434333093,0.2417125113430127,0,0,0,0,0,0,0,0
2015-01-12,NO 15/9-F-12 H,5599,15/9-F-12,3420717,VOLVE,369304,MÆRSK INSPIRER,24.0,30.25546875,%,production,OP,32.0,1036.33942311825,410.19118375625,604.113005811625,1036.33942311825,146.19770525,5406.1545931,4399.2983818580005,1603.1467728,0.813757414091141,0.2287170559678389,0,0,0,0,0,0,0,0
2015-01-13,NO 15/9-F-12 H,5599,15/9-F-12,3420717,VOLVE,369304,MÆRSK INSPIRER,24.0,30.19497833333333,%,production,OP,32.0,1034.0053839951252,412.218292255125,604.643965756625,1034.0053839951252,146.6292755,5444.3337398,4449.940014805,1606.4803721,0.8173525407295237,0.2278432457024594,0,0,0,0,0,0,0,0
2015-01-14,NO 15/9-F-12 H,5599,15/9-F-12,3420717,VOLVE,369304,MÆRSK INSPIRER,24.0,30.25039,%,production,OP,32.0,1029.10195439925,413.844609392375,596.8235742075,1029.10195439925,147.02259462499998,4876.1752025000005,4015.212526335,1556.1618921,0.8234348356220696,0.2419279134805311,0,0,0,0,0,0,0,0
2015-01-15,NO 15/9-F-12 H,5599,15/9-F-12,3420717,VOLVE,369304,MÆRSK INSPIRER,24.0,30.248423958333333,%,production,OP,32.0,1027.5571365315,412.402200439125,596.9747007818751,1027.5571365315,147.44542362500002,5202.930832,4242.433309634,2877.1477883,0.8153929864955006,0.3560791823326561,0,0,0,0,0,0,0,0
2015-01-16,NO 15/9-F-12 H,5599,15/9-F-12,3420717,VOLVE,369304,MÆRSK INSPIRER,24.0,30.271332916666665,%,production,OP,32.0,1020.426645424,412.734663794625,589.59049893125,1020.426645424,148.768716875,5279.4149216000005,4212.684206354001,2766.9503171,0.7979452778220523,0.3438758041695655,0,0,0,0,0,0,0,0
2015-01-17,NO 15/9-F-12 H,5599,15/9-F-12,3420717,VOLVE,369304,MÆRSK INSPIRER,24.0,30.28621,%,production,OP,32.0,1016.090976144,412.2634081380001,585.072269112,1016.090976144,149.498798,4885.0438346,4028.313926888,2637.0028425,0.8246218587346308,0.3505698589358731,0,0,0,0,0,0,0,0
2015-01-18,NO 15/9-F-12 H,5599,15/9-F-12,3420717,VOLVE,369304,MÆRSK INSPIRER,24.0,30.28621,%,production,OP,32.0,1016.090976144,412.2634081380001,585.072269112,1016.090976144,149.498798,5155.5056646,4233.523763971,2637.8205178,0.8211655731542031,0.3384717200413223,0,0,0,0,0,0,0,0
2015-01-19,NO 15/9-F-12 H,5599,15/9-F-12,3420717,VOLVE,369304,MÆRSK INSPIRER,24.0,30.28621,%,production,OP,32.0,1016.090976144,412.2634081380001,585.072269112,1016.090976144,149.498798,5215.6991463,4269.179603973001,2662.6023692,0.81852489651393,0.3379665482415871,0,0,0,0,0,0,0,0
2015-01-20,NO 15/9-F-12 H,5599,15/9-F-12,3420717,VOLVE,369304,MÆRSK INSPIRER,22.0,28.217748541666666,%,production,OP,32.0,1007.646608113822,405.465382990478,580.2300437881728,1007.646608113822,154.93471086088988,4829.0645256,3965.627156065,2974.2624547,0.8211998690517146,0.3811531238161256,0,0,0,0,0,0,0,0
2015-01-21,NO 15/9-F-12 H,5599,15/9-F-12,3420717,VOLVE,369304,MÆRSK INSPIRER,24.0,32.55258104166667,%,production,OP,32.0,944.4866012015744,412.11002891004256,528.3205105595745,944.4866012015744,158.71426451063832,5963.4946572,4915.658977701,3386.9997869000003,0.8242916712880929,0.3622268113358581,0,0,0,0,0,0,0,0
2015-01-22,NO 15/9-F-12 H,5599,15/9-F-12,3420717,VOLVE,369304,MÆRSK INSPIRER,24.0,33.327363958333336,%,production,OP,32.0,935.297703282,412.83816049412496,519.5000121816249,935.297703282,158.345430125,5940.0336659,4930.093155032,3211.2624955,0.8299773086025128,0.3509079412209437,0,0,0,0,0,0,0,0
2015-01-23,NO 15/9-F-12 H,5599,15/9-F-12,3420717,VOLVE,369304,MÆRSK INSPIRER,24.0,33.08427125,%,production,OP,32.0,935.581518475,408.4155620845,519.598353988875,935.581518475,152.45441787500002,5815.8099184,4842.896569821,3104.650216,0.8327123199984741,0.3480370036101083,0,0,0,0,0,0,0,0
2015-01-24,NO 15/9-F-12 H,5599,15/9-F-12,3420717,VOLVE,369304,MÆRSK INSPIRER,24.0,32.39829708333333,%,production,OP,32.0,926.4796366692766,407.5782826549787,510.3940945778298,926.4796366692766,159.05541085106384,5674.1633972,4701.430119385,3011.561028,0.8285679826747657,0.3467253714914695,0,0,0,0,0,0,0,0
2015-01-25,NO 15/9-F-12 H,5599,15/9-F-12,3420717,VOLVE,369304,MÆRSK INSPIRER,24.0,32.43785625,%,production,OP,32.0,926.9798140988936,408.1328832796596,511.2175740531064,926.9798140988936,155.75434872340426,5602.0192765,4684.147458352,3013.0076843,0.8361533988291695,0.3497386250803107,0,0,0,0,0,0,0,0
2015-01-26,NO 15/9-F-12 H,5599,15/9-F-12,3420717,VOLVE,369304,MÆRSK INSPIRER,24.0,32.4315425,%,production,OP,32.0,920.1782972057872,406.9616860000851,505.7730512034893,920.1782972057872,159.7570569787234,5577.6148137,4657.272265358001,2983.7600678,0.834993526967583,0.3485141240862506,0,0,0,0,0,0,0,0
2015-01-27,NO 15/9-F-12 H,5599,15/9-F-12,3420717,VOLVE,369304,MÆRSK INSPIRER,24.0,33.17402270833333,%,production,OP,32.0,915.704371802375,406.74039131425,501.468594924,915.704371802375,158.54181425,5937.1403533,4898.796561598,4010.0054674,0.8251104521851391,0.4031312639506282,0,0,0,0,0,0,0,0
2015-01-28,NO 15/9-F-12 H,5599,15/9-F-12,3420717,VOLVE,369304,MÆRSK INSPIRER,24.0,33.197391875,%,production,OP,32.0,904.217531413375,404.450383310625,489.612968225375,904.217531413375,155.7918005,5835.3083294,4819.855493806001,2990.4901645,0.8259812886873776,0.3388350829182078,0,0,0,0,0,0,0,0
2015-01-29,NO 15/9-F-12 H,5599,15/9-F-12,3420717,VOLVE,369304,MÆRSK INSPIRER,24.0,33.20164270833333,%,production,OP,32.0,888.6751747278751,405.68022698837495,473.219208263625,888.6751747278751,159.47000674999998,5818.3887405,4843.731056182,2974.2624547,0.8324866680815411,0.3382668536110793,0,0,0,0,0,0,0,0
2015-01-30,NO 15/9-F-12 H,5599,15/9-F-12,3420717,VOLVE,369304,MÆRSK INSPIRER,24.0,33.187282083333336,%,production,OP,32.0,880.7329180208751,406.435179994625,465.70764491925,880.7329180208751,158.49832024999998,5653.7215147,4677.042493859,2846.768006,0.8272502424639102,0.3348945962544488,0,0,0,0,0,0,0,0
2015-01-31,NO 15/9-F-12 H,5599,15/9-F-12,3420717,VOLVE,369304,MÆRSK INSPIRER,24.0,33.18904229166667,%,production,OP,32.0,868.8144717385,406.92126880837503,453.10168830062497,868.8144717385,158.96668549999998,5570.0670417,4549.474849902001,3256.6749237,0.8167720093569086,0.3689554918979006,0,0,0,0,0,0,0,0
2015-02-01,NO 15/9-F-12 H,5599,15/9-F-12,3420717,VOLVE,369304,MÆRSK INSPIRER,24.0,33.220979166666666,%,production,OP,32.0,853.22278400325,405.8528917057501,437.27648636375,853.22278400325,158.82472662499998,5747.3138875,4759.173891649,3346.6192067,0.8280692484883879,0.368005699188004,0,0,0,0,0,0,0,0
2015-02-02,NO 15/9-F-12 H,5599,15/9-F-12,3420717,VOLVE,369304,MÆRSK INSPIRER,24.0,33.221170208333334,%,production,OP,32.0,842.676203816875,405.87610987225,428.218830025875,842.676203816875,159.180261875,5509.5590695,4565.423321569,2824.9423653,0.8286367863523638,0.3389455730974733,0,0,0,0,0,0,0,0
2015-02-03,NO 15/9-F-12 H,5599,15/9-F-12,3420717,VOLVE,369304,MÆRSK INSPIRER,24.0,33.234988333333334,%,production,OP,32.0,829.364718912125,407.84080368512497,414.8618001675,829.364718912125,160.091382125,5491.4444167,4571.328645703,4808.4339488000005,0.8324455824047237,0.4668437604958627,0,0,0,0,0,0,0,0
2015-02-04,NO 15/9-F-12 H,5599,15/9-F-12,3420717,VOLVE,369304,MÆRSK INSPIRER,16.10833,35.006882708333336,%,production,OP,32.0,826.3009089067347,406.6004791237938,412.77846570171545,826.3009089067347,159.33107567075172,3484.55474,3117.958170702,3018.1024304,0.8947938555564204,0.4641337150816373,0,0,0,0,0,0,0,0
2015-02-05,NO 15/9-F-12 H,5599,15/9-F-12,3420717,VOLVE,369304,MÆRSK INSPIRER,2.225,28.971571666666662,%,production,OP,32.0,463.8202794808989,348.90731089995506,45.420031635101125,463.8202794808989,163.24090528089886,561.6171349,521.465335728,228.57169540000004,0.928506812422756,0.28926211892064,0,0,0,0,0,0,0,0
2015-02-06,NO 15/9-F-12 H,5599,15/9-F-12,3420717,VOLVE,369304,MÆRSK INSPIRER,24.0,59.62437270833333,%,production,OP,32.0,646.16815479425,398.9698172965,232.31790100637497,646.16815479425,164.11865675,7309.1995067,6228.102964029,4695.7205536,0.8520909790901166,0.3911496728019574,0,0,0,0,0,0,0,0
2015-02-07,NO 15/9-F-12 H,5599,15/9-F-12,3420717,VOLVE,369304,MÆRSK INSPIRER,24.0,33.340799375,%,production,OP,32.0,793.0433450969999,396.737848665875,380.3018796245,793.0433450969999,158.81312599999998,5098.6457822,4428.013117575,2837.2703929,0.8684684731451121,0.3575227270925965,0,0,0,0,0,0,0,0
2015-02-08,NO 15/9-F-12 H,5599,15/9-F-12,3420717,VOLVE,369304,MÆRSK INSPIRER,17.10833,24.178426875,%,production,OP,32.0,814.6479665425314,395.9585877250868,402.4037397292652,814.6479665425314,156.59698616269034,2726.0665521,2457.5270184450005,1507.7932532,0.9014919377341932,0.356127345386478,0,0,0,0,0,0,0,0
2015-02-09,NO 15/9-F-12 H,5599,15/9-F-12,3420717,VOLVE,369304,MÆRSK INSPIRER,11.975,26.43533770833333,%,production,OP,32.0,810.3316737936326,386.2337961797035,395.3370087502547,810.3316737936326,158.950620434238,2397.3610815,2198.71441082,1162.1052956,0.9171394446114438,0.3264830096658479,0,0,0,0,0,0,0,0
2015-02-10,NO 15/9-F-12 H,5599,15/9-F-12,3420717,VOLVE,369304,MÆRSK INSPIRER,24.0,33.18196041666667,%,production,OP,32.0,803.0114805014999,402.940791547125,387.694959009375,803.0114805014999,159.61623425,5109.275561099999,4409.990966724,3300.0746127,0.8631342964352764,0.3924292061212583,0,0,0,0,0,0,0,0
2015-02-11,NO 15/9-F-12 H,5599,15/9-F-12,3420717,VOLVE,369304,MÆRSK INSPIRER,24.0,33.21671666666666,%,production,OP,32.0,804.184218488375,406.278103840625,386.8706748175,804.184218488375,155.7899585,4459.0979014,3830.129596223,3801.3724697,0.8589471863850474,0.4601883789813524,0,0,0,0,0,0,0,0
2015-02-12,NO 15/9-F-12 H,5599,15/9-F-12,3420717,VOLVE,369304,MÆRSK INSPIRER,24.0,33.22418354166667,%,production,OP,32.0,806.4416805691251,409.8003365625,389.178383500375,806.4416805691251,157.9594415,4385.1297358,3756.03264583,3756.7148187,0.8565385455225919,0.4614083201359651,0,0,0,0,0,0,0,0
2015-02-13,NO 15/9-F-12 H,5599,15/9-F-12,3420717,VOLVE,369304,MÆRSK INSPIRER,24.0,32.803041875,%,production,OP,32.0,800.530528964957,407.5132529848564,387.6994057210597,800.530528964957,157.3932645587346,4465.8908962,3819.861140904,3776.1503316,0.8553413483867907,0.4581571757810712,0,0,0,0,0,0,0,0
2015-02-14,NO 15/9-F-12 H,5599,15/9-F-12,3420717,VOLVE,369304,MÆRSK INSPIRER,24.0,33.324466875,%,production,OP,32.0,809.0179814982499,413.211400679,393.698229889,809.0179814982499,158.887242125,4440.9203505,3791.773594259,3839.3629221,0.8538260754512491,0.463675311061483,0,0,0,0,0,0,0,0
2015-02-15,NO 15/9-F-12 H,5599,15/9-F-12,3420717,VOLVE,369304,MÆRSK INSPIRER,24.0,32.56462333333333,%,production,OP,32.0,805.6391352329476,407.7845095993416,394.70310540825176,805.6391352329476,155.06684621258182,4429.913183,3772.123788885,3814.2036821,0.8515118994567891,0.4626576435672269,0,0,0,0,0,0,0,0
2015-02-16,NO 15/9-F-12 H,5599,15/9-F-12,3420717,VOLVE,369304,MÆRSK INSPIRER,24.0,33.274092708333335,%,production,OP,32.0,818.7436073235,414.372173030875,403.37132778525,818.7436073235,156.333531125,4417.5851554,3767.767014346,3577.5181318,0.8529019547569625,0.447463654100321,0,0,0,0,0,0,0,0
2015-02-17,NO 15/9-F-12 H,5599,15/9-F-12,3420717,VOLVE,369304,MÆRSK INSPIRER,24.0,31.135539565217396,%,production,OP,32.0,819.9031366887273,418.2202874468372,403.9306454061818,819.9031366887273,156.83361841860466,4301.223670400001,3708.514598098,3611.1686153,0.8621998952575093,0.4563940316541729,0,0,0,0,0,0,0,0
2015-02-18,NO 15/9-F-12 H,5599,15/9-F-12,3420717,VOLVE,369304,MÆRSK INSPIRER,24.0,33.29399541666667,%,production,OP,32.0,826.979907424125,420.0369493915,411.15888635712497,826.979907424125,153.9923795,4505.390903,3781.358229788,3466.8174758,0.8392963698821585,0.4348628775207498,0,0,0,0,0,0,0,0
2015-02-19,NO 15/9-F-12 H,5599,15/9-F-12,3420717,VOLVE,369304,MÆRSK INSPIRER,24.0,33.28383791666667,%,production,OP,32.0,827.274872413375,421.54334427575,411.387079477125,827.274872413375,154.82706724999997,4556.1496697,3804.931498332001,3533.3636656,0.8351199530682969,0.4367832178706662,0,0,0,0,0,0,0,0
2015-02-20,NO 15/9-F-12 H,5599,15/9-F-12,3420717,VOLVE,369304,MÆRSK INSPIRER,24.0,33.254286875,%,production,OP,32.0,827.2350745905,423.570525293625,407.428188704875,827.2350745905,158.58117725,4446.5182814,3731.968149809,4004.5962308,0.839301204589668,0.4738542147333323,0,0,0,0,0,0,0,0
2015-02-21,NO 15/9-F-12 H,5599,15/9-F-12,3420717,VOLVE,369304,MÆRSK INSPIRER,24.0,33.137256666666666,%,production,OP,32.0,823.21084419925,424.43778605787503,407.001622882,823.21084419925,161.963192,4336.9497912,3635.878616844,3818.9839377,0.8383492527908609,0.4682460726927793,0,0,0,0,0,0,0,0
2015-02-22,NO 15/9-F-12 H,5599,15/9-F-12,3420717,VOLVE,369304,MÆRSK INSPIRER,24.0,33.187304166666664,%,production,OP,32.0,819.1918653922501,422.865278018625,403.0045871157501,819.1918653922501,160.014885125,4512.1838978,3779.986253693,3749.1670467,0.8377287671134157,0.4538200921237961,0,0,0,0,0,0,0,0
2015-02-23,NO 15/9-F-12 H,5599,15/9-F-12,3420717,VOLVE,369304,MÆRSK INSPIRER,24.0,33.177259166666666,%,production,OP,32.0,821.45323745575,421.547556421,405.151762905625,821.45323745575,155.340340625,4504.4474315,3804.280648411,3525.5643012,0.8445610047099958,0.4390484620144595,0,0,0,0,0,0,0,0
2015-02-24,NO 15/9-F-12 H,5599,15/9-F-12,3420717,VOLVE,369304,MÆRSK INSPIRER,24.0,33.087126875,%,production,OP,32.0,820.39585000325,422.19806091587503,401.056201013,820.39585000325,158.984786,4397.5206615,3667.641011171,3603.6837414000006,0.83402473654779,0.4503926608966347,0,0,0,0,0,0,0,0
2015-02-25,NO 15/9-F-12 H,5599,15/9-F-12,3420717,VOLVE,369304,MÆRSK INSPIRER,24.0,33.08281604166667,%,production,OP,32.0,817.719738757125,424.79824174737496,400.862478591,817.719738757125,161.94873875,4438.8447132,3650.832273412,3636.3278553,0.8224735284285457,0.4503096156093001,0,0,0,0,0,0,0,0
2015-02-26,NO 15/9-F-12 H,5599,15/9-F-12,3420717,VOLVE,369304,MÆRSK INSPIRER,24.0,33.077581458333334,%,production,OP,32.0,820.77661101275,422.307123448625,404.202604017375,820.77661101275,158.521374875,4433.435476600001,3654.209065026,3312.7171308,0.8242386935172926,0.4276596781265732,0,0,0,0,0,0,0,0
2015-02-27,NO 15/9-F-12 H,5599,15/9-F-12,3420717,VOLVE,369304,MÆRSK INSPIRER,24.0,33.11314229166667,%,production,OP,32.0,820.8717257245,422.827628571125,404.825584530125,820.8717257245,156.129558875,4459.6010862,3723.200922387,4369.9083956,0.8348730862740725,0.4949208565444728,0,0,0,0,0,0,0,0
2015-02-28,NO 15/9-F-12 H,5599,15/9-F-12,3420717,VOLVE,369304,MÆRSK INSPIRER,23.38,32.112116875,%,production,OP,32.0,825.7870322271274,418.9029170069923,407.63249070449103,825.7870322271274,154.4118003934987,4219.5190385000005,3617.135692966,4146.3685482,0.857238860628973,0.4956280496515221,0,0,0,0,0,0,0,0
2015-03-01,NO 15/9-F-12 H,5599,15/9-F-12,3420717,VOLVE,369304,MÆRSK INSPIRER,24.0,33.77713395833333,%,production,OP,32.0,801.8418517667501,422.439525012875,385.83931564275,801.8418517667501,158.248051625,4505.0135144000005,3839.506355367,4381.6074422,0.8522741037500227,0.4930566368925442,0,0,0,0,0,0,0,0
2015-03-02,NO 15/9-F-12 H,5599,15/9-F-12,3420717,VOLVE,369304,MÆRSK INSPIRER,24.0,33.86199625,%,production,OP,32.0,793.438646166,424.99544205975,378.680563276625,793.438646166,163.51717587500002,4489.9808685,3820.2683193950006,4368.2101469,0.8508428947206773,0.4931266597554568,0,0,0,0,0,0,0,0
2015-03-03,NO 15/9-F-12 H,5599,15/9-F-12,3420717,VOLVE,369304,MÆRSK INSPIRER,24.0,33.95103270833334,%,production,OP,32.0,793.698022456,424.63242403225,379.138822924125,793.698022456,161.04285424999998,4510.8001396,3818.920357296,4331.6034527,0.8466170610774714,0.4898671958913951,0,0,0,0,0,0,0,0
2015-03-04,NO 15/9-F-12 H,5599,15/9-F-12,3420717,VOLVE,369304,MÆRSK INSPIRER,24.0,32.04326833333333,%,production,OP,32.0,779.6920440845994,422.45600351926487,368.6761242663881,779.6920440845994,162.83057730590767,4502.6233866,3816.704359871,4209.9585273,0.8476623586217927,0.4832044701448898,0,0,0,0,0,0,0,0
2015-03-05,NO 15/9-F-12 H,5599,15/9-F-12,3420717,VOLVE,369304,MÆRSK INSPIRER,24.0,34.183316041666664,%,production,OP,32.0,787.184278248875,423.6041831745,371.96405896712497,787.184278248875,159.875660375,4520.360650799999,3841.679268858,4376.2611037,0.8498612313550937,0.4919014457916504,0,0,0,0,0,0,0,0
2015-03-06,NO 15/9-F-12 H,5599,15/9-F-12,3420717,VOLVE,369304,MÆRSK INSPIRER,24.0,34.25423958333333,%,production,OP,32.0,784.9685568958749,422.2754417105,369.22900488212497,784.9685568958749,159.973300625,4388.5891313,3709.946256036,4379.1544163,0.8453619477786543,0.4994619644753078,0,0,0,0,0,0,0,0
2015-03-07,NO 15/9-F-12 H,5599,15/9-F-12,3420717,VOLVE,369304,MÆRSK INSPIRER,24.0,34.360605416666665,%,production,OP,32.0,784.737547621375,418.671564681125,368.68018411175,784.737547621375,155.390549375,4362.6751141,3713.982726246,4392.4888135,0.8513085730914385,0.5017026351331935,0,0,0,0,0,0,0,0
2015-03-08,NO 15/9-F-12 H,5599,15/9-F-12,3420717,VOLVE,369304,MÆRSK INSPIRER,24.0,33.65803979166667,%,production,OP,32.0,780.700683816,420.7865476925106,364.7395442116596,780.700683816,161.34054225531915,4350.724475100001,3700.195867366,4386.7021883,0.850478095899408,0.5020588277639402,0,0,0,0,0,0,0,0
2015-03-09,NO 15/9-F-12 H,5599,15/9-F-12,3420717,VOLVE,369304,MÆRSK INSPIRER,24.0,34.587743958333334,%,production,OP,32.0,775.72617653525,418.3160976945,359.804900972375,775.72617653525,160.79552675,4446.5182814,3749.681297035,4432.6806994,0.8432848039150311,0.4992207865805281,0,0,0,0,0,0,0,0
2015-03-10,NO 15/9-F-12 H,5599,15/9-F-12,3420717,VOLVE,369304,MÆRSK INSPIRER,24.0,34.8091725,%,production,OP,32.0,768.820859944375,416.12252787437495,352.89364084512505,768.820859944375,161.563937,4439.347898,3701.315343356,4435.8256044,0.8337520348480695,0.4998015648032656,0,0,0,0,0,0,0,0
2015-03-11,NO 15/9-F-12 H,5599,15/9-F-12,3420717,VOLVE,369304,MÆRSK INSPIRER,24.0,34.94794520833333,%,production,OP,32.0,765.9148453385,418.57197494275,350.215502088625,765.9148453385,162.53281475,4444.8200327,3697.683579608,4464.7587304,0.831908503022528,0.501118947271816,0,0,0,0,0,0,0,0
2015-03-12,NO 15/9-F-12 H,5599,15/9-F-12,3420717,VOLVE,369304,MÆRSK INSPIRER,24.0,35.108952083333335,%,production,OP,32.0,760.36696658425,418.600973477875,344.74913166875,760.36696658425,163.324514,4450.7953522,3707.634908921,4613.135348299999,0.8330274963301424,0.5089552756670483,0,0,0,0,0,0,0,0
2015-03-13,NO 15/9-F-12 H,5599,15/9-F-12,3420717,VOLVE,369304,MÆRSK INSPIRER,24.0,35.233510833333334,%,production,OP,32.0,756.328102463125,416.45745385425,340.843989562,756.328102463125,162.51737075,4405.1313316000005,3712.791914562,4479.665580100001,0.8428334219977651,0.5041944823973326,0,0,0,0,0,0,0,0
2015-03-14,NO 15/9-F-12 H,5599,15/9-F-12,3420717,VOLVE,369304,MÆRSK INSPIRER,24.0,35.467629583333334,%,production,OP,32.0,749.783576962125,418.730129816875,334.406115337,749.783576962125,164.2394015,4454.3176458,3728.660221860001,4505.6424954,0.8370889816032259,0.5028641226518406,0,0,0,0,0,0,0,0
2015-03-15,NO 15/9-F-12 H,5599,15/9-F-12,3420717,VOLVE,369304,MÆRSK INSPIRER,24.0,35.574005,%,production,OP,32.0,747.054487564875,416.307245853875,331.33848307475,747.054487564875,162.824661875,4426.139297000001,3668.062668689,4526.7133589000005,0.8287273451098074,0.5056168723961809,0,0,0,0,0,0,0,0
2015-03-16,NO 15/9-F-12 H,5599,15/9-F-12,3420717,VOLVE,369304,MÆRSK INSPIRER,24.0,35.6565625,%,production,OP,32.0,742.365167294875,413.50421427125,326.6798081255,742.365167294875,161.323026875,4479.854274400001,3695.808369038,4605.7762706,0.8249840603426748,0.5069297334717896,0,0,0,0,0,0,0,0
2015-03-17,NO 15/9-F-12 H,5599,15/9-F-12,3420717,VOLVE,369304,MÆRSK INSPIRER,24.0,35.713259791666665,%,production,OP,32.0,732.8687589205,411.0116395492501,317.071684231625,732.8687589205,161.30705825,4537.1544435000005,3710.597812251,4508.5987061,0.8178248852795525,0.4984215942593312,0,0,0,0,0,0,0,0
2015-03-18,NO 15/9-F-12 H,5599,15/9-F-12,3420717,VOLVE,369304,MÆRSK INSPIRER,24.0,35.52314729166667,%,production,OP,32.0,725.558469039,416.07201536925,308.550653385625,725.558469039,165.978387875,4546.6520566,3711.089039728,4480.231663,0.8162245523804529,0.4963209676969815,0,0,0,0,0,0,0,0
2015-03-19,NO 15/9-F-12 H,5599,15/9-F-12,3420717,VOLVE,369304,MÆRSK INSPIRER,24.0,34.87171645833333,%,production,OP,32.0,735.456403029875,405.172642334375,319.137412119625,735.456403029875,163.641343625,4490.3582571,3690.185915651,4427.1456666,0.8218021156365876,0.4964557015594913,0,0,0,0,0,0,0,0
2015-03-20,NO 15/9-F-12 H,5599,15/9-F-12,3420717,VOLVE,369304,MÆRSK INSPIRER,24.0,34.88241625,%,production,OP,32.0,729.9722624333749,399.86426059925,313.589207029875,729.9722624333749,162.98617925000002,4612.3805711,3774.491286373,4795.6027364,0.8183390828638469,0.5097375898378741,0,0,0,0,0,0,0,0
2015-03-21,NO 15/9-F-12 H,5599,15/9-F-12,3420717,VOLVE,369304,MÆRSK INSPIRER,24.0,34.875723125,%,production,OP,32.0,722.269535983375,398.05767935775,306.027100964125,722.269535983375,164.24810937499998,4660.120229,3803.979767167,4507.5294384,0.8162836107735537,0.4916777584148633,0,0,0,0,0,0,0,0
2015-03-22,NO 15/9-F-12 H,5599,15/9-F-12,3420717,VOLVE,369304,MÆRSK INSPIRER,8.125,11.634627083333331,%,production,OP,32.0,753.7589113711384,394.93354493935385,335.3413735416,753.7589113711384,157.07258184615387,574.4483473,488.925311707,583.3169793999999,0.8511214524422046,0.5038300646493181,0,0,0,0,0,0,0,0
2015-03-23,NO 15/9-F-12 H,5599,15/9-F-12,3420717,VOLVE,369304,MÆRSK INSPIRER,0.0,0.8372660416666666,%,production,OP,32.0,1570.088853756,176.408559096,1154.760937716,1570.088853756,48.934706,0.0,0.0,0.0,0.8501178870543293,0.5052898604207495,0,0,0,0,0,1,1,0
2015-03-24,NO 15/9-F-12 H,5599,15/9-F-12,3420717,VOLVE,369304,MÆRSK INSPIRER,0.0,0.8412160416666666,%,production,OP,32.0,1601.06795529,150.873168816,1185.698268306,1601.06795529,51.575072,0.0,0.0,0.0,0.8491143216664542,0.5067496561921808,0,0,0,0,0,1,1,0
2015-03-25,NO 15/9-F-12 H,5599,15/9-F-12,3420717,VOLVE,369304,MÆRSK INSPIRER,9.0,13.305636458333334,%,production,OP,32.0,745.0408841819976,306.63928982968866,320.34243497047004,745.0408841819976,152.70157492282198,278.8272773,236.47641302200003,288.1361961,0.8481107562785789,0.5082094519636122,0,0,0,0,0,0,0,0
2015-03-26,NO 15/9-F-12 H,5599,15/9-F-12,3420717,VOLVE,369304,MÆRSK INSPIRER,24.0,35.346301875,%,production,OP,32.0,750.9945052673751,365.36873692825,313.43875125625,750.9945052673751,160.117923125,4629.6146505,3819.489277113,4607.851907900001,0.8250123531772766,0.4988220394378473,0,0,0,0,0,0,0,0
2015-03-27,NO 15/9-F-12 H,5599,15/9-F-12,3420717,VOLVE,369304,MÆRSK INSPIRER,24.0,35.00243625,%,production,OP,32.0,747.8133868133749,391.019743645625,328.598116973,747.8133868133749,165.07700225000002,4665.5923637,3771.356400454001,4479.665580100001,0.8083338848452601,0.4898347982778306,0,0,0,0,0,0,0,0
2015-03-28,NO 15/9-F-12 H,5599,15/9-F-12,3420717,VOLVE,369304,MÆRSK INSPIRER,24.0,34.9375925,%,production,OP,32.0,741.312481490875,389.480292183875,324.61073832025,741.312481490875,161.191037375,4444.1281536,3341.3257670840003,4451.1727408,0.751851803458308,0.5003959723950673,0,0,0,0,0,0,0,0
2015-03-29,NO 15/9-F-12 H,5599,15/9-F-12,3420717,VOLVE,369304,MÆRSK INSPIRER,24.0,33.423405869565215,%,production,OP,32.0,728.325157889591,395.2877024297727,311.28919524995456,728.325157889591,165.4186693181818,4193.2905308,3384.562260588,4174.6726932,0.8071375536057336,0.4988875526157547,0,0,0,0,0,0,0,0
2015-03-30,NO 15/9-F-12 H,5599,15/9-F-12,3420717,VOLVE,369304,MÆRSK INSPIRER,24.0,34.183708958333334,%,production,OP,32.0,723.5037820401702,393.9236029971064,303.05683928170214,723.5037820401702,164.69685519148936,4387.771456,3557.498346488,4480.4832554,0.810775671012524,0.5052271727874945,0,0,0,0,0,0,0,0
2015-03-31,NO 15/9-F-12 H,5599,15/9-F-12,3420717,VOLVE,369304,MÆRSK INSPIRER,24.0,35.006061875,%,production,OP,32.0,716.0064536997501,394.436168124875,298.82369502375,716.0064536997501,164.197319,4455.890098299999,3555.304950471,4439.8510828,0.7978888329915074,0.4990985003287823,0,0,0,0,0,0,0,0
2015-04-01,NO 15/9-F-12 H,5599,15/9-F-12,3420717,VOLVE,369304,MÆRSK INSPIRER,24.0,35.06374958333333,%,production,OP,32.0,709.880800964375,392.85556515225,293.27670462725,709.880800964375,164.26368237499997,4285.876534,3523.1943532020005,4399.3447064,0.8220475613920241,0.5065322557283972,0,0,0,0,0,0,0,0
2015-04-02,NO 15/9-F-12 H,5599,15/9-F-12,3420717,VOLVE,369304,MÆRSK INSPIRER,24.0,35.21113416666667,%,production,OP,32.0,703.804875111625,394.26522573375,287.727982839625,703.804875111625,164.79773075,4382.865404200001,3586.506194215,4413.6854732,0.818301696141098,0.5017518269052011,0,0,0,0,0,0,0,0
2015-04-03,NO 15/9-F-12 H,5599,15/9-F-12,3420717,VOLVE,369304,MÆRSK INSPIRER,24.0,35.247676041666665,%,production,OP,32.0,700.487191294125,399.75213413875,283.5149522535,700.487191294125,165.7181675,4353.0517048,3508.304616241,4390.035787600001,0.8059414071219235,0.5021150470490058,0,0,0,0,0,0,0,0
2015-04-04,NO 15/9-F-12 H,5599,15/9-F-12,3420717,VOLVE,369304,MÆRSK INSPIRER,24.0,35.341440625,%,production,OP,32.0,700.77023597275,398.820068583125,284.369978458125,700.77023597275,164.967588125,4349.9696979,3551.882602894,4389.4697047,0.8165304242484066,0.5022598707411512,0,0,0,0,0,0,0,0
2015-04-05,NO 15/9-F-12 H,5599,15/9-F-12,3420717,VOLVE,369304,MÆRSK INSPIRER,24.0,35.318007916666666,%,production,OP,32.0,699.6373894791251,396.08358224787503,283.584567471875,699.6373894791251,164.68913487499998,4325.8168275,3541.8818330010004,4355.4418326,0.8187775798745377,0.5017062620905515,0,0,0,0,0,0,0,0
2015-04-06,NO 15/9-F-12 H,5599,15/9-F-12,3420717,VOLVE,369304,MÆRSK INSPIRER,24.0,35.346286666666664,%,production,OP,32.0,698.887663884125,396.193261192125,282.898842916,698.887663884125,163.926987125,4327.0747895,3532.732500525,4417.1448687,0.8164251075801748,0.5051502639869949,0,0,0,0,0,0,0,0
2015-04-07,NO 15/9-F-12 H,5599,15/9-F-12,3420717,VOLVE,369304,MÆRSK INSPIRER,24.0,35.14336791666667,%,production,OP,32.0,698.143310738375,394.261098194,282.3110885075,698.143310738375,164.8016615,4280.5930936,3491.7462597050003,4085.3573912,0.8157155289825562,0.4883315289305907,0,0,0,0,0,0,0,0
2015-04-08,NO 15/9-F-12 H,5599,15/9-F-12,3420717,VOLVE,369304,MÆRSK INSPIRER,24.0,35.12442458333334,%,production,OP,32.0,695.645611340375,393.954581532375,279.912075382,695.645611340375,164.110848125,4298.3303578000005,3498.8448675520003,4097.1193359,0.8140009204278105,0.4880166620466447,0,0,0,0,0,0,0,0
2015-04-09,NO 15/9-F-12 H,5599,15/9-F-12,3420717,VOLVE,369304,MÆRSK INSPIRER,24.0,35.099515625,%,production,OP,32.0,694.377982242,391.750006954,278.53942970675,694.377982242,160.3154675,4281.7252594,3488.6279716950003,4082.7785691,0.8147715606077591,0.4881076813174418,0,0,0,0,0,0,0,0
2015-04-10,NO 15/9-F-12 H,5599,15/9-F-12,3420717,VOLVE,369304,MÆRSK INSPIRER,24.0,35.108160833333336,%,production,OP,32.0,690.64023816025,391.289197055,274.692976622375,690.64023816025,161.074154,4237.8223856,3482.0760354040003,4099.8868523,0.8216663461961019,0.4917282115888019,0,0,0,0,0,0,0,0
2015-04-11,NO 15/9-F-12 H,5599,15/9-F-12,3420717,VOLVE,369304,MÆRSK INSPIRER,24.0,35.12517875,%,production,OP,32.0,687.562407913625,389.314673896,271.59142057625,687.562407913625,161.653704875,4256.188630799999,3469.7406106940007,4084.162327300001,0.8152224705421064,0.4896871064320782,0,0,0,0,0,0,0,0
2015-04-12,NO 15/9-F-12 H,5599,15/9-F-12,3420717,VOLVE,369304,MÆRSK INSPIRER,24.0,35.154833333333336,%,production,OP,32.0,686.199794033375,388.11501020875,269.9813114355,686.199794033375,159.134004125,4267.1957983,3505.134062475,4083.2188558,0.8214139280581884,0.4889839636640277,0,0,0,0,0,0,0,0
2015-04-13,NO 15/9-F-12 H,5599,15/9-F-12,3420717,VOLVE,369304,MÆRSK INSPIRER,24.0,35.167479791666665,%,production,OP,32.0,683.3709124488751,389.106861636625,267.4255968375,683.3709124488751,162.7839635,4260.9059883,3587.4649883200004,4140.959311600001,0.8419488714772873,0.4928619019456651,0,0,0,0,0,0,0,0
2015-04-14,NO 15/9-F-12 H,5599,15/9-F-12,3420717,VOLVE,369304,MÆRSK INSPIRER,24.0,35.31710291666667,%,production,OP,32.0,686.878565830125,390.02992274975,270.727281150625,686.878565830125,160.966255625,4292.7324269,3615.007275997,4304.8088621,0.8421226660538869,0.5007023191162484,0,0,0,0,0,0,0,0
2015-04-15,NO 15/9-F-12 H,5599,15/9-F-12,3420717,VOLVE,369304,MÆRSK INSPIRER,24.0,34.553907708333334,%,production,OP,32.0,687.3034544582554,393.1039099394042,270.9327584010638,687.3034544582554,165.23071182978725,4291.9776497,3571.8099818100004,4363.3040951,0.8322061001551725,0.5041203999767455,0,0,0,0,0,0,0,0
2015-04-16,NO 15/9-F-12 H,5599,15/9-F-12,3420717,VOLVE,369304,MÆRSK INSPIRER,24.0,35.303987916666664,%,production,OP,32.0,691.041132257125,393.13087144925,275.07205458675,691.041132257125,165.661896875,4329.402019200001,3608.234975978,4466.8343677,0.8334257156014216,0.507811997225579,0,0,0,0,0,0,0,0
2015-04-17,NO 15/9-F-12 H,5599,15/9-F-12,3420717,VOLVE,369304,MÆRSK INSPIRER,24.0,34.604186041666665,%,production,OP,32.0,694.6419359724255,395.8864763130638,278.4594190054468,694.6419359724255,166.395272,4378.965722000001,3656.937125601,4509.6679738,0.8351143529688948,0.5073522127400614,0,0,0,0,0,0,0,0
2015-04-18,NO 15/9-F-12 H,5599,15/9-F-12,3420717,VOLVE,369304,MÆRSK INSPIRER,24.0,34.58858625,%,production,OP,32.0,699.3416640047234,394.2454022022128,283.4365430134468,699.3416640047234,166.28813561702128,4337.0755874,3625.953420409,4593.1966506,0.8360364829571013,0.5143400478940696,0,0,0,0,0,0,0,0
2015-04-19,NO 15/9-F-12 H,5599,15/9-F-12,3420717,VOLVE,369304,MÆRSK INSPIRER,24.0,34.545829375,%,production,OP,32.0,707.3800464463404,395.07860539531913,291.53741214574467,707.3800464463404,166.29816762500002,4373.304893,3546.724184665,4633.074046000001,0.8109940357330124,0.5144213981423285,0,0,0,0,0,0,0,0
2015-04-20,NO 15/9-F-12 H,5599,15/9-F-12,3420717,VOLVE,369304,MÆRSK INSPIRER,24.0,35.285262708333335,%,production,OP,32.0,710.0492777095,396.14499073275,293.92136227775,710.0492777095,166.76475687500002,4383.6830795000005,3573.470832151,4635.8415624,0.8151754511775946,0.5139784796267757,0,0,0,0,0,0,0,0
2015-04-21,NO 15/9-F-12 H,5599,15/9-F-12,3420717,VOLVE,369304,MÆRSK INSPIRER,24.0,35.281671458333335,%,production,OP,32.0,710.4993306235,393.582395894625,294.07997039562497,710.4993306235,166.6997315,4419.220506000001,3651.948217932,4403.9362677,0.8263783653641473,0.4991338565837592,0,0,0,0,0,0,0,0
2015-04-22,NO 15/9-F-12 H,5599,15/9-F-12,3420717,VOLVE,369304,MÆRSK INSPIRER,24.0,35.277010833333335,%,production,OP,32.0,709.434549254625,392.273645501625,292.96350110950004,709.434549254625,166.917953,4420.7300604,3631.20930721,4500.799341700001,0.8214048941231752,0.5044874190114284,0,0,0,0,0,0,0,0
2015-04-23,NO 15/9-F-12 H,5599,15/9-F-12,3420717,VOLVE,369304,MÆRSK INSPIRER,24.0,35.25572416666667,%,production,OP,32.0,707.5827131355001,390.40168536,287.738374208,707.5827131355001,166.66708775,3715.0133784,3017.358244253,4204.9266793,0.8122065621073297,0.5309291040923783,0,0,0,0,0,0,0,0
2015-04-24,NO 15/9-F-12 H,5599,15/9-F-12,3420717,VOLVE,369304,MÆRSK INSPIRER,24.0,35.26414041666666,%,production,OP,32.0,707.6042512785,390.923087905125,283.29484500200005,707.6042512785,165.988121,3698.6598724,3005.7647813900003,4196.0580472,0.8126632037240041,0.5315019599094937,0,0,0,0,0,0,0,0
2015-04-25,NO 15/9-F-12 H,5599,15/9-F-12,3420717,VOLVE,369304,MÆRSK INSPIRER,24.0,35.251180625,%,production,OP,32.0,703.635077916375,388.853347299125,279.91020801775,703.635077916375,165.449429375,3663.1224459,2976.4140279260005,4244.0492975,0.8125346809679793,0.5367341743958508,0,0,0,0,0,0,0,0
2015-04-26,NO 15/9-F-12 H,5599,15/9-F-12,3420717,VOLVE,369304,MÆRSK INSPIRER,24.0,35.299047916666666,%,production,OP,32.0,699.013759317,388.415486642,275.434314186375,699.013759317,165.799990625,3661.7386877,2972.059019122,4178.2578849,0.8116524068485074,0.5329412897325225,0,0,0,0,0,0,0,0
2015-04-27,NO 15/9-F-12 H,5599,15/9-F-12,3420717,VOLVE,369304,MÆRSK INSPIRER,24.0,35.30201625,%,production,OP,32.0,701.0014053933751,388.236337517375,276.65236446175,701.0014053933751,164.946833375,3680.733913900001,2978.8779345450007,4195.4290662,0.8093162951267691,0.5326742319578984,0,0,0,0,0,0,0,0
2015-04-28,NO 15/9-F-12 H,5599,15/9-F-12,3420717,VOLVE,369304,MÆRSK INSPIRER,24.0,35.09835270833333,%,production,OP,32.0,705.6807573225,387.00610405,281.246367571125,705.6807573225,163.60744549999998,3645.4480798,2945.630557083,4132.0906795,0.808029765505426,0.531285128545203,0,0,0,0,0,0,0,0
2015-04-29,NO 15/9-F-12 H,5599,15/9-F-12,3420717,VOLVE,369304,MÆRSK INSPIRER,24.0,35.102621875,%,production,OP,32.0,702.703402150375,388.09234802125,281.626584688125,702.703402150375,164.17935200000002,3649.7251506,2939.1775019520005,5168.399775100001,0.8053147512953986,0.5861109724173841,0,0,0,0,0,0,0,0
2015-04-30,NO 15/9-F-12 H,5599,15/9-F-12,3420717,VOLVE,369304,MÆRSK INSPIRER,24.0,35.13215145833333,%,production,OP,32.0,696.97109851425,387.01227420825,278.63401865575,696.97109851425,165.173007125,3667.6511091,2953.401909965,5109.4642554,0.8052570492970721,0.5821347952273459,0,0,0,0,0,0,0,0
2015-05-01,NO 15/9-F-12 H,5599,15/9-F-12,3420717,VOLVE,369304,MÆRSK INSPIRER,24.0,35.14188541666667,%,production,OP,32.0,694.025609399375,385.691796888625,277.45951301825,694.025609399375,165.50269175,3666.5189433,2936.9706863490005,5107.32572,0.8010242771869115,0.5821080627701749,0,0,0,0,0,0,0,0
2015-05-02,NO 15/9-F-12 H,5599,15/9-F-12,3420717,VOLVE,369304,MÆRSK INSPIRER,24.0,35.136074791666665,%,production,OP,32.0,691.545341756,386.144795887,275.262317248125,691.545341756,165.50594487499998,3636.768142,2909.20379718,5086.569347000001,0.7999420594297538,0.5830989977647991,0,0,0,0,0,0,0,0
2015-05-03,NO 15/9-F-12 H,5599,15/9-F-12,3420717,VOLVE,369304,MÆRSK INSPIRER,24.0,35.116778333333336,%,production,OP,32.0,692.28169363875,384.895193803375,274.475613006375,692.28169363875,161.89543475,3587.3931335,2902.9220183440007,5068.2659999,0.8092009741658275,0.5855436220152019,0,0,0,0,0,0,0,0
2015-05-04,NO 15/9-F-12 H,5599,15/9-F-12,3420717,VOLVE,369304,MÆRSK INSPIRER,24.0,35.12978458333333,%,production,OP,32.0,690.6135269952499,383.766181751875,273.309368491625,690.6135269952499,160.6770215,3521.3501285,2874.365139336,5107.7031086,0.8162679183965162,0.5919192949974852,0,0,0,0,0,0,0,0
2015-05-05,NO 15/9-F-12 H,5599,15/9-F-12,3420717,VOLVE,369304,MÆRSK INSPIRER,24.0,35.12521145833333,%,production,OP,32.0,687.73869253775,383.774551653125,271.4905768635,687.73869253775,161.475476,3517.3875482000003,2889.082187414,5094.1800171,0.8213715855372458,0.5915508388538706,0,0,0,0,0,0,0,0
2015-05-06,NO 15/9-F-12 H,5599,15/9-F-12,3420717,VOLVE,369304,MÆRSK INSPIRER,24.0,35.08145041666667,%,production,OP,32.0,686.960473019,383.367369554625,270.50330319750003,686.960473019,160.99382450000002,3446.5642876,2826.9639832610005,5087.8902071,0.8202266800685574,0.5961588066653402,0,0,0,0,0,0,0,0
2015-05-07,NO 15/9-F-12 H,5599,15/9-F-12,3420717,VOLVE,369304,MÆRSK INSPIRER,24.0,35.083958333333335,%,production,OP,32.0,680.374820180125,382.22547631575,263.77448878775,680.374820180125,164.126733125,3455.1813273,2815.3934749530004,5069.7755543,0.8148323367888328,0.5946980875929642,0,0,0,0,0,0,0,0
2015-05-08,NO 15/9-F-12 H,5599,15/9-F-12,3420717,VOLVE,369304,MÆRSK INSPIRER,24.0,35.093961666666665,%,production,OP,32.0,679.164985703125,384.040756815625,262.57881968875,679.164985703125,164.239892,3414.8007471,2859.5756961230004,5067.699917000001,0.8374063109103741,0.5974299463892453,0,0,0,0,0,0,0,0
2015-05-09,NO 15/9-F-12 H,5599,15/9-F-12,3420717,VOLVE,369304,MÆRSK INSPIRER,24.0,35.12829270833333,%,production,OP,32.0,677.783970126625,382.77466572437504,261.60004283225,677.783970126625,162.640647125,3428.2609405,2800.376605072,5084.3050154,0.8168504829925738,0.5972705576367493,0,0,0,0,0,0,0,0
2015-05-10,NO 15/9-F-12 H,5599,15/9-F-12,3420717,VOLVE,369304,MÆRSK INSPIRER,24.0,35.216066875,%,production,OP,32.0,675.24021209875,384.196606189875,259.040209759375,675.24021209875,164.219913875,3436.8779802,2814.800187993,5085.814569800001,0.8189991626729793,0.5967380073800739,0,0,0,0,0,0,0,0
2015-05-11,NO 15/9-F-12 H,5599,15/9-F-12,3420717,VOLVE,369304,MÆRSK INSPIRER,24.0,35.24302083333333,%,production,OP,32.0,676.397935631,381.595984201125,260.434369404625,676.397935631,159.90667924999997,3440.4002738000004,2814.1352121920004,5067.5741208,0.8179673840927015,0.5956263953986959,0,0,0,0,0,0,0,0
2015-05-12,NO 15/9-F-12 H,5599,15/9-F-12,3420717,VOLVE,369304,MÆRSK INSPIRER,24.0,35.266506041666666,%,production,OP,32.0,676.539864378875,381.11834385087496,260.2289563155,676.539864378875,158.938844375,3437.2553688000003,2807.559968199,5063.0454576,0.8168028461554672,0.5956313265849761,0,0,0,0,0,0,0,0
2015-05-13,NO 15/9-F-12 H,5599,15/9-F-12,3420717,VOLVE,369304,MÆRSK INSPIRER,24.0,35.18825145833333,%,production,OP,32.0,672.8079520333749,379.82885933887496,257.400754596625,672.8079520333749,164.247234125,3399.5794069000003,2771.9966527110005,5019.7086667,0.8153940005298248,0.5962153358833373,0,0,0,0,0,0,0,0
2015-05-14,NO 15/9-F-12 H,5599,15/9-F-12,3420717,VOLVE,369304,MÆRSK INSPIRER,24.0,35.18516291666667,%,production,OP,32.0,669.83311085325,380.5769683645,255.48221912725,669.83311085325,164.84497249999998,3494.4297417,2845.062413864,4954.6720313000005,0.8141707300373162,0.5864140549393285,0,0,0,0,0,0,0,0
2015-05-15,NO 15/9-F-12 H,5599,15/9-F-12,3420717,VOLVE,369304,MÆRSK INSPIRER,24.0,35.17794125,%,production,OP,32.0,669.6139765649999,381.46419602675,255.15075895125,669.6139765649999,163.92014487499998,3492.9201873,2837.9408514620004,4935.4881108,0.8124837383289042,0.585577719569257,0,0,0,0,0,0,0,0
2015-05-16,NO 15/9-F-12 H,5599,15/9-F-12,3420717,VOLVE,369304,MÆRSK INSPIRER,24.0,35.18447916666667,%,production,OP,32.0,666.955565998125,380.395595323875,252.254087209875,666.955565998125,163.749888875,3514.6200318,2846.7140823830005,4930.4562628,0.8099635399064934,0.5838261361774388,0,0,0,0,0,0,0,0
2015-05-17,NO 15/9-F-12 H,5599,15/9-F-12,3420717,VOLVE,369304,MÆRSK INSPIRER,24.0,35.186980625,%,production,OP,32.0,665.904366833625,380.13977246487497,251.17414332675,665.904366833625,164.246734625,3505.1224187,2849.3181883610005,4923.3487775,0.8129011908855874,0.5841330726407069,0,0,0,0,0,0,0,0
2015-05-18,NO 15/9-F-12 H,5599,15/9-F-12,3420717,VOLVE,369304,MÆRSK INSPIRER,24.0,35.19034979166667,%,production,OP,32.0,666.2305905335,379.81977935575,251.72203343662497,666.2305905335,163.227734375,3483.6741666000003,2848.9060658120006,4917.7508466,0.8177877521170354,0.5853472284610547,0,0,0,0,0,0,0,0
2015-05-19,NO 15/9-F-12 H,5599,15/9-F-12,3420717,VOLVE,369304,MÆRSK INSPIRER,24.0,35.26308125,%,production,OP,32.0,664.083402657125,381.1022295247501,249.068297323625,664.083402657125,163.24409599999998,3507.0722598,2848.033792722,4913.9769606,0.8120830087727979,0.5835350004481491,0,0,0,0,0,0,0,0
2015-05-20,NO 15/9-F-12 H,5599,15/9-F-12,3420717,VOLVE,369304,MÆRSK INSPIRER,24.0,35.283880208333336,%,production,OP,32.0,660.323981437625,382.563707953375,245.55921471375,660.323981437625,165.88996325,3504.7450301000003,2841.351898335,4904.9825323000005,0.8107157222372687,0.5832510620475079,0,0,0,0,0,0,0,0
2015-05-21,NO 15/9-F-12 H,5599,15/9-F-12,3420717,VOLVE,369304,MÆRSK INSPIRER,24.0,35.278885625,%,production,OP,32.0,663.77249255275,380.64950549425,249.22300754525,663.77249255275,162.71089924999998,3456.3134931,2837.5665156420005,4969.3901867,0.820980655055384,0.5897893369563595,0,0,0,0,0,0,0,0
2015-05-22,NO 15/9-F-12 H,5599,15/9-F-12,3420717,VOLVE,369304,MÆRSK INSPIRER,24.0,35.249355625,%,production,OP,32.0,660.792206404375,379.48995387887504,245.6636360305,660.792206404375,163.807487375,3410.8381668,2795.997229125,5438.1068279,0.8197390472348811,0.6145486079026492,0,0,0,0,0,0,0,0
2015-05-23,NO 15/9-F-12 H,5599,15/9-F-12,3420717,VOLVE,369304,MÆRSK INSPIRER,24.0,35.251549375,%,production,OP,32.0,658.40571187125,379.9150632785,242.025693200875,658.40571187125,165.16691375,3234.1574039,2752.061151414,4943.601965700001,0.8509360577488744,0.6045179054885553,0,0,0,0,0,0,0,0
2015-05-24,NO 15/9-F-12 H,5599,15/9-F-12,3420717,VOLVE,369304,MÆRSK INSPIRER,24.0,35.27443291666667,%,production,OP,32.0,662.344946972875,378.390339217,241.48965692587495,662.344946972875,163.547613125,3461.9743221,2853.1900920690005,5571.4507999,0.8241511422702532,0.6167595042473193,0,0,0,0,0,0,0,0
2015-05-25,NO 15/9-F-12 H,5599,15/9-F-12,3420717,VOLVE,369304,MÆRSK INSPIRER,24.0,35.285942291666665,%,production,OP,32.0,659.7211521419999,378.86888605475,243.00903573275,659.7211521419999,165.62911400000002,3263.3421223000005,2696.618838149,5193.2445246,0.826336539991224,0.6141064641611318,0,0,0,0,0,0,0,0
2015-05-26,NO 15/9-F-12 H,5599,15/9-F-12,3420717,VOLVE,369304,MÆRSK INSPIRER,24.0,35.2951075,%,production,OP,32.0,659.1706604130001,378.7732032775,243.0131390995,659.1706604130001,165.952197875,3369.1367265,2780.3379848510003,5131.3527942,0.8252375046053212,0.6036537991964305,0,0,0,0,0,0,0,0
2015-05-27,NO 15/9-F-12 H,5599,15/9-F-12,3420717,VOLVE,369304,MÆRSK INSPIRER,24.0,34.52244604166667,%,production,OP,32.0,660.9702286557447,378.5386416006383,241.698720138,660.9702286557447,164.33871110638296,3311.207576400001,2722.347715981,5141.6051845,0.822161599104814,0.6082715103170646,0,0,0,0,0,0,0,0
2015-05-28,NO 15/9-F-12 H,5599,15/9-F-12,3420717,VOLVE,369304,MÆRSK INSPIRER,24.0,34.526788125,%,production,OP,32.0,658.8849710410212,377.7224109394468,239.38027227842556,658.8849710410212,164.2219405106383,3375.0491479,2793.3394448030003,5698.56786,0.8276440793583859,0.6280370722103994,0,0,0,0,0,0,0,0
2015-05-29,NO 15/9-F-12 H,5599,15/9-F-12,3420717,VOLVE,369304,MÆRSK INSPIRER,24.0,35.194612291666665,%,production,OP,32.0,664.38675265575,377.414296931125,244.541341051375,664.38675265575,162.16708025,3400.271286,2808.0423670010005,5343.9483722,0.8258289209342223,0.6111406827696336,0,0,0,0,0,0,0,0
2015-05-30,NO 15/9-F-12 H,5599,15/9-F-12,3420717,VOLVE,369304,MÆRSK INSPIRER,24.0,35.104323541666666,%,production,OP,32.0,661.7775855115,377.951082569125,242.172447483875,661.7775855115,165.35458699999998,3365.9918215,2789.236582957,5533.145857,0.8286522163069373,0.6217620242428527,0,0,0,0,0,0,0,0
2015-05-31,NO 15/9-F-12 H,5599,15/9-F-12,3420717,VOLVE,369304,MÆRSK INSPIRER,24.0,34.35873854166667,%,production,OP,32.0,661.4664592002129,377.4925966854894,242.0387848733617,661.4664592002129,164.44247612765955,3365.4257386,2797.639715822,5053.484946400001,0.8312885005110242,0.6002540156892043,0,0,0,0,0,0,0,0
2015-06-01,NO 15/9-F-12 H,5599,15/9-F-12,3420717,VOLVE,369304,MÆRSK INSPIRER,24.0,37.97879708333333,%,production,OP,32.0,618.1929171485,377.320022231125,197.78708475537505,618.1929171485,163.90984999999998,3576.8891508,2992.010765181,5771.466757900001,0.8364840617193331,0.6173777308295264,0,0,0,0,0,0,0,0
2015-06-02,NO 15/9-F-12 H,5599,15/9-F-12,3420717,VOLVE,369304,MÆRSK INSPIRER,24.0,41.18350875,%,production,OP,32.0,562.113216020625,382.1467629845,141.334886762375,562.113216020625,164.8052045,3790.6797927,3180.065427298,6125.4572647,0.8389169228754414,0.6177261598183365,0,0,0,0,0,0,0,0
2015-06-03,NO 15/9-F-12 H,5599,15/9-F-12,3420717,VOLVE,369304,MÆRSK INSPIRER,24.0,41.174283125,%,production,OP,32.0,553.711911022,384.677866446875,133.273251694875,553.711911022,169.671984875,3763.5707116,3137.776780342,6032.9341596,0.8337233496559023,0.6158251579433972,0,0,0,0,0,0,0,0
2015-06-04,NO 15/9-F-12 H,5599,15/9-F-12,3420717,VOLVE,369304,MÆRSK INSPIRER,24.0,42.16542208333333,%,production,OP,32.0,541.834576969375,387.629791623,121.219530282875,541.834576969375,170.00956325,3823.3239066,3174.35715919,5940.0336659,0.8302611122511165,0.6084007086487356,0,0,0,0,0,0,0,0
2015-06-05,NO 15/9-F-12 H,5599,15/9-F-12,3420717,VOLVE,369304,MÆRSK INSPIRER,24.0,44.205725,%,production,OP,32.0,518.046196594,387.019979352,97.657859409625,518.046196594,168.81532324999998,3960.064376,3239.662161871,5915.8178974,0.8180832062996239,0.5990166481969761,0,0,0,0,0,0,0,0
2015-06-06,NO 15/9-F-12 H,5599,15/9-F-12,3420717,VOLVE,369304,MÆRSK INSPIRER,24.0,44.17502041666667,%,production,OP,32.0,519.124674989,385.306364446875,98.746315210375,519.124674989,164.980057625,3948.5540237,3228.546506899,5915.1260183,0.8176528641929748,0.5996875398546103,0,0,0,0,0,0,0,0
2015-06-07,NO 15/9-F-12 H,5599,15/9-F-12,3420717,VOLVE,369304,MÆRSK INSPIRER,13.31667,23.98259270833333,%,production,OP,32.0,600.1799032705297,346.08591344508426,178.77752757380208,600.1799032705297,160.3752365431358,1474.7088526,1238.78670395,2616.3722657000003,0.8400212026705779,0.6395307719508633,0,0,0,0,0,0,0,0
2015-06-08,NO 15/9-F-12 H,5599,15/9-F-12,3420717,VOLVE,369304,MÆRSK INSPIRER,24.0,42.24621875,%,production,OP,32.0,539.5565497088751,382.85021541425,123.1456137715,539.5565497088751,170.859871625,3832.0667425,3129.562227975,5814.1116697,0.8166773801891839,0.6027373143281909,0,0,0,0,0,0,0,0
2015-06-09,NO 15/9-F-12 H,5599,15/9-F-12,3420717,VOLVE,369304,MÆRSK INSPIRER,24.0,46.129043125,%,production,OP,32.0,498.133950725375,389.11146357150005,81.55609417974999,498.133950725375,172.881152,4070.8908282,3321.158601355,6045.702473900001,0.815830917977109,0.5976026013267761,0,0,0,0,0,0,0,0
2015-06-10,NO 15/9-F-12 H,5599,15/9-F-12,3420717,VOLVE,369304,MÆRSK INSPIRER,24.0,67.51570604166666,%,production,OP,32.0,453.3376439752501,390.991835917125,35.321273351,453.3376439752501,173.718959375,4356.070813599999,3551.110623552,6935.3960984000005,0.8152095719989562,0.6142156862745098,0,0,0,0,0,0,0,0
2015-06-11,NO 15/9-F-12 H,5599,15/9-F-12,3420717,VOLVE,369304,MÆRSK INSPIRER,24.0,100.0,%,production,OP,32.0,432.20601831625,393.2424117145,14.393205503375,432.20601831625,173.7934625,4405.3200259,3599.654916466,7698.035560900001,0.8171154184719183,0.6360249028207954,0,0,0,0,0,0,0,0
2015-06-12,NO 15/9-F-12 H,5599,15/9-F-12,3420717,VOLVE,369304,MÆRSK INSPIRER,24.0,100.0,%,production,OP,32.0,430.50281593087504,392.87081831525,13.901176174875,430.50281593087504,173.163573125,4415.6353143,3617.193962221,7093.5848199,0.8191786016627655,0.6163393120634816,0,0,0,0,0,0,0,0
2015-06-13,NO 15/9-F-12 H,5599,15/9-F-12,3420717,VOLVE,369304,MÆRSK INSPIRER,24.0,100.0,%,production,OP,32.0,426.81888396875,308.337145363125,9.880326982,426.81888396875,175.303584875,4360.5365787,3530.069065851,7038.29739,0.8095492382965892,0.6174576635931731,0,0,0,0,0,0,0,0
2015-06-14,NO 15/9-F-12 H,5599,15/9-F-12,3420717,VOLVE,369304,MÆRSK INSPIRER,24.0,100.0,%,production,OP,32.0,427.28375493175,298.00970550825,10.55119420775,427.28375493175,174.8745815,4279.838316400001,3497.497964894,7395.118311300001,0.817203292818765,0.6334171977782207,0,0,0,0,0,0,0,0
2015-06-15,NO 15/9-F-12 H,5599,15/9-F-12,3420717,VOLVE,369304,MÆRSK INSPIRER,24.0,100.0,%,production,OP,32.0,427.92530635175,298.6268633496249,11.130122449625,427.92530635175,174.552766625,4293.8016946,3493.72564864,7210.386591599999,0.8136672108154885,0.6267618724781577,0,0,0,0,0,0,0,0
2015-06-16,NO 15/9-F-12 H,5599,15/9-F-12,3420717,VOLVE,369304,MÆRSK INSPIRER,24.0,100.0,%,production,OP,32.0,428.7993234695,299.956360219875,12.245869567375,428.7993234695,174.690029375,4251.8486619000005,3457.603654598,7315.992501500001,0.8132000759060224,0.6324423371793338,0,0,0,0,0,0,0,0
2015-06-17,NO 15/9-F-12 H,5599,15/9-F-12,3420717,VOLVE,369304,MÆRSK INSPIRER,24.0,100.0,%,production,OP,32.0,429.409731000625,296.856052104875,12.630498256875,429.409731000625,173.1818885,4230.3375117000005,3473.4172241110005,7354.045852,0.82107331022748,0.6348241094164853,0,0,0,0,0,0,0,0
2015-06-18,NO 15/9-F-12 H,5599,15/9-F-12,3420717,VOLVE,369304,MÆRSK INSPIRER,24.0,100.0,%,production,OP,32.0,432.6852299115,294.050515595125,10.889697791625,432.6852299115,173.703152,4227.3184029,3452.949883432,7211.896145999999,0.8168180284369465,0.6304537881662075,0,0,0,0,0,0,0,0
2015-06-19,NO 15/9-F-12 H,5599,15/9-F-12,3420717,VOLVE,369304,MÆRSK INSPIRER,24.0,100.0,%,production,OP,32.0,434.8570772695,294.36881659425,11.33649037225,434.8570772695,174.17747112499998,4161.904378900001,3468.0610435620006,7027.7934073,0.8332870551145665,0.6280592685860754,0,0,0,0,0,0,0,0
2015-06-20,NO 15/9-F-12 H,5599,15/9-F-12,3420717,VOLVE,369304,MÆRSK INSPIRER,24.0,100.0,%,production,OP,32.0,428.322792055625,296.981380045,11.447486745,428.322792055625,174.97946,4279.0206411,3554.7607509440004,7243.470992199999,0.8307416694372814,0.6286375571118983,0,0,0,0,0,0,0,0
2015-06-21,NO 15/9-F-12 H,5599,15/9-F-12,3420717,VOLVE,369304,MÆRSK INSPIRER,24.0,100.0,%,production,OP,32.0,431.59647194825,295.37394202075,14.9931702985,431.59647194825,173.317359875,4242.8542336,3548.653779873,7403.546656699999,0.836383619255762,0.635693956135945,0,0,0,0,0,0,0,0
2015-06-22,NO 15/9-F-12 H,5599,15/9-F-12,3420717,VOLVE,369304,MÆRSK INSPIRER,24.0,100.0,%,production,OP,32.0,429.43795902137504,295.442409021625,12.426689650625,429.43795902137504,174.52890687500002,4332.6098223,3598.132146602,7500.7242212,0.8304768474840191,0.6338639806521913,0,0,0,0,0,0,0,0
2015-06-23,NO 15/9-F-12 H,5599,15/9-F-12,3420717,VOLVE,369304,MÆRSK INSPIRER,24.0,100.0,%,production,OP,32.0,429.354084754625,295.052933645625,12.30620235375,429.354084754625,174.83199875,4280.5301955,3555.2473875100004,7597.587295200001,0.8305623895020134,0.639628905939729,0,0,0,0,0,0,0,0
2015-06-24,NO 15/9-F-12 H,5599,15/9-F-12,3420717,VOLVE,369304,MÆRSK INSPIRER,24.0,100.0,%,production,OP,32.0,429.52697609387496,297.009949509375,12.257789878,429.52697609387496,175.635303125,4294.304879400001,3549.653892177,7679.7322138,0.8265956870470168,0.641365326833778,0,0,0,0,0,0,0,0
2015-06-25,NO 15/9-F-12 H,5599,15/9-F-12,3420717,VOLVE,369304,MÆRSK INSPIRER,24.0,100.0,%,production,OP,32.0,429.291857409375,301.14261091375,11.903703774,429.291857409375,176.597946125,4281.9139537,3540.2336959520003,7844.839726300001,0.8267876781813623,0.6469035269709543,0,0,0,0,0,0,0,0
2015-06-26,NO 15/9-F-12 H,5599,15/9-F-12,3420717,VOLVE,369304,MÆRSK INSPIRER,24.0,100.0,%,production,OP,32.0,433.226460359875,298.556562222375,16.058510668,433.226460359875,175.00599762500002,4192.0325688,3444.1971350370004,7814.8373326,0.82160552870488,0.6508638301884815,0,0,0,0,0,0,0,0
2015-06-27,NO 15/9-F-12 H,5599,15/9-F-12,3420717,VOLVE,369304,MÆRSK INSPIRER,24.0,100.0,%,production,OP,32.0,432.85053092875,301.44569500937496,13.0840592775,432.85053092875,176.58337325,4247.697387300001,3483.6941549580006,7925.6637848,0.8201370854180293,0.6510661823592933,0,0,0,0,0,0,0,0
2015-06-28,NO 15/9-F-12 H,5599,15/9-F-12,3420717,VOLVE,369304,MÆRSK INSPIRER,24.0,100.0,%,production,OP,32.0,433.384687753,301.361600164,16.215348113625,433.384687753,175.871167625,4492.6225887,3687.9882818700007,8124.7362713,0.8208987532463013,0.6439332003988036,0,0,0,0,0,0,0,0
2015-06-29,NO 15/9-F-12 H,5599,15/9-F-12,3420717,VOLVE,369304,MÆRSK INSPIRER,24.0,100.0,%,production,OP,32.0,435.61664429712505,302.6652137945,14.4456035025,435.61664429712505,176.614355375,4484.1942433,3618.779592251,7793.6406729,0.807007769045231,0.6347732092908884,0,0,0,0,0,0,0,0
2015-06-30,NO 15/9-F-12 H,5599,15/9-F-12,3420717,VOLVE,369304,MÆRSK INSPIRER,24.0,100.0,%,production,OP,32.0,433.109599013,301.94152856375,15.7576897695,433.109599013,176.354750375,4528.4745057,3625.147185808,7565.2576718,0.8005228209289951,0.6255519438304512,0,0,0,0,0,0,0,0
2015-07-01,NO 15/9-F-12 H,5599,15/9-F-12,3420717,VOLVE,369304,MÆRSK INSPIRER,24.0,100.0,%,production,OP,32.0,436.35209573562497,299.864339652125,17.098266938625002,436.35209573562497,175.032492875,4184.9879816,3476.1219769840004,8057.1837119,0.8306169557158473,0.6581498702699925,0,0,0,0,0,0,0,0
2015-07-02,NO 15/9-F-12 H,5599,15/9-F-12,3420717,VOLVE,369304,MÆRSK INSPIRER,24.0,100.0,%,production,OP,32.0,435.126929533375,299.05732706875,16.220324729999998,435.126929533375,174.577997375,4568.477697300001,3786.817176114,7943.9671319,0.8289013161544014,0.6348852874349022,0,0,0,0,0,0,0,0
2015-07-03,NO 15/9-F-12 H,5599,15/9-F-12,3420717,VOLVE,369304,MÆRSK INSPIRER,24.0,100.0,%,production,OP,32.0,431.21785024925,299.7201205125,13.3715971125,431.21785024925,176.25348087499998,4550.1743502,3762.643910817,7944.1558262,0.8269230190380761,0.6358208654678722,0,0,0,0,0,0,0,0
2015-07-04,NO 15/9-F-12 H,5599,15/9-F-12,3420717,VOLVE,369304,MÆRSK INSPIRER,24.0,100.0,%,production,OP,32.0,432.31901802637503,299.211904338875,15.146822951375002,432.31901802637503,174.935313875,4477.9044333,3695.03003305,7828.9894051,0.8251694711418709,0.6361466595796876,0,0,0,0,0,0,0,0
2015-07-05,NO 15/9-F-12 H,5599,15/9-F-12,3420717,VOLVE,369304,MÆRSK INSPIRER,24.0,100.0,%,production,OP,32.0,432.35679740375,299.49845410250003,15.409559288375,432.35679740375,174.92226499999998,4450.543759800001,3679.240124386,7593.8763073,0.826694517110273,0.6304891613705083,0,0,0,0,0,0,0,0
2015-07-06,NO 15/9-F-12 H,5599,15/9-F-12,3420717,VOLVE,369304,MÆRSK INSPIRER,24.0,100.0,%,production,OP,32.0,428.39628099725,298.158644426125,11.124985687125,428.39628099725,176.2768055,4410.8550587,3643.072927528001,7595.3858617,0.8259334934033661,0.6326198109846818,0,0,0,0,0,0,0,0
2015-07-07,NO 15/9-F-12 H,5599,15/9-F-12,3420717,VOLVE,369304,MÆRSK INSPIRER,24.0,100.0,%,production,OP,32.0,431.775636181,297.45885420587496,14.78106431,431.775636181,174.5911865,4388.4633351,3609.099479834,7790.2441755,0.8224062055999288,0.6396609959406278,0,0,0,0,0,0,0,0
2015-07-08,NO 15/9-F-12 H,5599,15/9-F-12,3420717,VOLVE,369304,MÆRSK INSPIRER,24.0,100.0,%,production,OP,32.0,428.978046545,294.875407133625,11.658435451125,428.978046545,175.00335275,4334.5596634,3585.5837742510007,7266.9319835,0.827208310114364,0.6263791075039713,0,0,0,0,0,0,0,0
2015-07-09,NO 15/9-F-12 H,5599,15/9-F-12,3420717,VOLVE,369304,MÆRSK INSPIRER,24.0,100.0,%,production,OP,32.0,429.076905050125,293.102991406,12.06864219625,429.076905050125,174.192146,4302.23004,3546.539135637,6999.7408547,0.824349024264867,0.6193380712015893,0,0,0,0,0,0,0,0
2015-07-10,NO 15/9-F-12 H,5599,15/9-F-12,3420717,VOLVE,369304,MÆRSK INSPIRER,24.0,97.91666666666669,%,production,OP,32.0,427.989674807617,297.29277920259574,11.18450353480851,427.989674807617,175.281392893617,4269.1456394,3514.3935768150004,7114.0267024,0.8232077032885965,0.6249599398821956,0,0,0,0,0,0,0,0
2015-07-11,NO 15/9-F-12 H,5599,15/9-F-12,3420717,VOLVE,369304,MÆRSK INSPIRER,24.0,97.91666666666669,%,production,OP,32.0,431.1587304202978,296.1622727968085,14.546691131106384,431.1587304202978,174.09688374468084,4198.0707864000005,3495.6923242830003,7019.9311448,0.8326901813108026,0.6257737507849646,0,0,0,0,0,0,0,0
2015-07-12,NO 15/9-F-12 H,5599,15/9-F-12,3420717,VOLVE,369304,MÆRSK INSPIRER,24.0,100.0,%,production,OP,32.0,430.101193622375,296.2730748855,13.2161405495,430.101193622375,174.40432175,4171.7793806,3445.064110922,6894.0091486,0.8258020850629255,0.6230020689811974,0,0,0,0,0,0,0,0
2015-07-13,NO 15/9-F-12 H,5599,15/9-F-12,3420717,VOLVE,369304,MÆRSK INSPIRER,24.0,100.0,%,production,OP,32.0,427.389665909625,299.598889895875,9.72564999825,427.389665909625,175.844614625,3837.3501829,3177.020593864,7135.2233621000005,0.8279204248862768,0.6502780166236743,0,0,0,0,0,0,0,0
2015-07-14,NO 15/9-F-12 H,5599,15/9-F-12,3420717,VOLVE,369304,MÆRSK INSPIRER,24.0,100.0,%,production,OP,32.0,427.295119263375,297.56440258875,8.848692839375,427.295119263375,175.954263875,3775.3326563,3125.978139072,7056.6007371000005,0.828000715077543,0.6514627149941352,0,0,0,0,0,0,0,0
2015-07-15,NO 15/9-F-12 H,5599,15/9-F-12,3420717,VOLVE,369304,MÆRSK INSPIRER,24.0,100.0,%,production,OP,32.0,425.880485087125,296.936826184375,9.01304204475,425.880485087125,175.6753745,3726.1463421,3090.79198458,6920.6150449,0.8294875457945852,0.6500206770248715,0,0,0,0,0,0,0,0
2015-07-16,NO 15/9-F-12 H,5599,15/9-F-12,3420717,VOLVE,369304,MÆRSK INSPIRER,24.0,100.0,%,production,OP,32.0,425.43426661525,298.58760941925,8.668241394375,425.43426661525,175.80524937500002,3680.6710158,3052.919440859,6892.9398809,0.8294464318472764,0.6519002777992589,0,0,0,0,0,0,0,0
2015-07-17,NO 15/9-F-12 H,5599,15/9-F-12,3420717,VOLVE,369304,MÆRSK INSPIRER,24.0,100.0,%,production,OP,32.0,428.606292999625,294.753813922,12.12266885125,428.606292999625,172.2061925,3653.121648,3031.613376055,6889.0401987000005,0.8298692647464226,0.6534750935223469,0,0,0,0,0,0,0,0
2015-07-18,NO 15/9-F-12 H,5599,15/9-F-12,3420717,VOLVE,369304,MÆRSK INSPIRER,24.0,100.0,%,production,OP,32.0,430.60564485125,292.750694104,13.753823610125,430.60564485125,168.55916000000002,3647.5237171,3061.4761926690003,7352.536297600001,0.8393300304851911,0.668408743931796,0,0,0,0,0,0,0,0
2015-07-19,NO 15/9-F-12 H,5599,15/9-F-12,3420717,VOLVE,369304,MÆRSK INSPIRER,24.0,100.0,%,production,OP,32.0,427.12859146637504,295.719691461375,10.3128665575,427.12859146637504,173.025747875,3593.997434,3028.2644830540003,7433.6748466,0.8425894950302294,0.6740928327800783,0,0,0,0,0,0,0,0
2015-07-20,NO 15/9-F-12 H,5599,15/9-F-12,3420717,VOLVE,369304,MÆRSK INSPIRER,24.0,100.0,%,production,OP,32.0,424.756887787625,297.004540800625,8.286894189625,424.756887787625,177.0257285,3566.1335757,2995.5221058020006,7377.255250900001,0.8399915601069448,0.6741289529042567,0,0,0,0,0,0,0,0
2015-07-21,NO 15/9-F-12 H,5599,15/9-F-12,3420717,VOLVE,369304,MÆRSK INSPIRER,24.0,100.0,%,production,OP,32.0,428.832685231125,293.47667576975,12.03738650725,428.832685231125,171.892606625,3597.6455238000003,3031.4873025760003,7422.2902905,0.8426309047184845,0.673532987448845,0,0,0,0,0,0,0,0
2015-07-22,NO 15/9-F-12 H,5599,15/9-F-12,3420717,VOLVE,369304,MÆRSK INSPIRER,24.0,100.0,%,production,OP,32.0,425.2937791825,295.298165709,8.366607678749999,425.2937791825,175.97914137499998,3629.9751472,3099.404533616,7429.209081500001,0.8538362958233313,0.6717682722221274,0,0,0,0,0,0,0,0
2015-07-23,NO 15/9-F-12 H,5599,15/9-F-12,3420717,VOLVE,369304,MÆRSK INSPIRER,24.0,100.0,%,production,OP,32.0,429.397445073375,293.27097562625,12.5931539935,429.397445073375,172.9043495,3631.1702111,3080.8049874200005,7417.0068501,0.8484330968574245,0.6713330904288024,0,0,0,0,0,0,0,0
2015-07-24,NO 15/9-F-12 H,5599,15/9-F-12,3420717,VOLVE,369304,MÆRSK INSPIRER,24.0,100.0,%,production,OP,32.0,426.44946311787504,292.795701208375,9.600884080375002,426.44946311787504,174.274742,3594.6893131,3039.698323473,7454.179627199999,0.845608078671927,0.6746554482161867,0,0,0,0,0,0,0,0
2015-07-25,NO 15/9-F-12 H,5599,15/9-F-12,3420717,VOLVE,369304,MÆRSK INSPIRER,24.0,100.0,%,production,OP,32.0,424.755697267375,293.212304733625,7.986605097125,424.755697267375,175.743150125,3557.7052303,3009.60702075,7419.900162700001,0.8459405223114052,0.6759124505815619,0,0,0,0,0,0,0,0
2015-07-26,NO 15/9-F-12 H,5599,15/9-F-12,3420717,VOLVE,369304,MÆRSK INSPIRER,24.0,100.0,%,production,OP,32.0,424.9537617645,292.566293395125,8.131987562375,424.9537617645,175.2442145,3513.2991717000004,2962.816455838,7396.5020695,0.8433145915109657,0.6779685446117658,0,0,0,0,0,0,0,0
2015-07-27,NO 15/9-F-12 H,5599,15/9-F-12,3420717,VOLVE,369304,MÆRSK INSPIRER,24.0,100.0,%,production,OP,32.0,424.3254571485,294.115613484125,7.483558923875,424.3254571485,175.50689525,3484.8692305,2939.3879775640003,7401.5968156,0.8434715288132245,0.6798897625967032,0,0,0,0,0,0,0,0
2015-07-28,NO 15/9-F-12 H,5599,15/9-F-12,3420717,VOLVE,369304,MÆRSK INSPIRER,24.0,100.0,%,production,OP,32.0,423.523215711,291.28675909425004,6.82951912775,423.523215711,177.619864625,3425.0531374,2906.7112856540007,7322.345209600001,0.8486616613079823,0.6813132791010711,0,0,0,0,0,0,0,0
2015-07-29,NO 15/9-F-12 H,5599,15/9-F-12,3420717,VOLVE,369304,MÆRSK INSPIRER,24.0,100.0,%,production,OP,32.0,423.870089196125,287.70156477225004,7.404555516625001,423.870089196125,177.562482125,3491.5364291,2955.75563472,8326.7649685,0.8465487027674787,0.7045652914378167,0,0,0,0,0,0,0,0
2015-07-30,NO 15/9-F-12 H,5599,15/9-F-12,3420717,VOLVE,369304,MÆRSK INSPIRER,24.0,100.0,%,production,OP,32.0,425.0119703485,286.157813538125,8.590289512625,425.0119703485,177.173500625,3425.4934241,2883.69952084,7379.834073,0.841834785187962,0.6829810642001036,0,0,0,0,0,0,0,0
2015-07-31,NO 15/9-F-12 H,5599,15/9-F-12,3420717,VOLVE,369304,MÆRSK INSPIRER,24.0,100.0,%,production,OP,32.0,425.23393287775,287.5148827365,8.769369139875002,425.23393287775,177.82032275,3357.8150685,2822.368834497,7379.6453787,0.8405373068260743,0.6872803317868692,0,0,0,0,0,0,0,0
2015-08-01,NO 15/9-F-12 H,5599,15/9-F-12,3420717,VOLVE,369304,MÆRSK INSPIRER,24.0,100.0,%,production,OP,32.0,428.05125976825,286.241325209875,11.789398721875,428.05125976825,175.9207805,3342.7824226,2804.3194913270004,7368.2608226,0.8389177448006964,0.6879125267188124,0,0,0,0,0,0,0,0
2015-08-02,NO 15/9-F-12 H,5599,15/9-F-12,3420717,VOLVE,369304,MÆRSK INSPIRER,24.0,100.0,%,production,OP,32.0,424.7361805915,287.325967719875,8.329450756125,424.7361805915,177.10354137500002,3341.5873587,2791.9250910680003,7381.1549331,0.8355086344814763,0.6883644810474079,0,0,0,0,0,0,0,0
2015-08-03,NO 15/9-F-12 H,5599,15/9-F-12,3420717,VOLVE,369304,MÆRSK INSPIRER,24.0,100.0,%,production,OP,32.0,427.62974308075,284.2806320285,11.5843421845,427.62974308075,174.711597875,3307.4336904,2788.461425292,7373.8587535,0.8430891398928588,0.6903526696070522,0,0,0,0,0,0,0,0
2015-08-04,NO 15/9-F-12 H,5599,15/9-F-12,3420717,VOLVE,369304,MÆRSK INSPIRER,24.0,100.0,%,production,OP,32.0,426.629092680875,284.1273510355,11.075968886375,426.629092680875,176.769799625,3320.9567819,2807.468503126,7378.827703400001,0.845379415482721,0.6896239558411175,0,0,0,0,0,0,0,0
2015-08-05,NO 15/9-F-12 H,5599,15/9-F-12,3420717,VOLVE,369304,MÆRSK INSPIRER,24.0,100.0,%,production,OP,32.0,428.543388810375,284.023500805875,12.060175603,428.543388810375,176.5679165,3330.7688855,2751.8997632350006,7353.479769099999,0.8262055572858812,0.6882542710136225,0,0,0,0,0,0,0,0
2015-08-06,NO 15/9-F-12 H,5599,15/9-F-12,3420717,VOLVE,369304,MÆRSK INSPIRER,24.0,100.0,%,production,OP,32.0,425.856825763375,284.3888787225,9.74055265275,425.856825763375,177.3827645,3278.3747682000003,2737.4482817010003,7387.6963355,0.8350016319836439,0.6926352040665892,0,0,0,0,0,0,0,0
2015-08-07,NO 15/9-F-12 H,5599,15/9-F-12,3420717,VOLVE,369304,MÆRSK INSPIRER,24.0,100.0,%,production,OP,32.0,422.350217864375,286.379667288875,5.8674518575,422.350217864375,179.04827412499998,3242.5857493,2779.988016174,7386.0609849,0.8573367772229727,0.6949201690120842,0,0,0,0,0,0,0,0
2015-08-08,NO 15/9-F-12 H,5599,15/9-F-12,3420717,VOLVE,369304,MÆRSK INSPIRER,24.0,100.0,%,production,OP,32.0,425.773114664375,285.377043767875,9.696844847125,425.773114664375,177.42914225,3184.2163125,2772.653506131,7394.4264322,0.8707491055951935,0.6989957606711577,0,0,0,0,0,0,0,0
2015-08-09,NO 15/9-F-12 H,5599,15/9-F-12,3420717,VOLVE,369304,MÆRSK INSPIRER,24.0,100.0,%,production,OP,32.0,428.182763909875,283.59630044175,12.128733252625,428.182763909875,175.886962625,3210.1932278,2761.82495967,7382.8531818,0.8603298193245289,0.6969527835835075,0,0,0,0,0,0,0,0
2015-08-10,NO 15/9-F-12 H,5599,15/9-F-12,3420717,VOLVE,369304,MÆRSK INSPIRER,24.0,100.0,%,production,OP,32.0,426.710579863875,284.655999437375,10.669034561125,426.710579863875,177.59171675,3190.8835111,2746.6495267860005,7382.0355065,0.8607802563870914,0.698202217780316,0,0,0,0,0,0,0,0
2015-08-11,NO 15/9-F-12 H,5599,15/9-F-12,3420717,VOLVE,369304,MÆRSK INSPIRER,24.0,100.0,%,production,OP,32.0,424.6447764352501,283.38128765,8.245863543750001,424.6447764352501,176.79883775000002,3143.647038,2736.959173106,7018.861877100001,0.8706318298530307,0.6906623094490967,0,0,0,0,0,0,0,0
2015-08-12,NO 15/9-F-12 H,5599,15/9-F-12,3420717,VOLVE,369304,MÆRSK INSPIRER,24.0,100.0,%,production,OP,32.0,424.2885298693751,285.594011551,8.193102949625,424.2885298693751,178.11858425,3170.9448134,2724.586314814,7298.884218300001,0.8592348574785196,0.6971349958247475,0,0,0,0,0,0,0,0
2015-08-13,NO 15/9-F-12 H,5599,15/9-F-12,3420717,VOLVE,369304,MÆRSK INSPIRER,24.0,100.0,%,production,OP,32.0,425.291872537125,285.77803455675,9.212327278375,425.291872537125,178.38145775,3146.9177392,2722.830114783,7278.7568263,0.8652371432737831,0.698156918343338,0,0,0,0,0,0,0,0
2015-08-14,NO 15/9-F-12 H,5599,15/9-F-12,3420717,VOLVE,369304,MÆRSK INSPIRER,24.0,100.0,%,production,OP,32.0,426.9611602035,282.977861431375,11.09242767775,426.9611602035,176.164244375,3152.8301606,2721.4750897440003,7279.1342149,0.8631848057511888,0.6977721503723132,0,0,0,0,0,0,0,0
2015-08-15,NO 15/9-F-12 H,5599,15/9-F-12,3420717,VOLVE,369304,MÆRSK INSPIRER,24.0,100.0,%,production,OP,32.0,425.9718318325,282.400320115375,9.735986977375,425.9718318325,175.9482575,3151.8237910000003,2691.5144514110007,7289.072114699999,0.8539546084703694,0.6981270745856852,0,0,0,0,0,0,0,0
2015-08-16,NO 15/9-F-12 H,5599,15/9-F-12,3420717,VOLVE,369304,MÆRSK INSPIRER,24.0,100.0,%,production,OP,32.0,422.34207760662497,285.67596406425,5.873123447625,422.34207760662497,179.08363924999998,3144.0244266,2653.0175437940006,7148.5577593,0.8438285406907661,0.6945349213818223,0,0,0,0,0,0,0,0
2015-08-17,NO 15/9-F-12 H,5599,15/9-F-12,3420717,VOLVE,369304,MÆRSK INSPIRER,24.0,100.0,%,production,OP,32.0,423.0212754525,283.45811548725,6.924751682875,423.0212754525,178.65248824999998,3105.1534008000003,2641.1313220680004,7139.437534799999,0.8505638791911372,0.696898253886392,0,0,0,0,0,0,0,0
2015-08-18,NO 15/9-F-12 H,5599,15/9-F-12,3420717,VOLVE,369304,MÆRSK INSPIRER,24.0,100.0,%,production,OP,32.0,427.678521173125,281.219481151875,11.829876410375,427.678521173125,174.165287375,3124.3373213,2640.337094465,6889.9836702,0.8450870770145865,0.6880130640957196,0,0,0,0,0,0,0,0
2015-08-19,NO 15/9-F-12 H,5599,15/9-F-12,3420717,VOLVE,369304,MÆRSK INSPIRER,24.0,97.91666666666669,%,production,OP,32.0,427.18147061106384,281.53748641748933,11.46686513331383,427.18147061106384,175.24656634042557,3159.1828687,2670.862767998,7675.5809392,0.8454283525211242,0.7084216209312721,0,0,0,0,0,0,0,0
2015-08-20,NO 15/9-F-12 H,5599,15/9-F-12,3420717,VOLVE,369304,MÆRSK INSPIRER,24.0,100.0,%,production,OP,32.0,425.357728854,281.967007003875,9.9024331905,425.357728854,177.161023625,3151.6350967,2656.910989469,7412.9184736,0.8430262095542046,0.7016783458261642,0,0,0,0,0,0,0,0
2015-08-21,NO 15/9-F-12 H,5599,15/9-F-12,3420717,VOLVE,369304,MÆRSK INSPIRER,24.0,100.0,%,production,OP,32.0,426.7982154108511,281.70990882625534,11.31664858238298,426.7982154108511,176.55779778723405,3124.7147099000003,2642.529077894,7228.5641425,0.845686510042566,0.6981908094578504,0,0,0,0,0,0,0,0
2015-08-22,NO 15/9-F-12 H,5599,15/9-F-12,3420717,VOLVE,369304,MÆRSK INSPIRER,24.0,100.0,%,production,OP,32.0,426.48256952004255,282.723467801,10.752639003191488,426.48256952004255,176.90679519148935,3120.0602505,2617.6290360709995,7136.292629799999,0.8389674640582712,0.6957924237871252,0,0,0,0,0,0,0,0
2015-08-23,NO 15/9-F-12 H,5599,15/9-F-12,3420717,VOLVE,369304,MÆRSK INSPIRER,24.0,100.0,%,production,OP,32.0,427.37625291625005,282.07975289750004,11.61389972025,427.37625291625005,175.68755075,3048.1677222000003,2543.849564831,7280.077686400001,0.8345503911428434,0.7048707111798594,0,0,0,0,0,0,0,0
2015-08-24,NO 15/9-F-12 H,5599,15/9-F-12,3420717,VOLVE,369304,MÆRSK INSPIRER,24.0,100.0,%,production,OP,32.0,426.872460401625,281.23190305225,10.831727916,426.872460401625,174.55985225,3041.0602369000003,2554.7494469860003,7207.8706676,0.8400851176793077,0.7032802479364202,0,0,0,0,0,0,0,0
2015-08-25,NO 15/9-F-12 H,5599,15/9-F-12,3420717,VOLVE,369304,MÆRSK INSPIRER,24.0,100.0,%,production,OP,32.0,425.2749000695,281.9638433625,9.060980125375,425.2749000695,176.88312424999998,3033.575363,2540.194846528,7170.8865848,0.8373600595226091,0.7027206942886377,0,0,0,0,0,0,0,0
2015-08-26,NO 15/9-F-12 H,5599,15/9-F-12,3420717,VOLVE,369304,MÆRSK INSPIRER,13.60833,56.386409375,%,production,OP,32.0,429.4631299707595,7.035866147918309,13.174730057409816,429.4631299707595,175.3249665298328,2032.6149996,1737.259697949,5391.0590491,0.8546919600076142,0.7261982427749583,0,0,0,0,0,0,0,0
2015-08-27,NO 15/9-F-12 H,5599,15/9-F-12,3420717,VOLVE,369304,MÆRSK INSPIRER,0.0,0.1404722916666666,%,production,OP,32.0,18.588360156,0.0,17.934528852,18.588360156,62.707154,0.0,0.0,0.0,0.8781007859366545,0.7374446018897398,0,0,0,0,0,1,1,0
2015-08-28,NO 15/9-F-12 H,5599,15/9-F-12,3420717,VOLVE,369304,MÆRSK INSPIRER,0.0,0.1380635416666666,%,production,OP,32.0,18.347887152,0.0,18.24868116,18.347887152,57.233174,0.0,0.0,0.0,0.901509611865695,0.7486909610045213,0,0,0,0,0,1,1,0
2015-08-29,NO 15/9-F-12 H,5599,15/9-F-12,3420717,VOLVE,369304,MÆRSK INSPIRER,0.0,0.1271408333333333,%,production,OP,32.0,18.44593284,0.0,18.44593284,18.44593284,58.118936,0.0,0.0,0.0,0.9249184377947354,0.7599373201193028,0,0,0,0,0,1,1,0
2015-08-30,NO 15/9-F-12 H,5599,15/9-F-12,3420717,VOLVE,369304,MÆRSK INSPIRER,0.0,0.5986147916666666,%,production,OP,32.0,42.166752702,0.0,40.426151664,42.166752702,58.086734,0.0,0.0,0.0,0.9483272637237758,0.7711836792340843,0,0,0,0,0,1,1,0
2015-08-31,NO 15/9-F-12 H,5599,15/9-F-12,3420717,VOLVE,369304,MÆRSK INSPIRER,23.075,89.857433125,%,production,OP,32.0,442.6047197593651,52.49134213001084,15.658978800208018,442.6047197593651,167.33416485157096,3143.8357323,3054.978641016,11305.933475,0.9717360896528162,0.7824300383488658,0,0,0,0,0,0,0,0
2015-09-01,NO 15/9-F-12 H,5599,15/9-F-12,3420717,VOLVE,369304,MÆRSK INSPIRER,24.0,100.0,%,production,OP,32.0,423.45076318675,179.0151457725,6.536693449,423.45076318675,178.61608025,2951.8707311000003,2667.1925112270005,7696.6518027,0.9035600655293886,0.7227905822868551,0,0,0,0,0,0,0,0
2015-09-02,NO 15/9-F-12 H,5599,15/9-F-12,3420717,VOLVE,369304,MÆRSK INSPIRER,24.0,100.0,%,production,OP,32.0,427.181886888125,180.68640051675,7.317405808375001,427.181886888125,177.3111005,2785.9455433000003,2400.6014877800003,7074.9040842,0.8616828471587591,0.7174740870674533,0,0,0,0,0,0,0,0
2015-09-03,NO 15/9-F-12 H,5599,15/9-F-12,3420717,VOLVE,369304,MÆRSK INSPIRER,24.0,100.0,%,production,OP,32.0,440.35324997675,182.306653252625,5.38589548125,440.35324997675,177.2426165,2704.5554019,2400.017382642,7162.3324432,0.887398121316333,0.725895799733539,0,0,0,0,0,0,0,0
2015-09-04,NO 15/9-F-12 H,5599,15/9-F-12,3420717,VOLVE,369304,MÆRSK INSPIRER,24.0,100.0,%,production,OP,32.0,432.214699444875,183.692702856375,6.123459035625,432.214699444875,177.85091825,2601.0880274,2265.739592538,7426.8818518,0.8710737847664433,0.7406166892468262,0,0,0,0,0,0,0,0
2015-09-05,NO 15/9-F-12 H,5599,15/9-F-12,3420717,VOLVE,369304,MÆRSK INSPIRER,24.0,100.0,%,production,OP,32.0,425.2961964825,182.63504647925,8.87235518475,425.2961964825,176.194523375,2703.1716437,2295.855615551,7804.962330900001,0.8493192139321641,0.7427543605521171,0,0,0,0,0,0,0,0
2015-09-06,NO 15/9-F-12 H,5599,15/9-F-12,3420717,VOLVE,369304,MÆRSK INSPIRER,24.0,100.0,%,production,OP,32.0,423.817694218625,183.29860741575,7.44398470125,423.817694218625,177.193394375,2614.2966284,2203.326863787,7116.668422600001,0.8427991069764256,0.731342511796264,0,0,0,0,0,0,0,0
2015-09-07,NO 15/9-F-12 H,5599,15/9-F-12,3420717,VOLVE,369304,MÆRSK INSPIRER,24.0,100.0,%,production,OP,32.0,422.777324558125,184.20155357125,6.56333813825,422.777324558125,177.91933325,2596.0561794,2182.5536978060004,7449.9654545,0.8407189779346115,0.7415836562963706,0,0,0,0,0,0,0,0
2015-09-08,NO 15/9-F-12 H,5599,15/9-F-12,3420717,VOLVE,369304,MÆRSK INSPIRER,24.0,100.0,%,production,OP,32.0,422.1590003695,184.2891142205,5.93920336475,422.1590003695,178.324997375,2574.8595197,2167.424527179,7572.7425457,0.8417641858113989,0.7462593129780455,0,0,0,0,0,0,0,0
2015-09-09,NO 15/9-F-12 H,5599,15/9-F-12,3420717,VOLVE,369304,MÆRSK INSPIRER,24.0,100.0,%,production,OP,32.0,422.636453379,186.12965550537496,6.4496102165,422.636453379,178.72620875,2576.4319722,2162.06834663,7590.4169118,0.8391715247904732,0.7465850037119526,0,0,0,0,0,0,0,0
2015-09-10,NO 15/9-F-12 H,5599,15/9-F-12,3420717,VOLVE,369304,MÆRSK INSPIRER,24.0,100.0,%,production,OP,32.0,425.07208255625,184.77746320975,9.0984875565,425.07208255625,178.11014,2568.0036268,2155.321120048,7756.2163034,0.8392983162308671,0.7512641493341131,0,0,0,0,0,0,0,0
2015-09-11,NO 15/9-F-12 H,5599,15/9-F-12,3420717,VOLVE,369304,MÆRSK INSPIRER,24.0,100.0,%,production,OP,32.0,426.91980624375,182.622857244,10.87178862025,426.91980624375,175.959051125,2576.4319722,2176.50499599,7754.643850900001,0.8447748745065818,0.750613390481641,0,0,0,0,0,0,0,0
2015-09-12,NO 15/9-F-12 H,5599,15/9-F-12,3420717,VOLVE,369304,MÆRSK INSPIRER,24.0,100.0,%,production,OP,32.0,427.629135734125,181.1945351065,11.766059690375,427.629135734125,174.419093,2611.0888253,2174.067575396,7683.3803036,0.8326287310988785,0.7463600315270454,0,0,0,0,0,0,0,0
2015-09-13,NO 15/9-F-12 H,5599,15/9-F-12,3420717,VOLVE,369304,MÆRSK INSPIRER,24.0,100.0,%,production,OP,32.0,426.09276330825,181.3880157985,9.922711315875,426.09276330825,176.50154375,2588.9486941,2151.42802752,7691.9973433,0.8310045048103605,0.7481799160620113,0,0,0,0,0,0,0,0
2015-09-14,NO 15/9-F-12 H,5599,15/9-F-12,3420717,VOLVE,369304,MÆRSK INSPIRER,24.0,100.0,%,production,OP,32.0,426.0216705152501,179.72099132925,9.821728608375,426.0216705152501,175.79801375000002,2520.8300518,2123.149428348,7659.353229400001,0.8422421919446589,0.7523787163581543,0,0,0,0,0,0,0,0
2015-09-15,NO 15/9-F-12 H,5599,15/9-F-12,3420717,VOLVE,369304,MÆRSK INSPIRER,24.0,100.0,%,production,OP,32.0,426.31734256475,180.084387059875,9.74981091175,426.31734256475,177.026243375,2609.8937614,2171.3437525850004,7625.828542100001,0.8319663369823327,0.7450210464866194,0,0,0,0,0,0,0,0
2015-09-16,NO 15/9-F-12 H,5599,15/9-F-12,3420717,VOLVE,369304,MÆRSK INSPIRER,24.0,100.0,%,production,OP,32.0,425.295480357375,179.933027820375,9.024950268875,425.295480357375,177.858146375,2635.3045938,2182.4855404350005,7593.1215301,0.8281720244292319,0.74235482938648,0,0,0,0,0,0,0,0
2015-09-17,NO 15/9-F-12 H,5599,15/9-F-12,3420717,VOLVE,369304,MÆRSK INSPIRER,24.0,100.0,%,production,OP,32.0,422.96697685125,178.33030655275,6.176573159875,422.96697685125,178.036203875,2609.7679652,2176.456261704,7651.050680200001,0.8339654293891245,0.7456569445976927,0,0,0,0,0,0,0,0
2015-09-18,NO 15/9-F-12 H,5599,15/9-F-12,3420717,VOLVE,369304,MÆRSK INSPIRER,24.0,100.0,%,production,OP,32.0,422.478153466875,177.570491751875,5.841474947375,422.478153466875,178.25450337499998,2714.6819960000003,2229.942846883,7129.2480426,0.8214379622249498,0.7242278251313049,0,0,0,0,0,0,0,0
2015-09-19,NO 15/9-F-12 H,5599,15/9-F-12,3420717,VOLVE,369304,MÆRSK INSPIRER,24.0,100.0,%,production,OP,32.0,423.118405588125,177.33112164099998,5.6714571735,423.118405588125,178.435141625,2636.2480653,2159.777835188,6993.262350399999,0.8192619896497568,0.7262323886163674,0,0,0,0,0,0,0,0
2015-09-20,NO 15/9-F-12 H,5599,15/9-F-12,3420717,VOLVE,369304,MÆRSK INSPIRER,24.0,100.0,%,production,OP,32.0,424.42249361375,178.299760945625,6.011580348375,424.42249361375,178.66964862499998,2523.7862625,2129.119025236,6622.415152800001,0.8436209741180488,0.7240618101545253,0,0,0,0,0,0,0,0
2015-09-21,NO 15/9-F-12 H,5599,15/9-F-12,3420717,VOLVE,369304,MÆRSK INSPIRER,24.0,100.0,%,production,OP,32.0,425.482573334125,176.903099394875,8.786498732,425.482573334125,177.899045,2671.5967975,2260.675817705,6863.755162500001,0.8461889982127815,0.7198218997361479,0,0,0,0,0,0,0,0
2015-09-22,NO 15/9-F-12 H,5599,15/9-F-12,3420717,VOLVE,369304,MÆRSK INSPIRER,23.32486,68.647073125,%,production,OP,32.0,505.51761065085714,165.2160049987631,73.3284547109905,505.51761065085714,166.5835588205014,2206.2766537,1935.903119714,5719.7016216,0.8774525699066008,0.7216398308111068,0,0,0,0,0,0,0,0
2015-09-23,NO 15/9-F-12 H,5599,15/9-F-12,3420717,VOLVE,369304,MÆRSK INSPIRER,24.0,99.998186875,%,production,OP,32.0,428.969891179125,176.617078415625,7.610089470749999,428.969891179125,177.74089437499998,2685.4972776,2273.660326601,7395.3070056,0.8466440631185246,0.7336028751123091,0,0,0,0,0,0,0,0
2015-09-24,NO 15/9-F-12 H,5599,15/9-F-12,3420717,VOLVE,369304,MÆRSK INSPIRER,24.0,100.0,%,production,OP,32.0,433.1933705445,175.38826209037498,10.469135937625,433.1933705445,175.01858299999998,2681.346003,2269.1209750630005,7514.6247013,0.8462619044779057,0.7370190557855191,0,0,0,0,0,0,0,0
2015-09-25,NO 15/9-F-12 H,5599,15/9-F-12,3420717,VOLVE,369304,MÆRSK INSPIRER,24.0,100.0,%,production,OP,32.0,430.8163427625,174.23337586399998,7.657063653000001,430.8163427625,176.00253837500003,2662.6652673,2281.38965499,7519.153364500001,0.856806780411936,0.7384882442333115,0,0,0,0,0,0,0,0
2015-09-26,NO 15/9-F-12 H,5599,15/9-F-12,3420717,VOLVE,369304,MÆRSK INSPIRER,24.0,100.0,%,production,OP,32.0,427.80985610375,175.77735976325,5.47170963125,427.80985610375,177.646836875,2670.0243450000003,2264.593630523,7492.6103663,0.8481546749803135,0.7372704597921682,0,0,0,0,0,0,0,0
2015-09-27,NO 15/9-F-12 H,5599,15/9-F-12,3420717,VOLVE,369304,MÆRSK INSPIRER,24.0,100.0,%,production,OP,32.0,429.45082812225,176.5502974815,7.38951084575,429.45082812225,177.63905825,2636.2480653,2264.561140999,7483.0498551,0.8590091239161506,0.7394831058402327,0,0,0,0,0,0,0,0
2015-09-28,NO 15/9-F-12 H,5599,15/9-F-12,3420717,VOLVE,369304,MÆRSK INSPIRER,24.0,100.0,%,production,OP,32.0,433.69661010175,174.51736631125,10.671198044625,433.69661010175,175.550578625,2626.3730636,2242.4449569770004,7445.6254856,0.8538181372844478,0.7392401268953113,0,0,0,0,0,0,0,0
2015-09-29,NO 15/9-F-12 H,5599,15/9-F-12,3420717,VOLVE,369304,MÆRSK INSPIRER,24.0,97.91666666666669,%,production,OP,32.0,432.9459411168511,173.30649869565957,11.478727004425531,432.9459411168511,173.69390900000002,2617.8818201,2240.3130085380003,7109.4980392,0.8557731641424604,0.7308749264482423,0,0,0,0,0,0,0,0
2015-09-30,NO 15/9-F-12 H,5599,15/9-F-12,3420717,VOLVE,369304,MÆRSK INSPIRER,24.0,97.91666666666669,%,production,OP,32.0,428.8515554078298,174.5317550323404,8.161220369872341,428.8515554078298,175.61596425531917,2426.9231885000004,2068.832947719,6955.0832037,0.852450937681994,0.7413215162038588,0,0,0,0,0,0,0,0
2015-10-01,NO 15/9-F-12 H,5599,15/9-F-12,3420717,VOLVE,369304,MÆRSK INSPIRER,24.0,100.0,%,production,OP,32.0,414.96139897075005,174.89068808,7.730724827249999,414.96139897075005,177.073006625,2465.2910295,2105.374480397,7186.5482117,0.8540064662564415,0.7445781091155541,0,0,0,0,0,0,0,0
2015-10-02,NO 15/9-F-12 H,5599,15/9-F-12,3420717,VOLVE,369304,MÆRSK INSPIRER,24.0,100.0,%,production,OP,32.0,385.308527930375,175.946591914625,8.403353660375,385.308527930375,178.99137725,2566.4311743,2188.266203678,7393.8603493,0.8526494790084737,0.7423337290661547,0,0,0,0,0,0,0,0
2015-10-03,NO 15/9-F-12 H,5599,15/9-F-12,3420717,VOLVE,369304,MÆRSK INSPIRER,24.0,100.0,%,production,OP,32.0,385.90253105937495,176.289473833125,9.09213610075,385.90253105937495,178.82403575,2544.2910431,2175.5815165850004,7612.6199411,0.8550835889962656,0.7495014924264004,0,0,0,0,0,0,0,0
2015-10-04,NO 15/9-F-12 H,5599,15/9-F-12,3420717,VOLVE,369304,MÆRSK INSPIRER,24.0,97.91666666666669,%,production,OP,32.0,383.81054454293616,177.54095099578726,6.787405004297872,383.81054454293616,180.08696778723407,2529.9502763,2149.946222708,7516.008459500001,0.8497978173121457,0.7481623862056875,0,0,0,0,0,0,0,0
2015-10-05,NO 15/9-F-12 H,5599,15/9-F-12,3420717,VOLVE,369304,MÆRSK INSPIRER,24.0,100.0,%,production,OP,32.0,388.192113013875,175.550949402,11.494747338726064,388.192113013875,177.3880175319149,2515.6095095,2152.914070096,7572.239360900001,0.8558220431134843,0.7506297386272945,0,0,0,0,0,0,0,0
2015-10-06,NO 15/9-F-12 H,5599,15/9-F-12,3420717,VOLVE,369304,MÆRSK INSPIRER,24.0,100.0,%,production,OP,32.0,390.8741829045,172.664974213125,13.9992490575,390.8741829045,172.76319425,2502.5267047,2146.130116226,7560.6661105,0.857585300566563,0.7513188159407971,0,0,0,0,0,0,0,0
2015-10-07,NO 15/9-F-12 H,5599,15/9-F-12,3420717,VOLVE,369304,MÆRSK INSPIRER,24.0,100.0,%,production,OP,32.0,391.402909868625,171.754341043625,14.469797653875,391.402909868625,171.816687125,2509.8857824,2137.949465971,7515.568172800001,0.851811457303309,0.7496486649267216,0,0,0,0,0,0,0,0
2015-10-08,NO 15/9-F-12 H,5599,15/9-F-12,3420717,VOLVE,369304,MÆRSK INSPIRER,24.0,100.0,%,production,OP,32.0,386.520444307,172.84865577525,11.21981938775,386.520444307,175.06763,2473.2790882000004,2123.117291971,7503.74333,0.8584220446856885,0.7521024826316652,0,0,0,0,0,0,0,0
2015-10-09,NO 15/9-F-12 H,5599,15/9-F-12,3420717,VOLVE,369304,MÆRSK INSPIRER,24.0,100.0,%,production,OP,32.0,381.613467323375,176.910435900375,7.380053159500001,381.613467323375,179.18954075000002,2517.5593506,2136.340175092,7614.821374600001,0.8485758933877188,0.751533285327639,0,0,0,0,0,0,0,0
2015-10-10,NO 15/9-F-12 H,5599,15/9-F-12,3420717,VOLVE,369304,MÆRSK INSPIRER,24.0,100.0,%,production,OP,32.0,385.456711442,175.833583139625,8.873234477625,385.456711442,178.712256875,2510.1373748,2133.993513277,7665.139854600001,0.8501500892743091,0.7533101734518526,0,0,0,0,0,0,0,0
2015-10-11,NO 15/9-F-12 H,5599,15/9-F-12,3420717,VOLVE,369304,MÆRSK INSPIRER,24.0,100.0,%,production,OP,32.0,389.369265594875,173.840767062875,10.9144841815,389.369265594875,177.013543625,2517.9996373,2139.453519044,7655.2648529,0.8496639504436517,0.7524885311174587,0,0,0,0,0,0,0,0
2015-10-12,NO 15/9-F-12 H,5599,15/9-F-12,3420717,VOLVE,369304,MÆRSK INSPIRER,24.0,100.0,%,production,OP,32.0,390.12101870025,173.730368971875,11.11975525425,390.12101870025,176.42514799999998,2489.4438999000004,2130.448976838,7668.221861500001,0.8557931258959396,0.7549196874187276,0,0,0,0,0,0,0,0
2015-10-13,NO 15/9-F-12 H,5599,15/9-F-12,3420717,VOLVE,369304,MÆRSK INSPIRER,23.16667,90.67177375,%,production,OP,32.0,407.032785549473,173.52367480417178,20.66115327262897,407.032785549473,175.3232341597813,2186.3379560000003,1889.99330342,7461.0355201,0.864456155203848,0.773374798703881,0,0,0,0,0,0,0,0
2015-10-14,NO 15/9-F-12 H,5599,15/9-F-12,3420717,VOLVE,369304,MÆRSK INSPIRER,24.0,100.0,%,production,OP,32.0,397.56917928725,175.6183074665,8.893394759625,397.56917928725,176.75443850000002,2437.1126807,2057.517058398,7766.7202861,0.8442437129361737,0.7611571368690977,0,0,0,0,0,0,0,0
2015-10-15,NO 15/9-F-12 H,5599,15/9-F-12,3420717,VOLVE,369304,MÆRSK INSPIRER,24.0,100.0,%,production,OP,32.0,412.64474627787496,174.162678903875,7.8775093265,412.64474627787496,175.7851925,2425.6023284,2081.980963676,7645.075360700001,0.8583356551481122,0.7591420951714748,0,0,0,0,0,0,0,0
2015-10-16,NO 15/9-F-12 H,5599,15/9-F-12,3420717,VOLVE,369304,MÆRSK INSPIRER,24.0,100.0,%,production,OP,32.0,383.97846601625,176.03873939062498,6.581075077,383.97846601625,179.13009275,2496.6771814,2115.4479985720004,8041.207594500001,0.8473053762544395,0.7630760599024705,0,0,0,0,0,0,0,0
2015-10-17,NO 15/9-F-12 H,5599,15/9-F-12,3420717,VOLVE,369304,MÆRSK INSPIRER,24.0,100.0,%,production,OP,32.0,383.181089395,174.55586181375,6.068278119875,383.181089395,179.66264637499998,2470.1970813000003,2082.095030157,7854.1486451,0.842886199614991,0.7607405692562628,0,0,0,0,0,0,0,0
2015-10-18,NO 15/9-F-12 H,5599,15/9-F-12,3420717,VOLVE,369304,MÆRSK INSPIRER,24.0,100.0,%,production,OP,32.0,381.43866933875,174.738422353,6.1948267965,381.43866933875,179.88224525,2479.7575925,2072.014802189,7803.767267,0.8355715124961351,0.7588611272515978,0,0,0,0,0,0,0,0
2015-10-19,NO 15/9-F-12 H,5599,15/9-F-12,3420717,VOLVE,369304,MÆRSK INSPIRER,24.0,100.0,%,production,OP,32.0,384.73458839137504,174.363236241625,6.139606599625,384.73458839137504,179.363085875,2403.3992991,2025.822468295,7683.883488400001,0.8428988346021442,0.7617396726422447,0,0,0,0,0,0,0,0
2015-10-20,NO 15/9-F-12 H,5599,15/9-F-12,3420717,VOLVE,369304,MÆRSK INSPIRER,24.0,100.0,%,production,OP,32.0,387.32205120325,172.961731026,7.731803547375001,387.32205120325,178.392673625,2407.5505737,2027.004451304,7452.795869,0.8419363952088598,0.7558350928447952,0,0,0,0,0,0,0,0
2015-10-21,NO 15/9-F-12 H,5599,15/9-F-12,3420717,VOLVE,369304,MÆRSK INSPIRER,24.0,100.0,%,production,OP,32.0,388.960055986,171.427301505,11.07323431575,388.960055986,175.540543625,2390.6938829,2012.907529358,7607.0849083,0.841976274652223,0.7608774976093412,0,0,0,0,0,0,0,0
2015-10-22,NO 15/9-F-12 H,5599,15/9-F-12,3420717,VOLVE,369304,MÆRSK INSPIRER,24.0,100.0,%,production,OP,32.0,387.976677194625,215.529800852375,10.38269631125,387.976677194625,174.678543875,2389.3730228,2007.105677295,7233.4701943,0.8400135341542285,0.7516978122896117,0,0,0,0,0,0,0,0
2015-10-23,NO 15/9-F-12 H,5599,15/9-F-12,3420717,VOLVE,369304,MÆRSK INSPIRER,24.0,100.0,%,production,OP,32.0,386.484054877125,290.52923770675,10.18406677025,386.484054877125,176.00822899999997,2360.565693,1994.612749023,7437.511630700001,0.8449723534226591,0.7590786829891447,0,0,0,0,0,0,0,0
2015-10-24,NO 15/9-F-12 H,5599,15/9-F-12,3420717,VOLVE,369304,MÆRSK INSPIRER,24.0,99.94536125,%,production,OP,32.0,390.693927865125,289.005571214,10.5761830465,390.693927865125,175.50652625,2332.1357518,1983.604803886,7974.9758952,0.8505528901372936,0.77373527796424,0,0,0,0,0,0,0,0
2015-10-25,NO 15/9-F-12 H,5599,15/9-F-12,3420717,VOLVE,369304,MÆRSK INSPIRER,24.0,100.0,%,production,OP,32.0,387.91870441824,289.0018775796,8.90947258452,387.91870441824,176.16919532000003,2465.1652333,2068.734772853,8015.3564754,0.8391870633692503,0.7647860190725393,0,0,0,0,0,0,0,0
2015-10-26,NO 15/9-F-12 H,5599,15/9-F-12,3420717,VOLVE,369304,MÆRSK INSPIRER,24.0,100.0,%,production,OP,32.0,387.636955895875,289.74905715337496,12.25037481025,387.636955895875,176.063738,2156.775849,1985.649171869,7947.0491388,0.9206562530777856,0.7865386770253613,0,0,0,0,0,0,0,0
2015-10-27,NO 15/9-F-12 H,5599,15/9-F-12,3420717,VOLVE,369304,MÆRSK INSPIRER,24.0,100.0,%,production,OP,32.0,387.662343589125,291.158173842375,10.710769245625,387.662343589125,177.552447875,2155.7694794,1979.609298728,8032.842147199999,0.9182843145543422,0.7884138135394416,0,0,0,0,0,0,0,0
2015-10-28,NO 15/9-F-12 H,5599,15/9-F-12,3420717,VOLVE,369304,MÆRSK INSPIRER,24.0,100.0,%,production,OP,32.0,393.6842911328751,290.18980044075,13.177321733125,393.6842911328751,175.09374237499998,2340.9414858,2111.866028551,8457.6559146,0.9021438773081016,0.7832180051722932,0,0,0,0,0,0,0,0
2015-10-29,NO 15/9-F-12 H,5599,15/9-F-12,3420717,VOLVE,369304,MÆRSK INSPIRER,19.5,77.57303020833334,%,production,OP,32.0,429.2685735977194,284.3122594903998,45.29318002624469,429.2685735977194,170.23597901842658,1988.0202467,1719.7697396270005,7425.3093993,0.8650665115114998,0.7888079647200321,0,0,0,0,0,0,0,0
2015-10-30,NO 15/9-F-12 H,5599,15/9-F-12,3420717,VOLVE,369304,MÆRSK INSPIRER,24.0,89.98931041666667,%,production,OP,32.0,433.73332888875,283.567495290625,28.03693922825,433.73332888875,174.28720925,2297.4160006,2021.143976839,8335.885193,0.8797466267803271,0.7839414158621995,0,0,0,0,0,0,0,0
2015-10-31,NO 15/9-F-12 H,5599,15/9-F-12,3420717,VOLVE,369304,MÆRSK INSPIRER,24.0,99.998950625,%,production,OP,32.0,393.7850713915,292.057463831625,14.189260924,393.7850713915,177.347506625,2451.3276513,2363.261842882,9322.8192801,0.964074240189272,0.7918042244943748,0,0,0,0,0,0,0,0
2015-11-01,NO 15/9-F-12 H,5599,15/9-F-12,3420717,VOLVE,369304,MÆRSK INSPIRER,24.0,100.0,%,production,OP,32.0,393.543861111,294.1511931185,13.554260387,393.543861111,177.95347887500003,2474.5999483,2349.621893154,8947.8208079,0.9494956527288956,0.7833559101772007,0,0,0,0,0,0,0,0
2015-11-02,NO 15/9-F-12 H,5599,15/9-F-12,3420717,VOLVE,369304,MÆRSK INSPIRER,23.50001,94.021661875,%,production,OP,32.0,410.11079289206367,292.80308483102954,22.256365037994453,410.11079289206367,175.90620987056175,2361.5720626,2232.72246692,7463.9917308,0.9454390582779248,0.759650223411474,0,0,0,0,0,0,0,0
2015-11-03,NO 15/9-F-12 H,5599,15/9-F-12,3420717,VOLVE,369304,MÆRSK INSPIRER,24.0,99.99371854166668,%,production,OP,32.0,402.20375979875,294.316500179,13.454135821,402.20375979875,176.966193125,2370.0633061,2063.0134383060004,7541.8595786,0.8704465543161976,0.7608876366705375,0,0,0,0,0,0,0,0
2015-11-04,NO 15/9-F-12 H,5599,15/9-F-12,3420717,VOLVE,369304,MÆRSK INSPIRER,24.0,100.0,%,production,OP,32.0,405.07977269,293.812544496625,11.5768002085,405.07977269,178.164243875,2453.0887981,2088.6430818310005,7598.7823591,0.8514339486808324,0.7559569994743824,0,0,0,0,0,0,0,0
2015-11-05,NO 15/9-F-12 H,5599,15/9-F-12,3420717,VOLVE,369304,MÆRSK INSPIRER,24.0,100.0,%,production,OP,32.0,409.390794574875,289.89608338262497,11.009456876875,409.390794574875,177.180243125,2483.6572747,2092.274492432,7792.194016599999,0.8424167511939524,0.7583015553365611,0,0,0,0,0,0,0,0
2015-11-06,NO 15/9-F-12 H,5599,15/9-F-12,3420717,VOLVE,369304,MÆRSK INSPIRER,24.0,100.0,%,production,OP,32.0,399.315406591,287.57246282250003,10.54758034425,399.315406591,177.426229625,2287.7925913000004,1963.775246689,7880.2513566,0.8583711889604106,0.7750017011115992,0,0,0,0,0,0,0,0
2015-11-07,NO 15/9-F-12 H,5599,15/9-F-12,3420717,VOLVE,369304,MÆRSK INSPIRER,24.0,100.0,%,production,OP,32.0,396.08528644437496,286.615994623375,8.177940435375001,396.08528644437496,177.125036,2250.9972028,1942.4501119470003,7849.6199819,0.8629287097872889,0.777142608056692,0,0,0,0,0,0,0,0
2015-11-08,NO 15/9-F-12 H,5599,15/9-F-12,3420717,VOLVE,369304,MÆRSK INSPIRER,24.0,100.0,%,production,OP,32.0,397.976497358875,284.16470436375,10.35917598225,397.976497358875,175.029023,2189.7344534,1890.496537895,7952.8986621,0.8633451124448569,0.784105919196304,0,0,0,0,0,0,0,0
2015-11-09,NO 15/9-F-12 H,5599,15/9-F-12,3420717,VOLVE,369304,MÆRSK INSPIRER,24.0,100.0,%,production,OP,32.0,398.0181262865,282.74198431900004,9.922025407,398.0181262865,173.43991999999997,2025.5075143,1746.945813865,7898.5547037,0.8624731340326482,0.795899353530232,0,0,0,0,0,0,0,0
2015-11-10,NO 15/9-F-12 H,5599,15/9-F-12,3420717,VOLVE,369304,MÆRSK INSPIRER,24.0,100.0,%,production,OP,32.0,393.7526312255,285.630521845875,8.255964836125,393.7526312255,176.53696662500002,2006.8267786,1740.633664387,7986.2346551,0.8673562077945255,0.7991779804502854,0,0,0,0,0,0,0,0
2015-11-11,NO 15/9-F-12 H,5599,15/9-F-12,3420717,VOLVE,369304,MÆRSK INSPIRER,24.0,100.0,%,production,OP,32.0,384.652061769375,287.478438917375,10.32029371175,384.652061769375,176.621761625,2112.3068923,1800.496671798,8216.7561916,0.8523840348963292,0.7954986938174022,0,0,0,0,0,0,0,0
2015-11-12,NO 15/9-F-12 H,5599,15/9-F-12,3420717,VOLVE,369304,MÆRSK INSPIRER,24.0,100.0,%,production,OP,32.0,386.30481510375,286.38332345512504,11.633065887625,386.30481510375,175.581417875,2476.4868913,2120.727899369,8319.091400300002,0.8563452957571487,0.7706017385630054,0,0,0,0,0,0,0,0
2015-11-13,NO 15/9-F-12 H,5599,15/9-F-12,3420717,VOLVE,369304,MÆRSK INSPIRER,24.0,100.0,%,production,OP,32.0,390.243652572383,285.96427453519146,11.069059458638298,390.243652572383,174.71722272340426,2459.1270157000004,2110.432251731,8234.4934558,0.858203841549135,0.7700379378290151,0,0,0,0,0,0,0,0
2015-11-14,NO 15/9-F-12 H,5599,15/9-F-12,3420717,VOLVE,369304,MÆRSK INSPIRER,24.0,100.0,%,production,OP,32.0,383.37678795975,286.25485906825,8.88241115275,383.37678795975,177.44023475,2511.7727254,2158.920747419,8344.7538251,0.8595207383164781,0.768639378928768,0,0,0,0,0,0,0,0
2015-11-15,NO 15/9-F-12 H,5599,15/9-F-12,3420717,VOLVE,369304,MÆRSK INSPIRER,24.0,100.0,%,production,OP,32.0,385.1516121796596,290.6640334266383,6.878822147106383,385.1516121796596,179.3827545531915,2524.9813264,2136.402682111,8838.3781139,0.8461063294899622,0.7777962283367374,0,0,0,0,0,0,0,0
2015-11-16,NO 15/9-F-12 H,5599,15/9-F-12,3420717,VOLVE,369304,MÆRSK INSPIRER,24.0,97.91666666666669,%,production,OP,32.0,393.55463249693616,286.61436262442555,11.65129464406117,393.55463249693616,175.08575625531915,2520.5784594,2136.293559688,8339.533282800001,0.8475409887445141,0.767904924071307,0,0,0,0,0,0,0,0
2015-11-17,NO 15/9-F-12 H,5599,15/9-F-12,3420717,VOLVE,369304,MÆRSK INSPIRER,24.0,100.0,%,production,OP,32.0,393.019998963125,286.02653299675,11.465389873125,393.019998963125,174.06826512499998,2507.6843489000003,2124.905981526,8043.5977223,0.8473578353105299,0.7623336830559397,0,0,0,0,0,0,0,0
2015-11-18,NO 15/9-F-12 H,5599,15/9-F-12,3420717,VOLVE,369304,MÆRSK INSPIRER,24.0,100.0,%,production,OP,32.0,384.537113111125,288.009664765375,7.69511799825,384.537113111125,178.73446925,2481.2042488,2157.78114205,8059.762534,0.8696507524898769,0.7646132181301765,0,0,0,0,0,0,0,0
2015-11-19,NO 15/9-F-12 H,5599,15/9-F-12,3420717,VOLVE,369304,MÆRSK INSPIRER,24.0,100.0,%,production,OP,32.0,379.999079561625,287.514970363625,6.10904286275,379.999079561625,179.34545037499998,2557.4367460000003,2218.0979433560005,8082.5945443,0.8673129244839591,0.7596401104260387,0,0,0,0,0,0,0,0
2015-11-20,NO 15/9-F-12 H,5599,15/9-F-12,3420717,VOLVE,369304,MÆRSK INSPIRER,24.0,100.0,%,production,OP,32.0,391.88138418737503,285.63333800037503,7.800902067875,391.88138418737503,177.58694899999998,2448.4972368,2120.923542807,7910.190852199999,0.8662143909865654,0.7636286356184346,0,0,0,0,0,0,0,0
2015-11-21,NO 15/9-F-12 H,5599,15/9-F-12,3420717,VOLVE,369304,MÆRSK INSPIRER,24.0,100.0,%,production,OP,32.0,402.95218005175,281.916926591125,6.44495087075,402.95218005175,176.943309875,2516.3642867,2172.4642880160004,7745.901015,0.8633345734154432,0.7547944617760807,0,0,0,0,0,0,0,0
2015-11-22,NO 15/9-F-12 H,5599,15/9-F-12,3420717,VOLVE,369304,MÆRSK INSPIRER,24.0,100.0,%,production,OP,32.0,404.203722018625,282.735919917625,5.406143390375,404.203722018625,177.583692875,2447.994052,2105.167536255,7865.3445069,0.8599561483963115,0.7626380596332234,0,0,0,0,0,0,0,0
2015-11-23,NO 15/9-F-12 H,5599,15/9-F-12,3420717,VOLVE,369304,MÆRSK INSPIRER,24.0,100.0,%,production,OP,32.0,405.818828927125,282.569398163875,9.870657782,405.818828927125,175.4686565,2454.283862,2096.7043684,7895.912983499999,0.8543039380503412,0.7628756342864088,0,0,0,0,0,0,0,0
2015-11-24,NO 15/9-F-12 H,5599,15/9-F-12,3420717,VOLVE,369304,MÆRSK INSPIRER,24.0,100.0,%,production,OP,32.0,403.459072753625,281.58960604137496,6.21695113475,403.459072753625,176.85670587500002,2432.5840175,2069.399395507,7565.3205699,0.8507000706326067,0.7566906148948752,0,0,0,0,0,0,0,0
2015-11-25,NO 15/9-F-12 H,5599,15/9-F-12,3420717,VOLVE,369304,MÆRSK INSPIRER,24.0,100.0,%,production,OP,32.0,403.866569101125,279.962962568625,6.398934543625,403.866569101125,176.727795125,2406.1039174,2052.809608888,7471.539502800001,0.8531674771163813,0.7564091134855644,0,0,0,0,0,0,0,0
2015-11-26,NO 15/9-F-12 H,5599,15/9-F-12,3420717,VOLVE,369304,MÆRSK INSPIRER,24.0,100.0,%,production,OP,32.0,405.0776575525,279.99412458725,9.432005459125,405.0776575525,174.78575187500002,2390.0020038,2044.5622138500005,7552.049070800001,0.8554646442133665,0.75960674654891,0,0,0,0,0,0,0,0
2015-11-27,NO 15/9-F-12 H,5599,15/9-F-12,3420717,VOLVE,369304,MÆRSK INSPIRER,24.0,100.0,%,production,OP,32.0,407.861214762,278.419069318125,9.01755030925,407.861214762,173.61990762500002,2371.6986567,2013.158263728,7436.0649744,0.8488254854978601,0.7581815033572541,0,0,0,0,0,0,0,0
2015-11-28,NO 15/9-F-12 H,5599,15/9-F-12,3420717,VOLVE,369304,MÆRSK INSPIRER,24.0,100.0,%,production,OP,32.0,406.959190202125,276.869156990625,8.9509597375,406.959190202125,173.65183175,2352.0115514,2025.477443676,7393.2313683,0.8611681530519545,0.758650290117919,0,0,0,0,0,0,0,0
2015-11-29,NO 15/9-F-12 H,5599,15/9-F-12,3420717,VOLVE,369304,MÆRSK INSPIRER,24.0,100.0,%,production,OP,32.0,405.48984950525,275.524237746375,7.652615821,405.48984950525,174.323234,2327.7957829,1992.580034891,7379.9598692,0.8559943486144719,0.7602127756072592,0,0,0,0,0,0,0,0
2015-11-30,NO 15/9-F-12 H,5599,15/9-F-12,3420717,VOLVE,369304,MÆRSK INSPIRER,24.0,100.0,%,production,OP,32.0,402.0447437615,275.153738175375,5.84796237625,402.0447437615,175.561706,2309.1150472,1973.208509353,7283.2854895,0.8545301853823544,0.7592766233681078,0,0,0,0,0,0,0,0
2015-12-01,NO 15/9-F-12 H,5599,15/9-F-12,3420717,VOLVE,369304,MÆRSK INSPIRER,24.0,100.0,%,production,OP,32.0,403.64953484225,276.17126132925,7.578184132375,403.64953484225,175.724100125,2275.9677485,1955.5702292910005,7204.159679699999,0.8592258087048197,0.7599222409469089,0,0,0,0,0,0,0,0
2015-12-02,NO 15/9-F-12 H,5599,15/9-F-12,3420717,VOLVE,369304,MÆRSK INSPIRER,24.0,100.0,%,production,OP,32.0,408.27298368725,274.920592612,9.146854707875,408.27298368725,172.590612875,2266.1556449,1932.555286154,7191.2655692,0.8527901825733947,0.7603833440852349,0,0,0,0,0,0,0,0
2015-12-03,NO 15/9-F-12 H,5599,15/9-F-12,3420717,VOLVE,369304,MÆRSK INSPIRER,24.0,100.0,%,production,OP,32.0,407.175538552125,275.7534612405,7.870671389124999,407.175538552125,175.21685825,2273.137334,1946.2411449920005,7228.249652,0.8561916237446304,0.7607573149741824,0,0,0,0,0,0,0,0
2015-12-04,NO 15/9-F-12 H,5599,15/9-F-12,3420717,VOLVE,369304,MÆRSK INSPIRER,24.0,100.0,%,production,OP,32.0,397.8271414567501,275.126894058875,8.33399830175,397.8271414567501,174.209018375,2233.7002253,1998.190128133,7460.406539099999,0.8945650385403129,0.7695816355661674,0,0,0,0,0,0,0,0
2015-12-05,NO 15/9-F-12 H,5599,15/9-F-12,3420717,VOLVE,369304,MÆRSK INSPIRER,24.0,100.0,%,production,OP,32.0,400.92314677775,275.35782174950003,10.16221437825,400.92314677775,171.740837375,2333.9597967,2020.676410211,7633.690804600001,0.8657717296879093,0.7658465479924026,0,0,0,0,0,0,0,0
2015-12-06,NO 15/9-F-12 H,5599,15/9-F-12,3420717,VOLVE,369304,MÆRSK INSPIRER,24.0,100.0,%,production,OP,32.0,397.401065137125,276.61034272287503,7.0655140835,397.401065137125,175.95839825000002,2301.2527847,1987.344277469,7792.068220399999,0.8635923400862187,0.7720024178823589,0,0,0,0,0,0,0,0
2015-12-07,NO 15/9-F-12 H,5599,15/9-F-12,3420717,VOLVE,369304,MÆRSK INSPIRER,24.0,100.0,%,production,OP,32.0,400.76321820975,278.98911096087505,7.772033462625001,400.76321820975,176.68925000000002,2322.5123425,2011.142853799,7907.108845300001,0.8659341941899713,0.7729620383920117,0,0,0,0,0,0,0,0
2015-12-08,NO 15/9-F-12 H,5599,15/9-F-12,3420717,VOLVE,369304,MÆRSK INSPIRER,24.0,100.0,%,production,OP,32.0,408.18584304387497,278.584128605375,11.843516025625,408.18584304387497,174.443620625,2313.8953028,2001.419304301,7940.9480231,0.8649567255178405,0.774360735774876,0,0,0,0,0,0,0,0
2015-12-09,NO 15/9-F-12 H,5599,15/9-F-12,3420717,VOLVE,369304,MÆRSK INSPIRER,11.33334,65.08565770833333,%,production,OP,32.0,405.214770914502,275.9622277678711,19.902102125753288,405.214770914502,173.42476105615998,977.9396588,856.0329189110001,4283.6122024,0.8753432905680624,0.8141347487208913,0,0,0,0,0,0,0,0
2015-12-10,NO 15/9-F-12 H,5599,15/9-F-12,3420717,VOLVE,369304,MÆRSK INSPIRER,24.0,100.0,%,production,OP,32.0,394.43211612575,279.74630299125,12.30843835625,394.43211612575,173.084666,2601.4025179,2198.6808618550003,9502.5820499,0.8451905642152989,0.785078830584396,0,0,0,0,0,0,0,0
2015-12-11,NO 15/9-F-12 H,5599,15/9-F-12,3420717,VOLVE,369304,MÆRSK INSPIRER,24.0,100.0,%,production,OP,32.0,392.9994972375,281.49908722125,8.827901037750001,392.9994972375,176.47086875,2420.2559899000003,2069.360549337,8331.2307336,0.8550172204810871,0.7748910404539737,0,0,0,0,0,0,0,0
2015-12-12,NO 15/9-F-12 H,5599,15/9-F-12,3420717,VOLVE,369304,MÆRSK INSPIRER,24.0,100.0,%,production,OP,32.0,391.15148649562497,282.309193948625,6.313041831375,391.15148649562497,178.3507835,2376.2273199,2023.339138591,7803.767267,0.8514922464051753,0.7665787246136831,0,0,0,0,0,0,0,0
2015-12-13,NO 15/9-F-12 H,5599,15/9-F-12,3420717,VOLVE,369304,MÆRSK INSPIRER,24.0,100.0,%,production,OP,32.0,390.6236781055,281.819204217,6.996031816625,390.6236781055,178.160044625,2338.4255618,1987.016203906,7644.006093,0.8497239494664509,0.7657458981273787,0,0,0,0,0,0,0,0
2015-12-14,NO 15/9-F-12 H,5599,15/9-F-12,3420717,VOLVE,369304,MÆRSK INSPIRER,24.0,100.0,%,production,OP,32.0,392.65849476975,280.77800360962505,10.14791604875,392.65849476975,176.12411487499998,2318.5497622000003,1975.520562762,7652.8747251,0.8520501025983974,0.767480587637905,0,0,0,0,0,0,0,0
2015-12-15,NO 15/9-F-12 H,5599,15/9-F-12,3420717,VOLVE,369304,MÆRSK INSPIRER,24.0,100.0,%,production,OP,32.0,391.674378701875,278.850581541125,10.49780813725,391.674378701875,175.035333875,2305.5298555,1959.650489729,7893.7744481,0.8499783618304136,0.773952243518587,0,0,0,0,0,0,0,0
2015-12-16,NO 15/9-F-12 H,5599,15/9-F-12,3420717,VOLVE,369304,MÆRSK INSPIRER,24.0,100.0,%,production,OP,32.0,391.9432096565,277.1363260515,11.323808612125,391.9432096565,175.05839825,2274.7097865,1945.233969748,7828.234627899999,0.8551569880661785,0.7748468472955474,0,0,0,0,0,0,0,0
2015-12-17,NO 15/9-F-12 H,5599,15/9-F-12,3420717,VOLVE,369304,MÆRSK INSPIRER,24.0,100.0,%,production,OP,32.0,391.643008191125,278.01570353200003,11.221369481375,391.643008191125,174.205247375,2293.5163184,1949.579090436,7825.592907700001,0.8500393368886353,0.7733480025608991,0,0,0,0,0,0,0,0
2015-12-18,NO 15/9-F-12 H,5599,15/9-F-12,3420717,VOLVE,369304,MÆRSK INSPIRER,24.0,100.0,%,production,OP,32.0,392.119615145625,276.678504539625,12.038797606125,392.119615145625,172.41691475000002,2258.8594653,1929.40804009,7833.203577800001,0.854151428952998,0.7761746576836542,0,0,0,0,0,0,0,0
2015-12-19,NO 15/9-F-12 H,5599,15/9-F-12,3420717,VOLVE,369304,MÆRSK INSPIRER,24.0,100.0,%,production,OP,32.0,390.93277221325,275.96312273437496,11.557120364875,390.93277221325,173.261459,2241.8769783,1911.7051341270003,7708.3508493,0.8527252621937502,0.7746908897822954,0,0,0,0,0,0,0,0
2015-12-20,NO 15/9-F-12 H,5599,15/9-F-12,3420717,VOLVE,369304,MÆRSK INSPIRER,24.0,100.0,%,production,OP,32.0,390.306005604375,275.01584027525,11.5085840025,390.306005604375,172.530055625,2208.7925777,1893.280395696,7663.504504,0.8571562648347268,0.7762635626318036,0,0,0,0,0,0,0,0
2015-12-21,NO 15/9-F-12 H,5599,15/9-F-12,3420717,VOLVE,369304,MÆRSK INSPIRER,24.0,100.0,%,production,OP,32.0,389.965305299125,273.70508352325,11.3948258645,389.965305299125,171.86244874999997,2197.659614,1876.921920362,7615.072967,0.854054881113177,0.7760399974360618,0,0,0,0,0,0,0,0
2015-12-22,NO 15/9-F-12 H,5599,15/9-F-12,3420717,VOLVE,369304,MÆRSK INSPIRER,24.0,100.0,%,production,OP,32.0,389.764179895875,273.547502757875,11.02222928575,389.764179895875,173.022736625,2173.6325398,1859.606769805,7578.8436614,0.8555295045298255,0.7771199339576401,0,0,0,0,0,0,0,0
2015-12-23,NO 15/9-F-12 H,5599,15/9-F-12,3420717,VOLVE,369304,MÆRSK INSPIRER,24.0,97.91666666666669,%,production,OP,32.0,386.217048984,272.6159645079575,11.79385137561702,386.217048984,171.62510459574466,2167.0911374,1863.0238201770003,7642.811029099999,0.8596887265259138,0.7790914628281985,0,0,0,0,0,0,0,0
2015-12-24,NO 15/9-F-12 H,5599,15/9-F-12,3420717,VOLVE,369304,MÆRSK INSPIRER,24.0,100.0,%,production,OP,32.0,384.98985224975,272.06130743675004,11.806912060375,384.98985224975,172.160082125,2149.6683637,1855.450935909,7561.169295300001,0.8631335731784255,0.7786320357536111,0,0,0,0,0,0,0,0
2015-12-25,NO 15/9-F-12 H,5599,15/9-F-12,3420717,VOLVE,369304,MÆRSK INSPIRER,24.0,100.0,%,production,OP,32.0,381.34453967675,272.556772352875,8.16875167375,381.34453967675,174.5368535,2143.7559423,1837.330610192,7494.8117998,0.8570614657845608,0.7775856330877506,0,0,0,0,0,0,0,0
2015-12-26,NO 15/9-F-12 H,5599,15/9-F-12,3420717,VOLVE,369304,MÆRSK INSPIRER,24.0,100.0,%,production,OP,32.0,382.087076825875,272.0318103335,9.461635513875,382.087076825875,174.146462375,2122.9995693,1832.32086685,7509.7815476,0.8630811298064262,0.7796067881605495,0,0,0,0,0,0,0,0
2015-12-27,NO 15/9-F-12 H,5599,15/9-F-12,3420717,VOLVE,369304,MÆRSK INSPIRER,24.0,100.0,%,production,OP,32.0,383.563539492875,270.64121620575,9.013818602375,383.563539492875,173.411022125,2075.3228095,1821.9224534350003,7356.1214893,0.8778983419326218,0.7799570517779497,0,0,0,0,0,0,0,0
2015-12-28,NO 15/9-F-12 H,5599,15/9-F-12,3420717,VOLVE,369304,MÆRSK INSPIRER,24.0,97.91666666666669,%,production,OP,32.0,383.6763442760426,270.6287093784255,11.36378593238298,383.6763442760426,173.27481685106383,2091.6763155000003,1810.4434102,7424.6175202,0.865546641602253,0.7802005327270204,0,0,0,0,0,0,0,0
2015-12-29,NO 15/9-F-12 H,5599,15/9-F-12,3420717,VOLVE,369304,MÆRSK INSPIRER,24.0,100.0,%,production,OP,32.0,384.42489298025,269.385168996,12.009572449125,384.42489298025,172.39523075,2080.7320461,1806.878391235,7371.3428295,0.8683859099597688,0.7798650483111077,0,0,0,0,0,0,0,0
2015-12-30,NO 15/9-F-12 H,5599,15/9-F-12,3420717,VOLVE,369304,MÆRSK INSPIRER,24.0,100.0,%,production,OP,32.0,385.434738185,268.85131433425005,12.8788305075,385.434738185,171.9333125,2079.5998803,1801.626035904,7322.9741906,0.8663330157742171,0.7788265357317261,0,0,0,0,0,0,0,0
2015-12-31,NO 15/9-F-12 H,5599,15/9-F-12,3420717,VOLVE,369304,MÆRSK INSPIRER,24.0,100.0,%,production,OP,32.0,384.24237776537495,269.68676947375,11.5292277445,384.24237776537495,173.19126875,2063.1834762,1791.5631121390002,7328.257630999999,0.8683489048868916,0.7803123660522931,0,0,0,0,0,0,0,0
2016-01-01,NO 15/9-F-12 H,5599,15/9-F-12,3420717,VOLVE,369304,MÆRSK INSPIRER,24.0,100.0,%,production,OP,32.0,382.696200166375,270.791771693,9.960330547125,382.696200166375,174.668459375,2055.6357042,1776.163077763,7301.4001423,0.8640456449233725,0.7803112291197527,0,0,0,0,0,0,0,0
2016-01-02,NO 15/9-F-12 H,5599,15/9-F-12,3420717,VOLVE,369304,MÆRSK INSPIRER,24.0,100.0,%,production,OP,32.0,387.55216607675,267.759296037625,12.346480615,387.55216607675,171.09001925,2012.110219,1753.877030034,7226.174014699999,0.8716605151509347,0.7821987104856445,0,0,0,0,0,0,0,0
2016-01-03,NO 15/9-F-12 H,5599,15/9-F-12,3420717,VOLVE,369304,MÆRSK INSPIRER,21.66667,70.95083166666667,%,production,OP,32.0,548.5718254703613,246.14856909346352,35.00520708022055,548.5718254703613,148.16556672619282,1420.0504037,1232.7485965439998,5317.9085588,0.8681020006980191,0.7892462077012835,0,0,0,0,0,0,0,0
2016-01-04,NO 15/9-F-12 H,5599,15/9-F-12,3420717,VOLVE,369304,MÆRSK INSPIRER,24.0,76.121146875,%,production,OP,32.0,488.12816285175,237.35582917425,82.132689727125,488.12816285175,146.55631475,1600.8824412,1458.2968756510002,7078.2376835,0.9109331441963224,0.8155478414633263,0,0,0,0,0,0,0,0
2016-01-05,NO 15/9-F-12 H,5599,15/9-F-12,3420717,VOLVE,369304,MÆRSK INSPIRER,24.0,100.0,%,production,OP,32.0,386.8890462975,267.059025379,13.058085389,386.8890462975,170.8317095,2034.1874521,1844.833218207,7899.8126657,0.906914068466247,0.7952297737086705,0,0,0,0,0,0,0,0
2016-01-06,NO 15/9-F-12 H,5599,15/9-F-12,3420717,VOLVE,369304,MÆRSK INSPIRER,24.0,100.0,%,production,OP,32.0,387.913220048,268.355613731375,12.313535837625,387.913220048,172.346931875,2006.2606957000005,1833.8182101300004,8503.5086295,0.9140478174448644,0.8091051636224355,0,0,0,0,0,0,0,0
2016-01-07,NO 15/9-F-12 H,5599,15/9-F-12,3420717,VOLVE,369304,MÆRSK INSPIRER,24.0,100.0,%,production,OP,32.0,387.61074934225,268.10693097225,13.500306251,387.61074934225,170.212285625,2016.0727993,1831.718044921,7906.2282719,0.90855749135497,0.7968139865104722,0,0,0,0,0,0,0,0
2016-01-08,NO 15/9-F-12 H,5599,15/9-F-12,3420717,VOLVE,369304,MÆRSK INSPIRER,24.0,100.0,%,production,OP,32.0,388.6383254425,270.215315140375,11.429293540875,388.6383254425,172.536279875,2030.4764642,1824.850042065,8037.3708104,0.8987299652271439,0.7983206927142553,0,0,0,0,0,0,0,0
2016-01-09,NO 15/9-F-12 H,5599,15/9-F-12,3420717,VOLVE,369304,MÆRSK INSPIRER,24.0,100.0,%,production,OP,32.0,390.921516660125,270.428998417125,13.00910484775,390.921516660125,170.738901875,2037.4581533,1832.056359747,8043.8493147,0.8991872332590892,0.7978974294983779,0,0,0,0,0,0,0,0
2016-01-10,NO 15/9-F-12 H,5599,15/9-F-12,3420717,VOLVE,369304,MÆRSK INSPIRER,24.0,100.0,%,production,OP,32.0,391.184960057375,271.275618461,12.71791688975,391.184960057375,171.02108037500005,2043.7479633,1839.813939896,8108.760153900001,0.9002156689248945,0.7986952642926176,0,0,0,0,0,0,0,0
2016-01-11,NO 15/9-F-12 H,5599,15/9-F-12,3420717,VOLVE,369304,MÆRSK INSPIRER,24.0,100.0,%,production,OP,32.0,392.72814926925,274.14257856375,11.70413752925,392.72814926925,174.555726875,2064.2527439,1851.462140544,8149.5181227,0.8969164003851708,0.7978951387434878,0,0,0,0,0,0,0,0
2016-01-12,NO 15/9-F-12 H,5599,15/9-F-12,3420717,VOLVE,369304,MÆRSK INSPIRER,24.0,100.0,%,production,OP,32.0,390.465360063625,277.083281424625,8.423492791,390.465360063625,176.98497912500002,2074.5051342,1856.738156724,8316.5754763,0.8950270240907462,0.8003571320480615,0,0,0,0,0,0,0,0
2016-01-13,NO 15/9-F-12 H,5599,15/9-F-12,3420717,VOLVE,369304,MÆRSK INSPIRER,23.33333,90.16815625,%,production,OP,32.0,412.9190676815783,274.0342366629419,26.94067657068135,412.9190676815783,174.7834821114843,1854.4875804,1660.4813023850004,8140.335000100001,0.8953855069910182,0.8144551776218496,0,0,0,0,0,0,0,0
2016-01-14,NO 15/9-F-12 H,5599,15/9-F-12,3420717,VOLVE,369304,MÆRSK INSPIRER,24.0,100.0,%,production,OP,32.0,394.55325911525,278.073307791,8.951053407875,394.55325911525,176.433750875,2094.1922395,1813.537331067,8518.667071599999,0.8659841713003349,0.8026740788592494,0,0,0,0,0,0,0,0
2016-01-15,NO 15/9-F-12 H,5599,15/9-F-12,3420717,VOLVE,369304,MÆRSK INSPIRER,24.0,100.0,%,production,OP,32.0,389.705512024875,277.21652602225004,8.88091847,389.705512024875,176.1230495,2093.1229718,1829.794806359,8962.664759500001,0.8741936479658676,0.8106762699618258,0,0,0,0,0,0,0,0
2016-01-16,NO 15/9-F-12 H,5599,15/9-F-12,3420717,VOLVE,369304,MÆRSK INSPIRER,24.0,100.0,%,production,OP,32.0,385.72233947412496,275.785856082125,7.821872145374999,385.72233947412496,177.093723125,2081.3610271,1813.7746458510003,8542.3167572,0.8714368253441196,0.8040828167646519,0,0,0,0,0,0,0,0
2016-01-17,NO 15/9-F-12 H,5599,15/9-F-12,3420717,VOLVE,369304,MÆRSK INSPIRER,24.0,100.0,%,production,OP,32.0,383.0752237415,278.860163114,6.866026401,383.0752237415,178.17015874999998,2059.7240807000003,1794.594879134,8261.665435,0.8712792630574597,0.8004412024595209,0,0,0,0,0,0,0,0
2016-01-18,NO 15/9-F-12 H,5599,15/9-F-12,3420717,VOLVE,369304,MÆRSK INSPIRER,24.0,100.0,%,production,OP,32.0,386.177477783,276.14543852199995,8.867801595875,386.177477783,177.050338625,2044.3140462,1786.99798087,8569.9919212,0.8741308529341161,0.8074001208860235,0,0,0,0,0,0,0,0
2016-01-19,NO 15/9-F-12 H,5599,15/9-F-12,3420717,VOLVE,369304,MÆRSK INSPIRER,24.0,100.0,%,production,OP,32.0,387.478229934625,274.539423683125,6.78088305175,387.478229934625,177.25918099999998,1983.2399911,1728.319781644,8617.2283943,0.8714627525665166,0.812910154627553,0,0,0,0,0,0,0,0
2016-01-20,NO 15/9-F-12 H,5599,15/9-F-12,3420717,VOLVE,369304,MÆRSK INSPIRER,20.83333,84.532310625,%,production,OP,32.0,405.20863479107015,270.1869223145132,15.926469314153756,405.20863479107015,174.29104191224735,1661.6420058,1513.3535523920002,7804.8365347,0.9107578811257806,0.8244709478090428,0,0,0,0,0,0,0,0
2016-01-21,NO 15/9-F-12 H,5599,15/9-F-12,3420717,VOLVE,369304,MÆRSK INSPIRER,24.0,100.0,%,production,OP,32.0,411.250018567125,272.55223991537497,10.449428899375,411.250018567125,174.02100987499998,1910.9700742,1666.448780391,8480.4250268,0.8720433683864122,0.8161007202953816,0,0,0,0,0,0,0,0
2016-01-22,NO 15/9-F-12 H,5599,15/9-F-12,3420717,VOLVE,369304,MÆRSK INSPIRER,24.0,100.0,%,production,OP,32.0,408.92436143175,269.676220980875,12.81575710725,408.92436143175,171.09495725,1825.302862,1615.628101915,7720.741775,0.8851287835842993,0.8087896158661132,0,0,0,0,0,0,0,0
2016-01-23,NO 15/9-F-12 H,5599,15/9-F-12,3420717,VOLVE,369304,MÆRSK INSPIRER,24.0,100.0,%,production,OP,32.0,394.020452957375,271.83597881725,11.04982276525,394.020452957375,172.382658875,1882.7288273,1643.438781312,7962.396275200001,0.8729025430968924,0.8087653729436193,0,0,0,0,0,0,0,0
2016-01-24,NO 15/9-F-12 H,5599,15/9-F-12,3420717,VOLVE,369304,MÆRSK INSPIRER,24.0,100.0,%,production,OP,32.0,384.0258269665,273.42771647800004,11.030221483875,384.0258269665,175.6299875,1904.8689585,1655.1865694140004,7942.3946794,0.8689241126158024,0.8065585498118921,0,0,0,0,0,0,0,0
2016-01-25,NO 15/9-F-12 H,5599,15/9-F-12,3420717,VOLVE,369304,MÆRSK INSPIRER,22.66666,76.06704791666667,%,production,OP,32.0,436.42662404425886,264.89084867187404,50.84969002299382,436.42662404425886,166.75837193654556,1911.3474628,1425.895285254,6954.202630300001,0.7460157365449169,0.7844073472341453,0,0,0,0,0,0,0,0
2016-01-26,NO 15/9-F-12 H,5599,15/9-F-12,3420717,VOLVE,369304,MÆRSK INSPIRER,24.0,80.90737875,%,production,OP,32.0,443.758165086375,256.26240270225,55.102217526875,443.758165086375,160.182809,1708.6268865,1522.886049363,7336.497282100001,0.8912923362001655,0.8110996759523247,0,0,0,0,0,0,0,0
2016-01-27,NO 15/9-F-12 H,5599,15/9-F-12,3420717,VOLVE,369304,MÆRSK INSPIRER,24.0,100.0,%,production,OP,32.0,379.7255469585,272.62334177325,6.209720386125,379.7255469585,176.545232,1937.0727857,1678.3830301090002,7962.207580900001,0.8664532600423079,0.8043218583609725,0,0,0,0,0,0,0,0
2016-01-28,NO 15/9-F-12 H,5599,15/9-F-12,3420717,VOLVE,369304,MÆRSK INSPIRER,24.0,100.0,%,production,OP,32.0,383.4131139355,269.60582618325,10.220546848875,383.4131139355,173.01769287500002,1848.3235666,1622.580153757,7908.807094000001,0.8778658580552234,0.8105668940087414,0,0,0,0,0,0,0,0
2016-01-29,NO 15/9-F-12 H,5599,15/9-F-12,3420717,VOLVE,369304,MÆRSK INSPIRER,24.0,100.0,%,production,OP,32.0,385.222145714875,267.828642331375,11.900836251875,385.222145714875,170.9620835,1857.0664025,1620.096117759,7901.8254049,0.8723953626957073,0.8097051961277183,0,0,0,0,0,0,0,0
2016-01-30,NO 15/9-F-12 H,5599,15/9-F-12,3420717,VOLVE,369304,MÆRSK INSPIRER,24.0,100.0,%,production,OP,32.0,384.841632478625,267.00172932575003,10.987402036,384.841632478625,171.226551125,1847.2542989,1609.5861098920002,7863.8978506,0.8713397559017585,0.8097801094595033,0,0,0,0,0,0,0,0
2016-01-31,NO 15/9-F-12 H,5599,15/9-F-12,3420717,VOLVE,369304,MÆRSK INSPIRER,24.0,100.0,%,production,OP,32.0,379.4822698865,269.023882359625,6.1245407773750005,379.4822698865,175.938896375,1820.3339121,1587.6090657880002,7772.5698094,0.8721526612425077,0.8102416155787955,0,0,0,0,0,0,0,0
2016-02-01,NO 15/9-F-12 H,5599,15/9-F-12,3420717,VOLVE,369304,MÆRSK INSPIRER,24.0,100.0,%,production,OP,32.0,384.79641990375,267.931413840875,10.83888916725,384.79641990375,171.76986725,1802.5966479,1581.3325841570002,7778.608027,0.8772525933625976,0.8118611689172778,0,0,0,0,0,0,0,0
2016-02-02,NO 15/9-F-12 H,5599,15/9-F-12,3420717,VOLVE,369304,MÆRSK INSPIRER,24.0,100.0,%,production,OP,32.0,385.05372940225,265.81079813475003,9.965706018,385.05372940225,170.82400775000002,1803.4772213,1572.2125628820002,7730.4909805,0.871767352708066,0.8108366649513781,0,0,0,0,0,0,0,0
2016-02-03,NO 15/9-F-12 H,5599,15/9-F-12,3420717,VOLVE,369304,MÆRSK INSPIRER,24.0,100.0,%,production,OP,32.0,383.7820906075,266.82582240475,7.910366476750001,383.7820906075,174.61256225,1772.6571523,1560.836638571,7634.571378,0.8805067785080913,0.811564357494835,0,0,0,0,0,0,0,0
2016-02-04,NO 15/9-F-12 H,5599,15/9-F-12,3420717,VOLVE,369304,MÆRSK INSPIRER,23.58333,83.147526875,%,production,OP,32.0,418.900091769329,262.33508773140534,40.67793425047186,418.900091769329,169.44107742389815,1533.0153913,1355.8680008890003,6806.643687700001,0.8844451325040004,0.8161776906252357,0,0,0,0,0,0,0,0
2016-02-05,NO 15/9-F-12 H,5599,15/9-F-12,3420717,VOLVE,369304,MÆRSK INSPIRER,24.0,99.95452145833332,%,production,OP,32.0,387.99669546025,266.49040994325,11.9181713145,387.99669546025,170.7799835,1815.5536565,1607.3566928810003,7955.4145861,0.8853259098823005,0.8141889717147528,0,0,0,0,0,0,0,0
2016-02-06,NO 15/9-F-12 H,5599,15/9-F-12,3420717,VOLVE,369304,MÆRSK INSPIRER,24.0,100.0,%,production,OP,32.0,384.2416193375,267.18110507225003,10.6071970055,384.2416193375,172.387324625,1784.6706894,1552.933561858,7764.2672602,0.870151323200187,0.8131027032723823,0,0,0,0,0,0,0,0
2016-02-07,NO 15/9-F-12 H,5599,15/9-F-12,3420717,VOLVE,369304,MÆRSK INSPIRER,24.0,100.0,%,production,OP,32.0,387.844931323,265.795686988125,12.550089794000002,387.844931323,169.776221375,1744.4788035,1553.5377963750002,7704.576963300001,0.8905455275570507,0.8153806214553879,0,0,0,0,0,0,0,0
2016-02-08,NO 15/9-F-12 H,5599,15/9-F-12,3420717,VOLVE,369304,MÆRSK INSPIRER,24.0,100.0,%,production,OP,32.0,386.9605258585,266.706438001,9.36612496925,386.9605258585,172.269485,1741.019408,1552.9935968480002,7651.176476400001,0.8920024611511971,0.8146312715973321,0,0,0,0,0,0,0,0
2016-02-09,NO 15/9-F-12 H,5599,15/9-F-12,3420717,VOLVE,369304,MÆRSK INSPIRER,24.0,100.0,%,production,OP,32.0,387.96018214375,267.61575072037505,7.907674208874999,387.96018214375,174.22397975,1749.5106515,1568.6376558010002,7699.8596058,0.8966150931725265,0.8148542597165735,0,0,0,0,0,0,0,0
2016-02-10,NO 15/9-F-12 H,5599,15/9-F-12,3420717,VOLVE,369304,MÆRSK INSPIRER,24.0,100.0,%,production,OP,32.0,389.83883518475,268.40291727075,4.816551833875001,389.83883518475,175.94398775,1727.7479089,1504.402335383,7565.6979585,0.870730230743444,0.8140896354751818,0,0,0,0,0,0,0,0
2016-02-11,NO 15/9-F-12 H,5599,15/9-F-12,3420717,VOLVE,369304,MÆRSK INSPIRER,24.0,100.0,%,production,OP,32.0,399.234889349625,266.499236109875,5.7956338745,399.234889349625,174.173517125,1751.1460021000005,1530.9755876920003,7416.755257700001,0.8742706695250034,0.808991616240618,0,0,0,0,0,0,0,0
2016-02-12,NO 15/9-F-12 H,5599,15/9-F-12,3420717,VOLVE,369304,MÆRSK INSPIRER,24.0,100.0,%,production,OP,32.0,403.43736842125,265.15564335899995,8.999308759125,403.43736842125,171.270370625,1654.7861128999998,1440.134878588,7443.8014407,0.870284604977845,0.8181271430151532,0,0,0,0,0,0,0,0
2016-02-13,NO 15/9-F-12 H,5599,15/9-F-12,3420717,VOLVE,369304,MÆRSK INSPIRER,24.0,100.0,%,production,OP,32.0,401.0394128645,267.333265042375,5.590347693625,401.0394128645,174.635629625,1606.7319645,1403.0858736710002,7431.913699799999,0.8732544722278102,0.8222375315755411,0,0,0,0,0,0,0,0
2016-02-14,NO 15/9-F-12 H,5599,15/9-F-12,3420717,VOLVE,369304,MÆRSK INSPIRER,24.0,100.0,%,production,OP,32.0,404.2210147785,265.931889756625,6.396384292125,404.2210147785,174.06112925,1636.9859506,1441.237756669,7277.7504567,0.880421579758059,0.8163730394474117,0,0,0,0,0,0,0,0
2016-02-15,NO 15/9-F-12 H,5599,15/9-F-12,3420717,VOLVE,369304,MÆRSK INSPIRER,24.0,100.0,%,production,OP,32.0,402.104680715,265.037682140625,5.5559102335,402.104680715,174.269716625,1631.5767139999998,1429.654535069,7251.647745200001,0.8762410757653166,0.816330576639855,0,0,0,0,0,0,0,0
2016-02-16,NO 15/9-F-12 H,5599,15/9-F-12,3420717,VOLVE,369304,MÆRSK INSPIRER,24.0,100.0,%,production,OP,32.0,408.34390726925,263.5568532255,14.4981072585,408.34390726925,168.78707187499998,1613.9023478999998,1420.7778320770003,7223.720988800001,0.880336926162669,0.8173827638480645,0,0,0,0,0,0,0,0
2016-02-17,NO 15/9-F-12 H,5599,15/9-F-12,3420717,VOLVE,369304,MÆRSK INSPIRER,24.0,100.0,%,production,OP,32.0,409.672017213625,262.39605972225,15.562471643125,409.672017213625,168.409853375,1609.1849904,1409.357764391,7145.9789372,0.8758208489383633,0.8162016149889365,0,0,0,0,0,0,0,0
2016-02-18,NO 15/9-F-12 H,5599,15/9-F-12,3420717,VOLVE,369304,MÆRSK INSPIRER,24.0,100.0,%,production,OP,32.0,404.56221063025,266.23134488062504,9.813956988875,404.56221063025,173.583240875,1579.9373739,1394.783034554,7109.938325900001,0.8828090642042632,0.8181864242389149,0,0,0,0,0,0,0,0
2016-02-19,NO 15/9-F-12 H,5599,15/9-F-12,3420717,VOLVE,369304,MÆRSK INSPIRER,24.0,100.0,%,production,OP,32.0,406.58349645775,263.93907972312496,15.435354901,406.58349645775,169.801427,1527.3545623,1348.463920887,7249.635005999999,0.8828754987030558,0.8259819553829285,0,0,0,0,0,0,0,0
2016-02-20,NO 15/9-F-12 H,5599,15/9-F-12,3420717,VOLVE,369304,MÆRSK INSPIRER,24.0,100.0,%,production,OP,32.0,399.77127008987503,263.1832836835,11.248334462875,399.77127008987503,171.97128425,1578.6794119,1377.300845466,7386.123883,0.8724385933483269,0.823902504051807,0,0,0,0,0,0,0,0
2016-02-21,NO 15/9-F-12 H,5599,15/9-F-12,3420717,VOLVE,369304,MÆRSK INSPIRER,24.0,100.0,%,production,OP,32.0,399.8585376415,263.26836357862504,11.02134697125,399.8585376415,173.075122625,1502.9500995,1341.407337533,7438.329306,0.8925162172578174,0.8319088319088319,0,0,0,0,0,0,0,0
2016-02-22,NO 15/9-F-12 H,5599,15/9-F-12,3420717,VOLVE,369304,MÆRSK INSPIRER,24.0,100.0,%,production,OP,32.0,391.183222623,265.67423881450003,9.3808040235,391.183222623,175.84294624999998,1531.6945312,1379.783468876,7658.5984522,0.9008215677280078,0.8333356146570485,0,0,0,0,0,0,0,0
2016-02-23,NO 15/9-F-12 H,5599,15/9-F-12,3420717,VOLVE,369304,MÆRSK INSPIRER,24.0,100.0,%,production,OP,32.0,393.80885158025,266.110670243,10.946093400625,393.80885158025,175.369624625,1530.3107730000002,1374.2711973530002,7733.0069045,0.8980340605319649,0.8347988456968257,0,0,0,0,0,0,0,0
2016-02-24,NO 15/9-F-12 H,5599,15/9-F-12,3420717,VOLVE,369304,MÆRSK INSPIRER,24.0,100.0,%,production,OP,32.0,394.030031508625,267.64956572575,10.21350948425,394.030031508625,176.11254875,1525.278925,1363.5422383460002,7858.1741235,0.893962550715765,0.8374501457921373,0,0,0,0,0,0,0,0
2016-02-25,NO 15/9-F-12 H,5599,15/9-F-12,3420717,VOLVE,369304,MÆRSK INSPIRER,24.0,100.0,%,production,OP,32.0,399.93344372525,269.260218759,9.96974895225,399.93344372525,176.435161625,1557.5456503,1385.1484781,8017.4950108,0.8893148511141267,0.8373327377472395,0,0,0,0,0,0,0,0
2016-02-26,NO 15/9-F-12 H,5599,15/9-F-12,3420717,VOLVE,369304,MÆRSK INSPIRER,24.0,100.0,%,production,OP,32.0,384.0692175015,274.42916156525,9.774905507375,384.0692175015,179.323858625,1692.9652596,1535.923530309,8268.5213279,0.907238658087937,0.8300489344909234,0,0,0,0,0,0,0,0
2016-02-27,NO 15/9-F-12 H,5599,15/9-F-12,3420717,VOLVE,369304,MÆRSK INSPIRER,24.0,100.0,%,production,OP,32.0,386.840470654,275.68268873975,10.255053806375,386.840470654,179.88908,1682.4612769,1529.870237582,8286.2585921,0.9093048729185882,0.831225944854565,0,0,0,0,0,0,0,0
2016-02-28,NO 15/9-F-12 H,5599,15/9-F-12,3420717,VOLVE,369304,MÆRSK INSPIRER,24.0,100.0,%,production,OP,32.0,389.31326884037503,276.618767013375,9.570075591875,389.31326884037503,180.36185375,1702.3370765,1533.55497338,8309.3421948,0.9008527127500416,0.8299648809785579,0,0,0,0,0,0,0,0
2016-02-29,NO 15/9-F-12 H,5599,15/9-F-12,3420717,VOLVE,369304,MÆRSK INSPIRER,24.0,100.0,%,production,OP,32.0,396.59454810025,274.7798694925,16.391430288875,396.59454810025,177.293560625,1689.5058641,1524.219885582,8939.2666663,0.902169041238547,0.8410441225204753,0,0,0,0,0,0,0,0
2016-03-01,NO 15/9-F-12 H,5599,15/9-F-12,3420717,VOLVE,369304,MÆRSK INSPIRER,24.0,100.0,%,production,OP,32.0,397.509970545375,272.51493795475005,15.943027182125,397.509970545375,175.74615425,1716.1117604,1517.6220401810003,8560.054021400001,0.884337532788229,0.8330007712176671,0,0,0,0,0,0,0,0
2016-03-02,NO 15/9-F-12 H,5599,15/9-F-12,3420717,VOLVE,369304,MÆRSK INSPIRER,24.0,100.0,%,production,OP,32.0,391.6274377575,276.7261827605,9.51461970825,391.6274377575,179.517321125,1691.3299089999998,1498.434151083,8542.3167572,0.8859502472636757,0.8347285220833179,0,0,0,0,0,0,0,0
2016-03-03,NO 15/9-F-12 H,5599,15/9-F-12,3420717,VOLVE,369304,MÆRSK INSPIRER,24.0,100.0,%,production,OP,32.0,390.969415459625,277.21285474787504,9.293953456125,390.969415459625,180.37399175,1673.5926448,1492.5390682119998,8500.049234,0.8918174161731951,0.8354971931646759,0,0,0,0,0,0,0,0
2016-03-04,NO 15/9-F-12 H,5599,15/9-F-12,3420717,VOLVE,369304,MÆRSK INSPIRER,24.0,100.0,%,production,OP,32.0,392.288934924125,276.542060041125,11.422579490125,392.288934924125,179.3940815,1661.0759228999998,1479.160800411,8429.2259734,0.8904835594923306,0.8353789668563735,0,0,0,0,0,0,0,0
2016-03-05,NO 15/9-F-12 H,5599,15/9-F-12,3420717,VOLVE,369304,MÆRSK INSPIRER,24.0,100.0,%,production,OP,32.0,390.05649492,276.656041779375,10.165399171,390.05649492,179.513125625,1637.9923202000002,1464.004790612,8442.371676300001,0.8937800089522056,0.837506629644651,0,0,0,0,0,0,0,0
2016-03-06,NO 15/9-F-12 H,5599,15/9-F-12,3420717,VOLVE,369304,MÆRSK INSPIRER,24.0,100.0,%,production,OP,32.0,389.629212972,275.572601876125,9.55620935475,389.629212972,179.51888337500003,1635.4134981,1455.976699861,8423.942533,0.8902804713013149,0.8374236389442946,0,0,0,0,0,0,0,0
2016-03-07,NO 15/9-F-12 H,5599,15/9-F-12,3420717,VOLVE,369304,MÆRSK INSPIRER,24.0,100.0,%,production,OP,32.0,388.154656950375,274.86633933512496,7.792556339624999,388.154656950375,179.728736,1618.368113,1446.1058880640005,8366.5165677,0.893558070285583,0.8379181968793111,0,0,0,0,0,0,0,0
2016-03-08,NO 15/9-F-12 H,5599,15/9-F-12,3420717,VOLVE,369304,MÆRSK INSPIRER,24.0,100.0,%,production,OP,32.0,392.928706607,274.54406792075,11.623393666,392.928706607,177.595019375,1600.0647659,1435.8052963680002,8307.140761300001,0.8973419870041276,0.8384948448372187,0,0,0,0,0,0,0,0
2016-03-09,NO 15/9-F-12 H,5599,15/9-F-12,3420717,VOLVE,369304,MÆRSK INSPIRER,24.0,100.0,%,production,OP,32.0,393.57641609875,273.935165158875,11.24455441,393.57641609875,178.17241662499998,1579.3083929,1419.840226792,8259.7155939,0.8990265822527689,0.839485258393638,0,0,0,0,0,0,0,0
2016-03-10,NO 15/9-F-12 H,5599,15/9-F-12,3420717,VOLVE,369304,MÆRSK INSPIRER,24.0,100.0,%,production,OP,32.0,392.568163290375,274.086167846625,10.5576907015,392.568163290375,178.397474375,1578.6165138,1405.6465425680003,8228.266543900001,0.8904293919898055,0.8390297401822765,0,0,0,0,0,0,0,0
2016-03-11,NO 15/9-F-12 H,5599,15/9-F-12,3420717,VOLVE,369304,MÆRSK INSPIRER,24.0,100.0,%,production,OP,32.0,395.9620917715,272.36832266650003,13.6577087405,395.9620917715,176.55978012500003,1558.4262237,1396.921692786,8177.444879099999,0.8963669062687115,0.8399294518954957,0,0,0,0,0,0,0,0
2016-03-12,NO 15/9-F-12 H,5599,15/9-F-12,3420717,VOLVE,369304,MÆRSK INSPIRER,24.0,100.0,%,production,OP,32.0,390.961674056375,271.78864204,14.257280724375,390.961674056375,175.74287787499998,1554.4636434,1394.2285937640002,8660.1877966,0.896919397043262,0.847820197044335,0,0,0,0,0,0,0,0
2016-03-13,NO 15/9-F-12 H,5599,15/9-F-12,3420717,VOLVE,369304,MÆRSK INSPIRER,24.0,100.0,%,production,OP,32.0,398.75274677812496,272.642480746,12.58150865075,398.75274677812496,175.95591912499998,1499.1762135,1367.782474375,8164.7394629,0.9123560406429836,0.8448686574158444,0,0,0,0,0,0,0,0
2016-03-14,NO 15/9-F-12 H,5599,15/9-F-12,3420717,VOLVE,369304,MÆRSK INSPIRER,24.0,100.0,%,production,OP,32.0,380.78039322437496,276.07684763450004,7.758635577375,380.78039322437496,179.901679625,1542.1985139,1384.988502509,8341.1686334,0.8980611056397413,0.8439602120496649,0,0,0,0,0,0,0,0
2016-03-15,NO 15/9-F-12 H,5599,15/9-F-12,3420717,VOLVE,369304,MÆRSK INSPIRER,24.0,100.0,%,production,OP,32.0,379.9306548635,274.366354068,6.96496649,379.9306548635,180.264354125,1529.1786072,1376.885897741,8313.6192656,0.9004088150710823,0.8446398445887225,0,0,0,0,0,0,0,0
2016-03-16,NO 15/9-F-12 H,5599,15/9-F-12,3420717,VOLVE,369304,MÆRSK INSPIRER,24.0,100.0,%,production,OP,32.0,379.961901487625,274.94442719,6.96591528025,379.961901487625,180.339861125,1546.664279,1403.1116534020002,8278.962412500001,0.9071856591329476,0.8425887398777325,0,0,0,0,0,0,0,0
2016-03-17,NO 15/9-F-12 H,5599,15/9-F-12,3420717,VOLVE,369304,MÆRSK INSPIRER,24.0,100.0,%,production,OP,32.0,380.060231208375,310.9978402785,6.935575143625,380.060231208375,180.482422625,1468.8593293,1325.8593345640002,7764.7075469,0.9026455482267672,0.8409217858067328,0,0,0,0,0,0,0,0
2016-03-18,NO 15/9-F-12 H,5599,15/9-F-12,3420717,VOLVE,369304,MÆRSK INSPIRER,24.0,100.0,%,production,OP,32.0,382.3712334625,314.69506134737503,6.747264452,382.3712334625,180.19515275,1447.6626696,1327.6798073490002,8209.7745025,0.9171195992197878,0.85009867071336,0,0,0,0,0,0,0,0
2016-03-19,NO 15/9-F-12 H,5599,15/9-F-12,3420717,VOLVE,369304,MÆRSK INSPIRER,24.0,100.0,%,production,OP,32.0,380.924506607125,314.3825437385,7.252199140875,380.924506607125,180.0609995,1434.07668,1323.0504033260002,8297.2028615,0.9225799580856444,0.8526322593155156,0,0,0,0,0,0,0,0
2016-03-20,NO 15/9-F-12 H,5599,15/9-F-12,3420717,VOLVE,369304,MÆRSK INSPIRER,24.0,100.0,%,production,OP,32.0,382.44346540812495,313.71989231112497,6.843086223999999,382.44346540812495,179.882672375,1443.5742931,1316.280222189,8273.867666400001,0.9118202149210884,0.8514450305835141,0,0,0,0,0,0,0,0
2016-03-21,NO 15/9-F-12 H,5599,15/9-F-12,3420717,VOLVE,369304,MÆRSK INSPIRER,24.0,100.0,%,production,OP,32.0,385.13208618175,313.175836643375,6.232038108375,385.13208618175,179.68880825000002,1427.8497681,1310.016100703,8177.9480639,0.917474744171582,0.851355421686747,0,0,0,0,0,0,0,0
2016-03-22,NO 15/9-F-12 H,5599,15/9-F-12,3420717,VOLVE,369304,MÆRSK INSPIRER,24.0,100.0,%,production,OP,32.0,384.45462577025,314.19494312875,5.90754882125,384.45462577025,180.09072725,1382.8147285,1254.471727955,8115.2386582,0.9071871322312142,0.85441072268173,0,0,0,0,0,0,0,0
2016-03-23,NO 15/9-F-12 H,5599,15/9-F-12,3420717,VOLVE,369304,MÆRSK INSPIRER,24.0,100.0,%,production,OP,32.0,387.608038944625,315.94228843375,7.272117692875,387.608038944625,179.940239,1373.0026249,1237.604367794,8131.655062299999,0.9013852889641332,0.8555442320927524,0,0,0,0,0,0,0,0
2016-03-24,NO 15/9-F-12 H,5599,15/9-F-12,3420717,VOLVE,369304,MÆRSK INSPIRER,24.0,100.0,%,production,OP,32.0,392.81777066675,313.310468166875,11.546315033875,392.81777066675,176.62830649999998,1382.3115437,1258.603194708,8145.4926443,0.9105061738391672,0.8549181410087141,0,0,0,0,0,0,0,0
2016-03-25,NO 15/9-F-12 H,5599,15/9-F-12,3420717,VOLVE,369304,MÆRSK INSPIRER,24.0,100.0,%,production,OP,32.0,387.847412077125,313.13672170775,9.67225184125,387.847412077125,178.518123875,1389.419029,1271.8479729430005,8153.0404163,0.9153811387327704,0.8543961295340544,0,0,0,0,0,0,0,0
2016-03-26,NO 15/9-F-12 H,5599,15/9-F-12,3420717,VOLVE,369304,MÆRSK INSPIRER,24.0,100.0,%,production,OP,32.0,395.79830761,309.7390796495,13.858299316125,395.79830761,174.52028225,1362.5615403,1257.614383108,8040.0125306,0.9229780423944056,0.8550863274220846,0,0,0,0,0,0,0,0
2016-03-27,NO 15/9-F-12 H,5599,15/9-F-12,3420717,VOLVE,369304,MÆRSK INSPIRER,23.0,100.0,%,production,OP,32.0,398.822361471,308.880633885,13.401315714,398.822361471,172.99961795652175,1295.6379619000002,1209.4013420800002,7643.3142139,0.9334408049502212,0.8550570652556325,0,0,0,0,0,0,0,0
2016-03-28,NO 15/9-F-12 H,5599,15/9-F-12,3420717,VOLVE,369304,MÆRSK INSPIRER,24.0,100.0,%,production,OP,32.0,397.43029331575,310.23898635437496,11.106934499375,397.43029331575,176.326874375,1330.6722036,1236.78082899,7945.0992977,0.9294406433410224,0.8565432316424022,0,0,0,0,0,0,0,0
2016-03-29,NO 15/9-F-12 H,5599,15/9-F-12,3420717,VOLVE,369304,MÆRSK INSPIRER,24.0,100.0,%,production,OP,32.0,391.792735753125,311.631387413875,6.332241236625,391.792735753125,177.95633,1339.8553262,1232.502806232,7993.467936599999,0.9198775286638854,0.8564439172978947,0,0,0,0,0,0,0,0
2016-03-30,NO 15/9-F-12 H,5599,15/9-F-12,3420717,VOLVE,369304,MÆRSK INSPIRER,24.0,100.0,%,production,OP,32.0,392.2636711175,313.480978465625,7.04241073875,392.2636711175,178.398159875,1308.909461,1203.8244446560002,7999.883542800001,0.9197155957114748,0.8593899917566453,0,0,0,0,0,0,0,0
2016-03-31,NO 15/9-F-12 H,5599,15/9-F-12,3420717,VOLVE,369304,MÆRSK INSPIRER,24.0,100.0,%,production,OP,32.0,395.748550511125,311.68341375312497,6.446407294,395.748550511125,178.11130625,1283.3728324,1174.8840480060005,7896.227474000001,0.9154658867204492,0.8601929507208245,0,0,0,0,0,0,0,0
2016-04-01,NO 15/9-F-12 H,5599,15/9-F-12,3420717,VOLVE,369304,MÆRSK INSPIRER,24.0,100.0,%,production,OP,32.0,403.17591627487496,309.07317997525,12.966466697375,403.17591627487496,173.97788674999998,1261.0440069,1151.365517247,7856.224282399999,0.9130256445826817,0.8616862017343552,0,0,0,0,0,0,0,0
2016-04-02,NO 15/9-F-12 H,5599,15/9-F-12,3420717,VOLVE,369304,MÆRSK INSPIRER,24.0,100.0,%,production,OP,32.0,399.948772428875,310.65171313475,9.17822824025,399.948772428875,174.765402875,1242.1116788,1148.2836033780002,7852.7648869,0.9244608379234897,0.8634273186857265,0,0,0,0,0,0,0,0
2016-04-03,NO 15/9-F-12 H,5599,15/9-F-12,3420717,VOLVE,369304,MÆRSK INSPIRER,24.0,100.0,%,production,OP,32.0,397.27387285437504,310.9661978215,8.48678374825,397.27387285437504,176.80536875,1250.1626356,1148.532218866,7843.7075605,0.9187062436198762,0.8625268880419972,0,0,0,0,0,0,0,0
2016-04-04,NO 15/9-F-12 H,5599,15/9-F-12,3420717,VOLVE,369304,MÆRSK INSPIRER,24.0,100.0,%,production,OP,32.0,393.850142085875,311.683329147625,9.23107041825,393.850142085875,176.99983025,1251.67219,1141.683639095,8315.694902899999,0.912126711942845,0.8691727642677292,0,0,0,0,0,0,0,0
2016-04-05,NO 15/9-F-12 H,5599,15/9-F-12,3420717,VOLVE,369304,MÆRSK INSPIRER,24.0,100.0,%,production,OP,32.0,392.1582284915,310.582678068375,10.003932595875,392.1582284915,177.28742375000002,1247.0806287,1146.991438505,7966.2330593,0.9197412036627204,0.8646436373566356,0,0,0,0,0,0,0,0
2016-04-06,NO 15/9-F-12 H,5599,15/9-F-12,3420717,VOLVE,369304,MÆRSK INSPIRER,22.83333,86.52358166666667,%,production,OP,32.0,412.63681348503934,305.4476054032326,28.044609941138315,412.63681348503934,173.56387706295138,1051.4046396,993.265489964,7011.3770032,0.9447033544971624,0.869597778263176,0,0,0,0,0,0,0,0
2016-04-07,NO 15/9-F-12 H,5599,15/9-F-12,3420717,VOLVE,369304,MÆRSK INSPIRER,24.0,100.0,%,production,OP,32.0,384.055864940625,311.176542202625,6.85262851575,384.055864940625,179.47618512499997,1238.8409776,1120.914710878,8241.2864506,0.904809197585264,0.8693223285253645,0,0,0,0,0,0,0,0
2016-04-08,NO 15/9-F-12 H,5599,15/9-F-12,3420717,VOLVE,369304,MÆRSK INSPIRER,24.0,100.0,%,production,OP,32.0,380.9127313345,312.1277588175,6.3152325095,380.9127313345,179.49140637500005,1401.4954642,1298.305393036,7956.2322614,0.9263714554917216,0.8502312200892618,0,0,0,0,0,0,0,0
2016-04-09,NO 15/9-F-12 H,5599,15/9-F-12,3420717,VOLVE,369304,MÆRSK INSPIRER,24.0,100.0,%,production,OP,32.0,383.64257009475,311.08966141900004,10.79493661,383.64257009475,177.334447625,1366.2725282,1264.4700258189998,7869.495781500001,0.9254888755502386,0.8520672582523479,0,0,0,0,0,0,0,0
2016-04-10,NO 15/9-F-12 H,5599,15/9-F-12,3420717,VOLVE,369304,MÆRSK INSPIRER,24.0,100.0,%,production,OP,32.0,383.268072913875,309.76555512775,10.57282904275,383.268072913875,176.059020125,1358.4731638,1244.778549099,7787.5395572,0.916307058740147,0.8514682621552851,0,0,0,0,0,0,0,0
2016-04-11,NO 15/9-F-12 H,5599,15/9-F-12,3420717,VOLVE,369304,MÆRSK INSPIRER,24.0,100.0,%,production,OP,32.0,381.90939016775,311.24010812775,8.98821637375,381.90939016775,176.901418625,1327.7159929,1241.8082296819998,7765.3365279,0.9352965817408284,0.853985667644292,0,0,0,0,0,0,0,0
2016-04-12,NO 15/9-F-12 H,5599,15/9-F-12,3420717,VOLVE,369304,MÆRSK INSPIRER,24.0,100.0,%,production,OP,32.0,383.132232740375,310.53650461675,10.29431378,383.132232740375,175.311294875,1286.9580241,1201.6243388460002,7744.2656644,0.9336934976463775,0.8574990423790786,0,0,0,0,0,0,0,0
2016-04-13,NO 15/9-F-12 H,5599,15/9-F-12,3420717,VOLVE,369304,MÆRSK INSPIRER,24.0,100.0,%,production,OP,32.0,383.50942521075,309.49011587925,10.547281203375,383.50942521075,175.23132875,1284.8194887000002,1194.981290629,7676.6502069,0.930077182934157,0.8566284847974395,0,0,0,0,0,0,0,0
2016-04-14,NO 15/9-F-12 H,5599,15/9-F-12,3420717,VOLVE,369304,MÆRSK INSPIRER,24.0,100.0,%,production,OP,32.0,378.97680339162497,310.2627242403749,5.802411379375,378.97680339162497,177.867779375,1293.184936,1185.650087448,7672.6876266,0.9168449573155252,0.8557658580388086,0,0,0,0,0,0,0,0
2016-04-15,NO 15/9-F-12 H,5599,15/9-F-12,3420717,VOLVE,369304,MÆRSK INSPIRER,24.0,100.0,%,production,OP,32.0,379.57358641562496,309.02610305775005,6.2694488475,379.57358641562496,177.45833187500003,1256.9556304,1174.183051211,7656.963101599999,0.934148368337664,0.8589895568727066,0,0,0,0,0,0,0,0
2016-04-16,NO 15/9-F-12 H,5599,15/9-F-12,3420717,VOLVE,369304,MÆRSK INSPIRER,24.0,100.0,%,production,OP,32.0,379.1168708185,308.311917816,6.122165780125,379.1168708185,177.041997125,1329.2255473,1450.257131049,7900.1900543,1.0910542112246084,0.855979446080035,0,0,0,0,0,0,0,0
2016-04-17,NO 15/9-F-12 H,5599,15/9-F-12,3420717,VOLVE,369304,MÆRSK INSPIRER,24.0,100.0,%,production,OP,32.0,376.567818903625,309.34826871525,8.651985051875,376.567818903625,176.854917875,1377.2796957,1446.454444153,7960.698026500001,1.050225635845043,0.8525077124112568,0,0,0,0,0,0,0,0
2016-04-18,NO 15/9-F-12 H,5599,15/9-F-12,3420717,VOLVE,369304,MÆRSK INSPIRER,24.0,100.0,%,production,OP,32.0,380.8829260255,309.599822018125,9.60786705575,380.8829260255,176.03436575,1179.1506807,1182.141572003,8208.3907443,1.002536479308331,0.874391959798995,0,0,0,0,0,0,0,0
2016-04-19,NO 15/9-F-12 H,5599,15/9-F-12,3420717,VOLVE,369304,MÆRSK INSPIRER,24.0,100.0,%,production,OP,32.0,380.03843622725,307.838758535625,7.267283092875001,380.03843622725,177.5596475,1407.9739685,1299.219690619,7804.7736366,0.9227583177572078,0.8471711123703669,0,0,0,0,0,0,0,0
2016-04-20,NO 15/9-F-12 H,5599,15/9-F-12,3420717,VOLVE,369304,MÆRSK INSPIRER,24.0,100.0,%,production,OP,32.0,380.294534054125,308.430858040875,7.705494258500001,380.294534054125,176.4681635,1362.1841517,1313.842448448,7725.6478268,0.9645116240769136,0.8501090078554867,0,0,0,0,0,0,0,0
2016-04-21,NO 15/9-F-12 H,5599,15/9-F-12,3420717,VOLVE,369304,MÆRSK INSPIRER,24.0,100.0,%,production,OP,32.0,379.173786147,307.772808548375,6.556515309,379.173786147,177.37026575,1319.2876475,1162.066577641,7692.8150186,0.8808288168566363,0.8536093410850009,0,0,0,0,0,0,0,0
2016-04-22,NO 15/9-F-12 H,5599,15/9-F-12,3420717,VOLVE,369304,MÆRSK INSPIRER,24.0,100.0,%,production,OP,32.0,379.463291059875,309.85307347425,7.276118324375,379.463291059875,178.403435,1250.0997375,1056.2888098780002,7929.6892632,0.8449636282545018,0.8638204279635757,0,0,0,0,0,0,0,0
2016-04-23,NO 15/9-F-12 H,5599,15/9-F-12,3420717,VOLVE,369304,MÆRSK INSPIRER,24.0,100.0,%,production,OP,32.0,380.65469060275,309.657894629,7.910590077,380.65469060275,178.0471565,1303.7518168,1177.436594522,7960.446434099999,0.9031140584808272,0.8592698707982266,0,0,0,0,0,0,0,0
2016-04-24,NO 15/9-F-12 H,5599,15/9-F-12,3420717,VOLVE,369304,MÆRSK INSPIRER,24.0,100.0,%,production,OP,32.0,379.9612397517501,310.915183726625,7.088176271,379.9612397517501,178.593759875,1271.3592953,1152.654503797,8050.7052076,0.9066315934906588,0.8636182687960919,0,0,0,0,0,0,0,0
2016-04-25,NO 15/9-F-12 H,5599,15/9-F-12,3420717,VOLVE,369304,MÆRSK INSPIRER,24.0,100.0,%,production,OP,32.0,382.323240992625,307.353240809,7.240877112000001,382.323240992625,176.93556612499998,1303.0599377,1174.0089497400002,7688.0976611,0.9009631220895452,0.8550731734616783,0,0,0,0,0,0,0,0
2016-04-26,NO 15/9-F-12 H,5599,15/9-F-12,3420717,VOLVE,369304,MÆRSK INSPIRER,24.0,100.0,%,production,OP,32.0,383.182802656375,304.682864607125,7.009931291625,383.182802656375,175.97707437499997,1330.6722036,1196.101472913,7616.7712157,0.8988701121711774,0.8512790591411077,0,0,0,0,0,0,0,0
2016-04-27,NO 15/9-F-12 H,5599,15/9-F-12,3420717,VOLVE,369304,MÆRSK INSPIRER,24.0,100.0,%,production,OP,32.0,382.01490531275,304.57158722325005,5.529153744125,382.01490531275,176.40330275000002,1312.1172641,1187.611465886,7493.742532100001,0.9051107689681988,0.8509949857859174,0,0,0,0,0,0,0,0
2016-04-28,NO 15/9-F-12 H,5599,15/9-F-12,3420717,VOLVE,369304,MÆRSK INSPIRER,24.0,100.0,%,production,OP,32.0,383.326003508375,304.78892666625,7.817514962125001,383.326003508375,175.838999375,1326.1435404,1170.9782421859998,7415.4343976,0.8829950955631859,0.848294718664556,0,0,0,0,0,0,0,0
2016-04-29,NO 15/9-F-12 H,5599,15/9-F-12,3420717,VOLVE,369304,MÆRSK INSPIRER,24.0,100.0,%,production,OP,32.0,385.41098216925,301.719726180625,9.965437093375,385.41098216925,172.954629125,1253.2446425,1111.850486829,7456.1923664,0.8871775303272442,0.8561049765651518,0,0,0,0,0,0,0,0
2016-04-30,NO 15/9-F-12 H,5599,15/9-F-12,3420717,VOLVE,369304,MÆRSK INSPIRER,24.0,100.0,%,production,OP,32.0,382.339896189625,302.18473916,8.049714756875,382.339896189625,175.024740875,1252.2382729,1107.883939725,7395.6843942,0.8847229506564301,0.8551977947647482,0,0,0,0,0,0,0,0
2016-05-01,NO 15/9-F-12 H,5599,15/9-F-12,3420717,VOLVE,369304,MÆRSK INSPIRER,24.0,100.0,%,production,OP,32.0,384.548933708125,299.91179427275,12.45134913225,384.548933708125,171.34424412500002,1219.5312609,1104.4043823340005,7318.1310369,0.9055974354597212,0.8571586438580207,0,0,0,0,0,0,0,0
2016-05-02,NO 15/9-F-12 H,5599,15/9-F-12,3420717,VOLVE,369304,MÆRSK INSPIRER,24.0,100.0,%,production,OP,32.0,383.4252729545,299.447427921125,12.163560502375,383.4252729545,171.12151812500002,1265.1323834,1145.5421232170002,7341.466232000001,0.9054721373413864,0.8530043702588539,0,0,0,0,0,0,0,0
2016-05-03,NO 15/9-F-12 H,5599,15/9-F-12,3420717,VOLVE,369304,MÆRSK INSPIRER,24.0,100.0,%,production,OP,32.0,380.3871136225,301.04719101787504,8.84224771325,380.3871136225,173.0638385,1264.4405043,1137.12627706,7401.4081213,0.8993118088142219,0.8540892463128557,0,0,0,0,0,0,0,0
2016-05-04,NO 15/9-F-12 H,5599,15/9-F-12,3420717,VOLVE,369304,MÆRSK INSPIRER,24.0,100.0,%,production,OP,32.0,383.36780769025,300.532176188,11.38049731875,383.36780769025,172.90053275,1253.3704387,1121.552141213,7439.838860399999,0.8948289400987292,0.8558218955075935,0,0,0,0,0,0,0,0
2016-05-05,NO 15/9-F-12 H,5599,15/9-F-12,3420717,VOLVE,369304,MÆRSK INSPIRER,24.0,100.0,%,production,OP,32.0,383.97376436775,299.672115956125,12.435355671125,383.97376436775,172.514037875,1261.0440069,1117.8504543590002,7474.181223,0.8864484096054587,0.8556369213488001,0,0,0,0,0,0,0,0
2016-05-06,NO 15/9-F-12 H,5599,15/9-F-12,3420717,VOLVE,369304,MÆRSK INSPIRER,24.0,100.0,%,production,OP,32.0,381.815626122375,300.613261494875,10.187701785125,381.815626122375,173.83062762499998,1266.2645492,1116.568177602,7423.107965800001,0.8817811241003509,0.8542743394860659,0,0,0,0,0,0,0,0
2016-05-07,NO 15/9-F-12 H,5599,15/9-F-12,3420717,VOLVE,369304,MÆRSK INSPIRER,24.0,100.0,%,production,OP,32.0,380.227278724875,302.43338868125,8.084288190125,380.227278724875,174.893421875,1260.6666183,1121.072567587,7409.5219762,0.8892696540967814,0.8545975552250716,0,0,0,0,0,0,0,0
2016-05-08,NO 15/9-F-12 H,5599,15/9-F-12,3420717,VOLVE,369304,MÆRSK INSPIRER,24.0,100.0,%,production,OP,32.0,382.72323766687504,300.97194651212504,10.915188220125,382.72323766687504,173.37503075,1256.5153437,1112.277794699,7380.337257800001,0.8852082867716754,0.8545169864909151,0,0,0,0,0,0,0,0
2016-05-09,NO 15/9-F-12 H,5599,15/9-F-12,3420717,VOLVE,369304,MÆRSK INSPIRER,24.0,100.0,%,production,OP,32.0,381.768778848375,301.23116567762503,11.69276413275,381.768778848375,173.70549875,1240.350532,1100.9732060820002,7432.353986500001,0.8876306960635868,0.8569822678318889,0,0,0,0,0,0,0,0
2016-05-10,NO 15/9-F-12 H,5599,15/9-F-12,3420717,VOLVE,369304,MÆRSK INSPIRER,24.0,100.0,%,production,OP,32.0,378.964299907375,302.58578735975004,8.60572699475,378.964299907375,176.140965875,1225.6952747,1088.583749881,9850.2198486,0.8881357155818691,0.8893368844871744,0,0,0,0,0,0,0,0
2016-05-11,NO 15/9-F-12 H,5599,15/9-F-12,3420717,VOLVE,369304,MÆRSK INSPIRER,24.0,100.0,%,production,OP,32.0,377.9759777375,301.519223232125,6.632536372375,377.9759777375,176.530750625,1221.5440001000002,1087.523955734,7250.7042737,0.890286355337975,0.855818200715675,0,0,0,0,0,0,0,0
2016-05-12,NO 15/9-F-12 H,5599,15/9-F-12,3420717,VOLVE,369304,MÆRSK INSPIRER,24.0,100.0,%,production,OP,32.0,376.861049480125,301.84406302775,5.667894677625,376.861049480125,176.920654625,1211.3545079,1080.826522879,7249.9494965,0.89224625477534,0.8568359549225416,0,0,0,0,0,0,0,0
2016-05-13,NO 15/9-F-12 H,5599,15/9-F-12,3420717,VOLVE,369304,MÆRSK INSPIRER,24.0,100.0,%,production,OP,32.0,378.092530878625,298.456757948625,6.045646148625,378.092530878625,175.550859875,1202.8003663,1072.656820181,7252.5912167,0.8917995456558252,0.8577475265937662,0,0,0,0,0,0,0,0
2016-05-14,NO 15/9-F-12 H,5599,15/9-F-12,3420717,VOLVE,369304,MÆRSK INSPIRER,24.0,100.0,%,production,OP,32.0,379.09941186925,297.5173558875,6.874054858625,379.09941186925,174.71200887499998,1192.1705874,1064.931023262,7214.4749681,0.8932706732721061,0.858187123564401,0,0,0,0,0,0,0,0
2016-05-15,NO 15/9-F-12 H,5599,15/9-F-12,3420717,VOLVE,369304,MÆRSK INSPIRER,20.5,69.28134708333333,%,production,OP,32.0,418.40746190634144,280.70381070307315,44.53687526019512,418.40746190634144,161.10692380487805,920.5765916,833.7214445980001,5612.5861573,0.9056513626410572,0.859091740557818,0,0,0,0,0,0,0,0
2016-05-16,NO 15/9-F-12 H,5599,15/9-F-12,3420717,VOLVE,369304,MÆRSK INSPIRER,24.0,99.987175625,%,production,OP,32.0,378.01389913125,297.39968776675,5.199757338,378.01389913125,176.61707337500002,1201.1650157,777.5477638960001,7306.3061941,0.6473280138306979,0.858810569430274,0,0,0,0,0,0,0,0
2016-05-17,NO 15/9-F-12 H,5599,15/9-F-12,3420717,VOLVE,369304,MÆRSK INSPIRER,24.0,100.0,%,production,OP,32.0,378.0010451385,301.63664660125,5.200793755375,378.0010451385,176.9588315,1181.7295028,1062.5910712400002,7182.0195485,0.8991829929965257,0.8587081587991547,0,0,0,0,0,0,0,0
2016-05-18,NO 15/9-F-12 H,5599,15/9-F-12,3420717,VOLVE,369304,MÆRSK INSPIRER,24.0,100.0,%,production,OP,32.0,378.807096845125,301.846561911625,6.012909863375,378.807096845125,176.78950849999998,1175.3138966,1060.401206693,7151.9542567,0.9022280854166492,0.8588596073810549,0,0,0,0,0,0,0,0
2016-05-19,NO 15/9-F-12 H,5599,15/9-F-12,3420717,VOLVE,369304,MÆRSK INSPIRER,24.0,100.0,%,production,OP,32.0,380.434012264125,299.58547085925,7.65821791375,380.434012264125,175.4982485,1164.3696272,1053.2736407920002,7127.298201500001,0.9045870110205844,0.859573531977516,0,0,0,0,0,0,0,0
2016-05-20,NO 15/9-F-12 H,5599,15/9-F-12,3420717,VOLVE,369304,MÆRSK INSPIRER,24.0,100.0,%,production,OP,32.0,381.705506020875,300.41717918375,9.008210466375,381.705506020875,175.530655625,1162.7342766000002,1038.1091554650002,7116.857116900001,0.8928171950865493,0.8595662247882402,0,0,0,0,0,0,0,0
2016-05-21,NO 15/9-F-12 H,5599,15/9-F-12,3420717,VOLVE,369304,MÆRSK INSPIRER,24.0,100.0,%,production,OP,32.0,382.368924941,300.1960868825,9.717089734625,382.368924941,175.599147875,1146.2549744,1021.190235842,7202.5243291,0.8908927408376446,0.8627038836780051,0,0,0,0,0,0,0,0
2016-05-22,NO 15/9-F-12 H,5599,15/9-F-12,3420717,VOLVE,369304,MÆRSK INSPIRER,24.0,100.0,%,production,OP,32.0,379.659615101,301.78576681662497,6.857946575750001,379.659615101,176.61598362499998,1151.5384148,1029.6735330760002,7334.0442562,0.8941721091040065,0.864294714995182,0,0,0,0,0,0,0,0
2016-05-23,NO 15/9-F-12 H,5599,15/9-F-12,3420717,VOLVE,369304,MÆRSK INSPIRER,24.0,100.0,%,production,OP,32.0,377.311909168,300.392568048125,4.707308003625,377.311909168,177.40847075,1156.1928742,1034.7846296070002,7349.8316793,0.8949930869648325,0.8640736495729657,0,0,0,0,0,0,0,0
2016-05-24,NO 15/9-F-12 H,5599,15/9-F-12,3420717,VOLVE,369304,MÆRSK INSPIRER,24.0,100.0,%,production,OP,32.0,378.149947796875,298.04457808237504,5.56171779675,378.149947796875,176.4750935,1164.0551367,1041.345394573,7333.91846,0.8945842527056992,0.8630196806975212,0,0,0,0,0,0,0,0
2016-05-25,NO 15/9-F-12 H,5599,15/9-F-12,3420717,VOLVE,369304,MÆRSK INSPIRER,24.0,100.0,%,production,OP,32.0,377.84382998975,299.9532932705,5.164540298625,377.84382998975,176.93631499999998,1168.9611885,1041.639566024,7296.997275300001,0.8910813945505087,0.8619221682342977,0,0,0,0,0,0,0,0
2016-05-26,NO 15/9-F-12 H,5599,15/9-F-12,3420717,VOLVE,369304,MÆRSK INSPIRER,24.0,100.0,%,production,OP,32.0,377.078775691125,302.66995774575,4.372457564375,377.078775691125,177.730203875,1169.2127809,1042.1749368760002,7306.6835827,0.8913475407562578,0.8620543797678767,0,0,0,0,0,0,0,0
2016-05-27,NO 15/9-F-12 H,5599,15/9-F-12,3420717,VOLVE,369304,MÆRSK INSPIRER,24.0,100.0,%,production,OP,32.0,377.3287214895,302.774463668,4.643998916625001,377.3287214895,178.031437625,1158.0798172,1035.0911612030002,7296.4311924,0.893799499680116,0.8630222592548505,0,0,0,0,0,0,0,0
2016-05-28,NO 15/9-F-12 H,5599,15/9-F-12,3420717,VOLVE,369304,MÆRSK INSPIRER,24.0,100.0,%,production,OP,32.0,378.03285076325,302.37022463225,5.375201950375,378.03285076325,178.283204,1162.0423975,1039.332456673,7345.5546085,0.8944014942217287,0.8634112080437675,0,0,0,0,0,0,0,0
2016-05-29,NO 15/9-F-12 H,5599,15/9-F-12,3420717,VOLVE,369304,MÆRSK INSPIRER,24.0,100.0,%,production,OP,32.0,380.871060104125,302.353681235375,8.402713075874999,380.871060104125,177.338425625,1150.9094338,1035.582035533,7358.511617100001,0.8997945495274816,0.8647487970197134,0,0,0,0,0,0,0,0
2016-05-30,NO 15/9-F-12 H,5599,15/9-F-12,3420717,VOLVE,369304,MÆRSK INSPIRER,24.0,100.0,%,production,OP,32.0,376.688318287,300.827790826625,3.96968401675,376.688318287,178.197446,1147.261344,1021.564924809,7310.5203668,0.8904378502349332,0.8643543445280663,0,0,0,0,0,0,0,0
2016-05-31,NO 15/9-F-12 H,5599,15/9-F-12,3420717,VOLVE,369304,MÆRSK INSPIRER,24.0,100.0,%,production,OP,32.0,377.4059481812501,298.9290832605,5.11102429825,377.4059481812501,177.32333599999998,1169.275679,1044.331252458,7292.3428159,0.8931437395081575,0.8618141813289328,0,0,0,0,0,0,0,0
2016-06-01,NO 15/9-F-12 H,5599,15/9-F-12,3420717,VOLVE,369304,MÆRSK INSPIRER,24.0,100.0,%,production,OP,32.0,377.75210856287504,297.69540816225,5.31427088225,377.75210856287504,176.843099375,1168.3322075,1030.675057968,7251.396152800001,0.8821763633251547,0.8612387291484577,0,0,0,0,0,0,0,0
2016-06-02,NO 15/9-F-12 H,5599,15/9-F-12,3420717,VOLVE,369304,MÆRSK INSPIRER,24.0,100.0,%,production,OP,32.0,378.18850071025,298.719542631625,5.431588494500001,378.18850071025,176.88952662499997,1159.0861868,1038.229931739,7310.2058763,0.8957314335747031,0.8631424943000795,0,0,0,0,0,0,0,0
2016-06-03,NO 15/9-F-12 H,5599,15/9-F-12,3420717,VOLVE,369304,MÆRSK INSPIRER,24.0,100.0,%,production,OP,32.0,376.7167759512501,300.4605395025,4.1329424155000005,376.7167759512501,178.015233125,1105.9372923,996.6867781,7201.517959500001,0.9012145489978068,0.8668741198382773,0,0,0,0,0,0,0,0
2016-06-04,NO 15/9-F-12 H,5599,15/9-F-12,3420717,VOLVE,369304,MÆRSK INSPIRER,24.0,100.0,%,production,OP,32.0,377.223798583,298.124932156,4.6465340600000005,377.223798583,177.20177262500002,1167.9548189,1077.502350168,7319.9550818,0.9225548220973224,0.862397830259287,0,0,0,0,0,0,0,0
2016-06-05,NO 15/9-F-12 H,5599,15/9-F-12,3420717,VOLVE,369304,MÆRSK INSPIRER,24.0,100.0,%,production,OP,32.0,377.227521225,298.697590526,4.506557281875,377.227521225,177.261856625,1174.307527,1075.667751503,7342.9128883,0.9160017514756168,0.8621254975519337,0,0,0,0,0,0,0,0
2016-06-06,NO 15/9-F-12 H,5599,15/9-F-12,3420717,VOLVE,369304,MÆRSK INSPIRER,24.0,100.0,%,production,OP,32.0,377.371957921625,302.030186062875,4.678143279125,377.371957921625,177.87709324999997,1176.1315719000002,1072.2849563900002,7368.2608226,0.9117049333670728,0.8623504729655121,0,0,0,0,0,0,0,0
2016-06-07,NO 15/9-F-12 H,5599,15/9-F-12,3420717,VOLVE,369304,MÆRSK INSPIRER,24.0,100.0,%,production,OP,32.0,377.87032661937496,300.728533467,5.285199828125,377.87032661937496,177.89248025,1179.968356,1079.045955705,7406.817357899999,0.9144702484758838,0.8625832301730895,0,0,0,0,0,0,0,0
2016-06-08,NO 15/9-F-12 H,5599,15/9-F-12,3420717,VOLVE,369304,MÆRSK INSPIRER,16.25833,67.70888604166667,%,production,OP,32.0,380.12087096064414,297.87680578988574,11.82169629239608,380.12087096064414,177.2930965530125,735.4674833,674.004710349,4570.9936213,0.9164303326161748,0.8614015124576251,0,0,0,0,0,0,0,0
2016-06-09,NO 15/9-F-12 H,5599,15/9-F-12,3420717,VOLVE,369304,MÆRSK INSPIRER,15.0,48.956771875,%,production,OP,32.0,381.6871612144848,273.4279735957588,8.910296405386578,381.6871612144848,173.2647094593534,605.8344992,552.475880092,4095.4839853,0.9119254199315826,0.8711351929894977,0,0,0,0,0,0,0,0
2016-06-10,NO 15/9-F-12 H,5599,15/9-F-12,3420717,VOLVE,369304,MÆRSK INSPIRER,24.0,99.989855,%,production,OP,32.0,381.570684135,294.65705544625,8.983312276374999,381.570684135,175.99243775,1179.4022731,1088.492991102,7610.5443038,0.9229191904480144,0.8658237268245211,0,0,0,0,0,0,0,0
2016-06-11,NO 15/9-F-12 H,5599,15/9-F-12,3420717,VOLVE,369304,MÆRSK INSPIRER,24.0,100.0,%,production,OP,32.0,381.91999304987496,299.97345959575,9.325142669375,381.91999304987496,176.136219125,1183.6793439,1075.1076603610002,7482.043485499999,0.9082761018864478,0.863406738571864,0,0,0,0,0,0,0,0
2016-06-12,NO 15/9-F-12 H,5599,15/9-F-12,3420717,VOLVE,369304,MÆRSK INSPIRER,24.0,100.0,%,production,OP,32.0,383.65553890925,298.13965955625,11.308975455,383.65553890925,173.965938125,1127.0081558000002,1019.250399371,7069.117459000001,0.9043860012241802,0.8624950118181539,0,0,0,0,0,0,0,0
2016-06-13,NO 15/9-F-12 H,5599,15/9-F-12,3420717,VOLVE,369304,MÆRSK INSPIRER,24.0,100.0,%,production,OP,32.0,384.655016918625,299.398955012875,12.08140554025,384.655016918625,174.862991375,1180.1570503,1074.971698766,7497.7051124,0.9108717339719646,0.8640037110323484,0,0,0,0,0,0,0,0
2016-06-14,NO 15/9-F-12 H,5599,15/9-F-12,3420717,VOLVE,369304,MÆRSK INSPIRER,24.0,100.0,%,production,OP,32.0,385.53621039575,297.67200567662496,12.821664384125,385.53621039575,173.2391945,1184.2454268,1070.652710956,7495.314984600001,0.9040800890817506,0.8635592851863123,0,0,0,0,0,0,0,0
2016-06-15,NO 15/9-F-12 H,5599,15/9-F-12,3420717,VOLVE,369304,MÆRSK INSPIRER,24.0,100.0,%,production,OP,32.0,385.32463017,296.78300734212496,12.6090840005,385.32463017,174.66869937500002,1176.5718586,1065.723838277,7537.896998300001,0.905787292537408,0.8649863947051224,0,0,0,0,0,0,0,0
2016-06-16,NO 15/9-F-12 H,5599,15/9-F-12,3420717,VOLVE,369304,MÆRSK INSPIRER,24.0,100.0,%,production,OP,32.0,385.977736284,296.749633494,13.206290052,385.977736284,174.60455,1186.0065736,1071.43034065,7587.397803,0.9033932564115428,0.8648179745637555,0,0,0,0,0,0,0,0
2016-06-17,NO 15/9-F-12 H,5599,15/9-F-12,3420717,VOLVE,369304,MÆRSK INSPIRER,24.0,100.0,%,production,OP,32.0,380.69170248737504,299.106597686,7.921029791375,380.69170248737504,176.67257825,1170.9739277,1047.5152258100002,7526.0092574,0.8945675057577973,0.8653586073724787,0,0,0,0,0,0,0,0
2016-06-18,NO 15/9-F-12 H,5599,15/9-F-12,3420717,VOLVE,369304,MÆRSK INSPIRER,24.0,100.0,%,production,OP,32.0,381.753700939625,295.57116952775,9.295567003875,381.753700939625,175.369182875,1172.6092783,1053.391945037,7507.831706500001,0.8983315794363863,0.8649136281954669,0,0,0,0,0,0,0,0
2016-06-19,NO 15/9-F-12 H,5599,15/9-F-12,3420717,VOLVE,369304,MÆRSK INSPIRER,24.0,100.0,%,production,OP,32.0,381.47226980875,297.88633860275,8.992739746375001,381.47226980875,176.486097125,1173.7414441,1051.635391859,7537.896998300001,0.8959685262416304,0.8652674290995206,0,0,0,0,0,0,0,0
2016-06-20,NO 15/9-F-12 H,5599,15/9-F-12,3420717,VOLVE,369304,MÆRSK INSPIRER,24.0,100.0,%,production,OP,32.0,383.615487269875,297.100936681375,10.97754549525,383.615487269875,174.96084537500002,1176.3202662,1051.9726472440002,7523.682027700001,0.8942910170563548,0.8647908096501565,0,0,0,0,0,0,0,0
2016-06-21,NO 15/9-F-12 H,5599,15/9-F-12,3420717,VOLVE,369304,MÆRSK INSPIRER,24.0,100.0,%,production,OP,32.0,382.796246170125,299.431673168375,10.247004197375,382.796246170125,176.60761325,1172.7350745,1050.817856554,7559.2194542,0.8960402732066491,0.8656961542063143,0,0,0,0,0,0,0,0
2016-06-22,NO 15/9-F-12 H,5599,15/9-F-12,3420717,VOLVE,369304,MÆRSK INSPIRER,24.0,100.0,%,production,OP,32.0,385.29095415937496,297.910759376,13.19995068275,385.29095415937496,175.56597762500002,1170.0933543,1050.954524443,7560.854804799999,0.8981800645058154,0.8659832434029002,0,0,0,0,0,0,0,0
2016-06-23,NO 15/9-F-12 H,5599,15/9-F-12,3420717,VOLVE,369304,MÆRSK INSPIRER,24.0,100.0,%,production,OP,32.0,383.3045529925,299.303646917125,11.0754280155,383.3045529925,176.7460745,1170.7852334,1054.505064381,7635.5777476,0.9006818964727473,0.8670523534033283,0,0,0,0,0,0,0,0
2016-06-24,NO 15/9-F-12 H,5599,15/9-F-12,3420717,VOLVE,369304,MÆRSK INSPIRER,24.0,100.0,%,production,OP,32.0,380.454728525125,301.116676306375,7.854647711749999,380.454728525125,178.27870324999998,1172.2318897,1050.58760471,7529.4686529,0.8962284799971348,0.8652870339583364,0,0,0,0,0,0,0,0
2016-06-25,NO 15/9-F-12 H,5599,15/9-F-12,3420717,VOLVE,369304,MÆRSK INSPIRER,24.0,100.0,%,production,OP,32.0,381.06838430312496,301.314212019125,8.570630820375,381.06838430312496,178.066964,1163.1116651999998,1046.405284789,7531.7958826,0.8996602098467202,0.8662307035692068,0,0,0,0,0,0,0,0
2016-06-26,NO 15/9-F-12 H,5599,15/9-F-12,3420717,VOLVE,369304,MÆRSK INSPIRER,24.0,100.0,%,production,OP,32.0,380.30674746237503,298.346477701,7.562012395375,380.30674746237503,177.666632,1166.1936721,1050.5731256830002,7537.2051192,0.9008564793454946,0.866007096760206,0,0,0,0,0,0,0,0
2016-06-27,NO 15/9-F-12 H,5599,15/9-F-12,3420717,VOLVE,369304,MÆRSK INSPIRER,24.0,100.0,%,production,OP,32.0,382.14894459775,297.74161485175,9.62772517525,382.14894459775,176.92454525,1149.777268,1035.519881661,7515.2536823,0.9006265043509278,0.8673083483954327,0,0,0,0,0,0,0,0
2016-06-28,NO 15/9-F-12 H,5599,15/9-F-12,3420717,VOLVE,369304,MÆRSK INSPIRER,24.0,100.0,%,production,OP,32.0,384.6402321075,298.59162213725,12.065025311125,384.6402321075,175.76746137499998,1158.7716963,1046.29686866,7507.957502700001,0.9029361624907336,0.86629653821032,0,0,0,0,0,0,0,0
2016-06-29,NO 15/9-F-12 H,5599,15/9-F-12,3420717,VOLVE,369304,MÆRSK INSPIRER,24.0,100.0,%,production,OP,32.0,383.13936075375,298.896084093875,10.820599271125,383.13936075375,176.83758575000002,1159.9667602,1047.020466863,7522.9901486,0.9026297155984662,0.8664087853500233,0,0,0,0,0,0,0,0
2016-06-30,NO 15/9-F-12 H,5599,15/9-F-12,3420717,VOLVE,369304,MÆRSK INSPIRER,24.0,100.0,%,production,OP,32.0,383.0025838765,297.983287440875,10.28242670725,383.0025838765,176.065536875,1149.8401661,1043.226961789,7537.2680173,0.9072799790316872,0.8676383277582287,0,0,0,0,0,0,0,0
2016-07-01,NO 15/9-F-12 H,5599,15/9-F-12,3420717,VOLVE,369304,MÆRSK INSPIRER,24.0,100.0,%,production,OP,32.0,385.87055018037495,297.8738109455,11.438938567875,385.87055018037495,175.97892124999998,1165.8791816,1041.476765257,7521.1661037,0.8932973344868586,0.8657910551504927,0,0,0,0,0,0,0,0
2016-07-02,NO 15/9-F-12 H,5599,15/9-F-12,3420717,VOLVE,369304,MÆRSK INSPIRER,24.0,100.0,%,production,OP,32.0,381.90659818625,298.2322240165,9.196083022375,381.90659818625,176.86301975,1151.03523,1041.1924819219998,7553.432829,0.9045704725493068,0.8677650119228267,0,0,0,0,0,0,0,0
2016-07-03,NO 15/9-F-12 H,5599,15/9-F-12,3420717,VOLVE,369304,MÆRSK INSPIRER,24.0,100.0,%,production,OP,32.0,382.52248996675,298.27366560337504,9.755131993375,382.52248996675,176.888198375,1160.7844355000002,1035.223238181,7516.32295,0.8918307366303412,0.8662244934942553,0,0,0,0,0,0,0,0
2016-07-04,NO 15/9-F-12 H,5599,15/9-F-12,3420717,VOLVE,369304,MÆRSK INSPIRER,24.0,100.0,%,production,OP,32.0,380.96917831112495,299.0941606775,8.164494204125,380.96917831112495,177.56106425000002,1140.971534,1034.853493272,7550.162127800001,0.9069932618248826,0.8687200567384099,0,0,0,0,0,0,0,0
2016-07-05,NO 15/9-F-12 H,5599,15/9-F-12,3420717,VOLVE,369304,MÆRSK INSPIRER,24.0,100.0,%,production,OP,32.0,379.97171874725,299.396193247625,7.262617703875001,379.97171874725,177.995039,1154.6833198000002,1036.234651189,7510.410528599999,0.8974189142772788,0.8667431259254957,0,0,0,0,0,0,0,0
2016-07-06,NO 15/9-F-12 H,5599,15/9-F-12,3420717,VOLVE,369304,MÆRSK INSPIRER,24.0,100.0,%,production,OP,32.0,380.42661834775,297.51398375400004,7.898258825375001,380.42661834775,177.44952575,1112.2271023,1030.2032535760002,7549.2815544,0.926252607444666,0.8715896795369881,0,0,0,0,0,0,0,0
2016-07-07,NO 15/9-F-12 H,5599,15/9-F-12,3420717,VOLVE,369304,MÆRSK INSPIRER,24.0,100.0,%,production,OP,32.0,383.12976407275,297.7009014765,10.41925797375,383.12976407275,176.285942375,1147.261344,1057.198869697,7637.9049773,0.9214978568100348,0.8694092630644434,0,0,0,0,0,0,0,0
2016-07-08,NO 15/9-F-12 H,5599,15/9-F-12,3420717,VOLVE,369304,MÆRSK INSPIRER,24.0,100.0,%,production,OP,32.0,383.86089156587497,297.91645816075,11.155624964625,383.86089156587497,176.18345712500002,1142.229496,1058.247716287,7631.929657800001,0.92647556379248,0.8698189221350844,0,0,0,0,0,0,0,0
2016-07-09,NO 15/9-F-12 H,5599,15/9-F-12,3420717,VOLVE,369304,MÆRSK INSPIRER,23.5,89.872230625,%,production,OP,32.0,387.95307798023856,295.60747752810744,13.452610032143566,387.95307798023856,175.78983970957614,1107.2581524,1015.814985355,5621.266095100001,0.9174147719329993,0.8354381864921712,0,0,0,0,0,0,0,0
2016-07-10,NO 15/9-F-12 H,5599,15/9-F-12,3420717,VOLVE,369304,MÆRSK INSPIRER,24.0,100.0,%,production,OP,32.0,381.12662914662496,297.64400427775,8.5091981625,381.12662914662496,175.66540175,1188.5224976000002,1103.76801144,7439.964656599999,0.9286892033334276,0.8622559811053927,0,0,0,0,0,0,0,0
2016-07-11,NO 15/9-F-12 H,5599,15/9-F-12,3420717,VOLVE,369304,MÆRSK INSPIRER,23.66667,92.770550625,%,production,OP,32.0,388.00399004182486,296.305816640814,12.737219353360402,388.00399004182486,175.18400127266574,1135.6251955,1053.2277316820002,7104.5919874,0.9274430823263644,0.8621850407223931,0,0,0,0,0,0,0,0
2016-07-12,NO 15/9-F-12 H,5599,15/9-F-12,3420717,VOLVE,369304,MÆRSK INSPIRER,24.0,100.0,%,production,OP,32.0,379.798679348375,294.895615761625,3.70438534175,379.798679348375,176.674212875,1193.4285494,1091.445300022,7354.6119349,0.9145459948739516,0.8603857162829371,0,0,0,0,0,0,0,0
2016-07-13,NO 15/9-F-12 H,5599,15/9-F-12,3420717,VOLVE,369304,MÆRSK INSPIRER,14.89167,60.489998125,%,production,OP,32.0,382.7165842253185,294.3621156298611,9.286803410318043,382.7165842253185,176.55481720799213,669.8018668999999,581.6924376960001,4156.9983271,0.8684544884716566,0.8612327339066979,0,0,0,0,0,0,0,0
2016-07-14,NO 15/9-F-12 H,5599,15/9-F-12,3420717,VOLVE,369304,MÆRSK INSPIRER,6.5,11.699747083333332,%,production,OP,32.0,435.58489041189233,225.91545347503848,62.9669613245077,435.58489041189233,144.5947166923077,300.7787142,270.229496988,1803.6659156,0.8984329150643067,0.8570745412158526,0,0,0,0,0,0,0,0
2016-07-15,NO 15/9-F-12 H,5599,15/9-F-12,3420717,VOLVE,369304,MÆRSK INSPIRER,14.44167,12.18860625,%,production,OP,32.0,581.0291094082226,194.1623995776316,275.5173748029314,581.0291094082226,119.55226319072932,241.65450020000003,217.216835083,1707.9350074,0.8988735359913649,0.8760485223899858,0,0,0,0,0,0,0,0
2016-07-16,NO 15/9-F-12 H,5599,15/9-F-12,3420717,VOLVE,369304,MÆRSK INSPIRER,24.0,22.907135625,%,production,OP,32.0,575.326111344875,236.28388957575,260.362291561875,575.326111344875,137.21700875,1157.4508362,1039.755526779,6277.3561762,0.8983150681307529,0.8443199891712632,0,0,0,0,0,0,0,0
2016-07-17,NO 15/9-F-12 H,5599,15/9-F-12,3420717,VOLVE,369304,MÆRSK INSPIRER,20.72592,21.106354166666662,%,production,OP,32.0,563.1155717564687,241.96064485990496,247.69910447050813,563.1155717564687,137.68980597437124,508.0908518,456.743378744,2510.8292539,0.8989403708527862,0.8316978144467362,0,0,0,0,0,0,0,0
2016-07-18,NO 15/9-F-12 H,5599,15/9-F-12,3420717,VOLVE,369304,MÆRSK INSPIRER,24.0,30.163654375,%,production,OP,32.0,492.460191073625,259.656887162375,171.6259914785,492.460191073625,154.459379,792.1386714,711.8818449810001,5112.986549,0.8986833627536999,0.8658557368667718,0,0,0,0,0,0,0,0
2016-07-19,NO 15/9-F-12 H,5599,15/9-F-12,3420717,VOLVE,369304,MÆRSK INSPIRER,24.0,40.2753025,%,production,OP,32.0,391.591939707,288.8597717645,68.445580575375,391.591939707,171.560174,904.9149647,812.957107292,6999.9924471,0.8983795594114348,0.8855249128725791,0,0,0,0,0,0,0,0
2016-07-20,NO 15/9-F-12 H,5599,15/9-F-12,3420717,VOLVE,369304,MÆRSK INSPIRER,24.0,40.299693125,%,production,OP,32.0,392.965180642375,290.014310504,69.863254506375,392.965180642375,170.152249625,915.1044569,821.7826039690001,6482.2152879,0.8980205459307495,0.8762924290864568,0,0,0,0,0,0,0,0
2016-07-21,NO 15/9-F-12 H,5599,15/9-F-12,3420717,VOLVE,369304,MÆRSK INSPIRER,24.0,40.01119520833333,%,production,OP,32.0,390.823072117625,291.94541291175,67.653401149125,390.823072117625,173.12824962500002,896.297925,805.234135549,6142.502649800001,0.8984000889536814,0.872663259105694,0,0,0,0,0,0,0,0
2016-07-22,NO 15/9-F-12 H,5599,15/9-F-12,3420717,VOLVE,369304,MÆRSK INSPIRER,24.0,39.09910333333333,%,production,OP,32.0,402.49329190625,293.46636598525,79.95630691,402.49329190625,172.79575849999998,847.8663880000001,761.7034705940001,6089.6053477,0.8983767741881519,0.8777845272310216,0,0,0,0,0,0,0,0
2016-07-23,NO 15/9-F-12 H,5599,15/9-F-12,3420717,VOLVE,369304,MÆRSK INSPIRER,24.0,40.51870666666667,%,production,OP,32.0,382.218626291875,294.518655956375,62.181413528375,382.218626291875,174.5443775,857.3011030000001,770.109428635,6221.4397653000005,0.8982951566726257,0.8788907350968075,0,0,0,0,0,0,0,0
2016-07-24,NO 15/9-F-12 H,5599,15/9-F-12,3420717,VOLVE,369304,MÆRSK INSPIRER,24.0,40.03238791666666,%,production,OP,32.0,379.59081269975,293.509674936375,63.6416953935,379.59081269975,174.389841125,880.0073171,790.538276291,6270.1228947,0.898331480806502,0.8769242949383346,0,0,0,0,0,0,0,0
2016-07-25,NO 15/9-F-12 H,5599,15/9-F-12,3420717,VOLVE,369304,MÆRSK INSPIRER,24.0,34.57560645833333,%,production,OP,32.0,419.4027432204255,287.3440395446808,104.0559670566383,419.4027432204255,165.7521798723404,840.6960046,755.15541892,5524.9062059,0.8982502768991986,0.8679314263129292,0,0,0,0,0,0,0,0
2016-07-26,NO 15/9-F-12 H,5599,15/9-F-12,3420717,VOLVE,369304,MÆRSK INSPIRER,24.0,32.116005625,%,production,OP,32.0,453.882911314625,282.617049190125,140.57764034275,453.882911314625,160.82423599999998,814.7190893000001,731.6916259460002,5267.086894,0.8980906861709397,0.8660399408437013,0,0,0,0,0,0,0,0
2016-07-27,NO 15/9-F-12 H,5599,15/9-F-12,3420717,VOLVE,369304,MÆRSK INSPIRER,24.0,31.91950645833333,%,production,OP,32.0,456.10783653737496,282.345646832625,142.90636442750002,456.10783653737496,161.21103575,798.1768890000001,717.0158960670001,5696.3035284,0.8983170346679883,0.8770991922831076,0,0,0,0,0,0,0,0
2016-07-28,NO 15/9-F-12 H,5599,15/9-F-12,3420717,VOLVE,369304,MÆRSK INSPIRER,24.0,31.93992625,%,production,OP,32.0,456.00610144525,281.45932263625,141.78685538662498,456.00610144525,160.548137,809.0582603,726.8266728739999,5923.6801599,0.8983613523758986,0.879832215392089,0,0,0,0,0,0,0,0
2016-07-29,NO 15/9-F-12 H,5599,15/9-F-12,3420717,VOLVE,369304,MÆRSK INSPIRER,24.0,31.934969375,%,production,OP,32.0,454.099459091875,282.674091426875,140.45690829424998,454.099459091875,163.15603325,818.8074658,721.387855927,5996.453261600001,0.8810225676462072,0.8798567657862193,0,0,0,0,0,0,0,0
2016-07-30,NO 15/9-F-12 H,5599,15/9-F-12,3420717,VOLVE,369304,MÆRSK INSPIRER,24.0,31.930910208333334,%,production,OP,32.0,450.935591095,281.431430015875,137.980039979,450.935591095,163.40969787499998,834.2175003,742.1857421980001,6136.0241455,0.8896789409609561,0.8803172769766644,0,0,0,0,0,0,0,0
2016-07-31,NO 15/9-F-12 H,5599,15/9-F-12,3420717,VOLVE,369304,MÆRSK INSPIRER,24.0,33.6094425,%,production,OP,32.0,437.03464758525,282.11351653525,124.05992728025,437.03464758525,164.99762787499998,829.8775314,722.693087239,6006.8943462,0.8708430580351052,0.878615588430117,0,0,0,0,0,0,0,0
2016-08-01,NO 15/9-F-12 H,5599,15/9-F-12,3420717,VOLVE,369304,MÆRSK INSPIRER,24.0,34.260580625,%,production,OP,32.0,431.27087372475,282.407269852875,118.723438389375,431.27087372475,166.139976875,856.4834277,730.8991640780001,5857.9516454,0.8533722199865048,0.8724414759580706,0,0,0,0,0,0,0,0
2016-08-02,NO 15/9-F-12 H,5599,15/9-F-12,3420717,VOLVE,369304,MÆRSK INSPIRER,24.0,31.55650375,%,production,OP,32.0,449.090039955875,280.87925524175,135.880998675375,449.090039955875,162.211476125,816.7318285,749.030437352,5593.6538292000005,0.9171069514061432,0.8725924036225556,0,0,0,0,0,0,0,0
2016-08-03,NO 15/9-F-12 H,5599,15/9-F-12,3420717,VOLVE,369304,MÆRSK INSPIRER,24.0,29.829243958333333,%,production,OP,32.0,471.36383684325,276.43826420075,147.687823108625,471.36383684325,155.3248475,774.6529996,660.122501779,7572.6796476,0.8521525148935859,0.9071975405389112,0,0,0,0,0,0,0,0
2016-08-04,NO 15/9-F-12 H,5599,15/9-F-12,3420717,VOLVE,369304,MÆRSK INSPIRER,24.0,30.3323675,%,production,OP,32.0,470.455756946875,276.58020805675,124.380452195375,470.455756946875,157.517064125,747.2923261000001,744.062718503,6328.240739100001,0.9956782540323212,0.8943836006115989,0,0,0,0,0,0,0,0
2016-08-05,NO 15/9-F-12 H,5599,15/9-F-12,3420717,VOLVE,369304,MÆRSK INSPIRER,24.0,30.260115833333334,%,production,OP,32.0,470.22742785374993,273.811357096125,123.919086317375,470.22742785374993,156.99229962500002,765.9101637,689.6236958650001,5761.2143676000005,0.9003976295777677,0.8826573386140903,0,0,0,0,0,0,0,0
2016-08-06,NO 15/9-F-12 H,5599,15/9-F-12,3420717,VOLVE,369304,MÆRSK INSPIRER,24.0,30.280636666666663,%,production,OP,32.0,469.9545811595,275.27903287762496,123.95397702125,469.9545811595,156.656079125,746.600447,668.036172902,5412.4444031,0.8947706575669917,0.8787798327222965,0,0,0,0,0,0,0,0
2016-08-07,NO 15/9-F-12 H,5599,15/9-F-12,3420717,VOLVE,369304,MÆRSK INSPIRER,24.0,30.269157916666668,%,production,OP,32.0,473.03758744974994,272.865824157875,126.93074599812502,473.03758744974994,147.875579,754.5256076,716.262633516,5430.7477502,0.9492887004780302,0.8780125688950355,0,0,0,0,0,0,0,0
2016-08-08,NO 15/9-F-12 H,5599,15/9-F-12,3420717,VOLVE,369304,MÆRSK INSPIRER,24.0,30.251105,%,production,OP,32.0,470.092720789625,271.098759728125,123.5410357055,470.092720789625,149.72256312500002,752.4499703,676.984564735,5432.697591300001,0.8997070788175963,0.8783456719817767,0,0,0,0,0,0,0,0
2016-08-09,NO 15/9-F-12 H,5599,15/9-F-12,3420717,VOLVE,369304,MÆRSK INSPIRER,23.75,29.3455225,%,production,OP,32.0,475.5416676725652,267.9343281500603,130.27465126901902,475.5416676725652,151.15753694485306,695.7158841,637.806789702,5140.3472225000005,0.9167632999023544,0.880790205418921,0,0,0,0,0,0,0,0
2016-08-10,NO 15/9-F-12 H,5599,15/9-F-12,3420717,VOLVE,369304,MÆRSK INSPIRER,24.0,30.23203270833333,%,production,OP,32.0,475.02855127037503,271.18479445675,128.64879664875,475.02855127037503,152.78278437499998,742.9523572,680.249761897,5351.3074499,0.915603477537496,0.8780898122632649,0,0,0,0,0,0,0,0
2016-08-11,NO 15/9-F-12 H,5599,15/9-F-12,3420717,VOLVE,369304,MÆRSK INSPIRER,24.0,30.2167725,%,production,OP,32.0,476.007334170125,272.8897342765,129.219101172875,476.007334170125,151.48111362499998,757.3560221,673.416367447,5371.8122305,0.8891675088021987,0.8764341276193995,0,0,0,0,0,0,0,0
2016-08-12,NO 15/9-F-12 H,5599,15/9-F-12,3420717,VOLVE,369304,MÆRSK INSPIRER,22.14167,27.295695625,%,production,OP,32.0,480.7518633431323,271.4825450130276,134.3184762140295,480.7518633431323,148.93054868877098,659.4236804000001,586.2109535610001,5539.435667000001,0.8889746774113574,0.8936217708058526,0,0,0,0,0,0,0,0
2016-08-13,NO 15/9-F-12 H,5599,15/9-F-12,3420717,VOLVE,369304,MÆRSK INSPIRER,0.0,1.6183439583333334,%,production,OP,32.0,29.106515916,162.036163524,7.766784899999999,29.106515916,65.601122,0.0,0.0,0.0,0.8889746774113574,0.8936217708058526,0,0,0,0,0,1,1,0
2016-08-14,NO 15/9-F-12 H,5599,15/9-F-12,3420717,VOLVE,369304,MÆRSK INSPIRER,0.0,0.6186252083333333,%,production,OP,32.0,0.0,129.593048418,0.0,0.0,32.0,0.0,0.0,0.0,0.8889746774113574,0.8936217708058526,0,0,0,0,0,1,1,0
2016-08-15,NO 15/9-F-12 H,5599,15/9-F-12,3420717,VOLVE,369304,MÆRSK INSPIRER,0.0,0.585676875,%,production,OP,32.0,0.0,31.242490542,0.0,0.0,32.0,0.0,0.0,0.0,0.8889746774113574,0.8936217708058526,0,0,0,0,0,1,1,0
2016-08-16,NO 15/9-F-12 H,5599,15/9-F-12,3420717,VOLVE,369304,MÆRSK INSPIRER,0.0,0.5722254166666667,%,production,OP,32.0,0.0,0.047282388,0.0,0.0,32.0,0.0,0.0,0.0,0.8889746774113574,0.8936217708058526,0,0,0,0,0,1,1,0
2016-08-17,NO 15/9-F-12 H,5599,15/9-F-12,3420717,VOLVE,369304,MÆRSK INSPIRER,0.0,0.56005375,%,production,OP,32.0,0.0,0.48080097,0.0,0.0,32.0,0.0,0.0,0.0,0.8889746774113574,0.8936217708058526,0,0,0,0,0,1,1,0
2016-08-18,NO 15/9-F-12 H,5599,15/9-F-12,3420717,VOLVE,369304,MÆRSK INSPIRER,0.0,0.5718972916666667,%,production,OP,32.0,0.0,17.297812032,0.0,0.0,32.0,0.0,0.0,0.0,0.8889746774113574,0.8936217708058526,0,0,0,0,0,1,1,0
2016-08-19,NO 15/9-F-12 H,5599,15/9-F-12,3420717,VOLVE,369304,MÆRSK INSPIRER,0.0,0.575248125,%,production,OP,32.0,0.0,92.293625958,0.002610684,0.0,32.0,0.0,0.0,0.0,0.8889746774113574,0.8936217708058526,0,0,0,0,0,1,1,0
2016-08-20,NO 15/9-F-12 H,5599,15/9-F-12,3420717,VOLVE,369304,MÆRSK INSPIRER,0.0,0.5846325,%,production,OP,32.0,0.0,289.335871086,0.0,0.0,32.0,0.0,0.0,0.0,0.8889746774113574,0.8936217708058526,0,0,0,0,0,1,1,0
2016-08-21,NO 15/9-F-12 H,5599,15/9-F-12,3420717,VOLVE,369304,MÆRSK INSPIRER,0.0,0.5761485416666666,%,production,OP,32.0,0.0,289.44580989,0.0,0.0,32.0,0.0,0.0,0.0,0.8889746774113574,0.8936217708058526,0,0,0,0,0,1,1,0
2016-08-22,NO 15/9-F-12 H,5599,15/9-F-12,3420717,VOLVE,369304,MÆRSK INSPIRER,0.0,0.5605316666666667,%,production,OP,32.0,0.0,289.47771824999995,0.0,0.0,32.0,0.0,0.0,0.0,0.8889746774113574,0.8936217708058526,0,0,0,0,0,1,1,0
2016-08-23,NO 15/9-F-12 H,5599,15/9-F-12,3420717,VOLVE,369304,MÆRSK INSPIRER,0.0,0.5829895833333333,%,production,OP,32.0,0.0,289.389680184,0.0,0.0,32.0,0.0,0.0,0.0,0.8889746774113574,0.8936217708058526,0,0,0,0,0,1,1,0
2016-08-24,NO 15/9-F-12 H,5599,15/9-F-12,3420717,VOLVE,369304,MÆRSK INSPIRER,0.0,0.5986135416666667,%,production,OP,32.0,0.0,289.44261905400003,0.048297654,0.0,32.0,0.0,0.0,0.0,0.8889746774113574,0.8936217708058526,0,0,0,0,0,1,1,0
2016-08-25,NO 15/9-F-12 H,5599,15/9-F-12,3420717,VOLVE,369304,MÆRSK INSPIRER,0.0,0.6542764583333334,%,production,OP,32.0,0.0,289.460893842,0.0,0.0,32.0,0.0,0.0,0.0,0.8889746774113574,0.8936217708058526,0,0,0,0,0,1,1,0
2016-08-26,NO 15/9-F-12 H,5599,15/9-F-12,3420717,VOLVE,369304,MÆRSK INSPIRER,0.0,0.960580625,%,production,OP,32.0,0.0,289.432321356,0.0,0.0,32.0,0.0,0.0,0.0,0.8889746774113574,0.8936217708058526,0,0,0,0,0,1,1,0
2016-08-27,NO 15/9-F-12 H,5599,15/9-F-12,3420717,VOLVE,369304,MÆRSK INSPIRER,0.0,0.9891847916666666,%,production,OP,32.0,0.0,289.458718272,0.0,0.0,32.0,0.0,0.0,0.0,0.8889746774113574,0.8936217708058526,0,0,0,0,0,1,1,0
2016-08-28,NO 15/9-F-12 H,5599,15/9-F-12,3420717,VOLVE,369304,MÆRSK INSPIRER,0.0,0.992211875,%,production,OP,32.0,0.0,289.444649586,0.0,0.0,32.0,0.0,0.0,0.0,0.8889746774113574,0.8936217708058526,0,0,0,0,0,1,1,0
2016-08-29,NO 15/9-F-12 H,5599,15/9-F-12,3420717,VOLVE,369304,MÆRSK INSPIRER,0.0,0.992091875,%,production,OP,32.0,0.0,289.206352152,0.0,0.0,32.0,0.0,0.0,0.0,0.8889746774113574,0.8936217708058526,0,0,0,0,0,1,1,0
2016-08-30,NO 15/9-F-12 H,5599,15/9-F-12,3420717,VOLVE,369304,MÆRSK INSPIRER,0.0,1.240455625,%,production,OP,32.0,0.0,289.41752748,0.0,0.0,32.0,0.0,0.0,0.0,0.8889746774113574,0.8936217708058526,0,0,0,0,0,1,1,0
2016-08-31,NO 15/9-F-12 H,5599,15/9-F-12,3420717,VOLVE,369304,MÆRSK INSPIRER,0.0,1.2893716666666666,%,production,OP,32.0,0.0,289.478878554,0.00362595,0.0,32.0,0.0,0.0,0.0,0.8889746774113574,0.8936217708058526,0,0,0,0,0,1,1,0
2016-09-01,NO 15/9-F-12 H,5599,15/9-F-12,3420717,VOLVE,369304,MÆRSK INSPIRER,0.0,1.3470802083333333,%,production,OP,32.0,0.0,289.24710783,0.0,0.0,32.0,0.0,0.0,0.0,0.8889746774113574,0.8936217708058526,0,0,0,0,0,1,1,0
2016-09-02,NO 15/9-F-12 H,5599,15/9-F-12,3420717,VOLVE,369304,MÆRSK INSPIRER,0.0,1.1922547916666666,%,production,OP,32.0,0.0,289.282932216,0.0,0.0,32.0,0.0,0.0,0.0,0.8889746774113574,0.8936217708058526,0,0,0,0,0,1,1,0
2016-09-03,NO 15/9-F-12 H,5599,15/9-F-12,3420717,VOLVE,369304,MÆRSK INSPIRER,0.0,1.120089375,%,production,OP,32.0,0.0,289.331084832,0.0,0.0,32.0,0.0,0.0,0.0,0.8889746774113574,0.8936217708058526,0,0,0,0,0,1,1,0
2016-09-04,NO 15/9-F-12 H,5599,15/9-F-12,3420717,VOLVE,369304,MÆRSK INSPIRER,0.0,1.13241,%,production,OP,32.0,0.0,289.451176296,0.0,0.0,32.0,0.0,0.0,0.0,0.8889746774113574,0.8936217708058526,0,0,0,0,0,1,1,0
2016-09-05,NO 15/9-F-12 H,5599,15/9-F-12,3420717,VOLVE,369304,MÆRSK INSPIRER,0.0,1.1071183333333334,%,production,OP,32.0,0.0,289.419412974,0.0,0.0,32.0,0.0,0.0,0.0,0.8889746774113574,0.8936217708058526,0,0,0,0,0,1,1,0
2016-09-06,NO 15/9-F-12 H,5599,15/9-F-12,3420717,VOLVE,369304,MÆRSK INSPIRER,0.0,1.1067516666666666,%,production,OP,32.0,0.0,289.47844344,0.0,0.0,32.0,0.0,0.0,0.0,0.8889746774113574,0.8936217708058526,0,0,0,0,0,1,1,0
2016-09-07,NO 15/9-F-12 H,5599,15/9-F-12,3420717,VOLVE,369304,MÆRSK INSPIRER,0.0,1.08746125,%,production,OP,32.0,0.0,289.475687718,0.0,0.0,32.0,0.0,0.0,0.0,0.8889746774113574,0.8936217708058526,0,0,0,0,0,1,1,0
2016-09-08,NO 15/9-F-12 H,5599,15/9-F-12,3420717,VOLVE,369304,MÆRSK INSPIRER,0.0,1.032030625,%,production,OP,32.0,0.0,289.480473972,0.0,0.0,32.0,0.0,0.0,0.0,0.8889746774113574,0.8936217708058526,0,0,0,0,0,1,1,0
2016-09-09,NO 15/9-F-12 H,5599,15/9-F-12,3420717,VOLVE,369304,MÆRSK INSPIRER,0.0,1.010259375,%,production,OP,32.0,0.0,289.47931366800003,0.0,0.0,32.0,0.0,0.0,0.0,0.8889746774113574,0.8936217708058526,0,0,0,0,0,1,1,0
2016-09-10,NO 15/9-F-12 H,5599,15/9-F-12,3420717,VOLVE,369304,MÆRSK INSPIRER,0.0,0.9920752083333332,%,production,OP,32.0,0.0,289.477138098,0.084702192,0.0,32.0,0.0,0.0,0.0,0.8889746774113574,0.8936217708058526,0,0,0,0,0,1,1,0
2016-09-11,NO 15/9-F-12 H,5599,15/9-F-12,3420717,VOLVE,369304,MÆRSK INSPIRER,0.0,1.0038522916666666,%,production,OP,32.0,0.0,289.315855842,0.152870052,0.0,32.0,0.0,0.0,0.0,0.8889746774113574,0.8936217708058526,0,0,0,0,0,1,1,0
2016-09-12,NO 15/9-F-12 H,5599,15/9-F-12,3420717,VOLVE,369304,MÆRSK INSPIRER,0.0,1.010154375,%,production,OP,32.0,0.0,289.477138098,0.170129574,0.0,32.0,0.0,0.0,0.0,0.8889746774113574,0.8936217708058526,0,0,0,0,0,1,1,0
2016-09-13,NO 15/9-F-12 H,5599,15/9-F-12,3420717,VOLVE,369304,MÆRSK INSPIRER,0.0,0.9929072916666668,%,production,OP,32.0,0.0,289.479023592,0.183037956,0.0,32.0,0.0,0.0,0.0,0.8889746774113574,0.8936217708058526,0,0,0,0,0,1,1,0
2016-09-14,NO 15/9-F-12 H,5599,15/9-F-12,3420717,VOLVE,369304,MÆRSK INSPIRER,0.0,0.9730441666666668,%,production,OP,32.0,0.0,289.475977794,0.228289812,0.0,32.0,0.0,0.0,0.0,0.8889746774113574,0.8936217708058526,0,0,0,0,0,1,1,0
2016-09-15,NO 15/9-F-12 H,5599,15/9-F-12,3420717,VOLVE,369304,MÆRSK INSPIRER,0.0,0.977784375,%,production,OP,32.0,0.0,289.479458706,0.3435950219999999,0.0,32.0,0.0,0.0,0.0,0.8889746774113574,0.8936217708058526,0,0,0,0,0,1,1,0
2016-09-16,NO 15/9-F-12 H,5599,15/9-F-12,3420717,VOLVE,369304,MÆRSK INSPIRER,0.0,0.9610066666666668,%,production,OP,32.0,0.0,289.477428174,0.357663708,0.0,32.0,0.0,0.0,0.0,0.8889746774113574,0.8936217708058526,0,0,0,0,0,1,1,0
2016-09-17,NO 15/9-F-12 H,5599,15/9-F-12,3420717,VOLVE,369304,MÆRSK INSPIRER,0.0,0.9033935416666666,%,production,OP,32.0,0.0,289.474382376,0.373327812,0.0,32.0,0.0,0.0,0.0,0.8889746774113574,0.8936217708058526,0,0,0,0,0,1,1,0
