DATEPRD,WELL_BORE_CODE,NPD_WELL_BORE_CODE,NPD_WELL_BORE_NAME,NPD_FIELD_CODE,NPD_FIELD_NAME,NPD_FACILITY_CODE,NPD_FACILITY_NAME,ON_STREAM_HRS,AVG_CHOKE_SIZE_P,AVG_CHOKE_UOM,FLOW_KIND,WELL_TYPE,AVG_DOWNHOLE_PRESSURE_PSI,AVG_DOWNHOLE_TEMPERATURE_F,AVG_DP_TUBING_PSI,AVG_ANNULUS_PRESS_PSI,DP_CHOKE_SIZE_PSI,AVG_WHP_P_PSI,BORE_WI_VOL_STB_D,AVG_WHT_P,BORE_OIL_VOL_STB_D,BORE_GAS_VOL_MSCF_D,BORE_WAT_VOL_STB_D,GOR_MSCF_STB,WCUT
2008-02-12,NO 15/9-F-14 H,5351,15/9-F-14,3420717,VOLVE,369304,MÆRSK INSPIRER,0.0,,%,production,OP,0.0,32.0,0.0,0.0,0.85354863,0.0,,32.0,0.0,0.0,0.0,,
2008-02-13,NO 15/9-F-14 H,5351,15/9-F-14,3420717,VOLVE,369304,MÆRSK INSPIRER,0.0,,%,production,OP,0.0,32.0,0.0,0.0,0.9816171840000001,0.0,,32.0,0.0,0.0,0.0,,
2008-02-14,NO 15/9-F-14 H,5351,15/9-F-14,3420717,VOLVE,369304,MÆRSK INSPIRER,0.0,,%,production,OP,0.0,32.0,0.0,0.0,0.7179381,0.0,,32.0,0.0,0.0,0.0,,
2008-02-15,NO 15/9-F-14 H,5351,15/9-F-14,3420717,VOLVE,369304,MÆRSK INSPIRER,0.0,,%,production,OP,0.0,32.0,0.0,0.000870228,0.96305232,0.0,,32.0,0.0,0.0,0.0,,
2008-02-16,NO 15/9-F-14 H,5351,15/9-F-14,3420717,VOLVE,369304,MÆRSK INSPIRER,0.0,,%,production,OP,0.0,32.0,0.0,0.000870228,1.519853202,0.0,,32.0,0.0,0.0,0.0,,
2008-02-17,NO 15/9-F-14 H,5351,15/9-F-14,3420717,VOLVE,369304,MÆRSK INSPIRER,0.0,,%,production,OP,0.0,32.0,0.0,0.000870228,1.968310698,0.0,,32.0,0.0,0.0,0.0,,
2008-02-18,NO 15/9-F-14 H,5351,15/9-F-14,3420717,VOLVE,369304,MÆRSK INSPIRER,0.0,,%,production,OP,0.0,32.0,0.0,0.0,3.387942642,0.0,,32.0,0.0,0.0,0.0,,
2008-02-19,NO 15/9-F-14 H,5351,15/9-F-14,3420717,VOLVE,369304,MÆRSK INSPIRER,0.0,,%,production,OP,0.0,32.0,0.0,0.0,8.216547738,0.0,,32.0,0.0,0.0,0.0,,
2008-02-20,NO 15/9-F-14 H,5351,15/9-F-14,3420717,VOLVE,369304,MÆRSK INSPIRER,0.0,,%,production,OP,0.0,32.0,0.0,0.001885494,8.898081300000001,0.0,,32.000036,0.0,0.0,0.0,,
2008-02-21,NO 15/9-F-14 H,5351,15/9-F-14,3420717,VOLVE,369304,MÆRSK INSPIRER,0.0,,%,production,OP,0.0,32.0,0.0,0.0,10.730201316,0.0,,32.0,0.0,0.0,0.0,,
2008-02-22,NO 15/9-F-14 H,5351,15/9-F-14,3420717,VOLVE,369304,MÆRSK INSPIRER,0.0,,%,production,OP,0.0,32.0,0.0,0.003916026,14.414166516,0.0,,32.00027,0.0,0.0,0.0,,
2008-02-23,NO 15/9-F-14 H,5351,15/9-F-14,3420717,VOLVE,369304,MÆRSK INSPIRER,0.0,,%,production,OP,0.0,32.0,0.0,0.0,20.234396418,0.0,,32.0,0.0,0.0,0.0,,
2008-02-24,NO 15/9-F-14 H,5351,15/9-F-14,3420717,VOLVE,369304,MÆRSK INSPIRER,0.0,,%,production,OP,0.0,32.0,0.0,0.0,27.659326752000002,0.0,,32.0,0.0,0.0,0.0,,
2008-02-25,NO 15/9-F-14 H,5351,15/9-F-14,3420717,VOLVE,369304,MÆRSK INSPIRER,0.0,,%,production,OP,0.0,32.0,0.0,0.0,41.822577528000004,0.0,,32.0,0.0,0.0,0.0,,
2008-02-26,NO 15/9-F-14 H,5351,15/9-F-14,3420717,VOLVE,369304,MÆRSK INSPIRER,0.0,,%,production,OP,0.0,32.0,0.0,0.0,55.189279608,0.0,,32.0,0.0,0.0,0.0,,
2008-02-27,NO 15/9-F-14 H,5351,15/9-F-14,3420717,VOLVE,369304,MÆRSK INSPIRER,0.0,,%,production,OP,0.0,32.0,0.0,0.001015266,66.80522798999999,0.0,,32.0,0.0,0.0,0.0,,
2008-02-28,NO 15/9-F-14 H,5351,15/9-F-14,3420717,VOLVE,369304,MÆRSK INSPIRER,0.0,,%,production,OP,0.0,32.0,0.0,0.004061064,78.995091738,0.0,,32.0,0.0,0.0,0.0,,
2008-02-29,NO 15/9-F-14 H,5351,15/9-F-14,3420717,VOLVE,369304,MÆRSK INSPIRER,0.0,,%,production,OP,0.0,32.0,0.0,0.000870228,92.30798472,0.0,,32.0,0.0,0.0,0.0,,
2008-03-01,NO 15/9-F-14 H,5351,15/9-F-14,3420717,VOLVE,369304,MÆRSK INSPIRER,0.0,,%,production,OP,0.0,32.0,0.0,0.010007621999999999,105.51659538,0.0,,32.000036,0.0,0.0,0.0,,
2008-03-02,NO 15/9-F-14 H,5351,15/9-F-14,3420717,VOLVE,369304,MÆRSK INSPIRER,0.0,,%,production,OP,0.0,32.0,0.0,0.01522899,117.74474916,0.0,,32.000234,0.0,0.0,0.0,,
2008-03-03,NO 15/9-F-14 H,5351,15/9-F-14,3420717,VOLVE,369304,MÆRSK INSPIRER,0.0,,%,production,OP,0.0,32.0,0.0,0.056274744,129.799002378,0.0,,32.005418,0.0,0.0,0.0,,
2008-03-04,NO 15/9-F-14 H,5351,15/9-F-14,3420717,VOLVE,369304,MÆRSK INSPIRER,0.0,,%,production,OP,0.0,32.0,0.0,0.090503712,140.989699344,0.0,,32.010872,0.0,0.0,0.0,,
2008-03-05,NO 15/9-F-14 H,5351,15/9-F-14,3420717,VOLVE,369304,MÆRSK INSPIRER,0.0,,%,production,OP,0.0,32.0,0.0,0.051198414000000005,156.41478072,0.0,,32.0,0.0,0.0,0.0,,
2008-03-06,NO 15/9-F-14 H,5351,15/9-F-14,3420717,VOLVE,369304,MÆRSK INSPIRER,0.0,,%,production,OP,0.0,32.0,0.0,0.0,172.756792332,0.0,,32.0,0.0,0.0,0.0,,
2008-03-07,NO 15/9-F-14 H,5351,15/9-F-14,3420717,VOLVE,369304,MÆRSK INSPIRER,0.0,,%,production,OP,0.0,32.0,0.0,0.000870228,186.731928822,0.0,,32.0,0.0,0.0,0.0,,
2008-03-08,NO 15/9-F-14 H,5351,15/9-F-14,3420717,VOLVE,369304,MÆRSK INSPIRER,0.0,,%,production,OP,0.0,32.0,0.0,0.0,201.772369422,0.0,,32.0,0.0,0.0,0.0,,
2008-03-09,NO 15/9-F-14 H,5351,15/9-F-14,3420717,VOLVE,369304,MÆRSK INSPIRER,0.0,,%,production,OP,0.0,32.0,0.0,0.0,217.49898480000002,0.0,,32.0,0.0,0.0,0.0,,
2008-03-10,NO 15/9-F-14 H,5351,15/9-F-14,3420717,VOLVE,369304,MÆRSK INSPIRER,0.0,,%,production,OP,0.0,32.0,0.0,0.001885494,229.94672611200002,0.0,,32.0,0.0,0.0,0.0,,
2008-03-11,NO 15/9-F-14 H,5351,15/9-F-14,3420717,VOLVE,369304,MÆRSK INSPIRER,0.0,,%,production,OP,0.0,32.0,0.0,0.003045798,236.05239079800003,0.0,,32.0,0.0,0.0,0.0,,
2008-03-12,NO 15/9-F-14 H,5351,15/9-F-14,3420717,VOLVE,369304,MÆRSK INSPIRER,0.0,,%,production,OP,0.0,32.0,0.0,0.000870228,239.217119958,0.0,,32.0,0.0,0.0,0.0,,
2008-03-13,NO 15/9-F-14 H,5351,15/9-F-14,3420717,VOLVE,369304,MÆRSK INSPIRER,0.0,,%,production,OP,0.0,32.0,0.0,0.000870228,259.128806826,0.0,,32.0,0.0,0.0,0.0,,
2008-03-14,NO 15/9-F-14 H,5351,15/9-F-14,3420717,VOLVE,369304,MÆRSK INSPIRER,0.0,,%,production,OP,0.0,32.0,0.0,0.000870228,368.342710902,0.0,,32.000054,0.0,0.0,0.0,,
2008-03-15,NO 15/9-F-14 H,5351,15/9-F-14,3420717,VOLVE,369304,MÆRSK INSPIRER,0.0,,%,production,OP,0.0,32.0,0.0,0.0,455.68836549,0.0,,32.0,0.0,0.0,0.0,,
2008-03-16,NO 15/9-F-14 H,5351,15/9-F-14,3420717,VOLVE,369304,MÆRSK INSPIRER,0.0,,%,production,OP,0.0,32.0,0.0,0.003045798,451.92172863,0.0,,32.0,0.0,0.0,0.0,,
2008-03-17,NO 15/9-F-14 H,5351,15/9-F-14,3420717,VOLVE,369304,MÆRSK INSPIRER,0.0,,%,production,OP,0.0,32.0,0.0,0.030022866,448.997617512,0.0,,32.001818,0.0,0.0,0.0,,
2008-03-18,NO 15/9-F-14 H,5351,15/9-F-14,3420717,VOLVE,369304,MÆRSK INSPIRER,0.0,,%,production,OP,0.0,32.0,0.0,0.029587752000000002,448.17554212799996,0.0,,32.001494,0.0,0.0,0.0,,
2008-03-19,NO 15/9-F-14 H,5351,15/9-F-14,3420717,VOLVE,369304,MÆRSK INSPIRER,0.0,,%,production,OP,0.0,32.0,0.0,0.021610662,443.296608846,0.0,,32.00081,0.0,0.0,0.0,,
2008-03-20,NO 15/9-F-14 H,5351,15/9-F-14,3420717,VOLVE,369304,MÆRSK INSPIRER,0.0,,%,production,OP,0.0,32.0,0.0,0.009717546,439.691689356,0.0,,32.000468,0.0,0.0,0.0,,
2008-03-21,NO 15/9-F-14 H,5351,15/9-F-14,3420717,VOLVE,369304,MÆRSK INSPIRER,0.0,,%,production,OP,0.0,32.0,0.0,0.01885494,438.43217936400004,0.0,,32.001638,0.0,0.0,0.0,,
2008-03-22,NO 15/9-F-14 H,5351,15/9-F-14,3420717,VOLVE,369304,MÆRSK INSPIRER,0.0,,%,production,OP,0.0,32.0,0.0,0.046557198,440.842420848,0.0,,32.00414,0.0,0.0,0.0,,
2008-03-23,NO 15/9-F-14 H,5351,15/9-F-14,3420717,VOLVE,369304,MÆRSK INSPIRER,0.0,,%,production,OP,0.0,32.0,0.0,0.102541866,442.38185418,0.0,,32.011844,0.0,0.0,0.0,,
2008-03-24,NO 15/9-F-14 H,5351,15/9-F-14,3420717,VOLVE,369304,MÆRSK INSPIRER,0.0,,%,production,OP,0.0,32.0,0.0,0.138801366,442.517319672,0.0,,32.016848,0.0,0.0,0.0,,
2008-03-25,NO 15/9-F-14 H,5351,15/9-F-14,3420717,VOLVE,369304,MÆRSK INSPIRER,0.0,,%,production,OP,0.0,32.0,0.0,0.108633462,443.54027268600004,0.0,,32.01413,0.0,0.0,0.0,,
2008-03-26,NO 15/9-F-14 H,5351,15/9-F-14,3420717,VOLVE,369304,MÆRSK INSPIRER,0.0,,%,production,OP,0.0,32.0,0.0,0.034228968,258.991600878,0.0,,32.00387,0.0,0.0,0.0,,
2008-03-27,NO 15/9-F-14 H,5351,15/9-F-14,3420717,VOLVE,369304,MÆRSK INSPIRER,0.0,,%,production,OP,0.0,32.0,0.0,0.054679326,21.519143021999998,0.0,,32.005742,0.0,0.0,0.0,,
2008-03-28,NO 15/9-F-14 H,5351,15/9-F-14,3420717,VOLVE,369304,MÆRSK INSPIRER,0.0,,%,production,OP,0.0,32.0,0.0,0.026541954,16.48791984,0.0,,32.001602,0.0,0.0,0.0,,
2008-03-29,NO 15/9-F-14 H,5351,15/9-F-14,3420717,VOLVE,369304,MÆRSK INSPIRER,0.0,,%,production,OP,0.0,32.0,0.0,0.000580152,377.963661594,0.0,,32.0,0.0,0.0,0.0,,
2008-03-30,NO 15/9-F-14 H,5351,15/9-F-14,3420717,VOLVE,369304,MÆRSK INSPIRER,0.0,0.0,%,production,OP,0.0,32.0,0.0,0.0,308.437665762,0.0,,32.0,0.0,0.0,0.0,,
2008-03-31,NO 15/9-F-14 H,5351,15/9-F-14,3420717,VOLVE,369304,MÆRSK INSPIRER,0.0,,%,production,OP,0.0,32.0,0.0,0.0,46.408969164,0.0,,32.0,0.0,0.0,0.0,,
2008-04-01,NO 15/9-F-14 H,5351,15/9-F-14,3420717,VOLVE,369304,MÆRSK INSPIRER,0.0,,%,production,OP,0.0,32.0,0.0,0.0,441.22401582599997,0.0,,32.0,0.0,0.0,0.0,,
2008-04-02,NO 15/9-F-14 H,5351,15/9-F-14,3420717,VOLVE,369304,MÆRSK INSPIRER,0.0,,%,production,OP,0.0,32.0,0.0,0.0,445.3536828,0.0,,32.0,0.0,0.0,0.0,,
2008-04-03,NO 15/9-F-14 H,5351,15/9-F-14,3420717,VOLVE,369304,MÆRSK INSPIRER,0.0,,%,production,OP,0.0,32.0,0.0,0.0,445.018935096,0.0,,32.0,0.0,0.0,0.0,,
2008-04-04,NO 15/9-F-14 H,5351,15/9-F-14,3420717,VOLVE,369304,MÆRSK INSPIRER,0.0,,%,production,OP,0.0,32.0,0.0,0.0,445.410537696,0.0,,32.0,0.0,0.0,0.0,,
2008-04-05,NO 15/9-F-14 H,5351,15/9-F-14,3420717,VOLVE,369304,MÆRSK INSPIRER,0.0,,%,production,OP,0.0,32.0,0.0,0.0,446.950261104,0.0,,32.0,0.0,0.0,0.0,,
2008-04-06,NO 15/9-F-14 H,5351,15/9-F-14,3420717,VOLVE,369304,MÆRSK INSPIRER,0.0,,%,production,OP,0.0,32.0,0.0,0.0,458.018691036,0.0,,32.0,0.0,0.0,0.0,,
2008-04-07,NO 15/9-F-14 H,5351,15/9-F-14,3420717,VOLVE,369304,MÆRSK INSPIRER,0.0,,%,production,OP,0.0,32.0,0.0,0.0,455.096320374,0.0,,32.0,0.0,0.0,0.0,,
2008-04-08,NO 15/9-F-14 H,5351,15/9-F-14,3420717,VOLVE,369304,MÆRSK INSPIRER,0.0,,%,production,OP,0.0,32.0,0.0,0.0,455.325625452,0.0,,32.0,0.0,0.0,0.0,,
2008-04-09,NO 15/9-F-14 H,5351,15/9-F-14,3420717,VOLVE,369304,MÆRSK INSPIRER,0.0,,%,production,OP,0.0,32.0,0.0,0.0,450.704424696,0.0,,32.0,0.0,0.0,0.0,,
2008-04-10,NO 15/9-F-14 H,5351,15/9-F-14,3420717,VOLVE,369304,MÆRSK INSPIRER,0.0,,%,production,OP,0.0,32.0,0.0,0.0,453.42142155000005,0.0,,32.0,0.0,0.0,0.0,,
2008-04-11,NO 15/9-F-14 H,5351,15/9-F-14,3420717,VOLVE,369304,MÆRSK INSPIRER,0.0,,%,production,OP,0.0,32.0,0.0,0.0,452.99573502,0.0,,32.0,0.0,0.0,0.0,,
2008-04-12,NO 15/9-F-14 H,5351,15/9-F-14,3420717,VOLVE,369304,MÆRSK INSPIRER,0.0,,%,production,OP,0.0,32.0,0.0,0.0,258.106143888,0.0,,32.0,0.0,0.0,0.0,,
2008-04-13,NO 15/9-F-14 H,5351,15/9-F-14,3420717,VOLVE,369304,MÆRSK INSPIRER,0.0,,%,production,OP,0.0,32.0,0.0,0.0,33.24923631,0.0,,32.0,0.0,0.0,0.0,,
2008-04-14,NO 15/9-F-14 H,5351,15/9-F-14,3420717,VOLVE,369304,MÆRSK INSPIRER,0.0,,%,production,OP,0.0,32.0,0.0,0.0,164.625236862,0.0,,32.0,0.0,0.0,0.0,,
2008-04-15,NO 15/9-F-14 H,5351,15/9-F-14,3420717,VOLVE,369304,MÆRSK INSPIRER,0.0,,%,production,OP,0.0,32.0,0.0,0.0,416.596418388,0.0,,32.0,0.0,0.0,0.0,,
2008-04-16,NO 15/9-F-14 H,5351,15/9-F-14,3420717,VOLVE,369304,MÆRSK INSPIRER,0.0,,%,production,OP,0.0,32.0,0.0,0.0,451.162164624,0.0,,32.0,0.0,0.0,0.0,,
2008-04-17,NO 15/9-F-14 H,5351,15/9-F-14,3420717,VOLVE,369304,MÆRSK INSPIRER,0.0,,%,production,OP,0.0,32.0,0.0,0.0,366.21732405,0.0,,32.0,0.0,0.0,0.0,,
2008-04-18,NO 15/9-F-14 H,5351,15/9-F-14,3420717,VOLVE,369304,MÆRSK INSPIRER,0.0,,%,production,OP,0.0,32.0,0.0,0.0,435.603648288,0.0,,32.0,0.0,0.0,0.0,,
2008-04-19,NO 15/9-F-14 H,5351,15/9-F-14,3420717,VOLVE,369304,MÆRSK INSPIRER,0.0,,%,production,OP,0.0,32.0,0.0,0.0,395.56938929999995,0.0,,32.0,0.0,0.0,0.0,,
2008-04-20,NO 15/9-F-14 H,5351,15/9-F-14,3420717,VOLVE,369304,MÆRSK INSPIRER,0.0,,%,production,OP,0.0,32.0,0.0,0.0,451.908385134,0.0,,32.0,0.0,0.0,0.0,,
2008-04-21,NO 15/9-F-14 H,5351,15/9-F-14,3420717,VOLVE,369304,MÆRSK INSPIRER,0.0,,%,production,OP,0.0,32.0,0.0,0.0,452.422544844,0.0,,32.0,0.0,0.0,0.0,,
2008-04-22,NO 15/9-F-14 H,5351,15/9-F-14,3420717,VOLVE,369304,MÆRSK INSPIRER,0.0,,%,production,OP,0.0,32.0,0.0,0.0,452.902040472,0.0,,32.0,0.0,0.0,0.0,,
2008-04-23,NO 15/9-F-14 H,5351,15/9-F-14,3420717,VOLVE,369304,MÆRSK INSPIRER,0.0,,%,production,OP,0.0,32.0,0.0,0.0,452.239796964,0.0,,32.0,0.0,0.0,0.0,,
2008-04-24,NO 15/9-F-14 H,5351,15/9-F-14,3420717,VOLVE,369304,MÆRSK INSPIRER,0.0,,%,production,OP,0.0,32.0,0.0,0.0,452.344369362,0.0,,32.0,0.0,0.0,0.0,,
2008-04-25,NO 15/9-F-14 H,5351,15/9-F-14,3420717,VOLVE,369304,MÆRSK INSPIRER,0.0,,%,production,OP,0.0,32.0,0.0,0.0,452.85649853999996,0.0,,32.0,0.0,0.0,0.0,,
2008-04-26,NO 15/9-F-14 H,5351,15/9-F-14,3420717,VOLVE,369304,MÆRSK INSPIRER,0.0,,%,production,OP,0.0,32.0,0.0,0.0,453.011109048,0.0,,32.0,0.0,0.0,0.0,,
2008-04-27,NO 15/9-F-14 H,5351,15/9-F-14,3420717,VOLVE,369304,MÆRSK INSPIRER,0.0,,%,production,OP,0.0,32.0,0.0,0.0,343.156572126,0.0,,32.0,0.0,0.0,0.0,,
2008-04-29,NO 15/9-F-14 H,5351,15/9-F-14,3420717,VOLVE,369304,MÆRSK INSPIRER,0.0,,%,production,OP,0.0,32.0,0.0,0.0,11.424933336,0.0,,32.0,0.0,0.0,0.0,,
2008-04-30,NO 15/9-F-14 H,5351,15/9-F-14,3420717,VOLVE,369304,MÆRSK INSPIRER,0.0,,%,production,OP,0.0,32.0,0.0,0.0,118.12213803600001,0.0,,32.0,0.0,0.0,0.0,,
2008-05-01,NO 15/9-F-14 H,5351,15/9-F-14,3420717,VOLVE,369304,MÆRSK INSPIRER,0.0,,%,production,OP,0.0,32.0,0.0,0.0,264.612258492,0.0,,32.0,0.0,0.0,0.0,,
2008-05-02,NO 15/9-F-14 H,5351,15/9-F-14,3420717,VOLVE,369304,MÆRSK INSPIRER,0.0,,%,production,OP,0.0,32.0,0.0,0.0,0.0,0.0,,32.0,0.0,0.0,0.0,,
2008-05-03,NO 15/9-F-14 H,5351,15/9-F-14,3420717,VOLVE,369304,MÆRSK INSPIRER,0.0,,%,production,OP,0.0,32.0,0.0,0.0,437.04779165400004,0.0,,32.0,0.0,0.0,0.0,,
2008-05-04,NO 15/9-F-14 H,5351,15/9-F-14,3420717,VOLVE,369304,MÆRSK INSPIRER,0.0,,%,production,OP,0.0,32.0,0.0,0.0,458.419576068,0.0,,32.0,0.0,0.0,0.0,,
2008-05-05,NO 15/9-F-14 H,5351,15/9-F-14,3420717,VOLVE,369304,MÆRSK INSPIRER,0.0,,%,production,OP,0.0,32.0,0.0,0.0,456.76585279200003,0.0,,32.0,0.0,0.0,0.0,,
2008-05-06,NO 15/9-F-14 H,5351,15/9-F-14,3420717,VOLVE,369304,MÆRSK INSPIRER,0.0,,%,production,OP,0.0,32.0,0.0,0.0,452.906101536,0.0,,32.0,0.0,0.0,0.0,,
2008-05-07,NO 15/9-F-14 H,5351,15/9-F-14,3420717,VOLVE,369304,MÆRSK INSPIRER,0.0,,%,production,OP,0.0,32.0,0.0,0.0,453.070719666,0.0,,32.0,0.0,0.0,0.0,,
2008-05-08,NO 15/9-F-14 H,5351,15/9-F-14,3420717,VOLVE,369304,MÆRSK INSPIRER,0.0,,%,production,OP,0.0,32.0,0.0,0.0,454.733725374,0.0,,32.0,0.0,0.0,0.0,,
2008-05-09,NO 15/9-F-14 H,5351,15/9-F-14,3420717,VOLVE,369304,MÆRSK INSPIRER,0.0,,%,production,OP,0.0,32.0,0.0,0.0,460.279108266,0.0,,32.0,0.0,0.0,0.0,,
2008-05-10,NO 15/9-F-14 H,5351,15/9-F-14,3420717,VOLVE,369304,MÆRSK INSPIRER,0.0,,%,production,OP,0.0,32.0,0.0,0.0,460.52349729599996,0.0,,32.0,0.0,0.0,0.0,,
2008-05-11,NO 15/9-F-14 H,5351,15/9-F-14,3420717,VOLVE,369304,MÆRSK INSPIRER,0.0,,%,production,OP,0.0,32.0,0.0,0.0,460.661428434,0.0,,32.0,0.0,0.0,0.0,,
2008-05-12,NO 15/9-F-14 H,5351,15/9-F-14,3420717,VOLVE,369304,MÆRSK INSPIRER,0.0,,%,production,OP,0.0,32.0,0.0,0.0,460.968328842,0.0,,32.0,0.0,0.0,0.0,,
2008-05-13,NO 15/9-F-14 H,5351,15/9-F-14,3420717,VOLVE,369304,MÆRSK INSPIRER,0.0,,%,production,OP,0.0,32.0,0.0,0.0,461.688442512,0.0,,32.0,0.0,0.0,0.0,,
2008-05-14,NO 15/9-F-14 H,5351,15/9-F-14,3420717,VOLVE,369304,MÆRSK INSPIRER,0.0,,%,production,OP,0.0,32.0,0.0,0.0,461.49423663000005,0.0,,32.0,0.0,0.0,0.0,,
2008-05-15,NO 15/9-F-14 H,5351,15/9-F-14,3420717,VOLVE,369304,MÆRSK INSPIRER,0.0,,%,production,OP,0.0,32.0,0.0,0.0,464.951797512,0.0,,32.0,0.0,0.0,0.0,,
2008-05-16,NO 15/9-F-14 H,5351,15/9-F-14,3420717,VOLVE,369304,MÆRSK INSPIRER,0.0,0.0,%,production,OP,0.0,32.0,0.0,0.0,476.412990348,0.0,,32.0,0.0,0.0,0.0,,
2008-05-17,NO 15/9-F-14 H,5351,15/9-F-14,3420717,VOLVE,369304,MÆRSK INSPIRER,0.0,,%,production,OP,0.0,32.0,0.0,0.0,476.36092170600006,0.0,,32.0,0.0,0.0,0.0,,
2008-05-18,NO 15/9-F-14 H,5351,15/9-F-14,3420717,VOLVE,369304,MÆRSK INSPIRER,0.0,,%,production,OP,0.0,32.0,0.0,0.0,467.377122948,0.0,,32.0,0.0,0.0,0.0,,
2008-05-19,NO 15/9-F-14 H,5351,15/9-F-14,3420717,VOLVE,369304,MÆRSK INSPIRER,0.0,,%,production,OP,0.0,32.0,0.0,0.0,461.997228414,0.0,,32.0,0.0,0.0,0.0,,
2008-05-20,NO 15/9-F-14 H,5351,15/9-F-14,3420717,VOLVE,369304,MÆRSK INSPIRER,0.0,0.0,%,production,OP,1704.186202302,66.514766,1704.186202302,0.0,462.579410946,0.0,,32.0,0.0,0.0,0.0,,
2008-05-21,NO 15/9-F-14 H,5351,15/9-F-14,3420717,VOLVE,369304,MÆRSK INSPIRER,0.0,,%,production,OP,3481.0448548080003,102.48385999999999,3481.0448548080003,0.0,462.34488450000003,0.0,,32.0,0.0,0.0,0.0,,
2008-05-22,NO 15/9-F-14 H,5351,15/9-F-14,3420717,VOLVE,369304,MÆRSK INSPIRER,0.0,,%,production,OP,1412.1498686940001,60.593072,1412.1498686940001,0.0,462.348945564,0.0,,32.0,0.0,0.0,0.0,,
2008-05-23,NO 15/9-F-14 H,5351,15/9-F-14,3420717,VOLVE,369304,MÆRSK INSPIRER,0.0,,%,production,OP,0.0,32.0,0.0,0.0,462.38680048199996,0.0,,32.0,0.0,0.0,0.0,,
2008-05-24,NO 15/9-F-14 H,5351,15/9-F-14,3420717,VOLVE,369304,MÆRSK INSPIRER,0.0,,%,production,OP,0.0,32.0,0.0,0.0,462.40797603,0.0,,32.0,0.0,0.0,0.0,,
2008-05-25,NO 15/9-F-14 H,5351,15/9-F-14,3420717,VOLVE,369304,MÆRSK INSPIRER,0.0,,%,production,OP,0.0,32.0,0.0,0.0,462.381144,0.0,,32.0,0.0,0.0,0.0,,
2008-05-26,NO 15/9-F-14 H,5351,15/9-F-14,3420717,VOLVE,369304,MÆRSK INSPIRER,0.0,,%,production,OP,0.0,32.0,0.0,0.0,462.4101516,0.0,,32.0,0.0,0.0,0.0,,
2008-05-27,NO 15/9-F-14 H,5351,15/9-F-14,3420717,VOLVE,369304,MÆRSK INSPIRER,0.0,,%,production,OP,0.0,32.0,0.0,0.0,462.402754662,0.0,,32.0,0.0,0.0,0.0,,
2008-05-28,NO 15/9-F-14 H,5351,15/9-F-14,3420717,VOLVE,369304,MÆRSK INSPIRER,0.0,,%,production,OP,0.0,32.0,0.0,0.0,462.39187681199996,0.0,,32.0,0.0,0.0,0.0,,
2008-05-29,NO 15/9-F-14 H,5351,15/9-F-14,3420717,VOLVE,369304,MÆRSK INSPIRER,0.0,,%,production,OP,0.0,32.0,0.0,0.0,462.48368586600003,0.0,,32.0,0.0,0.0,0.0,,
2008-05-30,NO 15/9-F-14 H,5351,15/9-F-14,3420717,VOLVE,369304,MÆRSK INSPIRER,0.0,,%,production,OP,0.0,32.0,0.0,0.0,457.089867684,0.0,,32.0,0.0,0.0,0.0,,
2008-05-31,NO 15/9-F-14 H,5351,15/9-F-14,3420717,VOLVE,369304,MÆRSK INSPIRER,0.0,,%,production,OP,0.0,32.0,0.0,0.0,64.91059659599999,0.0,,32.0,0.0,0.0,0.0,,
2008-06-01,NO 15/9-F-14 H,5351,15/9-F-14,3420717,VOLVE,369304,MÆRSK INSPIRER,0.0,,%,production,OP,0.0,32.0,0.0,0.0,58.57867263,0.0,,32.0,0.0,0.0,0.0,,
2008-06-02,NO 15/9-F-14 H,5351,15/9-F-14,3420717,VOLVE,369304,MÆRSK INSPIRER,0.0,,%,production,OP,0.0,32.0,0.0,0.0,161.72172114,0.0,,32.0,0.0,0.0,0.0,,
2008-06-03,NO 15/9-F-14 H,5351,15/9-F-14,3420717,VOLVE,369304,MÆRSK INSPIRER,0.0,,%,production,OP,0.0,32.0,0.0,0.0,204.203061264,0.0,,32.0,0.0,0.0,0.0,,
2008-06-04,NO 15/9-F-14 H,5351,15/9-F-14,3420717,VOLVE,369304,MÆRSK INSPIRER,0.0,,%,production,OP,0.0,32.0,0.0,0.0,441.936297444,0.0,,32.0,0.0,0.0,0.0,,
2008-06-05,NO 15/9-F-14 H,5351,15/9-F-14,3420717,VOLVE,369304,MÆRSK INSPIRER,0.0,,%,production,OP,0.0,32.0,0.0,0.0,462.20564801999996,0.0,,32.0,0.0,0.0,0.0,,
2008-06-06,NO 15/9-F-14 H,5351,15/9-F-14,3420717,VOLVE,369304,MÆRSK INSPIRER,0.0,,%,production,OP,0.0,32.0,0.0,0.0,462.19767092999996,0.0,,32.0,0.0,0.0,0.0,,
2008-06-07,NO 15/9-F-14 H,5351,15/9-F-14,3420717,VOLVE,369304,MÆRSK INSPIRER,0.0,,%,production,OP,0.0,32.0,0.0,0.0,462.65541085800004,0.0,,32.0,0.0,0.0,0.0,,
2008-06-08,NO 15/9-F-14 H,5351,15/9-F-14,3420717,VOLVE,369304,MÆRSK INSPIRER,0.0,,%,production,OP,0.0,32.0,0.0,0.0,462.261197574,0.0,,32.0,0.0,0.0,0.0,,
2008-06-09,NO 15/9-F-14 H,5351,15/9-F-14,3420717,VOLVE,369304,MÆRSK INSPIRER,0.0,,%,production,OP,0.0,32.0,0.0,0.0,462.477884346,0.0,,32.0,0.0,0.0,0.0,,
2008-06-10,NO 15/9-F-14 H,5351,15/9-F-14,3420717,VOLVE,369304,MÆRSK INSPIRER,0.0,,%,production,OP,0.0,32.0,0.0,0.0,462.512548428,0.0,,32.0,0.0,0.0,0.0,,
2008-06-11,NO 15/9-F-14 H,5351,15/9-F-14,3420717,VOLVE,369304,MÆRSK INSPIRER,0.0,,%,production,OP,0.0,32.0,0.0,0.0,462.696311574,0.0,,32.0,0.0,0.0,0.0,,
2008-06-12,NO 15/9-F-14 H,5351,15/9-F-14,3420717,VOLVE,369304,MÆRSK INSPIRER,0.0,,%,production,OP,0.0,32.0,0.0,0.0,462.64322766600003,0.0,,32.0,0.0,0.0,0.0,,
2008-06-13,NO 15/9-F-14 H,5351,15/9-F-14,3420717,VOLVE,369304,MÆRSK INSPIRER,0.0,,%,production,OP,0.0,32.0,0.0,0.0,462.62814371400003,0.0,,32.0,0.0,0.0,0.0,,
2008-06-14,NO 15/9-F-14 H,5351,15/9-F-14,3420717,VOLVE,369304,MÆRSK INSPIRER,0.0,,%,production,OP,0.0,32.0,0.0,0.0,302.74289373,0.0,,32.0,0.0,0.0,0.0,,
2008-06-15,NO 15/9-F-14 H,5351,15/9-F-14,3420717,VOLVE,369304,MÆRSK INSPIRER,0.0,,%,production,OP,0.0,32.0,0.0,0.0,432.242102562,0.0,,32.0,0.0,0.0,0.0,,
2008-06-16,NO 15/9-F-14 H,5351,15/9-F-14,3420717,VOLVE,369304,MÆRSK INSPIRER,0.0,,%,production,OP,0.0,32.0,0.0,0.0,462.403334814,0.0,,32.0,0.0,0.0,0.0,,
2008-06-17,NO 15/9-F-14 H,5351,15/9-F-14,3420717,VOLVE,369304,MÆRSK INSPIRER,0.0,,%,production,OP,0.0,32.0,0.0,0.0,462.20057169,0.0,,32.0,0.0,0.0,0.0,,
2008-06-18,NO 15/9-F-14 H,5351,15/9-F-14,3420717,VOLVE,369304,MÆRSK INSPIRER,0.0,,%,production,OP,0.0,32.0,0.0,0.0,462.73126573200005,0.0,,32.0,0.0,0.0,0.0,,
2008-06-19,NO 15/9-F-14 H,5351,15/9-F-14,3420717,VOLVE,369304,MÆRSK INSPIRER,0.0,,%,production,OP,0.0,32.0,0.0,0.0,462.89095257,0.0,,32.0,0.0,0.0,0.0,,
2008-06-20,NO 15/9-F-14 H,5351,15/9-F-14,3420717,VOLVE,369304,MÆRSK INSPIRER,0.0,,%,production,OP,0.0,32.0,0.0,0.0,447.655000746,0.0,,32.0,0.0,0.0,0.0,,
2008-06-21,NO 15/9-F-14 H,5351,15/9-F-14,3420717,VOLVE,369304,MÆRSK INSPIRER,0.0,,%,production,OP,0.0,32.0,0.0,0.0,461.84363317199995,0.0,,32.0,0.0,0.0,0.0,,
2008-06-22,NO 15/9-F-14 H,5351,15/9-F-14,3420717,VOLVE,369304,MÆRSK INSPIRER,0.0,,%,production,OP,0.0,32.0,0.0,0.0,186.350333844,0.0,,32.0,0.0,0.0,0.0,,
2008-06-23,NO 15/9-F-14 H,5351,15/9-F-14,3420717,VOLVE,369304,MÆRSK INSPIRER,0.0,,%,production,OP,0.0,32.0,0.0,0.0,8.067448674,0.0,,32.0,0.0,0.0,0.0,,
2008-06-24,NO 15/9-F-14 H,5351,15/9-F-14,3420717,VOLVE,369304,MÆRSK INSPIRER,0.0,,%,production,OP,0.0,32.0,0.0,0.0,3.8591711039999996,0.0,,32.0,0.0,0.0,0.0,,
2008-06-25,NO 15/9-F-14 H,5351,15/9-F-14,3420717,VOLVE,369304,MÆRSK INSPIRER,0.0,0.0,%,production,OP,0.0,32.0,0.0,0.0,15.160677102000001,0.0,,32.0,0.0,0.0,0.0,,
2008-06-26,NO 15/9-F-14 H,5351,15/9-F-14,3420717,VOLVE,369304,MÆRSK INSPIRER,0.0,,%,production,OP,0.0,32.0,0.0,0.0,35.391012456,0.0,,32.0,0.0,0.0,0.0,,
2008-06-27,NO 15/9-F-14 H,5351,15/9-F-14,3420717,VOLVE,369304,MÆRSK INSPIRER,0.0,0.0,%,production,OP,0.0,32.0,0.0,0.0,40.29228159,0.0,,32.0,0.0,0.0,0.0,,
2008-06-28,NO 15/9-F-14 H,5351,15/9-F-14,3420717,VOLVE,369304,MÆRSK INSPIRER,0.0,,%,production,OP,0.0,32.0,0.0,0.0,0.0,0.0,,32.0,0.0,0.0,0.0,,
2008-06-29,NO 15/9-F-14 H,5351,15/9-F-14,3420717,VOLVE,369304,MÆRSK INSPIRER,0.0,,%,production,OP,12.43265736,35.88791,12.43265736,0.0,0.0,0.0,,32.0,0.0,0.0,0.0,,
2008-06-30,NO 15/9-F-14 H,5351,15/9-F-14,3420717,VOLVE,369304,MÆRSK INSPIRER,0.0,,%,production,OP,2169.11943495,123.868598,2169.11943495,0.0,45.340329180000005,0.0,,32.0,0.0,0.0,0.0,,
2008-07-01,NO 15/9-F-14 H,5351,15/9-F-14,3420717,VOLVE,369304,MÆRSK INSPIRER,0.0,,%,production,OP,3773.8768668840003,201.371108,3723.435986358,14.248243044,99.93263238,50.440880526,,32.0,0.0,0.0,0.0,,
2008-07-02,NO 15/9-F-14 H,5351,15/9-F-14,3420717,VOLVE,369304,MÆRSK INSPIRER,0.0,,%,production,OP,3787.006286796,201.63178399999998,3716.0391933959995,90.20783448,118.85153413799999,70.9670934,,57.814718,0.0,0.0,0.0,,
2008-07-03,NO 15/9-F-14 H,5351,15/9-F-14,3420717,VOLVE,369304,MÆRSK INSPIRER,0.0,,%,production,OP,3837.944647662,201.853922,3819.5180048760003,73.831448862,216.90418396200002,18.426642786,,58.685323999999994,0.0,0.0,0.0,,
2008-07-04,NO 15/9-F-14 H,5351,15/9-F-14,3420717,VOLVE,369304,MÆRSK INSPIRER,0.0,,%,production,OP,3712.456899834,202.01000000000002,3677.8438712099996,73.831448862,244.09445782199998,34.613028624,,58.88606,0.0,0.0,0.0,,
2008-07-05,NO 15/9-F-14 H,5351,15/9-F-14,3420717,VOLVE,369304,MÆRSK INSPIRER,0.0,,%,production,OP,3800.740225092,201.831044,3757.9094884260003,73.831448862,268.926123726,42.830736666,,58.777519999999996,0.0,0.0,0.0,,
2008-07-06,NO 15/9-F-14 H,5351,15/9-F-14,3420717,VOLVE,369304,MÆRSK INSPIRER,0.0,,%,production,OP,3777.8001447839997,197.369834,3602.2985083020003,73.831448862,160.94431746,175.501636482,,59.331524,0.0,0.0,0.0,,
2008-07-07,NO 15/9-F-14 H,5351,15/9-F-14,3420717,VOLVE,369304,MÆRSK INSPIRER,0.0,,%,production,OP,3704.838778884,198.187052,3563.018882028,73.831448862,209.944245456,141.81989685599999,,58.304354000000004,0.0,0.0,0.0,,
2008-07-08,NO 15/9-F-14 H,5351,15/9-F-14,3420717,VOLVE,369304,MÆRSK INSPIRER,0.0,,%,production,OP,3757.700923782,201.128,3587.633281008,73.831448862,192.336197142,170.067642774,,58.619984,0.0,0.0,0.0,,
2008-07-09,NO 15/9-F-14 H,5351,15/9-F-14,3420717,VOLVE,369304,MÆRSK INSPIRER,0.0,,%,production,OP,3863.7543048,200.22908,3347.3347577219997,,137.355482178,516.4195470779999,,59.08901,0.0,0.0,0.0,,
2008-07-10,NO 15/9-F-14 H,5351,15/9-F-14,3420717,VOLVE,369304,MÆRSK INSPIRER,0.0,,%,production,OP,3880.030759236,199.555052,3711.32154237,0.0,195.532109472,168.70921686600002,,58.756118,0.0,0.0,0.0,,
2008-07-11,NO 15/9-F-14 H,5351,15/9-F-14,3420717,VOLVE,369304,MÆRSK INSPIRER,0.0,,%,production,OP,3863.289748086,210.933248,3083.81028423,,529.033211862,779.4794638559999,,70.81412,0.0,0.0,0.0,,
2008-07-12,NO 15/9-F-14 H,5351,15/9-F-14,3420717,VOLVE,369304,MÆRSK INSPIRER,0.0,,%,production,OP,3882.391542762,205.102688,3566.5960992600003,,314.39017032000004,315.795443502,,62.72267,0.0,0.0,0.0,,
2008-07-13,NO 15/9-F-14 H,5351,15/9-F-14,3420717,VOLVE,369304,MÆRSK INSPIRER,24.0,21.052992708333335,%,production,OP,3783.5609755817504,217.92718325,2322.811927950625,0.0,1008.5857370607499,1460.749047631125,,126.28741775,10914.4557006,8907.611476881,25.15924,0.8161297018587306,0.002299828662764624
2008-07-14,NO 15/9-F-14 H,5351,15/9-F-14,3420717,VOLVE,369304,MÆRSK INSPIRER,5.57,27.223459166666668,%,production,OP,3716.57307645126,219.23189166965886,2272.0189956445743,0.0,986.4928845229875,1444.5540808066858,,160.0076340394973,3725.8318516,3141.2072503,8.617039700000001,0.8430888390604793,0.002307446145554377
2008-07-15,NO 15/9-F-14 H,5351,15/9-F-14,3420717,VOLVE,369304,MÆRSK INSPIRER,24.0,27.277954375,%,production,OP,3698.2193124541277,219.14061570212763,2267.4203034243833,0.0,971.0132212904681,1430.7990090297449,,153.66335574468084,15927.1197801,13200.150342316001,36.7324904,0.8287845212797867,0.0023009790981265146
2008-07-16,NO 15/9-F-14 H,5351,15/9-F-14,3420717,VOLVE,369304,MÆRSK INSPIRER,24.0,30.650552291666667,%,production,OP,3647.3564605825,219.57900275,2259.94131801925,0.0,923.367200715875,1387.41514256325,,164.80805262500002,19062.5900651,15815.338426323002,57.42596530000001,0.8296531778899183,0.003003447549871046
2008-07-17,NO 15/9-F-14 H,5351,15/9-F-14,3420717,VOLVE,369304,MÆRSK INSPIRER,24.0,32.56253666666667,%,production,OP,3616.4672826085,219.810531125,2259.125506463875,0.0,889.62972721675,1357.3417761446249,,172.46379274999998,20681.3984648,16760.866211121,47.6767598,0.8104319560230999,0.002299994538271545
2008-07-18,NO 15/9-F-14 H,5351,15/9-F-14,3420717,VOLVE,369304,MÆRSK INSPIRER,24.0,30.051586458333333,%,production,OP,3647.728486074125,219.800636,2252.1326231805,,932.66731224375,1395.595862893625,,168.34979600000003,17486.0491886,14491.733935354001,69.50240050000001,0.8287597603695328,0.0039589983913210156
2008-07-19,NO 15/9-F-14 H,5351,15/9-F-14,3420717,VOLVE,369304,MÆRSK INSPIRER,24.0,30.083934375,%,production,OP,3647.83540627475,219.83694725,2253.308564089875,,930.6263193780001,1394.526842184875,,167.60307200000003,17450.3230678,14862.722981235001,40.254784,0.8517162074013555,0.002301512525262696
2008-07-20,NO 15/9-F-14 H,5351,15/9-F-14,3420717,VOLVE,369304,MÆRSK INSPIRER,24.0,30.117950208333333,%,production,OP,3647.092349406125,219.88111475,2253.1908446015,,930.1020130512499,1393.9015048046251,,168.10988975,17554.9226081,14435.463139226998,40.4434783,0.8223028640733707,0.002298530084648822
2008-07-21,NO 15/9-F-14 H,5351,15/9-F-14,3420717,VOLVE,369304,MÆRSK INSPIRER,24.0,29.830638333333333,%,production,OP,3650.95928306475,219.91757487499999,2251.4883432331253,,936.3723351483751,1399.4709398316252,,168.94002874999998,17253.577811,14203.556801532,39.7515992,0.8232238528797511,0.0022986666278706053
2008-07-22,NO 15/9-F-14 H,5351,15/9-F-14,3420717,VOLVE,369304,MÆRSK INSPIRER,24.0,29.748208541666667,%,production,OP,3652.90339658975,219.933021125,2250.585578375125,0.0,939.4136974028751,1402.317818214625,,170.630788625,17092.181286400002,14098.371261288,40.5692745,0.8248433026219929,0.00236793703123107
2008-07-23,NO 15/9-F-14 H,5351,15/9-F-14,3420717,VOLVE,369304,MÆRSK INSPIRER,24.0,29.668405416666666,%,production,OP,3653.730400244125,219.973334375,2250.726881646625,0.0,939.482542106875,1403.0035185975,,170.845745375,17268.736253100004,14259.051733700002,40.1289878,0.8257148366105993,0.0023184066223577247
2008-07-24,NO 15/9-F-14 H,5351,15/9-F-14,3420717,VOLVE,369304,MÆRSK INSPIRER,24.0,29.786135208333334,%,production,OP,3652.7934940452496,219.994298375,2250.8892607525,0.0,942.003453628125,1401.90423329275,,170.388624875,17376.1662079,14595.907003149001,40.254784,0.8399958212020919,0.0023113120668547013
2008-07-25,NO 15/9-F-14 H,5351,15/9-F-14,3420717,VOLVE,369304,MÆRSK INSPIRER,24.0,29.7217075,%,production,OP,3653.06969474325,220.02618425,2256.5311271523747,0.0,940.1339349594999,1396.538567590875,,161.56931525,17383.0221008,14211.695427294,40.4434783,0.8175618338907795,0.002321207461075553
2008-07-26,NO 15/9-F-14 H,5351,15/9-F-14,3420717,VOLVE,369304,MÆRSK INSPIRER,24.0,29.786644583333334,%,production,OP,3652.8482096307503,220.049388125,2254.141825529625,0.0,941.87055349575,1398.706384101125,,164.927186,17355.472733000002,14302.283989440002,40.191885899999996,0.8240791944690384,0.0023104541723765132
2008-07-27,NO 15/9-F-14 H,5351,15/9-F-14,3420717,VOLVE,369304,MÆRSK INSPIRER,24.0,29.783000208333334,%,production,OP,3653.7187941825,220.044915125,2254.116310928125,0.0,942.82687363525,1399.602483254375,,166.97317549999997,17185.899455400002,14131.001690941002,39.5000068,0.8222439405986914,0.0022931257348591623
2008-07-28,NO 15/9-F-14 H,5351,15/9-F-14,3420717,VOLVE,369304,MÆRSK INSPIRER,24.0,29.806630416666668,%,production,OP,3654.2427651088747,220.093170125,2253.426848622125,0.0,943.7446801425,1400.81591648675,,168.615599,17377.1096794,14309.203551758,39.940293499999996,0.8234512997705883,0.002293172125138583
2008-07-29,NO 15/9-F-14 H,5351,15/9-F-14,3420717,VOLVE,369304,MÆRSK INSPIRER,24.0,28.813522708333334,%,production,OP,3663.5018731855,220.0945445,2252.179842114375,0.0,954.8625227081251,1411.322031071125,,167.6645195,16798.0068727,13816.619283984,55.4761242,0.8225153965402092,0.003291671176231298
2008-07-30,NO 15/9-F-14 H,5351,15/9-F-14,3420717,VOLVE,369304,MÆRSK INSPIRER,24.0,35.302173958333334,%,production,OP,3581.7726610446252,220.3006475,2283.89234944675,,833.364178021625,1297.8803115978749,,172.35194675,22350.022159699998,18333.096431353,51.513543899999995,0.8202719576900447,0.0022995541279663967
2008-07-31,NO 15/9-F-14 H,5351,15/9-F-14,3420717,VOLVE,369304,MÆRSK INSPIRER,24.0,35.46480770833333,%,production,OP,3585.220090418,220.40515062499998,2283.052945043375,,837.882063375625,1302.167145374625,,171.83273937500002,22330.5237487,18356.736091533003,40.0031916,0.8220468224620868,0.0017882096254038232
2008-08-01,NO 15/9-F-14 H,5351,15/9-F-14,3420717,VOLVE,369304,MÆRSK INSPIRER,24.0,32.30934083333333,%,production,OP,3632.262038651875,220.317100625,2262.385323141,,910.15210867025,1369.876715510875,,170.527196375,19617.414205200002,16162.189521607,31.44905,0.823869514735682,0.0016005531511690439
2008-08-02,NO 15/9-F-14 H,5351,15/9-F-14,3420717,VOLVE,369304,MÆRSK INSPIRER,24.0,30.761346458333332,%,production,OP,3633.7937638185,220.3161755,2327.86968402175,0.0,868.81303948825,1305.92407979675,,165.46198175,19233.6728971,15864.164883690002,26.9832849,0.8248120350472403,0.0014009535627979883
2008-08-03,NO 15/9-F-14 H,5351,15/9-F-14,3420717,VOLVE,369304,MÆRSK INSPIRER,24.0,32.19678416666667,%,production,OP,3632.381332406875,220.332736625,2264.79980094325,,917.58501609425,1367.581531463625,,168.615217625,19570.3664264,16097.533249965001,29.3734127,0.82254633864442,0.001498663397633588
2008-08-04,NO 15/9-F-14 H,5351,15/9-F-14,3420717,VOLVE,369304,MÆRSK INSPIRER,22.5,32.185829222222225,%,production,OP,3628.5468393171336,220.20360019999998,2262.4898552506666,0.0,906.2672066164001,1366.0569840664668,,168.91676420000002,18990.823333,15582.274119615002,28.5557374,0.8205159853463527,0.0015014021905920948
2008-08-05,NO 15/9-F-14 H,5351,15/9-F-14,3420717,VOLVE,369304,MÆRSK INSPIRER,24.0,32.309306666666664,%,production,OP,3630.178616127875,220.359253625,2265.277939861625,0.0,904.950178783875,1364.90067626625,,167.925720125,19724.152280899998,16166.073079166003,29.687903199999997,0.819608003879615,0.001502892750134528
2008-08-06,NO 15/9-F-14 H,5351,15/9-F-14,3420717,VOLVE,369304,MÆRSK INSPIRER,7.79167,29.152679375,%,production,OP,3642.2119754954715,220.33447709253343,2264.565622829739,0.0,918.1626587416414,1377.6463526657328,,170.6903104116884,5732.7215283,4733.979325228,8.617039700000001,0.8257821877198054,0.001500876424189308
2008-08-08,NO 15/9-F-14 H,5351,15/9-F-14,3420717,VOLVE,369304,MÆRSK INSPIRER,11.4,17.481275,%,production,OP,3763.560126285184,218.14272413157897,2341.814561322868,,996.4373055166842,1421.7455649623157,,109.5187995263158,4559.9235557,3509.1489907180003,6.855892900000001,0.7695631182964658,0.0015012533399443573
2008-08-09,NO 15/9-F-14 H,5351,15/9-F-14,3420717,VOLVE,369304,MÆRSK INSPIRER,24.0,34.383814791666666,%,production,OP,3594.6957492935003,220.29989675,2280.026295081,,847.37429586425,1314.6694542124999,,169.101964625,24033.426908100002,18586.005127432003,35.7261208,0.773339782066949,0.0014843115068113692
2008-08-10,NO 15/9-F-14 H,5351,15/9-F-14,3420717,VOLVE,369304,MÆRSK INSPIRER,24.0,36.270328541666665,%,production,OP,3553.1614619851252,220.46226725000002,2280.1211831708747,,800.6195621515001,1273.04027881425,,173.85908675000002,26096.044301399997,20317.59222512,39.437108699999996,0.7785698089127632,0.0015089490061874129
2008-08-11,NO 15/9-F-14 H,5351,15/9-F-14,3420717,VOLVE,369304,MÆRSK INSPIRER,24.0,36.24300958333333,%,production,OP,3543.45383598,220.4895665,2275.8910562305,,793.698602608,1267.5627797495,,174.61222550000002,25901.6262743,20163.240853242,38.8081277,0.7784546282813247,0.0014960477183453762
2008-08-12,NO 15/9-F-14 H,5351,15/9-F-14,3420717,VOLVE,369304,MÆRSK INSPIRER,24.0,36.020089375,%,production,OP,3539.6837544675,220.490483,2273.7841224423746,,792.1879230595,1265.8996320251251,,171.313175375,25956.6621118,20327.697173378,38.996822,0.7831398769927721,0.001500128236768627
2008-08-13,NO 15/9-F-14 H,5351,15/9-F-14,3420717,VOLVE,369304,MÆRSK INSPIRER,24.0,35.574552708333336,%,production,OP,3537.573502935125,220.480064,2267.04975126425,,798.0504798845,1270.523751670875,,172.2482975,24789.0846815,19421.428034276,47.4251674,0.783466928440893,0.0019094940347305054
2008-08-14,NO 15/9-F-14 H,5351,15/9-F-14,3420717,VOLVE,369304,MÆRSK INSPIRER,24.0,34.364068958333334,%,production,OP,3543.420836813375,220.432360625,2265.4867311275,,807.1822355322499,1277.934105685875,,171.08345937500002,23123.1027068,19422.764695671005,145.4204072,0.8399722538082743,0.006249662107368763
2008-08-15,NO 15/9-F-14 H,5351,15/9-F-14,3420717,VOLVE,369304,MÆRSK INSPIRER,24.0,34.1652825,%,production,OP,3543.363347376125,220.4465405,2254.881144648125,,814.6019988875,1288.482202728,,174.1967,22662.8773091,19049.170484371003,241.65450020000003,0.8405451004547442,0.010550510362402619
2008-08-16,NO 15/9-F-14 H,5351,15/9-F-14,3420717,VOLVE,369304,MÆRSK INSPIRER,24.0,35.46934229166666,%,production,OP,3521.411589238,220.46198075,2260.567492389625,,790.138805044125,1260.844096848375,,168.367034375,22510.7268052,18441.94375284,196.61946060000002,0.8192513690219853,0.00865884803527802
2008-08-17,NO 15/9-F-14 H,5351,15/9-F-14,3420717,VOLVE,369304,MÆRSK INSPIRER,24.0,36.303991875,%,production,OP,3498.5768276693752,220.47432425000002,2258.8210505505,,766.416495521,1239.7557771188751,,171.01679374999998,23418.1576939,19208.870973858004,231.96819280000003,0.8202554284986117,0.00980832803644613
2008-08-18,NO 15/9-F-14 H,5351,15/9-F-14,3420717,VOLVE,369304,MÆRSK INSPIRER,24.0,36.16918270833333,%,production,OP,3487.48389538025,220.47367812500002,2251.123330933125,,763.908144894875,1236.360564447125,,175.068485375,23059.6385239,19535.597987347002,77.8049497,0.8471771128198505,0.00336272889391501
2008-08-19,NO 15/9-F-14 H,5351,15/9-F-14,3420717,VOLVE,369304,MÆRSK INSPIRER,24.0,36.47469541666667,%,production,OP,3471.7599692485,220.47460700000002,2248.036209189625,,751.04085397325,1223.723760058875,,176.011926125,23397.2755247,19806.07998444,43.3367909,0.8465122344493122,0.0018487909068466979
2008-08-20,NO 15/9-F-14 H,5351,15/9-F-14,3420717,VOLVE,369304,MÆRSK INSPIRER,24.0,36.58262625,%,production,OP,3457.745802428375,220.48802899999998,2244.237298353,,740.14810131875,1213.508504075375,,176.132386625,25364.5393984,20830.324235538003,48.2428427,0.8212380248013486,0.00189836918454277
2008-08-21,NO 15/9-F-14 H,5351,15/9-F-14,3420717,VOLVE,369304,MÆRSK INSPIRER,17.875,36.323521944444444,%,production,OP,3447.144326880378,220.5102649370629,2243.6902855074964,0.0,730.8009907805874,1203.4540413728812,,173.77436671328672,18311.2093625,14959.729990106,34.8455474,0.8169711619781059,0.0018993482561308836
2008-08-22,NO 15/9-F-14 H,5351,15/9-F-14,3420717,VOLVE,369304,MÆRSK INSPIRER,0.0,,%,production,OP,3707.334882864,213.397556,3707.333577522,,0.318648486,0.0013053420000000001,,79.59281,0.0,0.0,0.0,,
2008-08-23,NO 15/9-F-14 H,5351,15/9-F-14,3420717,VOLVE,369304,MÆRSK INSPIRER,0.0,,%,production,OP,3724.131153492,211.337798,3723.832375212,,0.054534288,0.29877828,,63.568706000000006,0.0,0.0,0.0,,
2008-08-24,NO 15/9-F-14 H,5351,15/9-F-14,3420717,VOLVE,369304,MÆRSK INSPIRER,0.0,,%,production,OP,3738.923579112,210.409214,3738.9151669079997,,0.34533547800000003,0.008412204,,59.155196000000004,0.0,0.0,0.0,,
2008-08-25,NO 15/9-F-14 H,5351,15/9-F-14,3420717,VOLVE,369304,MÆRSK INSPIRER,0.0,,%,production,OP,3753.0501352740002,209.81480000000002,3753.0501352740002,0.0,0.433228506,0.0,,59.921312,0.0,0.0,0.0,,
2008-08-26,NO 15/9-F-14 H,5351,15/9-F-14,3420717,VOLVE,369304,MÆRSK INSPIRER,0.0,,%,production,OP,3767.007722166,209.394986,3767.007722166,,0.6143809680000001,0.0,,61.020410000000005,0.0,0.0,0.0,,
2008-08-27,NO 15/9-F-14 H,5351,15/9-F-14,3420717,VOLVE,369304,MÆRSK INSPIRER,0.0,,%,production,OP,3775.910299644,209.03889199999998,3775.7456815140004,,0.42032012399999996,0.16461813,,60.225998,0.0,0.0,0.0,,
2008-08-28,NO 15/9-F-14 H,5351,15/9-F-14,3420717,VOLVE,369304,MÆRSK INSPIRER,0.0,,%,production,OP,3775.633422102,208.721282,3255.590680746,,519.631558626,520.0427413560001,,72.313466,0.0,0.0,0.0,,
2008-08-29,NO 15/9-F-14 H,5351,15/9-F-14,3420717,VOLVE,369304,MÆRSK INSPIRER,0.0,,%,production,OP,3774.946667172,208.494932,2327.600427018,,1446.835851432,1447.346240154,,66.20579599999999,0.0,0.0,0.0,,
2008-08-30,NO 15/9-F-14 H,5351,15/9-F-14,3420717,VOLVE,369304,MÆRSK INSPIRER,0.0,,%,production,OP,3774.4703623799996,208.32686600000002,2505.769892472,,1267.40658591,1268.7004699079998,,60.261566,0.0,0.0,0.0,,
2008-08-31,NO 15/9-F-14 H,5351,15/9-F-14,3420717,VOLVE,369304,MÆRSK INSPIRER,14.83333,24.328419354838708,%,production,OP,3659.9744288645293,219.36546885099568,2272.8310242898197,,921.4885780695361,1387.1434045747094,,137.21150667481004,9271.0541438,7210.756739790001,17.8630604,0.7777709662727168,0.0019230508795926378
2008-09-01,NO 15/9-F-14 H,5351,15/9-F-14,3420717,VOLVE,369304,MÆRSK INSPIRER,0.0,,%,production,OP,3781.370400192,211.12043,2306.766878622,,1014.8305959240001,1474.60352157,,64.602788,0.0,0.0,0.0,,
2008-09-02,NO 15/9-F-14 H,5351,15/9-F-14,3420717,VOLVE,369304,MÆRSK INSPIRER,15.29167,26.22609935483871,%,production,OP,3659.6918184423066,219.62292959949437,2266.804924572565,,925.1150930294209,1392.8868938697415,,146.43328973078286,8462.5619664,6627.623462334001,4.9689499,0.7831698590389656,0.0005868239453882323
2008-09-03,NO 15/9-F-14 H,5351,15/9-F-14,3420717,VOLVE,369304,MÆRSK INSPIRER,24.0,26.846065416666665,%,production,OP,3657.7611633886254,220.173147125,2246.3130459495,,942.9638197235,1411.448117439125,,161.21909675,13616.054891800002,10551.128656826999,5.031848,0.7749035047722381,0.00036941604558593993
2008-09-04,NO 15/9-F-14 H,5351,15/9-F-14,3420717,VOLVE,369304,MÆRSK INSPIRER,24.0,27.028180625,%,production,OP,3659.205110349,220.24332725000002,2245.3575597785,,943.564506687,1413.8475505705,,163.872104375,13754.1791194,10669.961562886001,5.4092366,0.7757614227835836,0.00039312488571950995
2008-09-05,NO 15/9-F-14 H,5351,15/9-F-14,3420717,VOLVE,369304,MÆRSK INSPIRER,24.0,27.18870520833333,%,production,OP,3660.3035435555003,220.28917025,2251.102091931,,941.9766155548749,1409.2014516245,,158.688573875,14027.911650600001,10800.909529927001,5.0947461,0.7699584798472141,0.00036305449851416584
2008-09-06,NO 15/9-F-14 H,5351,15/9-F-14,3420717,VOLVE,369304,MÆRSK INSPIRER,16.875,26.66965617647059,%,production,OP,3666.5071789932,220.30767586666667,2251.587111358089,,944.5526887206222,1414.920067635111,,161.6958396,9071.101083900001,7037.728482523,4.7173575,0.775840597236209,0.0005197721318973762
2008-09-07,NO 15/9-F-14 H,5351,15/9-F-14,3420717,VOLVE,369304,MÆRSK INSPIRER,0.0,,%,production,OP,3802.515925326,212.654282,3797.922136752,,4.24018593,4.593788574,,70.535894,0.0,0.0,0.0,,
2008-09-08,NO 15/9-F-14 H,5351,15/9-F-14,3420717,VOLVE,369304,MÆRSK INSPIRER,19.45833,26.062428,%,production,OP,3668.305208642478,219.82748349142088,2263.2835644050865,,936.9728939732166,1405.021644237392,,154.3817291003853,10880.113338,8430.609820482001,7.7364663,0.7748641543132794,0.0007105596090189078
2008-09-09,NO 15/9-F-14 H,5351,15/9-F-14,3420717,VOLVE,369304,MÆRSK INSPIRER,24.0,27.525289791666665,%,production,OP,3660.3310614943753,220.30568787500002,2248.6565941265,,949.825866644375,1411.674467367875,,162.4260305,14294.536696500001,6865.289627599001,6.9816891000000005,0.4802736719183041,0.0004881781718387165
2008-09-10,NO 15/9-F-14 H,5351,15/9-F-14,3420717,VOLVE,369304,MÆRSK INSPIRER,24.0,39.69012583333333,%,production,OP,3496.128259893875,220.654391,2303.952860410875,,711.7440950855,1192.175399483,,171.65447112500001,27537.7316515,22637.064193149003,35.7261208,0.8220380850401652,0.0012956706806605183
2008-09-11,NO 15/9-F-14 H,5351,15/9-F-14,3420717,VOLVE,369304,MÆRSK INSPIRER,24.0,42.0148525,%,production,OP,3438.254620774979,220.7824424255319,2321.34014565217,,632.8949668648085,1116.9144751228087,,168.1134960851064,30279.0824419,24747.967189831,51.3877477,0.8173288354202215,0.001694261492775022
2008-09-12,NO 15/9-F-14 H,5351,15/9-F-14,3420717,VOLVE,369304,MÆRSK INSPIRER,24.0,42.04636333333333,%,production,OP,3417.7616092593194,220.83235221276595,2312.304043722638,,622.1506752614042,1105.4575655366807,,168.46509391489363,30125.6110779,24913.171475313004,51.199053400000004,0.826976468988182,0.0016966357006334247
2008-09-13,NO 15/9-F-14 H,5351,15/9-F-14,3420717,VOLVE,369304,MÆRSK INSPIRER,24.0,44.17548854166667,%,production,OP,3385.764663764875,220.853604875,2308.7427977717502,,592.8251424505,1077.021865993125,,170.597847875,30981.2139322,25457.817026974004,40.5063764,0.8217178669204659,0.0013057424281132022
2008-09-14,NO 15/9-F-14 H,5351,15/9-F-14,3420717,VOLVE,369304,MÆRSK INSPIRER,24.0,44.795846875,%,production,OP,3356.5410931180004,220.88683925,2301.87449910875,,570.45187668975,1054.66659400925,,173.07451625,31221.484674199997,25600.388121226002,46.7961864,0.8199606260999173,0.0014966024710033274
2008-09-15,NO 15/9-F-14 H,5351,15/9-F-14,3420717,VOLVE,369304,MÆRSK INSPIRER,24.0,45.06598916666667,%,production,OP,3332.926528699125,220.91794175,2292.85074238175,,556.0601004150001,1040.075786317375,,174.80675937499998,31262.7458278,25592.742841823,46.9848807,0.8186338776124066,0.001500647870064385
2008-09-16,NO 15/9-F-14 H,5351,15/9-F-14,3420717,VOLVE,369304,MÆRSK INSPIRER,24.0,45.630543958333334,%,production,OP,3303.2968123711253,220.923316625,2283.9589158455,,535.149056402625,1019.3378965256251,,175.952694875,31340.676573700002,25583.415876405998,46.8590845,0.8163006888586031,0.001492920151816954
2008-09-17,NO 15/9-F-14 H,5351,15/9-F-14,3420717,VOLVE,369304,MÆRSK INSPIRER,24.0,46.474585625,%,production,OP,3263.617147120125,220.937047625,2272.978986288125,,506.272818527875,990.638160832,,176.359506875,31472.007806499998,25580.669805334,44.091568099999996,0.8128070494457222,0.0013990172951267896
2008-09-18,NO 15/9-F-14 H,5351,15/9-F-14,3420717,VOLVE,369304,MÆRSK INSPIRER,24.0,37.45192145833333,%,production,OP,3340.235652233375,220.757981,2232.3179063019998,,632.705567488125,1107.917745931375,,168.01878125000002,24841.1014102,20173.791473014,108.6250187,0.8121134059188875,0.004353755902276205
2008-09-19,NO 15/9-F-14 H,5351,15/9-F-14,3420717,VOLVE,369304,MÆRSK INSPIRER,24.0,39.33425583333333,%,production,OP,3302.7932857595,220.7790935,2228.6856531922504,,596.620282299125,1074.10763256725,,171.65736575,26225.991776000003,21304.154278730002,34.8455474,0.8123297856832974,0.001326901612880047
2008-09-20,NO 15/9-F-14 H,5351,15/9-F-14,3420717,VOLVE,369304,MÆRSK INSPIRER,24.0,52.35205916666666,%,production,OP,3144.664974739875,220.9797605,2266.8972951748747,,391.14463647175,877.767679565,,177.32890924999998,33672.6865293,27022.947933065,35.7890189,0.8025183232573739,0.0010617216684517523
2008-09-21,NO 15/9-F-14 H,5351,15/9-F-14,3420717,VOLVE,369304,MÆRSK INSPIRER,22.33333,45.468537391304345,%,production,OP,3193.0029795295727,220.85083887138907,2245.7528260946206,,461.1630517515997,947.2501534349524,,167.66834977908712,28433.211901200004,22730.022724812003,39.8773954,0.7994180468880724,0.0014005292851998956
2008-09-22,NO 15/9-F-14 H,5351,15/9-F-14,3420717,VOLVE,369304,MÆRSK INSPIRER,22.58334,47.81639739130435,%,production,OP,3151.582590246872,220.91853230844953,2240.853971554049,,436.05396967380955,910.7286186928226,,172.9389105422475,29497.447753200002,23619.176241412,121.4562311,0.8007193177874073,0.004100632189644151
2008-09-23,NO 15/9-F-14 H,5351,15/9-F-14,3420717,VOLVE,369304,MÆRSK INSPIRER,24.0,52.37011583333334,%,production,OP,3096.2019955496253,221.0106725,2241.55230050775,0.0,370.65813983675,854.649695041875,,174.816803,33278.8815252,26615.218885892,130.3877613,0.7997630228569423,0.0039027420857925504
2008-09-24,NO 15/9-F-14 H,5351,15/9-F-14,3420717,VOLVE,369304,MÆRSK INSPIRER,24.0,53.290010625,%,production,OP,3071.93071115325,221.03868275,2232.8063338535003,0.0,355.159756859875,839.12437729975,,177.05041549999999,33566.200046000005,26733.875571598,47.1106769,0.7964522506259628,0.001401548252368504
2008-09-25,NO 15/9-F-14 H,5351,15/9-F-14,3420717,VOLVE,369304,MÆRSK INSPIRER,24.0,50.20584041666667,%,production,OP,3085.2157961203748,221.004829625,2212.7440914982503,0.0,391.00497394262504,872.471704622125,,176.39737250000002,30696.222641100005,25901.924806058,129.31849359999998,0.8438147295484236,0.004195173510009446
2008-09-26,NO 15/9-F-14 H,5351,15/9-F-14,3420717,VOLVE,369304,MÆRSK INSPIRER,24.0,55.54999145833333,%,production,OP,3031.396327903375,221.045099375,2223.64773408925,0.0,323.11648432525,807.748593814125,,176.5743995,34303.6173704,27328.83150432,186.0525798,0.7966749165031666,0.005394443613657169
2008-09-27,NO 15/9-F-14 H,5351,15/9-F-14,3420717,VOLVE,369304,MÆRSK INSPIRER,24.0,51.465235625,%,production,OP,3067.5595528876247,221.01853812500002,2212.6866836448753,,373.859980595,854.87286924275,,170.87419062499998,30835.101645900002,24905.725370818,286.2492531,0.8077069327296865,0.009197841508518765
2008-09-28,NO 15/9-F-14 H,5351,15/9-F-14,3420717,VOLVE,369304,MÆRSK INSPIRER,24.0,53.96015520833333,%,production,OP,3036.514440933875,221.048559875,2213.453632502375,0.0,340.495777497,823.0608084315,,173.324536625,32434.4116346,26005.917062589,118.5000204,0.8018001792530348,0.0036402279972949474
2008-09-29,NO 15/9-F-14 H,5351,15/9-F-14,3420717,VOLVE,369304,MÆRSK INSPIRER,24.0,55.80950145833334,%,production,OP,3010.006634318,221.057570375,2213.758260648375,0.0,312.276812557125,796.248373669625,,173.654462375,34032.4636613,27053.559421319,63.5899791,0.7949339104733386,0.0018650246087322264
2008-09-30,NO 15/9-F-14 H,5351,15/9-F-14,3420717,VOLVE,369304,MÆRSK INSPIRER,18.16666,44.25606447368421,%,production,OP,3107.8191772484297,220.80030412601874,2210.704792098526,,422.60068577523816,897.1143851499037,,162.95870556912277,20644.3514839,16568.743295564,28.996024100000003,0.8025799845776476,0.0014025800170378484
2008-10-01,NO 15/9-F-14 H,5351,15/9-F-14,3420717,VOLVE,369304,MÆRSK INSPIRER,24.0,54.300949375,%,production,OP,3012.35285965475,221.053565,2203.661416105375,,325.6907698305,808.691443549375,,175.9701125,33460.7199323,26660.507516613005,46.6703902,0.796770289777218,0.0013928387066497723
2008-10-02,NO 15/9-F-14 H,5351,15/9-F-14,3420717,VOLVE,369304,MÆRSK INSPIRER,24.0,54.208765,%,production,OP,3003.516047844875,221.056170875,2198.0865572615,,322.89928085537497,805.429490583375,,175.27930024999998,35031.3483874,27897.720597531003,11.321658000000001,0.7963644530327355,0.0003230820592532497
2008-10-03,NO 15/9-F-14 H,5351,15/9-F-14,3420717,VOLVE,369304,MÆRSK INSPIRER,24.0,54.30079625,%,production,OP,2995.214764677,221.05339175,2193.69533238425,,319.46796882974996,801.51943229275,,173.4401525,33222.2732352,26444.523517707006,9.9378998,0.7959877799598685,0.0002990441941894577
2008-10-04,NO 15/9-F-14 H,5351,15/9-F-14,3420717,VOLVE,369304,MÆRSK INSPIRER,24.0,51.403249583333334,%,production,OP,3012.044850310375,221.03426975000002,2180.58816371875,,350.069037881625,831.4566865916249,,172.82102824999998,31161.0396001,25584.497565667,10.9442694,0.8210412070329288,0.0003510931304795246
2008-10-05,NO 15/9-F-14 H,5351,15/9-F-14,3420717,VOLVE,369304,MÆRSK INSPIRER,24.0,54.752695208333336,%,production,OP,2981.9297552505,221.04555875,2187.36136579975,,311.139762983125,794.5683894507499,,174.094884875,34088.0026836,27084.569259389,10.692677,0.794548437196046,0.0003135802378044956
2008-10-06,NO 15/9-F-14 H,5351,15/9-F-14,3420717,VOLVE,369304,MÆRSK INSPIRER,22.16667,38.50298304347826,%,production,OP,3122.1290260388737,220.88757001072963,2156.789805713488,0.0,499.1881523925214,965.3392203253856,,166.13412267439898,21922.126385400003,17108.094114254003,6.9816891000000005,0.7804030418165951,0.0003183754248590973
2008-10-07,NO 15/9-F-14 H,5351,15/9-F-14,3420717,VOLVE,369304,MÆRSK INSPIRER,24.0,43.304868125,%,production,OP,3075.04719100525,220.962975875,2153.802144002625,0.0,447.390369850125,921.245047002625,,167.68680762499997,26558.722725,21174.388647845,16.2277098,0.7972668289470611,0.0006106393251725411
2008-10-08,NO 15/9-F-14 H,5351,15/9-F-14,3420717,VOLVE,369304,MÆRSK INSPIRER,24.0,43.26599916666667,%,production,OP,3073.310406279625,220.967422625,2150.329964498875,,449.250651411125,922.98044178075,,172.74962487500002,26470.9798755,21136.553184558998,22.1401312,0.7984801954430769,0.0008356936138288299
2008-10-09,NO 15/9-F-14 H,5351,15/9-F-14,3420717,VOLVE,369304,MÆRSK INSPIRER,24.0,43.29565604166667,%,production,OP,3072.168238072875,220.966581125,2149.20452702975,,449.4447334065,922.963711043125,,173.52187287499999,26428.9010466,21072.19320325,29.8136994,0.7973162851567328,0.0011268007416916275
2008-10-10,NO 15/9-F-14 H,5351,15/9-F-14,3420717,VOLVE,369304,MÆRSK INSPIRER,24.0,43.25630854166667,%,production,OP,3072.1084612655,220.9740455,2149.25091501675,,449.2536458415,922.8575462487499,,171.981639125,26458.4002555,21142.389998175004,18.240448999999998,0.7990804354764443,0.0006889261067360343
2008-10-11,NO 15/9-F-14 H,5351,15/9-F-14,3420717,VOLVE,369304,MÆRSK INSPIRER,24.0,43.3189425,%,production,OP,3072.868288152875,220.980245,2149.097519202,,449.5920920145,923.770768950875,,172.21214937500002,26617.7211428,21306.949437235002,31.071661400000004,0.800479850357079,0.0011659688162348177
2008-10-12,NO 15/9-F-14 H,5351,15/9-F-14,3420717,VOLVE,369304,MÆRSK INSPIRER,24.0,42.79611583333333,%,production,OP,3076.421622460875,220.990428125,2149.23085747,,454.24139690462505,927.190764990875,,173.16085925,26386.319032900003,20998.757697188,25.2221381,0.7958198970839974,0.0009549665404491437
2008-10-13,NO 15/9-F-14 H,5351,15/9-F-14,3420717,VOLVE,369304,MÆRSK INSPIRER,24.0,42.8037725,%,production,OP,3073.90001294425,220.984337,2149.1049523995,,451.84198492462497,924.79506054475,,170.363253875,26473.181309,21014.095224545003,22.1401312,0.7937880596693119,0.0008356241780259327
2008-10-14,NO 15/9-F-14 H,5351,15/9-F-14,3420717,VOLVE,369304,MÆRSK INSPIRER,24.0,42.807655833333335,%,production,OP,3075.1361113857497,220.99275500000002,2147.830137876875,,454.37515820012504,927.305973508875,,172.83108762499998,26485.3206423,21007.310564381,10.7555751,0.7931680664960495,0.0004059308635645003
2008-10-15,NO 15/9-F-14 H,5351,15/9-F-14,3420717,VOLVE,369304,MÆRSK INSPIRER,24.0,42.66986333333333,%,production,OP,3076.894893541375,220.9900325,2146.1690780953754,,457.87924304225004,930.7258154460001,,173.636882375,26337.5101073,20957.713187113,21.9514369,0.795736313027712,0.0008327725838857313
2008-10-16,NO 15/9-F-14 H,5351,15/9-F-14,3420717,VOLVE,369304,MÆRSK INSPIRER,24.0,42.72805270833334,%,production,OP,3074.355858313375,220.98507875,2144.6518053611253,,456.689384528125,929.7040529522501,,173.34107525,26379.9663248,20978.711660880002,22.014335,0.7952516467451954,0.0008338137688858818
2008-10-17,NO 15/9-F-14 H,5351,15/9-F-14,3420717,VOLVE,369304,MÆRSK INSPIRER,24.0,42.75638020833333,%,production,OP,3072.427777530625,220.983976625,2143.651188199125,,455.80945409025,928.7765893315001,,173.866122125,26457.3309878,20989.188472929,22.014335,0.7933222169162691,0.0008313776164641273
2008-10-18,NO 15/9-F-14 H,5351,15/9-F-14,3420717,VOLVE,369304,MÆRSK INSPIRER,24.0,46.56635979166666,%,production,OP,3043.2615150235,221.06162675000002,2161.22033309125,,404.761580469375,882.0411819322501,,173.613608375,29898.9263255,23929.821999961998,27.926756400000002,0.8003572348868223,0.0009331671567195392
2008-10-19,NO 15/9-F-14 H,5351,15/9-F-14,3420717,VOLVE,369304,MÆRSK INSPIRER,24.0,45.42881083333333,%,production,OP,3054.5803047165,221.09493125,2161.983024479125,,416.604084250625,892.597280237375,,173.304748625,27927.762769599998,22106.586545981,24.4044628,0.7915631025785037,0.000873079450229971
2008-10-20,NO 15/9-F-14 H,5351,15/9-F-14,3420717,VOLVE,369304,MÆRSK INSPIRER,24.0,45.28615083333333,%,production,OP,3061.714992861125,221.11771475,2164.44242478025,,421.17462444187504,897.272568080875,,172.0042805,27857.8200824,22182.144465513004,24.467360900000003,0.7962627513531552,0.0008775234438621861
2008-10-21,NO 15/9-F-14 H,5351,15/9-F-14,3420717,VOLVE,369304,MÆRSK INSPIRER,24.0,45.26804833333333,%,production,OP,3069.6315597123753,221.14950575,2168.2265175678754,,425.26961222575,901.4050421445,,172.35132199999998,27897.4458854,22166.417063868,11.510352300000001,0.7945679742484488,0.00041242503667878404
2008-10-22,NO 15/9-F-14 H,5351,15/9-F-14,3420717,VOLVE,369304,MÆRSK INSPIRER,24.0,45.25301270833333,%,production,OP,3076.7005124051248,221.176212125,2170.5780760727503,,430.05650681024997,906.122436332375,,173.132794625,29019.988276100004,23300.410927038003,30.191088,0.8029090399815056,0.0010392737208813907
2008-10-23,NO 15/9-F-14 H,5351,15/9-F-14,3420717,VOLVE,369304,MÆRSK INSPIRER,24.0,45.779740833333335,%,production,OP,3071.189367546,221.168919125,2170.933101902125,,424.1566570895,900.2562656438749,,171.33229475000002,29266.234337600003,23448.361862688,20.316086300000002,0.8012087100854841,0.0006937002141235645
2008-10-24,NO 15/9-F-14 H,5351,15/9-F-14,3420717,VOLVE,369304,MÆRSK INSPIRER,24.0,45.95049645833333,%,production,OP,3068.697134267625,221.185514,2172.8122595545,,419.92730670675,895.884874713125,,171.756309875,29409.264617,23653.112255524004,26.417202000000003,0.8042741824238387,0.0008974550738263639
2008-10-25,NO 15/9-F-14 H,5351,15/9-F-14,3420717,VOLVE,369304,MÆRSK INSPIRER,24.0,45.002830833333334,%,production,OP,3082.848975387625,221.19640024999998,2172.090922126375,,435.9311078325,910.75805326125,,170.84136762500003,29145.1554951,23403.620962964003,8.9315302,0.8030020964169745,0.0003063560245343712
2008-10-26,NO 15/9-F-14 H,5351,15/9-F-14,3420717,VOLVE,369304,MÆRSK INSPIRER,25.0,43.4869554,%,production,OP,3104.21499296988,221.19771344,2168.54017058256,,461.93502451656,935.67482238732,,172.65090704,28988.5392261,23225.517630160004,9.6863074,0.8011965504370352,0.0003340310388582212
2008-10-27,NO 15/9-F-14 H,5351,15/9-F-14,3420717,VOLVE,369304,MÆRSK INSPIRER,24.0,43.707190625,%,production,OP,3106.810673151375,221.18330375,2166.311333080625,,465.94965290874995,940.4993400707499,,173.338349,27860.461802600003,22726.241226736,17.1711813,0.8157166018193975,0.0006159483235150117
2008-10-28,NO 15/9-F-14 H,5351,15/9-F-14,3420717,VOLVE,369304,MÆRSK INSPIRER,24.0,52.52526854166667,%,production,OP,3033.39266417325,221.26164125,2200.5696440809998,,350.700599809375,832.82302009225,,174.1146545,32222.759528100003,25911.466484851,21.8885388,0.8041355509063334,0.0006788270337014213
2008-10-29,NO 15/9-F-14 H,5351,15/9-F-14,3420717,VOLVE,369304,MÆRSK INSPIRER,23.33333,50.58208916666667,%,production,OP,3067.163348854615,221.282729020043,2207.4111559570565,0.0,378.49892002863413,859.7521928975586,,172.84942436882005,30148.757578700002,24309.508703306,23.2093989,0.8063187559171787,0.0007692371835495813
2008-10-30,NO 15/9-F-14 H,5351,15/9-F-14,3420717,VOLVE,369304,MÆRSK INSPIRER,24.0,57.139062708333334,%,production,OP,3008.0425297220004,221.3052995,2215.9990161645,,307.754763403875,792.0435135575,,176.46845637500002,34347.2686518,27488.335290928004,20.567678700000002,0.8003062942091453,0.0005984571883493015
2008-10-31,NO 15/9-F-14 H,5351,15/9-F-14,3420717,VOLVE,369304,MÆRSK INSPIRER,24.0,57.32534291666666,%,production,OP,2995.9860344582503,221.31393425000002,2210.0867838245,,302.20570621587495,785.89925063375,,176.34227825,34361.9239091,27427.476762124003,32.0151329,0.7981938623308702,0.0009308364726966826
2008-11-01,NO 15/9-F-14 H,5351,15/9-F-14,3420717,VOLVE,369304,MÆRSK INSPIRER,22.83333,50.59004489361702,%,production,OP,3062.3686471690016,221.28397463459075,2205.6138253778704,,374.5142941713292,856.7548217911309,,173.3350595883964,29218.557577800002,23116.298798028998,34.593955,0.7911512653038203,0.0011825719003715426
2008-11-02,NO 15/9-F-14 H,5351,15/9-F-14,3420717,VOLVE,369304,MÆRSK INSPIRER,23.0,38.05671872340425,%,production,OP,3176.1698201847,220.99757612391303,2202.54067608075,0.0,500.0725121064,973.62914410395,,164.43273055217392,23470.5518112,18754.603155584,14.718155399999999,0.7990695449535372,0.0006266973052015876
2008-11-03,NO 15/9-F-14 H,5351,15/9-F-14,3420717,VOLVE,369304,MÆRSK INSPIRER,24.0,36.82971270833333,%,production,OP,3206.7903643191253,221.20412225,2154.37043008125,,587.3352275286251,1052.419934237875,,173.975060375,21862.121598,17906.007159345998,13.837582000000001,0.8190425196877544,0.0006325474410580794
2008-11-04,NO 15/9-F-14 H,5351,15/9-F-14,3420717,VOLVE,369304,MÆRSK INSPIRER,24.0,36.76053958333333,%,production,OP,3209.807571703375,221.18200174999998,2156.2847594486248,,586.160685631625,1053.52281225475,,170.19558275,21768.5292252,17605.879531044004,8.365447300000001,0.8087767138012627,0.00038414325944111495
2008-11-05,NO 15/9-F-14 H,5351,15/9-F-14,3420717,VOLVE,369304,MÆRSK INSPIRER,24.0,36.80415895833333,%,production,OP,3206.256171235375,221.1498785,2152.034079415,,586.873468839375,1054.222091820375,,172.60296125,21751.8612287,17286.556950704,13.2714991,0.7947162207846217,0.0006097596217756432
2008-11-06,NO 15/9-F-14 H,5351,15/9-F-14,3420717,VOLVE,369304,MÆRSK INSPIRER,24.0,36.484163125,%,production,OP,3214.386820217875,221.159115125,2153.923244689375,,593.0263192213749,1060.4635755285,,167.02265225000002,21405.3555958,17233.019865504,15.724525,0.8050798216538545,0.0007340677926287848
2008-11-07,NO 15/9-F-14 H,5351,15/9-F-14,3420717,VOLVE,369304,MÆRSK INSPIRER,24.0,34.81935166666667,%,production,OP,3245.749127256,221.13698075,2150.9884068026254,,631.071442471875,1094.760720453375,,163.9772735,20823.1078841,16585.273047193,17.2969775,0.7964840378057636,0.00082997319941087
2008-11-08,NO 15/9-F-14 H,5351,15/9-F-14,3420717,VOLVE,369304,MÆRSK INSPIRER,24.0,35.065705625,%,production,OP,3247.053614136125,221.13571775,2151.734527599,,630.7042334504999,1095.319086537125,,167.007930875,21100.8658937,16831.238873252,15.724525,0.7976563122121559,0.0007446526493251957
2008-11-09,NO 15/9-F-14 H,5351,15/9-F-14,3420717,VOLVE,369304,MÆRSK INSPIRER,24.0,35.93629958333333,%,production,OP,3238.09638452675,221.157920375,2155.14550711,0.0,616.3868193669999,1082.95087741675,,168.938562125,22030.688506,17555.335013522003,17.9259585,0.7968582102525237,0.0008130197264259939
2008-11-10,NO 15/9-F-14 H,5351,15/9-F-14,3420717,VOLVE,369304,MÆRSK INSPIRER,24.0,35.705073125,%,production,OP,3245.6493713282503,221.1671315,2155.901895388125,,623.530209791625,1089.747475940125,,169.64712425,21790.4806621,17386.997961003002,15.284238300000002,0.7979171377914606,0.0007009264921369317
2008-11-11,NO 15/9-F-14 H,5351,15/9-F-14,3420717,VOLVE,369304,MÆRSK INSPIRER,24.0,35.80876125,%,production,OP,3246.465865770875,221.17304675,2160.0266431566247,0.0,620.1912869720001,1086.43922261425,,166.294885625,21970.2434319,17513.522055575002,5.3463385,0.797147382998315,0.00024328532502919425
2008-11-12,NO 15/9-F-14 H,5351,15/9-F-14,3420717,VOLVE,369304,MÆRSK INSPIRER,24.0,35.788758125,%,production,OP,3249.204053281,221.18003675,2158.619360594,,624.014416133,1090.5846926870001,,171.657684875,21901.11842,17532.394231255003,18.3033471,0.8005250642928127,0.0008350287381883606
2008-11-13,NO 15/9-F-14 H,5351,15/9-F-14,3420717,VOLVE,369304,MÆRSK INSPIRER,24.0,35.822289166666664,%,production,OP,3253.544076722625,221.18767175,2159.750605626375,,627.38143100025,1093.7934710962502,,171.94264437500001,22013.1399361,17577.103700896,6.5414024,0.7984823497201682,0.00029707071139866033
2008-11-14,NO 15/9-F-14 H,5351,15/9-F-14,3420717,VOLVE,369304,MÆRSK INSPIRER,24.0,35.730422708333336,%,production,OP,3256.9074686615004,221.197043,2161.194582803,,629.224625271875,1095.7128858585,,170.048612375,22007.353310899998,17572.658286460002,5.6608290000000006,0.7984903063175915,0.0002571582866400556
2008-11-15,NO 15/9-F-14 H,5351,15/9-F-14,3420717,VOLVE,369304,MÆRSK INSPIRER,24.0,35.756538541666664,%,production,OP,3260.5222507355,221.202804125,2162.4872400212503,,631.3552939243749,1098.03501071425,,170.5769255,22067.6725888,17631.24537376,5.0947461,0.7989626138783834,0.00023081592002940766
2008-11-16,NO 15/9-F-14 H,5351,15/9-F-14,3420717,VOLVE,369304,MÆRSK INSPIRER,24.0,35.7677525,%,production,OP,3263.379719914125,221.205323,2162.250740454125,,634.61254222025,1101.12897946,,171.79918512499998,22021.0021986,17614.142817697,5.597930900000001,0.7998792543064562,0.00025414411970473596
2008-11-17,NO 15/9-F-14 H,5351,15/9-F-14,3420717,VOLVE,369304,MÆRSK INSPIRER,24.0,35.79978166666667,%,production,OP,3263.750364523125,221.20757937500002,2166.201859606875,,631.2778738486251,1097.54850491625,,166.916076875,22181.2665574,17740.077863073002,5.2834404,0.7997774976990505,0.00023813708758341887
2008-11-18,NO 15/9-F-14 H,5351,15/9-F-14,3420717,VOLVE,369304,MÆRSK INSPIRER,24.0,35.687991875,%,production,OP,3256.475330962125,221.15518400000002,2158.0939634606248,,631.9722281655,1098.3813675015,,170.337156125,21898.791190300002,17550.589424136,3.8367841,0.8014410143291368,0.00017517460025730564
2008-11-19,NO 15/9-F-14 H,5351,15/9-F-14,3420717,VOLVE,369304,MÆRSK INSPIRER,24.0,35.62613875,%,production,OP,3246.112800976125,221.125655375,2154.48656925975,,625.463590504625,1091.626231716375,,171.794624,21780.5427623,17436.427593446002,8.176753,0.8005506466820819,0.00037527459997171005
2008-11-20,NO 15/9-F-14 H,5351,15/9-F-14,3420717,VOLVE,369304,MÆRSK INSPIRER,24.0,35.808158125,%,production,OP,3248.810785765625,221.166709625,2158.1364686594998,,622.980310301125,1090.674317106125,,170.96218025000002,21948.983874100002,17580.519338680002,5.5350328,0.8009719010010834,0.0002521136000962615
2008-11-21,NO 15/9-F-14 H,5351,15/9-F-14,3420717,VOLVE,369304,MÆRSK INSPIRER,24.0,36.42398958333333,%,production,OP,3251.5378204578747,221.18603825,2161.087994981125,,608.06992346275,1090.44982547675,,169.98561237500002,21536.6868286,17194.976398635,444.56377080000004,0.7984039762235223,0.020224680519867002
2008-11-22,NO 15/9-F-14 H,5351,15/9-F-14,3420717,VOLVE,369304,MÆRSK INSPIRER,24.0,36.29966458333333,%,production,OP,3258.8258651361252,221.22095262500002,2167.609495699625,,609.922037571375,1091.2163694365,,169.90804175,22523.7467119,18126.599726602,305.8105622,0.8047772849898525,0.01339537856684327
2008-11-23,NO 15/9-F-14 H,5351,15/9-F-14,3420717,VOLVE,369304,MÆRSK INSPIRER,24.0,34.85000208333334,%,production,OP,3281.193196425375,221.20203725000002,2169.4467826943746,,630.14562563675,1111.746413731,,163.62905,20347.472451899997,16265.81309267,39.8144973,0.7994021434908559,0.0019529080744881714
2008-11-24,NO 15/9-F-14 H,5351,15/9-F-14,3420717,VOLVE,369304,MÆRSK INSPIRER,24.0,35.326432708333336,%,production,OP,3274.5412068312503,221.207542625,2167.1885229046247,,635.168300641625,1107.352683926625,,168.96338262499998,21247.6700591,17172.349917198004,27.612265899999997,0.8081991987560722,0.0012978566149297855
2008-11-25,NO 15/9-F-14 H,5351,15/9-F-14,3420717,VOLVE,369304,MÆRSK INSPIRER,24.0,36.55619395833333,%,production,OP,3259.719843108625,221.2431845,2170.2636820347498,0.0,614.205360219875,1089.4561610738751,,171.194135375,23027.1202062,18565.497881142,78.3081345,0.8062448849397712,0.0033891661018056493
2008-11-26,NO 15/9-F-14 H,5351,15/9-F-14,3420717,VOLVE,369304,MÆRSK INSPIRER,24.0,37.324323541666665,%,production,OP,3249.7421593691247,221.29023875000001,2179.627954747875,,592.48481682675,1070.11420462125,,167.993595125,24237.153854,19558.335356942003,9.8121036,0.8069567687178821,0.0004046734596467927
2008-11-27,NO 15/9-F-14 H,5351,15/9-F-14,3420717,VOLVE,369304,MÆRSK INSPIRER,24.0,37.268613333333334,%,production,OP,3257.0179030120003,221.305967375,2178.7254195333753,,600.65491614525,1078.2924834786252,,169.427428625,24110.5399787,19541.446807961,23.4609913,0.8104939509950637,0.0009721136304404484
2008-11-28,NO 15/9-F-14 H,5351,15/9-F-14,3420717,VOLVE,369304,MÆRSK INSPIRER,24.0,25.048654791666667,%,production,OP,3429.215999903125,221.141862875,2187.559291302125,,764.0370081362499,1241.656708601,,155.41096662500001,11200.5162594,8641.233401075,2.7675164,0.7715031344044406,0.00024702725159725576
2008-11-29,NO 15/9-F-14 H,5351,15/9-F-14,3420717,VOLVE,369304,MÆRSK INSPIRER,24.0,33.90922020833333,%,production,OP,3338.852183097375,221.2184435,2187.982880824375,,675.3819504842501,1150.8693022730001,,166.912383125,19502.6880708,15944.464507991,19.1210224,0.817552147176241,0.0009794697975332829
2008-11-30,NO 15/9-F-14 H,5351,15/9-F-14,3420717,VOLVE,369304,MÆRSK INSPIRER,24.0,36.817049583333336,%,production,OP,3302.196046470125,221.335687625,2191.108099215875,,633.92508627325,1111.08794725425,,171.225135875,23970.7804005,19381.016716772003,6.9816891000000005,0.808526731001538,0.0002911735079325107
2008-12-01,NO 15/9-F-14 H,5351,15/9-F-14,3420717,VOLVE,369304,MÆRSK INSPIRER,24.0,34.58579833333334,%,production,OP,3336.6517602317504,221.324587625,2195.1573879432503,,665.43714202475,1141.4943722885,,167.61906349999998,20965.9494692,17059.90296834,7.9251606,0.8136957018522737,0.00037785868085336085
2008-12-02,NO 15/9-F-14 H,5351,15/9-F-14,3420717,VOLVE,369304,MÆRSK INSPIRER,24.0,33.642250625,%,production,OP,3365.810885660625,221.30327225000002,2198.3443411551248,,694.21224611075,1167.4665445055,,164.89782237499998,20152.0480552,16376.554341518002,15.158442100000002,0.8126496273063533,0.0007516381657533691
2008-12-03,NO 15/9-F-14 H,5351,15/9-F-14,3420717,VOLVE,369304,MÆRSK INSPIRER,24.0,35.816489375,%,production,OP,3345.605110074625,221.346947,2193.762530302625,,676.5664335275,1151.842579772,,172.71525387499997,22802.825581600002,18517.206794627004,16.353506,0.8120575552517869,0.0007166561924607768
2008-12-04,NO 15/9-F-14 H,5351,15/9-F-14,3420717,VOLVE,369304,MÆRSK INSPIRER,24.0,35.79314708333333,%,production,OP,3354.05808486075,221.354963,2197.51539157425,,681.314264544,1156.5426932865,,167.68531925000002,22462.6097587,18186.836363538998,14.2778687,0.8096493042842027,0.0006352244553020255
2008-12-05,NO 15/9-F-14 H,5351,15/9-F-14,3420717,VOLVE,369304,MÆRSK INSPIRER,24.0,35.786773958333335,%,production,OP,3361.193570714375,221.36295950000002,2201.765340374625,,684.012028754875,1159.42823033975,,166.99925524999998,22829.7459684,18435.789106924,16.856690800000003,0.807533694524769,0.0007378204563474586
2008-12-06,NO 15/9-F-14 H,5351,15/9-F-14,3420717,VOLVE,369304,MÆRSK INSPIRER,24.0,35.734029791666664,%,production,OP,3368.438623712125,221.37454325,2203.89759538025,,688.721865858625,1164.541028331875,,170.68244975,23041.1464825,18678.362956048,16.5422003,0.8106524981399871,0.0007174266478990038
2008-12-07,NO 15/9-F-14 H,5351,15/9-F-14,3420717,VOLVE,369304,MÆRSK INSPIRER,24.0,35.76701625,%,production,OP,3375.710451329,221.386148375,2206.1056508706247,,693.43658893,1169.604800458375,,171.5447015,23196.2531971,18845.074472925997,14.2778687,0.812418898552203,0.0006151461446325113
2008-12-08,NO 15/9-F-14 H,5351,15/9-F-14,3420717,VOLVE,369304,MÆRSK INSPIRER,24.0,35.728708125,%,production,OP,3384.0990745675,221.38947724999997,2208.131638346625,,700.0588336476251,1175.967436220875,,171.771413,22971.644082,17598.152674684,16.605098400000003,0.766081548706976,0.0007223298420724302
2008-12-09,NO 15/9-F-14 H,5351,15/9-F-14,3420717,VOLVE,369304,MÆRSK INSPIRER,24.0,35.81266875,%,production,OP,3382.811218711375,221.38665725,2211.756802724125,0.0,694.8582967303751,1171.05441598725,,168.45388025,23192.7938016,18018.558639716004,6.1640138,0.7769033258284286,0.00026570218580716527
2008-12-10,NO 15/9-F-14 H,5351,15/9-F-14,3420717,VOLVE,369304,MÆRSK INSPIRER,24.0,35.77641875,%,production,OP,3390.536380727,221.396060375,2211.9867242136247,,702.674176993375,1178.549656513375,,171.405019625,23180.339977800002,18869.205713730003,5.7237271000000005,0.8140176430458395,0.000246860664787632
2008-12-11,NO 15/9-F-14 H,5351,15/9-F-14,3420717,VOLVE,369304,MÆRSK INSPIRER,24.0,35.32137041666667,%,production,OP,3405.7938586075,221.387518625,2213.05913820725,,718.550767706625,1192.73472040025,,168.72436775,22180.1343916,17984.805908897,7.2332814999999995,0.8108519809378683,0.00032600899784834055
2008-12-12,NO 15/9-F-14 H,5351,15/9-F-14,3420717,VOLVE,369304,MÆRSK INSPIRER,24.0,35.807006666666666,%,production,OP,3400.7637624916247,221.392571,2218.1414872842497,,706.937499506,1182.622275207375,,165.68609337499998,23145.8089209,18792.672402184,10.0007979,0.811925496594537,0.0004318915218879364
2008-12-13,NO 15/9-F-14 H,5351,15/9-F-14,3420717,VOLVE,369304,MÆRSK INSPIRER,24.0,35.82625625,%,production,OP,3407.14871295475,221.41332275,2225.1285599827497,,705.74454382625,1182.020152972,,158.386764875,23351.8001984,18884.463783011997,6.918791000000001,0.8086941316115709,0.00029619736438199766
2008-12-14,NO 15/9-F-14 H,5351,15/9-F-14,3420717,VOLVE,369304,MÆRSK INSPIRER,24.0,35.78561354166666,%,production,OP,3416.131203349125,221.423049875,2228.838163670875,,711.217208291,1187.2930396782501,,158.63628575,23398.9108753,18985.640751658997,21.7627426,0.8113899340374995,0.0009292107885132358
2008-12-15,NO 15/9-F-14 H,5351,15/9-F-14,3420717,VOLVE,369304,MÆRSK INSPIRER,24.0,35.67143125,%,production,OP,3426.572159612,221.42848212500002,2229.891375237625,,721.100556898,1196.680784374375,,165.56311624999998,23122.0334391,18966.926785835003,6.1640138,0.8202966592791706,0.0002665150975363671
2008-12-16,NO 15/9-F-14 H,5351,15/9-F-14,3420717,VOLVE,369304,MÆRSK INSPIRER,24.0,35.182675625,%,production,OP,3443.459057838625,221.42516600000002,2231.29644597075,,737.475513287375,1212.162611867875,,165.92737625,22673.8844766,18666.149367053004,21.0079654,0.8232444416975364,0.0009256693087966299
2008-12-17,NO 15/9-F-14 H,5351,15/9-F-14,3420717,VOLVE,369304,MÆRSK INSPIRER,24.0,34.73082479166667,%,production,OP,3457.556255892125,221.422596875,2233.9556874845,,749.674299894,1223.600568407625,,165.21423012500003,22321.7809128,18363.872132962002,26.1027115,0.8226884855066197,0.0011680171571869643
2008-12-18,NO 15/9-F-14 H,5351,15/9-F-14,3420717,VOLVE,369304,MÆRSK INSPIRER,24.0,34.99313020833333,%,production,OP,3465.2872707953748,221.42951375,2236.8031490411254,,752.4742010731251,1228.48412175425,,169.30263050000002,22784.0190497,18696.810295887,23.5238894,0.8206107208347503,0.001031408313592252
2008-12-19,NO 15/9-F-14 H,5351,15/9-F-14,3420717,VOLVE,369304,MÆRSK INSPIRER,24.0,34.88620229166666,%,production,OP,3477.705895728875,221.437327625,2240.856852362625,,761.3491427688749,1236.84904336625,,169.77088362499998,22698.414735600003,18639.470523791002,28.178348800000002,0.8211793969275314,0.0012398844250589498
2008-12-20,NO 15/9-F-14 H,5351,15/9-F-14,3420717,VOLVE,369304,MÆRSK INSPIRER,24.0,34.31351395833333,%,production,OP,3495.296938337375,221.42340275,2242.198813436,,778.506524779,1253.098124901375,,170.3840465,22168.0579564,18235.378537571003,27.423571600000002,0.8225970255687816,0.0012355474948991159
2008-12-21,NO 15/9-F-14 H,5351,15/9-F-14,3420717,VOLVE,369304,MÆRSK INSPIRER,24.0,33.948350625,%,production,OP,3510.874046732,221.41991825,2245.215359084375,0.0,791.698283836375,1265.658687647625,,169.620445625,21967.224323100003,17964.921260768,25.976915299999998,0.817805699825111,0.0011811338885329913
2008-12-22,NO 15/9-F-14 H,5351,15/9-F-14,3420717,VOLVE,369304,MÆRSK INSPIRER,24.0,33.787436666666665,%,production,OP,3522.6887092604998,221.41786175,2248.240709748,0.0,800.2372661565,1274.4479995125,,172.252232,21881.7458052,17882.765848982002,26.920386800000003,0.8172458453809625,0.0012287551676619201
2008-12-23,NO 15/9-F-14 H,5351,15/9-F-14,3420717,VOLVE,369304,MÆRSK INSPIRER,24.0,33.688870625,%,production,OP,3533.2444540355,221.4194345,2254.934875183875,,805.0044114,1278.309578851625,,169.3174775,21846.2083787,17836.964448817,5.4092366,0.816478728922498,0.0002475439894304473
2008-12-24,NO 15/9-F-14 H,5351,15/9-F-14,3420717,VOLVE,369304,MÆRSK INSPIRER,24.0,33.78216583333333,%,production,OP,3540.562802590875,221.42764925,2260.183380398,,806.4866876735,1280.379422192875,,168.76655599999998,21977.0993248,17939.173666145,5.7237271000000005,0.8162666692733916,0.0002603727049290556
2008-12-25,NO 15/9-F-14 H,5351,15/9-F-14,3420717,VOLVE,369304,MÆRSK INSPIRER,24.0,33.76866,%,production,OP,3552.3765707183748,221.42721012500002,2261.8697100293753,,817.022867426625,1290.506860689,,171.24085137499998,21919.6733595,17915.741303254003,5.6608290000000006,0.8173361440848893,0.00025818666896165927
2008-12-26,NO 15/9-F-14 H,5351,15/9-F-14,3420717,VOLVE,369304,MÆRSK INSPIRER,24.0,33.80921729166667,%,production,OP,3561.803678123375,221.4330395,2264.9024938905,,823.586241824375,1296.9011842328748,,172.342386125,22009.3660501,17973.143229221998,7.9251606,0.8166133994186686,0.0003599516636337406
2008-12-27,NO 15/9-F-14 H,5351,15/9-F-14,3420717,VOLVE,369304,MÆRSK INSPIRER,24.0,33.085525,%,production,OP,3570.346809713234,221.44334229787233,2267.780778400851,,828.8725250657873,1302.5660313123828,,173.9911145957447,21523.9814124,17637.258407729,8.365447300000001,0.8194236033658786,0.00038850606273934757
2008-12-28,NO 15/9-F-14 H,5351,15/9-F-14,3420717,VOLVE,369304,MÆRSK INSPIRER,24.0,33.76332875,%,production,OP,3580.695678354,221.45140999999998,2272.353830205375,,834.5891599047501,1308.341848148625,,171.369350375,21978.420184900002,17998.863278379,5.9124213999999995,0.8189334413919748,0.00026893795258108906
2008-12-29,NO 15/9-F-14 H,5351,15/9-F-14,3420717,VOLVE,369304,MÆRSK INSPIRER,24.0,33.62242083333334,%,production,OP,3592.732113049375,221.45557925,2276.79687292975,,843.023923357,1315.9352401196252,,169.501859,21864.1343372,17898.768705287002,5.8495233,0.8186360561659073,0.0002674681123366072
2008-12-30,NO 15/9-F-14 H,5351,15/9-F-14,3420717,VOLVE,369304,MÆRSK INSPIRER,24.0,33.420732083333334,%,production,OP,3604.579922804125,221.45560062500002,2279.9543018437503,,851.369098649625,1324.625620960375,,172.301636375,21706.6374948,17776.058951462,6.855892900000001,0.8189227353025266,0.0003157434309434356
2008-12-31,NO 15/9-F-14 H,5351,15/9-F-14,3420717,VOLVE,369304,MÆRSK INSPIRER,24.0,33.44870875,%,production,OP,3611.08814348075,221.46539975000002,2283.47816926475,,853.8614467497499,1327.609974216,,173.89577,21817.841335600002,17864.810089767,5.7237271000000005,0.8188165737834535,0.00026227278098493517
2009-01-01,NO 15/9-F-14 H,5351,15/9-F-14,3420717,VOLVE,369304,MÆRSK INSPIRER,24.0,33.439270416666666,%,production,OP,3617.458964825375,221.47172375,2288.793237856,,855.30004241225,1328.665726969375,,170.73525949999998,21879.9846584,17870.099172386002,15.9761174,0.8167327103460946,0.0007296376516008939
2009-01-02,NO 15/9-F-14 H,5351,15/9-F-14,3420717,VOLVE,369304,MÆRSK INSPIRER,24.0,32.81187020833333,%,production,OP,3636.0656269640003,221.460322625,2288.803157850875,,875.259558582375,1347.262469113125,,170.661006125,21157.662878000003,17246.483948026,5.0947461,0.8151412586292367,0.00024074112601460494
2009-01-03,NO 15/9-F-14 H,5351,15/9-F-14,3420717,VOLVE,369304,MÆRSK INSPIRER,18.16666,30.047937894736844,%,production,OP,3652.394262719828,221.3132730749769,2295.5776430840674,0.0,888.8998465953669,1356.8166196357606,,166.69207441638474,13943.879789,11427.945689276,21.5111502,0.8195671407244374,0.0015403185126468255
2009-01-04,NO 15/9-F-14 H,5351,15/9-F-14,3420717,VOLVE,369304,MÆRSK INSPIRER,24.0,32.643291041666664,%,production,OP,3636.693360492875,221.406793625,2287.472972050125,,876.7080107856251,1349.22038844275,,172.08336875,21056.8372237,17121.719938102,4.9060518,0.8131192617489141,0.00023293664421913962
2009-01-05,NO 15/9-F-14 H,5351,15/9-F-14,3420717,VOLVE,369304,MÆRSK INSPIRER,24.0,33.32821666666667,%,production,OP,3632.4993238415,221.4599135,2293.6953741963753,,865.1194715639999,1338.803949645125,,173.43329825,21987.917798000002,17879.431081861,10.1265941,0.8131479863676447,0.00046034065208254107
2009-01-06,NO 15/9-F-14 H,5351,15/9-F-14,3420717,VOLVE,369304,MÆRSK INSPIRER,21.0,31.61116976744186,%,production,OP,3637.3514791310267,220.88794946031746,2288.0681372897047,0.0,874.1422751841429,1349.2833418413213,,165.27201172142856,16663.2791425,13638.309360185001,9.4976131,0.818464915792009,0.0005696479500218806
2009-01-07,NO 15/9-F-14 H,5351,15/9-F-14,3420717,VOLVE,369304,MÆRSK INSPIRER,24.0,32.37099729166667,%,production,OP,,,,,880.35533273925,1353.985784165375,,167.8769705,20818.516322800002,17350.502690582,9.4976131,0.8334168689812009,0.00045600186024599937
2009-01-08,NO 15/9-F-14 H,5351,15/9-F-14,3420717,VOLVE,369304,MÆRSK INSPIRER,24.0,30.450362708333333,%,production,OP,,,,,922.159433030375,1390.30180970425,,165.349391,19209.2055362,15553.825656736002,4.9689499,0.809706868273371,0.00025860855503288257
2009-01-09,NO 15/9-F-14 H,5351,15/9-F-14,3420717,VOLVE,369304,MÆRSK INSPIRER,24.0,28.121133333333333,%,production,OP,,,,,960.1630633263751,1428.286820747,,162.764017625,16524.7146282,13327.202038505999,4.151274600000001,0.8065011916007715,0.00025115302068587613
2009-01-10,NO 15/9-F-14 H,5351,15/9-F-14,3420717,VOLVE,369304,MÆRSK INSPIRER,24.0,31.519895625,%,production,OP,,,,,917.3182761041251,1387.5786789515,,165.82438175,20501.3212045,16554.664384115,5.4721347,0.8074925620150414,0.0002668449722726603
2009-01-11,NO 15/9-F-14 H,5351,15/9-F-14,3420717,VOLVE,369304,MÆRSK INSPIRER,24.0,32.30491729166667,%,production,OP,,,,,899.425494023125,1371.545661733625,,163.599910625,21135.334052500002,17073.246980882,5.7237271000000005,0.8078058732581272,0.0002707398636185126
2009-01-12,NO 15/9-F-14 H,5351,15/9-F-14,3420717,VOLVE,369304,MÆRSK INSPIRER,24.0,34.30342104166667,%,production,OP,,,,,857.226020144,1334.93663526175,,169.842288125,22782.320801,18385.734051144,6.4156062,0.8070176085983735,0.00028152531519795094
2009-01-13,NO 15/9-F-14 H,5351,15/9-F-14,3420717,VOLVE,369304,MÆRSK INSPIRER,24.0,36.255932916666666,%,production,OP,3596.79878216375,219.268128125,2298.4083296171248,0.0,816.388864025875,1298.390452546625,,174.907281875,24659.829086,19817.982804075004,21.0708635,0.803654507699981,0.0008537315715032046
2009-01-14,NO 15/9-F-14 H,5351,15/9-F-14,3420717,VOLVE,369304,MÆRSK INSPIRER,24.0,35.82481833333333,%,production,OP,3648.11302109325,221.650506125,2333.237223131125,0.0,832.868988073375,1314.875797962125,,176.665502,24074.436469300002,19344.485425357,16.730894600000003,0.8035280680411901,0.0006944825191439589
2009-01-15,NO 15/9-F-14 H,5351,15/9-F-14,3420717,VOLVE,369304,MÆRSK INSPIRER,24.0,35.809772708333334,%,production,OP,3656.6811500081253,221.664135125,2337.064141409875,0.0,838.7291366632501,1319.6170085982499,,170.50026725,27983.553384299998,22598.378705034,304.6783964,0.8075592972303755,0.010770499858809509
2009-01-16,NO 15/9-F-14 H,5351,15/9-F-14,3420717,VOLVE,369304,MÆRSK INSPIRER,24.0,35.81695520833333,%,production,OP,3662.9147472749996,221.67991925,2340.6672841843747,,841.3303508905001,1322.247463090625,,170.15093299999998,28905.199243600004,23321.120879706,373.1744273,0.8068140504123875,0.012745736204292687
2009-01-17,NO 15/9-F-14 H,5351,15/9-F-14,3420717,VOLVE,369304,MÆRSK INSPIRER,24.0,34.986255625,%,production,OP,3679.190570191375,221.68637337500002,2341.741586693625,,856.25141313,1337.44898349775,,170.56631412500002,27588.490418200003,22670.820102291003,174.1019408,0.8217492062318555,0.006271098121842361
2009-01-18,NO 15/9-F-14 H,5351,15/9-F-14,3420717,VOLVE,369304,MÆRSK INSPIRER,24.0,35.675806458333334,%,production,OP,3679.19850800025,221.70411387500002,2348.451092919625,,849.49195944275,1330.747415080625,,169.572413375,28808.0845772,23301.942878724003,276.5629457,0.8088681778297123,0.009508897966951336
2009-01-19,NO 15/9-F-14 H,5351,15/9-F-14,3420717,VOLVE,369304,MÆRSK INSPIRER,24.0,35.77648375,%,production,OP,3683.376910763875,221.713671125,2349.575182744,,851.98144002075,1333.801728019875,,169.64405525,29065.2749081,23434.056230864997,111.70702560000001,0.806256135713835,0.003828601116244177
2009-01-20,NO 15/9-F-14 H,5351,15/9-F-14,3420717,VOLVE,369304,MÆRSK INSPIRER,24.0,35.79893979166667,%,production,OP,3689.24896455625,221.70759875000002,2350.5889137585,,856.689400695375,1338.66005079775,,173.05096774999998,29152.4516747,23541.056593542,75.0374333,0.807515500110481,0.0025673581819746923
2009-01-21,NO 15/9-F-14 H,5351,15/9-F-14,3420717,VOLVE,369304,MÆRSK INSPIRER,22.65185,34.214601276595744,%,production,OP,3700.2764214597414,221.68066044011857,2354.2546240333363,,863.9052694912696,1346.0217974264049,,173.1809421617934,26181.8373098,21169.721457093,174.3535332,0.8085651593736343,0.00661527814237644
2009-01-22,NO 15/9-F-14 H,5351,15/9-F-14,3420717,VOLVE,369304,MÆRSK INSPIRER,23.51481,33.56514583333333,%,production,OP,3721.79256180283,221.62841796030503,2352.3051176793842,,900.0008005277357,1369.4874441234458,,165.29809242427729,25138.232034599998,21769.304674956,364.1171009,0.8659839182402709,0.014277786684095649
2009-01-23,NO 15/9-F-14 H,5351,15/9-F-14,3420717,VOLVE,369304,MÆRSK INSPIRER,24.0,35.239564375,%,production,OP,3711.3900849115,221.696774,2355.306174994875,,880.087239061125,1356.083909916625,,170.554990625,28172.05899,22719.515542121004,113.40527430000002,0.8064556286136402,0.004009312813123328
2009-01-24,NO 15/9-F-14 H,5351,15/9-F-14,3420717,VOLVE,369304,MÆRSK INSPIRER,24.0,35.18315729166667,%,production,OP,3718.314129534125,221.698229375,2356.76177334125,,881.074570138,1361.552356192875,,172.35074600000002,28050.602758899997,22991.878753283003,159.2579892,0.8196572084707897,0.005645472362380464
2009-01-25,NO 15/9-F-14 H,5351,15/9-F-14,3420717,VOLVE,369304,MÆRSK INSPIRER,24.0,35.289000208333334,%,production,OP,3723.1202869779995,221.700868625,2359.521523167375,,883.572768104125,1363.598763810625,,172.004505875,28428.494543700002,22877.976838785005,164.54142960000001,0.8047551305827048,0.0057545980690419775
2009-01-26,NO 15/9-F-14 H,5351,15/9-F-14,3420717,VOLVE,369304,MÆRSK INSPIRER,24.0,35.33169375,%,production,OP,3727.7827631315004,221.707350125,2365.7405652666253,,881.746902851875,1362.042197864875,,168.15527825,28448.4961395,22955.643045907003,331.91327370000005,0.8069193862952104,0.01153261126117857
2009-01-27,NO 15/9-F-14 H,5351,15/9-F-14,3420717,VOLVE,369304,MÆRSK INSPIRER,24.0,35.322985208333336,%,production,OP,3734.9901032276252,221.706512,2365.47255015075,,888.95492583525,1369.517553076875,,172.221299,28469.5041049,22973.019644042,364.2428971,0.8069343097580692,0.012632520396143274
2009-01-28,NO 15/9-F-14 H,5351,15/9-F-14,3420717,VOLVE,369304,MÆRSK INSPIRER,14.175,33.747737931034486,%,production,OP,3748.312407100656,221.69737984126982,2370.8485011923385,,898.0735217785397,1377.4639059083174,,175.73399488888887,15641.8768966,12745.151509752,242.59797170000002,0.8148096033489659,0.015272646638394255
2009-01-29,NO 15/9-F-14 H,5351,15/9-F-14,3420717,VOLVE,369304,MÆRSK INSPIRER,5.65833,26.465173333333333,%,production,OP,3845.316514385984,220.656365709667,2377.278314319368,,1010.2009855264962,1468.0382000666161,,141.03933721085195,3519.6518798,2913.243092566,556.7110831,0.8277077370309536,0.1365705380425558
2009-01-30,NO 15/9-F-14 H,5351,15/9-F-14,3420717,VOLVE,369304,MÆRSK INSPIRER,24.0,35.29881708333333,%,production,OP,3733.8907695768753,221.61054387500002,2368.39202005275,,885.4530226063749,1365.498749524125,,164.50959725,28526.9929683,22932.944875629,1875.5584439,0.803903338186143,0.06169082385458517
2009-01-31,NO 15/9-F-14 H,5351,15/9-F-14,3420717,VOLVE,369304,MÆRSK INSPIRER,24.0,35.2986925,%,production,OP,3737.6087008635,221.65439525,2367.235768051875,,890.3145180905,1370.3729328116249,,165.697416875,28454.0311723,22899.826396822,347.0088177,0.8048007770201286,0.012048482201354007
2009-02-01,NO 15/9-F-14 H,5351,15/9-F-14,3420717,VOLVE,369304,MÆRSK INSPIRER,15.0,31.7384475,%,production,OP,3769.489423846493,221.385889682624,2373.9363924050554,,919.3399113251695,1395.5530314414382,,161.36207447711598,14258.3073909,11591.039568286002,276.2484552,0.8129323664100331,0.01900632245835876
2009-02-02,NO 15/9-F-14 H,5351,15/9-F-14,3420717,VOLVE,369304,MÆRSK INSPIRER,24.0,35.32523208333333,%,production,OP,3743.8532484993752,221.63239925,2369.192675137125,,894.7131066678751,1374.6605733622498,,173.23288025,28520.954750700002,22898.643001225002,402.9252286,0.8028708436088728,0.013930538672140879
2009-02-03,NO 15/9-F-14 H,5351,15/9-F-14,3420717,VOLVE,369304,MÆRSK INSPIRER,24.0,35.28359,%,production,OP,3748.9412752097496,221.65346412499997,2370.46808189825,,898.24931138375,1378.4731933115,,173.604841625,28536.679275700004,22874.613819904,437.26759119999997,0.8015863933888954,0.015091750986108725
2009-02-04,NO 15/9-F-14 H,5351,15/9-F-14,3420717,VOLVE,369304,MÆRSK INSPIRER,5.83334,19.548100769230768,%,production,OP,3917.7877587093,220.34423634750246,2398.9578367446625,,1058.66275358342,1518.8299219646367,,130.99500199584458,2416.9223906,1995.8586516390003,335.30977110000003,0.8257851635622975,0.12183193546175469
2009-02-05,NO 15/9-F-14 H,5351,15/9-F-14,3420717,VOLVE,369304,MÆRSK INSPIRER,24.0,34.815896458333334,%,production,OP,3758.8460350515,221.55967062500002,2373.6781656495,,905.315426770625,1385.167869402,,172.913799125,27785.9904522,22275.741840099003,512.9340055,0.8016896816552129,0.01812556538205936
2009-02-06,NO 15/9-F-14 H,5351,15/9-F-14,3420717,VOLVE,369304,MÆRSK INSPIRER,24.0,35.23332,%,production,OP,3753.07942690675,221.6346425,2374.143619786125,,898.3433866565,1378.935807120625,,174.10799525,28315.2150656,22817.490173772,514.3806618,0.805838490751668,0.017842104574193742
2009-02-07,NO 15/9-F-14 H,5351,15/9-F-14,3420717,VOLVE,369304,MÆRSK INSPIRER,24.0,34.84632916666666,%,production,OP,3761.1655733962502,221.66225000000003,2383.2000553875,,899.1698373535,1377.96551800875,,169.52307537500002,28311.566975800004,22755.181623386005,416.8886068,0.8037415111228758,0.014511347663690539
2009-02-08,NO 15/9-F-14 H,5351,15/9-F-14,3420717,VOLVE,369304,MÆRSK INSPIRER,24.0,35.18438895833334,%,production,OP,3773.8658591041253,221.668815875,2384.1700242071247,,908.468087560375,1389.6958348970002,,174.16390512499999,29373.2240057,23473.043659665,448.40055490000003,0.7991306522944146,0.015036087453546104
2009-02-09,NO 15/9-F-14 H,5351,15/9-F-14,3420717,VOLVE,369304,MÆRSK INSPIRER,24.0,32.372764583333336,%,production,OP,3821.003556591,221.57937275,2376.067615331875,,968.5331277441251,1444.935941259125,,173.980132625,23423.1895419,18765.188736909,539.1625132,0.8011372107688985,0.022500400292935683
2009-02-10,NO 15/9-F-14 H,5351,15/9-F-14,3420717,VOLVE,369304,MÆRSK INSPIRER,24.0,34.79708625,%,production,OP,3785.1496009687503,221.64426462499998,2381.841795668875,,935.0453311187501,1403.3078052998749,,176.758858625,27777.9394954,23304.205138406,427.95867240000007,0.838946500775018,0.015172666009571002
2009-02-11,NO 15/9-F-14 H,5351,15/9-F-14,3420717,VOLVE,369304,MÆRSK INSPIRER,24.0,34.69769291666667,%,production,OP,3792.471502955125,221.65663812500003,2383.7295649525,,954.419673348125,1408.741938002625,,176.42696,27548.6130228,22223.799919898,902.8393274,0.8067121165593696,0.03173262708304778
2009-02-12,NO 15/9-F-14 H,5351,15/9-F-14,3420717,VOLVE,369304,MÆRSK INSPIRER,24.0,34.692380625,%,production,OP,3796.68340949675,221.667211625,2386.7840652325,,929.793121392375,1409.89934426425,,176.6033615,27931.159267,22317.292409825,466.95549439999996,0.7990106030504918,0.01644318639893332
2009-02-13,NO 15/9-F-14 H,5351,15/9-F-14,3420717,VOLVE,369304,MÆRSK INSPIRER,21.75,32.25620822222222,%,production,OP,3826.3558177399777,221.56385621367448,2389.319316257038,0.0,962.7021051007234,1437.0365014829406,,172.73746754290485,22477.1392198,17899.788593823,574.6999397000001,0.7963552843083859,0.0249307630390592
2009-02-14,NO 15/9-F-14 H,5351,15/9-F-14,3420717,VOLVE,369304,MÆRSK INSPIRER,24.0,35.23182666666667,%,production,OP,3796.726712404625,221.69514312500002,2397.4462709211252,,919.638829714875,1399.2804414835,,172.42832149999998,29051.185733700004,23028.596859461002,508.0908518,0.7926904282170945,0.01718887978636252
2009-02-15,NO 15/9-F-14 H,5351,15/9-F-14,3420717,VOLVE,369304,MÆRSK INSPIRER,24.0,34.87930854166667,%,production,OP,3806.0366623435,221.69769649999998,2396.48337874725,0.0,935.037943245625,1409.55328359625,,175.421722625,28266.280343799997,22579.942312752002,553.7548724000001,0.7988296315650442,0.019214233023862843
2009-02-16,NO 15/9-F-14 H,5351,15/9-F-14,3420717,VOLVE,369304,MÆRSK INSPIRER,22.0,33.597426444444444,%,production,OP,3822.159305995649,221.64886206190727,2400.374361214846,,943.7160635855829,1421.7849447808032,,174.72529307135545,24580.200091400002,19584.242220862,532.9356013,0.7967486899227496,0.021221388193865258
2009-02-17,NO 15/9-F-14 H,5351,15/9-F-14,3420717,VOLVE,369304,MÆRSK INSPIRER,24.0,34.95931520833334,%,production,OP,3815.206028157625,221.7128585,2402.422609306625,,931.2595462211251,1412.7834188509999,,174.664155125,28473.4037871,22748.637103182,602.3122056000001,0.7989433674061958,0.020715300897533248
2009-02-18,NO 15/9-F-14 H,5351,15/9-F-14,3420717,VOLVE,369304,MÆRSK INSPIRER,24.0,34.817513125,%,production,OP,3821.7016426147497,221.722562375,2406.45720085,0.0,934.590860589,1415.24444176475,,173.35019112499998,28399.121131000004,22641.851453880998,577.8448447000001,0.7972729631117187,0.019941523387389106
2009-02-19,NO 15/9-F-14 H,5351,15/9-F-14,3420717,VOLVE,369304,MÆRSK INSPIRER,24.0,34.8017075,%,production,OP,3827.688841471,221.73343325,2410.427673510875,,936.92107131325,1417.261167960125,,171.385503125,28419.500115400002,22613.137071311,513.5000884,0.7956908805393575,0.017747903251753266
2009-02-20,NO 15/9-F-14 H,5351,15/9-F-14,3420717,VOLVE,369304,MÆRSK INSPIRER,24.0,34.779443125,%,production,OP,3834.601687951375,221.73957087499997,2410.735444146875,,942.5609041595,1423.8662438044998,,173.191551125,28361.1935767,22557.270628499,683.9539394,0.7953568867789407,0.0235479588809414
2009-02-21,NO 15/9-F-14 H,5351,15/9-F-14,3420717,VOLVE,369304,MÆRSK INSPIRER,24.0,29.048313541666666,%,production,OP,3922.18978262125,221.540357,2399.390698695125,,1048.62617225025,1522.799083926125,,167.41460975,18277.684675200002,14645.480013274,475.2580436,0.8012765442411673,0.025343118182915868
2009-02-22,NO 15/9-F-14 H,5351,15/9-F-14,3420717,VOLVE,369304,MÆRSK INSPIRER,24.0,34.05479166666667,%,production,OP,3868.29524515275,221.712726875,2411.598009305875,,976.5471752395001,1456.697235846875,,176.219184125,27165.815186200005,21644.825301514,670.493746,0.7967670085788325,0.02408702057564815
2009-02-23,NO 15/9-F-14 H,5351,15/9-F-14,3420717,VOLVE,369304,MÆRSK INSPIRER,24.0,34.39536270833333,%,production,OP,3867.68682282925,221.738929625,2415.072104519875,,971.5577350880001,1452.614718309375,,177.81826025,27786.2420446,22089.839608947,738.2349997,0.7949919810491235,0.025880754923341194
2009-02-24,NO 15/9-F-14 H,5351,15/9-F-14,3420717,VOLVE,369304,MÆRSK INSPIRER,24.0,34.30708479166667,%,production,OP,3872.1337694931253,221.751422375,2416.7248578542503,,974.5702921913751,1455.408911638875,,177.71978825000002,27469.6759073,21996.71792337,571.5550347000001,0.8007636492545741,0.02038266564981383
2009-02-25,NO 15/9-F-14 H,5351,15/9-F-14,3420717,VOLVE,369304,MÆRSK INSPIRER,21.83334,31.054527555555556,%,production,OP,3911.767757392425,221.644214410202,2421.061892780425,,1014.6095208802461,1490.7058646120004,,169.7801999491878,20294.7638441,16278.240688747002,748.4244919,0.8020906680064344,0.035566116690578665
2009-02-26,NO 15/9-F-14 H,5351,15/9-F-14,3420717,VOLVE,369304,MÆRSK INSPIRER,24.0,34.310338125,%,production,OP,3891.9952218455,221.76978012499998,2426.265224829125,,984.019693145625,1465.729997016375,,176.756330375,27750.012738999998,22201.231354569,844.0296039,0.8000440058669698,0.029517673429254595
2009-02-27,NO 15/9-F-14 H,5351,15/9-F-14,3420717,VOLVE,369304,MÆRSK INSPIRER,24.0,34.307170416666665,%,production,OP,3897.860670365625,221.787572375,2427.96150769325,,988.9645824581249,1469.899162672375,,177.942497,27529.9322871,22089.706825675,960.8313756,0.8023887089626375,0.03372431104252628
2009-02-28,NO 15/9-F-14 H,5351,15/9-F-14,3420717,VOLVE,369304,MÆRSK INSPIRER,24.0,34.280672083333336,%,production,OP,3903.611408935875,221.79787812499998,2434.474484407625,,988.58498477425,1469.1369245282501,,172.61245775,27787.8144971,22126.856477487003,671.2485232,0.7962791201084278,0.02358645900327762
2009-03-01,NO 15/9-F-14 H,5351,15/9-F-14,3420717,VOLVE,369304,MÆRSK INSPIRER,24.0,34.31704895833333,%,production,OP,3909.638330074375,221.809688375,2435.589264605375,,993.2042637767499,1474.049065469,,174.37477437500002,27654.6592194,22190.137241564003,981.0216657,0.8024013988209775,0.03425871623714227
2009-03-02,NO 15/9-F-14 H,5351,15/9-F-14,3420717,VOLVE,369304,MÆRSK INSPIRER,24.0,34.236873958333334,%,production,OP,3916.0483721115006,221.81908174999998,2436.997438547375,,997.7399585885,1479.050933564125,,176.976530375,27556.223692900003,22025.007116952,1027.6920559,0.7992752331527506,0.03595350843220786
2009-03-03,NO 15/9-F-14 H,5351,15/9-F-14,3420717,VOLVE,369304,MÆRSK INSPIRER,24.0,33.576103125,%,production,OP,3920.250744011872,221.8344340425532,2441.063253249064,,997.8740367045957,1479.1874907628085,,175.19813331914895,27292.3032653,21757.194558032003,-5.9753194999999995,0.7971915871862142,-0.00021898584198903686
2009-03-04,NO 15/9-F-14 H,5351,15/9-F-14,3420717,VOLVE,369304,MÆRSK INSPIRER,24.0,34.33009333333333,%,production,OP,3922.2962495781253,221.835915875,2443.0311764718754,,997.966486793125,1479.26507310625,,171.96095975,27812.093163700003,22147.596094503002,399.78032360000003,0.7963297103941018,0.014170640733234789
2009-03-05,NO 15/9-F-14 H,5351,15/9-F-14,3420717,VOLVE,369304,MÆRSK INSPIRER,14.0,29.522301379310345,%,production,OP,3993.112536701698,221.45535207932,2442.246066970487,,1074.1228015627646,1550.866469731211,,161.8433967009457,12417.4686982,9932.735417156,114.41164390000002,0.7999001776099359,0.009129647010404486
2009-03-06,NO 15/9-F-14 H,5351,15/9-F-14,3420717,VOLVE,369304,MÆRSK INSPIRER,24.0,29.128674375,%,production,OP,4006.5005472755006,221.57968887500002,2432.8541863473747,,1101.16451377,1573.646360928125,,170.041611125,18793.2604009,15088.004987504002,566.4602886,0.8028412667969761,0.029259734563589407
2009-03-07,NO 15/9-F-14 H,5351,15/9-F-14,3420717,VOLVE,369304,MÆRSK INSPIRER,24.0,24.944216875,%,production,OP,4079.985170998375,221.39818400000001,2411.1608949901247,,1202.213875295875,1668.82427600825,,165.02532200000002,13893.9386976,11181.985866716,654.2031381,0.804810364439534,0.044968157823058665
2009-03-08,NO 15/9-F-14 H,5351,15/9-F-14,3420717,VOLVE,369304,MÆRSK INSPIRER,11.10833,24.157015652173914,%,production,OP,4084.791274071475,221.4004327118802,2414.1800171597956,,1203.5828854153278,1670.61125691168,,163.54594050587085,6094.8887881,4911.961528611,0.0,0.8059148738204029,0.0
2009-03-09,NO 15/9-F-14 H,5351,15/9-F-14,3420717,VOLVE,369304,MÆRSK INSPIRER,7.5,4.906396666666667,%,production,OP,4204.608234299601,218.16972800000002,2556.6964859216,,1101.6432165236,1647.911748378,,69.7367636,689.5518703,560.6042645910001,0.0,0.8129979610483844,0.0
2009-03-10,NO 15/9-F-14 H,5351,15/9-F-14,3420717,VOLVE,369304,MÆRSK INSPIRER,21.22,30.5,%,production,OP,4026.4210935480005,221.38952,2420.25925866,,1148.431769472,1606.161834888,,151.12920200000002,16504.2727457,12910.57757155,573.1274872,0.7822566780419757,0.03356058178550251
2009-03-11,NO 15/9-F-14 H,5351,15/9-F-14,3420717,VOLVE,369304,MÆRSK INSPIRER,8.80833,25.032403684210525,%,production,OP,3960.650382109397,221.25557035334506,2416.842665339226,,1069.3396888799339,1543.8077167701704,,148.5978134232573,7453.7393405,5842.370384045,1099.0813994,0.7838173723489894,0.1285051368225976
2009-03-12,NO 15/9-F-14 H,5351,15/9-F-14,3420717,VOLVE,369304,MÆRSK INSPIRER,19.85833,33.2298685,%,production,OP,3833.285312796608,221.83344663223244,2414.739177371837,,947.1550773123388,1418.546135424771,,172.70522066516168,21065.3284672,16533.612938298003,491.35995720000005,0.7848732557881472,0.022793851612376143
2009-03-13,NO 15/9-F-14 H,5351,15/9-F-14,3420717,VOLVE,369304,MÆRSK INSPIRER,8.14167,33.2385005882353,%,production,OP,3795.4653522583626,221.23272202664072,2446.5323764721293,,873.6427282791578,1348.9329757862333,,149.92498175957022,9514.2810965,7687.220200161,399.5916293,0.8079664792528447,0.04030631019299826
2009-03-14,NO 15/9-F-14 H,5351,15/9-F-14,3420717,VOLVE,369304,MÆRSK INSPIRER,24.0,39.19897041666667,%,production,OP,3699.678447709,222.00005225,2428.037613362125,,795.2479347835,1271.640834346875,,177.218199875,29500.781352500002,22584.10026553,343.2978298,0.7655424443060096,0.011503046473740891
2009-03-15,NO 15/9-F-14 H,5351,15/9-F-14,3420717,VOLVE,369304,MÆRSK INSPIRER,24.0,42.1991525,%,production,OP,3642.164780048125,222.04675924999998,2443.0058612976254,,717.560859183625,1199.1589187505,,181.15947162499998,32834.1290601,25376.266555999002,303.9236192,0.7728624843238561,0.009171438712506145
2009-03-16,NO 15/9-F-14 H,5351,15/9-F-14,3420717,VOLVE,369304,MÆRSK INSPIRER,24.0,47.253982916666665,%,production,OP,3558.2874584352503,222.104430125,2471.593207649375,,598.439551344,1086.694250785875,,178.4864615,34813.469369,26841.321958936,490.5422819,0.7710039374253553,0.013894802855569946
2009-03-17,NO 15/9-F-14 H,5351,15/9-F-14,3420717,VOLVE,369304,MÆRSK INSPIRER,24.0,46.479014375,%,production,OP,3548.6835557515,222.07045250000002,2455.947719881,,605.93736931625,1092.7358358705,,181.877241875,35438.8022792,27497.394924066004,306.31374700000003,0.7759120838066521,0.008569387403176481
2009-03-18,NO 15/9-F-14 H,5351,15/9-F-14,3420717,VOLVE,369304,MÆRSK INSPIRER,24.0,36.327493125,%,production,OP,3685.23222175175,221.77752650000002,2383.43209805775,,824.9666560974999,1301.800123694,,176.9437115,28598.3823118,22493.919235022,150.70384760000002,0.7865451615331671,0.005242039582212071
2009-03-19,NO 15/9-F-14 H,5351,15/9-F-14,3420717,VOLVE,369304,MÆRSK INSPIRER,24.0,33.801169375,%,production,OP,3701.340731248625,221.58339575,2359.375282560625,,867.149063838625,1341.965448688,,174.7616525,25011.1149745,19657.493384190002,215.2372982,0.7859503026647047,0.008532240249135431
2009-03-20,NO 15/9-F-14 H,5351,15/9-F-14,3420717,VOLVE,369304,MÆRSK INSPIRER,24.0,36.011544375,%,production,OP,3623.164526070739,220.68445620827106,2343.5218411316555,0.0,804.4618762141757,1279.642684939084,,174.805088343037,28551.2716349,22366.680724069003,232.7858681,0.7833864988601353,0.00808731945021087
2009-03-21,NO 15/9-F-14 H,5351,15/9-F-14,3420717,VOLVE,369304,MÆRSK INSPIRER,24.0,36.22385375,%,production,OP,3611.5442910123747,221.5186625,2341.299130144875,,793.434014014875,1270.2451608675,,177.782339,27850.146514199998,21852.469027721003,233.1632567,0.7846446702382356,0.008302556165997371
2009-03-22,NO 15/9-F-14 H,5351,15/9-F-14,3420717,VOLVE,369304,MÆRSK INSPIRER,24.0,36.462441041666665,%,production,OP,3578.6578612161247,221.46642500000002,2331.7311938635003,,769.6867005448751,1246.9266673526251,,177.050532875,27887.0676989,21849.337673272003,218.44510129999998,0.7834935500993475,0.007772322207849754
2009-03-23,NO 15/9-F-14 H,5351,15/9-F-14,3420717,VOLVE,369304,MÆRSK INSPIRER,24.0,37.100775416666664,%,production,OP,3539.876207807,221.43250962500002,2323.440172134125,,737.813228227125,1216.436035672875,,176.705704625,28242.756454399998,21743.020296893,210.01675590000002,0.7698618345556568,0.007381240287114553
2009-03-24,NO 15/9-F-14 H,5351,15/9-F-14,3420717,VOLVE,369304,MÆRSK INSPIRER,24.0,36.767805,%,production,OP,3519.745311110125,221.36371737500002,2309.83397907825,,733.0046806778751,1209.911332031875,,175.89515075,27546.034200700004,21586.573350717,1306.1419446,0.7836544888254164,0.04527013622897105
2009-03-25,NO 15/9-F-14 H,5351,15/9-F-14,3420717,VOLVE,369304,MÆRSK INSPIRER,3.69167,30.82989,%,production,OP,3543.213703292201,221.3098929904244,2298.66349272555,,772.3289894153521,1244.5502105666512,,169.73766557688526,3180.3166303,2545.591638982,46.1672054,0.800420818081209,0.014308828976353393
2009-03-26,NO 15/9-F-14 H,5351,15/9-F-14,3420717,VOLVE,369304,MÆRSK INSPIRER,0.0,,%,production,OP,3824.3586481260004,214.245554,3730.11049008,,82.154454492,94.248158046,,42.234368,0.0,0.0,0.0,,
2009-03-27,NO 15/9-F-14 H,5351,15/9-F-14,3420717,VOLVE,369304,MÆRSK INSPIRER,0.0,,%,production,OP,3829.413222426,213.255662,3733.907294844,,89.384598792,95.505927582,,42.771596,0.0,0.0,0.0,,
2009-03-28,NO 15/9-F-14 H,5351,15/9-F-14,3420717,VOLVE,369304,MÆRSK INSPIRER,0.0,,%,production,OP,3833.8405073760005,212.65536200000003,3778.8019222499997,,53.37615957,55.038585126,,42.279602,0.0,0.0,0.0,,
2009-03-29,NO 15/9-F-14 H,5351,15/9-F-14,3420717,VOLVE,369304,MÆRSK INSPIRER,0.0,,%,production,OP,2585.2824797939998,152.991842,2039.952798252,0.0,544.207377498,545.329681542,,38.90543,0.0,0.0,0.0,,
2009-03-30,NO 15/9-F-14 H,5351,15/9-F-14,3420717,VOLVE,369304,MÆRSK INSPIRER,4.475,11.909011818181819,%,production,OP,3798.692868871334,216.7293400797542,2423.577051144615,0.0,975.2347188622089,1375.115817726719,,78.62780501813185,976.5559006,661.488827522,0.0,0.6773691368979272,0.0
2009-03-31,NO 15/9-F-14 H,5351,15/9-F-14,3420717,VOLVE,369304,MÆRSK INSPIRER,24.0,33.814043125,%,production,OP,3583.719512161875,221.04787625,2305.86743150825,,806.287245315375,1277.852080653625,,166.66847337500002,22963.467329000003,18759.011842732005,197.87742260000002,0.8169067664725748,0.008543434102043255
2009-04-01,NO 15/9-F-14 H,5351,15/9-F-14,3420717,VOLVE,369304,MÆRSK INSPIRER,24.0,33.746319166666666,%,production,OP,3570.68663619025,221.15705,2298.3845101472502,,802.63308240275,1272.302126043,,170.443764875,22114.909061899998,17560.152291749,203.7269459,0.7940413520398317,0.00912810916530924
2009-04-02,NO 15/9-F-14 H,5351,15/9-F-14,3420717,VOLVE,369304,MÆRSK INSPIRER,24.0,35.10134583333333,%,production,OP,3542.411203122375,221.190272375,2298.6324405217497,,771.785865735125,1243.778762600625,,172.628695625,24102.3632257,18938.036889206,207.56373,0.785733610927108,0.008538229274742105
2009-04-03,NO 15/9-F-14 H,5351,15/9-F-14,3420717,VOLVE,369304,MÆRSK INSPIRER,24.0,36.764352083333335,%,production,OP,3503.619665977875,221.25777799999997,2300.8943987805,,727.054351689875,1202.725267197375,,173.765008625,26490.163796000004,20981.994162245002,237.6290218,0.7920673622038256,0.008890708762219429
2009-04-04,NO 15/9-F-14 H,5351,15/9-F-14,3420717,VOLVE,369304,MÆRSK INSPIRER,24.0,36.915851875,%,production,OP,2062.37355187125,143.775342875,869.2055425325,,717.130096323625,1193.16800933875,,174.231146375,26833.5245239,21296.804583366003,249.51676270000002,0.7936640810787801,0.009213025969260496
2009-04-05,NO 15/9-F-14 H,5351,15/9-F-14,3420717,VOLVE,369304,MÆRSK INSPIRER,22.19167,36.06817377777778,%,production,OP,0.0,32.0,1187.2613653549874,,713.1223421901215,1187.2613653549874,,174.00249340949645,24364.9627932,19319.921579478,212.1552913,0.7929386859096695,0.008632228179503255
2009-04-06,NO 15/9-F-14 H,5351,15/9-F-14,3420717,VOLVE,369304,MÆRSK INSPIRER,0.0,,%,production,OP,0.0,32.0,0.0,,2.953408794,0.0,,67.438202,0.0,0.0,0.0,,
2009-04-07,NO 15/9-F-14 H,5351,15/9-F-14,3420717,VOLVE,369304,MÆRSK INSPIRER,0.0,,%,production,OP,1712.871077742,114.526598,1712.871077742,,7.181266494,0.0,,45.961178000000004,0.0,0.0,0.0,,
2009-04-08,NO 15/9-F-14 H,5351,15/9-F-14,3420717,VOLVE,369304,MÆRSK INSPIRER,18.69167,34.8898047368421,%,production,OP,3463.2071663998513,220.73924649941605,2282.4447130383214,,709.6725976284993,1180.7624533615297,,160.95461794426288,18259.3813281,14203.085703434,41.9530327,0.7778514204956317,0.0022923482994693578
2009-04-09,NO 15/9-F-14 H,5351,15/9-F-14,3420717,VOLVE,369304,MÆRSK INSPIRER,15.58334,32.956921875,%,production,OP,2272.812231901616,155.85850000359744,1076.7919795453531,,731.9138705707971,1196.0202523562627,,161.58604566554024,13175.390803199998,10292.333000258,16.4793022,0.7811785740547621,0.0012492013693535624
2009-04-10,NO 15/9-F-14 H,5351,15/9-F-14,3420717,VOLVE,369304,MÆRSK INSPIRER,0.80833,21.54291,%,production,OP,0.0,32.0,1260.823286481286,,788.3137060270881,1260.823286481286,,165.00525662895103,318.5788765,253.927172027,0.3144905,0.7970621744188366,0.0009861932938856018
2009-04-11,NO 15/9-F-14 H,5351,15/9-F-14,3420717,VOLVE,369304,MÆRSK INSPIRER,0.0,,%,production,OP,0.0,32.0,0.0,,3.386347224,0.0,,47.384636,0.0,0.0,0.0,,
2009-04-12,NO 15/9-F-14 H,5351,15/9-F-14,3420717,VOLVE,369304,MÆRSK INSPIRER,13.85833,34.44932607142857,%,production,OP,0.0,32.0,1151.3980484314284,,682.9987702578113,1151.3980484314284,,160.21171937258242,12977.890769200001,10101.927085415,19.1839205,0.7783951387069438,0.0014760183316637387
2009-04-13,NO 15/9-F-14 H,5351,15/9-F-14,3420717,VOLVE,369304,MÆRSK INSPIRER,24.0,36.92984875,%,production,OP,0.0,32.0,1123.8631904135,,650.3029524875,1123.8631904135,,174.003244625,24788.958885300002,19104.460944426,48.431537,0.7706842805631121,0.0019499446671545745
2009-04-14,NO 15/9-F-14 H,5351,15/9-F-14,3420717,VOLVE,369304,MÆRSK INSPIRER,24.0,37.222699166666665,%,production,OP,0.0,32.0,1108.066168151375,,633.840145372875,1108.066168151375,,175.226800625,25006.8379037,19186.234604305002,16.6679965,0.7672395317708768,0.0006660935748362415
2009-04-15,NO 15/9-F-14 H,5351,15/9-F-14,3420717,VOLVE,369304,MÆRSK INSPIRER,4.475,34.275813,%,production,OP,0.0,32.0,1111.7675527914366,,639.068719667175,1111.7675527914366,,175.2872729481877,4098.880482699999,3386.9467091320003,1.6982487000000002,0.8263101896791495,0.00041414854127680477
2009-04-16,NO 15/9-F-14 H,5351,15/9-F-14,3420717,VOLVE,369304,MÆRSK INSPIRER,17.525,33.94020416666667,%,production,OP,1833.8351844902138,136.30255349500712,717.2862954351632,,648.1303659803754,1116.5488890550507,,159.08222635465563,15424.249470600002,11910.028777858,8.9315302,0.7721626131994027,0.0005787225718105049
2009-04-17,NO 15/9-F-14 H,5351,15/9-F-14,3420717,VOLVE,369304,MÆRSK INSPIRER,24.0,38.04886979166667,%,production,OP,3305.22974890525,221.035619,2233.851583438375,,596.22124952325,1071.378165466875,,172.9491965,25272.456580000002,19215.020675716,16.730894600000003,0.7603147171265612,0.0006615829241965249
2009-04-18,NO 15/9-F-14 H,5351,15/9-F-14,3420717,VOLVE,369304,MÆRSK INSPIRER,10.47499,33.48494681818182,%,production,OP,3348.890348504778,220.67551891511306,2256.866680765196,,622.2510912489951,1092.0236677395817,,162.10229100085252,8916.937840800001,6906.316833471,4.0254784,0.7745166509819906,0.0004512380844943312
2009-04-19,NO 15/9-F-14 H,5351,15/9-F-14,3420717,VOLVE,369304,MÆRSK INSPIRER,3.19167,24.177104285714286,%,production,OP,3457.583622468971,219.09518078543834,2285.2803644589535,,723.2582334435114,1172.3032580100178,,121.64072619524575,1367.9707769000001,1071.26789303,0.5031848,0.7831072937520146,0.0003676977524474881
2009-04-20,NO 15/9-F-14 H,5351,15/9-F-14,3420717,VOLVE,369304,MÆRSK INSPIRER,24.0,38.39619270833333,%,production,OP,2337.5529224915,167.04732875,1288.085484516875,,574.9739953403749,1049.467437974625,,172.84820262500003,25098.354639200003,19061.236104773,15.724525,0.7594615813979337,0.0006261238923868343
2009-04-21,NO 15/9-F-14 H,5351,15/9-F-14,3420717,VOLVE,369304,MÆRSK INSPIRER,24.0,39.18240458333333,%,production,OP,3244.3167259247502,221.0502215,2222.10084338675,,546.53415565625,1022.215882538,,168.074022125,25627.8937431,19397.595908981,17.3598756,0.7568938791235454,0.0006769235297147356
2009-04-22,NO 15/9-F-14 H,5351,15/9-F-14,3420717,VOLVE,369304,MÆRSK INSPIRER,22.83334,32.78744553191489,%,production,OP,3311.57044069105,220.90731284472002,2215.58339820957,,625.5424677927294,1095.98704248148,,166.3938573315818,18044.5843166,13984.835560229001,41.827236500000005,0.7750156675742172,0.0023126332372344384
2009-04-23,NO 15/9-F-14 H,5351,15/9-F-14,3420717,VOLVE,369304,MÆRSK INSPIRER,24.0,39.64154333333333,%,production,OP,3220.8300971083754,221.064498125,2212.40929544825,,531.75278918375,1008.420801660125,,171.28878500000002,25627.5792526,19457.058447694002,18.240448999999998,0.7592234231690073,0.0007112445307748149
2009-04-24,NO 15/9-F-14 H,5351,15/9-F-14,3420717,VOLVE,369304,MÆRSK INSPIRER,24.0,39.777585625,%,production,OP,3205.145270804125,221.092214,2209.56743296275,,519.18879991475,995.577837841375,,167.08838112499998,25742.0537946,19472.558069524002,19.8757996,0.7564492804225601,0.000771518279611897
2009-04-25,NO 15/9-F-14 H,5351,15/9-F-14,3420717,VOLVE,369304,MÆRSK INSPIRER,24.0,39.873875625,%,production,OP,3193.243760729875,221.09937912499998,2204.594811176,0.0,512.296600198,988.648949553875,,166.687770875,25725.511594300002,19499.332968770002,21.2595578,0.7579764894973154,0.000825717433631129
2009-04-26,NO 15/9-F-14 H,5351,15/9-F-14,3420717,VOLVE,369304,MÆRSK INSPIRER,24.0,40.039411875,%,production,OP,3182.766390864125,221.105595875,2199.9278176931252,,506.38350065162507,982.838573171,,169.057412,25811.053010300002,19474.236577215,19.0581243,0.7544921382883422,0.0007378258730939497
2009-04-27,NO 15/9-F-14 H,5351,15/9-F-14,3420717,VOLVE,369304,MÆRSK INSPIRER,24.0,39.71146041666667,%,production,OP,3177.432920576625,221.103296375,2195.4457929846253,,506.13271786312504,981.987127592,,166.831939625,25500.8395811,19301.456935436003,24.4044628,0.7568949592444524,0.0009560912623608061
2009-04-28,NO 15/9-F-14 H,5351,15/9-F-14,3420717,VOLVE,369304,MÆRSK INSPIRER,24.0,38.923204166666665,%,production,OP,3173.7250432007236,221.12170068085106,2192.75135268983,,504.8567072913192,980.9736905108937,,170.6336159574468,25296.357858000003,19162.003776047004,48.1170465,0.7575005019936891,0.0018985221308118973
2009-04-29,NO 15/9-F-14 H,5351,15/9-F-14,3420717,VOLVE,369304,MÆRSK INSPIRER,24.0,39.938743125,%,production,OP,3170.290352034,221.138745875,2191.55679542025,,502.477609181875,978.7335566137501,,171.21947337499998,25489.9582098,19345.994422488006,19.498411,0.7589653252177615,0.0007643601073062964
2009-04-30,NO 15/9-F-14 H,5351,15/9-F-14,3420717,VOLVE,369304,MÆRSK INSPIRER,24.0,39.24830145833333,%,production,OP,3170.4248485487233,221.15566131914892,2191.9484130640853,0.0,502.3405911532341,978.4764354846383,,172.01098170212768,25383.9749113,19301.517323573,19.3726148,0.7603819886766703,0.0007626008651063061
2009-05-01,NO 15/9-F-14 H,5351,15/9-F-14,3420717,VOLVE,369304,MÆRSK INSPIRER,24.0,40.123133958333334,%,production,OP,3171.8945085735,221.17782125,2196.368905465375,0.0,499.28301428037497,975.525603108125,,168.05438562499998,25672.048209300003,19444.612487973,18.3662452,0.757423495369137,0.0007149065357636891
2009-05-02,NO 15/9-F-14 H,5351,15/9-F-14,3420717,VOLVE,369304,MÆRSK INSPIRER,24.0,40.11622333333333,%,production,OP,3174.06970993525,221.190876125,2195.1424308995,0.0,502.20365355125006,978.9272790357501,,171.96471200000002,25578.2042441,19429.989730144003,15.724525,0.7596307209340477,0.0006143849637881501
2009-05-03,NO 15/9-F-14 H,5351,15/9-F-14,3420717,VOLVE,369304,MÆRSK INSPIRER,24.0,40.322929375,%,production,OP,3173.808517648625,221.204906,2197.226037742625,,499.46938508875,976.582479906,,171.98964612499998,25670.3499606,19510.118431297,19.7500034,0.7600254169203771,0.0007687787679952992
2009-05-04,NO 15/9-F-14 H,5351,15/9-F-14,3420717,VOLVE,369304,MÆRSK INSPIRER,2.30833,33.63596,%,production,OP,3226.7084838895753,221.20574947789095,2194.6707960348344,,561.5242417311803,1032.0376878547409,,170.12046440111249,2594.0434402,1816.0817552020003,1.7611468000000001,0.7000968939294173,0.0006784589290041192
2009-05-06,NO 15/9-F-14 H,5351,15/9-F-14,3420717,VOLVE,369304,MÆRSK INSPIRER,20.69167,35.91549809523809,%,production,OP,3262.4860048870314,220.63916328275292,2221.0550760480205,,576.6034187407498,1041.4309288390111,,158.35546395324207,20799.2066061,15840.797852994003,13.963378200000001,0.761605870502205,0.0006708914697056237
2009-05-07,NO 15/9-F-14 H,5351,15/9-F-14,3420717,VOLVE,369304,MÆRSK INSPIRER,23.66667,37.9365875,%,production,OP,3234.0972308957857,221.11467858918556,2206.9391760170342,,550.8457082242668,1027.1580548787517,,168.7918618636462,23291.1035319,18621.530303044,90.6990602,0.7995125811681507,0.0038790448188389228
2009-05-08,NO 15/9-F-14 H,5351,15/9-F-14,3420717,VOLVE,369304,MÆRSK INSPIRER,24.0,39.514876875,%,production,OP,3216.7422343162502,221.188162625,2211.685014957375,,528.70238622725,1005.057219358875,,167.9633705,25671.2934321,19421.796366597002,75.6664143,0.7565569852554264,0.0029388484990619137
2009-05-09,NO 15/9-F-14 H,5351,15/9-F-14,3420717,VOLVE,369304,MÆRSK INSPIRER,24.0,38.559823333333334,%,production,OP,3235.845156058375,221.19179825,2211.0159002741248,,550.3225119567501,1024.82925578425,,168.94223975,24726.3752758,19054.903825916004,69.6910948,0.7706306975193921,0.002810570586414899
2009-05-10,NO 15/9-F-14 H,5351,15/9-F-14,3420717,VOLVE,369304,MÆRSK INSPIRER,24.0,40.15516208333333,%,production,OP,3217.48577162325,221.2413245,2216.2794713105,,523.2329972040001,1001.20630031275,,174.10859225,26107.743348,19872.340602903,18.240448999999998,0.761166537376174,0.0006981727134843632
2009-05-11,NO 15/9-F-14 H,5351,15/9-F-14,3420717,VOLVE,369304,MÆRSK INSPIRER,24.0,41.25630916666667,%,production,OP,1907.3857879467503,144.552764,921.5605862365001,,505.52219248862497,985.8252017102501,,176.22058025,26679.8015675,20316.984105986005,117.99683560000001,0.7615118146431471,0.004403228721444147
2009-05-12,NO 15/9-F-14 H,5351,15/9-F-14,3420717,VOLVE,369304,MÆRSK INSPIRER,24.0,41.282891875,%,production,OP,3210.845953134625,221.308952,2222.34476104325,,508.14428916625,988.501192091375,,176.91813762499999,26663.636755800002,20391.918367916,131.2683347,0.7647838348037896,0.004899003532822384
2009-05-13,NO 15/9-F-14 H,5351,15/9-F-14,3420717,VOLVE,369304,MÆRSK INSPIRER,24.0,41.25739541666667,%,production,OP,3217.167697246,221.32855475,2225.496766140375,,511.115969726625,991.6709311056251,,177.16271075,26403.7418066,20281.08741973,93.8439652,0.7681141395898837,0.0035416043562683072
2009-05-14,NO 15/9-F-14 H,5351,15/9-F-14,3420717,VOLVE,369304,MÆRSK INSPIRER,24.0,41.271789375,%,production,OP,3223.12637196225,221.348160125,2230.423459227125,,511.871708355375,992.702912735125,,175.999298,26487.962362500002,20370.611949965,654.5176286000001,0.769051679822848,0.024114142437043923
2009-05-15,NO 15/9-F-14 H,5351,15/9-F-14,3420717,VOLVE,369304,MÆRSK INSPIRER,24.0,41.307917708333335,%,production,OP,3229.0091555450003,221.36797625,2236.054094246875,,512.13772919875,992.9550612981251,,172.330418,26625.394711000004,20542.108608693,530.2938811,0.7715231579348659,0.019527911409849885
2009-05-16,NO 15/9-F-14 H,5351,15/9-F-14,3420717,VOLVE,369304,MÆRSK INSPIRER,24.0,41.286305625,%,production,OP,3234.338223324875,221.38982374999998,2237.380626903,,516.062998349625,996.9575964218751,,171.509603375,26655.837391399997,20618.858752497003,655.3353039,0.7735213285458175,0.023995136027709904
2009-05-17,NO 15/9-F-14 H,5351,15/9-F-14,3420717,VOLVE,369304,MÆRSK INSPIRER,24.0,41.334533125,%,production,OP,3235.8133020876253,221.42228975,2242.14219422675,,512.912117297,993.671107860875,,167.219898875,26695.4002963,20675.645849538003,656.027183,0.7745021846480296,0.023985116809588532
2009-05-18,NO 15/9-F-14 H,5351,15/9-F-14,3420717,VOLVE,369304,MÆRSK INSPIRER,24.0,41.32717041666667,%,production,OP,3238.5850115055,221.456338625,2242.85761833475,,514.86675212025,995.7273931707499,,173.552978,23644.0876691,18339.519822136,799.434851,0.7756492903764506,0.03270538648194513
2009-05-19,NO 15/9-F-14 H,5351,15/9-F-14,3420717,VOLVE,369304,MÆRSK INSPIRER,24.0,41.32175625,%,production,OP,3239.7258773918747,221.484123125,2245.064483304875,,513.997941262375,994.661394087,,175.090962125,24953.689009200003,19378.943037588004,694.4579221,0.7765963193034631,0.0270763390415746
2009-05-20,NO 15/9-F-14 H,5351,15/9-F-14,3420717,VOLVE,369304,MÆRSK INSPIRER,24.0,41.306411875,%,production,OP,3242.784922195875,221.51435525,2248.1477373683747,,513.99168952025,994.6371848275,,176.950325,24989.2264357,19387.146642398,934.2254793000001,0.775820199648166,0.03603785029722189
2009-05-21,NO 15/9-F-14 H,5351,15/9-F-14,3420717,VOLVE,369304,MÆRSK INSPIRER,24.0,41.330418125,%,production,OP,3245.795729778375,221.546216375,2252.581769607,,512.232315126125,993.213960171375,,177.700049,25127.476459499998,19436.797344863,962.9070129,0.7735276312442625,0.0369065872074522
2009-05-22,NO 15/9-F-14 H,5351,15/9-F-14,3420717,VOLVE,369304,MÆRSK INSPIRER,24.0,41.94327104166667,%,production,OP,3241.52853958575,221.58822575,2258.7007203781254,,500.31491734762506,982.827819207625,,179.008814,25556.8817882,19704.34892815,1197.2653335,0.7709997288185524,0.04475064475252553
2009-05-23,NO 15/9-F-14 H,5351,15/9-F-14,3420717,VOLVE,369304,MÆRSK INSPIRER,24.0,42.319341875,%,production,OP,3242.414150678625,221.62721900000003,2265.645801554,,493.768095411625,976.768349124625,,178.874265875,25935.2138597,19980.208294612003,1211.7318965,0.7703891860193482,0.04463603041691187
2009-05-24,NO 15/9-F-14 H,5351,15/9-F-14,3420717,VOLVE,369304,MÆRSK INSPIRER,24.0,42.26144479166667,%,production,OP,3248.38780359,221.654205875,2270.4218515263747,,495.07745315125,977.9659520636251,,178.4506115,26017.4845745,20041.764641888003,1311.9285698,0.7703190746399496,0.04800427154703191
2009-05-25,NO 15/9-F-14 H,5351,15/9-F-14,3420717,VOLVE,369304,MÆRSK INSPIRER,24.0,41.404428125,%,production,OP,3266.0514135445,221.66570374999998,2273.735634426,,511.132618880375,992.3157791185,,177.3466175,25348.9406696,19567.718472732005,1377.5312881,0.7719343671113961,0.0515418305221961
2009-05-26,NO 15/9-F-14 H,5351,15/9-F-14,3420717,VOLVE,369304,MÆRSK INSPIRER,24.0,41.324209375,%,production,OP,3272.322249317875,221.68556712499998,2279.5790643647497,,511.99460086575004,992.7431849531249,,175.536884375,25315.1643899,19516.119105121,1450.6817784,0.7709260269669571,0.054198988116359564
2009-05-27,NO 15/9-F-14 H,5351,15/9-F-14,3420717,VOLVE,369304,MÆRSK INSPIRER,24.0,41.3015175,%,production,OP,3278.086270951625,221.70839525,2282.572627533375,,515.0422269488749,995.51364341825,,176.938608875,25338.6882793,19541.245514171005,1633.9039437,0.7712019382682443,0.06057645220716834
2009-05-28,NO 15/9-F-14 H,5351,15/9-F-14,3420717,VOLVE,369304,MÆRSK INSPIRER,24.0,41.256096041666666,%,production,OP,3284.954394360375,221.72683137500002,2286.904628560625,0.0,518.85046252025,998.0497657997499,,178.90620162500002,25307.365025500003,19537.337589469,1811.2136876,0.772002046431264,0.06678866568789124
2009-05-29,NO 15/9-F-14 H,5351,15/9-F-14,3420717,VOLVE,369304,MÆRSK INSPIRER,24.0,38.44231479166667,%,production,OP,3334.6124987571247,221.679888125,2285.3186682468754,,576.10062332975,1049.29383051025,,174.47936525,22982.2738609,18440.600381652002,1587.2335535,0.8023836324144236,0.06460176538051937
2009-05-30,NO 15/9-F-14 H,5351,15/9-F-14,3420717,VOLVE,369304,MÆRSK INSPIRER,24.0,37.791156666666666,%,production,OP,3339.142917811625,221.63580425,2280.3616863911247,,587.78779745625,1058.7812314205,,176.94734075000002,21993.012544100002,17027.997902625,1756.2407482,0.7742458141412305,0.0739493038616675
2009-05-31,NO 15/9-F-14 H,5351,15/9-F-14,3420717,VOLVE,369304,MÆRSK INSPIRER,24.0,37.74820354166667,%,production,OP,3332.0309522869998,221.622305,2278.43119737325,,582.531883217625,1053.59975491375,,178.629779,21887.280838000002,16967.824479001,1745.3593769000001,0.7752367507224561,0.07385376162074261
2009-06-01,NO 15/9-F-14 H,5351,15/9-F-14,3420717,VOLVE,369304,MÆRSK INSPIRER,24.0,37.767657291666666,%,production,OP,3325.3294110645,221.613792875,2275.61373753125,,578.41910410575,1049.71567353325,,179.15482887500002,21651.412963000002,16800.702252162002,1753.1587413000002,0.7759633184620627,0.07490667906466758
2009-06-02,NO 15/9-F-14 H,5351,15/9-F-14,3420717,VOLVE,369304,MÆRSK INSPIRER,24.0,37.776930416666666,%,production,OP,3325.079531741875,221.6174165,2276.328227957125,,577.86120335225,1048.75130378475,,178.289135375,21472.0275818,16632.678087885,808.1776869,0.7746207489963871,0.03627335013988205
2009-06-03,NO 15/9-F-14 H,5351,15/9-F-14,3420717,VOLVE,369304,MÆRSK INSPIRER,24.0,37.78974354166667,%,production,OP,3316.6813088007502,221.59157412500002,2275.4371477229997,0.0,570.784754007875,1041.24416107775,,173.520972125,18835.465025999998,14445.313468498001,1174.307527,0.7669209891318349,0.05868670040549461
2009-06-04,NO 15/9-F-14 H,5351,15/9-F-14,3420717,VOLVE,369304,MÆRSK INSPIRER,24.0,37.925739375,%,production,OP,3304.5419907957503,221.569322,2269.269748216625,0.0,565.122268039,1035.272242579125,,176.5865945,21086.7767193,16137.258049701002,656.9706545,0.7652785565340162,0.030214233232474588
2009-06-05,NO 15/9-F-14 H,5351,15/9-F-14,3420717,VOLVE,369304,MÆRSK INSPIRER,24.0,38.47845541666667,%,production,OP,3281.8387303471254,221.572345625,2266.17479744275,0.0,544.115075919125,1015.6639329043749,,177.91903474999998,21193.9550817,16253.512276366,500.16569119999997,0.7668937776696599,0.023055356630299582
2009-06-06,NO 15/9-F-14 H,5351,15/9-F-14,3420717,VOLVE,369304,MÆRSK INSPIRER,21.64999,34.148963555555554,%,production,OP,3319.7967034393873,221.42593989576343,2270.901732182464,0.0,588.6457646123345,1048.894971256923,,168.63524931750547,16995.06662,13013.339110786,624.578133,0.7657127448663099,0.035447827794238385
2009-06-07,NO 15/9-F-14 H,5351,15/9-F-14,3420717,VOLVE,369304,MÆRSK INSPIRER,24.0,38.71770645833333,%,production,OP,3262.099245887875,221.524031375,2260.3907786947498,0.0,527.423226607875,1001.708467193125,,175.252281125,21636.317419000003,16240.528473764001,1117.8879313,0.7506142639367237,0.04912884955067267
2009-06-08,NO 15/9-F-14 H,5351,15/9-F-14,3420717,VOLVE,369304,MÆRSK INSPIRER,24.0,39.78460625,%,production,OP,3232.938661014125,221.558522375,2255.322117579,0.0,502.71322341287504,977.6165434351251,,178.266204125,22000.3716218,16581.210090958,687.0359463000001,0.7536786367066548,0.030282699521210092
2009-06-09,NO 15/9-F-14 H,5351,15/9-F-14,3420717,VOLVE,369304,MÆRSK INSPIRER,24.0,39.511993125,%,production,OP,3224.282061940875,221.54877800000003,2249.147587037625,,501.27735929937495,975.1344749032501,,178.611849125,21660.2815951,16495.761230250002,117.87103939999999,0.7615672565393462,0.005412352524946208
2009-06-10,NO 15/9-F-14 H,5351,15/9-F-14,3420717,VOLVE,369304,MÆRSK INSPIRER,24.0,39.80266833333334,%,production,OP,3205.847877178875,221.546522375,2244.08873713825,,488.65810753075,961.7591400406251,,178.649841875,21709.027622600002,16447.797157857,118.0597337,0.7576478064238196,0.005408863389458335
2009-06-11,NO 15/9-F-14 H,5351,15/9-F-14,3420717,VOLVE,369304,MÆRSK INSPIRER,22.66666,35.771483829787236,%,production,OP,3233.416372141503,221.43195622529214,2243.47588383592,,518.4331134200525,989.9404883055829,,173.76445876758993,19551.4969964,15427.428695084,111.26673890000001,0.7890663665255216,0.0056587537946278625
2009-06-12,NO 15/9-F-14 H,5351,15/9-F-14,3420717,VOLVE,369304,MÆRSK INSPIRER,24.0,40.27267333333333,%,production,OP,3181.268655957125,221.53424525,2238.692462375125,0.0,469.57475987537504,942.5761935820001,,178.211859875,23700.633061,18639.289359380004,134.601934,0.7864468983341814,0.005647183005673572
2009-06-13,NO 15/9-F-14 H,5351,15/9-F-14,3420717,VOLVE,369304,MÆRSK INSPIRER,22.33333,36.846015217391304,%,production,OP,3209.1420771117673,221.44623802844268,2236.346364755465,,501.6861932912033,972.7957123563024,,174.9880927016786,19990.903123,15903.36420069,112.9020895,0.7955300519861361,0.005615956198670317
2009-06-14,NO 15/9-F-14 H,5351,15/9-F-14,3420717,VOLVE,369304,MÆRSK INSPIRER,11.64167,38.64669,%,production,OP,3173.053675910324,221.53431066782,2236.5716403190218,,463.57647424263365,936.4820355913022,,178.34157150189105,11072.2041354,8795.669175086,75.6035162,0.7943918904967194,0.006781917894784355
2009-06-15,NO 15/9-F-14 H,5351,15/9-F-14,3420717,VOLVE,369304,MÆRSK INSPIRER,13.60833,33.79085535714286,%,production,OP,2971.7081394884603,206.59687110762303,1963.6778393243073,,543.9244473823546,1008.0303001641529,,163.10696561527385,10849.2303709,8760.865478795002,80.1321794,0.807510319100012,0.007331825532478145
2009-06-16,NO 15/9-F-14 H,5351,15/9-F-14,3420717,VOLVE,369304,MÆRSK INSPIRER,24.0,36.680201875,%,production,OP,3200.98050765575,221.39023287499998,2210.1900750535,,522.320729335375,990.79043260225,,175.79306975000003,19783.2764949,15740.560961661002,1806.2447377,0.795649849291588,0.08366302884811477
2009-06-17,NO 15/9-F-14 H,5351,15/9-F-14,3420717,VOLVE,369304,MÆRSK INSPIRER,24.0,37.486600208333336,%,production,OP,3176.648996229875,221.41551950000002,2208.1486349872503,,499.12165346212504,968.500361242625,,173.3041685,21913.1319571,17216.458330645,2196.2129577,0.7856685372200642,0.09109384620200987
2009-06-18,NO 15/9-F-14 H,5351,15/9-F-14,3420717,VOLVE,369304,MÆRSK INSPIRER,24.0,38.31769958333334,%,production,OP,3146.269258187625,221.463903125,2204.298465304125,,470.87094333,941.9707928835,,175.66667075,21976.7219362,17595.804600281,2740.4073189,0.8006564696665355,0.11087077672398217
2009-06-19,NO 15/9-F-14 H,5351,15/9-F-14,3420717,VOLVE,369304,MÆRSK INSPIRER,24.0,39.44111875,%,production,OP,3122.221833901,221.49027275,2202.137797958625,,447.39478444425004,920.084035942375,,177.136784375,22392.6041734,18038.703204037003,2383.2090089999997,0.8055652243192437,0.09619095007920711
2009-06-20,NO 15/9-F-14 H,5351,15/9-F-14,3420717,VOLVE,369304,MÆRSK INSPIRER,24.0,42.23622520833333,%,production,OP,3072.706755102,221.56845875,2202.438606770625,,394.48161336487505,870.2681483313751,,178.678568,23558.8607436,18927.308636493,2115.1373068,0.8034050900205263,0.08238441487172452
2009-06-21,NO 15/9-F-14 H,5351,15/9-F-14,3420717,VOLVE,369304,MÆRSK INSPIRER,24.0,35.306401666666666,%,production,OP,3180.936627715625,221.443323125,2195.516553398875,,520.798123433,985.4200743167501,,175.813584875,17470.7649503,14048.073946666002,1713.6587345,0.8040903753573065,0.08932552588784556
2009-06-22,NO 15/9-F-14 H,5351,15/9-F-14,3420717,VOLVE,369304,MÆRSK INSPIRER,24.0,35.71535729166666,%,production,OP,3177.252076320375,221.41972475,2195.77393239475,,516.889152927375,981.478143925625,,175.03713499999998,17448.247430500003,14083.779933542,1688.4365964,0.8071744735189379,0.08823036394532109
2009-06-23,NO 15/9-F-14 H,5351,15/9-F-14,3420717,VOLVE,369304,MÆRSK INSPIRER,24.0,35.74511458333333,%,production,OP,3176.159773991,221.417480375,2196.0761613705,,515.9430851615,980.0836126204999,,176.07122975000001,17659.5850465,14244.119619099001,1994.0584643,0.8065942422538451,0.10145998950292509
2009-06-24,NO 15/9-F-14 H,5351,15/9-F-14,3420717,VOLVE,369304,MÆRSK INSPIRER,24.0,35.738222916666665,%,production,OP,3176.71491297925,221.42006375,2196.4644613343753,,516.5620136751251,980.250451644875,,175.95250775,17686.5683314,14255.347574817,1753.7248242,0.8059985016713868,0.09021082193376387
2009-06-25,NO 15/9-F-14 H,5351,15/9-F-14,3420717,VOLVE,369304,MÆRSK INSPIRER,24.0,32.29761479166667,%,production,OP,3238.0840260805003,221.343147125,2202.709743225125,,577.6086952158751,1035.374282855375,,172.0969955,15435.885619100001,12426.355118442001,1490.2446833000001,0.8050302668131929,0.08804402758784709
2009-06-26,NO 15/9-F-14 H,5351,15/9-F-14,3420717,VOLVE,369304,MÆRSK INSPIRER,24.0,28.067234166666665,%,production,OP,3315.295642943375,221.17129175,2209.583867581125,,653.197950248625,1105.7117753622501,,167.33736987499998,11662.3141096,9496.97391427,1075.7462043,0.8143301428017987,0.08445133543025593
2009-06-27,NO 15/9-F-14 H,5351,15/9-F-14,3420717,VOLVE,369304,MÆRSK INSPIRER,24.0,28.175889791666666,%,production,OP,3317.607745069,221.13245899999998,2209.09435526625,,655.75313606225,1108.51338980275,,166.536735875,11163.2805842,9075.479903331001,1786.3689381,0.8129760633425288,0.13794728073711768
2009-06-28,NO 15/9-F-14 H,5351,15/9-F-14,3420717,VOLVE,369304,MÆRSK INSPIRER,24.0,28.216795416666667,%,production,OP,3320.216492207375,221.128139375,2210.16373857,0.0,656.756252108125,1110.052753637375,,168.285919625,11041.5098626,8967.869655785,1614.0281441000002,0.812195955750683,0.12753532431774242
2009-06-29,NO 15/9-F-14 H,5351,15/9-F-14,3420717,VOLVE,369304,MÆRSK INSPIRER,24.0,28.156769375,%,production,OP,3321.1838140835,221.119094,2209.778726134125,0.0,657.866814117375,1111.405087949375,,169.42980875,11233.9780486,9064.53128689,1523.5806763,0.8068852589595045,0.11942572314609844
2009-06-30,NO 15/9-F-14 H,5351,15/9-F-14,3420717,VOLVE,369304,MÆRSK INSPIRER,24.0,28.133330833333332,%,production,OP,3324.283795863,221.11066625,2210.513404036625,,660.262074384625,1113.770391826375,,169.68110825,11205.4852093,9030.805042096,2094.2551376,0.8059271752552828,0.15746586647371233
2009-07-01,NO 15/9-F-14 H,5351,15/9-F-14,3420717,VOLVE,369304,MÆRSK INSPIRER,24.0,28.292113541666666,%,production,OP,3325.907456991875,221.10677112500002,2211.69868176725,,660.938543703125,1114.2087752246248,,169.19060374999998,11241.9032092,9081.162391708001,2155.1404984,0.8077958173733679,0.16086687073935663
2009-07-02,NO 15/9-F-14 H,5351,15/9-F-14,3420717,VOLVE,369304,MÆRSK INSPIRER,24.0,28.180073125,%,production,OP,3328.93882068925,221.0994365,2212.431108559125,,663.2190215015,1116.507712130125,,169.06792662499998,11136.4230955,8988.919335867,2143.2527575,0.8071639572942624,0.1613934542698811
2009-07-03,NO 15/9-F-14 H,5351,15/9-F-14,3420717,VOLVE,369304,MÆRSK INSPIRER,24.0,28.060257708333335,%,production,OP,3329.990294821625,221.093703125,2211.976009531375,,664.636529243125,1118.01428529025,,169.72549437499998,11049.2463289,8907.533078247001,2128.3459078,0.8061665758096809,0.16151250316218552
2009-07-04,NO 15/9-F-14 H,5351,15/9-F-14,3420717,VOLVE,369304,MÆRSK INSPIRER,24.0,28.15456916666667,%,production,OP,3328.568221404625,221.0945165,2211.546119921,,663.367682429875,1117.022101483625,,169.60416987499997,11046.793303,8883.396540238,2148.7248922,0.8041606551853847,0.16283747712019522
2009-07-05,NO 15/9-F-14 H,5351,15/9-F-14,3420717,VOLVE,369304,MÆRSK INSPIRER,24.0,28.095983541666666,%,production,OP,3329.833768603375,221.092473125,2212.146676954625,,664.04286755775,1117.68709164875,,168.91616675,11010.312405,8876.430009369,2114.3825296,0.8061923842722244,0.16109955622861416
2009-07-06,NO 15/9-F-14 H,5351,15/9-F-14,3420717,VOLVE,369304,MÆRSK INSPIRER,24.0,28.113936666666667,%,production,OP,3330.07910944525,221.090625875,2212.272687782,,663.8952128305001,1117.8064216632501,,169.4871185,13704.615416600001,11185.836228457,785.3456766,0.8162094220395212,0.05419929505321827
2009-07-07,NO 15/9-F-14 H,5351,15/9-F-14,3420717,VOLVE,369304,MÆRSK INSPIRER,24.0,28.264865625,%,production,OP,3329.38724192575,221.09516000000002,2212.509610376625,,662.59933456,1116.877631549125,,169.053602,13771.1616064,11207.504622083,986.3680042,0.8138387263478509,0.06683828731683615
2009-07-08,NO 15/9-F-14 H,5351,15/9-F-14,3420717,VOLVE,369304,MÆRSK INSPIRER,24.0,28.214219791666668,%,production,OP,3331.723396186375,221.09347925000003,2214.261826541125,,668.5007283311251,1117.4615696452502,,166.216948625,12467.850076300001,9795.890248362,654.8950172000001,0.78569201493551,0.04990533707191986
2009-07-09,NO 15/9-F-14 H,5351,15/9-F-14,3420717,VOLVE,369304,MÆRSK INSPIRER,24.0,28.257901041666667,%,production,OP,3332.74992378275,221.093199125,2215.122572681875,,664.210558680375,1117.6273511008749,,165.51034024999998,12478.354059000001,9809.380110615,629.9873696,0.7861116990457563,0.04806003665921326
2009-07-10,NO 15/9-F-14 H,5351,15/9-F-14,3420717,VOLVE,369304,MÆRSK INSPIRER,24.0,28.209557291666666,%,production,OP,3333.70236415575,221.09317249999998,2215.715294641875,,717.836981319375,1117.987069513875,,165.611064875,12401.6812751,9747.504871598001,655.2095077,0.7859825337689468,0.05018112800354549
2009-07-11,NO 15/9-F-14 H,5351,15/9-F-14,3420717,VOLVE,369304,MÆRSK INSPIRER,24.0,28.219412916666666,%,production,OP,3334.0664699682497,221.091450875,2216.145202382,,662.2936881263751,1117.92126758625,,166.19306112499999,12414.323793200001,9740.611089011001,650.8695388,0.7846267949243004,0.049817061428846524
2009-07-12,NO 15/9-F-14 H,5351,15/9-F-14,3420717,VOLVE,369304,MÆRSK INSPIRER,24.0,28.448151041666666,%,production,OP,3330.0498993963747,221.08317987499998,2214.4976794805,,659.291020801625,1115.552219915875,,166.29489425,12518.7346392,9843.759677359,665.9021847,0.7863222570862047,0.05050591787958153
2009-07-13,NO 15/9-F-14 H,5351,15/9-F-14,3420717,VOLVE,369304,MÆRSK INSPIRER,24.0,29.24804895833333,%,production,OP,3313.779101442375,221.1160205,2212.649493484375,,643.764853982875,1101.1296079580002,,168.12367137500001,13011.2267622,10163.637051636,695.2755974,0.7811436413638743,0.05072596780410801
2009-07-14,NO 15/9-F-14 H,5351,15/9-F-14,3420717,VOLVE,369304,MÆRSK INSPIRER,24.0,29.303604583333332,%,production,OP,3312.593500397875,221.123340125,2213.97419503575,,641.4884130754999,1098.619305362125,,166.851834125,12948.8947451,10126.079868186001,692.2564886,0.7820034116825159,0.050747658811215575
2009-07-15,NO 15/9-F-14 H,5351,15/9-F-14,3420717,VOLVE,369304,MÆRSK INSPIRER,24.0,29.157116041666665,%,production,OP,3314.544980644625,221.12317962499998,2215.03007167575,,642.886999401375,1099.514908968875,,167.338823375,12775.5475815,9984.696407295,683.4507546,0.7815474322019376,0.05078020945784906
2009-07-16,NO 15/9-F-14 H,5351,15/9-F-14,3420717,VOLVE,369304,MÆRSK INSPIRER,24.0,29.045154375,%,production,OP,3313.4045800885,221.117019875,2213.974524392875,,642.3948764025,1099.430055695625,,169.586335625,12714.2848321,9905.291657492,634.1386441999999,0.7790679372294633,0.04750663217464647
2009-07-17,NO 15/9-F-14 H,5351,15/9-F-14,3420717,VOLVE,369304,MÆRSK INSPIRER,24.0,29.163178333333335,%,production,OP,3312.60719138075,221.129956625,2215.85479400325,,642.987601384125,1096.7523973775,,168.663000125,12786.6805452,10081.403241216001,537.778755,0.7884300546634415,0.040360268501996775
2009-07-18,NO 15/9-F-14 H,5351,15/9-F-14,3420717,VOLVE,369304,MÆRSK INSPIRER,24.0,29.365062708333333,%,production,OP,3321.2743177955003,221.170908125,2222.22356970775,,652.688371322125,1099.0507480877502,,167.728088,12569.7449983,8097.513094554,713.7047407,0.6442066323262048,0.053728869738150484
2009-07-19,NO 15/9-F-14 H,5351,15/9-F-14,3420717,VOLVE,369304,MÆRSK INSPIRER,22.16666,28.160944130434782,%,production,OP,3334.558961803709,221.1494397409506,2231.0421595130556,0.0,649.2198364059517,1103.5168022906535,,166.17863114956964,10851.8720911,8388.917991956001,882.1458525,0.7730387827586032,0.0751784986813611
2009-07-20,NO 15/9-F-14 H,5351,15/9-F-14,3420717,VOLVE,369304,MÆRSK INSPIRER,24.0,31.216063125,%,production,OP,3311.8026112055,221.261861,2230.14554526775,,624.6626151280001,1081.65706593775,,171.124965125,13996.085212,10976.931061166002,2084.6946264,0.7842858124180734,0.12963890105763815
2009-07-21,NO 15/9-F-14 H,5351,15/9-F-14,3420717,VOLVE,369304,MÆRSK INSPIRER,24.0,31.664062291666667,%,production,OP,3316.221777049125,221.33769725,2235.807112662625,,620.32733865925,1080.4146643865,,173.77884987500002,14927.8576654,11804.214635954,2007.2041672,0.7907507494068606,0.11852358066600803
2009-07-22,NO 15/9-F-14 H,5351,15/9-F-14,3420717,VOLVE,369304,MÆRSK INSPIRER,24.0,31.62910875,%,production,OP,3332.031088260125,221.36186074999998,2244.2033413312497,,628.133516484375,1087.827746928875,,170.175471125,14932.3234305,11850.117742455002,1685.7948761999999,0.7935883385870519,0.101443186592331
2009-07-23,NO 15/9-F-14 H,5351,15/9-F-14,3420717,VOLVE,369304,MÆRSK INSPIRER,24.0,31.178432083333334,%,production,OP,3353.349822004,221.374565375,2251.8569452236247,,642.0074073855,1101.492876780375,,171.548425625,14669.3464744,11665.133340356,1918.9581328999998,0.7952047053161667,0.11568138989053321
2009-07-24,NO 15/9-F-14 H,5351,15/9-F-14,3420717,VOLVE,369304,MÆRSK INSPIRER,24.0,29.961574166666665,%,production,OP,3382.78996762275,221.365016375,2260.6231960465,,663.61621410775,1122.16677157625,,170.862186875,14111.6919198,11238.362606943,2092.1795003,0.7963866183313246,0.12911602703195782
2009-07-25,NO 15/9-F-14 H,5351,15/9-F-14,3420717,VOLVE,369304,MÆRSK INSPIRER,24.0,30.40946625,%,production,OP,3382.252631534681,221.4111360851064,2264.5541334444256,,658.1033859463404,1117.6984980902553,,173.46885570212766,14682.429279200001,11683.488861975002,2109.0990892,0.7957463059962784,0.12560495048021456
2009-07-26,NO 15/9-F-14 H,5351,15/9-F-14,3420717,VOLVE,369304,MÆRSK INSPIRER,24.0,30.7346975,%,production,OP,3402.1155015435,221.42724687499998,2272.751723828625,,670.277090301,1129.363777714875,,173.16379775000001,14608.4611136,11671.113531654,2119.6030719,0.7989283361810489,0.1267094057265327
2009-07-27,NO 15/9-F-14 H,5351,15/9-F-14,3420717,VOLVE,369304,MÆRSK INSPIRER,24.0,30.371024791666667,%,production,OP,3420.7508056654997,221.43645125,2280.67265088475,,680.259110072375,1140.07815478075,,171.8791175,14418.257259200001,11495.106126295,2137.906419,0.7972604399855747,0.1291305437995304
2009-07-28,NO 15/9-F-14 H,5351,15/9-F-14,3420717,VOLVE,369304,MÆRSK INSPIRER,24.0,30.752472708333332,%,production,OP,3428.582966444,221.47270325,2287.039175478625,,675.0809271368751,1141.543790965375,,172.909371125,14753.4412341,11802.358495322,1497.603761,0.7999732610208194,0.09215430524323551
2009-07-29,NO 15/9-F-14 H,5351,15/9-F-14,3420717,VOLVE,369304,MÆRSK INSPIRER,24.0,30.595267708333335,%,production,OP,3446.7028055140004,221.48669375,2295.146110748125,,685.340181002,1151.556694765875,,170.95632125000003,14703.059856,11793.938411401,1512.070324,0.8021417668777394,0.09325058184639255
2009-07-30,NO 15/9-F-14 H,5351,15/9-F-14,3420717,VOLVE,369304,MÆRSK INSPIRER,24.0,30.464672291666666,%,production,OP,3462.450853278125,221.505545375,2301.548341884625,,694.48207118,1160.9025113935,,173.320607,14705.575780000001,11801.798757327,1437.2844831,0.8025390459976263,0.089035304752368
2009-07-31,NO 15/9-F-14 H,5351,15/9-F-14,3420717,VOLVE,369304,MÆRSK INSPIRER,24.0,30.551777916666666,%,production,OP,3474.624932057125,221.53182012500002,2307.9379275205,,700.379147049,1166.687004536625,,174.92385837499998,14623.2421671,11749.623760105998,1439.6117128,0.8034896520103325,0.08962365738764738
2009-08-01,NO 15/9-F-14 H,5351,15/9-F-14,3420717,VOLVE,369304,MÆRSK INSPIRER,24.0,30.549738333333334,%,production,OP,3485.2676482644997,221.535041,2313.445491754,,705.54676034025,1171.8221565105,,171.26668325,14630.6012448,11793.565841316002,1453.4492948000002,0.8060889394759264,0.09036587464218118
2009-08-02,NO 15/9-F-14 H,5351,15/9-F-14,3420717,VOLVE,369304,MÆRSK INSPIRER,10.075,29.005704761904763,%,production,OP,3495.2048632829033,221.55540393548387,2318.3443692605656,,710.8799538528983,1176.8604940223374,,170.77617569230767,5944.247838599999,4901.923678283,577.2158637,0.8246499492251169,0.08851017042330951
2009-08-04,NO 15/9-F-14 H,5351,15/9-F-14,3420717,VOLVE,369304,MÆRSK INSPIRER,0.0,0.0,%,production,OP,3833.402782692,213.782972,2319.089162064,,1219.154473842,1514.313620628,,61.172816,0.0,0.0,0.0,,
2009-08-05,NO 15/9-F-14 H,5351,15/9-F-14,3420717,VOLVE,369304,MÆRSK INSPIRER,21.50834,36.51171954545455,%,production,OP,3426.474775658226,221.50477213368862,2357.499174033587,,594.9439875177573,1068.9756016246388,,168.9261289988172,19043.2803484,14953.791470154001,2224.2026122,0.7852529184348433,0.10458231546819827
2009-08-06,NO 15/9-F-14 H,5351,15/9-F-14,3420717,VOLVE,369304,MÆRSK INSPIRER,24.0,41.257307708333336,%,production,OP,3338.10273247025,221.9975435,2350.579788451,,509.79043420675004,987.52294401925,,182.67285387500002,26863.7156119,20941.660890228,3798.6678514000005,0.7795519128020895,0.12388690709405059
2009-08-07,NO 15/9-F-14 H,5351,15/9-F-14,3420717,VOLVE,369304,MÆRSK INSPIRER,22.90833,41.75076652173913,%,production,OP,3318.838604531175,222.03248485706203,2346.5533250159388,,492.8986962652199,972.2852795152367,,184.15690657416408,26827.8636949,20876.54976525,5618.246986300001,0.7781666853040801,0.1731562541193986
2009-08-08,NO 15/9-F-14 H,5351,15/9-F-14,3420717,VOLVE,369304,MÆRSK INSPIRER,18.84167,30.982757804878048,%,production,OP,3467.934139806872,221.62035614461033,2348.5708391454573,,646.3129914378859,1119.363300661414,,175.01736209891482,12944.5547762,10621.831511403,2197.9112064,0.8205636806398636,0.14514882905634985
2009-08-09,NO 15/9-F-14 H,5351,15/9-F-14,3420717,VOLVE,369304,MÆRSK INSPIRER,24.0,47.859999375,%,production,OP,3233.2131121912503,222.050878625,2353.2878050355,,393.08425079712504,879.92530715575,,185.93108900000001,30783.588101999998,23879.745755362,4777.4251855,0.775729771209177,0.1343444616405041
2009-08-10,NO 15/9-F-14 H,5351,15/9-F-14,3420717,VOLVE,369304,MÆRSK INSPIRER,24.0,49.902034791666665,%,production,OP,3199.098234708,222.11943012499998,2353.63627696025,,356.995953048,845.46195774775,,186.2770205,31441.6280242,24348.816083288002,5163.1792328,0.7744133371384968,0.1410519442582951
2009-08-11,NO 15/9-F-14 H,5351,15/9-F-14,3420717,VOLVE,369304,MÆRSK INSPIRER,24.0,44.940461875,%,production,OP,3252.65278497475,222.02870675000003,2340.18528362925,,431.2733333275,912.4675013455001,,186.84229662500002,29031.813118899998,22526.515056269,4722.7038385000005,0.7759251881379746,0.13991324018827778
2009-08-12,NO 15/9-F-14 H,5351,15/9-F-14,3420717,VOLVE,369304,MÆRSK INSPIRER,24.0,41.55365354166667,%,production,OP,3285.018132518125,221.92700825000003,2329.06320172375,,478.94728162475,955.954930794375,,186.91285699999997,27057.7562504,21033.444501822003,8153.480703,0.7773536100766323,0.23155905354278383
2009-08-13,NO 15/9-F-14 H,5351,15/9-F-14,3420717,VOLVE,369304,MÆRSK INSPIRER,24.0,42.295404166666664,%,production,OP,3266.073423061,221.9328785,2328.51326597375,,459.586162026375,937.56015708725,,187.06968462499998,27482.8216102,21325.970994096002,5187.835288,0.7759745813792664,0.15879188790617263
2009-08-14,NO 15/9-F-14 H,5351,15/9-F-14,3420717,VOLVE,369304,MÆRSK INSPIRER,24.0,42.29944208333333,%,production,OP,3256.7968076891248,221.92659275,2325.791292503375,,453.56291216225,931.00551518575,,186.666579125,27209.4035695,21078.873331902,5175.507260400001,0.7746907527047034,0.15981230541544714
2009-08-15,NO 15/9-F-14 H,5351,15/9-F-14,3420717,VOLVE,369304,MÆRSK INSPIRER,24.0,42.210101875,%,production,OP,3246.5493623345,221.91883775,2322.812610837875,,447.086756970125,923.7367514966251,,185.9911655,26799.4966518,20839.132074865,4972.1577031,0.7775941595330422,0.15649665728952405
2009-08-16,NO 15/9-F-14 H,5351,15/9-F-14,3420717,VOLVE,369304,MÆRSK INSPIRER,24.0,42.23653229166667,%,production,OP,3248.1552955895,221.944349,2326.23015029675,0.0,445.23140972275,921.92514529275,,184.43873862499998,26570.9878545,20723.995558455,5139.403751,0.7799482530321218,0.16207317194116888
2009-08-17,NO 15/9-F-14 H,5351,15/9-F-14,3420717,VOLVE,369304,MÆRSK INSPIRER,24.0,42.28894520833333,%,production,OP,3254.6995189279996,221.96089324999997,2331.589295331875,0.0,446.22837676175,923.1102235961249,,187.53990649999997,26623.759360400003,20764.962729337,5060.3408393,0.7799410462003598,0.15971231019361293
2009-08-18,NO 15/9-F-14 H,5351,15/9-F-14,3420717,VOLVE,369304,MÆRSK INSPIRER,24.0,42.26969270833333,%,production,OP,3260.7135951386254,221.979644,2336.725081847,,447.28474592662496,923.988513291625,,187.08725975,26576.963173999997,20762.725896239,4946.935565,0.7812301864703258,0.15692651489455098
2009-08-19,NO 15/9-F-14 H,5351,15/9-F-14,3420717,VOLVE,369304,MÆRSK INSPIRER,24.0,42.236055416666666,%,production,OP,3267.2982871007503,221.99354899999997,2343.068563528625,,447.90775061237497,924.229723572125,,184.08128562500002,26575.831008200003,20767.974366953,4661.315292900001,0.7814609582874387,0.14922346772553466
2009-08-20,NO 15/9-F-14 H,5351,15/9-F-14,3420717,VOLVE,369304,MÆRSK INSPIRER,24.0,42.28894604166667,%,production,OP,3270.795186518625,222.014948,2347.4348116536253,0.0,446.543631962875,923.360374865,,184.028208875,26622.627194599998,20813.604843970003,4939.1362006,0.7818013110363402,0.1564911357694025
2009-08-21,NO 15/9-F-14 H,5351,15/9-F-14,3420717,VOLVE,369304,MÆRSK INSPIRER,24.0,42.234671875,%,production,OP,3276.0782077551253,222.03210387500002,2350.853719908625,,448.180422052375,925.2244878465,,185.30075900000003,26617.784040900002,20788.059249431,4524.6377216,0.7809838421368496,0.14528856349406716
2009-08-22,NO 15/9-F-14 H,5351,15/9-F-14,3420717,VOLVE,369304,MÆRSK INSPIRER,24.0,42.19277291666667,%,production,OP,3280.4352671184997,222.042073625,2354.136207838125,,449.250028956375,926.299059280375,,186.30075125000002,26609.2298993,20765.596275055002,4906.680781,0.7803907273393611,0.15568900517499795
2009-08-23,NO 15/9-F-14 H,5351,15/9-F-14,3420717,VOLVE,369304,MÆRSK INSPIRER,24.0,42.29296895833333,%,production,OP,3283.0912392339997,222.05148125,2358.1783806386247,,448.183643104625,924.912858595375,,185.667070625,26591.6813294,20771.962809171004,4795.2882459,0.781145146553984,0.1527795869045496
2009-08-24,NO 15/9-F-14 H,5351,15/9-F-14,3420717,VOLVE,369304,MÆRSK INSPIRER,24.0,42.56228708333333,%,production,OP,3283.52890952875,222.068940125,2362.50602750425,,443.9244662615,921.0228820245001,,185.301895625,26693.6391495,20854.785315639998,4953.665661700001,0.7812642254898629,0.15652725220211788
2009-08-25,NO 15/9-F-14 H,5351,15/9-F-14,3420717,VOLVE,369304,MÆRSK INSPIRER,24.0,44.12237145833333,%,production,OP,3266.296264883125,222.12154175,2369.1834410511246,,417.56294557675,897.112823832,,186.410119625,27183.804042800002,21210.918879819,5026.6274576999995,0.7802778024158469,0.15605588697630365
2009-08-26,NO 15/9-F-14 H,5351,15/9-F-14,3420717,VOLVE,369304,MÆRSK INSPIRER,14.66666,30.955236774193548,%,production,OP,3396.705204089394,221.61817639911064,2491.7228943564855,0.0,531.8018245819236,904.9823097329089,,173.75413249197157,9225.0756327,7233.800287834001,4138.8836743,0.7841453637726772,0.3097048995152257
2009-08-27,NO 15/9-F-14 H,5351,15/9-F-14,3420717,VOLVE,369304,MÆRSK INSPIRER,24.0,37.303869166666665,%,production,OP,3379.28273122575,221.88245675,2363.738466757875,,543.29765685925,1015.5442644678751,,181.031999375,20611.1412871,16377.512076182,5702.7820327,0.7945951098997258,0.2167210857686479
2009-08-28,NO 15/9-F-14 H,5351,15/9-F-14,3420717,VOLVE,369304,MÆRSK INSPIRER,24.0,42.747835,%,production,OP,3291.0185540053753,222.09666687499998,2370.4367597335,,442.95740424512496,920.5817942718751,,185.100773,27082.412305600003,21158.518927958998,4352.9259086,0.7812641905456817,0.1384723739550444
2009-08-29,NO 15/9-F-14 H,5351,15/9-F-14,3420717,VOLVE,369304,MÆRSK INSPIRER,24.0,57.194670625,%,production,OP,3191.305684411625,222.267095375,2407.18526139375,,306.09965924525,784.120423017875,,187.398206,28275.463466399997,22347.278121594998,5533.0200608,0.790341709098791,0.16365774159460625
2009-08-30,NO 15/9-F-14 H,5351,15/9-F-14,3420717,VOLVE,369304,MÆRSK INSPIRER,24.0,66.23377395833333,%,production,OP,3168.8208270180003,222.37522625000003,2447.623841001375,,238.20257310475,721.1969860166249,,187.76842137499997,30495.1374154,24087.502135462,4782.9602183,0.7898800981725645,0.13557874542903345
2009-08-31,NO 15/9-F-14 H,5351,15/9-F-14,3420717,VOLVE,369304,MÆRSK INSPIRER,16.82498,50.55674692307692,%,production,OP,3267.5081811545597,222.29354561055408,2448.033419290783,,343.2091792802088,819.4747618637765,,182.37199660817546,19146.4332324,14640.401406267001,3302.3389443,0.7646542428326653,0.1471055485042322
2009-09-02,NO 15/9-F-14 H,5351,15/9-F-14,3420717,VOLVE,369304,MÆRSK INSPIRER,0.0,,%,production,OP,1919.46262479,123.412406,504.00850038000004,0.0,1415.4541244099998,1415.4541244099998,,57.166430000000005,0.0,0.0,0.0,,
2009-09-03,NO 15/9-F-14 H,5351,15/9-F-14,3420717,VOLVE,369304,MÆRSK INSPIRER,0.0,,%,production,OP,3820.549515132,213.551816,2363.2963093500002,0.0,1457.253205782,1457.253205782,,57.686324,0.0,0.0,0.0,,
2009-09-04,NO 15/9-F-14 H,5351,15/9-F-14,3420717,VOLVE,369304,MÆRSK INSPIRER,3.00834,19.458734285714286,%,production,OP,3694.654863749438,220.3613929516544,3694.6538927362417,0.0,462.88157673550273,0.0009710131963142465,,117.1632120053252,1849.0783438,1391.328197453,108.184732,0.7524441579872231,0.05527347515907192
2009-09-05,NO 15/9-F-14 H,5351,15/9-F-14,3420717,VOLVE,369304,MÆRSK INSPIRER,24.0,31.353,%,production,OP,3553.320538454875,221.5781735,3553.320538454875,,470.58969047499994,0.0,,176.59867175,14134.7755225,9515.498946449,52.7715059,0.6731977406575754,0.0037195651788405953
2009-09-06,NO 15/9-F-14 H,5351,15/9-F-14,3420717,VOLVE,369304,MÆRSK INSPIRER,19.74167,27.61874125,%,production,OP,3595.676148765051,221.50565083947913,3588.5690567186834,,452.17581434595144,7.107092046367619,,176.97912909156113,11339.7726528,9103.172278483002,56.98567860000001,0.8027649722091439,0.005000165568396305
2009-09-07,NO 15/9-F-14 H,5351,15/9-F-14,3420717,VOLVE,369304,MÆRSK INSPIRER,19.5,32.35747081081081,%,production,OP,3492.608605852543,219.85918943233568,2377.0007521918224,0.0,659.9981291204748,1115.6078536607204,,174.88517764771606,14230.695125,11188.110848284,87.428359,0.786195667183475,0.006106132489896328
2009-09-08,NO 15/9-F-14 H,5351,15/9-F-14,3420717,VOLVE,369304,MÆRSK INSPIRER,24.0,37.83269125,%,production,OP,3477.175751622625,221.95305762499999,2394.639713102125,0.0,610.5803620317499,1082.5360385205,,183.28948325,22921.2627039,17964.553634741,5414.268448,0.7837506103747232,0.19107700572032346
2009-09-09,NO 15/9-F-14 H,5351,15/9-F-14,3420717,VOLVE,369304,MÆRSK INSPIRER,24.0,43.819509583333335,%,production,OP,3379.189378121375,222.15987612499998,2413.461536092125,,480.841480926375,965.7278420292499,,187.723948625,29233.275733200004,22749.263232813006,7401.848408,0.7781975390112318,0.20204240006043414
2009-09-10,NO 15/9-F-14 H,5351,15/9-F-14,3420717,VOLVE,369304,MÆRSK INSPIRER,24.0,43.680615833333334,%,production,OP,3383.201105028375,222.200864,2414.46491199775,,484.09092436487504,968.736193030625,,189.23460500000002,29085.213605800003,22644.002119111003,5382.5049075,0.7785399971962202,0.15616075387824296
2009-09-11,NO 15/9-F-14 H,5351,15/9-F-14,3420717,VOLVE,369304,MÆRSK INSPIRER,24.0,43.26002520833333,%,production,OP,3389.662880307125,222.214188875,2417.431721698625,,488.724761556625,972.2311586085001,,189.252204125,28902.6833196,22457.849153589003,5179.1553502,0.7770160612858906,0.15196232223202386
2009-09-12,NO 15/9-F-14 H,5351,15/9-F-14,3420717,VOLVE,369304,MÆRSK INSPIRER,24.0,42.28783125,%,production,OP,3401.3914476745,222.19319112500003,2416.0046354057504,,504.071051039125,985.3868122687501,,188.63357,28464.535155,22146.854132656,5741.2127718,0.7780507924003721,0.1678435093448664
2009-09-13,NO 15/9-F-14 H,5351,15/9-F-14,3420717,VOLVE,369304,MÆRSK INSPIRER,24.0,42.272580625,%,production,OP,3406.3207937479997,222.21179825,2421.592254572,,503.76191765025004,984.728539176,,188.87923025,28393.7118944,22152.391830763,6274.9031503,0.780186539651832,0.18099664905014087
2009-09-14,NO 15/9-F-14 H,5351,15/9-F-14,3420717,VOLVE,369304,MÆRSK INSPIRER,24.0,42.230516458333334,%,production,OP,3411.747707788625,222.230435,2427.424561909125,,503.20960992462506,984.3231458795,,189.49689087500002,28170.4236394,22103.809397973,5845.4978216,0.7846459705724109,0.17184593480150145
2009-09-15,NO 15/9-F-14 H,5351,15/9-F-14,3420717,VOLVE,369304,MÆRSK INSPIRER,24.0,41.9760475,%,production,OP,3428.030374685625,222.236511125,2436.958882612375,,506.49542768487504,991.07149207325,,189.277589,27536.5994857,21721.80004681,5005.1163075,0.7888337867604285,0.1538061588180265
2009-09-16,NO 15/9-F-14 H,5351,15/9-F-14,3420717,VOLVE,369304,MÆRSK INSPIRER,24.0,43.378085625,%,production,OP,3403.832464409125,222.29296325,2443.5233568816247,,469.22368028825,960.3091075275,,189.79253599999998,28518.2501324,22430.954184363003,4144.98479,0.7865473540706086,0.12690062083095838
2009-09-17,NO 15/9-F-14 H,5351,15/9-F-14,3420717,VOLVE,369304,MÆRSK INSPIRER,24.0,43.28201270833333,%,production,OP,3407.2037458108753,222.302445125,2446.8120633153753,,469.683338948125,960.3916824954999,,189.84668,28436.9857872,22361.245438592003,4935.2365184,0.7863437287596494,0.1478845631917011
2009-09-18,NO 15/9-F-14 H,5351,15/9-F-14,3420717,VOLVE,369304,MÆRSK INSPIRER,24.0,43.27935145833333,%,production,OP,3411.015839997375,222.3154325,2451.187037893375,,469.37666516200005,959.8288021039999,,189.20162675,28333.832903200004,22299.8910914,4775.7898349,0.7870411026840448,0.14424174726111838
2009-09-19,NO 15/9-F-14 H,5351,15/9-F-14,3420717,VOLVE,369304,MÆRSK INSPIRER,24.0,49.795095833333335,%,production,OP,3369.74061473,222.381639875,2472.88673811725,,406.8203132955,896.85387661275,,188.404583,30218.763164,23739.760756591004,5479.116389100001,0.7855967045293397,0.1534857660368848
2009-09-20,NO 15/9-F-14 H,5351,15/9-F-14,3420717,VOLVE,369304,MÆRSK INSPIRER,24.0,69.18941395833333,%,production,OP,3246.0524470383752,222.630469625,2519.7262888437504,,234.741993619375,726.326158194625,,190.30805787499997,35502.0148697,27768.950134892002,4930.582059,0.7821795533805617,0.12194571789921707
2009-09-21,NO 15/9-F-14 H,5351,15/9-F-14,3420717,VOLVE,369304,MÆRSK INSPIRER,24.0,69.79259375,%,production,OP,3246.59416699,222.68036899999998,2524.49020699175,,230.668386854,722.1039599982499,,187.76886125000001,30612.568168100002,23944.353999012,5028.8917893,0.7821739707537294,0.14109668333762754
2009-09-22,NO 15/9-F-14 H,5351,15/9-F-14,3420717,VOLVE,369304,MÆRSK INSPIRER,24.0,69.396168125,%,production,OP,3249.9987466992498,222.700346375,2527.290845447375,,231.44487800324998,722.707901251875,,187.45634675000002,30492.6843895,23852.479628639,5373.1330906,0.7822361365092698,0.1498120904000379
2009-09-23,NO 15/9-F-14 H,5351,15/9-F-14,3420717,VOLVE,369304,MÆRSK INSPIRER,24.0,69.23126520833334,%,production,OP,3253.24145795725,222.720964625,2530.219120364625,,231.971254143125,723.022337592625,,189.181365125,29502.290906899998,23102.733362318,3480.2147711,0.7830826912805856,0.10551699149471756
2009-09-24,NO 15/9-F-14 H,5351,15/9-F-14,3420717,VOLVE,369304,MÆRSK INSPIRER,24.0,55.298166875,%,production,OP,3344.385769565375,222.641202125,2506.361574993,0.0,346.72846525475,838.024194572375,,189.638387375,26862.331853700005,21106.429745459,4361.4800502,0.7857258952949691,0.13968441981471294
2009-09-25,NO 15/9-F-14 H,5351,15/9-F-14,3420717,VOLVE,369304,MÆRSK INSPIRER,24.0,43.657179375,%,production,OP,3432.0876525895,222.48072200000001,2486.079210278125,,455.44707362562497,946.008442311375,,189.190623875,24528.9381399,19286.624761436,4612.5692654,0.7862804598974225,0.15828176632211918
2009-09-26,NO 15/9-F-14 H,5351,15/9-F-14,3420717,VOLVE,369304,MÆRSK INSPIRER,10.825,43.042092272727274,%,production,OP,3433.6278665195887,222.4848863048499,2489.585073915298,,449.35137222817553,944.042792604291,,190.60930429099307,11012.3880423,8684.196558801,2403.965382,0.7885843220783616,0.17918172740186494
2009-09-27,NO 15/9-F-14 H,5351,15/9-F-14,3420717,VOLVE,369304,MÆRSK INSPIRER,0.0,,%,production,OP,3915.681824826,215.54041999999998,2483.140773636,,1247.446746426,1432.54105119,,63.632498,0.0,0.0,0.0,,
2009-09-28,NO 15/9-F-14 H,5351,15/9-F-14,3420717,VOLVE,369304,MÆRSK INSPIRER,0.0,,%,production,OP,3923.836876452,214.19733200000002,2438.3833521779998,,1485.4535242739998,1485.4535242739998,,55.9256,0.0,0.0,0.0,,
2009-09-29,NO 15/9-F-14 H,5351,15/9-F-14,3420717,VOLVE,369304,MÆRSK INSPIRER,0.0,,%,production,OP,3923.740716258,213.479096,2439.179755836,,1484.560960422,1484.560960422,,52.377368000000004,0.0,0.0,0.0,,
2009-09-30,NO 15/9-F-14 H,5351,15/9-F-14,3420717,VOLVE,369304,MÆRSK INSPIRER,0.0,,%,production,OP,3921.9329626259996,213.11645,2451.053581782,,1437.098290188,1470.879380844,,52.012094,0.0,0.0,0.0,,
2009-10-01,NO 15/9-F-14 H,5351,15/9-F-14,3420717,VOLVE,369304,MÆRSK INSPIRER,6.175,24.461643846153848,%,production,OP,3726.6791446697002,220.68617940080972,2461.802985072243,,802.1174405795708,1264.8761595974574,,138.32238622672065,2703.1087456,2254.831941149,864.9746712000001,0.8341624970949892,0.24241996897475676
2009-10-02,NO 15/9-F-14 H,5351,15/9-F-14,3420717,VOLVE,369304,MÆRSK INSPIRER,24.0,39.41918875,%,production,OP,3498.92107234075,222.141555875,2449.6911794155,,565.92531322875,1049.22989292525,,184.386036875,22440.9099142,17744.493260014002,1790.7718051,0.7907207563266303,0.07390208512328261
2009-10-03,NO 15/9-F-14 H,5351,15/9-F-14,3420717,VOLVE,369304,MÆRSK INSPIRER,24.0,43.003786875,%,production,OP,3434.177375201625,222.336455,2464.5587588925,,478.8835072075,969.618616309125,,184.762523375,24496.734312700002,19194.398303503996,2613.6047493,0.7835492706288167,0.09640619924829473
2009-10-04,NO 15/9-F-14 H,5351,15/9-F-14,3420717,VOLVE,369304,MÆRSK INSPIRER,24.0,43.271730416666664,%,production,OP,3431.829904955375,222.38741825,2463.894276360375,,476.7321555318749,967.9356285950001,,187.64243975000002,24498.495459499998,19305.346849641002,2557.5625422000003,0.7880217330715629,0.09452827688495131
2009-10-05,NO 15/9-F-14 H,5351,15/9-F-14,3420717,VOLVE,369304,MÆRSK INSPIRER,23.15833,42.45829234042553,%,production,OP,3437.96027919143,222.41084220186343,2467.742331555545,,477.3324639628219,970.2179476358847,,188.53819482175356,23524.1409924,18468.975389955,517.8400573,0.7851073242556155,0.021538992823823964
2009-10-06,NO 15/9-F-14 H,5351,15/9-F-14,3420717,VOLVE,369304,MÆRSK INSPIRER,17.925,38.22580405405405,%,production,OP,3501.6816358914484,222.12420333109623,2475.9176816139498,,539.3014024982724,1025.7639542774984,,176.17887692190794,15405.002652,12217.420993097001,4501.0509341,0.7930813949915704,0.22611467987019757
2009-10-07,NO 15/9-F-14 H,5351,15/9-F-14,3420717,VOLVE,369304,MÆRSK INSPIRER,24.0,43.279265625,%,production,OP,3442.691716169875,222.449019125,2474.3955261285,,476.94119759262503,968.296190041375,,188.819549,23919.3926528,18822.425390081,2096.5823673,0.7869106738325836,0.08058826800380058
2009-10-08,NO 15/9-F-14 H,5351,15/9-F-14,3420717,VOLVE,369304,MÆRSK INSPIRER,24.0,42.30381729166667,%,production,OP,3461.34075962075,222.454615625,2475.656232684,,496.512570923375,985.6845269367499,,187.809206375,23370.2293417,18373.188857116,2639.0784798,0.7861792277892766,0.10146669407397556
2009-10-09,NO 15/9-F-14 H,5351,15/9-F-14,3420717,VOLVE,369304,MÆRSK INSPIRER,24.0,40.27762479166667,%,production,OP,3494.5852610443753,222.404954,2473.991404936125,,535.677441923125,1020.59385610825,,187.56126387499998,22245.3597213,17538.577482078003,3185.3484783,0.7884150987805678,0.12525598789065978
2009-10-10,NO 15/9-F-14 H,5351,15/9-F-14,3420717,VOLVE,369304,MÆRSK INSPIRER,24.0,40.53981625,%,production,OP,3425.705064886264,219.50129724604326,2442.1845995657354,0.0,503.8156983387477,983.5204653205286,,182.40206454013182,22641.6177513,17823.164876644998,3389.6415070999997,0.7871860161415213,0.13021427328784332
2009-10-11,NO 15/9-F-14 H,5351,15/9-F-14,3420717,VOLVE,369304,MÆRSK INSPIRER,24.0,41.16056604166667,%,production,OP,3478.983021794625,222.43205225000003,2484.3944790863748,0.0,508.215378937625,994.58854270825,,188.371437125,22523.3064252,17714.850807128,3619.785655,0.7865120010669436,0.1384605020666824
2009-10-12,NO 15/9-F-14 H,5351,15/9-F-14,3420717,VOLVE,369304,MÆRSK INSPIRER,24.0,41.23936333333333,%,production,OP,3477.3867909775,222.44169125,2487.56627582725,,503.79422486475,989.82051515025,,189.82892224999998,22553.6862075,17713.713673788,3939.3709010999996,0.7854021515958435,0.148694463041837
2009-10-13,NO 15/9-F-14 H,5351,15/9-F-14,3420717,VOLVE,369304,MÆRSK INSPIRER,21.5,37.61269933333333,%,production,OP,3507.842489040161,222.3291885272307,2494.2446644333204,,529.7689766103059,1013.597824606841,,185.53262387284653,17179.4209511,13471.456584507001,11261.841906900001,0.7841624361410401,0.39596841965588925
2009-10-14,NO 15/9-F-14 H,5351,15/9-F-14,3420717,VOLVE,369304,MÆRSK INSPIRER,24.0,41.05456145833333,%,production,OP,3471.541109928125,222.409563125,2487.81731243225,,499.17643250175,983.7237974958749,,185.64347337499999,21874.952810400002,17280.492004126,4987.6306357,0.7899670529076681,0.1856720387935778
2009-10-15,NO 15/9-F-14 H,5351,15/9-F-14,3420717,VOLVE,369304,MÆRSK INSPIRER,23.16667,34.35143625,%,production,OP,3543.3485255851883,222.28535834988023,2494.7845707670926,,560.00337290627,1048.5639548180955,,183.6678536564625,16365.3937409,13367.571331517,14631.2931239,0.8168194143785912,0.472027645655103
2009-10-16,NO 15/9-F-14 H,5351,15/9-F-14,3420717,VOLVE,369304,MÆRSK INSPIRER,24.0,44.586284375,%,production,OP,3417.728815048875,222.4411625,2492.30528369875,,431.4920506315,925.423531350125,,189.32865275,24139.4731047,18811.253937883,4364.813649500001,0.7792735929360619,0.15312832371983004
2009-10-17,NO 15/9-F-14 H,5351,15/9-F-14,3420717,VOLVE,369304,MÆRSK INSPIRER,6.64352,42.15889857142857,%,production,OP,3418.799908190821,222.21847513068977,2553.542626527891,,389.7258842728281,865.2572816629303,,184.1912818547276,7045.2790791,5219.496415238001,41.512746,0.7408502000611686,0.005857762867108662
2009-10-18,NO 15/9-F-14 H,5351,15/9-F-14,3420717,VOLVE,369304,MÆRSK INSPIRER,19.02314,37.41535380952381,%,production,OP,3514.6640483390684,221.07360785007725,2690.2028151447125,,399.5862576533471,824.4612331943559,,162.0359436501414,15312.668241200001,12213.411362059,5105.1242865,0.797601774535793,0.25003311594894906
2009-10-19,NO 15/9-F-14 H,5351,15/9-F-14,3420717,VOLVE,369304,MÆRSK INSPIRER,24.0,44.29462791666667,%,production,OP,3405.142925041875,222.452974625,2484.506200649125,,427.189824697,920.63672439275,,188.247062,23173.546983,18272.815297894,4316.633704899999,0.7885204328581571,0.15702456647729482
2009-10-20,NO 15/9-F-14 H,5351,15/9-F-14,3420717,VOLVE,369304,MÆRSK INSPIRER,24.0,44.2114825,%,production,OP,3406.955954431125,222.48307475000001,2485.6139676552502,,428.15002158137503,921.341986775875,,185.43026075,23118.5740436,18165.935358344,8275.4401189,0.7857723112197286,0.2635992987728525
2009-10-21,NO 15/9-F-14 H,5351,15/9-F-14,3420717,VOLVE,369304,MÆRSK INSPIRER,24.0,44.309516875,%,production,OP,3405.274117956125,222.49655375,2486.342484464375,,425.984144954375,918.93163349175,,179.566458875,23116.8757949,18148.147343954002,8636.349416699999,0.7850605551100384,0.2719833767797859
2009-10-22,NO 15/9-F-14 H,5351,15/9-F-14,3420717,VOLVE,369304,MÆRSK INSPIRER,24.0,44.235225,%,production,OP,3406.998915895375,222.50573525,2488.319358447625,,425.968734666875,918.6795574477501,,179.542839875,23046.618617199998,18118.688880655,7916.7951527000005,0.7861755853039882,0.25568224523085487
2009-10-23,NO 15/9-F-14 H,5351,15/9-F-14,3420717,VOLVE,369304,MÆRSK INSPIRER,7.49166,42.7211675,%,production,OP,3390.3873437938496,222.54239467307644,2495.780136484408,,400.36427950204813,894.6072073094417,,180.66918686459343,7787.0363724,6021.284895508001,2630.0840515,0.7732447374779904,0.25247707086747295
2009-10-24,NO 15/9-F-14 H,5351,15/9-F-14,3420717,VOLVE,369304,MÆRSK INSPIRER,4.50833,18.102148181818183,%,production,OP,3794.037679297849,220.5763341145879,2617.019260090613,,749.4948148814467,1177.0184192072356,,118.24394915449402,1312.9978375,1450.087620489,536.7723854000001,1.1044097553504157,0.2901832772280595
2009-10-25,NO 15/9-F-14 H,5351,15/9-F-14,3420717,VOLVE,369304,MÆRSK INSPIRER,24.5,39.832136,%,production,OP,3507.426512436498,222.4193653095837,2514.8806851157037,0.0,510.3531474884855,992.545827320794,,179.24457393914366,21284.8428362,16698.395213115,6746.5760021999995,0.7845204844414146,0.24067907661377178
2009-10-26,NO 15/9-F-14 H,5351,15/9-F-14,3420717,VOLVE,369304,MÆRSK INSPIRER,24.0,45.56481,%,production,OP,3428.350467508375,222.613238,2516.8009146865,,426.0693698875,911.549552821875,,190.536095,23750.5741524,18666.342185315,9345.0852075,0.785932250123257,0.2823658868940037
2009-10-27,NO 15/9-F-14 H,5351,15/9-F-14,3420717,VOLVE,369304,MÆRSK INSPIRER,24.0,45.62383375,%,production,OP,3424.675017247625,222.6473075,2518.42836795475,,421.33260406175,906.246649292875,,189.56606037499998,23791.2692231,18676.533654588,9365.023905200002,0.7850162796886063,0.2824508719645334
2009-10-28,NO 15/9-F-14 H,5351,15/9-F-14,3420717,VOLVE,369304,MÆRSK INSPIRER,24.0,44.404244375,%,production,OP,3441.7566350325,222.645383375,2518.5858973525,,439.5263339495,923.17073768,,186.973205,23538.5446573,18350.101871991003,9236.6488831,0.7795767384582161,0.2818182864950756
2009-10-29,NO 15/9-F-14 H,5351,15/9-F-14,3420717,VOLVE,369304,MÆRSK INSPIRER,22.33334,41.56835434782609,%,production,OP,3474.888952481313,222.5710939340072,2528.478592781891,,470.02705528524325,946.410359699422,,182.45557421577428,20480.8164239,15966.699349405002,8071.2728863,0.7795929136288108,0.28268589379259906
2009-10-30,NO 15/9-F-14 H,5351,15/9-F-14,3420717,VOLVE,369304,MÆRSK INSPIRER,23.0,40.72414702127659,%,production,OP,3485.77970792915,222.59684501473217,2523.413833111457,,485.17836241747824,962.365874817693,,184.32678458361826,21760.6040646,17075.330901328998,8527.6614999,0.7846901147890021,0.2815500109024079
2009-10-31,NO 15/9-F-14 H,5351,15/9-F-14,3420717,VOLVE,369304,MÆRSK INSPIRER,24.0,37.277236875,%,production,OP,3558.8428874994997,222.494045375,2510.175349203,,577.777247501625,1048.6675382965,,185.58539412500002,19869.1952995,15601.293910741002,8445.956868,0.7852000886585278,0.29828400066640753
2009-11-01,NO 15/9-F-14 H,5351,15/9-F-14,3420717,VOLVE,369304,MÆRSK INSPIRER,24.0,37.711895,%,production,OP,3550.610334213875,222.484506875,2513.858199423375,,562.317163621625,1036.7521347905001,,185.278917875,20291.4302448,15931.132502447002,8223.5491864,0.7851162934426273,0.2883940073055815
2009-11-02,NO 15/9-F-14 H,5351,15/9-F-14,3420717,VOLVE,369304,MÆRSK INSPIRER,24.0,37.6621725,%,production,OP,3551.082789455625,222.486939875,2516.513573257125,,559.7423463103751,1034.5692161984998,,185.61877625000002,20212.618925500003,15875.361762472003,7979.1271698,0.785418347864058,0.28303061267745466
2009-11-03,NO 15/9-F-14 H,5351,15/9-F-14,3420717,VOLVE,369304,MÆRSK INSPIRER,24.0,38.02852333333333,%,production,OP,3546.17809077725,222.49772074999998,2521.263845746625,,549.1762705995,1024.914245030625,,183.99570012499998,20502.3275741,16136.369884996,7690.613585100001,0.7870506325038242,0.27278507558585735
2009-11-04,NO 15/9-F-14 H,5351,15/9-F-14,3420717,VOLVE,369304,MÆRSK INSPIRER,21.5,33.93993311111111,%,production,OP,3591.786907874878,222.37149473140374,2534.502663360836,,581.1200264601379,1057.2842445140423,,176.97227243827163,16367.846766800001,12976.107882017,5792.1602328,0.7927803862593159,0.2613789893164091
2009-11-05,NO 15/9-F-14 H,5351,15/9-F-14,3420717,VOLVE,369304,MÆRSK INSPIRER,24.0,43.396058958333334,%,production,OP,3467.8193079398748,222.62375674999998,2539.281711016125,,443.699935351,928.5375969237499,,186.0777785,22824.7141204,17938.177791605,8423.942533,0.7859102942968487,0.26957774941929974
2009-11-06,NO 15/9-F-14 H,5351,15/9-F-14,3420717,VOLVE,369304,MÆRSK INSPIRER,24.0,43.380502291666666,%,production,OP,3466.5017132505,222.651630875,2541.291206462875,,440.422085615875,925.210506787625,,185.235975125,22700.3016786,17861.924878777,8288.6487199,0.7868584801943743,0.2674711022255599
2009-11-07,NO 15/9-F-14 H,5351,15/9-F-14,3420717,VOLVE,369304,MÆRSK INSPIRER,24.0,43.426791458333334,%,production,OP,3464.7353679674998,222.66442175,2541.9621069265,,437.642109032,922.773261041,,189.021221,22771.5023278,17907.70650271,8833.7236545,0.7864086543314202,0.2795019931022542
2009-11-08,NO 15/9-F-14 H,5351,15/9-F-14,3420717,VOLVE,369304,MÆRSK INSPIRER,24.0,43.622197916666664,%,production,OP,3460.884376402375,222.68200324999998,2543.614681985,,432.0275551005,917.269694417375,,191.205807125,22859.685464000002,17960.299272832002,8963.8598234,0.7856756953684392,0.2816738280555149
2009-11-09,NO 15/9-F-14 H,5351,15/9-F-14,3420717,VOLVE,369304,MÆRSK INSPIRER,21.34815,42.01923909090909,%,production,OP,3469.176930198532,222.69054399606523,2545.9798415631803,,439.1085520101175,923.1970886353515,,187.75632026902565,19631.0001948,15420.123496242,7983.9074254,0.7854986166383205,0.2891158476865539
2009-11-10,NO 15/9-F-14 H,5351,15/9-F-14,3420717,VOLVE,369304,MÆRSK INSPIRER,23.98519,41.62263729166666,%,production,OP,3498.8288403312517,222.59770193742472,2557.849347565903,,457.2846443504396,940.9794927653488,,182.35204914133013,21446.4909532,16875.452524505,9324.8320193,0.7868631078776567,0.3030364351780878
2009-11-11,NO 15/9-F-14 H,5351,15/9-F-14,3420717,VOLVE,369304,MÆRSK INSPIRER,24.0,44.16422625,%,production,OP,3460.3616745585,222.72788975,2552.2036510475,,422.62718907674997,908.158023511,,187.36755912499999,22897.4872221,18046.577322696,9798.7063047,0.7881466270795845,0.29968951268496496
2009-11-12,NO 15/9-F-14 H,5351,15/9-F-14,3420717,VOLVE,369304,MÆRSK INSPIRER,24.0,44.21343291666667,%,production,OP,3460.214838691625,222.72959150000003,2554.671122109,,420.18289992225,905.5437165826249,,183.28811524999998,22863.773840500002,18021.513420665,10252.4531981,0.7882125473416987,0.3095900141688793
2009-11-13,NO 15/9-F-14 H,5351,15/9-F-14,3420717,VOLVE,369304,MÆRSK INSPIRER,24.0,44.19709041666667,%,production,OP,3460.331373703,222.7369415,2557.2318797991247,0.0,417.430580272,903.099493903875,,185.813191625,22731.7507286,18176.383565486,10177.541561,0.7996033293914906,0.309260420170637
2009-11-14,NO 15/9-F-14 H,5351,15/9-F-14,3420717,VOLVE,369304,MÆRSK INSPIRER,24.0,44.211476041666664,%,production,OP,3460.704505109375,222.74793574999998,2560.68983047075,,414.89873046825,900.014674638625,,186.98640875,22799.3661861,17995.233633513,10074.2628808,0.7892865743120562,0.3064542360169062
2009-11-15,NO 15/9-F-14 H,5351,15/9-F-14,3420717,VOLVE,369304,MÆRSK INSPIRER,24.0,43.32066708333333,%,production,OP,3471.1456366265,222.742006625,2560.8419451165,,426.181399656,910.30369151,,188.381225,22520.4131126,17806.03548141,10457.2494117,0.7906620270410429,0.31710098931343134
2009-11-16,NO 15/9-F-14 H,5351,15/9-F-14,3420717,VOLVE,369304,MÆRSK INSPIRER,24.0,41.893956875,%,production,OP,3490.7962973972503,222.7166615,2560.39912597275,,449.507344498125,930.3971714245,,186.47121687499998,22055.0929688,17444.726194799,9146.7046001,0.7909613538912302,0.293146719508778
2009-11-17,NO 15/9-F-14 H,5351,15/9-F-14,3420717,VOLVE,369304,MÆRSK INSPIRER,24.0,38.97011875,%,production,OP,3532.530942616125,222.659070875,2554.068344181,,508.624555308625,978.4625984351248,,186.88084325,20731.9685372,16432.411249361,5496.035978,0.792612202737807,0.20954838462128772
2009-11-18,NO 15/9-F-14 H,5351,15/9-F-14,3420717,VOLVE,369304,MÆRSK INSPIRER,24.0,38.428473125,%,production,OP,3541.4033249955,222.63243125000002,2553.586963059,,519.656118394,987.8163619364999,,188.916801125,20133.052829,15945.243197126001,7132.7703362,0.7919933123186462,0.26160113681452024
2009-11-19,NO 15/9-F-14 H,5351,15/9-F-14,3420717,VOLVE,369304,MÆRSK INSPIRER,24.0,38.618725833333336,%,production,OP,3538.958455689,222.62770175,2557.779307600375,,513.22636025375,981.1791480886251,,186.35979162499999,20127.0146114,15980.762722386,6930.3013523,0.7939956834599031,0.2561341029390227
2009-11-20,NO 15/9-F-14 H,5351,15/9-F-14,3420717,VOLVE,369304,MÆRSK INSPIRER,22.66667,34.98098043478261,%,production,OP,3582.4620617739365,222.55820940921802,2577.9215939920277,,537.3761407203443,1004.540467781909,,181.65255097444222,16976.5116805,13432.397113719002,6078.9126707000005,0.7912342280038642,0.2636651825661844
2009-11-21,NO 15/9-F-14 H,5351,15/9-F-14,3420717,VOLVE,369304,MÆRSK INSPIRER,24.0,38.95681,%,production,OP,3532.83923599325,222.638575625,2559.9549289680003,,503.68486319112503,972.8843070252499,,187.754219,20268.975623100003,16095.208483264001,7269.1963151,0.7940810025406873,0.26396800526241254
2009-11-22,NO 15/9-F-14 H,5351,15/9-F-14,3420717,VOLVE,369304,MÆRSK INSPIRER,24.0,38.749846041666665,%,production,OP,3535.477498364625,222.64336774999998,2561.8761506620003,,505.54640779137503,973.601347702625,,187.01031125,20113.0512332,15954.401005130003,6833.6898707,0.7932362335354947,0.2535998636848506
2009-11-23,NO 15/9-F-14 H,5351,15/9-F-14,3420717,VOLVE,369304,MÆRSK INSPIRER,21.5,35.56386159090909,%,production,OP,3578.6418419349307,222.55647863997115,2563.62368086983,,545.1227261267207,1015.0181610651007,,186.63299288883815,16170.4096309,12858.415640768,5607.8059017000005,0.7951818125990379,0.2574961154785904
2009-11-24,NO 15/9-F-14 H,5351,15/9-F-14,3420717,VOLVE,369304,MÆRSK INSPIRER,22.25,36.07215333333333,%,production,OP,3572.583201065838,222.53800318388943,2566.7943360115114,,526.8963934752513,1005.7888650543264,,185.46480475195594,16981.4177323,13539.351214139002,9863.491347700001,0.7973039370197039,0.3674250234301781
2009-11-25,NO 15/9-F-14 H,5351,15/9-F-14,3420717,VOLVE,369304,MÆRSK INSPIRER,24.0,37.96720979166667,%,production,OP,3549.037306455125,222.63705612500002,2560.84060955825,,510.21689729437503,988.196696896875,,185.04445475,19795.9819111,15642.765375539002,3807.6622797,0.7901990134052301,0.16131671232292658
2009-11-26,NO 15/9-F-14 H,5351,15/9-F-14,3420717,VOLVE,369304,MÆRSK INSPIRER,24.0,36.455274375,%,production,OP,3563.5063701755744,222.6118260851064,2558.849483277064,,525.9725459240426,1004.6568868985107,,184.47000417021277,19406.1394873,15467.120299002,8999.2085556,0.7970220099223846,0.31681388103425756
2009-11-27,NO 15/9-F-14 H,5351,15/9-F-14,3420717,VOLVE,369304,MÆRSK INSPIRER,24.0,36.42134541666667,%,production,OP,3571.5825149577445,222.62597140425532,2562.7042014058725,0.0,530.3374367608085,1008.8783135518723,,188.755952,19497.0901399,15531.116185754001,8328.4632172,0.7965863661865216,0.2993098865031161
2009-11-28,NO 15/9-F-14 H,5351,15/9-F-14,3420717,VOLVE,369304,MÆRSK INSPIRER,24.0,37.13863333333333,%,production,OP,3581.676349769375,222.634447625,2566.403584351,,537.9000012135,1015.272765418375,,190.600720625,19442.997773900002,15485.783764805003,8333.4321671,0.7964709940764841,0.3000181155318041
2009-11-29,NO 15/9-F-14 H,5351,15/9-F-14,3420717,VOLVE,369304,MÆRSK INSPIRER,24.0,39.650533125,%,production,OP,3537.20474684175,222.70503612500002,2573.932552255375,,492.278938898,963.272194586375,,190.48494837500002,20638.6906549,16794.023889245,9275.7715013,0.8137155680105023,0.3100764925294679
2009-11-30,NO 15/9-F-14 H,5351,15/9-F-14,3420717,VOLVE,369304,MÆRSK INSPIRER,24.0,39.43366208333333,%,production,OP,3524.035281397915,222.74334327659574,2576.5468780849787,,475.9277765197021,947.4884033129363,,190.88042536170215,20915.882581600003,16583.548630392,10038.033575200001,0.7928686999314475,0.324289615709734
2009-12-01,NO 15/9-F-14 H,5351,15/9-F-14,3420717,VOLVE,369304,MÆRSK INSPIRER,24.0,40.270021875,%,production,OP,3526.3187686705,222.7602185,2581.032863372375,,474.04547161987506,945.2859052981249,,189.14566662500002,20789.583196800002,16499.425130375002,9206.080406500001,0.793639053471483,0.306913710203337
2009-12-02,NO 15/9-F-14 H,5351,15/9-F-14,3420717,VOLVE,369304,MÆRSK INSPIRER,24.0,40.31320770833333,%,production,OP,3526.39724027175,222.772757,2585.328000574625,,470.25319627175,941.0692396971249,,184.828200875,20876.193880500003,16590.308570266003,10190.3727734,0.7946998703514939,0.3280173469738965
2009-12-03,NO 15/9-F-14 H,5351,15/9-F-14,3420717,VOLVE,369304,MÆRSK INSPIRER,24.0,40.26449375,%,production,OP,3527.589298528875,222.78070587500002,2587.56103281725,,466.920002453125,940.0282657116251,,184.60184375,20758.888924000003,16494.349348544,10036.4611227,0.7945680237960311,0.3259083305589993
2009-12-04,NO 15/9-F-14 H,5351,15/9-F-14,3420717,VOLVE,369304,MÆRSK INSPIRER,24.0,40.29131770833333,%,production,OP,3526.6650529387503,222.78494225,2589.5203995052498,,452.710847150125,937.1446534334999,,186.4826165,18322.4052243,14515.912144709,9286.275484000002,0.7922492689691931,0.3363534673066891
2009-12-05,NO 15/9-F-14 H,5351,15/9-F-14,3420717,VOLVE,369304,MÆRSK INSPIRER,24.0,39.20697770833333,%,production,OP,3544.94784220175,222.77405000000002,2594.640932857375,,465.25909677449994,950.306909344375,,186.91473612500002,17595.8063731,13939.338219631,8800.073171,0.7921966134465476,0.3333881394744806
2009-12-06,NO 15/9-F-14 H,5351,15/9-F-14,3420717,VOLVE,369304,MÆRSK INSPIRER,24.0,41.783863125,%,production,OP,3506.99364569075,222.82699474999998,2598.620443198625,,418.68963399862497,908.3732024921251,,186.41972525,19068.816977,15031.370096820001,9842.231789899999,0.788269671629352,0.34043150316872217
2009-12-07,NO 15/9-F-14 H,5351,15/9-F-14,3420717,VOLVE,369304,MÆRSK INSPIRER,24.0,40.260999166666664,%,production,OP,3527.098943180625,222.800100875,2597.472116920125,,442.416781143375,929.6268262605,,187.91167925,18214.9123714,14358.039897241002,9339.109887999999,0.7882574236143548,0.33893817026347145
2009-12-08,NO 15/9-F-14 H,5351,15/9-F-14,3420717,VOLVE,369304,MÆRSK INSPIRER,24.0,40.28700979166667,%,production,OP,3525.8454764386247,222.802463,2598.413334977875,,440.47105709225,927.43214146075,,187.61889575,17384.154266600002,13681.338556400002,10037.4045942,0.7870005262600446,0.366040626834997
2009-12-09,NO 15/9-F-14 H,5351,15/9-F-14,3420717,VOLVE,369304,MÆRSK INSPIRER,24.0,41.02846541666667,%,production,OP,3513.90415041175,222.821186375,2600.620843554125,,425.311138418125,913.283306857625,,188.499655625,17744.749073900002,13902.640595979,10476.4333322,0.7834791316619858,0.37122588208549057
2009-12-10,NO 15/9-F-14 H,5351,15/9-F-14,3420717,VOLVE,369304,MÆRSK INSPIRER,24.0,42.017590416666664,%,production,OP,3497.28192538375,222.852472625,2602.2194191522503,,405.559434507375,895.0625062315,,192.188706125,18240.449,14284.259719707,8340.791244799999,0.7831089969170715,0.31378487865823645
2009-12-11,NO 15/9-F-14 H,5351,15/9-F-14,3420717,VOLVE,369304,MÆRSK INSPIRER,24.0,42.24798916666666,%,production,OP,3491.126570074625,222.8730035,2604.2321447161253,,397.35626350325003,886.8944253585,,192.78401187499998,18362.3455178,14432.374868712002,7037.605510900001,0.7859766528585151,0.27707161730146823
2009-12-12,NO 15/9-F-14 H,5351,15/9-F-14,3420717,VOLVE,369304,MÆRSK INSPIRER,24.0,42.278789583333335,%,production,OP,3489.647520896625,222.881961875,2606.4191334370003,,396.11766617787504,883.228387459625,,192.6727805,18365.9307095,14409.366635368,11348.2638963,0.7845704562042467,0.3819138982849934
2009-12-13,NO 15/9-F-14 H,5351,15/9-F-14,3420717,VOLVE,369304,MÆRSK INSPIRER,24.0,42.361376666666665,%,production,OP,3486.752066870125,222.89136237500003,2609.680327975125,,404.55273481425,877.071738895,,192.66768537500002,18366.3709962,14427.233754686002,13077.772952,0.7855244652125886,0.4159048811614612
2009-12-14,NO 15/9-F-14 H,5351,15/9-F-14,3420717,VOLVE,369304,MÆRSK INSPIRER,24.0,42.330326666666664,%,production,OP,3485.544969985375,222.902380625,2612.0406008465,,401.232225777375,873.5043691388751,,192.64924474999998,18308.7563366,14419.582824931,12087.3794694,0.787578498497226,0.3976617141911187
2009-12-15,NO 15/9-F-14 H,5351,15/9-F-14,3420717,VOLVE,369304,MÆRSK INSPIRER,24.0,42.294205833333336,%,production,OP,3484.587284071375,222.906021125,2612.999649513375,,399.439510773,871.587634558,,192.524766875,18082.6376671,14688.625747999,11754.2711318,0.8123054843223371,0.3939507008257285
2009-12-16,NO 15/9-F-14 H,5351,15/9-F-14,3420717,VOLVE,369304,MÆRSK INSPIRER,24.0,42.291720625,%,production,OP,3484.4738794635,222.910626875,2614.333050323125,,398.328528757875,870.140829140375,,191.77285775000001,18203.5278153,14300.872107734,7329.4526949,0.7856099242320583,0.28705824970069616
2009-12-17,NO 15/9-F-14 H,5351,15/9-F-14,3420717,VOLVE,369304,MÆRSK INSPIRER,22.85833,42.33026456521739,%,production,OP,3483.8212195708056,222.92011153584363,2620.5536861493165,,395.45821448856145,863.2675334214891,,189.75439408365966,17316.2243186,13671.691992948001,11431.4151845,0.7895307742267307,0.397647089712089
2009-12-18,NO 15/9-F-14 H,5351,15/9-F-14,3420717,VOLVE,369304,MÆRSK INSPIRER,23.475,34.6593675,%,production,OP,3586.9358777275434,222.71396176061086,2625.6256191244665,,488.29801401120676,961.3102586030768,,183.99620486632585,13395.471255100001,10414.046879543,9907.9603044,0.7774304226570681,0.4251717297129516
2009-12-19,NO 15/9-F-14 H,5351,15/9-F-14,3420717,VOLVE,369304,MÆRSK INSPIRER,15.025,42.943072580645165,%,production,OP,3440.575745141919,222.9056610357697,2607.4066101210306,,360.6980005934036,833.1691350208885,,189.74138375256572,11133.781375300001,8692.340834915001,8835.6734956,0.7807177581372964,0.44245942379106046
2009-12-20,NO 15/9-F-14 H,5351,15/9-F-14,3420717,VOLVE,369304,MÆRSK INSPIRER,22.475,45.45265173913044,%,production,OP,3433.7896267684987,222.74482980423048,2623.260398943629,,334.37303052408083,810.5292278248696,,181.84288747781358,17317.733873,13425.475079372001,14446.6243023,0.7752443349590674,0.45480611390201836
2009-12-21,NO 15/9-F-14 H,5351,15/9-F-14,3420717,VOLVE,369304,MÆRSK INSPIRER,24.0,48.298579583333336,%,production,OP,3374.982025168625,222.943356875,2603.231189132125,0.0,295.038049120875,771.7508360365,,186.557353625,19254.8695568,14941.002957843,15144.352925600002,0.7759597079465269,0.4402527683103434
2009-12-22,NO 15/9-F-14 H,5351,15/9-F-14,3420717,VOLVE,369304,MÆRSK INSPIRER,24.0,48.580620625,%,production,OP,3371.9032793696247,222.968717375,2605.7792983,,289.29063735975,766.123981069625,,187.873271,19134.168102900003,14918.251462368,11295.6810847,0.7796655376988648,0.37120397853640785
2009-12-23,NO 15/9-F-14 H,5351,15/9-F-14,3420717,VOLVE,369304,MÆRSK INSPIRER,24.0,51.13866395833333,%,production,OP,3354.491038398875,223.01779775,2610.9900180935,,264.2726399285,743.501020305375,,190.49359475,20262.811609300003,15798.727097737,14280.4475221,0.7796907656430994,0.4134076482991438
2009-12-24,NO 15/9-F-14 H,5351,15/9-F-14,3420717,VOLVE,369304,MÆRSK INSPIRER,24.0,52.57535583333333,%,production,OP,3344.922373905875,223.066370375,2614.2387121690003,,250.279334407375,730.683661736875,,191.968192625,20790.8411588,16210.385611579,16286.582421600002,0.779688781601688,0.43925874154345157
2009-12-25,NO 15/9-F-14 H,5351,15/9-F-14,3420717,VOLVE,369304,MÆRSK INSPIRER,18.83334,44.010923846153844,%,production,OP,3427.6770425452705,222.91514814398084,2631.2082343102265,,323.1840457070718,796.468808235044,,182.06624465236118,13874.1257961,10906.885060010001,10030.234210800001,0.7861313368713951,0.41959852545329684
2009-12-26,NO 15/9-F-14 H,5351,15/9-F-14,3420717,VOLVE,369304,MÆRSK INSPIRER,24.0,47.01092583333333,%,production,OP,3403.237938539,223.00454975000002,2613.739542740625,,313.8740888565,789.498395798375,,192.29688725,18817.9793542,14756.089185144001,14921.7565497,0.7841484416258846,0.442260620895233
2009-12-27,NO 15/9-F-14 H,5351,15/9-F-14,3420717,VOLVE,369304,MÆRSK INSPIRER,24.0,51.02366833333333,%,production,OP,3364.26284976225,223.0725575,2618.5546593026247,,266.56388982000004,745.7081904596249,,192.931671875,20161.985955,15799.923206626001,11062.4549299,0.7836491525135576,0.3542883272330988
2009-12-28,NO 15/9-F-14 H,5351,15/9-F-14,3420717,VOLVE,369304,MÆRSK INSPIRER,24.0,48.284589583333336,%,production,OP,3385.93365418625,223.042161125,2616.7024061992497,,292.48845633512497,769.2312479870001,,192.46737124999999,18316.618599100002,14333.983170454001,14540.5940637,0.7825671039063024,0.44253887914730045
2009-12-29,NO 15/9-F-14 H,5351,15/9-F-14,3420717,VOLVE,369304,MÆRSK INSPIRER,24.0,48.18231291666667,%,production,OP,3389.350800833875,223.04308175,2620.14811022475,,292.531780394375,769.2026906091249,,192.12223775,18194.2817946,14305.957071387002,13851.230887700001,0.7862886390840094,0.4322362080776002
2009-12-30,NO 15/9-F-14 H,5351,15/9-F-14,3420717,VOLVE,369304,MÆRSK INSPIRER,24.0,48.233846666666665,%,production,OP,3391.0410374263747,223.047300125,2623.182722169,,291.34176173412504,767.858315257375,,191.75913425000002,18187.4887998,14288.461109566002,14778.852066500001,0.7856203386210814,0.4483012575292441
2009-12-31,NO 15/9-F-14 H,5351,15/9-F-14,3420717,VOLVE,369304,MÆRSK INSPIRER,24.0,48.568919791666666,%,production,OP,3389.282137427375,223.054412,2624.825443708375,,287.03708224012496,764.456693719,,192.35736724999998,18184.3438948,14863.913439772,14316.299439100001,0.8174016904741056,0.44049280169686045
2010-01-01,NO 15/9-F-14 H,5351,15/9-F-14,3420717,VOLVE,369304,MÆRSK INSPIRER,24.0,50.15082541666666,%,production,OP,3378.649776328875,223.07916425,2629.079801059625,,271.3914433905,749.56997526925,,190.264943375,18593.747627700002,14621.671901975,15304.2398958,0.7863757320332987,0.4514793064098639
2010-01-02,NO 15/9-F-14 H,5351,15/9-F-14,3420717,VOLVE,369304,MÆRSK INSPIRER,24.0,50.69465375,%,production,OP,3377.7755628055,223.09569575,2633.109437138,,266.36915817525,744.6661256675001,,190.70839662499998,18701.2404806,14692.670693737002,16519.1166973,0.785652198258113,0.46902183909893397
2010-01-03,NO 15/9-F-14 H,5351,15/9-F-14,3420717,VOLVE,369304,MÆRSK INSPIRER,24.0,47.66567645833333,%,production,OP,3408.567254092125,223.07495262499998,2633.73843672775,,299.39869817475,774.8288173643749,,192.26834075,17799.9107076,14009.050850019003,14796.149044000002,0.78702927672764,0.45392446684522114
2010-01-04,NO 15/9-F-14 H,5351,15/9-F-14,3420717,VOLVE,369304,MÆRSK INSPIRER,24.0,44.706229791666665,%,production,OP,3439.27313122875,223.022721125,2633.111132269625,,333.24758200925004,806.1619989591251,,191.99492525,17002.614392,13410.163684893001,13428.6185538,0.7887118637003669,0.44127750517756675
2010-01-05,NO 15/9-F-14 H,5351,15/9-F-14,3420717,VOLVE,369304,MÆRSK INSPIRER,24.0,45.74376145833333,%,production,OP,3429.0707624758747,223.035833,2636.333634899625,,318.4711891315,792.7371275762499,,191.503602875,17270.937686600002,13617.696522942,9839.9045602,0.7884746485714877,0.36295089878151765
2010-01-06,NO 15/9-F-14 H,5351,15/9-F-14,3420717,VOLVE,369304,MÆRSK INSPIRER,24.0,46.05398104166667,%,production,OP,3426.46252901375,223.052301125,2638.68221408225,,313.48378555525,787.7803149315,,191.155237625,17331.7601493,13648.356039188,10054.0725907,0.7874766279718701,0.36712677997243914
2010-01-07,NO 15/9-F-14 H,5351,15/9-F-14,3420717,VOLVE,369304,MÆRSK INSPIRER,24.0,44.74010166666667,%,production,OP,3432.3204218641276,223.0528854468085,2640.9301782312764,,317.78136860221275,791.390243632851,,190.5478941276596,17138.600084200003,13509.725006015,12837.9424967,0.7882630401341562,0.42826628394696475
2010-01-08,NO 15/9-F-14 H,5351,15/9-F-14,3420717,VOLVE,369304,MÆRSK INSPIRER,24.0,44.805229375,%,production,OP,3432.12932658434,223.061204893617,2643.2857126160425,,315.7030203509362,788.8436139682979,,190.68369034042553,17127.6558148,13497.335549814,10488.5097674,0.7880433665738985,0.37979601969653487
2010-01-09,NO 15/9-F-14 H,5351,15/9-F-14,3420717,VOLVE,369304,MÆRSK INSPIRER,22.83333,39.72879458333333,%,production,OP,3492.8263182950013,222.9983679390575,2651.614588860903,0.0,369.1854326393831,841.2117294340984,,186.40256921814031,14477.8217599,11927.589365580001,10120.618780499999,0.8238524802547635,0.41143334935717135
2010-01-10,NO 15/9-F-14 H,5351,15/9-F-14,3420717,VOLVE,369304,MÆRSK INSPIRER,24.0,44.94371,%,production,OP,3427.1802905737018,223.0455674893617,2642.6759882936167,,311.20811374787235,784.5043022800851,,190.10341925,17149.4814555,13502.967185023002,11071.3864601,0.7873688321166394,0.3923120470005082
2010-01-11,NO 15/9-F-14 H,5351,15/9-F-14,3420717,VOLVE,369304,MÆRSK INSPIRER,24.0,45.877578541666665,%,production,OP,3427.929283199625,223.068463625,2645.1929275995,,309.30825031374997,782.736355600125,,191.17225100000002,17073.2489583,13435.828289971,12568.4870363,0.7869520512930434,0.42401319000309806
2010-01-12,NO 15/9-F-14 H,5351,15/9-F-14,3420717,VOLVE,369304,MÆRSK INSPIRER,24.0,46.005409375,%,production,OP,3429.508647306,223.07752850000003,2648.101613321875,,308.027966649875,781.4070339841251,,187.143128375,17056.832554200002,13397.550686641001,11327.6962176,0.7854653344381953,0.3990799462858814
2010-01-13,NO 15/9-F-14 H,5351,15/9-F-14,3420717,VOLVE,369304,MÆRSK INSPIRER,24.0,46.342773125,%,production,OP,3428.368258836375,223.093064,2651.052628988875,,303.432679349875,777.3156298475001,,182.527607,17067.1478426,13395.412734703,12636.1653919,0.7848653365073535,0.42541265656597743
2010-01-14,NO 15/9-F-14 H,5351,15/9-F-14,3420717,VOLVE,369304,MÆRSK INSPIRER,24.0,46.98714666666667,%,production,OP,3425.5023472375,223.11465162500002,2654.0073008221248,,296.92728389262504,771.495046415375,,183.315984875,17046.8946544,13392.743649676999,16311.867457800001,0.7856412514533947,0.4889829965193585
2010-01-15,NO 15/9-F-14 H,5351,15/9-F-14,3420717,VOLVE,369304,MÆRSK INSPIRER,24.0,49.223101666666665,%,production,OP,3409.611527692125,223.158455375,2659.08379096825,,274.0033723,750.527736723875,,186.1709735,17377.1725775,13651.603932147002,16331.428766899999,0.7856055909707156,0.4844884722460647
2010-01-16,NO 15/9-F-14 H,5351,15/9-F-14,3420717,VOLVE,369304,MÆRSK INSPIRER,24.0,49.22628708333333,%,production,OP,3413.718843706,223.175573375,2662.763752515125,,274.348777275375,750.955091190875,,183.563437625,17198.5419735,13475.612771550002,17537.499834399998,0.783532278045058,0.5048790513146911
2010-01-17,NO 15/9-F-14 H,5351,15/9-F-14,3420717,VOLVE,369304,MÆRSK INSPIRER,24.0,49.30578979166667,%,production,OP,3417.2258957838753,223.19057600000002,2666.4080709735,0.0,274.213765027125,750.817824810375,,185.2928975,16954.2457531,13301.367569721,17558.004615,0.7845449313065969,0.508747022513172
2010-01-18,NO 15/9-F-14 H,5351,15/9-F-14,3420717,VOLVE,369304,MÆRSK INSPIRER,24.0,49.259787083333336,%,production,OP,3423.483107050125,223.210164125,2671.3487330326248,,275.336661309625,752.1343740175,,187.861177625,17868.1551461,13993.872591959,15938.1269476,0.7831738910669452,0.471454592475585
2010-01-19,NO 15/9-F-14 H,5351,15/9-F-14,3420717,VOLVE,369304,MÆRSK INSPIRER,24.0,49.21074375,%,production,OP,3429.6896909895,223.22855299999998,2676.427625370625,,276.512707975875,753.262065618875,,190.085538875,17695.6256578,13870.147187362003,15580.048064300001,0.7838178460363295,0.4682113484588151
2010-01-20,NO 15/9-F-14 H,5351,15/9-F-14,3420717,VOLVE,369304,MÆRSK INSPIRER,24.0,49.24111375,%,production,OP,2818.925339189875,188.99408675,2064.5583499140002,,277.5282429005,754.366989275875,,186.93833675000002,17546.1168741,13743.807082377,16326.334020799999,0.7832962233748922,0.4819944701213862
2010-01-21,NO 15/9-F-14 H,5351,15/9-F-14,3420717,VOLVE,369304,MÆRSK INSPIRER,24.0,49.08621291666667,%,production,OP,3439.7333428459997,223.252526,2681.807755591375,,281.178764755,757.925587254625,,184.70530175000002,17350.5037831,13666.058945151,16348.599948199999,0.7876462329850169,0.485134562585274
2010-01-22,NO 15/9-F-14 H,5351,15/9-F-14,3420717,VOLVE,369304,MÆRSK INSPIRER,24.0,49.161696666666664,%,production,OP,3442.52540290825,223.26615875,2685.562541638125,,280.06335605925,756.962861270125,,184.442786,17276.4727194,13640.081804978,16325.516345500002,0.7895177462735987,0.48584970115811765
2010-01-23,NO 15/9-F-14 H,5351,15/9-F-14,3420717,VOLVE,369304,MÆRSK INSPIRER,24.0,34.02368875,%,production,OP,3669.118092032375,223.068372875,2708.5177874819997,,486.0455078205,960.6003045503751,,179.67437675,12174.4304398,9974.840074525,11236.9342593,0.8193270415276088,0.479977754553197
2010-01-24,NO 15/9-F-14 H,5351,15/9-F-14,3420717,VOLVE,369304,MÆRSK INSPIRER,24.0,43.628586875,%,production,OP,3539.4022296662497,223.122768875,2696.9167206031248,,368.23471500287496,842.485509063125,,184.452384875,15805.663549,12748.072035442001,14600.8504435,0.8065508920850433,0.4801882401613487
2010-01-25,NO 15/9-F-14 H,5351,15/9-F-14,3420717,VOLVE,369304,MÆRSK INSPIRER,24.0,46.5828,%,production,OP,3486.16194652925,223.259709125,2698.02584129725,,313.78801484675,788.136105232,,191.30923550000003,16916.0666064,13275.111443418002,16174.6238036,0.7847634885993837,0.48879680669074327
2010-01-26,NO 15/9-F-14 H,5351,15/9-F-14,3420717,VOLVE,369304,MÆRSK INSPIRER,23.33333,42.995354375,%,production,OP,3524.06134226088,223.2228253163625,2704.803742401326,,345.3226630735387,819.2575998595538,,188.84105675516696,15392.926216800002,12400.675681190001,14470.273987900002,0.8056087261469345,0.4845520201690442
2010-01-27,NO 15/9-F-14 H,5351,15/9-F-14,3420717,VOLVE,369304,MÆRSK INSPIRER,24.0,42.896025625,%,production,OP,3530.6605930006253,223.2185855,2698.240107747625,,362.2480811905,832.4204852529999,,191.62278725000002,16034.4239387,12631.617574427999,15191.2120101,0.7877811901892444,0.48649808237720765
2010-01-28,NO 15/9-F-14 H,5351,15/9-F-14,3420717,VOLVE,369304,MÆRSK INSPIRER,24.0,40.23600208333333,%,production,OP,3571.6579043086253,223.155708875,2698.143391574625,,408.00679665449996,873.5145127339999,,191.68405887499998,15050.3831642,11852.346806319001,14791.8090751,0.7875112996798583,0.49566764252728934
2010-01-29,NO 15/9-F-14 H,5351,15/9-F-14,3420717,VOLVE,369304,MÆRSK INSPIRER,24.0,41.87789729166666,%,production,OP,3554.6592633678747,223.17988625,2700.620586225375,,386.169177379125,854.0386771425,,192.47254475,15292.6037473,12043.351658474001,14382.2166479,0.7875278701705932,0.48466061315155834
2010-01-30,NO 15/9-F-14 H,5351,15/9-F-14,3420717,VOLVE,369304,MÆRSK INSPIRER,24.0,42.23114125,%,production,OP,3553.525598013875,223.20045162499997,2703.18369473975,,381.869598388125,850.341903274125,,192.61430675,15227.692908100002,12000.912570896,14787.972291,0.7880978847762556,0.4926751478905557
2010-01-31,NO 15/9-F-14 H,5351,15/9-F-14,3420717,VOLVE,369304,MÆRSK INSPIRER,24.0,42.24381979166667,%,production,OP,3558.075237625,223.21150962500002,2706.187712730875,,383.53730876625,851.8875248941249,,192.427058,15157.1212399,11955.667024109,15426.6395984,0.7887821727411265,0.504406233097443
2010-02-01,NO 15/9-F-14 H,5351,15/9-F-14,3420717,VOLVE,369304,MÆRSK INSPIRER,24.0,42.29213125,%,production,OP,3561.842632912875,223.22408975000002,2709.1317242711248,,384.15199794,852.7109086417499,,193.021217,15196.0551638,11966.302046014,15500.0416811,0.7874610823024709,0.5049515500103477
2010-02-02,NO 15/9-F-14 H,5351,15/9-F-14,3420717,VOLVE,369304,MÆRSK INSPIRER,24.0,42.05473541666667,%,production,OP,3570.37133566475,223.238116625,2713.314390547625,,387.876041974,857.056945117125,,193.11001025000002,15037.174563199998,11879.960429690002,15877.4302811,0.7900394039957116,0.5135899475689875
2010-02-03,NO 15/9-F-14 H,5351,15/9-F-14,3420717,VOLVE,369304,MÆRSK INSPIRER,24.0,40.59522104166667,%,production,OP,3600.18027061475,223.206396875,2717.155839821,,414.605212837375,883.02443079375,,192.97535599999998,15570.613349300002,12752.993138887,14992.957198900001,0.8190424392922409,0.49054992365029776
2010-02-04,NO 15/9-F-14 H,5351,15/9-F-14,3420717,VOLVE,369304,MÆRSK INSPIRER,24.0,40.99142166666667,%,production,OP,3596.494138909625,223.2250625,2721.221215679875,,407.67707089125,875.27292322975,,189.586770125,15797.486796,12595.516416059001,18686.3336309,0.797311406473101,0.5418869893059541
2010-02-05,NO 15/9-F-14 H,5351,15/9-F-14,3420717,VOLVE,369304,MÆRSK INSPIRER,24.0,42.09382479166667,%,production,OP,3583.128355403625,223.25901575,2724.7518062165,,390.02667148125,858.3765491871251,,186.832795625,16323.8809949,12869.945537171001,15371.3521685,0.7884121148146022,0.4849736264521327
2010-02-06,NO 15/9-F-14 H,5351,15/9-F-14,3420717,VOLVE,369304,MÆRSK INSPIRER,24.0,41.78782833333333,%,production,OP,3591.6623731938753,223.263658625,2726.2308433079997,,397.41955143887503,865.431529885875,,191.104366625,16186.197054,12778.477638994998,11330.9040207,0.789467568964084,0.4117768070822676
2010-02-07,NO 15/9-F-14 H,5351,15/9-F-14,3420717,VOLVE,369304,MÆRSK INSPIRER,24.0,41.97939916666667,%,production,OP,3594.221462947,223.27910112499998,2729.832040156,,395.528310308125,864.389422791,,193.466895125,16020.208968100002,12753.989366574,16164.6230057,0.7961187892099403,0.5022435108208357
2010-02-08,NO 15/9-F-14 H,5351,15/9-F-14,3420717,VOLVE,369304,MÆRSK INSPIRER,24.0,43.33474041666667,%,production,OP,3578.13405950075,223.310928125,2732.5240783875,0.0,375.2310610685,845.60998111325,,193.9529465,16407.0322831,12964.385520499,17298.864443000002,0.790172488040565,0.513229616276748
2010-02-09,NO 15/9-F-14 H,5351,15/9-F-14,3420717,VOLVE,369304,MÆRSK INSPIRER,24.0,42.84323375,%,production,OP,3588.0252099435,223.323423125,2735.247997784375,0.0,383.18115587075,852.777212159125,,193.95013925,16222.363461500001,12810.822725872,17137.279224100002,0.7897013746656276,0.513712913103157
2010-02-10,NO 15/9-F-14 H,5351,15/9-F-14,3420717,VOLVE,369304,MÆRSK INSPIRER,24.0,41.727705416666666,%,production,OP,2735.8478658875,177.10873324999997,1865.0857966903752,0.0,402.952430846625,870.762069197125,,193.357691375,15861.2025713,12550.936904514,16454.2687562,0.7912979389863067,0.5091761958055568
2010-02-11,NO 15/9-F-14 H,5351,15/9-F-14,3420717,VOLVE,369304,MÆRSK INSPIRER,24.0,40.501278125,%,production,OP,3628.6893206195,223.296603125,2740.4459753852498,0.0,420.715409960875,888.24334523425,,193.68012425,15729.6197461,12392.134114701,14343.0940297,0.7878215948464683,0.47694711347407964
2010-02-12,NO 15/9-F-14 H,5351,15/9-F-14,3420717,VOLVE,369304,MÆRSK INSPIRER,24.0,38.6704075,%,production,OP,3665.913625482,223.278729125,2745.824845588375,,456.185939500375,920.088779893625,,193.413885125,14899.2390299,11689.032563580999,14136.976956,0.7845388975989502,0.48687394262616457
2010-02-13,NO 15/9-F-14 H,5351,15/9-F-14,3420717,VOLVE,369304,MÆRSK INSPIRER,24.0,38.78538604166667,%,production,OP,3661.3849317753748,223.188413,2736.47083431375,0.0,460.19577487012504,924.9140974616249,,193.21621962499998,15262.4755574,11784.827571948,14843.0710266,0.7721439112303204,0.49303443088751464
2010-02-14,NO 15/9-F-14 H,5351,15/9-F-14,3420717,VOLVE,369304,MÆRSK INSPIRER,15.33334,34.2605028125,%,production,OP,3223.7645652936485,201.48021683922747,2332.8580968703704,0.0,462.46328945161304,890.906468423278,,182.5536861550073,9037.827989000001,7112.776810934,8102.3445477000005,0.7870006841899411,0.4727107927502779
2010-02-15,NO 15/9-F-14 H,5351,15/9-F-14,3420717,VOLVE,369304,MÆRSK INSPIRER,13.7,28.8390259375,%,production,OP,0.0,32.0,1004.5196008466073,0.0,553.3574955765653,1004.5196008466073,,165.8039468233448,6329.2471087,4856.045292072001,4231.029390799999,0.7672390110029076,0.4006551713868787
2010-02-16,NO 15/9-F-14 H,5351,15/9-F-14,3420717,VOLVE,369304,MÆRSK INSPIRER,24.0,41.81106354166667,%,production,OP,0.0,32.0,866.873222714,,397.481307410625,866.873222714,,187.46053475,16680.9535086,13146.012907216002,14895.7167363,0.7880852194953045,0.47173171270982356
2010-02-17,NO 15/9-F-14 H,5351,15/9-F-14,3420717,VOLVE,369304,MÆRSK INSPIRER,24.0,41.78546291666667,%,production,OP,0.0,32.0,867.514535425625,,398.27273445225,867.514535425625,,185.725021625,16393.760784000002,12926.095910171,14438.8249379,0.788476547906361,0.46829756894648905
2010-02-18,NO 15/9-F-14 H,5351,15/9-F-14,3420717,VOLVE,369304,MÆRSK INSPIRER,21.6,39.01851272727273,%,production,OP,0.0,32.0,896.3068967815068,,424.0874093491766,896.3068967815068,,184.2331704106884,13470.8231789,10620.381136674,12444.7035755,0.7883988228209553,0.48020260955672484
2010-02-19,NO 15/9-F-14 H,5351,15/9-F-14,3420717,VOLVE,369304,MÆRSK INSPIRER,24.0,41.37896958333334,%,production,OP,0.0,32.0,877.897775629375,,408.61023934,877.897775629375,,192.1137305,16107.7002252,12706.537004184,15385.189750500002,0.7888486144226234,0.48852899058712157
2010-02-20,NO 15/9-F-14 H,5351,15/9-F-14,3420717,VOLVE,369304,MÆRSK INSPIRER,24.0,40.98188666666667,%,production,OP,0.0,32.0,885.2638827037022,,416.3730132578271,885.2638827037022,,193.30805127659576,15845.9812311,12499.705162930002,15532.497100699999,0.7888249380478595,0.495004790750444
2010-02-21,NO 15/9-F-14 H,5351,15/9-F-14,3420717,VOLVE,369304,MÆRSK INSPIRER,24.0,40.09620458333333,%,production,OP,0.0,32.0,887.5724988384255,,418.25235117906385,887.5724988384255,,193.52143093617022,15678.294896500001,12361.484486571,15519.477194000001,0.7884457186304462,0.4974546627554158
2010-02-22,NO 15/9-F-14 H,5351,15/9-F-14,3420717,VOLVE,369304,MÆRSK INSPIRER,24.0,40.834275416666664,%,production,OP,0.0,32.0,894.001737580625,,424.72325407975,894.001737580625,,193.76775687499998,15630.3665443,12361.097084312001,15589.482779300002,0.7908385928940215,0.4993452280218231
2010-02-23,NO 15/9-F-14 H,5351,15/9-F-14,3420717,VOLVE,369304,MÆRSK INSPIRER,23.08333,37.11507541666667,%,production,OP,1032.0120323018818,86.13698027970835,104.70814993578719,,458.93902599838646,927.3038823660947,,192.11135523111528,13490.384488000002,10876.230840969001,13373.142429599999,0.8062209680267935,0.497817820817802
2010-02-24,NO 15/9-F-14 H,5351,15/9-F-14,3420717,VOLVE,369304,MÆRSK INSPIRER,24.0,41.87801104166667,%,production,OP,3637.9524414141247,223.428150125,2759.2875900189997,,407.95021370475,878.664851395125,,192.80730725,15927.560066800002,12738.169087268001,16672.5251632,0.7997564619969579,0.5114258151649623
2010-02-25,NO 15/9-F-14 H,5351,15/9-F-14,3420717,VOLVE,369304,MÆRSK INSPIRER,18.5,40.52809641025641,%,production,OP,717.2192849777997,69.72749801872041,154.70775949995627,0.0,411.0494470315638,871.927044477756,,189.47990160427068,10752.933379799999,8582.690810297001,11038.9310405,0.7981720435858067,0.5065620282685308
2010-02-26,NO 15/9-F-14 H,5351,15/9-F-14,3420717,VOLVE,369304,MÆRSK INSPIRER,20.35833,36.961890476190476,%,production,OP,3703.9914944779725,223.19438284476377,2776.224630838202,,459.36131129445386,927.7668636397706,,182.5459159803363,10441.147498100001,8445.483665828,15045.0997238,0.8088654687968774,0.5903222860865895
2010-02-27,NO 15/9-F-14 H,5351,15/9-F-14,3420717,VOLVE,369304,MÆRSK INSPIRER,17.6,39.41236552631579,%,production,OP,3644.627226059887,223.39149941590583,2782.9505909283394,,412.62823322054214,861.6766351315478,,192.6153379329559,10252.5160962,8025.673812932,15563.6316602,0.7828004109066107,0.6028642153375369
2010-03-02,NO 15/9-F-14 H,5351,15/9-F-14,3420717,VOLVE,369304,MÆRSK INSPIRER,1.525,7.91389,%,production,OP,4056.4137045983744,217.04594816574428,2584.084221495011,,1110.6074147258114,1472.3294831033631,,53.84239728504918,324.61709410000003,130.130078589,195.2357024,0.40087253861287026,0.3755595886267392
2010-03-03,NO 15/9-F-14 H,5351,15/9-F-14,3420717,VOLVE,369304,MÆRSK INSPIRER,23.5,38.44253042553191,%,production,OP,3657.034806462766,223.04177025531914,2735.3469846121275,,453.04059805072336,921.6878218506383,,181.24308672340425,13297.5389134,10303.020994213,13271.561998100002,0.7748066060427612,0.4995111442538736
2010-03-04,NO 15/9-F-14 H,5351,15/9-F-14,3420717,VOLVE,369304,MÆRSK INSPIRER,23.66666,40.985750208333336,%,production,OP,3588.452724039868,223.2465410301665,2711.783853436824,0.0,405.5243467444505,876.6688706030443,,192.5946839008977,14673.8122395,11399.927006296,12370.8612061,0.7768892514249893,0.45742320501609396
2010-03-05,NO 15/9-F-14 H,5351,15/9-F-14,3420717,VOLVE,369304,MÆRSK INSPIRER,24.0,43.07370958333333,%,production,OP,3545.39223863375,223.28223350000002,2696.3116190455003,,372.21783014275,849.08061958825,,192.813596375,15567.7829348,12076.317224630002,13470.1312998,0.7757249234015702,0.46388081426832384
2010-03-06,NO 15/9-F-14 H,5351,15/9-F-14,3420717,VOLVE,369304,MÆRSK INSPIRER,20.99166,41.36151465116279,%,production,OP,3545.6081668325805,223.27405492922904,2686.0180511924627,,385.8582731833374,859.5901156401178,,191.14023981369746,13076.6407862,10132.971178744001,11577.9677575,0.774890994133409,0.4696066350831809
2010-03-08,NO 15/9-F-14 H,5351,15/9-F-14,3420717,VOLVE,369304,MÆRSK INSPIRER,12.00834,37.2550432,%,production,OP,3610.5272308653757,222.7542954357322,2679.8564217640737,,457.77917352961464,930.670809101302,,176.55853166667666,7244.603158,5644.775455723,4697.355904200001,0.7791697257412427,0.3933488533777165
2010-03-09,NO 15/9-F-14 H,5351,15/9-F-14,3420717,VOLVE,369304,MÆRSK INSPIRER,24.0,42.28963770833333,%,production,OP,3539.219959203,223.29626675000003,2675.079346079375,,387.7704180505,864.1406131236249,,192.62795075000002,15138.5034023,11722.398951582,16197.3300177,0.7743433178342457,0.5168948213568847
2010-03-10,NO 15/9-F-14 H,5351,15/9-F-14,3420717,VOLVE,369304,MÆRSK INSPIRER,24.0,42.239920833333336,%,production,OP,3523.0927609555,223.280354,2661.197305855625,0.0,386.2313231405,861.895455099875,,193.01340987499998,14802.9420388,11473.483288632,12764.666210200001,0.7750812817181103,0.46303132629081206
2010-03-11,NO 15/9-F-14 H,5351,15/9-F-14,3420717,VOLVE,369304,MÆRSK INSPIRER,23.66666,39.95633291666667,%,production,OP,3535.135157254879,223.23925819841753,2659.9927720848923,,400.65321662728525,875.1423851699864,,191.51221568644834,15176.4938547,11821.185821333,13443.0222187,0.7789141506931196,0.46971521755374557
2010-03-12,NO 15/9-F-14 H,5351,15/9-F-14,3420717,VOLVE,369304,MÆRSK INSPIRER,21.75,30.612714222222223,%,production,OP,3653.0122182345876,222.98882322637795,2690.6222446705547,,487.56182525179366,962.389973564033,,178.44723982766624,12801.9018854,10179.488761025,10512.4739435,0.7951544115983465,0.4509009385732284
2010-03-13,NO 15/9-F-14 H,5351,15/9-F-14,3420717,VOLVE,369304,MÆRSK INSPIRER,24.0,43.45385208333333,%,production,OP,3476.091128206723,223.3027139574468,2658.5640186219575,,339.4370757019149,817.527109584766,,193.0614895744681,16678.1230941,13524.793788505001,15119.3823799,0.8109302055271129,0.47548957550342213
2010-03-14,NO 15/9-F-14 H,5351,15/9-F-14,3420717,VOLVE,369304,MÆRSK INSPIRER,24.0,46.103766875,%,production,OP,3472.195793330375,223.39170462500002,2670.90308262625,,322.69929460475004,801.2927107041249,,192.49782312500002,16875.2457395,13551.439789095999,15829.690623199998,0.8030365897058349,0.4840153317422067
2010-03-15,NO 15/9-F-14 H,5351,15/9-F-14,3420717,VOLVE,369304,MÆRSK INSPIRER,24.0,44.316175,%,production,OP,3499.873763508625,223.386533375,2677.700889799625,,345.37039892012496,822.172873709,,193.54356049999998,16048.0099283,12724.303476607001,18427.1305608,0.7928898058673444,0.5345048721882977
2010-03-16,NO 15/9-F-14 H,5351,15/9-F-14,3420717,VOLVE,369304,MÆRSK INSPIRER,24.0,42.54006104166667,%,production,OP,3533.337097058,223.3722515,2684.645910543,,372.703190744875,848.6911865149999,,193.351507625,15370.3457989,12237.840305784,15816.5449203,0.7961981119943196,0.5071536326820375
2010-03-17,NO 15/9-F-14 H,5351,15/9-F-14,3420717,VOLVE,369304,MÆRSK INSPIRER,24.0,41.93866375,%,production,OP,3545.803357909625,223.35679212500003,2690.590583049,0.0,379.98427662075,855.212774860625,,192.06279424999997,14866.280425500001,11671.318710061001,17030.5411484,0.7850866777705398,0.5339259621508955
2010-03-18,NO 15/9-F-14 H,5351,15/9-F-14,3420717,VOLVE,369304,MÆRSK INSPIRER,24.0,42.64224541666667,%,production,OP,3526.287383051625,223.33714737500003,2686.56263001575,,362.80653187975,839.724753035875,,190.830086375,14483.1052003,11876.563508697001,14815.961945500001,0.8200288090464877,0.5056803300859993
2010-03-19,NO 15/9-F-14 H,5351,15/9-F-14,3420717,VOLVE,369304,MÆRSK INSPIRER,24.0,42.677826458333335,%,production,OP,3514.9199572826246,223.31714712500002,2681.101003547125,,353.09059338425,833.8189537354999,,189.049474625,14311.770775899999,11230.989603877,12827.7530045,0.784737946110008,0.47265947288891363
2010-03-20,NO 15/9-F-14 H,5351,15/9-F-14,3420717,VOLVE,369304,MÆRSK INSPIRER,24.0,42.7358275,%,production,OP,3504.7698928585,223.303034,2674.334038100125,,349.82175111325,830.4358547583751,,192.043733375,14163.8973428,11098.048828315,12808.8835745,0.7835448506661568,0.47488183045614496
2010-03-21,NO 15/9-F-14 H,5351,15/9-F-14,3420717,VOLVE,369304,MÆRSK INSPIRER,24.0,42.770594375,%,production,OP,3492.84821041575,223.29135275000002,2668.29881655775,0.0,344.13486552250004,824.549393858,,193.20125862499998,13967.152086,10935.598029992,12776.8684416,0.7829511673287581,0.47774673327124434
2010-03-22,NO 15/9-F-14 H,5351,15/9-F-14,3420717,VOLVE,369304,MÆRSK INSPIRER,24.0,45.04113625,%,production,OP,3460.868379919625,223.300709,2664.9666349835,0.0,313.55072663550004,795.9017449361249,,191.314791875,16668.1851943,13071.953037258001,14874.771669000002,0.7842457283068947,0.4715718863473668
2010-03-23,NO 15/9-F-14 H,5351,15/9-F-14,3420717,VOLVE,369304,MÆRSK INSPIRER,24.0,48.26827458333333,%,production,OP,3422.516365326,223.35492649999998,2663.409736659,,274.187392284125,759.106628667,,192.454799,17384.2171647,13820.492600280002,17263.3270165,0.7950022983113432,0.4982554297706099
2010-03-24,NO 15/9-F-14 H,5351,15/9-F-14,3420717,VOLVE,369304,MÆRSK INSPIRER,24.0,47.668794166666665,%,production,OP,3435.091108558375,223.378091375,2669.9667988821247,0.0,280.99338201800003,765.12430967625,,190.21715187499998,17128.9766749,13593.339268058002,16125.3745913,0.7935873535269065,0.4849102140714429
2010-03-25,NO 15/9-F-14 H,5351,15/9-F-14,3420717,VOLVE,369304,MÆRSK INSPIRER,24.0,47.665281875,%,production,OP,3441.632400920625,223.39985637499998,2676.08802191525,0.0,280.49602858624996,765.5443790053749,,190.108502,17048.8444955,13523.126228371,16560.5665452,0.7931989896406407,0.49273599365206505
2010-03-26,NO 15/9-F-14 H,5351,15/9-F-14,3420717,VOLVE,369304,MÆRSK INSPIRER,24.0,46.88428020833334,%,production,OP,3459.11680736125,223.412021375,2682.386895347,0.0,292.015714039,776.72991201425,,188.27950325,16403.6986838,13007.617776239,16652.8380579,0.7929685875713561,0.5037683828775946
2010-03-27,NO 15/9-F-14 H,5351,15/9-F-14,3420717,VOLVE,369304,MÆRSK INSPIRER,24.0,46.515119166666665,%,production,OP,3468.815725043125,223.42260125,2687.23496575125,0.0,296.68163182337497,781.580759291875,,190.935653375,15966.8084812,12690.999948772,16014.1078524,0.7948363609242839,0.5007394936828359
2010-03-28,NO 15/9-F-14 H,5351,15/9-F-14,3420717,VOLVE,369304,MÆRSK INSPIRER,23.0,45.70987456521739,%,production,OP,3477.638142930273,223.4437777727273,2693.1329673362725,0.0,299.4002622777273,784.505175594,,192.64153836363636,14921.064670600003,11825.884089021001,15447.962054300002,0.7925630208092558,0.5086749138929103
2010-03-29,NO 15/9-F-14 H,5351,15/9-F-14,3420717,VOLVE,369304,MÆRSK INSPIRER,24.0,46.67963354166667,%,production,OP,3487.314240201375,223.45836724999998,2698.4902590164997,0.0,303.5990651305,788.8239811848749,,193.92673249999999,14972.8298069,11886.623254139,15700.623721999998,0.7938795409710215,0.5118635796000975
2010-03-30,NO 15/9-F-14 H,5351,15/9-F-14,3420717,VOLVE,369304,MÆRSK INSPIRER,24.0,45.17448104166667,%,production,OP,3512.487089870625,223.44783575000002,2703.9426332693747,0.0,324.429468014875,808.54445660125,,190.2193265,16072.6659835,12853.381883430002,16082.792577600001,0.799704410993492,0.500157463064642
2010-03-31,NO 15/9-F-14 H,5351,15/9-F-14,3420717,VOLVE,369304,MÆRSK INSPIRER,24.0,44.145559375,%,production,OP,3518.999413914,223.4572554468085,2709.891562730681,0.0,324.1390198406809,809.1078511833191,,189.3509044680851,15913.5966886,12720.216859523001,17399.752995400002,0.7993301017007277,0.5223057170908542
2010-04-01,NO 15/9-F-14 H,5351,15/9-F-14,3420717,VOLVE,369304,MÆRSK INSPIRER,0.0,5.294674,%,production,OP,3927.610053875269,218.93745705923934,3122.3060922526265,0.0,278.7330700773454,805.3039616226426,,109.71778317652459,0.0,0.0,0.0,,
2010-04-02,NO 15/9-F-14 H,5351,15/9-F-14,3420717,VOLVE,369304,MÆRSK INSPIRER,9.14166,35.25644714285714,%,production,OP,3621.144772700497,222.64024395882805,2835.805949815422,0.0,334.9278044060334,785.3388228850748,,168.5253410507807,5064.4292158,4129.94468943,5142.548656,0.8154807804491381,0.5038267664131921
2010-04-03,NO 15/9-F-14 H,5351,15/9-F-14,3420717,VOLVE,369304,MÆRSK INSPIRER,23.33334,42.41543,%,production,OP,3566.747483393142,223.43032510260255,2727.089717227852,0.0,356.42357001128516,839.6577661652897,,187.4592032801545,14651.483414,11579.130038858002,15465.007439399998,0.7903042792099633,0.5135062884543894
2010-04-04,NO 15/9-F-14 H,5351,15/9-F-14,3420717,VOLVE,369304,MÆRSK INSPIRER,24.0,45.92970354166667,%,production,OP,3533.793371497875,223.531851125,2728.52664376675,0.0,322.17596124125,805.266727731125,,191.5149815,16667.2417228,13164.581729623002,17689.2729497,0.7898476513732008,0.514873907272644
2010-04-05,NO 15/9-F-14 H,5351,15/9-F-14,3420717,VOLVE,369304,MÆRSK INSPIRER,24.0,44.419586458333335,%,production,OP,3548.506799432426,223.55226365957446,2733.729573296681,0.0,333.0066524184255,814.7772261357447,,192.72668459574467,16304.5083801,12930.201244046,16946.194796300002,0.7930445336105679,0.5096492157293
2010-04-06,NO 15/9-F-14 H,5351,15/9-F-14,3420717,VOLVE,369304,MÆRSK INSPIRER,24.0,44.62283583333333,%,production,OP,3563.381866817625,223.556235125,2737.675849298875,0.0,344.423929278125,825.7060175187501,,189.71053362499998,16164.7488019,12858.881441661,16511.7576196,0.7954890978664371,0.5053097600646757
2010-04-07,NO 15/9-F-14 H,5351,15/9-F-14,3420717,VOLVE,369304,MÆRSK INSPIRER,24.0,44.61910875,%,production,OP,3568.66060036825,223.572068,2741.049402962625,0.0,345.2606263055,827.611197405625,,193.70877124999998,16147.3889263,12867.728127158001,17813.8111877,0.7968921901794126,0.5245342075045376
2010-04-08,NO 15/9-F-14 H,5351,15/9-F-14,3420717,VOLVE,369304,MÆRSK INSPIRER,24.0,43.979726041666666,%,production,OP,3584.416026940625,223.579202375,2745.577030035625,0.0,357.29774086649996,838.838996905,,195.17091425,16602.959864599998,13270.779036022002,16727.120714,0.7993020006220274,0.5018625944978922
2010-04-09,NO 15/9-F-14 H,5351,15/9-F-14,3420717,VOLVE,369304,MÆRSK INSPIRER,24.0,43.052640833333335,%,production,OP,3600.156759350625,223.55715387499998,2746.070703128125,0.0,373.789150683375,854.0860562225,,195.44565125,16316.5219172,12876.525725222002,15467.7749558,0.789170988190091,0.4866483288148339
2010-04-10,NO 15/9-F-14 H,5351,15/9-F-14,3420717,VOLVE,369304,MÆRSK INSPIRER,24.0,42.748487708333336,%,production,OP,3589.569257296875,223.5135485,2737.42448938,0.0,372.607483794625,852.144767916875,,195.110070125,16195.568870899999,12708.773484135,15583.318765500002,0.7847068284813365,0.490367030583243
2010-04-11,NO 15/9-F-14 H,5351,15/9-F-14,3420717,VOLVE,369304,MÆRSK INSPIRER,24.0,42.691670625,%,production,OP,3579.615347702875,223.48712,2732.2330324458753,0.0,368.477309187625,847.3823152570001,,194.45931575,16030.7129508,12583.403120812001,15105.293205500002,0.784955925505736,0.48513907434604053
2010-04-12,NO 15/9-F-14 H,5351,15/9-F-14,3420717,VOLVE,369304,MÆRSK INSPIRER,24.0,43.89416229166667,%,production,OP,3549.826693899875,223.48080275,2725.354254787375,0.0,344.100343456875,824.4724391125,,194.95167725000002,16289.853122800001,12803.134009387999,15397.203287600001,0.7859576088791227,0.4859145983199149
2010-04-13,NO 15/9-F-14 H,5351,15/9-F-14,3420717,VOLVE,369304,MÆRSK INSPIRER,24.0,44.26394895833333,%,production,OP,3527.92733073925,223.441988375,2712.52388208,0.0,335.136212456,815.4034486592501,,194.75704475,16240.037827600001,12807.060297734,15583.821950300002,0.7886102504003012,0.48968987605715086
2010-04-14,NO 15/9-F-14 H,5351,15/9-F-14,3420717,VOLVE,369304,MÆRSK INSPIRER,24.0,44.28605354166667,%,production,OP,3513.760299910375,223.416084875,2702.6452834675,0.0,330.99178182225,811.115016442875,,194.65437687499997,15544.259045400002,12146.684236408999,12921.030886800001,0.7814257470190292,0.45392233550320177
2010-04-15,NO 15/9-F-14 H,5351,15/9-F-14,3420717,VOLVE,369304,MÆRSK INSPIRER,24.0,44.166538125,%,production,OP,3502.9092003565,223.39626199999998,2693.2221283480003,0.0,329.78675777225,809.6870720085,,194.563064375,15339.6515261,12032.652716962002,16260.6055063,0.7844149977259112,0.5145719381215118
2010-04-16,NO 15/9-F-14 H,5351,15/9-F-14,3420717,VOLVE,369304,MÆRSK INSPIRER,24.0,44.61248770833333,%,production,OP,3485.0389142736253,223.38970362499998,2684.3071078182497,0.0,320.5744818615,800.731806455375,,193.841165,15273.734317299999,11976.599812534,16077.572035300002,0.7841304270278254,0.5128198440753864
2010-04-17,NO 15/9-F-14 H,5351,15/9-F-14,3420717,VOLVE,369304,MÆRSK INSPIRER,23.33333,42.21623541666666,%,production,OP,3499.5095163347446,223.34630562698595,2678.7479751084497,0.0,341.2972627202613,820.7615412262949,,191.22798684586812,14321.5199814,11234.843850235,16166.3212544,0.7844728677421248,0.5302547047974286
2010-04-18,NO 15/9-F-14 H,5351,15/9-F-14,3420717,VOLVE,369304,MÆRSK INSPIRER,24.0,45.676420625,%,production,OP,3452.85428407825,223.37550537500002,2665.7730069823747,0.0,305.55559753425,787.0812770958751,,193.488077,15861.894450400001,12398.040498276001,16133.111057600001,0.7816241960911139,0.5042384210112448
2010-04-19,NO 15/9-F-14 H,5351,15/9-F-14,3420717,VOLVE,369304,MÆRSK INSPIRER,24.0,46.197078958333336,%,production,OP,3435.30472233775,223.36964749999999,2656.1759905820004,0.0,297.8786697185,779.12873175575,,192.98653287500002,15645.273394000002,12488.937004606,16944.3078533,0.7982562330547407,0.5199302109689983
2010-04-20,NO 15/9-F-14 H,5351,15/9-F-14,3420717,VOLVE,369304,MÆRSK INSPIRER,24.0,46.983061875,%,production,OP,3412.63017034825,223.353411125,2646.812992994625,0.0,284.18119034975,765.8171773536251,,191.675579,14751.365596800002,11510.052013629002,11468.6508597,0.7802702697657947,0.4374005973156777
2010-04-21,NO 15/9-F-14 H,5351,15/9-F-14,3420717,VOLVE,369304,MÆRSK INSPIRER,24.0,47.15139229166667,%,production,OP,3397.68852479925,223.343065625,2637.03262438925,0.0,279.24304530425,760.6559004100001,,193.08574362500002,17152.4376662,13379.870028939002,15289.521740400001,0.7800564729819663,0.4712884801060906
2010-04-22,NO 15/9-F-14 H,5351,15/9-F-14,3420717,VOLVE,369304,MÆRSK INSPIRER,24.0,46.1631425,%,production,OP,3393.722868608625,223.30291625,2627.80518596425,0.0,285.464676936125,765.917682644375,,192.560399375,16825.1788519,13166.928391438,14357.686388900001,0.782572863405319,0.46043512288005684
2010-04-23,NO 15/9-F-14 H,5351,15/9-F-14,3420717,VOLVE,369304,MÆRSK INSPIRER,24.0,46.16864145833333,%,production,OP,3388.34508014725,223.31738525,2626.506712117875,0.0,281.841174452375,761.838368029375,,192.94635875,16559.6230737,13315.502631543,14164.7779162,0.8040945480631553,0.4610269837597932
2010-04-24,NO 15/9-F-14 H,5351,15/9-F-14,3420717,VOLVE,369304,MÆRSK INSPIRER,24.0,52.598152291666665,%,production,OP,3366.5616627811246,223.405130375,2644.123897825875,0.0,237.22781198787501,722.43776495525,,192.21019287500002,16706.1756467,13393.108803675,14842.316249399999,0.8016861002129212,0.4704604042019135
2010-04-25,NO 15/9-F-14 H,5351,15/9-F-14,3420717,VOLVE,369304,MÆRSK INSPIRER,24.0,58.578608125,%,production,OP,3355.2438974190004,223.52309937500002,2660.06390942625,0.0,201.67897099325,695.1799879927501,,191.74063925000002,17538.8835926,13584.76344631,16406.340404000002,0.774551206442905,0.4833180775487969
2010-04-26,NO 15/9-F-14 H,5351,15/9-F-14,3420717,VOLVE,369304,MÆRSK INSPIRER,24.0,49.44662041666667,%,production,OP,3458.692205594625,223.42394937499998,2669.8523941163753,0.0,299.646824954875,788.83981147825,,191.700801125,14058.857515799999,11276.498245179002,13097.2084649,0.80209207842856,0.4822940286788328
2010-04-27,NO 15/9-F-14 H,5351,15/9-F-14,3420717,VOLVE,369304,MÆRSK INSPIRER,24.0,61.31323104166667,%,production,OP,3366.640031647125,223.62023075000002,2686.486101319375,0.0,189.69408824200002,680.15393032775,,194.538965375,19594.330602500002,15614.161174833001,17588.9504802,0.796871375276317,0.47303384661187103
2010-04-28,NO 15/9-F-14 H,5351,15/9-F-14,3420717,VOLVE,369304,MÆRSK INSPIRER,24.0,50.10381104166667,%,production,OP,3490.558353493375,223.569883625,2695.828579051375,0.0,304.913535459625,794.729774442,,190.657889,14652.4897836,11766.527494408001,12212.672484600002,0.8030394607459715,0.4545914282102069
2010-04-29,NO 15/9-F-14 H,5351,15/9-F-14,3420717,VOLVE,369304,MÆRSK INSPIRER,24.0,55.08779020833333,%,production,OP,3453.347676159625,223.570115375,2706.2214854334998,0.0,256.51265368475,747.1261907261251,,193.487215625,17009.3444887,13618.030246857,14909.4914202,0.8006205210261931,0.46710636511786924
2010-04-30,NO 15/9-F-14 H,5351,15/9-F-14,3420717,VOLVE,369304,MÆRSK INSPIRER,24.0,61.248712708333336,%,production,OP,3405.206808237625,223.71146412500002,2714.525300723125,0.0,199.524984460625,690.6815075145,,195.2496965,19870.893548199998,15850.902801252,17165.8349615,0.7976945154883511,0.4634814048709575
2010-05-01,NO 15/9-F-14 H,5351,15/9-F-14,3420717,VOLVE,369304,MÆRSK INSPIRER,24.0,60.896343125,%,production,OP,3413.783757275875,223.74328925,2721.325123320375,0.0,205.164164635875,692.4586339555001,,195.28664825,19807.6180596,15815.873797175002,17064.9464091,0.7984742915370204,0.46280877544023047
2010-05-02,NO 15/9-F-14 H,5351,15/9-F-14,3420717,VOLVE,369304,MÆRSK INSPIRER,24.0,59.358246666666666,%,production,OP,3428.2298110005,223.7574905,2726.897755226625,0.0,214.55097262825,701.332055773875,,195.453833,19627.981086,15622.644472067,16682.7775535,0.7959374121880587,0.4594444781264345
2010-05-03,NO 15/9-F-14 H,5351,15/9-F-14,3420717,VOLVE,369304,MÆRSK INSPIRER,24.0,59.3319225,%,production,OP,3428.965277547125,223.75236725,2726.7746995485,0.0,215.464328281875,702.190577998625,,195.28466525,19665.9715384,15605.905657414001,16680.1987314,0.7935486750268976,0.45892589528915406
2010-05-04,NO 15/9-F-14 H,5351,15/9-F-14,3420717,VOLVE,369304,MÆRSK INSPIRER,24.0,59.23650083333333,%,production,OP,3432.829228861875,223.75845650000002,2729.5358242139996,0.0,216.574044236125,703.293404647875,,195.2719115,18865.8448083,15026.280895402999,15296.755021899999,0.7964806796667917,0.4477632000471331
2010-05-05,NO 15/9-F-14 H,5351,15/9-F-14,3420717,VOLVE,369304,MÆRSK INSPIRER,24.0,59.116499166666664,%,production,OP,3439.349962087625,223.7752655,2734.9240735411254,0.0,217.527324620875,704.4258885465,,195.793689125,19309.528005699998,15284.840649776,17505.3589053,0.7915698739639857,0.4754967453144488
2010-05-06,NO 15/9-F-14 H,5351,15/9-F-14,3420717,VOLVE,369304,MÆRSK INSPIRER,24.0,61.463805,%,production,OP,3436.746022354625,223.7970995,2742.082031219875,0.0,207.42492935274998,694.6639911347501,,194.191346,19722.4540322,15687.878492201002,16446.217799399998,0.7954323770555165,0.4547089225718042
2010-05-07,NO 15/9-F-14 H,5351,15/9-F-14,3420717,VOLVE,369304,MÆRSK INSPIRER,24.0,63.29177958333333,%,production,OP,3436.998748048,223.82769762499998,2748.909821978125,0.0,200.356106589875,688.088926069875,,195.490575125,20005.9357689,15939.382369514002,18149.687041700003,0.796732657429221,0.47567529251960844
2010-05-08,NO 15/9-F-14 H,5351,15/9-F-14,3420717,VOLVE,369304,MÆRSK INSPIRER,24.0,63.2655675,%,production,OP,3443.9737825925,223.843760375,2755.0227597155,0.0,201.084668723375,688.951022877,,196.428027875,19911.2741284,15875.567294026003,18487.198246300002,0.7973154902921176,0.4814566075936097
2010-05-09,NO 15/9-F-14 H,5351,15/9-F-14,3420717,VOLVE,369304,MÆRSK INSPIRER,24.0,63.18110458333334,%,production,OP,3450.8971685008746,223.8557255,2761.1670558771248,0.0,201.759436867,689.7301126237501,,195.958748375,19832.6515034,15800.878469261002,18412.2866092,0.7967103373218748,0.4814306812313542
2010-05-10,NO 15/9-F-14 H,5351,15/9-F-14,3420717,VOLVE,369304,MÆRSK INSPIRER,24.0,63.169242708333336,%,production,OP,3457.600927596125,223.8684275,2767.6184156145,0.0,202.084131624625,689.982511981625,,195.374417375,17814.7546592,14215.076456672,17482.0866083,0.7979383790913431,0.4952875662672072
2010-05-11,NO 15/9-F-14 H,5351,15/9-F-14,3420717,VOLVE,369304,MÆRSK INSPIRER,24.0,64.41199541666667,%,production,OP,3460.0684772198747,223.8874055,2774.2031166415,0.0,197.615009254875,685.865360578375,,196.174485125,17868.3438404,14246.400242425001,17505.9249882,0.7972983041782613,0.49487736617319156
2010-05-12,NO 15/9-F-14 H,5351,15/9-F-14,3420717,VOLVE,369304,MÆRSK INSPIRER,24.0,64.95312458333333,%,production,OP,3465.5141404436254,223.906168625,2781.129926051,0.0,196.909163698125,684.384214392625,,196.48940675,17732.1065558,13724.386469406,17517.4353405,0.77398511148225,0.49695497865005545
2010-05-13,NO 15/9-F-14 H,5351,15/9-F-14,3420717,VOLVE,369304,MÆRSK INSPIRER,20.16667,59.090224761904764,%,production,OP,3512.1983137648504,223.84093935805168,2799.813113016938,0.0,229.54565749198477,712.3852007479121,,192.0229484278247,14047.850348299999,11338.87212776,13328.296084300002,0.807160657796456,0.48685800673642043
2010-05-14,NO 15/9-F-14 H,5351,15/9-F-14,3420717,VOLVE,369304,MÆRSK INSPIRER,24.0,65.33195479166666,%,production,OP,3481.3518096052503,223.94824062499998,2800.0412284221247,0.0,197.5144284235,681.310581183125,,194.83318175,17643.860521500003,14214.472222155002,16659.7568489,0.8056327698144006,0.485655978173177
2010-05-15,NO 15/9-F-14 H,5351,15/9-F-14,3420717,VOLVE,369304,MÆRSK INSPIRER,24.0,65.25190145833334,%,production,OP,3484.936492822596,223.9663230212766,2805.8767915280428,0.0,194.76291123970213,679.0597012945532,,196.56788727659574,17763.3040134,14253.527455179,17477.7466394,0.8024142042734083,0.495948512193729
2010-05-16,NO 15/9-F-14 H,5351,15/9-F-14,3420717,VOLVE,369304,MÆRSK INSPIRER,24.0,67.27157020833333,%,production,OP,3490.3715959170004,223.98408650000002,2811.986413064125,0.0,193.6547980325,678.385182852875,,197.49516725,17718.8350567,14221.988956050001,16566.7934571,0.8026480810132186,0.48319935130930586
2010-05-17,NO 15/9-F-14 H,5351,15/9-F-14,3420717,VOLVE,369304,MÆRSK INSPIRER,24.0,69.335794375,%,production,OP,3494.36546502025,224.005373375,2819.462517639125,0.0,189.9982208415,674.902947381125,,197.65774700000003,17809.9744036,14296.286847086001,18527.0756417,0.8027123747126911,0.5098673562824448
2010-05-18,NO 15/9-F-14 H,5351,15/9-F-14,3420717,VOLVE,369304,MÆRSK INSPIRER,24.0,70.25032270833333,%,production,OP,3500.1566752357503,224.0247365,2826.472479147,0.0,188.687098472875,673.68419608875,,197.900588375,17826.5166039,14297.300378976,20141.229582,0.8020243492690045,0.530482622892159
2010-05-19,NO 15/9-F-14 H,5351,15/9-F-14,3420717,VOLVE,369304,MÆRSK INSPIRER,24.0,68.7334225,%,production,OP,3509.3939762447503,224.03602025,2832.540297979875,0.0,192.207231165375,676.8536782648749,,197.750398625,17922.3104102,14386.304370533,19181.2158817,0.8027036716396466,0.5169647685451239
2010-05-20,NO 15/9-F-14 H,5351,15/9-F-14,3420717,VOLVE,369304,MÆRSK INSPIRER,24.0,67.986588125,%,production,OP,3517.053605257375,224.04690762500002,2838.155830917875,0.0,194.06776352125001,678.8977743395001,,198.23471262500001,17769.5309253,14256.925435613,18719.103541,0.8023242422969193,0.513011895753142
2010-05-21,NO 15/9-F-14 H,5351,15/9-F-14,3420717,VOLVE,369304,MÆRSK INSPIRER,24.0,68.172224375,%,production,OP,3523.397059744375,224.06122587500002,2844.231279353875,0.0,194.238240582125,679.1657803905,,198.113813,17688.706866800003,14233.496604192,17972.6288902,0.804665751508772,0.5039808102721484
2010-05-22,NO 15/9-F-14 H,5351,15/9-F-14,3420717,VOLVE,369304,MÆRSK INSPIRER,24.0,68.1247275,%,production,OP,3530.970835325875,224.07479,2851.40918277925,0.0,194.61448728387498,679.561652546625,,198.491610875,17615.1160898,14290.675341256,17958.791308199998,0.8112734124716321,0.5048304395487818
2010-05-23,NO 15/9-F-14 H,5351,15/9-F-14,3420717,VOLVE,369304,MÆRSK INSPIRER,24.0,68.92541645833333,%,production,OP,3537.06479725825,224.090802875,2858.306413501625,0.0,193.551914722875,678.758383756625,,198.5250665,17664.2395059,14183.435191766,17605.0523938,0.8029462681950512,0.4991609257102706
2010-05-24,NO 15/9-F-14 H,5351,15/9-F-14,3420717,VOLVE,369304,MÆRSK INSPIRER,24.0,69.693844375,%,production,OP,3543.18963113325,224.10348237500003,2864.9780738745,0.0,192.718381336875,678.21155725875,,197.793573875,17703.3621241,14231.543701282,17637.5078134,0.8038893178323606,0.49906829810901
2010-05-25,NO 15/9-F-14 H,5351,15/9-F-14,3420717,VOLVE,369304,MÆRSK INSPIRER,24.0,70.96891333333333,%,production,OP,3548.565250067875,224.11783475,2871.953921236125,0.0,191.057956096625,676.61132883175,,197.566097,17749.0261447,14272.189861541001,18453.862253299998,0.8041111520815912,0.5097345286493624
2010-05-26,NO 15/9-F-14 H,5351,15/9-F-14,3420717,VOLVE,369304,MÆRSK INSPIRER,24.0,71.16382020833333,%,production,OP,3554.919129161125,224.129189375,2877.70504355275,0.0,191.5213132255,677.214085608375,,198.1020455,17724.1813952,14223.497600034001,19575.2095801,0.8024910873393543,0.5248131153954466
2010-05-27,NO 15/9-F-14 H,5351,15/9-F-14,3420717,VOLVE,369304,MÆRSK INSPIRER,24.0,71.18004,%,production,OP,3559.22144272275,224.131549625,2882.4757029461252,0.0,191.1468492825,676.745739776625,,197.83697375000003,17329.055530999998,13932.325073358,16998.5889136,0.8039864058623636,0.4951865817951284
2010-05-28,NO 15/9-F-14 H,5351,15/9-F-14,3420717,VOLVE,369304,MÆRSK INSPIRER,24.0,65.78377083333334,%,production,OP,3596.5841077940004,224.091573875,2884.9072227133747,0.0,226.460789149625,711.676885080625,,197.99839625,15942.341120300001,12775.643281173003,13600.2674687,0.801365570136075,0.46036108922906593
2010-05-29,NO 15/9-F-14 H,5351,15/9-F-14,3420717,VOLVE,369304,MÆRSK INSPIRER,24.0,70.22503520833334,%,production,OP,3564.1184271925003,224.11892749999998,2886.510980398375,0.0,192.276934010875,677.607446794125,,198.08477375,17478.0611299,13940.561167692,19661.442875200002,0.7976034105890416,0.5293943309662964
2010-05-30,NO 15/9-F-14 H,5351,15/9-F-14,3420717,VOLVE,369304,MÆRSK INSPIRER,24.0,67.32754875,%,production,OP,3579.959296255,224.10317825,2884.5574786845,0.0,208.997920852,695.4018175705,,197.38273437499998,16662.5243653,13114.964222976001,18828.1688464,0.7870934760814601,0.5305100335485426
2010-05-31,NO 15/9-F-14 H,5351,15/9-F-14,3420717,VOLVE,369304,MÆRSK INSPIRER,24.0,42.274996458333334,%,production,OP,3758.2991390562506,223.848540125,2869.76291979725,0.0,407.46984482712503,888.536219259,,197.36319650000002,10080.426894600001,7781.9278689150005,10494.296392600001,0.771983959636046,0.510057717234464
2010-06-01,NO 15/9-F-14 H,5351,15/9-F-14,3420717,VOLVE,369304,MÆRSK INSPIRER,24.0,46.6934625,%,production,OP,3739.928151581125,223.8900155,2885.0491333315,0.0,375.932238214625,854.879018249625,,197.228925125,11689.9263755,9188.004191382,8164.802361,0.785976223993884,0.4112270920121014
2010-06-02,NO 15/9-F-14 H,5351,15/9-F-14,3420717,VOLVE,369304,MÆRSK INSPIRER,24.0,62.16999520833333,%,production,OP,3610.96119897125,224.09283125,2903.575734494125,0.0,222.38602208025,707.385464477125,,197.60906749999998,16960.5984612,13454.372392088,18817.035882700002,0.7932722670645711,0.5259441052426167
2010-06-03,NO 15/9-F-14 H,5351,15/9-F-14,3420717,VOLVE,369304,MÆRSK INSPIRER,24.0,66.37989229166666,%,production,OP,3595.502072946375,224.122886375,2903.595879668,0.0,206.18862544075,691.906193278375,,199.105045625,17204.2028025,13733.935211139002,18689.1640454,0.7982895440609011,0.5206857335116067
2010-06-04,NO 15/9-F-14 H,5351,15/9-F-14,3420717,VOLVE,369304,MÆRSK INSPIRER,24.0,71.00843645833334,%,production,OP,3593.7731414241252,224.15752775,2912.2584313425,0.0,195.29877354624998,681.514710081625,,199.14457175,17444.4735445,13939.656051930999,18544.6871097,0.7990872304842915,0.5152853462709418
2010-06-05,NO 15/9-F-14 H,5351,15/9-F-14,3420717,VOLVE,369304,MÆRSK INSPIRER,24.0,76.63732583333334,%,production,OP,3594.169923089375,224.1796325,2920.061085952875,0.0,187.73756792475,674.1088371365,,198.204206375,17678.4544765,14164.148421508002,21804.4440403,0.8012096555350147,0.552250337725894
2010-06-06,NO 15/9-F-14 H,5351,15/9-F-14,3420717,VOLVE,369304,MÆRSK INSPIRER,24.0,76.69223395833333,%,production,OP,3599.272504967375,224.19092,2924.679198608125,0.0,188.00800336224998,674.59330635925,,198.982593875,17616.4369499,14125.135566124,21078.2854758,0.8018156910103312,0.54473282542015
2010-06-07,NO 15/9-F-14 H,5351,15/9-F-14,3420717,VOLVE,369304,MÆRSK INSPIRER,24.0,66.77535541666667,%,production,OP,3616.602739035625,224.17445,2925.077968502625,0.0,205.42459245137502,691.524770533,,199.46595874999997,16959.0260087,13634.679362172003,19893.9771509,0.8039777375880783,0.5398197011175664
2010-06-08,NO 15/9-F-14 H,5351,15/9-F-14,3420717,VOLVE,369304,MÆRSK INSPIRER,24.0,65.25718229166667,%,production,OP,3620.6707648596253,224.16307287499998,2926.5788761158747,0.0,208.323956460625,694.09188874375,,199.367738375,16832.0347448,13491.213040275,19749.6889095,0.8015200327722057,0.5398785769674502
2010-06-09,NO 15/9-F-14 H,5351,15/9-F-14,3420717,VOLVE,369304,MÆRSK INSPIRER,24.0,65.90307229166666,%,production,OP,3619.0270582705,224.15861487499998,2927.2448573740003,0.0,205.962804296375,691.7822008965001,,199.449836,16844.4256705,13508.942432263,18633.436328800002,0.8019829643655644,0.5252130562198942
2010-06-10,NO 15/9-F-14 H,5351,15/9-F-14,3420717,VOLVE,369304,MÆRSK INSPIRER,24.0,66.15916020833333,%,production,OP,3619.289882234625,224.15575625,2928.670203210875,0.0,204.749374085625,690.61967902375,,199.59877512500003,16833.4814011,13219.164836237002,19356.6386826,0.7852900134711992,0.5348597528229317
2010-06-11,NO 15/9-F-14 H,5351,15/9-F-14,3420717,VOLVE,369304,MÆRSK INSPIRER,24.0,66.15313354166666,%,production,OP,3619.3270935465,224.150568875,2925.65361525975,0.0,207.711944446625,693.67347828675,,199.421358125,16514.210645500003,13226.821769491002,20093.6786184,0.8009357548733467,0.5488892974284344
2010-06-12,NO 15/9-F-14 H,5351,15/9-F-14,3420717,VOLVE,369304,MÆRSK INSPIRER,24.0,66.268035625,%,production,OP,3619.8930257792504,224.14560575000002,2925.343140269375,0.0,208.78807201737501,694.549885509875,,198.0754985,16434.0784661,13205.722648829,20827.8881397,0.8035572348075123,0.5589583706099409
2010-06-13,NO 15/9-F-14 H,5351,15/9-F-14,3420717,VOLVE,369304,MÆRSK INSPIRER,24.0,66.29359666666667,%,production,OP,3620.136949479,224.14244000000002,2925.307454878125,0.0,209.140520400625,694.829494600875,,199.22379425,16501.1907388,13232.515205425,18564.7516036,0.8019127476849768,0.5294240041327058
2010-06-14,NO 15/9-F-14 H,5351,15/9-F-14,3420717,VOLVE,369304,MÆRSK INSPIRER,23.16667,64.45721744680851,%,production,OP,3625.9234149423614,224.13225588611914,2927.242325276377,0.0,213.4788378948155,698.6810896659842,,199.40167125861853,16338.0959655,13124.9907726,21677.7672669,0.8033366189251865,0.5702295153572775
2010-06-15,NO 15/9-F-14 H,5351,15/9-F-14,3420717,VOLVE,369304,MÆRSK INSPIRER,24.0,62.249001666666665,%,production,OP,3631.5107206605,224.112956375,2920.1386661747497,0.0,226.681268061,711.37205448575,,199.394234375,15938.37854,12810.280292080002,22148.9998321,0.8037379875205299,0.5815312257964366
2010-06-16,NO 15/9-F-14 H,5351,15/9-F-14,3420717,VOLVE,369304,MÆRSK INSPIRER,24.0,60.22993875,%,production,OP,3639.97174807725,224.0952305,2914.733139195875,0.0,240.86728375975,725.2386088813751,,199.052078,15638.480399200002,12575.985974371,21295.912901800002,0.8041693088680365,0.5765875921731578
2010-06-17,NO 15/9-F-14 H,5351,15/9-F-14,3420717,VOLVE,369304,MÆRSK INSPIRER,24.0,60.11688708333333,%,production,OP,3641.38502252225,224.091882875,2909.620380484875,0.0,247.322287576875,731.764642037375,,199.18051325,15695.654772099999,12622.606675576002,21562.286355300002,0.8042102644875618,0.5787299486455735
2010-06-18,NO 15/9-F-14 H,5351,15/9-F-14,3420717,VOLVE,369304,MÆRSK INSPIRER,24.0,60.309644166666665,%,production,OP,3643.2625696485,224.08859900000002,2920.3455689250004,0.0,238.431579041875,722.9170007235,,198.375454625,15659.9915494,12612.529272784,21169.4877208,0.8053982170422844,0.5747973672255791
2010-06-19,NO 15/9-F-14 H,5351,15/9-F-14,3420717,VOLVE,369304,MÆRSK INSPIRER,22.58333,51.97866170212766,%,production,OP,3710.0478727177733,223.9761820432912,2916.6872354554757,0.0,306.88324128503615,793.3606372622977,,195.4018995420826,12311.9256864,10025.735620165002,17057.3986371,0.8143109271070106,0.5807896173985673
2010-06-20,NO 15/9-F-14 H,5351,15/9-F-14,3420717,VOLVE,369304,MÆRSK INSPIRER,24.0,60.550779375,%,production,OP,3636.204636822125,224.08375174999998,2918.582562537625,0.0,236.25688833475002,717.6220742845001,,198.611015375,15423.4946934,12362.03786792,22355.431396300002,0.8015069291144468,0.5917434323892801
2010-06-21,NO 15/9-F-14 H,5351,15/9-F-14,3420717,VOLVE,369304,MÆRSK INSPIRER,24.0,59.84522125,%,production,OP,3639.44243189625,224.08612324999999,2920.653052506625,0.0,237.59773745012498,718.789379389625,,199.328577875,15374.622869699999,12320.548039478,22173.7187854,0.8013561141560807,0.5905378988259061
2010-06-22,NO 15/9-F-14 H,5351,15/9-F-14,3420717,VOLVE,369304,MÆRSK INSPIRER,24.0,59.675274791666666,%,production,OP,3640.7940047587504,224.07803262500002,2923.15716077125,0.0,238.628410716,717.6368439875,,198.857267,15271.5957819,12289.499002091,21946.6566444,0.8047291964508777,0.5896745605629662
2010-06-23,NO 15/9-F-14 H,5351,15/9-F-14,3420717,VOLVE,369304,MÆRSK INSPIRER,24.0,59.818978333333334,%,production,OP,3641.547105508875,224.072098625,2925.354939715,0.0,235.48557020750002,716.192165793875,,197.260598,15235.303578199999,12282.691034225,21995.088181400002,0.8061992969933428,0.5907831516634117
2010-06-24,NO 15/9-F-14 H,5351,15/9-F-14,3420717,VOLVE,369304,MÆRSK INSPIRER,24.0,59.65103229166667,%,production,OP,3639.1496303905,224.05946375000002,2919.624563875625,0.0,238.453497909625,719.525066514875,,198.76406112499998,15245.1785799,12122.814677532,21991.2513973,0.7951900736351701,0.5905843124801524
2010-06-25,NO 15/9-F-14 H,5351,15/9-F-14,3420717,VOLVE,369304,MÆRSK INSPIRER,24.0,59.64309854166667,%,production,OP,3637.153363618,224.04520887500001,2921.358151722,0.0,234.718491420125,715.795211896,,199.30355,15073.7812574,12173.520230086,21299.6867878,0.8075956538184333,0.5855830618441894
2010-06-26,NO 15/9-F-14 H,5351,15/9-F-14,3420717,VOLVE,369304,MÆRSK INSPIRER,24.0,59.722017083333334,%,production,OP,3639.0553556905,224.04038487500003,2915.858132486125,0.0,242.375008159,723.197223204375,,199.49973425000002,15064.9755234,12097.455191462,21359.1254923,0.8030185759459991,0.5864008965682779
2010-06-27,NO 15/9-F-14 H,5351,15/9-F-14,3420717,VOLVE,369304,MÆRSK INSPIRER,24.0,59.633690625,%,production,OP,3639.193168985125,224.033488625,2915.47640757825,0.0,243.273902315375,723.716761406875,,198.181012625,15019.185706600001,12115.004831627,21326.9845632,0.806635264274228,0.5867739133143436
2010-06-28,NO 15/9-F-14 H,5351,15/9-F-14,3420717,VOLVE,369304,MÆRSK INSPIRER,24.0,59.604168333333334,%,production,OP,3641.47973233625,224.03557137500002,2906.592905618875,0.0,254.217418269875,734.886826717375,,197.461098875,14974.2764632,12090.738335522,21361.1382315,0.8074338927316834,0.5878875584875548
2010-06-29,NO 15/9-F-14 H,5351,15/9-F-14,3420717,VOLVE,369304,MÆRSK INSPIRER,24.0,59.75894770833333,%,production,OP,3643.356224915375,224.034491,2913.8321963777503,0.0,248.761922678375,729.524028537625,,198.55139225,14967.4205703,12082.488468455002,21177.2241871,0.8072525530838895,0.5859021254528811
2010-06-30,NO 15/9-F-14 H,5351,15/9-F-14,3420717,VOLVE,369304,MÆRSK INSPIRER,24.0,59.74206229166667,%,production,OP,3644.66685778075,224.028544625,2913.2767914865,0.0,250.571323096,731.39006629425,,199.63713425,14939.556712,12032.045304122,21358.9996961,0.80538168140273,0.5884255962127947
2010-07-01,NO 15/9-F-14 H,5351,15/9-F-14,3420717,VOLVE,369304,MÆRSK INSPIRER,24.0,59.859063125,%,production,OP,3644.45967099775,224.02033212499998,2912.659549039625,0.0,251.29020998625,731.800121958125,,195.37442225,14907.289986700001,12036.928973985,21473.41134,0.8074525272349379,0.5902418193417438
2010-07-02,NO 15/9-F-14 H,5351,15/9-F-14,3420717,VOLVE,369304,MÆRSK INSPIRER,24.0,57.3407125,%,production,OP,3663.26381143825,223.99937225000002,2914.4193525045002,0.0,268.74650020625,748.84445893375,,195.967849625,14454.8639534,11696.413335881,20974.4407127,0.8091679986465614,0.5920082516541478
2010-07-03,NO 15/9-F-14 H,5351,15/9-F-14,3420717,VOLVE,369304,MÆRSK INSPIRER,24.0,41.33990395833333,%,production,OP,3803.9212982216254,223.750366625,2878.65171866525,0.0,445.513759427625,925.269579556375,,196.533201125,11998.6302503,9867.114701057,18342.0294315,0.8223534266180337,0.6045362765300242
2010-07-04,NO 15/9-F-14 H,5351,15/9-F-14,3420717,VOLVE,369304,MÆRSK INSPIRER,24.0,39.86725666666667,%,production,OP,3815.4222103182497,223.657737125,2887.908554479875,0.0,449.49816177975,927.513655838375,,194.60566287499998,11535.9518267,9411.699155033002,17211.8134726,0.8158580493765232,0.5987183105679209
2010-07-05,NO 15/9-F-14 H,5351,15/9-F-14,3420717,VOLVE,369304,MÆRSK INSPIRER,24.0,39.121178541666666,%,production,OP,3823.9603375185,223.629070625,2861.127855845375,0.0,485.031495794875,962.832481673125,,196.03203200000002,11321.7837962,9232.823489740002,16817.379487500002,0.8154919450801447,0.597650303882408
2010-07-06,NO 15/9-F-14 H,5351,15/9-F-14,3420717,VOLVE,369304,MÆRSK INSPIRER,24.0,39.409198333333336,%,production,OP,3820.5174919502497,223.62874849999997,2874.8167507774997,0.0,467.64564267525,945.7007411727501,,198.05559575,11278.761495800001,9291.773965303,17026.51567,0.8238292802594578,0.6015314942957837
2010-07-07,NO 15/9-F-14 H,5351,15/9-F-14,3420717,VOLVE,369304,MÆRSK INSPIRER,24.0,39.39513770833333,%,production,OP,3825.1253069074996,223.617274625,2901.936799050875,0.0,445.533230779125,923.1885078566249,,194.460911375,11582.3077264,9495.954732028,17705.878048100003,0.8198672454871411,0.6045399392240871
2010-07-08,NO 15/9-F-14 H,5351,15/9-F-14,3420717,VOLVE,369304,MÆRSK INSPIRER,24.0,39.279821875,%,production,OP,3824.8577208623747,223.610055875,2913.41712179475,0.0,433.454327144375,911.440599067625,,195.58709149999999,11438.2710774,9367.592860468,17705.311965200002,0.8189693002622315,0.6075200821848036
2010-07-09,NO 15/9-F-14 H,5351,15/9-F-14,3420717,VOLVE,369304,MÆRSK INSPIRER,24.0,39.467538125,%,production,OP,3823.5460727309996,223.602855875,2913.344853589625,0.0,432.35771597775,910.201219141375,,195.871289,11354.302113900001,9299.422776176001,17826.8310944,0.8190219603890577,0.6109026324354501
2010-07-10,NO 15/9-F-14 H,5351,15/9-F-14,3420717,VOLVE,369304,MÆRSK INSPIRER,22.41667,32.99241869565218,%,production,OP,3907.2443925710345,223.46452715979046,2924.146799741094,0.0,506.46245100908175,983.09759282994,,192.69227171070102,8766.0452989,7279.823817462,14075.0223275,0.830457015591227,0.6162156059304299
2010-07-11,NO 15/9-F-14 H,5351,15/9-F-14,3420717,VOLVE,369304,MÆRSK INSPIRER,24.0,39.693228958333336,%,production,OP,3825.8096052563747,223.58348974999998,2915.925133998875,0.0,431.32138018662505,909.8844712575,,194.030985875,10880.742319,8930.203349912,18072.1336844,0.8207347521058411,0.6241913128864209
2010-07-12,NO 15/9-F-14 H,5351,15/9-F-14,3420717,VOLVE,369304,MÆRSK INSPIRER,24.0,47.93238291666667,%,production,OP,3753.0424120005,223.700039,2923.669147932875,0.0,350.184391437625,829.3732640676251,,198.50545325,12788.127201500001,10434.454185232,20737.1261814,0.8159485764270531,0.6185524071826178
2010-07-13,NO 15/9-F-14 H,5351,15/9-F-14,3420717,VOLVE,369304,MÆRSK INSPIRER,24.0,62.145118333333336,%,production,OP,3637.836797782125,223.92788825,2942.3720186115,0.0,213.3939138535,695.464779170625,,199.59641225000001,16244.3777965,13147.712250580002,25545.6859264,0.8093700119073072,0.6112861204468935
2010-07-14,NO 15/9-F-14 H,5351,15/9-F-14,3420717,VOLVE,369304,MÆRSK INSPIRER,24.0,62.311403125,%,production,OP,3641.2232447197503,223.938658625,2944.380806998,0.0,209.52611903175,696.84243772175,,199.384502,16240.792604799999,13117.732189162001,25786.1453627,0.8077027093668464,0.6135623152617203
2010-07-15,NO 15/9-F-14 H,5351,15/9-F-14,3420717,VOLVE,369304,MÆRSK INSPIRER,24.0,62.11277875,%,production,OP,3643.860860463375,223.934583875,2947.272928172125,0.0,208.61951671,696.58793229125,,196.80301025,16192.7384564,13111.723746104,23414.446706,0.8097286188749462,0.5911666433753001
2010-07-16,NO 15/9-F-14 H,5351,15/9-F-14,3420717,VOLVE,369304,MÆRSK INSPIRER,24.0,61.9784375,%,production,OP,3645.1031260415,223.929920375,2949.071405415375,0.0,208.22661783287498,696.0317206261251,,195.09046325,16182.4860661,13111.90314478,24565.7964265,0.8102527072306627,0.6028670393889906
2010-07-17,NO 15/9-F-14 H,5351,15/9-F-14,3420717,VOLVE,369304,MÆRSK INSPIRER,24.0,61.99488395833333,%,production,OP,3646.09370536525,223.921689875,2951.13926959225,0.0,207.23476942662498,694.954435773,,197.12467437499998,16115.436691500001,13064.09763539,24577.5583712,0.8106573768665287,0.6039751641119253
2010-07-18,NO 15/9-F-14 H,5351,15/9-F-14,3420717,VOLVE,369304,MÆRSK INSPIRER,24.0,62.00894770833333,%,production,OP,3646.176682209375,223.91152549999998,2952.37153661325,0.0,206.21998386500002,693.805145596125,,197.81811050000002,16049.393686500001,13003.449582198002,19104.4801997,0.81021438168944,0.5434530561708493
2010-07-19,NO 15/9-F-14 H,5351,15/9-F-14,3420717,VOLVE,369304,MÆRSK INSPIRER,24.0,62.09187645833333,%,production,OP,3644.692472095875,223.89916250000002,2952.003472472,0.0,205.163415272875,692.688999623875,,199.17211062500002,16010.019475899999,12942.707238757,20007.3824252,0.8084129602865102,0.555492105736504
2010-07-20,NO 15/9-F-14 H,5351,15/9-F-14,3420717,VOLVE,369304,MÆRSK INSPIRER,24.0,62.898017083333336,%,production,OP,3641.07667173425,223.8889745,2952.7095144343753,0.0,200.8999779385,688.3671572998751,,198.568575125,16014.799731500001,12958.681490155002,21699.9073981,0.8091691252726797,0.5753699034048457
2010-07-21,NO 15/9-F-14 H,5351,15/9-F-14,3420717,VOLVE,369304,MÆRSK INSPIRER,24.0,63.23612895833333,%,production,OP,3638.608109866125,223.878530375,2952.407043728625,0.0,198.529473844875,686.2010661375,,198.981494375,15983.9796625,12935.979788407,21840.736244,0.8093090745577016,0.577419703507853
2010-07-22,NO 15/9-F-14 H,5351,15/9-F-14,3420717,VOLVE,369304,MÆRSK INSPIRER,24.0,63.315229375,%,production,OP,3639.0154944135,223.868123375,2952.0693046158754,0.0,199.3552507195,686.9461897976249,,199.78388525,15913.4708924,12904.36571582,22045.4066614,0.8109083054899672,0.5807707730597284
2010-07-23,NO 15/9-F-14 H,5351,15/9-F-14,3420717,VOLVE,369304,MÆRSK INSPIRER,24.0,60.845820833333335,%,production,OP,3649.123978256,223.85098512500002,2952.2876170221252,0.0,209.801068777,696.836361233875,,199.764677375,15180.0790464,12307.428628428,21219.931997,0.810761827445605,0.5829649878869355
2010-07-24,NO 15/9-F-14 H,5351,15/9-F-14,3420717,VOLVE,369304,MÆRSK INSPIRER,24.0,59.20898875,%,production,OP,3656.3378541270004,223.8322415,2953.38745528425,0.0,216.36851934687502,702.95039884275,,199.61889875000003,14996.668186800001,12169.611952237,21038.785469000002,0.8114877118471313,0.5838357321641142
2010-07-25,NO 15/9-F-14 H,5351,15/9-F-14,3420717,VOLVE,369304,MÆRSK INSPIRER,24.0,59.19980666666667,%,production,OP,3656.3496142915,223.821884375,2954.681692812375,0.0,215.098935257125,701.6679214791251,,198.99146375,14985.786815500001,12147.395827614,21081.3674827,0.8105944637521324,0.5845032105499963
2010-07-26,NO 15/9-F-14 H,5351,15/9-F-14,3420717,VOLVE,369304,MÆRSK INSPIRER,24.0,59.101633541666665,%,production,OP,3656.479643880125,223.811810375,2953.964147523625,0.0,215.72734562999997,702.5154963565,,200.012677625,14908.988235400002,12082.725783239,21078.0338834,0.8104323105272627,0.585712088480603
2010-07-27,NO 15/9-F-14 H,5351,15/9-F-14,3420717,VOLVE,369304,MÆRSK INSPIRER,24.0,59.23994125,%,production,OP,3655.87590205375,223.804043,2955.238665927,0.0,213.9784895125,700.63723612675,,199.352460875,14951.0041662,12136.880522542,21151.5617623,0.8117769473959522,0.585874195318693
2010-07-28,NO 15/9-F-14 H,5351,15/9-F-14,3420717,VOLVE,369304,MÆRSK INSPIRER,24.0,59.132079583333336,%,production,OP,3657.2036584680004,223.79493125,2955.0443633530003,0.0,215.520742020625,702.1592951150001,,199.85657675,14913.076611899998,12095.254026211001,21133.824498100003,0.8110502172676767,0.5862868609317746
2010-07-29,NO 15/9-F-14 H,5351,15/9-F-14,3420717,VOLVE,369304,MÆRSK INSPIRER,24.0,59.05109354166667,%,production,OP,3657.9218020385,223.7853455,2955.142315370625,0.0,216.204300071375,702.7794866678751,,199.61965512499998,14863.638705300002,12067.572951763,21118.0999731,0.8118855141076596,0.5869116042960227
2010-07-30,NO 15/9-F-14 H,5351,15/9-F-14,3420717,VOLVE,369304,MÆRSK INSPIRER,24.0,59.064881041666666,%,production,OP,3657.9315316710004,223.77753575,2955.9662822918754,0.0,215.334350060875,701.965249379125,,199.15377912499997,14867.9157761,12048.67994041,21110.740895400002,0.8103812344550748,0.5867573402795382
2010-07-31,NO 15/9-F-14 H,5351,15/9-F-14,3420717,VOLVE,369304,MÆRSK INSPIRER,24.0,59.05603145833334,%,production,OP,3657.0552241615,223.77091625,2955.90356242175,0.0,214.555085059875,701.15166173975,,199.231584875,14850.6187986,12045.735753871002,21143.825296,0.811126857219349,0.5874191372543538
2010-08-01,NO 15/9-F-14 H,5351,15/9-F-14,3420717,VOLVE,369304,MÆRSK INSPIRER,24.0,58.980604375,%,production,OP,3657.125739824125,223.761537125,2955.6658874424998,0.0,214.829986459125,701.459852381625,,199.9638905,14810.5527089,12012.603502331,21174.3308745,0.8110840789292321,0.5884229366874434
2010-08-02,NO 15/9-F-14 H,5351,15/9-F-14,3420717,VOLVE,369304,MÆRSK INSPIRER,24.0,58.99018229166666,%,production,OP,3657.473770591625,223.753169,2956.143307214125,0.0,214.809934955625,701.3304633775,,199.986044,14844.895071500001,12037.72532047,21181.3754617,0.8108999937345902,0.5879424971891084
2010-08-03,NO 15/9-F-14 H,5351,15/9-F-14,3420717,VOLVE,369304,MÆRSK INSPIRER,24.0,59.131005,%,production,OP,3657.0919520133752,223.743767,2956.9540424395,0.0,213.622690147125,700.137909573875,,199.312302875,14842.5678418,12030.932184778001,21320.694753199998,0.8105694589379742,0.589567788503348
2010-08-04,NO 15/9-F-14 H,5351,15/9-F-14,3420717,VOLVE,369304,MÆRSK INSPIRER,24.0,59.156154791666665,%,production,OP,3656.9880715675,223.7348225,2956.92137263,0.0,213.387118218875,700.0666989375,,200.04869225,14828.415769300002,12031.362317824001,21292.076117700002,0.8113720646229197,0.5894735925609905
2010-08-05,NO 15/9-F-14 H,5351,15/9-F-14,3420717,VOLVE,369304,MÆRSK INSPIRER,22.66667,54.621992765957444,%,production,OP,3686.1261922702392,223.68311376512298,2963.9709035153837,0.0,242.33400751497877,722.1552887548554,,198.30300537335305,12990.0301025,10629.653011158998,20119.844228,0.8182931777127495,0.6076690001044823
2010-08-06,NO 15/9-F-14 H,5351,15/9-F-14,3420717,VOLVE,369304,MÆRSK INSPIRER,24.0,59.277931458333335,%,production,OP,3650.886060026125,223.73754087499998,2957.8073886206253,0.0,216.20186766325,693.0786714055,,198.720080375,14512.5415111,11809.375879358999,22447.8287052,0.8137358897699986,0.6073485891464426
2010-08-07,NO 15/9-F-14 H,5351,15/9-F-14,3420717,VOLVE,369304,MÆRSK INSPIRER,22.66667,52.799876382978724,%,production,OP,3698.0214772153095,223.66845762886652,2974.843543781563,0.0,250.09078402832998,723.177933433747,,195.0244953431333,12433.8851023,10198.621559191002,19318.270841600002,0.8202280683214997,0.6084081621333587
2010-08-08,NO 15/9-F-14 H,5351,15/9-F-14,3420717,VOLVE,369304,MÆRSK INSPIRER,24.0,59.236690625,%,production,OP,3650.1681189045003,223.73013275,2956.278830117,0.0,220.972357845625,693.8892887874999,,199.914538625,14556.7588754,11846.816877446,22546.704518399998,0.813836169084752,0.6076711567084478
2010-08-09,NO 15/9-F-14 H,5351,15/9-F-14,3420717,VOLVE,369304,MÆRSK INSPIRER,24.0,59.13721541666666,%,production,OP,3649.7154311335,223.72306362499998,2955.27809813325,0.0,221.64102532837498,694.4373330002501,,199.727123375,14616.5749685,11882.826923889,22508.7769641,0.8129693139122903,0.606291275163237
2010-08-10,NO 15/9-F-14 H,5351,15/9-F-14,3420717,VOLVE,369304,MÆRSK INSPIRER,24.0,59.051255,%,production,OP,3649.6808063326253,223.714680125,2955.231423091875,0.0,221.54868144675,694.44938324075,,199.44866150000001,14645.3822983,11881.375489719001,21857.9703234,0.81127110564387,0.5987935012414772
2010-08-11,NO 15/9-F-14 H,5351,15/9-F-14,3420717,VOLVE,369304,MÆRSK INSPIRER,24.0,59.130725625,%,production,OP,3648.984188818625,223.706520875,2954.0592713002497,0.0,221.81995387437502,694.924917518375,,200.13579275,14666.704754200002,11877.978568726001,21951.3111038,0.8098600720331939,0.5994675186368477
2010-08-12,NO 15/9-F-14 H,5351,15/9-F-14,3420717,VOLVE,369304,MÆRSK INSPIRER,24.0,59.19401020833333,%,production,OP,3648.723936257375,223.695629375,2953.55297990175,0.0,222.31992101174998,695.170956355625,,199.7121065,14633.117168800001,11893.158592521,21979.0491659,0.8127563290396523,0.6003209142275983
2010-08-13,NO 15/9-F-14 H,5351,15/9-F-14,3420717,VOLVE,369304,MÆRSK INSPIRER,24.0,59.199363125,%,production,OP,3647.9285388005,223.685807,2953.295800333125,0.0,221.74631989475,694.632738467375,,199.97340275,14629.6577733,11896.302660262001,22027.2920086,0.8131634276485582,0.6009035705277462
2010-08-14,NO 15/9-F-14 H,5351,15/9-F-14,3420717,VOLVE,369304,MÆRSK INSPIRER,24.0,59.23162083333333,%,production,OP,3647.533996159375,223.675728125,2953.210215826625,0.0,221.4644808445,694.3237803327501,,200.317251125,14631.041531500001,11864.128496533001,22003.768119200002,0.8108874867855473,0.6006246061873441
2010-08-15,NO 15/9-F-14 H,5351,15/9-F-14,3420717,VOLVE,369304,MÆRSK INSPIRER,23.75833,57.29208979166667,%,production,OP,3661.357646626272,223.66158791120588,2953.1738520412246,0.0,239.1554479202433,708.1837945850474,,199.96292486014968,14332.5271489,11557.5478131,21382.775177900003,0.8063859006181631,0.5987006628767867
2010-08-17,NO 15/9-F-14 H,5351,15/9-F-14,3420717,VOLVE,369304,MÆRSK INSPIRER,0.0,,%,production,OP,4254.761233734001,216.167018,4210.396140066,0.0,17.506666751999997,44.365093668,,82.606262,0.0,0.0,0.0,,
2010-08-20,NO 15/9-F-14 H,5351,15/9-F-14,3420717,VOLVE,369304,MÆRSK INSPIRER,0.0,,%,production,OP,4315.507934388,213.80126,4260.065418432,0.0,43.355919264,55.442515956,,59.3114,0.0,0.0,0.0,,
2010-08-21,NO 15/9-F-14 H,5351,15/9-F-14,3420717,VOLVE,369304,MÆRSK INSPIRER,0.0,,%,production,OP,4379.150173674,213.661328,4333.709913312,0.0,33.551930616,45.440260362,,60.809594000000004,0.0,0.0,0.0,,
2010-08-22,NO 15/9-F-14 H,5351,15/9-F-14,3420717,VOLVE,369304,MÆRSK INSPIRER,0.0,,%,production,OP,4378.304747172,213.41229800000002,4345.244350338,0.0,21.511601046000003,33.060396834,,60.046358,0.0,0.0,0.0,,
2010-08-23,NO 15/9-F-14 H,5351,15/9-F-14,3420717,VOLVE,369304,MÆRSK INSPIRER,0.0,,%,production,OP,4377.514725186,213.18548,4327.235126916,0.0,38.807237508,50.27959827,,58.828964,0.0,0.0,0.0,,
2010-08-25,NO 15/9-F-14 H,5351,15/9-F-14,3420717,VOLVE,369304,MÆRSK INSPIRER,0.0,,%,production,OP,4376.218665618,212.797652,4329.847986486,0.0,35.999736942,46.370679132,,56.149142,0.0,0.0,0.0,,
2010-08-26,NO 15/9-F-14 H,5351,15/9-F-14,3420717,VOLVE,369304,MÆRSK INSPIRER,0.0,,%,production,OP,4375.636193009999,212.63153,4329.973589394001,0.0,36.99411747,45.662603616,,56.061374,0.0,0.0,0.0,,
2010-08-27,NO 15/9-F-14 H,5351,15/9-F-14,3420717,VOLVE,369304,MÆRSK INSPIRER,0.0,,%,production,OP,4375.08722418,212.479718,4329.806070504001,0.0,42.302218194,45.281153676,,56.796566,0.0,0.0,0.0,,
2010-08-28,NO 15/9-F-14 H,5351,15/9-F-14,3420717,VOLVE,369304,MÆRSK INSPIRER,0.0,,%,production,OP,4374.525492006,212.340182,4127.217717294,0.0,244.27894615800002,247.307774712,,55.451876,0.0,0.0,0.0,,
2010-08-29,NO 15/9-F-14 H,5351,15/9-F-14,3420717,VOLVE,369304,MÆRSK INSPIRER,20.00833,32.31880785714286,%,production,OP,3904.022985972187,222.3374988510985,2886.929675814355,0.0,545.1614362604255,1017.0933101578316,,180.21929045049637,7008.7981811,5730.949680369,10990.6252997,0.8176793698844318,0.6106098515557294
2010-08-30,NO 15/9-F-14 H,5351,15/9-F-14,3420717,VOLVE,369304,MÆRSK INSPIRER,24.0,35.22712375,%,production,OP,3867.19012811175,223.02934625,2861.773800708125,0.0,523.8539562496251,1005.4163274036251,,194.57922537500002,9661.777141,7604.388511870001,10617.8911591,0.7870589852047593,0.5235732163847888
2010-08-31,NO 15/9-F-14 H,5351,15/9-F-14,3420717,VOLVE,369304,MÆRSK INSPIRER,24.0,33.087919791666664,%,production,OP,3904.8263348509995,223.0272185,2855.98447900825,0.0,569.7678200708749,1048.84185584275,,194.4632465,8969.8351429,6972.543902969,10357.430127,0.7773324472399095,0.5358973441074724
2010-09-01,NO 15/9-F-14 H,5351,15/9-F-14,3420717,VOLVE,369304,MÆRSK INSPIRER,21.33333,37.38110454545455,%,production,OP,3824.5961092469656,223.10822252541163,2868.4494438871857,0.0,476.21313460500835,956.1466653597806,,193.2434322710716,9617.5597767,7671.1777913920005,16690.4511217,0.7976220548144234,0.6344246695866725
2010-09-02,NO 15/9-F-14 H,5351,15/9-F-14,3420717,VOLVE,369304,MÆRSK INSPIRER,24.0,51.200669166666664,%,production,OP,3649.87983774975,223.50038,2880.844895674125,0.0,291.024479022625,769.0349420756249,,198.1584635,15440.728772800001,16024.164135539,17099.2258736,1.0377854809396538,0.5254840106389559
2010-09-03,NO 15/9-F-14 H,5351,15/9-F-14,3420717,VOLVE,369304,MÆRSK INSPIRER,24.0,45.02852125,%,production,OP,3704.5872950785,223.44265850000002,2876.334232003875,0.0,353.807513196625,828.2530630746251,,198.15527824999998,14137.2285484,11736.397345515,16042.600691700001,0.8301766718515196,0.5315669801863612
2010-09-04,NO 15/9-F-14 H,5351,15/9-F-14,3420717,VOLVE,369304,MÆRSK INSPIRER,24.0,45.95013145833333,%,production,OP,3692.39637376175,223.468217,2873.44307774975,0.0,344.16067019999997,818.953296012,,198.05977325,14377.0590037,11955.133065844999,16791.4025722,0.8315423246693424,0.5387305540028131
2010-09-05,NO 15/9-F-14 H,5351,15/9-F-14,3420717,VOLVE,369304,MÆRSK INSPIRER,24.0,45.444747916666664,%,production,OP,3702.2637137995002,223.467115625,2876.66979856825,0.0,351.465364032,825.59391523125,,195.93497825000003,14025.144134200002,11704.868734501999,17835.8255227,0.834563169012997,0.5598017171093024
2010-09-06,NO 15/9-F-14 H,5351,15/9-F-14,3420717,VOLVE,369304,MÆRSK INSPIRER,24.0,45.97656979166667,%,production,OP,3697.593227318125,223.47214774999998,2880.717244104375,0.0,339.26433840125,816.87598321375,,192.171975125,13874.566082800002,11174.388968452,17501.1447326,0.8053865542003975,0.5577927727460438
2010-09-07,NO 15/9-F-14 H,5351,15/9-F-14,3420717,VOLVE,369304,MÆRSK INSPIRER,24.0,46.98152375,%,production,OP,3687.798648010375,223.482709625,2882.2910182045,0.0,330.38970491125,805.507629805875,,193.91513337499998,14048.7938198,11766.174700555002,19334.7501438,0.8375220571585346,0.5791700894573024
2010-09-08,NO 15/9-F-14 H,5351,15/9-F-14,3420717,VOLVE,369304,MÆRSK INSPIRER,24.0,47.755075625,%,production,OP,3681.5309426405,223.487734625,2886.549590722625,0.0,319.537372534375,794.9813519178749,,192.69267425,14060.7444588,11809.558809505,18725.0788605,0.839895699982935,0.5711334035487565
2010-09-09,NO 15/9-F-14 H,5351,15/9-F-14,3420717,VOLVE,369304,MÆRSK INSPIRER,24.0,50.00705895833333,%,production,OP,3663.932454748,223.50441125,2891.990159486625,0.0,295.2569144845,771.9422952613751,,192.54578675,14386.9969035,12083.408416390002,20349.9883759,0.8398839936811558,0.5858305840941271
2010-09-10,NO 15/9-F-14 H,5351,15/9-F-14,3420717,VOLVE,369304,MÆRSK INSPIRER,24.0,51.26246458333333,%,production,OP,3655.3447185085,223.517385125,2896.474800922375,0.0,281.46936651775,758.869917586125,,195.13658149999998,15048.370425000001,12625.841148949,19804.3473584,0.839017168794142,0.5682296422757771
2010-09-11,NO 15/9-F-14 H,5351,15/9-F-14,3420717,VOLVE,369304,MÆRSK INSPIRER,20.59167,50.76504142857143,%,production,OP,3664.5412716791757,223.51573779173034,2901.772289175605,0.0,284.8732830166285,762.7689825035702,,198.15742326594977,12834.5459993,10585.532943861,17173.697224,0.8247687876484558,0.5722993210967253
2010-09-12,NO 15/9-F-14 H,5351,15/9-F-14,3420717,VOLVE,369304,MÆRSK INSPIRER,0.0,,%,production,OP,4234.320158166,217.739084,3950.144158968,0.0,284.01979327199996,284.175999198,,85.358966,0.0,0.0,0.0,,
2010-09-13,NO 15/9-F-14 H,5351,15/9-F-14,3420717,VOLVE,369304,MÆRSK INSPIRER,19.40833,30.672303846153845,%,production,OP,3953.239112351446,222.73583098872186,2955.6292469233554,0.0,540.2532581978687,997.609865428091,,181.30423212681256,7125.285462299999,6058.81241461,10566.4405133,0.8503255689427848,0.5972532317012472
2010-09-14,NO 15/9-F-14 H,5351,15/9-F-14,3420717,VOLVE,369304,MÆRSK INSPIRER,4.75833,16.267234,%,production,OP,4140.183456834655,222.7697811671826,2924.573067076867,0.0,762.4044111457285,1215.6103897577875,,182.67874806050023,892.1466504,781.661573299,1244.124418,0.876158166315523,0.5823813449534802
2010-09-15,NO 15/9-F-14 H,5351,15/9-F-14,3420717,VOLVE,369304,MÆRSK INSPIRER,0.0,,%,production,OP,4244.6013218339995,215.507498,2762.688320178,0.0,1180.316923392,1481.913001656,,54.646106,0.0,0.0,0.0,,
2010-09-16,NO 15/9-F-14 H,5351,15/9-F-14,3420717,VOLVE,369304,MÆRSK INSPIRER,8.225,28.155937368421053,%,production,OP,3894.5022422266948,222.1847506945942,2991.324796095935,0.0,431.48901105689754,903.1774461307591,,168.18194407918446,3217.5523055000003,2773.770863239,4721.3829784,0.8620748320074201,0.5947123650163604
2010-09-17,NO 15/9-F-14 H,5351,15/9-F-14,3420717,VOLVE,369304,MÆRSK INSPIRER,24.0,38.11107666666667,%,production,OP,3791.3902516727235,223.14964195744682,2885.326305835532,0.0,435.11668783187235,906.0639458371915,,194.58083012765957,12173.235375900002,10202.554204183001,17565.489488900002,0.8381136065422293,0.5906604795181131
2010-09-18,NO 15/9-F-14 H,5351,15/9-F-14,3420717,VOLVE,369304,MÆRSK INSPIRER,17.49166,28.35970054054054,%,production,OP,3925.8878094749775,222.8965525741033,2927.5233872837207,0.0,527.9234906716689,998.3644221912563,,183.0117830332593,6737.8331663,5630.939156263001,10803.6292484,0.835719587778865,0.6158910239631106
2010-09-19,NO 15/9-F-14 H,5351,15/9-F-14,3420717,VOLVE,369304,MÆRSK INSPIRER,0.0,,%,production,OP,4230.580498374,216.979124,3248.65104756,0.0,659.4299158379999,981.9294508140001,,72.219542,0.0,0.0,0.0,,
2010-09-20,NO 15/9-F-14 H,5351,15/9-F-14,3420717,VOLVE,369304,MÆRSK INSPIRER,9.50834,33.3471515,%,production,OP,3790.6858941678333,222.40746307434526,2826.1191860565345,0.0,507.4144812513829,964.5667081112987,,176.7227411729976,5428.7979091,4640.54227938,5913.9309544,0.8548010732912549,0.5213851997671001
2010-09-21,NO 15/9-F-14 H,5351,15/9-F-14,3420717,VOLVE,369304,MÆRSK INSPIRER,24.0,42.31075166666667,%,production,OP,3645.785566091,223.184791625,2769.791299389875,0.0,411.358090006875,875.9942667011251,,193.8117185,15832.709732,12725.023190193002,16717.685999,0.8037173298563067,0.5135939402137157
2010-09-22,NO 15/9-F-14 H,5351,15/9-F-14,3420717,VOLVE,369304,MÆRSK INSPIRER,24.0,42.90654729166667,%,production,OP,3633.993169917125,223.238705375,2772.738139171125,0.0,395.57681645425,861.255030746,,192.2858735,15735.469269399999,12994.745921236,16553.7106523,0.8258251278534318,0.5126705197357784
2010-09-23,NO 15/9-F-14 H,5351,15/9-F-14,3420717,VOLVE,369304,MÆRSK INSPIRER,24.0,47.06674354166667,%,production,OP,3580.9975530095367,223.32540640437657,2768.2889004937365,0.0,343.96023484950706,812.7086525158002,,195.26690478963198,17353.4599938,14123.185488390001,17354.1518729,0.8138541532026408,0.5000099672530433
2010-09-24,NO 15/9-F-14 H,5351,15/9-F-14,3420717,VOLVE,369304,MÆRSK INSPIRER,24.0,49.23039395833333,%,production,OP,3556.010159386375,223.37726,2768.777232975,0.0,317.477101701125,787.232926411375,,195.424470875,17097.9679116,13896.513142382002,15240.020935699999,0.8127581718616986,0.47127299745396617
2010-09-25,NO 15/9-F-14 H,5351,15/9-F-14,3420717,VOLVE,369304,MÆRSK INSPIRER,24.0,50.106123333333336,%,production,OP,3530.958452706625,223.35544099999998,2760.98775567125,0.0,300.31039797787497,769.970697035375,,195.243893,17571.9050951,14426.024226211,15492.368112900002,0.8209709845424649,0.46855311215948875
2010-09-26,NO 15/9-F-14 H,5351,15/9-F-14,3420717,VOLVE,369304,MÆRSK INSPIRER,23.33333,49.80259041666667,%,production,OP,3533.4425194524806,223.32390122799018,2767.5925672033645,0.0,294.63156303727914,765.8499522491163,,195.38741827268805,16845.9352249,13863.266118067,14782.311462,0.8229442849557967,0.4673768865007189
2010-09-27,NO 15/9-F-14 H,5351,15/9-F-14,3420717,VOLVE,369304,MÆRSK INSPIRER,24.0,55.39871645833333,%,production,OP,3489.518666720125,223.36775749999998,2767.534329834,0.0,250.51132873162499,721.984336886125,,196.7728925,17895.3900234,14950.273772887002,17573.0372609,0.8354259814029219,0.4954557787420886
2010-09-28,NO 15/9-F-14 H,5351,15/9-F-14,3420717,VOLVE,369304,MÆRSK INSPIRER,24.0,56.66900729166667,%,production,OP,3491.346175736375,223.379812625,2778.0768398915,0.0,241.73720053237497,713.269335844875,,194.079079625,17767.6439823,14843.631148121001,15891.393659300002,0.8354304691667686,0.47212858039825395
2010-09-29,NO 15/9-F-14 H,5351,15/9-F-14,3420717,VOLVE,369304,MÆRSK INSPIRER,24.0,59.73757,%,production,OP,3483.976580421,223.394505875,2787.27838299025,0.0,224.448205602125,696.6981974307499,,191.74434200000002,17905.7053118,14984.603899051,18347.312871899998,0.8368619743326183,0.5060906316525469
2010-09-30,NO 15/9-F-14 H,5351,15/9-F-14,3420717,VOLVE,369304,MÆRSK INSPIRER,9.5,50.3204845,%,production,OP,3598.9977906557965,223.09675836811365,2854.1540846553407,0.0,302.91491953600286,744.8437060004555,,179.40570035666946,7055.4685713,5686.728966176,22199.7585988,0.8060030186100305,0.7588304978704467
2010-10-01,NO 15/9-F-14 H,5351,15/9-F-14,3420717,VOLVE,369304,MÆRSK INSPIRER,24.0,58.978819791666666,%,production,OP,3516.00454238175,223.313513,2800.8387591462497,0.0,244.35200602887502,715.1657832355,,185.43163175,16687.494910999998,14071.763400573001,18844.3336581,0.8432519965172982,0.5303507986213758
2010-10-02,NO 15/9-F-14 H,5351,15/9-F-14,3420717,VOLVE,369304,MÆRSK INSPIRER,24.0,65.231145,%,production,OP,3469.4399897465,223.407104,2798.0159057036253,0.0,199.66383719425002,671.424084042875,,189.789384875,17966.9051631,15152.274563181,17991.372524000002,0.8433436045680465,0.500340218754537
2010-10-03,NO 15/9-F-14 H,5351,15/9-F-14,3420717,VOLVE,369304,MÆRSK INSPIRER,24.0,63.32406958333333,%,production,OP,3487.236131195125,223.431604625,2807.298494828125,0.0,208.049447872625,679.937636367,,194.60134925000003,17634.3000103,14913.473736605001,17658.2012883,0.8457082916755531,0.5003386169458177
2010-10-04,NO 15/9-F-14 H,5351,15/9-F-14,3420717,VOLVE,369304,MÆRSK INSPIRER,24.0,60.24809208333333,%,production,OP,3526.142296705625,223.42265824999998,2818.94113322375,0.0,236.624734919,707.201163481875,,195.074434625,18008.040520500002,15091.027925823999,19074.5407041,0.8380161022319261,0.5143800694069876
2010-10-05,NO 15/9-F-14 H,5351,15/9-F-14,3420717,VOLVE,369304,MÆRSK INSPIRER,24.0,64.60109208333333,%,production,OP,3505.022488622,223.4076665,2821.4451357315,0.0,211.799641049375,683.5773528904999,,193.278407375,18218.434665,15476.787698127,22033.8963091,0.8495124846186669,0.5473942943398113
2010-10-06,NO 15/9-F-14 H,5351,15/9-F-14,3420717,VOLVE,369304,MÆRSK INSPIRER,24.0,62.867073958333336,%,production,OP,3507.979160771,223.42222775,2828.060334019625,0.0,208.35128705875,679.9188267513749,,194.19580474999998,17166.4639425,14495.97099306,18732.312142,0.8444354668273583,0.5218092142725735
2010-10-07,NO 15/9-F-14 H,5351,15/9-F-14,3420717,VOLVE,369304,MÆRSK INSPIRER,24.0,56.22669166666667,%,production,OP,3540.650786267625,223.36460075,2833.155422267625,0.0,237.864770537875,707.495364,,195.29600299999998,16387.8483626,13809.360700546,20487.2320301,0.8426585598669212,0.5555847421055594
2010-10-08,NO 15/9-F-14 H,5351,15/9-F-14,3420717,VOLVE,369304,MÆRSK INSPIRER,22.16666,40.82305063829787,%,production,OP,3700.270950677462,223.02225772504852,2862.908028547462,0.0,325.5180984403234,837.3629221300001,,180.5412842043416,14228.7452839,11993.648337106,19158.0693809,0.8429167925774145,0.5738214194209583
2010-10-09,NO 15/9-F-14 H,5351,15/9-F-14,3420717,VOLVE,369304,MÆRSK INSPIRER,24.0,57.402251666666665,%,production,OP,3534.600018464625,223.322009375,2836.994212511,0.0,228.100661296625,697.605805953625,,194.51695475000002,16117.701023100002,13542.832537265002,20990.605524399998,0.8402459207957338,0.5656578668587651
2010-10-10,NO 15/9-F-14 H,5351,15/9-F-14,3420717,VOLVE,369304,MÆRSK INSPIRER,24.0,59.22326854166667,%,production,OP,3526.7933571794997,223.324511375,2838.9208670867497,0.0,217.839751581,687.87249009275,,196.67468975000003,16233.99961,13690.732619747001,20106.635627,0.843337005583863,0.5532824480329542
2010-10-11,NO 15/9-F-14 H,5351,15/9-F-14,3420717,VOLVE,369304,MÆRSK INSPIRER,24.0,57.93446875,%,production,OP,3528.70463785583,223.3129310638298,2842.0328146298298,0.0,216.7489038104681,686.671823226,,197.39040723404256,16117.952615500002,13616.585169333002,21286.5410849,0.8448086115005988,0.5690904749413134
2010-10-12,NO 15/9-F-14 H,5351,15/9-F-14,3420717,VOLVE,369304,MÆRSK INSPIRER,24.0,59.14794,%,production,OP,3525.2088170294996,223.19480000000001,2839.8300710276253,0.0,215.5821988515,685.378746001875,,197.15132225000002,16021.907216800002,13553.980328614,20560.5083166,0.845965473723489,0.5620325507982957
2010-10-13,NO 15/9-F-14 H,5351,15/9-F-14,3420717,VOLVE,369304,MÆRSK INSPIRER,24.0,58.083952708333335,%,production,OP,3532.013155220298,223.28763531914893,2848.6075044345957,0.0,213.61668784978724,683.405650785702,,197.09894931914894,15869.379324300002,13435.223702307001,19727.7374726,0.8466130544711539,0.5541948126067897
2010-10-14,NO 15/9-F-14 H,5351,15/9-F-14,3420717,VOLVE,369304,MÆRSK INSPIRER,24.0,60.364016041666666,%,production,OP,3530.04489762575,223.27976375,2851.6643227510003,0.0,208.38353081912499,678.38057487475,,196.885438625,15955.109434599999,13516.496246593,19818.7510233,0.8471578525987004,0.5540009037219631
2010-10-15,NO 15/9-F-14 H,5351,15/9-F-14,3420717,VOLVE,369304,MÆRSK INSPIRER,24.0,60.77916208333333,%,production,OP,3530.055298059,223.271329625,2853.93788404975,0.0,206.02659684337502,676.1174140092501,,196.89827975,15913.4708924,13488.901693160002,20111.2271883,0.8476404540760538,0.558262199540111
2010-10-16,NO 15/9-F-14 H,5351,15/9-F-14,3420717,VOLVE,369304,MÆRSK INSPIRER,24.0,61.52271875,%,production,OP,3528.046996154125,223.26426350000003,2855.6189107292503,0.0,202.28628135875,672.428085424875,,197.466404375,15904.5393622,13471.175832642,20070.9095062,0.8470019486800526,0.5579057423194467
2010-10-17,NO 15/9-F-14 H,5351,15/9-F-14,3420717,VOLVE,369304,MÆRSK INSPIRER,24.0,62.54685416666667,%,production,OP,3526.200747019625,223.25717825,2858.751371955875,0.0,197.20310133487502,667.44937506375,,195.138036125,15893.9095833,13470.468832348002,20412.068800600002,0.8475239375025546,0.5622233502362188
2010-10-18,NO 15/9-F-14 H,5351,15/9-F-14,3420717,VOLVE,369304,MÆRSK INSPIRER,24.0,62.781346041666666,%,production,OP,3524.66048274075,223.2424835,2859.156197186875,0.0,195.1516868845,665.504285553875,,194.84642524999998,15814.1547925,13269.517241791002,20528.052896999998,0.8390911443515265,0.5648543168424787
2010-10-19,NO 15/9-F-14 H,5351,15/9-F-14,3420717,VOLVE,369304,MÆRSK INSPIRER,24.0,62.80720125,%,production,OP,3515.3887895959997,223.205430125,2853.094642182625,0.0,192.30778782375,662.294147413375,,196.454015,15683.955725500002,13241.414862972,21026.3316452,0.8442649988767337,0.5727640166059278
2010-10-20,NO 15/9-F-14 H,5351,15/9-F-14,3420717,VOLVE,369304,MÆRSK INSPIRER,24.0,62.614641041666665,%,production,OP,3509.5203496671247,223.17310625,2848.7048586205,0.0,191.30839441987501,660.8154910466251,,195.972117125,15544.007453000002,13111.678896435,21039.41445,0.8435198539424554,0.5751078864570259
2010-10-21,NO 15/9-F-14 H,5351,15/9-F-14,3420717,VOLVE,369304,MÆRSK INSPIRER,24.0,62.41965270833333,%,production,OP,3513.82668199,223.1684405,2852.24518181125,0.0,191.987540898125,661.58150017875,,195.845912,15467.5233634,13194.294105615001,21221.1270609,0.8530321109348363,0.5784112202405954
2010-10-22,NO 15/9-F-14 H,5351,15/9-F-14,3420717,VOLVE,369304,MÆRSK INSPIRER,24.0,62.354416666666665,%,production,OP,3519.01943520125,223.171960625,2857.610442615375,0.0,193.5085030365,661.408992585875,,196.245779,15287.6347974,12797.164059353,21001.8013862,0.8370924756476679,0.5787304404495317
2010-10-23,NO 15/9-F-14 H,5351,15/9-F-14,3420717,VOLVE,369304,MÆRSK INSPIRER,24.0,62.32031375,%,production,OP,3525.19082627425,223.170363875,2862.50433596275,0.0,193.382057095125,662.6864903114999,,197.0168615,15312.1021583,13054.077795559,21361.7672125,0.8525333530695505,0.5824792305528687
2010-10-24,NO 15/9-F-14 H,5351,15/9-F-14,3420717,VOLVE,369304,MÆRSK INSPIRER,24.0,62.36425125,%,production,OP,3527.962813681625,223.16234825,2865.948900835625,0.0,192.458013953875,662.013912846,,196.30317424999998,15307.447698900001,12938.155527074,21316.2918862,0.8452196461206096,0.5820348257083041
2010-10-25,NO 15/9-F-14 H,5351,15/9-F-14,3420717,VOLVE,369304,MÆRSK INSPIRER,24.0,62.354917291666666,%,production,OP,3528.058985962125,223.14759312500001,2867.485596575375,0.0,191.18422678375,660.57338938675,,196.220421875,15204.6722035,12916.394608934,21193.2003045,0.8495016818554461,0.5822648095665998
2010-10-26,NO 15/9-F-14 H,5351,15/9-F-14,3420717,VOLVE,369304,MÆRSK INSPIRER,24.0,62.41985,%,production,OP,3528.156484736,223.133024375,2869.826830187625,0.0,189.169567379875,658.329654548375,,193.900283,15112.2748946,12874.815787448002,21181.9415446,0.8519442557287322,0.5836175463405843
2010-10-27,NO 15/9-F-14 H,5351,15/9-F-14,3420717,VOLVE,369304,MÆRSK INSPIRER,24.0,62.86210354166667,%,production,OP,3527.8062391173753,223.12003175,2871.2559137746252,0.0,187.01863571012498,656.5503253427499,,192.89343087499998,15087.555941300001,12843.256805793,21245.468625600002,0.8512483304626194,0.5847426378302395
2010-10-28,NO 15/9-F-14 H,5351,15/9-F-14,3420717,VOLVE,369304,MÆRSK INSPIRER,24.0,63.966683125,%,production,OP,3526.35259274075,223.1094035,2872.811706184375,0.0,183.86046951962498,653.540886556375,,194.72970049999998,15200.458030799999,12862.785128599,21410.8277305,0.8462103643545295,0.5848149630716423
2010-10-29,NO 15/9-F-14 H,5351,15/9-F-14,3420717,VOLVE,369304,MÆRSK INSPIRER,24.0,64.318145625,%,production,OP,3527.52217917275,223.095912875,2876.67063253675,0.0,181.342754877625,650.851546636,,192.71525075,15162.5933746,12886.29165236,21445.295889300003,0.8498738529747026,0.5858107725005541
2010-10-30,NO 15/9-F-14 H,5351,15/9-F-14,3420717,VOLVE,369304,MÆRSK INSPIRER,24.0,64.3020675,%,production,OP,3528.4980522476253,223.082361875,2877.555699737125,0.0,181.2375872195,650.9423525105,,192.493694375,15139.258179499999,12758.146966205,21549.8954296,0.8427194262054893,0.5873642019437315
2010-10-31,NO 15/9-F-14 H,5351,15/9-F-14,3420717,VOLVE,369304,MÆRSK INSPIRER,25.0,64.1791902,%,production,OP,3520.77368697408,223.04642864,2871.4302270906,0.0,180.06314539872,649.34345988348,,195.67661324,15706.095856700002,13076.338063557001,22364.5516208,0.8325645139863843,0.5874486803519061
2010-11-01,NO 15/9-F-14 H,5351,15/9-F-14,3420717,VOLVE,369304,MÆRSK INSPIRER,24.0,64.28077333333333,%,production,OP,3508.0952002358754,223.001361125,2863.98322801625,0.0,175.47887458087501,644.111972219625,,196.21373375,14949.7462042,12459.964118432,21241.0657586,0.8334565649637238,0.5869187400501923
2010-11-02,NO 15/9-F-14 H,5351,15/9-F-14,3420717,VOLVE,369304,MÆRSK INSPIRER,24.0,64.23866729166667,%,production,OP,3502.115201912,222.96683337500002,2861.179178146,0.0,172.44652885537502,640.936023766,,192.30053675,14785.707959399999,12606.970739004,20844.8706267,0.8526457288092946,0.5850275649139159
2010-11-03,NO 15/9-F-14 H,5351,15/9-F-14,3420717,VOLVE,369304,MÆRSK INSPIRER,24.0,64.9671475,%,production,OP,3506.09646479575,222.9658295,2865.8546835465,0.0,171.47631226250002,640.24178124925,,195.078107375,14802.061465400002,12615.131613026999,21068.1588817,0.8522550485630006,0.5873440050781092
2010-11-04,NO 15/9-F-14 H,5351,15/9-F-14,3420717,VOLVE,369304,MÆRSK INSPIRER,24.0,66.74638604166667,%,production,OP,3501.780463272875,222.9548,2866.3821081902497,0.0,166.668631919625,635.398355082625,,196.403774,14866.7836103,12397.871340863001,21541.5928804,0.8339309743012275,0.5916658460698595
2010-11-05,NO 15/9-F-14 H,5351,15/9-F-14,3420717,VOLVE,369304,MÆRSK INSPIRER,24.0,69.268529375,%,production,OP,3486.1172808685,222.92101775,2859.04180752925,0.0,158.541185859625,627.0754733392499,,196.654538,14868.356062800001,12540.880337395,21444.7927045,0.8434611253877456,0.5905517266464935
2010-11-06,NO 15/9-F-14 H,5351,15/9-F-14,3420717,VOLVE,369304,MÆRSK INSPIRER,24.0,69.13847145833333,%,production,OP,3489.3671654642503,222.91292337500002,2861.9936873809997,0.0,158.91471309887498,627.37347808325,,196.627685375,14796.400636400002,12618.072268096,21450.5793297,0.8527798468132048,0.5917894221742518
2010-11-07,NO 15/9-F-14 H,5351,15/9-F-14,3420717,VOLVE,369304,MÆRSK INSPIRER,24.0,71.37411875,%,production,OP,3493.4380708968747,222.917366,2868.2170715553752,0.0,156.480144512,625.2209993415,,196.147884875,14872.318643100001,12711.227149491,21883.2553596,0.8546903448298805,0.5953724286279
2010-11-08,NO 15/9-F-14 H,5351,15/9-F-14,3420717,VOLVE,369304,MÆRSK INSPIRER,20.58334,68.26669976744186,%,production,OP,3532.7238854563,222.86985991527226,2884.920246520568,0.0,182.40722472694986,647.8036389357321,,187.49021983385592,11780.3738433,10138.065677366001,17852.116130600003,0.8605894695890276,0.6024507608481084
2010-11-09,NO 15/9-F-14 H,5351,15/9-F-14,3420717,VOLVE,369304,MÆRSK INSPIRER,24.0,72.92057604166666,%,production,OP,3504.9056756211253,222.912050375,2880.824403013375,0.0,155.605145366125,624.08127260775,,194.162147,13649.579579100002,11621.223395523002,21088.8523566,0.851397900439162,0.6070755408774626
2010-11-10,NO 15/9-F-14 H,5351,15/9-F-14,3420717,VOLVE,369304,MÆRSK INSPIRER,17.08333,64.48636828571429,%,production,OP,3571.476718386895,222.76185759730214,2900.8648597020047,0.0,199.13830486040294,670.61185868489,,190.493695559957,9025.0596747,7858.886722596,14124.2715398,0.8707850148212162,0.6101373473352443
2010-11-11,NO 15/9-F-14 H,5351,15/9-F-14,3420717,VOLVE,369304,MÆRSK INSPIRER,24.0,77.0046725,%,production,OP,3513.5642266641253,222.92502050000002,2891.4530203185,0.0,148.160671161625,622.111206345625,,193.120950875,13969.66801,11985.911239483,21575.9981411,0.8579954248664354,0.6069937766641718
2010-11-12,NO 15/9-F-14 H,5351,15/9-F-14,3420717,VOLVE,369304,MÆRSK INSPIRER,24.0,79.27990854166667,%,production,OP,3511.3522793207503,222.91384962499998,2890.130258650375,0.0,147.67854369825,621.2220206703751,,196.73321225,14009.9856921,11913.118814108002,22517.456901899997,0.8503305482193043,0.6164531459861556
2010-11-13,NO 15/9-F-14 H,5351,15/9-F-14,3420717,VOLVE,369304,MÆRSK INSPIRER,24.0,79.16123145833333,%,production,OP,3503.621098228125,222.872815625,2884.2254595078753,0.0,146.283051516375,619.39563872025,,196.977037625,13961.6170532,11812.038960886002,22175.2912379,0.8460365956090083,0.6136466091472871
2010-11-14,NO 15/9-F-14 H,5351,15/9-F-14,3420717,VOLVE,369304,MÆRSK INSPIRER,24.0,79.276345625,%,production,OP,3496.74463211275,222.830955875,2876.8650952568746,0.0,142.30155294587502,619.879536855875,,196.673457875,13780.0302385,11299.24903436,22910.5700269,0.8199727314669492,0.6244261435129788
2010-11-15,NO 15/9-F-14 H,5351,15/9-F-14,3420717,VOLVE,369304,MÆRSK INSPIRER,3.325,68.52093428571429,%,production,OP,3544.264832859925,222.8016562706767,2874.0043123325418,0.0,188.82107362218045,670.2605205273834,,196.1804650526316,1882.5401330000002,1591.7013332239999,3437.1924707000003,0.8455072512517849,0.6461212859287986
2010-11-16,NO 15/9-F-14 H,5351,15/9-F-14,3420717,VOLVE,369304,MÆRSK INSPIRER,20.34167,65.72556365853659,%,production,OP,3577.240183576391,222.55077750090237,2895.212189657481,0.0,210.1182185117951,682.02799391891,,184.43632737027787,10253.648262,8751.633863068002,17597.756214200002,0.853514148276525,0.6318444812805724
2010-11-17,NO 15/9-F-14 H,5351,15/9-F-14,3420717,VOLVE,369304,MÆRSK INSPIRER,22.08333,70.82442133333333,%,production,OP,3541.00171135641,222.69405374528841,2878.2739823623347,0.0,191.59736981219075,662.727728994075,,186.00364887475394,12115.7465125,10281.310576094002,15704.0202194,0.8485907628957586,0.564491441310064
2010-11-18,NO 15/9-F-14 H,5351,15/9-F-14,3420717,VOLVE,369304,MÆRSK INSPIRER,24.0,82.81279125,%,production,OP,3474.3679039554895,222.76678923404256,2864.46466944217,0.0,138.13674325161702,609.9032345133191,,190.98753761702127,14207.1083375,11973.485409141002,21696.3222064,0.8427813123333974,0.6042966334337154
2010-11-19,NO 15/9-F-14 H,5351,15/9-F-14,3420717,VOLVE,369304,MÆRSK INSPIRER,24.0,94.39065645833334,%,production,OP,3461.730576376085,222.75043221276596,2860.141006428383,0.0,129.8148578087234,601.5895699477021,,189.1853109787234,13794.119412900001,11671.867147351999,21687.1390838,0.8461480430883241,0.6112280117069988
2010-11-20,NO 15/9-F-14 H,5351,15/9-F-14,3420717,VOLVE,369304,MÆRSK INSPIRER,24.0,100.0,%,production,OP,3451.9724107355,222.726181625,2851.489458290625,0.0,128.480531417375,600.482952444875,,195.231370625,13681.2173234,11612.997189305002,22055.6590517,0.8488277698390503,0.6171680708800695
2010-11-21,NO 15/9-F-14 H,5351,15/9-F-14,3420717,VOLVE,369304,MÆRSK INSPIRER,24.0,97.91666666666667,%,production,OP,3444.4230190248513,222.7007150638298,2845.4721963871916,0.0,127.17876438548934,598.9508226376596,,195.16489221276598,13754.1162213,11641.869781731,21669.4647177,0.8464280506589061,0.6117242848772173
2010-11-22,NO 15/9-F-14 H,5351,15/9-F-14,3420717,VOLVE,369304,MÆRSK INSPIRER,24.0,97.91666666666667,%,production,OP,3438.0252539786807,222.67242710638297,2840.2445176912343,0.0,126.14191241080852,597.7807362874468,,195.73683034042554,13415.2841566,11396.325260043,22088.1144713,0.8495030837223287,0.6221408463679381
2010-11-23,NO 15/9-F-14 H,5351,15/9-F-14,3420717,VOLVE,369304,MÆRSK INSPIRER,24.0,100.0,%,production,OP,3441.258118275125,222.664087625,2843.346704678375,0.0,126.15133898075,597.91141359675,,195.72413975,13290.8717148,11428.071056461002,20524.8450939,0.8598436055729375,0.6069617039322801
2010-11-24,NO 15/9-F-14 H,5351,15/9-F-14,3420717,VOLVE,369304,MÆRSK INSPIRER,24.0,100.0,%,production,OP,3454.8880008710003,222.676500125,2855.1722631866246,0.0,127.626308965,599.715737684375,,195.17042974999998,13287.915504100001,11444.726881569002,20799.7097909,0.8612883546736672,0.6101835962727188
2010-11-25,NO 15/9-F-14 H,5351,15/9-F-14,3420717,VOLVE,369304,MÆRSK INSPIRER,24.0,100.0,%,production,OP,3466.37664819175,222.686836625,2865.0240811367503,0.0,128.954165092875,601.352567055,,194.81412500000002,13258.290499,11449.331918449,21129.924815899998,0.8635601942280989,0.6144524984041453
2010-11-26,NO 15/9-F-14 H,5351,15/9-F-14,3420717,VOLVE,369304,MÆRSK INSPIRER,24.0,100.0,%,production,OP,3476.67988180875,222.6928775,2874.8163609878748,0.0,129.32046158350002,601.863520820875,,193.36827725,13290.2427338,11474.873981518,21399.5060725,0.8634058994524517,0.6168827048010691
2010-11-27,NO 15/9-F-14 H,5351,15/9-F-14,3420717,VOLVE,369304,MÆRSK INSPIRER,24.0,100.0,%,production,OP,3486.4171831930003,222.694632125,2883.12241228,0.0,130.55302472375,603.294770913,,193.92078275,13301.690188000002,11477.641594557,21671.9177436,0.8628709158262797,0.6196649137825607
2010-11-28,NO 15/9-F-14 H,5351,15/9-F-14,3420717,VOLVE,369304,MÆRSK INSPIRER,24.0,100.0,%,production,OP,3495.519396413125,222.69477087500002,2891.386094346375,0.0,131.38159660149998,604.13330206675,,192.980093,13338.485576500001,11500.271254317,21897.7848207,0.8621871792235842,0.6214558060162938
2010-11-29,NO 15/9-F-14 H,5351,15/9-F-14,3420717,VOLVE,369304,MÆRSK INSPIRER,24.0,100.0,%,production,OP,3503.662585139375,222.69173712499997,2898.69483413425,0.0,132.28524075237502,604.967751005125,,193.115904125,13371.8215695,11519.814762444,22179.6941049,0.861499288079025,0.6238747823871599
2010-11-30,NO 15/9-F-14 H,5351,15/9-F-14,3420717,VOLVE,369304,MÆRSK INSPIRER,24.0,100.0,%,production,OP,3510.6527882413748,222.68588112499998,2904.5958502022504,0.0,133.22888517500002,606.056938039125,,194.186040125,13101.2968414,11177.709609693,22664.827150200003,0.8531758149598992,0.6336953692696207
2010-12-01,NO 15/9-F-14 H,5351,15/9-F-14,3420717,VOLVE,369304,MÆRSK INSPIRER,24.0,100.0,%,production,OP,3511.35337919225,222.663277625,2906.2813911895,0.0,132.32894553637502,605.07198800275,,194.084524625,13088.0882404,11201.303360763,22604.4449742,0.8558395355394292,0.6333101895091512
2010-12-02,NO 15/9-F-14 H,5351,15/9-F-14,3420717,VOLVE,369304,MÆRSK INSPIRER,24.0,100.0,%,production,OP,3512.85067898525,222.644806625,2907.809321195125,0.0,132.11612342275,605.041357790125,,195.258558875,13021.9194392,11177.179182899,22663.8836787,0.8583357649450847,0.6350952395220663
2010-12-03,NO 15/9-F-14 H,5351,15/9-F-14,3420717,VOLVE,369304,MÆRSK INSPIRER,24.0,100.0,%,production,OP,3515.5810948758754,222.62831674999998,2912.266127421375,0.0,130.356966585625,603.3149674545,,194.063175875,12996.760199200002,11115.690992994001,22774.8988252,0.8552662988794864,0.6366743798397817
2010-12-04,NO 15/9-F-14 H,5351,15/9-F-14,3420717,VOLVE,369304,MÆRSK INSPIRER,24.0,100.0,%,production,OP,3516.9986993095004,222.60957425,2913.6082274894998,0.0,130.3435112895,603.39047182,,194.915520125,12920.4019058,11152.275962753,22771.7539202,0.8631524037767522,0.6380044408416452
2010-12-05,NO 15/9-F-14 H,5351,15/9-F-14,3420717,VOLVE,369304,MÆRSK INSPIRER,24.0,100.0,%,production,OP,3517.689409546625,222.588453875,2914.0120676707497,0.0,130.56853170325,603.677341875875,,195.862024625,12900.5261062,11138.230247122001,22789.239591999998,0.863393489182504,0.6385371028969621
2010-12-06,NO 15/9-F-14 H,5351,15/9-F-14,3420717,VOLVE,369304,MÆRSK INSPIRER,24.0,100.0,%,production,OP,3517.5844836184997,222.571934,2914.179909874625,0.0,130.345049296625,603.4045737438751,,195.998835875,13186.2092764,11376.413419595,21862.4989866,0.8627508619900276,0.6237747429248246
2010-12-07,NO 15/9-F-14 H,5351,15/9-F-14,3420717,VOLVE,369304,MÆRSK INSPIRER,24.0,100.0,%,production,OP,3517.541881727625,222.55635124999998,2914.5694547479998,0.0,130.012791411625,602.9724269796251,,196.119593,13216.274568199999,11416.719146146,23083.4769038,0.863837920983879,0.6359128084280565
2010-12-08,NO 15/9-F-14 H,5351,15/9-F-14,3420717,VOLVE,369304,MÆRSK INSPIRER,24.0,100.0,%,production,OP,3517.163779748125,222.5422235,2915.2886589088753,0.0,129.13932725125,601.87512083925,,195.47662962500002,13202.877272900001,11380.406099577,23133.7324857,0.8619640904286996,0.6366508223906278
2010-12-09,NO 15/9-F-14 H,5351,15/9-F-14,3420717,VOLVE,369304,MÆRSK INSPIRER,22.5,77.97547723404256,%,production,OP,3573.995233053132,222.440095104272,2925.273038069155,0.0,177.4023536497879,648.7221949839768,,192.549547620824,11145.54332,9546.879235722,21548.88906,0.8565647238202112,0.6590996537129665
2010-12-10,NO 15/9-F-14 H,5351,15/9-F-14,3420717,VOLVE,369304,MÆRSK INSPIRER,24.0,100.0,%,production,OP,3505.8025996779998,222.470859875,2909.351691546625,0.0,128.41999920375,596.450908131375,,195.71440925,12926.0627348,11158.92960538,23240.218969,0.8632891418155924,0.6425935394557895
2010-12-11,NO 15/9-F-14 H,5351,15/9-F-14,3420717,VOLVE,369304,MÆRSK INSPIRER,24.0,100.0,%,production,OP,3504.32481353925,222.44801825000002,2909.004228844625,0.0,127.319617049125,595.320584694625,,195.120341,12934.679774499999,11179.002834007,22751.6894263,0.8642659137217902,0.6375456493845264
2010-12-12,NO 15/9-F-14 H,5351,15/9-F-14,3420717,VOLVE,369304,MÆRSK INSPIRER,24.0,100.0,%,production,OP,3506.957274390625,222.435636875,2910.539308015,0.0,128.448387370625,596.4179663756249,,196.199766875,12982.2936362,10895.634149737001,22816.474469300003,0.8392688114337108,0.6373536207184336
2010-12-13,NO 15/9-F-14 H,5351,15/9-F-14,3420717,VOLVE,369304,MÆRSK INSPIRER,24.0,97.91666666666667,%,production,OP,3508.492895139064,222.4342645106383,2912.1228169551064,0.0,128.46709373668085,596.3700781839574,,196.19318778723402,13083.8111696,11174.840290318001,22473.1137414,0.8540967265167004,0.6320319824521059
2010-12-14,NO 15/9-F-14 H,5351,15/9-F-14,3420717,VOLVE,369304,MÆRSK INSPIRER,24.0,100.0,%,production,OP,3511.2155054651253,222.429807875,2915.755261263,0.0,127.76223676562499,595.460244202125,,195.126189875,13009.1511249,11182.758905499,22341.1535276,0.8596071179536675,0.6319932387349317
2010-12-15,NO 15/9-F-14 H,5351,15/9-F-14,3420717,VOLVE,369304,MÆRSK INSPIRER,24.0,100.0,%,production,OP,3515.10824380125,222.41924262499998,2919.50182848975,0.0,127.81129284749998,595.6064153115,,196.08922025,12988.9608348,11234.467748680001,22415.5619799,0.8649242916015757,0.6331270752389023
2010-12-16,NO 15/9-F-14 H,5351,15/9-F-14,3420717,VOLVE,369304,MÆRSK INSPIRER,24.0,100.0,%,production,OP,3516.096487408875,222.401151875,2919.790293963625,0.0,127.903056577125,596.30619344525,,193.96544825,13072.1750211,11279.218889667001,22455.879662,0.8628417896379936,0.6320604902885895
2010-12-17,NO 15/9-F-14 H,5351,15/9-F-14,3420717,VOLVE,369304,MÆRSK INSPIRER,24.0,100.0,%,production,OP,3516.860055068,222.38662475,2921.16670760525,0.0,127.22893203962501,595.69334746275,,193.55321525,13045.128838100001,11214.12295001,22510.601009,0.8596406435831964,0.6331075499167685
2010-12-18,NO 15/9-F-14 H,5351,15/9-F-14,3420717,VOLVE,369304,MÆRSK INSPIRER,24.0,100.0,%,production,OP,3519.747982226625,222.371624,2926.851952453625,0.0,125.08109451387499,592.896029773,,190.58000375,13041.417850200001,11156.039097185001,22863.5851462,0.8554314588588935,0.636779925864159
2010-12-19,NO 15/9-F-14 H,5351,15/9-F-14,3420717,VOLVE,369304,MÆRSK INSPIRER,24.0,100.0,%,production,OP,3521.5163429335,222.34873625,2929.509955101125,0.0,124.40101737512501,592.006387832375,,192.700596875,12969.4624238,11126.570039476002,22334.7379214,0.8579052605185746,0.6326368449933368
2010-12-20,NO 15/9-F-14 H,5351,15/9-F-14,3420717,VOLVE,369304,MÆRSK INSPIRER,24.0,100.0,%,production,OP,3517.3223395200002,222.330860375,2926.345661055125,0.0,127.04515982875002,590.9766784648749,,194.430275375,13009.214023000002,11183.341598048999,22409.964049000002,0.8596477526065064,0.6327070606620259
2010-12-21,NO 15/9-F-14 H,5351,15/9-F-14,3420717,VOLVE,369304,MÆRSK INSPIRER,24.0,100.0,%,production,OP,3509.5804286370003,222.322200875,2922.2637085615,0.0,132.622901302875,587.3167200755,,195.53166875,13077.772952,11238.294449572,22614.382874000003,0.8593431382254816,0.633595319493885
2010-12-22,NO 15/9-F-14 H,5351,15/9-F-14,3420717,VOLVE,369304,MÆRSK INSPIRER,24.0,100.0,%,production,OP,3506.929306229625,222.30494225,2921.095222001,0.0,135.04246752162499,585.834084228625,,196.11302412499998,13122.5563992,11240.490670765,22663.694984399997,0.8565778137139698,0.633307320777002
2010-12-23,NO 15/9-F-14 H,5351,15/9-F-14,3420717,VOLVE,369304,MÆRSK INSPIRER,24.0,100.0,%,production,OP,3502.7926532586253,222.283691375,2921.4608930152503,0.0,138.67709865025,581.331760243375,,196.127190125,13270.6814247,11283.140940248999,22753.702165500003,0.8502307137935133,0.6316194726421321
2010-12-24,NO 15/9-F-14 H,5351,15/9-F-14,3420717,VOLVE,369304,MÆRSK INSPIRER,24.0,100.0,%,production,OP,3499.1236602105,222.26696112500002,2922.4162885375,0.0,142.311772081625,576.707371673,,196.00101275,13250.113745999999,11311.35138205,22870.189446700002,0.8536795682576475,0.6331671504718189
2010-12-25,NO 15/9-F-14 H,5351,15/9-F-14,3420717,VOLVE,369304,MÆRSK INSPIRER,24.0,100.0,%,production,OP,3499.80295777,222.25031262500002,2923.482885903,0.0,142.043790203625,576.320071867,,195.95861337499997,13195.4552971,11291.374209407,22993.9100094,0.8557017514877668,0.6353775429509964
2010-12-26,NO 15/9-F-14 H,5351,15/9-F-14,3420717,VOLVE,369304,MÆRSK INSPIRER,24.0,100.0,%,production,OP,3500.985612730125,222.22926125,2925.173542501375,0.0,141.54636123125,575.81207022875,,195.75443975000002,13156.3326789,11290.086282298002,22928.810475899998,0.8581484337504579,0.6354086050743584
2010-12-27,NO 15/9-F-14 H,5351,15/9-F-14,3420717,VOLVE,369304,MÆRSK INSPIRER,24.0,100.0,%,production,OP,3500.9036662601247,222.22415525000002,2928.373793884875,0.0,138.695968698375,572.52987237525,,190.026122,13104.127255899999,11274.080247670001,22940.383726300002,0.8603457542427301,0.6364459691970503
2010-12-28,NO 15/9-F-14 H,5351,15/9-F-14,3420717,VOLVE,369304,MÆRSK INSPIRER,23.0,89.210298125,%,production,OP,3552.633049833462,222.1560490176774,2936.731711178759,0.0,171.07919273295263,615.9013386547032,,185.19305225502436,12211.037134,10360.358647427,22233.9751652,0.8484421539084478,0.6454918631489759
2010-12-29,NO 15/9-F-14 H,5351,15/9-F-14,3420717,VOLVE,369304,MÆRSK INSPIRER,24.0,91.19859854166667,%,production,OP,3511.481082193915,222.13413365957447,2925.7855446790213,0.0,141.28405550795745,585.6955375148937,,190.72342476595745,12755.73468,10923.165843004,23361.8009963,0.8563337288702528,0.646827103755858
2010-12-30,NO 15/9-F-14 H,5351,15/9-F-14,3420717,VOLVE,369304,MÆRSK INSPIRER,24.0,97.91666666666667,%,production,OP,3495.127575548936,222.13402106382978,2922.0999532018727,0.0,139.34691255038297,573.0276223470638,,195.51984493617022,12961.4743651,11114.850856280998,21960.6829207,0.8575298259439365,0.6288466872471714
2010-12-31,NO 15/9-F-14 H,5351,15/9-F-14,3420717,VOLVE,369304,MÆRSK INSPIRER,24.0,97.91666666666667,%,production,OP,3501.0042838653194,222.13076382978724,2927.708967658979,0.0,139.51627990340424,573.2953162063404,,195.89827387234044,12986.004624100002,11165.832569789,23029.950620699998,0.8598358689220665,0.6394374511009275
2011-01-01,NO 15/9-F-14 H,5351,15/9-F-14,3420717,VOLVE,369304,MÆRSK INSPIRER,24.0,97.91666666666667,%,production,OP,3504.292073139447,222.1142689361702,2930.509355191149,0.0,139.8000914961702,573.7827179482979,,194.93792676595746,13046.323901999998,11177.221560539,22412.2283806,0.856733409694476,0.6320683428352485
2011-01-02,NO 15/9-F-14 H,5351,15/9-F-14,3420717,VOLVE,369304,MÆRSK INSPIRER,24.0,97.91666666666667,%,production,OP,3504.6281663023406,222.10047480851065,2931.704551630851,0.0,139.07855213348935,572.9236146714893,,195.50824872340428,12748.5013985,10912.461604287002,22523.620915699998,0.8559799511471184,0.6385672150675308
2011-01-03,NO 15/9-F-14 H,5351,15/9-F-14,3420717,VOLVE,369304,MÆRSK INSPIRER,24.0,100.0,%,production,OP,3506.6120577846386,222.08658034042554,2935.1061416028883,0.0,137.84571666125,571.50591618175,,194.47078157446808,12552.6996132,10776.445977796,22134.470371,0.858496284453732,0.6381169285670248
2011-01-04,NO 15/9-F-14 H,5351,15/9-F-14,3420717,VOLVE,369304,MÆRSK INSPIRER,24.0,100.0,%,production,OP,3506.685001805125,222.05473625,2934.11731983625,0.0,138.58185400862502,572.567681968875,,194.656944125,12361.4264911,10611.800724015002,21737.205971400002,0.8584608525282502,0.6374802859119207
2011-01-05,NO 15/9-F-14 H,5351,15/9-F-14,3420717,VOLVE,369304,MÆRSK INSPIRER,24.0,100.0,%,production,OP,3508.502491112875,222.023276375,2935.44180685225,0.0,138.793827045625,573.060684260625,,193.041691625,12434.7656757,10671.290455047,21763.811867700002,0.8581818695547129,0.6363952372019113
2011-01-06,NO 15/9-F-14 H,5351,15/9-F-14,3420717,VOLVE,369304,MÆRSK INSPIRER,24.0,100.0,%,production,OP,3508.459354394375,222.0013745,2934.6523891912498,0.0,139.34423719075,573.806965203125,,195.24242,12417.2171058,10650.114701486002,21780.6056604,0.8576893365673218,0.6369003608594415
2011-01-07,NO 15/9-F-14 H,5351,15/9-F-14,3420717,VOLVE,369304,MÆRSK INSPIRER,24.0,100.0,%,production,OP,3508.2532916558753,221.979917,2935.209135684,0.0,138.855740141875,573.0441559718749,,193.78189775,12466.5921143,10638.452374958,21823.9424513,0.853356897973344,0.6364421764714515
2011-01-08,NO 15/9-F-14 H,5351,15/9-F-14,3420717,VOLVE,369304,MÆRSK INSPIRER,24.0,100.0,%,production,OP,3508.1513359851247,221.95758874999999,2936.07985318725,0.0,137.914612732875,572.071482797875,,192.68656775,12457.0316031,10644.807255223002,21811.425729399998,0.8545219755703264,0.6364869453494242
2011-01-09,NO 15/9-F-14 H,5351,15/9-F-14,3420717,VOLVE,369304,MÆRSK INSPIRER,24.0,100.0,%,production,OP,3508.226737615375,221.93580874999998,2935.2429265163746,0.0,138.799386835625,572.983811099,,194.58963649999998,12434.8914719,10635.707363327001,22940.4466244,0.8553116355990125,0.6484869928861372
2011-01-10,NO 15/9-F-14 H,5351,15/9-F-14,3420717,VOLVE,369304,MÆRSK INSPIRER,24.0,100.0,%,production,OP,3511.89124052875,221.92209200000002,2941.35784643975,0.0,136.884129829375,570.533394089,,193.456481,12361.2377968,10552.231888055003,23205.3734216,0.853654954424281,0.6524482548844842
2011-01-11,NO 15/9-F-14 H,5351,15/9-F-14,3420717,VOLVE,369304,MÆRSK INSPIRER,24.0,100.0,%,production,OP,3508.03295173925,221.89695875,2935.414494383875,0.0,138.56084465,572.618457355375,,195.83179925000002,12336.6446397,10544.254650472,23425.0764849,0.854710090014266,0.6550321334726311
2011-01-12,NO 15/9-F-14 H,5351,15/9-F-14,3420717,VOLVE,369304,MÆRSK INSPIRER,24.0,100.0,%,production,OP,3507.735037644,221.895482,2935.053074796,0.0,138.641679162,572.681962848,,195.83789000000002,12565.4679275,10580.706483812,22194.2864641,0.8420463563203823,0.6385052729101978
2011-01-13,NO 15/9-F-14 H,5351,15/9-F-14,3420717,VOLVE,369304,MÆRSK INSPIRER,24.0,100.0,%,production,OP,3297.691220579375,210.116759,2727.085549220375,0.0,136.79345690637498,570.605671359,,195.263804,12304.3779144,10521.227700337002,21963.1359466,0.8550800189600687,0.6409317009599677
2011-01-14,NO 15/9-F-14 H,5351,15/9-F-14,3420717,VOLVE,369304,MÆRSK INSPIRER,24.0,100.0,%,production,OP,3509.3392969187503,221.42955012500002,2939.5140629512503,0.0,136.060096432375,569.8252339675,,193.826375,12397.9702872,10626.417478345,22091.0077839,0.8571094487390408,0.6405236982771356
2011-01-15,NO 15/9-F-14 H,5351,15/9-F-14,3420717,VOLVE,369304,MÆRSK INSPIRER,24.0,100.0,%,production,OP,3511.33518900975,221.46915387500002,2941.6465687517502,0.0,135.885966226875,569.688620258,,192.342526625,12370.2322251,10583.158383433001,22224.9178388,0.8555343336206,0.6424287160988984
2011-01-16,NO 15/9-F-14 H,5351,15/9-F-14,3420717,VOLVE,369304,MÆRSK INSPIRER,24.0,100.0,%,production,OP,3509.9733456438753,221.507897,2940.930159594,0.0,135.31211129337498,569.0431860498751,,191.16857225,12336.833334,10533.912740577,22096.3541224,0.8538587217147372,0.6417167783371449
2011-01-17,NO 15/9-F-14 H,5351,15/9-F-14,3420717,VOLVE,369304,MÆRSK INSPIRER,24.0,100.0,%,production,OP,3510.977377242125,221.504165,2940.817643343875,0.0,136.52450508675,570.15973389825,,193.6625345,12664.4695369,10845.401107869002,22961.0772012,0.8563644198652897,0.6445115739555544
2011-01-18,NO 15/9-F-14 H,5351,15/9-F-14,3420717,VOLVE,369304,MÆRSK INSPIRER,24.0,100.0,%,production,OP,3513.048368800875,221.429863625,2943.42820345725,0.0,136.27066441375,569.620165343625,,196.167314,12612.075419600002,10807.225917169,22984.915581100002,0.8568951229370112,0.6456982720996843
2011-01-19,NO 15/9-F-14 H,5351,15/9-F-14,3420717,VOLVE,369304,MÆRSK INSPIRER,24.0,97.91666666666667,%,production,OP,3518.3101501351916,221.3501670212766,2951.0141240425532,0.0,134.7164231262633,567.2960260926383,,196.56438914893616,12514.205976,10712.455035102,22892.8956608,0.8560235508067046,0.6465622601824745
2011-01-20,NO 15/9-F-14 H,5351,15/9-F-14,3420717,VOLVE,369304,MÆRSK INSPIRER,24.0,100.0,%,production,OP,3526.076552188875,221.69679125,2962.38701483825,0.0,132.327881924375,563.6895373506251,,197.740404875,12405.0148744,10620.570423466,22803.2658683,0.856151365475867,0.6476676903068598
2011-01-21,NO 15/9-F-14 H,5351,15/9-F-14,3420717,VOLVE,369304,MÆRSK INSPIRER,24.0,100.0,%,production,OP,3512.509776231125,221.66673350000002,2942.731836738125,0.0,136.62883575475,569.777939493,,195.884307125,12572.1351261,10758.335893341999,23079.8917121,0.8557286240908659,0.6473654868724221
2011-01-22,NO 15/9-F-14 H,5351,15/9-F-14,3420717,VOLVE,369304,MÆRSK INSPIRER,24.0,97.91666666666667,%,production,OP,3512.8217147166383,221.64422038297872,2943.4802578268936,0.0,136.26695038659574,569.3414568897447,,195.89772621276595,12616.2895923,10822.257266076998,22872.5795745,0.8578003213149182,0.6445000957059913
2011-01-23,NO 15/9-F-14 H,5351,15/9-F-14,3420717,VOLVE,369304,MÆRSK INSPIRER,24.0,100.0,%,production,OP,3523.4498203385,221.64336500000002,2960.9263975727504,0.0,130.918354294375,562.52342276575,,196.4732015,12351.4885913,10587.847469299,22780.4967561,0.8572122615857611,0.648426114574419
2011-01-24,NO 15/9-F-14 H,5351,15/9-F-14,3420717,VOLVE,369304,MÆRSK INSPIRER,24.0,100.0,%,production,OP,3521.6709776145,221.61836075000002,2958.4803860919997,0.0,131.31700332387499,563.1905915225,,196.546727,12361.678083499999,10596.884854176002,22812.134500400003,0.8572367588442874,0.6485545019035478
2011-01-25,NO 15/9-F-14 H,5351,15/9-F-14,3420717,VOLVE,369304,MÆRSK INSPIRER,24.0,100.0,%,production,OP,3530.0819457698753,221.588993375,2970.6970123726246,0.0,128.58607980025,559.3849333972499,,197.51324375,12234.2465329,10514.111081993,22749.2992985,0.8593999682545828,0.6502856916831178
2011-01-26,NO 15/9-F-14 H,5351,15/9-F-14,3420717,VOLVE,369304,MÆRSK INSPIRER,24.0,100.0,%,production,OP,3530.596117566375,221.56429250000002,2971.558012329875,0.0,128.513116621375,559.0381052365001,,197.58503825,12259.2799767,10512.945696893,22728.6058236,0.8575500124700567,0.649613582064599
2011-01-27,NO 15/9-F-14 H,5351,15/9-F-14,3420717,VOLVE,369304,MÆRSK INSPIRER,24.0,100.0,%,production,OP,3531.054504122125,221.540009,2972.01611183125,0.0,128.641623311,559.0383922908751,,198.064973375,12213.1127713,10482.876995578,22719.7371915,0.8583296651621904,0.6503831555597168
2011-01-28,NO 15/9-F-14 H,5351,15/9-F-14,3420717,VOLVE,369304,MÆRSK INSPIRER,24.0,100.0,%,production,OP,3527.694644462875,221.51891075,2967.662146611875,0.0,129.28759234675002,560.032497851,,197.06659925,12248.650197800001,10503.196367664,22794.27144,0.8574982710789223,0.6504672092013111
2011-01-29,NO 15/9-F-14 H,5351,15/9-F-14,3420717,VOLVE,369304,MÆRSK INSPIRER,24.0,100.0,%,production,OP,3511.030769355875,221.49774762500002,2943.4642756165003,0.0,134.57803771587498,567.566493739375,,195.509971625,12430.8030954,10680.862857629001,23101.4028623,0.8592254881409422,0.6501539164160398
2011-01-30,NO 15/9-F-14 H,5351,15/9-F-14,3420717,VOLVE,369304,MÆRSK INSPIRER,24.0,100.0,%,production,OP,3511.1702354793747,221.48289425000002,2944.769608551625,0.0,133.46283751225,566.4006269277501,,193.838062625,12420.5507051,10646.391472665,23052.845529100003,0.8571593744465361,0.6498629388881206
2011-01-31,NO 15/9-F-14 H,5351,15/9-F-14,3420717,VOLVE,369304,MÆRSK INSPIRER,24.0,100.0,%,production,OP,3517.81199385125,221.46259175,2956.8154828035,0.0,129.113386600625,560.99651104775,,193.59017599999999,12248.0841149,10554.033997196,22764.3948425,0.8616885627325861,0.6501794651614827
2011-02-01,NO 15/9-F-14 H,5351,15/9-F-14,3420717,VOLVE,369304,MÆRSK INSPIRER,14.775,96.213957,%,production,OP,3533.4640354935736,221.43287472081218,2964.634812749929,0.0,138.49806601923856,568.8292227436447,,193.62141117766495,7415.3086014,6594.823875268,14887.5399833,0.8893525852751302,0.6675174216764856
2011-02-05,NO 15/9-F-14 H,5351,15/9-F-14,3420717,VOLVE,369304,MÆRSK INSPIRER,15.475,53.739025,%,production,OP,3706.4958682600127,220.69699797415186,2965.307234230168,0.0,250.25593238060742,741.1886340298449,,172.3955479806139,4987.5677376,4436.215309797,11250.6460451,0.8894546486764491,0.6928499769529026
2011-02-06,NO 15/9-F-14 H,5351,15/9-F-14,3420717,VOLVE,369304,MÆRSK INSPIRER,22.5,77.8999397826087,%,production,OP,3565.35955990298,221.22766145999998,2931.9513064706466,0.0,170.53300799427333,633.4082534323333,,191.77454286,9946.642635900002,8341.927192695,21357.5530398,0.8386676286716919,0.6822584825707207
2011-02-07,NO 15/9-F-14 H,5351,15/9-F-14,3420717,VOLVE,369304,MÆRSK INSPIRER,24.0,98.99007208333333,%,production,OP,3493.427643269,221.296861625,2932.832860286625,0.0,129.47611153050002,560.594782982375,,194.481411125,11728.1055222,10019.953544334,22334.486329,0.854353972631585,0.6556895736697491
2011-02-08,NO 15/9-F-14 H,5351,15/9-F-14,3420717,VOLVE,369304,MÆRSK INSPIRER,24.0,100.0,%,production,OP,3483.2162307925,221.2940045,2923.855757449625,0.0,128.09375435249999,559.360473342875,,195.55065725,11676.1516916,10043.204036520001,21787.7131457,0.860146759119722,0.651081793798505
2011-02-09,NO 15/9-F-14 H,5351,15/9-F-14,3420717,VOLVE,369304,MÆRSK INSPIRER,24.0,97.32860875,%,production,OP,3465.97402270375,221.244750125,2904.75776095625,0.0,129.32407242537502,561.2162617475,,192.936776375,11646.7153808,10118.564900026002,22451.0365083,0.8687912917239133,0.6584315758211879
2011-02-10,NO 15/9-F-14 H,5351,15/9-F-14,3420717,VOLVE,369304,MÆRSK INSPIRER,24.0,98.31820208333333,%,production,OP,3447.226160028875,221.20028525,2886.5460433348753,0.0,128.85827986675,560.6801166939999,,193.96107874999998,11942.9025337,10250.590318564,22094.4671794,0.8582997549916612,0.6491238120228919
2011-02-11,NO 15/9-F-14 H,5351,15/9-F-14,3420717,VOLVE,369304,MÆRSK INSPIRER,24.0,100.0,%,production,OP,3442.1821040054997,221.179692875,2883.496969893375,0.0,127.11098592937499,558.685134112125,,192.307464875,11899.1883542,10216.276790308999,23046.5557191,0.85856921381558,0.6594953500134092
2011-02-12,NO 15/9-F-14 H,5351,15/9-F-14,3420717,VOLVE,369304,MÆRSK INSPIRER,24.0,100.0,%,production,OP,3439.462825824625,221.152386125,2883.934483063625,0.0,124.491889725375,555.528342761,,186.47490424999998,11733.640555,10094.956316782002,21579.3317404,0.8603430682457958,0.6477756337395257
2011-02-13,NO 15/9-F-14 H,5351,15/9-F-14,3420717,VOLVE,369304,MÆRSK INSPIRER,22.0,80.04702847826087,%,production,OP,3533.4066773247955,221.03406374308798,2903.8485784191803,0.0,203.41543079997726,629.5580989056149,,180.59664671852002,8979.6472465,7938.5153675970005,16977.5809482,0.8840564834761407,0.6540598565014163
2011-02-14,NO 15/9-F-14 H,5351,15/9-F-14,3420717,VOLVE,369304,MÆRSK INSPIRER,8.33333,83.53046611111111,%,production,OP,3517.799875081174,220.89863488996835,2919.0435781895976,0.0,163.85673852003848,598.7562968915765,,170.59216435978414,4015.1631116000003,4712.603690465001,7632.684435,1.173701680225658,0.6552871167366864
2011-02-15,NO 15/9-F-14 H,5351,15/9-F-14,3420717,VOLVE,369304,MÆRSK INSPIRER,22.41667,62.26086489361702,%,production,OP,3582.5948351347292,220.90428166364762,2891.9533445225975,0.0,247.3236682899781,690.6414906121319,,176.73261714394957,9424.1481192,7879.738640358001,12596.539588900001,0.8361221131811858,0.5720320707452993
2011-02-16,NO 15/9-F-14 H,5351,15/9-F-14,3420717,VOLVE,369304,MÆRSK INSPIRER,24.0,100.0,%,production,OP,3423.126370981,221.0221595,2859.577958626,0.0,118.99726711175,563.548412355,,187.559532125,11794.7146101,10116.783273411,22899.374165100002,0.8577387082132397,0.6600367663055303
2011-02-17,NO 15/9-F-14 H,5351,15/9-F-14,3420717,VOLVE,369304,MÆRSK INSPIRER,24.0,100.0,%,production,OP,3426.408511423625,221.03017212499998,2866.423114663125,0.0,120.491475782375,559.9853967605,,188.711535875,12444.7035755,10850.320798726001,21058.1580838,0.8718826232299438,0.6285480415955603
2011-02-18,NO 15/9-F-14 H,5351,15/9-F-14,3420717,VOLVE,369304,MÆRSK INSPIRER,24.0,100.0,%,production,OP,3435.584603375,221.0493035,2879.54938302025,0.0,124.26027310424999,556.03522035475,,186.91854199999997,12360.671713900001,10840.861756331,20051.4110952,0.877044711424548,0.618640005744104
2011-02-19,NO 15/9-F-14 H,5351,15/9-F-14,3420717,VOLVE,369304,MÆRSK INSPIRER,24.0,100.0,%,production,OP,3447.224721735375,221.056968125,2890.070170615625,0.0,126.043264519375,557.15455111975,,186.472290125,12401.178090300002,10843.492701481,20364.3291427,0.8743921442401188,0.6215172863916456
2011-02-20,NO 15/9-F-14 H,5351,15/9-F-14,3420717,VOLVE,369304,MÆRSK INSPIRER,24.0,100.0,%,production,OP,3456.03632110625,221.056538375,2897.314238563625,0.0,127.40232799025001,558.722082542625,,188.99046575,12408.7258623,10832.660270403,21569.2680444,0.8729873147826258,0.6348011040212362
2011-02-21,NO 15/9-F-14 H,5351,15/9-F-14,3420717,VOLVE,369304,MÆRSK INSPIRER,24.0,100.0,%,production,OP,3464.3798042888748,221.05310825,2904.794392116125,0.0,128.106152079875,559.58541217275,,189.33737712500002,12410.2354167,10834.433068343,20767.8833523,0.8730239761417822,0.625951202866405
2011-02-22,NO 15/9-F-14 H,5351,15/9-F-14,3420717,VOLVE,369304,MÆRSK INSPIRER,24.0,100.0,%,production,OP,3477.572666239375,221.05133412499998,2914.24776650725,0.0,127.256102491625,563.324899732125,,186.4671065,12713.7816473,11136.927840986,21825.2004133,0.8759728733701453,0.6319005109938339
2011-02-23,NO 15/9-F-14 H,5351,15/9-F-14,3420717,VOLVE,369304,MÆRSK INSPIRER,24.0,100.0,%,production,OP,3485.700408418625,221.051151125,2924.0718398966246,0.0,129.761253216875,561.628568522,,185.4003785,12718.436106699999,11141.239765856,22122.0794453,0.8759913304110447,0.6349527007510111
2011-02-24,NO 15/9-F-14 H,5351,15/9-F-14,3420717,VOLVE,369304,MÆRSK INSPIRER,24.0,100.0,%,production,OP,3498.3781528040004,221.06213037499998,2937.125562059125,0.0,129.296098221125,561.252590744875,,190.6919885,12629.4352952,11038.976517037001,22314.2960389,0.8740673085543677,0.6385779419361691
2011-02-25,NO 15/9-F-14 H,5351,15/9-F-14,3420717,VOLVE,369304,MÆRSK INSPIRER,24.0,100.0,%,production,OP,3502.857007827875,221.039423375,2941.746587560875,0.0,128.984420624,561.110420267,,191.44071012499998,12593.5204801,10887.523775735,22355.9345811,0.8645337729778756,0.6396647541986711
2011-02-26,NO 15/9-F-14 H,5351,15/9-F-14,3420717,VOLVE,369304,MÆRSK INSPIRER,24.0,100.0,%,production,OP,3516.03478280475,221.00992625,2959.4215014144997,0.0,126.001753435125,556.61328139025,,195.46621962499998,12485.2099519,10722.68358481,22159.566712900003,0.8588308587616679,0.6396221550885245
2011-02-27,NO 15/9-F-14 H,5351,15/9-F-14,3420717,VOLVE,369304,MÆRSK INSPIRER,24.0,100.0,%,production,OP,3524.14877659025,220.96765025,2970.1549056530002,0.0,124.40911533012499,553.99387093725,,197.017071875,12427.9726809,10666.358404045,22214.9170409,0.8582540916297356,0.6412547342123324
2011-02-28,NO 15/9-F-14 H,5351,15/9-F-14,3420717,VOLVE,369304,MÆRSK INSPIRER,24.0,100.0,%,production,OP,3526.44186362975,220.93640712500002,2972.024702311125,0.0,125.13083650462501,554.417161318625,,197.45513375,12384.9503805,10643.639398094003,22291.8414172,0.8594010529789706,0.6428461302662534
2011-03-01,NO 15/9-F-14 H,5351,15/9-F-14,3420717,VOLVE,369304,MÆRSK INSPIRER,24.0,100.0,%,production,OP,3528.335703358,220.91223275,2974.4107436005,0.0,124.72986686712501,553.9249597575,,196.73064575,12435.6462491,10679.477108801002,22498.4616757,0.858779422868667,0.6440256532134935
2011-03-02,NO 15/9-F-14 H,5351,15/9-F-14,3420717,VOLVE,369304,MÆRSK INSPIRER,24.0,100.0,%,production,OP,3530.015451890125,220.888089125,2977.35045234675,0.0,123.68081003475,552.664999543375,,194.51240224999998,12328.3420905,10597.089326289,22440.2809332,0.8595713234186556,0.6454175915423399
2011-03-03,NO 15/9-F-14 H,5351,15/9-F-14,3420717,VOLVE,369304,MÆRSK INSPIRER,24.0,100.0,%,production,OP,3531.605053262,220.8647915,2977.67817779425,0.0,124.841071732,553.92687546775,,197.23348737499998,12244.4989232,10557.945453368,22341.2793238,0.862260311311193,0.6459672286176733
2011-03-04,NO 15/9-F-14 H,5351,15/9-F-14,3420717,VOLVE,369304,MÆRSK INSPIRER,24.0,100.0,%,production,OP,3532.3262033493747,220.839036125,2979.017177675125,0.0,124.22665148287501,553.3090256742499,,196.952789,12321.4232995,10580.802539796001,22598.280960400003,0.8587321677541399,0.647149838160305
2011-03-05,NO 15/9-F-14 H,5351,15/9-F-14,3420717,VOLVE,369304,MÆRSK INSPIRER,24.0,100.0,%,production,OP,3532.945663669,220.815878375,2980.08892691125,0.0,123.77642633625,552.8567367577499,,196.84319675,12221.7927091,10525.111611043001,22514.0604045,0.8611757588726162,0.6481504954224128
2011-03-06,NO 15/9-F-14 H,5351,15/9-F-14,3420717,VOLVE,369304,MÆRSK INSPIRER,24.0,100.0,%,production,OP,3531.6095856995003,220.789309625,2979.9365010381252,0.0,122.69300758437501,551.673084661375,,195.715353125,12221.9185053,10420.00129111,22612.495931,0.8525667460956639,0.649142415537094
2011-03-07,NO 15/9-F-14 H,5351,15/9-F-14,3420717,VOLVE,369304,MÆRSK INSPIRER,24.0,100.0,%,production,OP,3528.8316547557497,220.75892000000002,2978.650020021375,0.0,121.24741988162499,550.1816347343749,,193.81655525000002,12163.1087818,10462.554092022001,22348.1352167,0.8601874964464195,0.6475609867228008
2011-03-08,NO 15/9-F-14 H,5351,15/9-F-14,3420717,VOLVE,369304,MÆRSK INSPIRER,24.0,100.0,%,production,OP,3529.7475304446248,220.73755925,2979.9008911875,0.0,120.76814483224999,549.8466392571249,,192.891707,12076.6238943,10601.242688155999,22617.9680657,0.8778316507115568,0.6519162436548224
2011-03-09,NO 15/9-F-14 H,5351,15/9-F-14,3420717,VOLVE,369304,MÆRSK INSPIRER,24.0,100.0,%,production,OP,3528.7037010235003,220.713232625,2978.43884167175,0.0,120.9931169,550.26485935175,,195.396704375,12071.403352000001,10474.079397514,22481.3533925,0.8676770290985799,0.6506384876534782
2011-03-10,NO 15/9-F-14 H,5351,15/9-F-14,3420717,VOLVE,369304,MÆRSK INSPIRER,24.0,100.0,%,production,OP,3530.070352694808,220.69431519148935,2979.7293737232767,0.0,120.95170289348935,550.3409789715319,,195.76176761702126,12151.9758181,10529.090871439,22505.6320591,0.8664509400813849,0.6493706126182369
2011-03-11,NO 15/9-F-14 H,5351,15/9-F-14,3420717,VOLVE,369304,MÆRSK INSPIRER,24.0,97.91666666666667,%,production,OP,3531.000552364851,220.67519268085107,2980.611781829362,0.0,121.07959246442553,550.3887705354894,,195.4740349361702,11936.549825600001,10288.367159448002,24773.4859527,0.8619213516273199,0.6748423265592152
2011-03-12,NO 15/9-F-14 H,5351,15/9-F-14,3420717,VOLVE,369304,MÆRSK INSPIRER,24.0,100.0,%,production,OP,3530.7706194317498,220.653477875,2980.315721018875,0.0,121.18379654562499,550.454898412875,,196.49888675000003,11996.3030206,10314.848593537,24726.501072,0.859835615674628,0.6733282406662031
2011-03-13,NO 15/9-F-14 H,5351,15/9-F-14,3420717,VOLVE,369304,MÆRSK INSPIRER,24.0,100.0,%,production,OP,3522.9017106786387,220.63986634042553,2968.19541192817,0.0,121.84884315727659,554.7062987504681,,194.2040629361702,11985.3587512,10376.032723875001,24770.9071306,0.8657256690656949,0.6739233852061509
2011-03-14,NO 15/9-F-14 H,5351,15/9-F-14,3420717,VOLVE,369304,MÆRSK INSPIRER,24.0,90.0,%,production,OP,3522.4301643674044,220.62158982978724,2967.231896720936,0.0,124.99900371306384,555.198267646468,,194.66164936170213,11965.105563,10330.511016134,25845.5840672,0.8633865335947642,0.6835523054453024
2011-03-15,NO 15/9-F-14 H,5351,15/9-F-14,3420717,VOLVE,369304,MÆRSK INSPIRER,24.0,85.91093104166667,%,production,OP,3523.320564285875,220.59365525,2958.3661596021248,0.0,131.842892982125,564.95440468375,,188.6621375,11801.2560125,10211.778403823002,25513.8594878,0.8653128440741046,0.6837406007116573
2011-03-16,NO 15/9-F-14 H,5351,15/9-F-14,3420717,VOLVE,369304,MÆRSK INSPIRER,24.0,82.95215020833334,%,production,OP,3529.5800931384997,220.57327062500002,2966.46960489475,0.0,132.42039803862502,563.1104882437501,,187.23281375000002,11675.208220100001,10147.963681482,25330.322831999998,0.8691890962605102,0.6845009951711677
2011-03-17,NO 15/9-F-14 H,5351,15/9-F-14,3420717,VOLVE,369304,MÆRSK INSPIRER,13.5,62.0,%,production,OP,3668.106537729378,220.1903506666667,2999.3449344494,0.0,234.35433558294443,668.7616032799779,,175.92390153333332,5079.5876579000005,4436.4512119930005,12503.576197100001,0.8733880603661273,0.7111107136469326
2011-03-18,NO 15/9-F-14 H,5351,15/9-F-14,3420717,VOLVE,369304,MÆRSK INSPIRER,24.0,74.914940625,%,production,OP,3528.140019901375,220.49469875,2954.366942222625,0.0,141.979629018375,573.77307767875,,194.11272275000002,10809.7303641,9321.339078996001,24854.6245017,0.8623100452119447,0.6969038019957039
2011-03-19,NO 15/9-F-14 H,5351,15/9-F-14,3420717,VOLVE,369304,MÆRSK INSPIRER,24.0,75.55728208333333,%,production,OP,3525.5642205619997,220.48832750000003,2952.65979963825,0.0,141.763211171,572.90442092375,,194.30463724999998,11087.299679400001,9567.735038101,25054.011478700002,0.8629454704717395,0.6932236456253992
2011-03-20,NO 15/9-F-14 H,5351,15/9-F-14,3420717,VOLVE,369304,MÆRSK INSPIRER,24.0,73.981595,%,production,OP,3525.691035141625,220.468879625,2953.4663136535,0.0,141.235312132125,572.224721488125,,191.85232925,11017.7343808,9529.927120281,25093.8888741,0.8649625041685775,0.694897836548929
2011-03-21,NO 15/9-F-14 H,5351,15/9-F-14,3420717,VOLVE,369304,MÆRSK INSPIRER,24.0,70.58429583333333,%,production,OP,3531.362039071375,220.444388,2953.868204886625,0.0,146.47082435875,577.4938341847501,,192.575693,10869.609355300001,9437.891714876001,24246.9659576,0.8682825119445625,0.690470689170334
2011-03-22,NO 15/9-F-14 H,5351,15/9-F-14,3420717,VOLVE,369304,MÆRSK INSPIRER,24.0,65.53598854166667,%,production,OP,3537.4708857856594,220.4106715744681,2953.1901476720427,0.0,153.35959536689361,584.2807381136171,,194.3748316170213,11435.503561,9877.054376519001,25076.4032023,0.8637183595660813,0.6868007021617831
2011-03-23,NO 15/9-F-14 H,5351,15/9-F-14,3420717,VOLVE,369304,MÆRSK INSPIRER,24.0,64.264853125,%,production,OP,3542.8214888154894,220.382152625,2954.926931433319,0.0,157.0095352692766,587.8945573821702,,193.70066919148934,11609.4797056,10055.900024317,24968.0926741,0.8661800769130412,0.6826066097256064
2011-03-24,NO 15/9-F-14 H,5351,15/9-F-14,3420717,VOLVE,369304,MÆRSK INSPIRER,24.0,63.934571875,%,production,OP,3545.370368112,220.36428365957448,2955.5902673551914,0.0,158.8753473040851,589.7801007568086,,195.17126268085107,11583.6285865,10070.776341692,25695.257608199998,0.869397379801081,0.689271065503377
2011-03-25,NO 15/9-F-14 H,5351,15/9-F-14,3420717,VOLVE,369304,MÆRSK INSPIRER,24.0,63.933834166666664,%,production,OP,3547.6998882342127,220.33574868085105,2954.3823908911913,0.0,154.83156134157448,593.3174973430213,,194.8018333617021,11560.356289500001,10051.523826693001,25455.3642548,0.8694821833322354,0.6876906319933798
2011-03-26,NO 15/9-F-14 H,5351,15/9-F-14,3420717,VOLVE,369304,MÆRSK INSPIRER,24.0,63.76687458333333,%,production,OP,3550.150410165319,220.318814893617,2956.5697089691917,0.0,155.6411418561702,593.5807011961277,,194.65455200000002,11559.2870218,10018.188868775002,25104.6444492,0.8666787882229591,0.6847231991216483
2011-03-27,NO 15/9-F-14 H,5351,15/9-F-14,3420717,VOLVE,369304,MÆRSK INSPIRER,23.0,63.38395608695652,%,production,OP,3552.125987631818,220.29318990909093,2958.3638953062273,0.0,155.78380278995456,593.762092325591,,193.49215086363637,11023.646802199999,9546.446630647002,24591.9620361,0.8659971425011376,0.6904827079540056
2011-03-28,NO 15/9-F-14 H,5351,15/9-F-14,3420717,VOLVE,369304,MÆRSK INSPIRER,24.0,64.79814625,%,production,OP,3551.1984965417496,220.274134625,2958.00437741925,0.0,155.1996644425,593.1941191225,,194.27665775,11458.272673200001,9941.97798044,25403.8507109,0.8676681262520053,0.6891586370702025
2011-03-29,NO 15/9-F-14 H,5351,15/9-F-14,3420717,VOLVE,369304,MÆRSK INSPIRER,24.0,64.78669458333333,%,production,OP,3552.0533988597504,220.24536162500002,2959.372046478125,0.0,154.70308454675,592.681352381625,,194.51015975,11406.0043521,9847.873486762002,25273.9032363,0.8633938040667918,0.689039446879437
2011-03-30,NO 15/9-F-14 H,5351,15/9-F-14,3420717,VOLVE,369304,MÆRSK INSPIRER,24.0,64.870803125,%,production,OP,3551.18539477575,220.220066,2960.7219030576252,0.0,152.91350901075,590.463491718125,,190.65696799999998,11328.1994024,9853.622366775,25328.8761757,0.869831295932821,0.6909682721889633
2011-03-31,NO 15/9-F-14 H,5351,15/9-F-14,3420717,VOLVE,369304,MÆRSK INSPIRER,24.0,62.028264166666666,%,production,OP,3390.080360103625,212.275196,2827.456779534,0.0,144.908514303875,562.623580569625,,183.395783,11270.0186599,9776.332614355002,24471.5121746,0.8674637469004641,0.6846800235813777
2011-04-01,NO 15/9-F-14 H,5351,15/9-F-14,3420717,VOLVE,369304,MÆRSK INSPIRER,24.0,64.83233166666666,%,production,OP,3549.685855958625,220.171412,2960.047760390375,0.0,152.267113925875,589.6380955682499,,192.767673875,11330.5266321,9817.550872754,25329.2535643,0.8664690699318727,0.6909275895436857
2011-04-02,NO 15/9-F-14 H,5351,15/9-F-14,3420717,VOLVE,369304,MÆRSK INSPIRER,24.0,64.84158791666667,%,production,OP,3550.0884905115,220.148591375,2961.1208451847497,0.0,151.63185352912498,588.96764532675,,191.79977,11278.3841072,9809.273813368,25297.3013295,0.8697410657530155,0.6916425769595207
2011-04-03,NO 15/9-F-14 H,5351,15/9-F-14,3420717,VOLVE,369304,MÆRSK INSPIRER,24.0,64.86553895833333,%,production,OP,3550.7671474865,220.12840812500002,2961.988296311375,0.0,151.39662908775,588.778851175125,,193.10546,11241.8403111,9785.455107659,25340.134935600003,0.8704495738119504,0.6926945514754808
2011-04-04,NO 15/9-F-14 H,5351,15/9-F-14,3420717,VOLVE,369304,MÆRSK INSPIRER,24.0,64.83691666666667,%,production,OP,3551.081408573,220.10763725,2962.3463800252503,0.0,151.30926182250002,588.73502854775,,191.620752875,11209.8880763,9765.837791809001,25336.9900306,0.8711806688289764,0.6932737170187023
2011-04-05,NO 15/9-F-14 H,5351,15/9-F-14,3420717,VOLVE,369304,MÆRSK INSPIRER,23.16667,58.63190916666667,%,production,OP,3587.3944737589504,220.05793735985623,2968.9446109684677,0.0,178.89068539354787,618.4498627904827,,190.17397294952534,9778.9563013,8592.637901846001,26144.0984498,0.8786866038765004,0.727780491691048
2011-04-06,NO 15/9-F-14 H,5351,15/9-F-14,3420717,VOLVE,369304,MÆRSK INSPIRER,24.0,64.96119270833333,%,production,OP,3550.46542614375,220.0624595,2962.93233354525,0.0,150.19631877275,587.5330925985,,193.656879125,11129.064017800001,9647.624658735,26157.2441527,0.8668855389190354,0.7015241099518391
2011-04-07,NO 15/9-F-14 H,5351,15/9-F-14,3420717,VOLVE,369304,MÆRSK INSPIRER,24.0,65.12414145833333,%,production,OP,3548.893084293875,220.03712675,2961.8999711909996,0.0,149.91910280875,586.993113102875,,194.298206,11169.947782800002,9733.924250566002,24847.0138316,0.8714386530575143,0.6898697923943111
2011-04-08,NO 15/9-F-14 H,5351,15/9-F-14,3420717,VOLVE,369304,MÆRSK INSPIRER,24.0,65.13309916666667,%,production,OP,3551.6688245595,220.01460575,2964.7893336215,0.0,149.72877065,586.879490938,,194.250297125,11150.2606775,9858.858124197,25606.508389100003,0.8841818509311707,0.696647421396132
2011-04-09,NO 15/9-F-14 H,5351,15/9-F-14,3420717,VOLVE,369304,MÆRSK INSPIRER,24.0,65.25692875,%,production,OP,3553.56719672525,219.997362875,2966.0700644858753,0.0,150.489437549125,587.497132239375,,194.77493075,11242.091903499999,9787.738909308002,25698.5912075,0.8706332409772229,0.6956717917283888
2011-04-10,NO 15/9-F-14 H,5351,15/9-F-14,3420717,VOLVE,369304,MÆRSK INSPIRER,24.0,65.324531875,%,production,OP,3550.8015275357498,219.961686125,2964.058333036625,0.0,150.07489477212502,586.7431944991249,,193.0013825,11221.02104,9840.349689927001,26408.081775500003,0.8769567096299644,0.7017993999214382
2011-04-11,NO 15/9-F-14 H,5351,15/9-F-14,3420717,VOLVE,369304,MÆRSK INSPIRER,24.0,65.22840229166667,%,production,OP,3555.650138810875,219.945758375,2966.057119844375,0.0,151.281103299125,589.5930189665,,193.637453,11254.4199311,9865.191462494999,26601.9966178,0.876561521863418,0.7027077320812336
2011-04-12,NO 15/9-F-14 H,5351,15/9-F-14,3420717,VOLVE,369304,MÆRSK INSPIRER,24.0,65.21183458333333,%,production,OP,3555.42496429425,219.92841125,2965.816610580875,0.0,152.37186459974998,589.608353713375,,194.5250975,11260.646843,9851.384474236,25951.0012828,0.8748506734637499,0.6973891937026934
2011-04-13,NO 15/9-F-14 H,5351,15/9-F-14,3420717,VOLVE,369304,MÆRSK INSPIRER,22.5,59.950176086956525,%,production,OP,3595.2760523645006,219.877553954128,2980.2838238413046,0.0,180.65257251667927,614.9922285231959,,192.41547678444,9641.0836661,8472.074575487,25494.0465863,0.8787471272836817,0.7255998882929589
2011-04-14,NO 15/9-F-14 H,5351,15/9-F-14,3420717,VOLVE,369304,MÆRSK INSPIRER,24.0,65.55289104166667,%,production,OP,3555.692266306625,219.90180500000002,2968.933084389625,0.0,149.741228809875,586.759181917,,193.399993625,11073.2734031,9534.643398466002,25875.3977666,0.8610501205358794,0.7003065860679528
2011-04-15,NO 15/9-F-14 H,5351,15/9-F-14,3420717,VOLVE,369304,MÆRSK INSPIRER,24.0,63.73608145833333,%,production,OP,3560.62825089025,219.87809562500001,2969.722205931375,0.0,154.144800046875,590.906044958875,,193.68987425,10984.7757764,9509.624699251002,25652.4869002,0.8657094958352948,0.700174768148934
2011-04-16,NO 15/9-F-14 H,5351,15/9-F-14,3420717,VOLVE,369304,MÆRSK INSPIRER,24.0,62.239540625,%,production,OP,3566.207509220125,219.85022224999997,2970.526181781625,0.0,159.01096092,595.6813274384999,,194.21030975,10898.165092700001,9445.175018604,25430.3937091,0.8666757145136967,0.700011080754461
2011-04-17,NO 15/9-F-14 H,5351,15/9-F-14,3420717,VOLVE,369304,MÆRSK INSPIRER,24.0,61.344044375,%,production,OP,3570.0083478535003,219.822151625,2971.1486214235,0.0,162.29848589837502,598.85972643,,194.0536265,10844.1985229,9402.676249183001,25332.4613674,0.8670697266678681,0.7002432353958791
2011-04-18,NO 15/9-F-14 H,5351,15/9-F-14,3420717,VOLVE,369304,MÆRSK INSPIRER,24.0,61.34,%,production,OP,3569.3851799999998,219.73999999999998,2970.37824,0.0,162.44256,599.00694,,194.0,10782.5583849,9407.24985598,25750.9853248,0.8724506300057698,0.7048586780800811
2011-04-19,NO 15/9-F-14 H,5351,15/9-F-14,3420717,VOLVE,369304,MÆRSK INSPIRER,24.0,61.34,%,production,OP,3569.3851799999998,219.73999999999998,2970.37824,0.0,162.44256,599.00694,,194.0,10756.455673400002,9396.791407575,25057.7224666,0.8735955125825172,0.6996592904812082
2011-04-20,NO 15/9-F-14 H,5351,15/9-F-14,3420717,VOLVE,369304,MÆRSK INSPIRER,24.0,61.2,%,production,OP,3570.83556,219.73999999999998,2970.37824,0.0,163.89294,600.45732,,194.72,10745.511404,9366.408052283,24995.4533476,0.8716577275974384,0.6993502699582569
2011-04-21,NO 15/9-F-14 H,5351,15/9-F-14,3420717,VOLVE,369304,MÆRSK INSPIRER,24.0,61.2,%,production,OP,3570.83556,219.73999999999998,2970.37824,0.0,163.89294,600.45732,,194.72,10727.962834099999,9290.655901901002,25457.376994000002,0.866022379604974,0.7035273708893258
2011-04-22,NO 15/9-F-14 H,5351,15/9-F-14,3420717,VOLVE,369304,MÆRSK INSPIRER,24.0,61.2,%,production,OP,3569.3851799999998,219.73999999999998,2973.279,0.0,159.5418,596.10618,,194.72,10709.4078946,9374.731020779001,25304.9748977,0.8753734205516644,0.7026352511338967
2011-04-23,NO 15/9-F-14 H,5351,15/9-F-14,3420717,VOLVE,369304,MÆRSK INSPIRER,24.0,61.2,%,production,OP,3569.3851799999998,219.73999999999998,2973.279,0.0,159.5418,596.10618,,194.72,10691.1674456,9393.895955322001,25309.3777647,0.8786595105839543,0.7030276240777269
2011-04-24,NO 15/9-F-14 H,5351,15/9-F-14,3420717,VOLVE,369304,MÆRSK INSPIRER,24.0,61.2,%,production,OP,3570.83556,219.73999999999998,2970.37824,0.0,163.89294,600.45732,,194.72,10692.2367133,9352.515955597,25360.3881238,0.8747015434070469,0.7034269554127682
2011-04-25,NO 15/9-F-14 H,5351,15/9-F-14,3420717,VOLVE,369304,MÆRSK INSPIRER,24.0,61.2,%,production,OP,3570.83556,219.73999999999998,2970.37824,0.0,163.89294,600.45732,,194.72,10668.775722,9325.275255458,25402.7185451,0.8740717302950162,0.7042324988535129
2011-04-26,NO 15/9-F-14 H,5351,15/9-F-14,3420717,VOLVE,369304,MÆRSK INSPIRER,24.0,61.11578291666667,%,production,OP,3570.999428767,219.73999999999998,2974.810649626,0.0,159.925546375,596.1887791409999,,194.72,10629.527307600001,9308.254982646,25449.829222,0.8756979227091966,0.7053847870352291
2011-04-27,NO 15/9-F-14 H,5351,15/9-F-14,3420717,VOLVE,369304,MÆRSK INSPIRER,24.0,61.077725208333334,%,production,OP,3571.181611603125,219.600082625,2975.3799116895,0.0,159.45953928100002,595.8016999136249,,194.518863875,10635.8171176,9304.048648729,25466.8746071,0.8747845648203928,0.7054009934022897
2011-04-28,NO 15/9-F-14 H,5351,15/9-F-14,3420717,VOLVE,369304,MÆRSK INSPIRER,24.0,60.447803125,%,production,OP,3575.2930158756253,219.5751785,2976.385517554375,0.0,162.773007931625,598.9074983212499,,194.438844875,10741.4230275,9389.454072356,25920.5586024,0.8741350236665372,0.70701466342071
2011-04-29,NO 15/9-F-14 H,5351,15/9-F-14,3420717,VOLVE,369304,MÆRSK INSPIRER,24.0,60.230748958333336,%,production,OP,3576.85534406025,219.55088712499997,2976.879181582,0.0,164.017503469,599.97616247825,,193.68874662500002,10718.5910172,9372.635446481001,25851.4335905,0.8744279384707225,0.7069022749592805
2011-04-30,NO 15/9-F-14 H,5351,15/9-F-14,3420717,VOLVE,369304,MÆRSK INSPIRER,24.0,60.173214375,%,production,OP,3577.1529831876246,219.53266925,2977.07543612575,0.0,164.036705895875,600.077547061875,,194.580998,10693.7462677,9360.604081337999,25863.2584333,0.8753344101319572,0.7074775038282205
2011-05-01,NO 15/9-F-14 H,5351,15/9-F-14,3420717,VOLVE,369304,MÆRSK INSPIRER,24.0,60.20591541666667,%,production,OP,3576.9284945798754,219.51189762500002,2977.615071156125,0.0,163.211361113625,599.31342342375,,194.529846125,10684.8776356,9346.547065003,25855.7735594,0.8747453535510847,0.7075892933987434
2011-05-02,NO 15/9-F-14 H,5351,15/9-F-14,3420717,VOLVE,369304,MÆRSK INSPIRER,24.0,60.295488541666664,%,production,OP,3576.695575638375,219.493154,2979.1073006623747,0.0,161.723911818125,597.5882749760001,,192.599478875,10679.719991400001,9338.313442698001,25859.2329549,0.8743968428215172,0.7077168574836941
2011-05-03,NO 15/9-F-14 H,5351,15/9-F-14,3420717,VOLVE,369304,MÆRSK INSPIRER,24.0,60.210442291666666,%,production,OP,3578.0121157806248,219.47520649999998,2979.107765992625,0.0,162.74029279775,598.904349788,,194.251995875,10639.9683922,9317.350989925,25369.005163499998,0.8756934838975095,0.7045189756452873
2011-05-04,NO 15/9-F-14 H,5351,15/9-F-14,3420717,VOLVE,369304,MÆRSK INSPIRER,24.0,60.88533708333333,%,production,OP,3575.37148445525,219.460172375,2979.6101141705,0.0,159.428353089375,595.76137028475,,194.54589875,10702.8035941,9344.99357135,25955.5928441,0.873135107935784,0.7080395043426638
2011-05-05,NO 15/9-F-14 H,5351,15/9-F-14,3420717,VOLVE,369304,MÆRSK INSPIRER,24.0,61.178934375,%,production,OP,3575.15039819725,219.44160949999997,2980.7169897972503,0.0,158.30229316549998,594.4334084000001,,194.283370625,10686.8274767,9341.567692303,26050.065790300003,0.8741198183155845,0.7090982245278818
2011-05-06,NO 15/9-F-14 H,5351,15/9-F-14,3420717,VOLVE,369304,MÆRSK INSPIRER,24.0,61.201521041666666,%,production,OP,3574.4649063065,219.423059,2981.961243604625,0.0,156.52041975162498,592.503662701875,,191.02754825,10665.0647341,9403.398081651001,26054.091268700002,0.8817009850474697,0.7095503847287029
2011-05-07,NO 15/9-F-14 H,5351,15/9-F-14,3420717,VOLVE,369304,MÆRSK INSPIRER,24.0,61.174163125,%,production,OP,3574.3845461896253,219.403181,2982.6673339129998,0.0,155.81811251775,591.717212276625,,189.035970125,10658.5862298,9354.937131429002,26020.2520909,0.8776902423769706,0.7094077479606343
2011-05-08,NO 15/9-F-14 H,5351,15/9-F-14,3420717,VOLVE,369304,MÆRSK INSPIRER,24.0,61.162868125,%,production,OP,3574.182556601625,219.38357524999998,2983.285688317875,0.0,155.08447707587501,590.89686828375,,185.813139875,10664.5615493,9318.862459085001,25990.5641877,0.8738158072421338,0.7090567462292157
2011-05-09,NO 15/9-F-14 H,5351,15/9-F-14,3420717,VOLVE,369304,MÆRSK INSPIRER,24.0,61.3177,%,production,OP,3574.205131162,219.364140125,2983.932213332625,0.0,154.47168850424998,590.272917829375,,188.592870875,10624.306765300002,9323.864080046,26039.4989095,0.8775974080961808,0.7102235687278267
2011-05-10,NO 15/9-F-14 H,5351,15/9-F-14,3420717,VOLVE,369304,MÆRSK INSPIRER,24.0,61.31321354166667,%,production,OP,3574.7247116672497,219.344866625,2984.3810092506246,0.0,154.492873117125,590.343702416625,,192.22576962500003,10609.3999156,9323.869730398,26038.869928500004,0.8788310182075648,0.7105074820521711
2011-05-11,NO 15/9-F-14 H,5351,15/9-F-14,3420717,VOLVE,369304,MÆRSK INSPIRER,23.33334,57.013619166666665,%,production,OP,3604.4589495304735,219.2971171840731,2990.433563572264,0.0,173.70775107586735,614.0253859582098,,191.97683818716138,10508.008178400001,9274.896010732,27054.2339568,0.8826502466754113,0.7202507736205441
2011-05-12,NO 15/9-F-14 H,5351,15/9-F-14,3420717,VOLVE,369304,MÆRSK INSPIRER,24.0,61.2031175,%,production,OP,3575.649797269125,219.30047150000001,2986.44572489425,0.0,153.053334707625,589.204072374875,,192.98165975,10773.1236699,9428.853976852,27319.915531200004,0.8752200629791455,0.7171891795499239
2011-05-13,NO 15/9-F-14 H,5351,15/9-F-14,3420717,VOLVE,369304,MÆRSK INSPIRER,24.0,61.290604583333334,%,production,OP,3576.331705512625,219.291267125,2985.6268222165,0.0,153.64542212637502,590.704883296125,,193.79793575000002,10384.2247176,9097.925926651002,26269.4543631,0.8761295305205714,0.7166935222317747
2011-05-14,NO 15/9-F-14 H,5351,15/9-F-14,3420717,VOLVE,369304,MÆRSK INSPIRER,24.0,60.93600729166667,%,production,OP,3579.482317640625,219.26993675,2985.267263949625,0.0,156.81664778012498,594.215053691,,194.45024675,10383.1554499,9085.032529681,26286.814238700004,0.874977994263632,0.7168485401522455
2011-05-15,NO 15/9-F-14 H,5351,15/9-F-14,3420717,VOLVE,369304,MÆRSK INSPIRER,24.0,60.20854791666667,%,production,OP,3582.146756349375,219.245735,2985.259075345875,0.0,159.69876133225,596.8876810035,,194.481914375,10372.4627729,9065.897965780001,26173.9750473,0.8740352377514775,0.7161840280048601
2011-05-16,NO 15/9-F-14 H,5351,15/9-F-14,3420717,VOLVE,369304,MÆRSK INSPIRER,24.0,60.247344166666664,%,production,OP,3581.3956438285,219.23372262499998,2986.3896012315,0.0,158.30348368575,595.006042597,,193.5633365,10380.2621373,9145.800299706001,26147.5578453,0.8810760440087408,0.7158258515771094
2011-05-17,NO 15/9-F-14 H,5351,15/9-F-14,3420717,VOLVE,369304,MÆRSK INSPIRER,24.0,60.200008958333335,%,production,OP,3581.576025776125,219.21944750000003,2987.160179060625,0.0,158.434595016125,594.4158467154999,,194.36515437500003,10367.9341097,9131.259471981,26163.722657,0.8807212097767871,0.7161931588290086
2011-05-18,NO 15/9-F-14 H,5351,15/9-F-14,3420717,VOLVE,369304,MÆRSK INSPIRER,24.0,60.22429979166667,%,production,OP,3586.9817461390003,219.200366375,2995.856554805375,0.0,155.45991700374998,591.125191333625,,192.195240125,10363.9715294,9134.855921029002,26790.439325400002,0.8814049609375804,0.72105676577937
2011-05-19,NO 15/9-F-14 H,5351,15/9-F-14,3420717,VOLVE,369304,MÆRSK INSPIRER,21.91666,50.20718170212766,%,production,OP,3661.947202705005,219.11033914075045,3011.0350201071883,0.0,209.18956415507142,650.9121825978168,,189.68058588433547,8252.9225991,7359.998780872001,27214.561213700003,0.8918051384214636,0.7673101750702267
2011-05-20,NO 15/9-F-14 H,5351,15/9-F-14,3420717,VOLVE,369304,MÆRSK INSPIRER,24.0,69.66821979166667,%,production,OP,3571.7689641355,219.16364562500002,2994.85148678975,0.0,138.256443125875,576.9174773457501,,191.78550575,10094.767661400001,8997.614521300999,27238.9656765,0.8913146714317898,0.7296073347384168
2011-05-21,NO 15/9-F-14 H,5351,15/9-F-14,3420717,VOLVE,369304,MÆRSK INSPIRER,24.0,74.26628375,%,production,OP,3568.083944388375,219.1752245,3008.6450538335002,0.0,124.88535062474999,559.438890554875,,192.942878,10569.333825900001,9166.108017941,27392.8773272,0.8672361161949095,0.721582765996577
2011-05-22,NO 15/9-F-14 H,5351,15/9-F-14,3420717,VOLVE,369304,MÆRSK INSPIRER,24.0,71.22535541666667,%,production,OP,3570.35497054375,219.1340705,3005.56228323,0.0,127.60338691775002,564.79268731375,,193.533233,10456.6204307,9151.558008394,27103.2315767,0.8751927134627153,0.7216011280172284
2011-05-23,NO 15/9-F-14 H,5351,15/9-F-14,3420717,VOLVE,369304,MÆRSK INSPIRER,24.0,66.532444375,%,production,OP,3580.9719606358753,219.101115875,3008.2177235395,0.0,139.378883143,572.754237096375,,192.30473,10252.8305867,9012.775475158,25881.121493700004,0.8790524137645849,0.716254934863286
2011-05-24,NO 15/9-F-14 H,5351,15/9-F-14,3420717,VOLVE,369304,MÆRSK INSPIRER,24.0,65.13895854166667,%,production,OP,3587.648126251625,219.082765625,3010.2892015798748,0.0,143.871048425,577.3589246717501,,193.044131375,10256.793167,8875.092641680001,25796.8380397,0.8652892280439607,0.7155128949925594
2011-05-25,NO 15/9-F-14 H,5351,15/9-F-14,3420717,VOLVE,369304,MÆRSK INSPIRER,24.0,65.12256395833333,%,production,OP,3587.917773045,219.06553175000002,3010.153412774,0.0,144.42254333350002,577.764360271,,195.389070125,10268.4922136,8886.722831831,25872.0641673,0.8654360004345205,0.7158734330103778
2011-05-26,NO 15/9-F-14 H,5351,15/9-F-14,3420717,VOLVE,369304,MÆRSK INSPIRER,24.0,65.18048604166667,%,production,OP,3587.73816161175,219.04699624999998,3010.880666543875,0.0,143.490710443,576.857495067875,,193.98100887500001,10213.5192742,8933.804743018001,25890.241718200003,0.874703860948827,0.7171065009999932
2011-05-27,NO 15/9-F-14 H,5351,15/9-F-14,3420717,VOLVE,369304,MÆRSK INSPIRER,24.0,65.11175458333334,%,production,OP,3588.9631314083754,219.026780375,3010.638495386625,0.0,144.736003689375,578.3246360217499,,196.326486125,10193.1402898,8918.378222617,25859.673241599998,0.8749392207955169,0.7172719881924794
2011-05-28,NO 15/9-F-14 H,5351,15/9-F-14,3420717,VOLVE,369304,MÆRSK INSPIRER,24.0,65.12517625,%,production,OP,3590.100060117375,219.00650975,3012.0389067739998,0.0,144.335469165875,578.0611533433749,,195.026214875,10183.20239,8917.806477624,25884.2663987,0.8757369377614815,0.7176624051535766
2011-05-29,NO 15/9-F-14 H,5351,15/9-F-14,3420717,VOLVE,369304,MÆRSK INSPIRER,24.0,65.11773145833334,%,production,OP,3590.558108251125,218.987729,3012.536507979,0.0,144.26007055725,578.0216002721249,,194.445891875,10214.9659305,8861.068468016001,25937.729783700004,0.867459424564353,0.7174493982066245
2011-05-30,NO 15/9-F-14 H,5351,15/9-F-14,3420717,VOLVE,369304,MÆRSK INSPIRER,24.0,65.18301895833334,%,production,OP,3590.5523943582502,218.96930375000002,3012.887285403625,0.0,144.19551656075,577.665108954625,,195.43433112500003,10231.8855194,8861.575233961,25968.8014451,0.8660745096452804,0.7173565924471588
2011-05-31,NO 15/9-F-14 H,5351,15/9-F-14,3420717,VOLVE,369304,MÆRSK INSPIRER,24.0,65.100740625,%,production,OP,3590.2448624306253,218.947214375,3011.795807977875,0.0,144.84521428175,578.44905445275,,196.6147325,10207.543954699999,8840.819372183001,25993.3946022,0.8661064220166598,0.7180309582676714
2011-06-01,NO 15/9-F-14 H,5351,15/9-F-14,3420717,VOLVE,369304,MÆRSK INSPIRER,24.0,63.80832541666667,%,production,OP,3587.4123480171065,218.93009919148938,3013.1282380102316,0.0,145.64660599972606,574.284110006875,,193.82573434042553,10261.9508112,8894.444037839,26107.9320423,0.8667400771529241,0.7178448208773249
2011-06-02,NO 15/9-F-14 H,5351,15/9-F-14,3420717,VOLVE,369304,MÆRSK INSPIRER,21.5,61.686222666666666,%,production,OP,3608.7225644247715,218.87907417109022,3021.7406065577015,0.0,150.41311101534922,586.9819578670704,,194.10532880797862,8551.1853893,7384.674927497001,17434.9759314,0.863584940719138,0.6709331061341363
2011-06-03,NO 15/9-F-14 H,5351,15/9-F-14,3420717,VOLVE,369304,MÆRSK INSPIRER,24.0,70.09329416666667,%,production,OP,3574.4917685527503,218.8945145,3012.9336582825,0.0,134.921276186125,561.55811027025,,195.94583,9731.6569301,8577.828682401,26906.6750142,0.8814355812184242,0.7343859173257477
2011-06-04,NO 15/9-F-14 H,5351,15/9-F-14,3420717,VOLVE,369304,MÆRSK INSPIRER,24.0,70.15967895833333,%,production,OP,3574.2895886023753,218.886588125,3012.1073828397502,0.0,135.40988805675,562.182205762625,,196.33880975000002,9920.099637700001,8741.96328562,26957.3708828,0.8812374476963264,0.7309983711549449
2011-06-05,NO 15/9-F-14 H,5351,15/9-F-14,3420717,VOLVE,369304,MÆRSK INSPIRER,24.0,70.14858770833334,%,production,OP,3575.0344101,218.87093224999998,3012.755548596875,0.0,135.26211850775,562.2788615031251,,196.538880125,9990.0423249,8780.097511268,27011.6519431,0.8788849161713527,0.7300112191473449
2011-06-06,NO 15/9-F-14 H,5351,15/9-F-14,3420717,VOLVE,369304,MÆRSK INSPIRER,24.0,68.71405729166666,%,production,OP,3575.5426849702976,218.85528965957445,3013.4512086414893,0.0,134.9773465525532,562.0914763288084,,196.59604080851062,10173.264490200001,8938.090888157001,26999.5755079,0.878586307941482,0.7263253361669438
2011-06-07,NO 15/9-F-14 H,5351,15/9-F-14,3420717,VOLVE,369304,MÆRSK INSPIRER,24.0,69.93910083333333,%,production,OP,3576.93680707025,218.83689049999998,3014.189092102375,0.0,135.675093061375,562.747714967875,,196.569684875,10162.0686284,8918.733488499001,26954.5404683,0.8776494053163307,0.7262123648762003
2011-06-08,NO 15/9-F-14 H,5351,15/9-F-14,3420717,VOLVE,369304,MÆRSK INSPIRER,24.0,69.66790395833333,%,production,OP,3578.278644257,218.815503125,3016.13599458725,0.0,135.427501108875,562.1426496697501,,192.81049737499998,10116.781996400001,8900.870960092001,26775.72117,0.8798124703348679,0.725776753321149
2011-06-09,NO 15/9-F-14 H,5351,15/9-F-14,3420717,VOLVE,369304,MÆRSK INSPIRER,24.0,69.6534925,%,production,OP,3578.7098543175,218.796669875,3016.255321580125,0.0,135.620099486375,562.454532737375,,195.40880825000002,10154.332162100001,8909.239837698,26780.9417123,0.8773831400700894,0.7250776535019003
2011-06-10,NO 15/9-F-14 H,5351,15/9-F-14,3420717,VOLVE,369304,MÆRSK INSPIRER,24.0,69.59435083333334,%,production,OP,3578.64761488575,218.776743125,3015.163529905375,0.0,136.63230155862502,563.484084980375,,196.620866375,10160.3703797,8901.203624566,26845.223570500002,0.8760707820602915,0.7254369057452977
2011-06-11,NO 15/9-F-14 H,5351,15/9-F-14,3420717,VOLVE,369304,MÆRSK INSPIRER,24.0,69.56378916666667,%,production,OP,3578.69729040075,218.757820625,3014.9925603196248,0.0,138.6792077445,563.704730081125,,196.81267250000002,10165.339329600001,8922.306629845001,26852.5197501,0.8777185237549849,0.7253936455991722
2011-06-12,NO 15/9-F-14 H,5351,15/9-F-14,3420717,VOLVE,369304,MÆRSK INSPIRER,24.0,69.63218041666667,%,production,OP,3578.07342153025,218.737751,3015.070636088,0.0,136.413928719875,563.00278544225,,196.47031550000003,10224.1490531,8918.086523195001,26793.332638,0.8722570921920396,0.7238021446618784
2011-06-13,NO 15/9-F-14 H,5351,15/9-F-14,3420717,VOLVE,369304,MÆRSK INSPIRER,24.0,69.67965666666667,%,production,OP,3577.63798119475,218.71861174999998,3016.245205179625,0.0,134.72972933412498,561.392776015125,,193.97971662499998,10253.5224658,8926.294718916,26795.3453772,0.8705588492821967,0.7232432983039913
2011-06-14,NO 15/9-F-14 H,5351,15/9-F-14,3420717,VOLVE,369304,MÆRSK INSPIRER,24.0,68.1927225,%,production,OP,3581.319798019375,218.69669975,3015.23654143025,0.0,139.2824691325,566.083256589125,,194.8239245,10200.6880618,8907.635490877,26667.473539900002,0.8732386910481773,0.7233198614023205
2011-06-15,NO 15/9-F-14 H,5351,15/9-F-14,3420717,VOLVE,369304,MÆRSK INSPIRER,24.0,67.70439770833333,%,production,OP,3582.7284705294996,218.67200262499998,3016.07552582775,0.0,140.06841192475,566.65294470175,,194.787903125,10168.295540300001,8870.642636333001,26620.991843999996,0.872382455955965,0.7236071622132216
2011-06-16,NO 15/9-F-14 H,5351,15/9-F-14,3420717,VOLVE,369304,MÆRSK INSPIRER,24.0,67.74250833333333,%,production,OP,3600.5606508995,218.62956125,3016.905197577,0.0,127.722091455875,583.6554533225,,193.11263375000001,9841.602808900001,8499.583314199,26193.536356399996,0.8636381165995259,0.7268887248151116
2011-06-17,NO 15/9-F-14 H,5351,15/9-F-14,3420717,VOLVE,369304,MÆRSK INSPIRER,24.0,67.68635375,%,production,OP,3595.9630701861247,218.60764625,3015.4066528745,0.0,132.418591106875,580.5564173116251,,196.55413362500002,9953.1211402,8660.365492947001,26853.6519159,0.8701155517909207,0.7295845217120855
2011-06-18,NO 15/9-F-14 H,5351,15/9-F-14,3420717,VOLVE,369304,MÆRSK INSPIRER,24.0,67.64705083333334,%,production,OP,3583.3280666863748,218.61437074999998,3016.189994047625,0.0,140.4139347435,567.1380726387499,,196.37014812500001,10172.4468149,8927.393359233001,26660.4289527,0.8776053118465738,0.7238215424968749
2011-06-19,NO 15/9-F-14 H,5351,15/9-F-14,3420717,VOLVE,369304,MÆRSK INSPIRER,24.0,67.61228354166667,%,production,OP,3583.7025699104997,218.59854275,3016.0928971498747,0.0,140.884652550875,567.609672760625,,196.722878375,10168.6100308,8914.856287586,26714.458420600004,0.8767035278748553,0.724301408268161
2011-06-20,NO 15/9-F-14 H,5351,15/9-F-14,3420717,VOLVE,369304,MÆRSK INSPIRER,11.675,63.23126083333333,%,production,OP,3604.189243857302,218.5853566595289,3015.6219300810835,0.0,161.85674934398287,588.5673137762184,,196.28691325910066,5838.0129477,4284.475106837001,12175.8770961,0.7338927037708872,0.6759160329331909
2011-06-24,NO 15/9-F-14 H,5351,15/9-F-14,3420717,VOLVE,369304,MÆRSK INSPIRER,0.0,,%,production,OP,4227.545723262,212.22931999999997,2648.860467246,0.0,1576.9036092239999,1578.685256016,,52.832443999999995,0.0,0.0,0.0,,
2011-06-28,NO 15/9-F-14 H,5351,15/9-F-14,3420717,VOLVE,369304,MÆRSK INSPIRER,0.0,,%,production,OP,4227.536295792001,212.22248,2647.3556979960003,0.0,1578.398951004,1580.180597796,,52.78919,0.0,0.0,0.0,,
2011-07-01,NO 15/9-F-14 H,5351,15/9-F-14,3420717,VOLVE,369304,MÆRSK INSPIRER,24.0,62.873416041666665,%,production,OP,3588.982932117,218.28910512500002,2943.282038391125,0.0,192.12806761200002,645.7008937258751,,184.630479125,8456.5866469,7377.25142441,23012.6536432,0.8723675085992691,0.731274521757032
2011-07-02,NO 15/9-F-14 H,5351,15/9-F-14,3420717,VOLVE,369304,MÆRSK INSPIRER,7.675,65.263494375,%,production,OP,3561.220104216723,218.48368044299673,2942.0210801549315,0.0,165.8606974748795,619.1990240617915,,191.35476520521175,3432.4751132,2667.6445393870003,7580.164521500001,0.7771781153279885,0.6883149519952938
2011-07-03,NO 15/9-F-14 H,5351,15/9-F-14,3420717,VOLVE,369304,MÆRSK INSPIRER,8.49166,54.085479444444445,%,production,OP,3631.5366836844923,218.06218262813394,2976.120060911768,0.0,194.39576990804628,655.4166227727243,,176.55819863140306,2522.1509119,2801.9622351020002,7204.411272100001,1.1109415467099115,0.740694516295913
2011-07-04,NO 15/9-F-14 H,5351,15/9-F-14,3420717,VOLVE,369304,MÆRSK INSPIRER,8.84167,64.48400833333334,%,production,OP,3552.476642269845,218.3519265794041,2935.7497490760747,0.0,162.46182184960128,616.72689319377,,191.88560696217343,4062.7769732999996,3312.113800391,8907.3773296,0.8152339698087656,0.6867595497771679
2011-07-05,NO 15/9-F-14 H,5351,15/9-F-14,3420717,VOLVE,369304,MÆRSK INSPIRER,0.0,,%,production,OP,4226.039648669999,212.724716,2762.907617634,0.0,1463.132031036,1463.132031036,,65.793452,0.0,0.0,0.0,,
2011-07-07,NO 15/9-F-14 H,5351,15/9-F-14,3420717,VOLVE,369304,MÆRSK INSPIRER,8.15833,51.5484,%,production,OP,3649.110396349312,217.9726633307601,2942.9024186069387,0.0,257.6455218278646,706.2079777423736,,167.79849223081197,3232.7107476,3167.7497788200008,8415.0739009,0.9799051094106619,0.7224613224613224
2011-07-08,NO 15/9-F-14 H,5351,15/9-F-14,3420717,VOLVE,369304,MÆRSK INSPIRER,16.175,64.61095393939394,%,production,OP,3519.3215625906214,218.42129501700157,2920.955177425456,0.0,161.48525943425656,598.3663851651654,,187.28104719010818,7946.042769199999,6655.430257114001,16698.1246899,0.8375779555216343,0.6775690320077793
2011-07-09,NO 15/9-F-14 H,5351,15/9-F-14,3420717,VOLVE,369304,MÆRSK INSPIRER,1.575,10.228295,%,production,OP,4107.246972333714,215.64059857142857,3072.5000966717143,0.0,588.2721550227619,1034.746875662,,88.63420628571428,122.52549880000001,233.45418099600002,1029.3274065,1.9053518107040752,0.8936274777480478
2011-07-10,NO 15/9-F-14 H,5351,15/9-F-14,3420717,VOLVE,369304,MÆRSK INSPIRER,23.0,57.54939543478261,%,production,OP,3592.185238982315,218.24024367446978,2941.7696681911634,0.0,208.84227441571065,650.4155707911511,,187.81695832309924,11522.554531400001,10114.745615221002,27782.468158600004,0.8778214577034464,0.706842694831173
2011-07-11,NO 15/9-F-14 H,5351,15/9-F-14,3420717,VOLVE,369304,MÆRSK INSPIRER,18.00834,65.73413081081081,%,production,OP,3520.137682699286,218.364449056124,2919.0765123886317,0.0,150.5076192934871,601.0611703106547,,193.41764948075723,9485.096378100001,7711.661150884001,19593.1984367,0.8130292875768075,0.6738083701774574
2011-07-13,NO 15/9-F-14 H,5351,15/9-F-14,3420717,VOLVE,369304,MÆRSK INSPIRER,0.0,,%,production,OP,4224.43625358,212.223452,2677.8526932180002,0.0,1546.583560362,1546.583560362,,58.23473,0.0,0.0,0.0,,
2011-07-14,NO 15/9-F-14 H,5351,15/9-F-14,3420717,VOLVE,369304,MÆRSK INSPIRER,0.0,,%,production,OP,4230.65258226,211.50098599999998,2557.9017710400003,0.0,1672.75081122,1672.75081122,,56.813702,0.0,0.0,0.0,,
2011-07-15,NO 15/9-F-14 H,5351,15/9-F-14,3420717,VOLVE,369304,MÆRSK INSPIRER,2.99166,20.34227,%,production,OP,3956.323954149195,217.01033645191632,2928.7176835207365,0.0,595.572009399089,1027.6062706284588,,126.49336975042618,888.4985605999999,473.418626937,1118.0766256,0.5328299312238639,0.5572064447370071
2011-07-16,NO 15/9-F-14 H,5351,15/9-F-14,3420717,VOLVE,369304,MÆRSK INSPIRER,11.175,60.09230434782609,%,production,OP,3540.649811783423,218.25099067114093,2900.1808953885097,0.0,193.72582471477853,640.4689163949128,,187.17627288590603,5126.4467423999995,4565.910311282,11477.4565937,0.8906579041420846,0.6912505066652525
2011-07-17,NO 15/9-F-14 H,5351,15/9-F-14,3420717,VOLVE,369304,MÆRSK INSPIRER,0.0,,%,production,OP,4223.149331406,212.26323200000002,2698.109135412,0.0,1378.7254264800001,1525.040195994,,60.152504,0.0,0.0,0.0,,
2011-07-18,NO 15/9-F-14 H,5351,15/9-F-14,3420717,VOLVE,369304,MÆRSK INSPIRER,0.0,,%,production,OP,4241.122295328,211.299062,2569.899749514,0.0,1532.5628819400001,1671.222545814,,58.742168,0.0,0.0,0.0,,
2011-07-20,NO 15/9-F-14 H,5351,15/9-F-14,3420717,VOLVE,369304,MÆRSK INSPIRER,21.49166,56.821186363636365,%,production,OP,3549.859338245753,218.1072837429766,2874.502031605853,0.0,226.6167397943167,675.3573066398999,,182.79389642610948,11267.9430226,9668.865391344001,21532.2210635,0.8580861095899451,0.6564668703174228
2011-07-21,NO 15/9-F-14 H,5351,15/9-F-14,3420717,VOLVE,369304,MÆRSK INSPIRER,24.0,63.986081666666664,%,production,OP,3493.786041231875,218.25435199999998,2880.766019175125,0.0,166.85813313149998,613.02002205675,,192.053977625,13822.1090674,11867.56850146,26513.498991100005,0.8585931744273483,0.6573224073539846
2011-07-22,NO 15/9-F-14 H,5351,15/9-F-14,3420717,VOLVE,369304,MÆRSK INSPIRER,7.00834,58.510582,%,production,OP,3526.525862343366,218.29688471715127,2891.2391396908697,0.0,192.66529321843964,635.2867226524965,,191.72087146978316,4387.3311693,3397.2995665840003,7316.055399600001,0.7743430881982043,0.6251229382648372
2011-07-23,NO 15/9-F-14 H,5351,15/9-F-14,3420717,VOLVE,369304,MÆRSK INSPIRER,0.0,,%,production,OP,4227.290166306,212.60188399999998,2712.784805442,0.0,1308.3326835599999,1514.5053608639998,,60.139886000000004,0.0,0.0,0.0,,
2011-07-24,NO 15/9-F-14 H,5351,15/9-F-14,3420717,VOLVE,369304,MÆRSK INSPIRER,0.0,,%,production,OP,4228.7931951,211.518554,2606.8239586679997,0.0,1428.122903634,1621.9692364320001,,55.093406,0.0,0.0,0.0,,
2011-07-25,NO 15/9-F-14 H,5351,15/9-F-14,3420717,VOLVE,369304,MÆRSK INSPIRER,17.74167,56.875884444444445,%,production,OP,3557.9228556297567,217.99459667414848,2877.736708589986,0.0,218.5390886270896,680.1861470397711,,180.70976019021995,8914.547713,7664.263173132001,17783.7458959,0.8597478436236623,0.6661004690566331
2011-07-26,NO 15/9-F-14 H,5351,15/9-F-14,3420717,VOLVE,369304,MÆRSK INSPIRER,20.84167,60.99231976190476,%,production,OP,3501.4831591400743,218.2650288808056,2869.4369461617744,0.0,182.85246280802684,632.0462129783004,,191.98409604595219,12515.9042247,10247.063086328,22260.8326539,0.818723354090992,0.6401069982962746
2011-07-27,NO 15/9-F-14 H,5351,15/9-F-14,3420717,VOLVE,369304,MÆRSK INSPIRER,0.0,,%,production,OP,4219.530633306,213.81438200000002,2741.86651986,0.0,1165.9308942480002,1477.6641134459999,,88.40964199999999,0.0,0.0,0.0,,
2011-07-28,NO 15/9-F-14 H,5351,15/9-F-14,3420717,VOLVE,369304,MÆRSK INSPIRER,6.99166,46.751403333333336,%,production,OP,3632.649400196712,217.83914610581178,2908.2127012056535,0.0,275.1540805963392,724.4366989910586,,170.33241574089703,3653.2474442000002,3130.922903366,7699.985402,0.8570245928281541,0.6782196319154359
2011-07-29,NO 15/9-F-14 H,5351,15/9-F-14,3420717,VOLVE,369304,MÆRSK INSPIRER,24.0,63.5486925,%,production,OP,3485.72973328925,218.26809125000003,2866.070666279875,0.0,174.375908936875,619.659067009375,,191.159251625,14092.4451012,12072.321719472,25955.0896593,0.8566520311258135,0.6481070511461352
2011-07-30,NO 15/9-F-14 H,5351,15/9-F-14,3420717,VOLVE,369304,MÆRSK INSPIRER,2.34167,46.96767,%,production,OP,3623.159661447246,218.2792837641256,2891.6845465135802,0.0,299.5183378372228,731.475114933666,,190.34753719770933,1673.9071353,1094.580185941,2368.5537517,0.6539073541524918,0.585918780146258
2011-07-31,NO 15/9-F-14 H,5351,15/9-F-14,3420717,VOLVE,369304,MÆRSK INSPIRER,0.0,,%,production,OP,4226.788479864001,212.27907199999999,2700.211316184,0.0,1526.57716368,1526.57716368,,61.9313,0.0,0.0,0.0,,
2011-08-01,NO 15/9-F-14 H,5351,15/9-F-14,3420717,VOLVE,369304,MÆRSK INSPIRER,0.0,,%,production,OP,4232.100351576,211.39134800000002,2563.918237356,0.0,1668.1821142200001,1668.1821142200001,,56.509214,0.0,0.0,0.0,,
2011-08-02,NO 15/9-F-14 H,5351,15/9-F-14,3420717,VOLVE,369304,MÆRSK INSPIRER,0.0,,%,production,OP,4332.540761994,211.47296,2532.953204508,0.0,1799.5875574860002,1799.5875574860002,,57.858692000000005,0.0,0.0,0.0,,
2011-08-03,NO 15/9-F-14 H,5351,15/9-F-14,3420717,VOLVE,369304,MÆRSK INSPIRER,0.0,,%,production,OP,4354.941155904,211.323776,2531.544160338,0.0,1823.396995566,1823.396995566,,58.969652,0.0,0.0,0.0,,
2011-08-04,NO 15/9-F-14 H,5351,15/9-F-14,3420717,VOLVE,369304,MÆRSK INSPIRER,7.825,56.545588125,%,production,OP,3560.5760347968117,217.805058543131,2853.932303813099,0.0,258.9002890309457,706.6437309837125,,169.83051155910545,4453.0596838,3757.4614785920003,7913.209961,0.8437931995974476,0.6399027506510417
2011-08-05,NO 15/9-F-14 H,5351,15/9-F-14,3420717,VOLVE,369304,MÆRSK INSPIRER,24.0,65.506963125,%,production,OP,3460.867409978,218.16967775,2836.618681934375,0.0,181.418942130375,624.248728043625,,190.28269925,15035.0360278,12749.598336776002,25789.164471499997,0.847992536446325,0.6317126644511311
2011-08-06,NO 15/9-F-14 H,5351,15/9-F-14,3420717,VOLVE,369304,MÆRSK INSPIRER,22.33333,58.70733108695652,%,production,OP,3509.4746820461914,218.17586360874532,2870.036568626016,0.0,196.64944607881486,639.4381134201756,,190.47990894463476,13098.969611700002,11209.441633378001,30221.090393700004,0.855749876949537,0.6976234656630861
2011-08-07,NO 15/9-F-14 H,5351,15/9-F-14,3420717,VOLVE,369304,MÆRSK INSPIRER,24.0,58.920629375,%,production,OP,3502.897237743125,218.2825205,2864.89409082925,0.0,193.161218610375,638.0031469138751,,191.68084325,14095.778700500001,12161.133599061,25025.3928432,0.8627500372597099,0.6396892489593666
2011-08-08,NO 15/9-F-14 H,5351,15/9-F-14,3420717,VOLVE,369304,MÆRSK INSPIRER,24.0,55.84897645833333,%,production,OP,3523.75736737425,218.295350375,2874.8493601545,0.0,204.6334010965,648.9080072197501,,191.526445625,13581.9012235,11714.08022085,24869.4684533,0.8624772061058571,0.6467771801716917
2011-08-09,NO 15/9-F-14 H,5351,15/9-F-14,3420717,VOLVE,369304,MÆRSK INSPIRER,24.0,54.47328770833333,%,production,OP,3533.239284035125,218.31282725,2877.88686077225,0.0,211.562534135625,655.352423262875,,191.37625625,13273.134450600002,11444.771024944002,24968.4071646,0.8622508170575075,0.6529131962262661
2011-08-10,NO 15/9-F-14 H,5351,15/9-F-14,3420717,VOLVE,369304,MÆRSK INSPIRER,24.0,52.60822854166667,%,production,OP,3547.106158723,218.289372125,2882.860573365625,0.0,221.19188796675002,664.2455853573749,,192.38971325,12541.7553438,10816.432106312,24068.2095574,0.8624336713488108,0.6574223608887179
2011-08-11,NO 15/9-F-14 H,5351,15/9-F-14,3420717,VOLVE,369304,MÆRSK INSPIRER,24.0,51.852759791666664,%,production,OP,3556.52531925425,218.26993550000003,2888.6027426073747,0.0,225.1036534755,667.922576646875,,192.6051155,12165.121521,10527.162335672001,23980.0264212,0.8653561181036723,0.6634369420633347
2011-08-12,NO 15/9-F-14 H,5351,15/9-F-14,3420717,VOLVE,369304,MÆRSK INSPIRER,24.0,51.96696854166667,%,production,OP,3559.436331627875,218.26686387499998,2894.411037090625,0.0,222.28268250525,665.0252945372499,,192.48242525,11993.0952175,10368.605689318001,24168.3433326,0.8645479337301026,0.6683457379361687
2011-08-13,NO 15/9-F-14 H,5351,15/9-F-14,3420717,VOLVE,369304,MÆRSK INSPIRER,24.0,52.22679229166667,%,production,OP,3565.828132114875,218.25363350000003,2901.9376692788746,0.0,221.22605952387502,663.890462836,,188.82005187500002,11805.7846757,10237.696568447001,24281.7486069,0.8671762910871469,0.6728569785235975
2011-08-14,NO 15/9-F-14 H,5351,15/9-F-14,3420717,VOLVE,369304,MÆRSK INSPIRER,24.0,52.183028541666665,%,production,OP,3569.500663485875,218.235549875,2907.107177129,0.0,219.846065256625,662.393486356875,,192.06346325,11636.3371943,10093.603057478,24379.177763800002,0.867420983848964,0.6769076547194295
2011-08-15,NO 15/9-F-14 H,5351,15/9-F-14,3420717,VOLVE,369304,MÆRSK INSPIRER,24.0,52.034701875,%,production,OP,3573.068012090625,218.20832449999997,2911.78546846775,0.0,218.47891893887498,661.282543622875,,193.12900587500002,11463.6190117,10025.075941569,24451.2589864,0.8745123098854913,0.6808114171428772
2011-08-16,NO 15/9-F-14 H,5351,15/9-F-14,3420717,VOLVE,369304,MÆRSK INSPIRER,24.0,50.727550208333334,%,production,OP,3587.726634112375,218.167905875,2918.3760858365,0.0,227.31135543575,669.3505482758751,,192.6475355,11189.6977862,9727.115223259,24291.0575257,0.8692920406890013,0.6846262801387699
2011-08-17,NO 15/9-F-14 H,5351,15/9-F-14,3420717,VOLVE,369304,MÆRSK INSPIRER,24.0,50.05349520833333,%,production,OP,3594.033115995875,218.13109437500003,2921.288306860125,0.0,230.76873502025,672.74480913575,,193.01494587500002,11003.016225399999,9597.493323203,24271.4333185,0.8722602172527558,0.6880740488464192
2011-08-18,NO 15/9-F-14 H,5351,15/9-F-14,3420717,VOLVE,369304,MÆRSK INSPIRER,24.0,50.0501925,%,production,OP,3595.632513476,218.1015245,2925.0813859605,0.0,228.631500376625,670.5511275155001,,193.31366375,10924.0791099,9555.801494677,24384.3983061,0.8747466398350235,0.6906103035485249
2011-08-19,NO 15/9-F-14 H,5351,15/9-F-14,3420717,VOLVE,369304,MÆRSK INSPIRER,24.0,50.05147791666667,%,production,OP,3597.2600271767496,218.071233875,2929.4754723166247,0.0,225.909916695875,667.784554860125,,193.21146987499998,10855.0169961,9412.422046942,24524.912661500002,0.8671033910240494,0.6931871515530776
2011-08-20,NO 15/9-F-14 H,5351,15/9-F-14,3420717,VOLVE,369304,MÆRSK INSPIRER,24.0,50.06893208333333,%,production,OP,3597.969948905625,218.04236825,2934.257635036375,0.0,221.96144750825002,663.71231386925,,191.224215125,10755.009017100001,9350.510786931001,24578.5018427,0.8694098509879529,0.6956144816807237
2011-08-21,NO 15/9-F-14 H,5351,15/9-F-14,3420717,VOLVE,369304,MÆRSK INSPIRER,24.0,50.05784979166667,%,production,OP,3600.203812095125,218.01430624999998,2938.0973589618748,0.0,220.42092034799998,662.10645313325,,191.29476837500002,10654.309159,9278.086693877,24648.7590204,0.8708294977567395,0.6982044420372225
2011-08-22,NO 15/9-F-14 H,5351,15/9-F-14,3420717,VOLVE,369304,MÆRSK INSPIRER,24.0,50.0065175,%,production,OP,3602.3690813755,217.99105625,2940.68024099025,0.0,220.040920788,661.68884038525,,192.884862875,10573.6108967,9193.415109716,24730.4636523,0.8694678856194002,0.7004988508614086
2011-08-23,NO 15/9-F-14 H,5351,15/9-F-14,3420717,VOLVE,369304,MÆRSK INSPIRER,24.0,50.844809375,%,production,OP,3597.5882179544997,217.981486625,2943.55657417375,0.0,212.22067125525,654.03164378075,,193.24923912499997,10553.986689500001,9198.6317972,24890.7280111,0.8715788704141134,0.7022408903936996
2011-08-24,NO 15/9-F-14 H,5351,15/9-F-14,3420717,VOLVE,369304,MÆRSK INSPIRER,24.0,51.28975770833333,%,production,OP,3601.474423537375,217.968720125,2948.664673539,0.0,211.22444149275,652.809749998375,,190.866476375,10423.7876225,9104.453848946,24977.9676758,0.8734304821496759,0.7055573223794201
2011-08-25,NO 15/9-F-14 H,5351,15/9-F-14,3420717,VOLVE,369304,MÆRSK INSPIRER,23.15833,50.278077021276594,%,production,OP,3607.8144384067728,217.94749607562636,2952.5849391517972,0.0,214.13065647158788,655.2294992549755,,190.7769941071934,9896.387054,8642.771003113001,24698.3227232,0.8733258871094474,0.7139335141778725
2011-08-26,NO 15/9-F-14 H,5351,15/9-F-14,3420717,VOLVE,369304,MÆRSK INSPIRER,23.00834,45.597781914893616,%,production,OP,3670.270765945834,217.85194009537673,2974.123784894018,0.0,249.81840834252338,696.1469810518154,,187.8507645463558,8506.905126900001,7479.4786522350005,22734.5811431,0.8792244113060416,0.7277048520233541
2011-08-27,NO 15/9-F-14 H,5351,15/9-F-14,3420717,VOLVE,369304,MÆRSK INSPIRER,24.0,51.98583375,%,production,OP,3600.3426527422503,217.91669975,2959.1896521282497,0.0,199.187287650625,641.153000614,,192.67295,10187.0391741,8886.763443736,25875.586460900002,0.8723597987460495,0.7175180954042033
2011-08-28,NO 15/9-F-14 H,5351,15/9-F-14,3420717,VOLVE,369304,MÆRSK INSPIRER,24.0,52.035522916666665,%,production,OP,3598.77998915725,217.901137625,2959.8312337645,0.0,196.817771628375,638.94875539275,,190.05642087500001,10232.640296599999,8956.859944913,25965.9081325,0.875322466664747,0.7173190434240179
2011-08-29,NO 15/9-F-14 H,5351,15/9-F-14,3420717,VOLVE,369304,MÆRSK INSPIRER,24.0,54.145075,%,production,OP,3587.654894691625,217.896545,2959.34989494525,0.0,185.960093996875,628.304999746375,,191.640720125,10444.6068936,9127.297162641,26434.6876718,0.8738765619062036,0.7167894067204017
2011-08-30,NO 15/9-F-14 H,5351,15/9-F-14,3420717,VOLVE,369304,MÆRSK INSPIRER,24.0,58.20419291666666,%,production,OP,3570.700858979125,217.909601,2958.1818767366253,0.0,169.653955116875,612.5189822425,,193.079904875,10748.4047166,9347.792261325,27064.6121433,0.8696911316419009,0.7157485540912107
2011-08-31,NO 15/9-F-14 H,5351,15/9-F-14,3420717,VOLVE,369304,MÆRSK INSPIRER,24.0,58.193995208333334,%,production,OP,3572.3125665595003,217.900312625,2958.170660464625,0.0,171.42342476012502,614.141906094875,,193.202834,10701.9230207,9309.723367872002,26991.5874492,0.869911262664181,0.7160804900555501
2011-09-01,NO 15/9-F-14 H,5351,15/9-F-14,3420717,VOLVE,369304,MÆRSK INSPIRER,24.0,58.541306666666664,%,production,OP,3569.197685147125,217.894956125,2958.192896603,0.0,168.312534914375,611.004788544125,,193.512838625,10684.9405337,9320.445263939,27081.8462227,0.8722973454594884,0.7170810267069035
2011-09-02,NO 15/9-F-14 H,5351,15/9-F-14,3420717,VOLVE,369304,MÆRSK INSPIRER,24.0,60.335241458333336,%,production,OP,3561.9062653137503,217.901579375,2959.790638232625,0.0,159.410519458625,602.115627081125,,189.66672912500002,10789.728768300001,9454.790151973002,27436.0883219,0.8762769069553424,0.7177371318750391
2011-09-03,NO 15/9-F-14 H,5351,15/9-F-14,3420717,VOLVE,369304,MÆRSK INSPIRER,24.0,60.313339791666664,%,production,OP,3562.98731813325,217.90210287500003,2960.32071888475,0.0,159.939932331625,602.6665992485,,191.066808125,10774.1300395,9437.233802015002,27448.5421457,0.8759160848640509,0.7181220091757008
2011-09-04,NO 15/9-F-14 H,5351,15/9-F-14,3420717,VOLVE,369304,MÆRSK INSPIRER,24.0,60.23968229166667,%,production,OP,3563.808919122125,217.90517300000002,2959.83988165525,0.0,161.068110414625,603.9690374668751,,192.840917375,10761.802011900001,9393.615556604002,27428.8550404,0.8728664164437229,0.7182085137429737
2011-09-05,NO 15/9-F-14 H,5351,15/9-F-14,3420717,VOLVE,369304,MÆRSK INSPIRER,24.0,61.667269375,%,production,OP,3559.4878352260002,217.913888375,2960.8712287435,0.0,155.564824802125,598.6166064825001,,192.046482875,10786.2064747,9471.202658798002,27575.407613400002,0.8780846798189469,0.7188281376813614
2011-09-06,NO 15/9-F-14 H,5351,15/9-F-14,3420717,VOLVE,369304,MÆRSK INSPIRER,24.0,62.312304583333336,%,production,OP,3559.674768056625,217.913836625,2962.600809915125,0.0,154.02005225875,597.0739581414999,,189.80302025,10770.4190516,9584.517289835001,27626.795361100005,0.8898926999884162,0.7194999893524138
2011-09-07,NO 15/9-F-14 H,5351,15/9-F-14,3420717,VOLVE,369304,MÆRSK INSPIRER,24.0,63.36221770833333,%,production,OP,3554.954995849875,217.917780875,2962.4677133771247,0.0,149.11644136537498,592.48728247275,,192.42842525,10745.259811599999,9553.757832988,26870.697301000004,0.8891137115804573,0.7143430438461257
2011-09-08,NO 15/9-F-14 H,5351,15/9-F-14,3420717,VOLVE,369304,MÆRSK INSPIRER,24.0,64.95809583333333,%,production,OP,3550.353369180625,217.92227487500003,2963.3015972716253,0.0,143.52739901375,587.051771909,,193.02473412499998,10784.3824298,9605.954725323001,27163.802447,0.8907283090016631,0.7158129574626074
2011-09-09,NO 15/9-F-14 H,5351,15/9-F-14,3420717,VOLVE,369304,MÆRSK INSPIRER,24.0,66.10775520833333,%,production,OP,3551.659206727125,217.91808724999999,2964.93536875775,0.0,143.38713518125,586.7238379693749,,193.50254525,10807.5918287,9586.599091400001,27184.181431399997,0.8870245326939898,0.7155281024997475
2011-09-10,NO 15/9-F-14 H,5351,15/9-F-14,3420717,VOLVE,369304,MÆRSK INSPIRER,24.0,66.11365458333333,%,production,OP,3552.66126520425,217.9106975,2967.3618363680002,0.0,142.181002194875,585.2994288362501,,191.262682625,10734.4413384,9488.878019295,27258.149597,0.8839657062869883,0.7174596132005814
2011-09-11,NO 15/9-F-14 H,5351,15/9-F-14,3420717,VOLVE,369304,MÆRSK INSPIRER,24.0,66.12885104166666,%,production,OP,3553.364548423,217.90327399999998,2969.230768841375,0.0,140.941416798125,584.1337795816249,,190.80018875000002,10694.8155354,9423.723810383,27277.3335175,0.8811487939357471,0.7183510598649349
2011-09-12,NO 15/9-F-14 H,5351,15/9-F-14,3420717,VOLVE,369304,MÆRSK INSPIRER,24.0,67.64258958333333,%,production,OP,3550.0478798715,217.90261475,2970.2165347165,0.0,136.296052107,579.831345155,,189.71654074999998,10755.134813300001,9453.669616542,27427.597078400002,0.8789912707418056,0.7183246383782742
2011-09-13,NO 15/9-F-14 H,5351,15/9-F-14,3420717,VOLVE,369304,MÆRSK INSPIRER,12.0,54.202843225806454,%,production,OP,3658.9378461501647,217.6144259692153,2994.987511295683,0.0,197.8216578996306,663.9503348544818,,180.46226672503613,5938.6499077,5133.178106616001,35800.151863700004,0.8643678590920756,0.8577187256063196
2011-09-14,NO 15/9-F-14 H,5351,15/9-F-14,3420717,VOLVE,369304,MÆRSK INSPIRER,24.0,70.15889208333333,%,production,OP,3549.8264854077497,217.8956735,2978.9572951108753,0.0,127.714174798375,570.869190296875,,193.856774375,9860.4722389,8721.070755953,33130.7564997,0.8844475745845102,0.7706399065992106
2011-09-15,NO 15/9-F-14 H,5351,15/9-F-14,3420717,VOLVE,369304,MÆRSK INSPIRER,24.0,71.73619875,%,production,OP,3534.477902511875,217.8628265,2964.689511218,0.0,126.69468758825,569.788391293875,,193.118597375,10133.1355024,8941.896047082002,29736.775023700004,0.8824411797280459,0.745845040315138
2011-09-16,NO 15/9-F-14 H,5351,15/9-F-14,3420717,VOLVE,369304,MÆRSK INSPIRER,24.0,74.13533625,%,production,OP,3530.081685910125,217.857166625,2963.75879632875,0.0,123.45863901337499,566.322889581375,,192.96787062500002,10892.8816523,9610.927035083001,27676.3590639,0.8823126278117308,0.7175759374561727
2011-09-17,NO 15/9-F-14 H,5351,15/9-F-14,3420717,VOLVE,369304,MÆRSK INSPIRER,24.0,76.15490541666667,%,production,OP,3520.616796106125,217.83885575,2959.57411765,0.0,118.37821773312498,561.042678456125,,189.793621625,10996.3490268,9712.286933876001,27337.1496106,0.8832283251655146,0.7131399580608216
2011-09-18,NO 15/9-F-14 H,5351,15/9-F-14,3420717,VOLVE,369304,MÆRSK INSPIRER,24.0,76.30241,%,production,OP,3520.1658095099997,217.83668,2959.342588656,0.0,118.15665707999999,560.8232208539999,,190.667606,11038.4278557,9834.274148939001,28480.951559099998,0.8909125717446076,0.7206831681277335
2011-09-19,NO 15/9-F-14 H,5351,15/9-F-14,3420717,VOLVE,369304,MÆRSK INSPIRER,24.0,76.30241,%,production,OP,3520.1658095099997,217.83668,2959.342588656,0.0,118.15665707999999,560.8232208539999,,190.667606,11103.2757968,9841.741089107001,26850.821501399998,0.8863817551882681,0.7074551474755644
2011-09-20,NO 15/9-F-14 H,5351,15/9-F-14,3420717,VOLVE,369304,MÆRSK INSPIRER,24.0,77.80532500000014,%,production,OP,3528.7887537239985,217.83110000000025,2966.1069434189944,0.0,119.479258602007,562.6818103050041,,190.86634399999986,11171.1428467,9894.683474759,27297.586705700003,0.8857360084408846,0.7096045807417871
2011-09-21,NO 15/9-F-14 H,5351,15/9-F-14,3420717,VOLVE,369304,MÆRSK INSPIRER,24.0,79.13945125,%,production,OP,3548.5237843080004,217.83854374999999,2995.33220315425,0.0,120.532282828,553.19158115375,,192.098482625,11063.5241976,9818.475058453001,27422.062045600003,0.8874636041003023,0.7125281104544743
2011-09-22,NO 15/9-F-14 H,5351,15/9-F-14,3420717,VOLVE,369304,MÆRSK INSPIRER,24.0,92.633111875,%,production,OP,3545.030643791625,217.842197375,3003.217039921375,0.0,112.61224110799999,541.81360387025,,193.769076125,11255.7407912,9942.153847646,28168.0964097,0.8832962691730611,0.7144940322819959
2011-09-23,NO 15/9-F-14 H,5351,15/9-F-14,3420717,VOLVE,369304,MÆRSK INSPIRER,24.0,99.999659375,%,production,OP,3541.4156199876247,217.84120587499999,3004.5595660386252,0.0,107.864183469625,536.8560539489999,,194.85528275,11376.379347,10002.461820277,28492.965096200005,0.8792306862477025,0.714658479945478
2011-09-24,NO 15/9-F-14 H,5351,15/9-F-14,3420717,VOLVE,369304,MÆRSK INSPIRER,24.0,100.0,%,production,OP,3541.669376055125,217.83175662499997,3006.029985455625,0.0,106.978726479625,535.6393905995,,193.98176,11348.2009982,10001.18307499,28464.4722569,0.88130119272441,0.7149600850591891
2011-09-25,NO 15/9-F-14 H,5351,15/9-F-14,3420717,VOLVE,369304,MÆRSK INSPIRER,24.0,100.0,%,production,OP,3542.652283473,217.822062875,3007.530028884125,0.0,107.15451555725001,535.122254588875,,193.83634175000003,11347.5720172,9999.811805189,28526.0494968,0.8812291995179107,0.7154115531438306
2011-09-26,NO 15/9-F-14 H,5351,15/9-F-14,3420717,VOLVE,369304,MÆRSK INSPIRER,24.0,100.0,%,production,OP,3542.36864353425,217.81457412499998,3007.8470789304997,0.0,107.437469587125,534.52156460375,,193.96769675000002,11343.3578445,9985.78233432,28592.344094199998,0.8803197846007969,0.7159594725062881
2011-09-27,NO 15/9-F-14 H,5351,15/9-F-14,3420717,VOLVE,369304,MÆRSK INSPIRER,24.0,100.0,%,production,OP,3543.062789359,217.804995125,3009.3790911515002,0.0,106.84705917025,533.6836982075,,194.16956562500002,11307.7575199,9957.311270033002,28622.346487900002,0.8805734693646897,0.7168112179800201
2011-09-28,NO 15/9-F-14 H,5351,15/9-F-14,3420717,VOLVE,369304,MÆRSK INSPIRER,24.0,100.0,%,production,OP,3544.04368739625,217.794930875,3010.6032148931254,0.0,106.63311603375,533.440472503125,,193.59088625,10599.9652006,9345.116466506,26402.9870294,0.8816176553086259,0.7135373108958015
2011-09-29,NO 15/9-F-14 H,5351,15/9-F-14,3420717,VOLVE,369304,MÆRSK INSPIRER,24.0,98.090223125,%,production,OP,3545.01385853617,217.7837764680851,3024.0369908762955,0.0,94.27439893042819,520.976867659875,,190.35990519148936,10693.6204715,9433.800153734,27033.6662781,0.8821895427162767,0.7165547434546594
2011-09-30,NO 15/9-F-14 H,5351,15/9-F-14,3420717,VOLVE,369304,MÆRSK INSPIRER,24.0,100.0,%,production,OP,3544.472147778,217.76790724999998,3012.4812152631253,0.0,105.38504893562501,531.990932514875,,193.86796925,10555.1817534,9322.234659787999,26753.077854,0.8831903493073581,0.7170819045306952
2011-10-01,NO 15/9-F-14 H,5351,15/9-F-14,3420717,VOLVE,369304,MÆRSK INSPIRER,24.0,100.0,%,production,OP,3542.215018076,217.746357875,3010.413852676,0.0,105.279866169375,531.8011654000001,,195.52424000000002,10517.8831801,9284.475476254001,26600.298369099997,0.8827323252477624,0.716637972521402
2011-10-02,NO 15/9-F-14 H,5351,15/9-F-14,3420717,VOLVE,369304,MÆRSK INSPIRER,24.0,100.0,%,production,OP,3544.398392933375,217.732997,3011.848106263375,0.0,105.778195586,532.55028667,,196.178747375,10450.519315,9255.776632152001,26491.3588599,0.8856762380092306,0.7171091500675091
2011-10-03,NO 15/9-F-14 H,5351,15/9-F-14,3420717,VOLVE,369304,MÆRSK INSPIRER,24.0,100.0,%,production,OP,3546.4935635353754,217.721051,3014.8894836259997,0.0,104.75823398074999,531.6040799093751,,194.065049375,10421.9635776,9229.65222968,26562.6853053,0.8855962852832605,0.7182083947694679
2011-10-04,NO 15/9-F-14 H,5351,15/9-F-14,3420717,VOLVE,369304,MÆRSK INSPIRER,24.0,100.0,%,production,OP,3548.252007269,217.708082,3016.90838236975,0.0,104.40104164625001,531.34362489925,,192.407948375,10379.7589525,9198.805898671002,26603.380376000005,0.8862253873877715,0.7193380783523389
2011-10-05,NO 15/9-F-14 H,5351,15/9-F-14,3420717,VOLVE,369304,MÆRSK INSPIRER,24.0,100.0,%,production,OP,3549.214978005125,217.691577125,3018.133188998625,0.0,104.34564921675,531.0817890065,,193.42192175,10357.304330800001,9183.222934149,26654.705225600002,0.8866421841869047,0.720163685924234
2011-10-06,NO 15/9-F-14 H,5351,15/9-F-14,3420717,VOLVE,369304,MÆRSK INSPIRER,24.0,100.0,%,production,OP,3550.08037442675,217.675679,3018.907456231875,0.0,104.820098731,531.1729181948749,,194.973382625,10341.7685001,9170.566498816,26638.2259234,0.8867503172912181,0.7203415343532874
2011-10-07,NO 15/9-F-14 H,5351,15/9-F-14,3420717,VOLVE,369304,MÆRSK INSPIRER,12.99166,50.679230833333335,%,production,OP,3578.8989971813157,217.65822691635557,3020.5268125665366,0.0,134.5486883109573,558.3721846147795,,194.5417821003659,7093.1445332,5376.392917545,15503.752669000001,0.7579703039153348,0.6861009513948038
2011-10-08,NO 15/9-F-14 H,5351,15/9-F-14,3420717,VOLVE,369304,MÆRSK INSPIRER,13.50834,42.918163541666665,%,production,OP,3666.927695180105,217.3032011260066,3041.4509904489996,0.0,153.70127642262196,625.4767047311054,,179.95053288538634,4277.1965962,3948.251617371,14721.6776936,0.9230933225932972,0.774871051255057
2011-10-09,NO 15/9-F-14 H,5351,15/9-F-14,3420717,VOLVE,369304,MÆRSK INSPIRER,24.0,91.93674041666667,%,production,OP,3570.932055594375,217.5710825,3015.683228254,0.0,96.344528233125,555.248827340375,,193.762260125,9438.3001917,8424.499671088,26160.829344399997,0.8925865357086723,0.7348727254095103
2011-10-10,NO 15/9-F-14 H,5351,15/9-F-14,3420717,VOLVE,369304,MÆRSK INSPIRER,24.0,87.723018125,%,production,OP,3581.331812000375,217.54780775,3018.1341559186253,0.0,95.625429829125,563.19765608175,,195.28706937500002,9311.2460297,8318.132500982001,24805.3123913,0.893342574608138,0.7270754595232389
2011-10-11,NO 15/9-F-14 H,5351,15/9-F-14,3420717,VOLVE,369304,MÆRSK INSPIRER,24.0,99.96815083333334,%,production,OP,3550.330223533125,217.58281812500002,3020.627443744125,0.0,103.979219774625,529.702779789,,195.5291105,9673.727780000001,8606.929407789,25438.004379200003,0.8897221012961976,0.7244873099356539
2011-10-12,NO 15/9-F-14 H,5351,15/9-F-14,3420717,VOLVE,369304,MÆRSK INSPIRER,24.0,100.0,%,production,OP,3551.535616221375,217.568708375,3021.77115600125,0.0,104.2545593095,529.764460220125,,195.721983125,9760.7158523,8647.521536557,25465.805339399998,0.8859515702958725,0.7229157032230648
2011-10-13,NO 15/9-F-14 H,5351,15/9-F-14,3420717,VOLVE,369304,MÆRSK INSPIRER,24.0,100.0,%,production,OP,3551.84211475325,217.5467375,3021.658141183,0.0,104.88182146487499,530.1839735702499,,195.699214625,9854.5598175,8647.302938564,25472.4096399,0.8774925616878271,0.721047121537459
2011-10-14,NO 15/9-F-14 H,5351,15/9-F-14,3420717,VOLVE,369304,MÆRSK INSPIRER,20.41666,73.76722625,%,production,OP,3625.077847391334,217.43557509913768,3042.871863852613,0.0,164.94729784748296,582.2059835387211,,185.10302048076034,7665.5801413,6870.153168083001,20509.4350594,0.8962339498700873,0.7279298667029804
2011-10-15,NO 15/9-F-14 H,5351,15/9-F-14,3420717,VOLVE,369304,MÆRSK INSPIRER,16.15833,60.20825333333333,%,production,OP,3571.790912827314,217.458787671622,3028.14596935576,0.0,114.18136171621349,543.644943471554,,191.7150292072052,7619.664528300001,6132.135266779001,17670.0890292,0.8047775914548199,0.6987054653982466
2011-10-19,NO 15/9-F-14 H,5351,15/9-F-14,3420717,VOLVE,369304,MÆRSK INSPIRER,0.0,1.1739120833333334,%,production,OP,4233.422372946,211.47017,2644.37777778,0.0,1589.044595166,1589.044595166,,46.995332000000005,0.0,0.0,0.0,,
2011-10-20,NO 15/9-F-14 H,5351,15/9-F-14,3420717,VOLVE,369304,MÆRSK INSPIRER,0.0,1.1954083333333334,%,production,OP,4263.042033305999,211.36892,2569.5380247420003,0.0,1693.504008564,1693.504008564,,45.268969999999996,0.0,0.0,0.0,,
2011-10-21,NO 15/9-F-14 H,5351,15/9-F-14,3420717,VOLVE,369304,MÆRSK INSPIRER,0.0,0.98662875,%,production,OP,4351.345083732,211.459982,2568.8016668160003,0.0,1782.543416916,1782.543416916,,50.396252000000004,0.0,0.0,0.0,,
2011-10-22,NO 15/9-F-14 H,5351,15/9-F-14,3420717,VOLVE,369304,MÆRSK INSPIRER,0.0,0.9924741666666667,%,production,OP,4360.592416536,211.33230799999998,2564.65691589,0.0,1795.935500646,1795.935500646,,53.00474,0.0,0.0,0.0,,
2011-10-23,NO 15/9-F-14 H,5351,15/9-F-14,3420717,VOLVE,369304,MÆRSK INSPIRER,0.0,0.9918652083333334,%,production,OP,4360.265645922,211.211096,2574.988117668,0.0,1785.277528254,1785.277528254,,52.497374,0.0,0.0,0.0,,
2011-10-24,NO 15/9-F-14 H,5351,15/9-F-14,3420717,VOLVE,369304,MÆRSK INSPIRER,0.0,0.982755,%,production,OP,4235.368202754,206.006702,2506.040388342,0.0,1729.3278144120002,1729.3278144120002,,51.62306,0.0,0.0,0.0,,
2011-10-26,NO 15/9-F-14 H,5351,15/9-F-14,3420717,VOLVE,369304,MÆRSK INSPIRER,0.0,1.0657689583333334,%,production,OP,4359.379753818,210.886448,2587.659652614,0.0,1771.720101204,1771.720101204,,50.611298,0.0,0.0,0.0,,
2011-10-27,NO 15/9-F-14 H,5351,15/9-F-14,3420717,VOLVE,369304,MÆRSK INSPIRER,0.0,1.07424,%,production,OP,4359.43907436,210.871148,2586.7156002720003,0.0,1772.723474088,1772.723474088,,50.255438,0.0,0.0,0.0,,
2011-10-28,NO 15/9-F-14 H,5351,15/9-F-14,3420717,VOLVE,369304,MÆRSK INSPIRER,0.0,1.07424,%,production,OP,4359.43907436,210.871148,2586.7156002720003,0.0,1772.723474088,1772.723474088,,50.255438,0.0,0.0,0.0,,
2011-10-29,NO 15/9-F-14 H,5351,15/9-F-14,3420717,VOLVE,369304,MÆRSK INSPIRER,0.0,1.07424,%,production,OP,4359.43907436,210.871148,2586.7156002720003,0.0,1772.723474088,1772.723474088,,50.255438,0.0,0.0,0.0,,
2011-10-30,NO 15/9-F-14 H,5351,15/9-F-14,3420717,VOLVE,369304,MÆRSK INSPIRER,0.0,1.0492612,%,production,OP,4359.184822746,210.78528799999998,2587.566828294,0.0,1771.617994452,1771.617994452,,51.064592000000005,0.0,0.0,0.0,,
2011-10-31,NO 15/9-F-14 H,5351,15/9-F-14,3420717,VOLVE,369304,MÆRSK INSPIRER,0.0,1.997766875,%,production,OP,4358.368113768,210.475832,2594.1366145800002,0.0,1763.48658402,1764.2314991879998,,52.832966,0.0,0.0,0.0,,
2011-11-01,NO 15/9-F-14 H,5351,15/9-F-14,3420717,VOLVE,369304,MÆRSK INSPIRER,0.0,1.657356875,%,production,OP,4358.432365602,210.41448799999998,3653.9112958680003,0.0,497.27641657199996,704.521069734,,51.779696,0.0,0.0,0.0,,
2011-11-02,NO 15/9-F-14 H,5351,15/9-F-14,3420717,VOLVE,369304,MÆRSK INSPIRER,0.0,1.15656125,%,production,OP,4357.351397388,210.449282,2760.0158499900003,0.0,1479.323203128,1597.335547398,,51.604772000000004,0.0,0.0,0.0,,
2011-11-03,NO 15/9-F-14 H,5351,15/9-F-14,3420717,VOLVE,369304,MÆRSK INSPIRER,0.0,1.1565775,%,production,OP,4358.495892246,210.356456,2797.8200046899997,0.0,1552.270210266,1560.675887556,,51.345392,0.0,0.0,0.0,,
2011-11-04,NO 15/9-F-14 H,5351,15/9-F-14,3420717,VOLVE,369304,MÆRSK INSPIRER,0.0,1.0346552083333334,%,production,OP,4358.22728187,210.28181,2797.4275318620003,0.0,1549.3218778019998,1560.7997500079998,,51.802214,0.0,0.0,0.0,,
2011-11-05,NO 15/9-F-14 H,5351,15/9-F-14,3420717,VOLVE,369304,MÆRSK INSPIRER,6.5,13.818426041666667,%,production,OP,3889.0981926942613,215.27079775378076,2812.600422715505,0.0,419.8562576672889,1076.4977699787567,,123.87907178041249,3158.8054801,2623.6805630629997,6011.4859075,0.8305926337002367,0.655539246618563
2011-11-06,NO 15/9-F-14 H,5351,15/9-F-14,3420717,VOLVE,369304,MÆRSK INSPIRER,24.0,65.830968125,%,production,OP,3512.30354126,217.0584725,2883.4088985895,0.0,158.17844884324998,628.8946426705,,189.188720375,10906.9708267,9274.597248369999,22880.5047351,0.8503366696155462,0.6771889392342948
2011-11-07,NO 15/9-F-14 H,5351,15/9-F-14,3420717,VOLVE,369304,MÆRSK INSPIRER,24.0,67.64436083333334,%,production,OP,3505.696501359375,217.2515015,2900.522533512875,0.0,148.114367780125,605.1739678465,,189.84932,11364.0513194,9810.925128740002,23444.0717111,0.8633298858824584,0.6735230075622736
2011-11-08,NO 15/9-F-14 H,5351,15/9-F-14,3420717,VOLVE,369304,MÆRSK INSPIRER,24.0,70.331985,%,production,OP,3499.219593782625,217.469050625,2902.6594780805,0.0,143.525975828375,596.560115702125,,186.052866875,11730.1182614,10141.009510758002,23859.8910502,0.8645274740433574,0.6704098007196432
2011-11-09,NO 15/9-F-14 H,5351,15/9-F-14,3420717,VOLVE,369304,MÆRSK INSPIRER,24.0,71.06082979166666,%,production,OP,3487.805906934875,217.47408049999999,2901.844319196125,0.0,149.661337044875,585.96158773875,,184.79230775,11907.8053939,10303.471256638,24010.8464902,0.8652703765142273,0.6684784987943495
2011-11-10,NO 15/9-F-14 H,5351,15/9-F-14,3420717,VOLVE,369304,MÆRSK INSPIRER,24.0,71.21203083333333,%,production,OP,3479.47814828875,217.472956625,2894.521036327125,0.0,155.27922382875,584.957111961625,,186.9971165,12149.648588400001,10493.152866984,23933.9221139,0.8636589602272483,0.6632913996057056
2011-11-11,NO 15/9-F-14 H,5351,15/9-F-14,3420717,VOLVE,369304,MÆRSK INSPIRER,11.80833,34.86067875,%,production,OP,3493.4288858908803,217.47078181768802,2897.909709205965,0.0,167.0905520986227,595.5191766849154,,183.96313002163558,6880.737649500001,5335.4388131020005,11455.001972,0.7754166900244639,0.6247362914429789
2011-11-12,NO 15/9-F-14 H,5351,15/9-F-14,3420717,VOLVE,369304,MÆRSK INSPIRER,15.35833,35.68102770833333,%,production,OP,3623.97056518035,217.14111434071933,2944.2604494955317,0.0,248.2220042308432,679.7101156848186,,171.22922128553822,6040.5448297,5413.303488838,13710.779430400002,0.8961614624929202,0.694170135118352
2011-11-13,NO 15/9-F-14 H,5351,15/9-F-14,3420717,VOLVE,369304,MÆRSK INSPIRER,24.0,71.05306958333334,%,production,OP,3484.1068547612504,217.39545950000002,2896.345260837,0.0,155.87377085025,587.76159392425,,190.46957675,11922.963835999999,10173.579552273999,23643.2699938,0.8532760555354586,0.6647673213572008
2011-11-14,NO 15/9-F-14 H,5351,15/9-F-14,3420717,VOLVE,369304,MÆRSK INSPIRER,24.0,70.97585875,%,production,OP,3487.039477796875,217.42867325,2901.38213445775,0.0,155.75732950925,585.657343339125,,191.24106725,11910.384216,10211.589117031,23776.991354399997,0.8573685728217821,0.666257772513853
2011-11-15,NO 15/9-F-14 H,5351,15/9-F-14,3420717,VOLVE,369304,MÆRSK INSPIRER,24.0,72.59628875,%,production,OP,3489.456620672375,217.406183,2908.593003811875,0.0,151.04103821450002,580.8636168605,,189.979115,11830.9439157,10205.8423559,23904.6744974,0.8626397376760917,0.6689313228349506
2011-11-16,NO 15/9-F-14 H,5351,15/9-F-14,3420717,VOLVE,369304,MÆRSK INSPIRER,24.0,73.14742333333334,%,production,OP,3493.765605982,217.36178112500002,2915.9119083462497,0.0,148.249869531625,577.85369763575,,189.120717875,11782.134990100001,10186.847638211,24153.3735848,0.8646011649646308,0.6721311188474591
2011-11-17,NO 15/9-F-14 H,5351,15/9-F-14,3420717,VOLVE,369304,MÆRSK INSPIRER,24.0,73.285385,%,production,OP,3496.93569550475,217.33697037500002,2920.078883324125,0.0,147.21119500275,576.856812180625,,189.100546625,11710.8714428,10136.962799285,24226.0837884,0.8656027733544407,0.6741273330626304
2011-11-18,NO 15/9-F-14 H,5351,15/9-F-14,3420717,VOLVE,369304,MÆRSK INSPIRER,24.0,73.86856104166667,%,production,OP,3499.473724531625,217.326952625,2924.8973236736247,0.0,144.726376792125,574.576400858,,188.03023100000001,11619.2289111,10089.078538114,24367.981902,0.8683087849724497,0.6771289397379363
2011-11-19,NO 15/9-F-14 H,5351,15/9-F-14,3420717,VOLVE,369304,MÆRSK INSPIRER,24.0,74.12990166666667,%,production,OP,3502.946381452125,217.31697125,2929.998074446875,0.0,143.145504894875,572.94830700525,,189.9145385,11509.9749114,9995.752733571,24448.9317567,0.8684426169922189,0.6799131014288938
2011-11-20,NO 15/9-F-14 H,5351,15/9-F-14,3420717,VOLVE,369304,MÆRSK INSPIRER,24.0,74.18327645833334,%,production,OP,3506.342258881375,217.30758875,2935.469929116125,0.0,141.5103495045,570.87232976525,,189.65996525,11389.9653366,9873.129147614,24506.6722125,0.8668269705692723,0.6827010518458555
2011-11-21,NO 15/9-F-14 H,5351,15/9-F-14,3420717,VOLVE,369304,MÆRSK INSPIRER,24.0,74.267216875,%,production,OP,3509.609880415875,217.29713375,2940.6009112475,0.0,139.79708208625001,569.008969168375,,188.62333062500002,11277.3148395,9798.617249496,24535.1021537,0.8688785751706865,0.6851004264347387
2011-11-22,NO 15/9-F-14 H,5351,15/9-F-14,3420717,VOLVE,369304,MÆRSK INSPIRER,24.0,74.23822645833333,%,production,OP,3513.637664238125,217.278917,2945.89938507425,0.0,138.674503074375,567.7382791638751,,188.55590899999999,11162.9031956,9714.780151696,24631.3991448,0.8702736180248526,0.6881374278665365
2011-11-23,NO 15/9-F-14 H,5351,15/9-F-14,3420717,VOLVE,369304,MÆRSK INSPIRER,24.0,74.18595,%,production,OP,3514.806706777625,217.073511875,2948.5596146593753,0.0,137.05357651612502,566.24709211825,,187.93995125,11033.521803900001,9608.783432793001,24694.3601429,0.8708718397961203,0.6911789559669594
2011-11-24,NO 15/9-F-14 H,5351,15/9-F-14,3420717,VOLVE,369304,MÆRSK INSPIRER,23.475,75.18279916666667,%,production,OP,3523.7979355746484,217.25149580544408,2956.654596252806,0.0,138.4368750210655,567.143339321842,,189.3883754041329,10633.741480300001,9263.882062096,24330.9349211,0.8711780401336826,0.6958718748538391
2011-11-28,NO 15/9-F-14 H,5351,15/9-F-14,3420717,VOLVE,369304,MÆRSK INSPIRER,23.16667,59.95091083333333,%,production,OP,3620.783702644812,216.93218897376534,2979.98161733728,0.0,180.31981608691137,640.8020853075319,,174.22752152800896,8496.7785328,7382.367111852001,22318.132823,0.8688430660342561,0.7242640605162496
2011-12-02,NO 15/9-F-14 H,5351,15/9-F-14,3420717,VOLVE,369304,MÆRSK INSPIRER,20.525,60.469380625,%,production,OP,3554.8791089111883,216.9091728138816,2947.478877603942,0.0,173.99534459410373,607.4002313072464,,179.13523247162385,8483.0038489,7360.987945619,20259.8553986,0.8677336562299812,0.7048656928716013
2011-12-05,NO 15/9-F-14 H,5351,15/9-F-14,3420717,VOLVE,369304,MÆRSK INSPIRER,18.03334,50.11050791666667,%,production,OP,3586.982800767977,216.8943754279884,2946.6273614881093,0.0,202.48109818011707,640.3554392798678,,180.72272874922118,8544.9584774,7342.780039446,20049.209661700002,0.8593113774474666,0.7011642921090779
2011-12-06,NO 15/9-F-14 H,5351,15/9-F-14,3420717,VOLVE,369304,MÆRSK INSPIRER,4.80833,15.159327083333332,%,production,OP,3555.419529596306,217.10745752370156,2942.7542429206524,0.0,181.00665305799512,612.6652866756541,,186.31289329339708,3574.6877173000003,2564.710664415,7706.4639063,0.7174642562489775,0.6831274114052499
2011-12-07,NO 15/9-F-14 H,5351,15/9-F-14,3420717,VOLVE,369304,MÆRSK INSPIRER,19.0,57.37729208333333,%,production,OP,3540.257690825842,216.88877300000001,2948.397112780105,0.0,157.87863780363156,591.8605780457368,,182.5593705263158,8645.8470298,7541.057247772001,19628.672965100002,0.8722172878816762,0.6942177256639728
2011-12-08,NO 15/9-F-14 H,5351,15/9-F-14,3420717,VOLVE,369304,MÆRSK INSPIRER,14.64167,46.77321375,%,production,OP,3514.6607041993834,217.0713540111162,2938.66791296745,0.0,145.94590360550595,575.9927912319338,,188.17933615517626,7988.0587000000005,6467.787364399001,16277.399299,0.8096820025119496,0.6708053604292491
2011-12-10,NO 15/9-F-14 H,5351,15/9-F-14,3420717,VOLVE,369304,MÆRSK INSPIRER,6.19167,16.386312916666668,%,production,OP,3609.5852457757233,216.58124196911655,2962.651914307292,0.0,195.78282370548598,646.9333314684313,,166.6470848941271,3563.8692441000003,3103.0380630990003,11107.80446,0.8706935778398975,0.7570918413279545
2011-12-11,NO 15/9-F-14 H,5351,15/9-F-14,3420717,VOLVE,369304,MÆRSK INSPIRER,24.0,77.85393166666667,%,production,OP,3493.794447392625,217.00311725,2922.676628725875,0.0,139.038941265625,571.11781866675,,187.641621125,11696.0274912,9831.357154719,24808.0170096,0.8405723363865241,0.6795963940120751
2011-12-12,NO 15/9-F-14 H,5351,15/9-F-14,3420717,VOLVE,369304,MÆRSK INSPIRER,24.0,79.78843729166667,%,production,OP,3489.3939551915,217.04126000000002,2921.681341710375,0.0,137.40497941712502,567.712613481125,,188.294983625,12199.967068400001,10417.410604718001,25533.2321026,0.8538884200516307,0.6766781683919254
2011-12-13,NO 15/9-F-14 H,5351,15/9-F-14,3420717,VOLVE,369304,MÆRSK INSPIRER,4.30833,14.023716666666667,%,production,OP,3535.5303341658223,217.06784695808818,2928.6979866007614,0.0,170.6390607082665,606.832347565061,,184.45186420676688,3593.997434,2637.8604745540006,7681.3046663000005,0.7339628152205299,0.6812504532446741
2011-12-15,NO 15/9-F-14 H,5351,15/9-F-14,3420717,VOLVE,369304,MÆRSK INSPIRER,24.0,75.08592645833333,%,production,OP,3496.095037127,216.9866855,2918.7278301811252,0.0,145.837651904875,577.367206945875,,187.34431775,11412.168365900001,9766.271103178,24292.0009972,0.8557769908442636,0.6803687476988501
2011-12-16,NO 15/9-F-14 H,5351,15/9-F-14,3420717,VOLVE,369304,MÆRSK INSPIRER,24.0,76.52019729166666,%,production,OP,3488.38058072875,217.024776875,2914.43418868325,0.0,143.42200775537498,573.9463920455,,190.66470762499998,12228.7115001,10435.913035489,25052.1245357,0.8533943282089581,0.6719839788904673
2011-12-17,NO 15/9-F-14 H,5351,15/9-F-14,3420717,VOLVE,369304,MÆRSK INSPIRER,21.14167,67.40822854166667,%,production,OP,3496.517930146724,217.08300067055725,2920.372959117745,0.0,146.16458350610594,576.1449710289794,,189.6756218490545,11489.7217232,9263.861932717,21815.4512078,0.8062738294184659,0.6550169024192177
2011-12-18,NO 15/9-F-14 H,5351,15/9-F-14,3420717,VOLVE,369304,MÆRSK INSPIRER,15.19167,45.048469375,%,production,OP,3541.2749342441407,216.91796032171314,2938.5184071465824,0.0,164.07523927694388,602.7565270975583,,183.31402389319675,7280.077686400001,6382.721315039001,16747.5625965,0.8767380775293975,0.6970123740540144
2011-12-19,NO 15/9-F-14 H,5351,15/9-F-14,3420717,VOLVE,369304,MÆRSK INSPIRER,24.0,77.38827458333333,%,production,OP,3492.9502234973747,217.05500825000001,2923.38675592525,0.0,139.56719383462502,569.563467572125,,190.270559,11977.4964887,10247.351254280002,25151.8180242,0.8555503450948803,0.6774113218670221
2011-12-20,NO 15/9-F-14 H,5351,15/9-F-14,3420717,VOLVE,369304,MÆRSK INSPIRER,24.0,77.23952791666666,%,production,OP,3495.6951582961246,217.07244237499998,2927.164702727625,0.0,138.632000897125,568.5304555685,,189.62909862499998,11939.317342,10242.528678848003,25271.198618000002,0.857882271276679,0.6791413116970926
2011-12-21,NO 15/9-F-14 H,5351,15/9-F-14,3420717,VOLVE,369304,MÆRSK INSPIRER,24.0,77.37704854166667,%,production,OP,3498.8394065604257,217.0870010638298,2931.8697900297448,0.0,137.28662185155585,566.9696165306808,,189.903344,11907.4280053,10238.163428781,25614.1819573,0.859813170755598,0.6826514635920784
2011-12-22,NO 15/9-F-14 H,5351,15/9-F-14,3420717,VOLVE,369304,MÆRSK INSPIRER,24.0,77.39519645833333,%,production,OP,3502.397702698125,217.09021775000002,2936.3934193,0.0,136.286863345375,566.004283398125,,189.82356650000003,11742.6349833,10091.299479597,25496.1851217,0.8593726615830709,0.68466683557132
2011-12-23,NO 15/9-F-14 H,5351,15/9-F-14,3420717,VOLVE,369304,MÆRSK INSPIRER,24.0,77.43297375,%,production,OP,3506.234350609375,217.085278625,2940.9984513406253,0.0,135.51801992900002,565.23589926875,,189.549330125,11667.3459576,10016.858564026003,25482.2217435,0.8585378886019158,0.6859358889052555
2011-12-24,NO 15/9-F-14 H,5351,15/9-F-14,3420717,VOLVE,369304,MÆRSK INSPIRER,17.975,58.22598708333334,%,production,OP,3513.9326626806214,217.07642744608512,2944.3628368062873,0.0,140.64907846630598,569.5698258743344,,189.04077339452016,9751.6585259,7762.385067082,19780.823469000003,0.7960066532749714,0.6697988835620378
2011-12-26,NO 15/9-F-14 H,5351,15/9-F-14,3420717,VOLVE,369304,MÆRSK INSPIRER,0.0,0.7274310416666666,%,production,OP,4227.27939668307,212.17701223211856,2887.1931895512294,0.0,1121.8196530160637,1340.0862071318406,,52.52982295273559,0.0,1.9910427860000002,283.7962272,inf,1.0
2011-12-27,NO 15/9-F-14 H,5351,15/9-F-14,3420717,VOLVE,369304,MÆRSK INSPIRER,17.5,43.740174375,%,production,OP,3616.6076382983997,216.80749142857144,2965.1697472304572,0.0,209.40303408702857,651.4378910679428,,174.32697251428573,6515.236790399999,5729.053634126,16571.762407,0.8793316065760779,0.7177962915538314
2011-12-28,NO 15/9-F-14 H,5351,15/9-F-14,3420717,VOLVE,369304,MÆRSK INSPIRER,10.475,31.121954166666665,%,production,OP,3539.4911669307194,217.03796525644105,2943.8728839702308,0.0,153.17133469926125,595.6182829604887,,185.64813492741575,5647.1172142000005,4139.713441744,10538.576655,0.7330666753887193,0.6511044098674087
2011-12-29,NO 15/9-F-14 H,5351,15/9-F-14,3420717,VOLVE,369304,MÆRSK INSPIRER,2.85833,4.824328125,%,production,OP,3848.1125758564517,216.12817754215223,3034.747003532289,0.0,351.72532143218217,813.3655723241626,,142.57009528485514,1000.5200767,849.894517757,3453.9233653,0.8494527371806412,0.7753883083874612
2011-12-30,NO 15/9-F-14 H,5351,15/9-F-14,3420717,VOLVE,369304,MÆRSK INSPIRER,24.0,77.69660708333333,%,production,OP,3514.875282557,216.953746625,2938.4851664008747,0.0,135.650811282875,576.390116156125,,188.843690375,10864.6404054,9524.483359276,24734.4262326,0.8766496638528499,0.6948054701579561
2011-12-31,NO 15/9-F-14 H,5351,15/9-F-14,3420717,VOLVE,369304,MÆRSK INSPIRER,24.0,80.18969166666666,%,production,OP,3508.699918047125,217.00072625,2943.69363508375,0.0,128.685131689375,565.006282963375,,187.550031125,11185.672307800001,9662.953357417,24893.684221800002,0.8638688039054051,0.6899702937156565
2012-01-01,NO 15/9-F-14 H,5351,15/9-F-14,3420717,VOLVE,369304,MÆRSK INSPIRER,24.0,81.16999041666666,%,production,OP,3512.5832077618747,217.002825875,2949.463207442625,0.0,126.68958708525,563.12000031925,,187.601589875,11143.5934789,9606.121763854,25057.7853647,0.862030886360208,0.6921776508280688
2012-01-02,NO 15/9-F-14 H,5351,15/9-F-14,3420717,VOLVE,369304,MÆRSK INSPIRER,23.80833,81.06059770833333,%,production,OP,3520.5133994129123,216.98924113965154,2949.9133288752146,0.0,133.8920235245663,570.6000705376983,,186.81371536563884,11178.3132301,9573.031889954002,24871.4811925,0.8563932404556857,0.6899201948543653
2012-01-14,NO 15/9-F-14 H,5351,15/9-F-14,3420717,VOLVE,369304,MÆRSK INSPIRER,2.5,3.972590625,%,production,OP,4174.259776478843,212.59121637670577,2774.481055262623,0.0,622.0877651876773,1399.7787212162193,,76.04071159902486,679.8026648,588.2055278170001,1405.8983312,0.8652592263521826,0.674065138721351
2012-01-15,NO 15/9-F-14 H,5351,15/9-F-14,3420717,VOLVE,369304,MÆRSK INSPIRER,24.0,78.93041916666667,%,production,OP,3463.35537370025,216.812244125,2879.471301208625,0.0,152.78846208175,583.884072491625,,185.371716875,12146.5036834,10283.762828862002,23869.7031538,0.8466438653384916,0.6627489469309061
2012-01-16,NO 15/9-F-14 H,5351,15/9-F-14,3420717,VOLVE,369304,MÆRSK INSPIRER,24.0,79.51621083333333,%,production,OP,3462.9778700025,216.92420112500002,2890.4801175009998,0.0,142.56786386525,572.4977525015,,187.84360175,12476.0897274,10621.427511235,24523.8433938,0.8513426677196951,0.6628077762591542
2012-01-17,NO 15/9-F-14 H,5351,15/9-F-14,3420717,VOLVE,369304,MÆRSK INSPIRER,24.0,83.05313291666667,%,production,OP,3472.99296750275,217.0014815,2907.54998418625,0.0,135.83770181075,565.4429833165,,188.62766112499997,12485.0841557,10664.875186645,25538.892931600003,0.8542093151831905,0.6716523332886708
2012-01-18,NO 15/9-F-14 H,5351,15/9-F-14,3420717,VOLVE,369304,MÆRSK INSPIRER,24.0,85.40607333333334,%,production,OP,3470.4357995031246,217.02055625,2905.047924583375,0.0,135.35048290925002,565.38787491975,,187.00352,12609.3708013,10761.674191933,27294.0644121,0.8534663911083885,0.6840028750941815
2012-01-19,NO 15/9-F-14 H,5351,15/9-F-14,3420717,VOLVE,369304,MÆRSK INSPIRER,24.0,84.41719375,%,production,OP,3465.88755588275,217.037204375,2897.360354604375,0.0,138.089987847875,568.5272012783751,,187.6105925,12734.5380203,10847.080675001002,26452.424936000003,0.8517843880720116,0.6750312588780831
2012-01-20,NO 15/9-F-14 H,5351,15/9-F-14,3420717,VOLVE,369304,MÆRSK INSPIRER,24.0,79.359375,%,production,OP,3468.678742695375,217.04393825,2898.3493354885,0.0,140.150887179125,570.329407206875,,189.245628125,12578.5507323,10774.407966459,25041.3060625,0.8565699018720648,0.6656406535274566
2012-01-21,NO 15/9-F-14 H,5351,15/9-F-14,3420717,VOLVE,369304,MÆRSK INSPIRER,13.175,42.44166791666667,%,production,OP,3484.8263634296814,217.03978792789374,2905.489920635328,0.0,150.6870176344668,579.3364427943529,,188.12175779506643,7841.128738400001,6388.577904887,16134.494815799999,0.8147523294191702,0.672954126900011
2012-01-22,NO 15/9-F-14 H,5351,15/9-F-14,3420717,VOLVE,369304,MÆRSK INSPIRER,19.49167,56.32311416666667,%,production,OP,3576.9717948922803,216.82432707491046,2939.5739504760036,0.0,199.36790293141627,637.3978444162769,,178.57212674385724,9299.546983100001,8170.24654438,22162.4600255,0.878563929966452,0.7044197790510309
2012-01-23,NO 15/9-F-14 H,5351,15/9-F-14,3420717,VOLVE,369304,MÆRSK INSPIRER,24.0,81.91284,%,production,OP,3478.784760891875,217.007501,2913.38806584875,0.0,135.651379348375,565.396695043125,,190.55518137500002,11732.3196949,10098.381842682,24871.5440906,0.86073190172884,0.6794786538478061
2012-01-24,NO 15/9-F-14 H,5351,15/9-F-14,3420717,VOLVE,369304,MÆRSK INSPIRER,24.0,83.55137875,%,production,OP,3484.7222661033747,217.0130645,2922.97442497775,0.0,132.37853946750002,561.747841125625,,189.941578625,11645.9606036,10108.332818848,24789.8394587,0.8679690034090715,0.68037038891181
2012-01-25,NO 15/9-F-14 H,5351,15/9-F-14,3420717,VOLVE,369304,MÆRSK INSPIRER,16.34167,62.27923895833333,%,production,OP,3495.343521397574,217.00854913325992,2936.71861977864,0.0,130.70594620461304,558.6249016189333,,185.5323748714862,9163.4354947,7361.433617133001,18160.6313111,0.8033486590690521,0.6646386659852953
2012-01-27,NO 15/9-F-14 H,5351,15/9-F-14,3420717,VOLVE,369304,MÆRSK INSPIRER,14.0,48.654611458333335,%,production,OP,3837.4952595055,215.271180125,3124.58176532875,0.0,102.384327537375,712.91349417675,,123.90217287499999,6265.2168429,5491.469398965001,15928.943825,0.8765010911295367,0.7177087731926918
2012-01-28,NO 15/9-F-14 H,5351,15/9-F-14,3420717,VOLVE,369304,MÆRSK INSPIRER,24.0,74.74411333333333,%,production,OP,3551.46548732675,216.87745625,2939.519764757625,0.0,167.19299565724998,611.945722569125,,183.736073375,10825.8951758,9285.485476673999,23944.2374023,0.8577106397104783,0.6886438338570299
2012-01-29,NO 15/9-F-14 H,5351,15/9-F-14,3420717,VOLVE,369304,MÆRSK INSPIRER,5.50834,9.947640416666667,%,production,OP,3727.6547878992246,216.7254746173366,2958.707271335239,0.0,265.4867334019827,768.9475165639856,,177.20395363841013,597.2803576,558.449714744,1448.6061411,0.9349875776728539,0.7080579211116917
2012-01-30,NO 15/9-F-14 H,5351,15/9-F-14,3420717,VOLVE,369304,MÆRSK INSPIRER,4.99166,2.4858416666666665,%,production,OP,3939.004887599565,219.70016073089113,2763.2456982477,0.0,755.1215878081622,1175.759189351865,,114.76511954849889,125.7962,117.60006988200001,297.38221680000004,0.9348459642024164,0.7027348394768134
2012-01-31,NO 15/9-F-14 H,5351,15/9-F-14,3420717,VOLVE,369304,MÆRSK INSPIRER,24.0,21.6176025,%,production,OP,3470.204542455375,222.717163625,2492.213562271875,0.0,529.5861994532501,977.9909801834999,,164.64696987500002,6241.4413611,5472.933419229001,9986.1426427,0.8768701174282031,0.6153807393855767
2012-02-01,NO 15/9-F-14 H,5351,15/9-F-14,3420717,VOLVE,369304,MÆRSK INSPIRER,24.0,32.700935,%,production,OP,3208.9730139864996,222.998636375,2509.9182421533746,0.0,248.52075772225,699.054771833125,,182.20428650000002,8169.4568204,7162.238579754001,15979.262305,0.8767092766644083,0.6617022717446228
2012-02-02,NO 15/9-F-14 H,5351,15/9-F-14,3420717,VOLVE,369304,MÆRSK INSPIRER,24.0,32.60709875,%,production,OP,3230.010114150625,222.549923,2543.0313965598752,0.0,236.60632113625,686.97871759075,,183.934512875,8559.3621423,7329.347387007,9625.673631599999,0.8562959792045344,0.5293183775538791
2012-02-03,NO 15/9-F-14 H,5351,15/9-F-14,3420717,VOLVE,369304,MÆRSK INSPIRER,24.0,32.58043270833333,%,production,OP,3239.872163323,222.29976575,2556.181260786625,0.0,233.178607866,683.690902536375,,182.99911625,8443.5038421,7271.316506232,9685.238132299999,0.8611728782518724,0.534247668480071
2012-02-04,NO 15/9-F-14 H,5351,15/9-F-14,3420717,VOLVE,369304,MÆRSK INSPIRER,24.0,32.556922916666664,%,production,OP,3258.158651055,222.0693995,2576.1629859005,0.0,230.36872021624998,681.9956651545,,177.9322205,8251.413044699999,7130.2929021340005,9769.4586882,0.8641299209611001,0.5421190957352126
2012-02-05,NO 15/9-F-14 H,5351,15/9-F-14,3420717,VOLVE,369304,MÆRSK INSPIRER,24.0,32.487506875,%,production,OP,3264.26313730725,221.871827,2586.703861258875,0.0,225.60111568575002,677.5592760483751,,181.86080075,8072.782440700001,6966.469774569,9821.9786017,0.862957700859944,0.5488745325197537
2012-02-06,NO 15/9-F-14 H,5351,15/9-F-14,3420717,VOLVE,369304,MÆRSK INSPIRER,24.0,34.12337375,%,production,OP,3231.55569044625,221.746994,2579.397886257875,0.0,200.92899158174998,652.1578041883749,,186.072666125,8187.697269400001,6996.519052799001,9961.5494856,0.8545160895172801,0.548868480332698
2012-02-07,NO 15/9-F-14 H,5351,15/9-F-14,3420717,VOLVE,369304,MÆRSK INSPIRER,24.0,36.7229175,%,production,OP,3192.7049717545,221.655314375,2570.69623173425,0.0,170.51489162,622.00874002025,,183.663111875,7984.7251007,6825.832160142,10348.624393,0.8548612599754495,0.5644699238704941
2012-02-08,NO 15/9-F-14 H,5351,15/9-F-14,3420717,VOLVE,369304,MÆRSK INSPIRER,24.0,36.905363333333334,%,production,OP,3193.9979402001254,221.520737375,2574.7231302203754,0.0,168.553600156875,619.27480997975,,181.2463565,7996.2983511,6856.692263884001,10498.6992596,0.8574832957478092,0.5676507497100803
2012-02-09,NO 15/9-F-14 H,5351,15/9-F-14,3420717,VOLVE,369304,MÆRSK INSPIRER,20.66666,29.47946125,%,production,OP,3285.7858319499123,221.21609383484608,2622.8797554820394,0.0,205.72458009577218,662.9060764678726,,175.92672739386143,6624.427892000001,5667.200643370001,9464.4029032,0.8555003897338823,0.5882592106086195
2012-02-10,NO 15/9-F-14 H,5351,15/9-F-14,3420717,VOLVE,369304,MÆRSK INSPIRER,24.0,37.44116666666667,%,production,OP,3174.236820905875,221.399021,2575.9347686075,0.0,178.096314934375,598.302052298375,,180.82421112499998,7844.273643400001,6924.136631091001,17550.0165563,0.8826995265414812,0.691100889935775
2012-02-11,NO 15/9-F-14 H,5351,15/9-F-14,3420717,VOLVE,369304,MÆRSK INSPIRER,24.0,37.313834375,%,production,OP,3186.699223142375,221.27539925000002,2585.288381027625,0.0,168.1393263045,601.4108421147499,,183.917447,8026.5523372,5626.558014581001,14420.8360813,0.7009931260902712,0.6424282331843592
2012-02-12,NO 15/9-F-14 H,5351,15/9-F-14,3420717,VOLVE,369304,MÆRSK INSPIRER,24.0,39.04560083333333,%,production,OP,3184.9815290435,221.190615125,2586.8283914900003,0.0,145.049382461375,598.1531375535,,187.104944375,8185.9990207,6984.652607305001,11121.8936344,0.8532437628740066,0.5760283544699661
2012-02-13,NO 15/9-F-14 H,5351,15/9-F-14,3420717,VOLVE,369304,MÆRSK INSPIRER,24.0,40.090036041666664,%,production,OP,3179.10492166225,221.13369649999999,2590.3223448235,0.0,136.414460525875,588.78257683875,,185.8380545,8071.9018673,6919.501929863,12298.7170854,0.8572331581352004,0.6037478347593302
2012-02-14,NO 15/9-F-14 H,5351,15/9-F-14,3420717,VOLVE,369304,MÆRSK INSPIRER,24.0,40.71410354166667,%,production,OP,3177.6762701676253,221.056604,2594.0739702505,0.0,131.143193410625,583.602299917125,,186.3470735,8175.9353247,7030.594559976001,11722.193100800001,0.8599131818883333,0.589110334908568
2012-02-15,NO 15/9-F-14 H,5351,15/9-F-14,3420717,VOLVE,369304,MÆRSK INSPIRER,24.0,41.23933,%,production,OP,3178.657255832,220.977253625,2599.217159746875,0.0,127.22215755637501,579.440096085125,,186.038620625,8144.1088861,7010.422803336001,11771.5052112,0.8607967920592364,0.5910691557734032
2012-02-16,NO 15/9-F-14 H,5351,15/9-F-14,3420717,VOLVE,369304,MÆRSK INSPIRER,24.0,41.72656645833333,%,production,OP,3178.754156324125,220.906670375,2603.5088522966253,0.0,123.11776043225001,575.2453040275,,186.320474375,8148.6375493,6992.261865714,11806.4136567,0.8580896896456836,0.5916503813906575
2012-02-17,NO 15/9-F-14 H,5351,15/9-F-14,3420717,VOLVE,369304,MÆRSK INSPIRER,24.0,41.855844166666664,%,production,OP,3181.9394627503752,220.83805324999997,2608.4313513678753,0.0,121.131649341375,573.5081113825,,185.97918725,8086.808717000001,6959.126788998,11850.631021,0.8605529118511979,0.5943908133005237
2012-02-18,NO 15/9-F-14 H,5351,15/9-F-14,3420717,VOLVE,369304,MÆRSK INSPIRER,24.0,42.322405625,%,production,OP,3180.476941861125,220.78045775,2610.6307106215004,0.0,117.36678617525,569.846231239625,,184.410608375,8020.6399158,6892.363289207,11860.1286341,0.8593283530444512,0.5965628845953068
2012-02-19,NO 15/9-F-14 H,5351,15/9-F-14,3420717,VOLVE,369304,MÆRSK INSPIRER,24.0,42.80546270833333,%,production,OP,3178.2114090200002,220.72786625,2611.065199145125,0.0,114.650046159375,567.146209874875,,185.100430625,7946.608852100001,6885.2004086060015,11865.1604821,0.8664325294916828,0.5988945400054606
2012-02-20,NO 15/9-F-14 H,5351,15/9-F-14,3420717,VOLVE,369304,MÆRSK INSPIRER,24.0,43.09684375,%,production,OP,3175.602275113625,220.676260625,2611.3854551356253,0.0,111.53183491625,564.216819978,,183.01460975,7878.2386174,6780.818984081001,12497.5379795,0.8607024124789492,0.6133527191008461
2012-02-21,NO 15/9-F-14 H,5351,15/9-F-14,3420717,VOLVE,369304,MÆRSK INSPIRER,24.0,43.210822916666665,%,production,OP,3176.65660166,220.61812587499998,2613.22579095,0.0,111.011529221,563.43081071,,186.27109775,7845.0284206,6748.842582672001,12520.8102765,0.8602699978690249,0.6147947286984505
2012-02-22,NO 15/9-F-14 H,5351,15/9-F-14,3420717,VOLVE,369304,MÆRSK INSPIRER,24.0,42.26623,%,production,OP,3179.6500152260423,220.5574665531915,2616.2715364894466,0.0,110.79755548251065,563.3784787365958,,183.89100391489362,7840.0594707,6710.474220563001,12475.9639312,0.855921341622662,0.6140947804791966
2012-02-23,NO 15/9-F-14 H,5351,15/9-F-14,3420717,VOLVE,369304,MÆRSK INSPIRER,24.0,43.739473333333336,%,production,OP,3177.593175480125,220.50123537500002,2617.73067123,0.0,107.73309631225001,559.862504250125,,185.637419375,7858.2999197,6728.094136981001,12591.0674542,0.8561768074178892,0.6157191674433053
2012-02-24,NO 15/9-F-14 H,5351,15/9-F-14,3420717,VOLVE,369304,MÆRSK INSPIRER,24.0,44.04675145833333,%,production,OP,3178.421859158,220.441411625,2619.327878032,0.0,106.636364280625,559.0939811259999,,186.04534999999998,7853.519664099999,6719.966105629001,12613.459177800001,0.8556629884492812,0.6162833936182964
2012-02-25,NO 15/9-F-14 H,5351,15/9-F-14,3420717,VOLVE,369304,MÆRSK INSPIRER,24.0,44.536745,%,production,OP,3178.92059045075,220.382393,2621.1115795289998,0.0,105.41386919487499,557.80901092175,,187.17874475000002,7864.715525900001,6730.932732567,12699.2521862,0.8558393129924103,0.6175487320342202
2012-02-26,NO 15/9-F-14 H,5351,15/9-F-14,3420717,VOLVE,369304,MÆRSK INSPIRER,24.0,44.720204375,%,production,OP,3180.4714515685,220.32208699999998,2624.020775906,0.0,104.223774994,556.4506756625,,186.45658625,7855.0921166,6722.380218521,12524.0180796,0.8557990305823068,0.6145517620261604
2012-02-27,NO 15/9-F-14 H,5351,15/9-F-14,3420717,VOLVE,369304,MÆRSK INSPIRER,24.0,44.98081729166667,%,production,OP,3180.99180560975,220.26481925000002,2625.42416963725,0.0,102.92404113,555.5676359725,,184.99887612499998,7847.229854099999,6723.554432296,12761.9615919,0.8568061032114531,0.6192364035890863
2012-02-28,NO 15/9-F-14 H,5351,15/9-F-14,3420717,VOLVE,369304,MÆRSK INSPIRER,24.0,45.2254525,%,production,OP,3180.39640649,220.210361375,2626.903185577375,0.0,100.786395545375,553.493220912625,,185.665214,7848.1104275,6716.645817535,12780.264939,0.8558296776762574,0.6195478176024881
2012-02-29,NO 15/9-F-14 H,5351,15/9-F-14,3420717,VOLVE,369304,MÆRSK INSPIRER,24.0,45.19274,%,production,OP,3183.398496684375,220.152169625,2629.88842719075,0.0,100.91408337462501,553.510069493625,,187.409083625,7818.862811,6698.991645858001,12787.812711,0.8567731405177613,0.6205665099810757
2012-03-01,NO 15/9-F-14 H,5351,15/9-F-14,3420717,VOLVE,369304,MÆRSK INSPIRER,24.0,45.566915,%,production,OP,3183.140141703625,220.0961405,2631.481071339,0.0,98.6763494835,551.659070364625,,186.58092762500002,7784.7091427000005,6671.404508512,12777.0571359,0.856988281285758,0.62139881189088
2012-03-02,NO 15/9-F-14 H,5351,15/9-F-14,3420717,VOLVE,369304,MÆRSK INSPIRER,24.0,46.44390166666667,%,production,OP,3178.156898905,220.053656,2631.4735172765,0.0,93.92759082812499,546.6833816285,,187.23370775,7824.963926699999,6743.485342682,12906.501425699998,0.8617912371036209,0.6225561582990498
2012-03-03,NO 15/9-F-14 H,5351,15/9-F-14,3420717,VOLVE,369304,MÆRSK INSPIRER,24.0,46.283098333333335,%,production,OP,3181.550078023125,219.996536375,2636.421612533125,0.0,92.571763517625,545.12846549,,179.804871125,7780.49497,6751.933325216,12897.3183031,0.8678025435721091,0.6237273802969421
2012-03-04,NO 15/9-F-14 H,5351,15/9-F-14,3420717,VOLVE,369304,MÆRSK INSPIRER,24.0,48.009320833333334,%,production,OP,3179.105027419125,219.950943875,2637.45403229825,0.0,89.20782768625,541.650995120875,,183.58139487500003,7842.9527833,6797.195823059,13075.257028000002,0.866662851462305,0.6250657750328499
2012-03-05,NO 15/9-F-14 H,5351,15/9-F-14,3420717,VOLVE,369304,MÆRSK INSPIRER,24.0,48.96177145833333,%,production,OP,3181.0158788961253,219.8962985,2639.937366891,0.0,88.118770582125,541.0785120051249,,186.57429687500002,7855.658199500001,6801.347772338001,13172.0572039,0.865789676639813,0.6264140897479614
2012-03-06,NO 15/9-F-14 H,5351,15/9-F-14,3420717,VOLVE,369304,MÆRSK INSPIRER,24.0,49.70982125,%,production,OP,3180.867795098125,219.846392375,2644.1849074562497,0.0,83.954085996,536.682887641875,,183.948192875,7857.5451425,6823.644414477001,13249.9879498,0.8684193715374511,0.6277374002854733
2012-03-07,NO 15/9-F-14 H,5351,15/9-F-14,3420717,VOLVE,369304,MÆRSK INSPIRER,24.0,50.457676041666666,%,production,OP,3180.6810375217497,219.797363,2646.196400197125,0.0,81.68968626425,534.4846373246249,,183.18988437500002,7874.2760371,6820.806878332,13328.736370999999,0.8662138393670055,0.6286246555186724
2012-03-08,NO 15/9-F-14 H,5351,15/9-F-14,3420717,VOLVE,369304,MÆRSK INSPIRER,24.0,50.46523083333334,%,production,OP,3182.896012533375,219.74737625,2648.2503528125,0.0,81.655209523,534.645659720875,,184.41920975,7841.5690251000005,6793.460587240002,13356.411535000001,0.8663394488392413,0.6300794312520585
2012-03-09,NO 15/9-F-14 H,5351,15/9-F-14,3420717,VOLVE,369304,MÆRSK INSPIRER,24.0,50.4561725,%,production,OP,3184.7018639890293,219.69317547768838,2650.3028314326434,0.0,81.61520145306102,534.3990325563857,,183.90862360137618,7826.0331944,6779.80792422,13344.5866922,0.8663147415565989,0.6303351892235565
2012-03-10,NO 15/9-F-14 H,5351,15/9-F-14,3420717,VOLVE,369304,MÆRSK INSPIRER,24.0,51.39925052083331,%,production,OP,3175.967620875168,219.39078509591738,2645.765743218054,0.0,78.1514052614895,530.2018776571141,,186.3417660273698,7825.718703900001,6777.382510624001,13367.292906300001,0.866039627420603,0.6307406022401482
2012-03-11,NO 15/9-F-14 H,5351,15/9-F-14,3420717,VOLVE,369304,MÆRSK INSPIRER,24.0,52.237246875,%,production,OP,3181.050845140625,219.6140615,2652.055161861125,0.0,76.28363050099999,528.9956832795,,187.366797875,7777.287166900001,6765.885810039001,13394.9051722,0.8699544796075543,0.6326650050057782
2012-03-12,NO 15/9-F-14 H,5351,15/9-F-14,3420717,VOLVE,369304,MÆRSK INSPIRER,24.0,52.629502708333334,%,production,OP,3183.512345471125,219.56604275,2654.557985935125,0.0,76.24703257899999,528.954359536,,187.338083,7783.8285693,6750.639747755,13406.855811200001,0.86726469983936,0.6326768673661715
2012-03-13,NO 15/9-F-14 H,5351,15/9-F-14,3420717,VOLVE,369304,MÆRSK INSPIRER,22.58334,47.900522083333335,%,production,OP,3223.049123336105,219.45385744896902,2682.466001242272,0.0,90.68121372817077,540.5831220938328,,186.08294941940653,6804.819642800001,6186.181589952999,12352.6836552,0.909088251368783,0.6447961126797557
2012-03-14,NO 15/9-F-14 H,5351,15/9-F-14,3420717,VOLVE,369304,MÆRSK INSPIRER,24.0,51.6651975,%,production,OP,3182.7808855992503,219.49720587500002,2658.9092165838747,0.0,78.57183761612501,523.871669015375,,187.29156875,7684.5753675000005,6523.722317729001,13496.4856037,0.8489372549223033,0.6371959186582411
2012-03-15,NO 15/9-F-14 H,5351,15/9-F-14,3420717,VOLVE,369304,MÆRSK INSPIRER,23.25,47.934423333333335,%,production,OP,3229.1793007132987,219.37261330578065,2681.7688639158314,0.0,100.41363878263417,547.4104367974674,,184.88715868687225,6768.590337199999,5957.233917824001,12356.8349298,0.8801291880649351,0.6460946492583944
2012-03-16,NO 15/9-F-14 H,5351,15/9-F-14,3420717,VOLVE,369304,MÆRSK INSPIRER,24.0,52.74601833333333,%,production,OP,3187.395109423125,219.40007974999997,2662.7888652405,0.0,73.519505361875,524.606244182625,,185.546546375,7566.075347100001,6525.929486479,13184.5110277,0.8625250459579843,0.6353801665918983
2012-03-17,NO 15/9-F-14 H,5351,15/9-F-14,3420717,VOLVE,369304,MÆRSK INSPIRER,24.0,54.728314375,%,production,OP,3183.9376905575,219.35435487499998,2661.5967737455,0.0,69.121348876875,522.340916812,,186.71314212500002,7644.1318892,6608.381188598,13280.933815,0.8645038160493596,0.6346901846207489
2012-03-18,NO 15/9-F-14 H,5351,15/9-F-14,3420717,VOLVE,369304,MÆRSK INSPIRER,24.0,54.281170625,%,production,OP,3184.447270512638,219.30848791489362,2662.8936559669787,0.0,68.41936823565958,521.5536145456596,,187.06495885106384,7673.8826905,6654.507484003,13325.2769755,0.8671630454086885,0.634562391421554
2012-03-19,NO 15/9-F-14 H,5351,15/9-F-14,3420717,VOLVE,369304,MÆRSK INSPIRER,24.0,57.5770775,%,production,OP,3184.81285589275,219.249722375,2665.3483478048747,0.0,66.38563909925,519.4645080878751,,185.192733125,7703.3190013,6699.572572673001,13354.2729996,0.8696994855778907,0.6341785423057508
2012-03-20,NO 15/9-F-14 H,5351,15/9-F-14,3420717,VOLVE,369304,MÆRSK INSPIRER,24.0,59.06967229166667,%,production,OP,3183.27879501,219.194627375,2666.019601798625,0.0,63.99069912425,517.2591932113751,,184.894224125,7765.713916500001,6730.944386418001,13907.398890999999,0.8667515258470442,0.6416890372197633
2012-03-21,NO 15/9-F-14 H,5351,15/9-F-14,3420717,VOLVE,369304,MÆRSK INSPIRER,24.0,59.782162291666666,%,production,OP,3186.605504421375,219.142028375,2669.147998939625,0.0,64.441069308875,517.45750548175,,186.66497224999998,7810.057077,6758.968013456001,14023.949070300001,0.8654185170247509,0.6422984850187103
2012-03-22,NO 15/9-F-14 H,5351,15/9-F-14,3420717,VOLVE,369304,MÆRSK INSPIRER,24.0,61.205689166666666,%,production,OP,3187.1866142764998,219.09415812499998,2671.074901288625,0.0,63.045791662375,516.1117129878751,,188.47349937500002,7839.493387800001,6782.384484732001,14100.4331599,0.8651559672576422,0.6426836994756563
2012-03-23,NO 15/9-F-14 H,5351,15/9-F-14,3420717,VOLVE,369304,MÆRSK INSPIRER,24.0,46.968935,%,production,OP,3385.629736122125,218.69326325,2764.6102912349997,0.0,166.46645196925,621.019444887125,,184.553300375,6485.9262758,5690.571205536,12163.4861704,0.8773721691485156,0.6522181975163742
2012-03-24,NO 15/9-F-14 H,5351,15/9-F-14,3420717,VOLVE,369304,MÆRSK INSPIRER,24.0,8.20783125,%,production,OP,3952.880056086375,217.46848062499998,2965.486011568,0.0,527.2137736061251,987.394044518375,,168.8723855,1504.8999406,1344.4122653560003,2553.8515543,0.8933565807836941,0.6292209704164019
2012-03-25,NO 15/9-F-14 H,5351,15/9-F-14,3420717,VOLVE,369304,MÆRSK INSPIRER,23.0,7.974704565217391,%,production,OP,3965.773292328409,217.49057231818182,2943.8157960861818,0.0,563.5188147140454,1021.9574962422273,,166.71169563636363,2332.4502423,2084.8252096140004,4285.9394321,0.8938348059070192,0.6475803999087661
2012-03-26,NO 15/9-F-14 H,5351,15/9-F-14,3420717,VOLVE,369304,MÆRSK INSPIRER,24.0,7.957581041666667,%,production,OP,3957.062093864875,217.53590000000003,2933.148747007375,0.0,565.979028656375,1023.9133468574998,,168.760149875,2463.3411883999997,2202.91332865,4477.5899428,0.8942786078614007,0.6450993185442947
2012-03-27,NO 15/9-F-14 H,5351,15/9-F-14,3420717,VOLVE,369304,MÆRSK INSPIRER,24.0,24.545470833333333,%,production,OP,3682.190173588375,218.068777625,2828.3219825716246,0.0,395.492745781875,853.8681910167501,,176.04102087500002,4344.8749517999995,3789.160659606,6932.9430725,0.8720988985048287,0.6147415269125448
2012-03-28,NO 15/9-F-14 H,5351,15/9-F-14,3420717,VOLVE,369304,MÆRSK INSPIRER,24.0,58.87948291666667,%,production,OP,3200.107956026125,219.024833,2676.12310902475,0.0,69.962194595375,523.984847001375,,188.16021537499998,7976.988634400001,6920.8608395189995,13846.387734000002,0.8676031967343477,0.6344750464025087
2012-03-29,NO 15/9-F-14 H,5351,15/9-F-14,3420717,VOLVE,369304,MÆRSK INSPIRER,24.0,64.159964375,%,production,OP,3184.024347740875,218.91777462500002,2667.643507679125,0.0,62.172931827,516.38084006175,,187.5392195,8000.63832,6973.824767138,13851.482480100001,0.8716585462568442,0.6338736000414483
2012-03-30,NO 15/9-F-14 H,5351,15/9-F-14,3420717,VOLVE,369304,MÆRSK INSPIRER,24.0,73.16026729166667,%,production,OP,3179.736033367875,218.84576637499998,2670.155523536375,0.0,55.508088240125,509.5805098315,,187.57651475,8132.9759224,7093.851663204,14438.7620398,0.8722332060108497,0.6396832208481255
2012-03-31,NO 15/9-F-14 H,5351,15/9-F-14,3420717,VOLVE,369304,MÆRSK INSPIRER,24.0,88.128835625,%,production,OP,3177.012624625625,218.809695875,2672.08945720675,0.0,50.57831007425,504.923167418875,,187.19877275000002,8165.368443900001,7123.8793994669995,14599.340889100002,0.8724504532050782,0.6413146188489487
2012-04-01,NO 15/9-F-14 H,5351,15/9-F-14,3420717,VOLVE,369304,MÆRSK INSPIRER,24.0,100.0,%,production,OP,3175.6295996685003,218.77836462500002,2673.3056431395,0.0,47.927127234375,502.323956529,,187.369707875,8183.3573005,7142.870938833001,14702.4937731,0.8728533628119323,0.6424272239567301
2012-04-02,NO 15/9-F-14 H,5351,15/9-F-14,3420717,VOLVE,369304,MÆRSK INSPIRER,24.0,100.0,%,production,OP,3176.1785594336247,218.74677012499998,2673.8783498555,0.0,47.944148047999995,502.30020957812496,,187.565159375,8233.6128824,7164.7713500380005,14794.199202900001,0.8701855980323372,0.6424491891847599
2012-04-03,NO 15/9-F-14 H,5351,15/9-F-14,3420717,VOLVE,369304,MÆRSK INSPIRER,24.0,100.0,%,production,OP,3177.08333367225,218.73150274999998,2675.2990756277504,0.0,47.716344717625,501.7842580445,,186.83662925,8213.6112866,7110.291715495001,14696.4555555,0.8656718059077135,0.6414846214456912
2012-04-04,NO 15/9-F-14 H,5351,15/9-F-14,3420717,VOLVE,369304,MÆRSK INSPIRER,24.0,100.0,%,production,OP,3179.3611373324998,218.7133955,2677.2187653578753,0.0,48.06109097875,502.14237197462495,,187.813362125,8188.640740900001,7028.954192161001,14813.0057348,0.8583786265104187,0.6439976264503127
2012-04-05,NO 15/9-F-14 H,5351,15/9-F-14,3420717,VOLVE,369304,MÆRSK INSPIRER,24.0,100.0,%,production,OP,3183.0888073164997,218.68808262500002,2681.509098176375,0.0,47.661961510875,501.57970914012503,,186.19034375,8175.0547513,7039.885857546,14959.2438173,0.8611423497104426,0.6466262105566521
2012-04-06,NO 15/9-F-14 H,5351,15/9-F-14,3420717,VOLVE,369304,MÆRSK INSPIRER,24.0,100.0,%,production,OP,3186.81610866225,218.653616375,2684.9003918005,0.0,47.745019938875,501.91571686175007,,187.884405875,8142.976720300001,7014.860801684999,14969.810698100002,0.8614614830222135,0.6476852154224632
2012-04-07,NO 15/9-F-14 H,5351,15/9-F-14,3420717,VOLVE,369304,MÆRSK INSPIRER,24.0,100.0,%,production,OP,3191.43695890975,218.611876625,2690.255705415125,0.0,46.601930136499995,501.181253494625,,187.96492849999998,8110.9615874,6978.975416133,14997.989046899998,0.8604374883213,0.6490121202058774
2012-04-08,NO 15/9-F-14 H,5351,15/9-F-14,3420717,VOLVE,369304,MÆRSK INSPIRER,24.0,100.0,%,production,OP,3196.736484262,218.5596515,2696.8671871045003,0.0,45.792754069625005,499.86929715749994,,186.25565675,8049.3843475,6953.415695714,15040.4452644,0.8638444128802982,0.6513883175928019
2012-04-09,NO 15/9-F-14 H,5351,15/9-F-14,3420717,VOLVE,369304,MÆRSK INSPIRER,24.0,100.0,%,production,OP,3201.4714552425,218.50593125,2701.244080414375,0.0,46.215319261,500.227374828125,,187.091194625,8031.0810003999995,6922.354651329,15038.6841176,0.8619455651093823,0.6518785102786412
2012-04-10,NO 15/9-F-14 H,5351,15/9-F-14,3420717,VOLVE,369304,MÆRSK INSPIRER,24.0,100.0,%,production,OP,3205.042523467625,218.4517865,2704.7121233135,0.0,45.92213098725,500.330400154125,,187.209480875,7870.7537434999995,6797.506239272,15120.1371571,0.8636410769280728,0.6576577315977523
2012-04-11,NO 15/9-F-14 H,5351,15/9-F-14,3420717,VOLVE,369304,MÆRSK INSPIRER,24.0,100.0,%,production,OP,3210.425131420875,218.39316875,2709.9565886150003,0.0,45.953688838750004,500.46854280587496,,188.536882625,7808.610420700001,6734.753783107,15068.497817,0.8624778827810012,0.6586714396082669
2012-04-12,NO 15/9-F-14 H,5351,15/9-F-14,3420717,VOLVE,369304,MÆRSK INSPIRER,24.0,100.0,%,production,OP,3213.4813510055,218.33703725,2713.510406383,0.0,45.4555256115,499.97094462250004,,188.43109475,7766.091305100001,6704.329109616,15057.4277514,0.8632822930131223,0.6597329585382994
2012-04-13,NO 15/9-F-14 H,5351,15/9-F-14,3420717,VOLVE,369304,MÆRSK INSPIRER,24.0,100.0,%,production,OP,3215.2253725230003,218.28932187499998,2715.777519534,0.0,45.44903213937501,499.44785298899995,,187.988164625,7636.961505800001,6598.993835044001,15225.2398822,0.8640863031759817,0.6659568614504237
2012-04-14,NO 15/9-F-14 H,5351,15/9-F-14,3420717,VOLVE,369304,MÆRSK INSPIRER,24.0,100.0,%,production,OP,3217.2836067810003,218.246354,2717.8605945711247,0.0,45.442571905125,499.423012209875,,187.993090625,7603.436818499999,6570.142078291,15219.3274608,0.8641016207703759,0.6668485585071641
2012-04-15,NO 15/9-F-14 H,5351,15/9-F-14,3420717,VOLVE,369304,MÆRSK INSPIRER,24.0,100.0,%,production,OP,3221.40982305925,218.196990125,2722.51304195125,0.0,45.029310297125,498.896781108,,187.54128012500001,7553.7473195,6542.133283427,15229.139564399999,0.86607785602498,0.6684464371002073
2012-04-16,NO 15/9-F-14 H,5351,15/9-F-14,3420717,VOLVE,369304,MÆRSK INSPIRER,24.0,100.0,%,production,OP,3225.97905186525,218.147477,2727.07075232275,0.0,44.919450055375,498.9082995425,,187.584220625,7537.3309154,6517.341657733001,15258.3871809,0.8646750064292661,0.6693532143379421
2012-04-17,NO 15/9-F-14 H,5351,15/9-F-14,3420717,VOLVE,369304,MÆRSK INSPIRER,24.0,100.0,%,production,OP,3229.14242733725,218.103681125,2731.95477402125,0.0,43.146795619375,497.187653316,,182.46245525,7508.3977894,6493.274689683,15246.310745699999,0.8648016356898269,0.670028830392707
2012-04-18,NO 15/9-F-14 H,5351,15/9-F-14,3420717,VOLVE,369304,MÆRSK INSPIRER,24.0,100.0,%,production,OP,3232.284678628875,218.061714875,2734.5872530023753,0.0,43.352223816625006,497.69742562650003,,185.64880512500002,7416.314971,6544.992714686001,15290.9054986,0.8825127762613739,0.6733939769982494
2012-04-19,NO 15/9-F-14 H,5351,15/9-F-14,3420717,VOLVE,369304,MÆRSK INSPIRER,24.0,100.0,%,production,OP,3234.20096600925,218.016906125,2737.414907807125,0.0,42.21065087,496.786058202125,,185.30700387500002,7404.7417206,6530.073313377,15442.112530999999,0.8818772564626162,0.6758966622251098
2012-04-20,NO 15/9-F-14 H,5351,15/9-F-14,3420717,VOLVE,369304,MÆRSK INSPIRER,24.0,100.0,%,production,OP,3236.418328104625,217.969822625,2739.880275817625,0.0,42.561108002375,496.53805228699997,,184.158671,7391.344425300001,6530.890848682,15301.849768000002,0.8835863237988566,0.6742924613282408
2012-04-21,NO 15/9-F-14 H,5351,15/9-F-14,3420717,VOLVE,369304,MÆRSK INSPIRER,24.0,100.0,%,production,OP,3214.37222879075,217.96275050000003,2731.9356410917503,0.0,45.887747916375,482.436587699,,186.3324005,7496.510048499999,6582.977559153,15552.3100022,0.8781389628724914,0.6747551487663973
2012-04-22,NO 15/9-F-14 H,5351,15/9-F-14,3420717,VOLVE,369304,MÆRSK INSPIRER,24.0,100.0,%,production,OP,3200.64046606475,217.937214125,2726.647854752625,0.0,48.79222753675,473.99261131212506,,187.87348475,7501.730590800001,6584.2167519760005,15404.9397539,0.8776930432626807,0.6725089033930371
2012-04-23,NO 15/9-F-14 H,5351,15/9-F-14,3420717,VOLVE,369304,MÆRSK INSPIRER,24.0,100.0,%,production,OP,3203.5753311461253,217.89913925000002,2729.73054377225,0.0,48.090089513875,473.844787373875,,187.87376,7454.7457101,6546.813187471001,15457.648361700001,0.8782074455740463,0.6746413453461367
2012-04-24,NO 15/9-F-14 H,5351,15/9-F-14,3420717,VOLVE,369304,MÆRSK INSPIRER,24.0,100.0,%,production,OP,3206.188867560125,217.864798625,2732.477886806125,0.0,47.847882097125,473.710980754,,188.33134925000002,7439.0840832,6530.9166284130015,15468.9700197,0.877919452901742,0.6752633789939293
2012-04-25,NO 15/9-F-14 H,5351,15/9-F-14,3420717,VOLVE,369304,MÆRSK INSPIRER,24.0,100.0,%,production,OP,3206.4257569168753,217.82470925,2732.98645348825,0.0,47.481525174,473.439303428625,,187.921203875,7434.052235200001,6521.570946205001,15626.5926583,0.8772565405614948,0.6776303408021601
2012-04-26,NO 15/9-F-14 H,5351,15/9-F-14,3420717,VOLVE,369304,MÆRSK INSPIRER,24.0,100.0,%,production,OP,3206.447576071,217.77826625,2733.672165957625,0.0,47.20611614175,472.77541011337496,,187.67449025000002,7410.7799382,6518.883497535,15431.985936899999,0.8796487754186866,0.6755743162311969
2012-04-27,NO 15/9-F-14 H,5351,15/9-F-14,3420717,VOLVE,369304,MÆRSK INSPIRER,24.0,100.0,%,production,OP,3210.177140613875,217.741908125,2736.681604744,0.0,47.994932499375,473.495535869875,,188.157113375,7363.7950575,6495.223001682,15483.8768694,0.8820483121765641,0.6777004203728021
2012-04-28,NO 15/9-F-14 H,5351,15/9-F-14,3420717,VOLVE,369304,MÆRSK INSPIRER,24.0,100.0,%,production,OP,3213.61160117275,217.71312912500002,2739.837945873,0.0,48.037359136,473.77365529975,,188.08921062500002,7471.7281971,6787.971270272001,17599.8318515,0.9084874464393143,0.7019839139400812
2012-04-29,NO 15/9-F-14 H,5351,15/9-F-14,3420717,VOLVE,369304,MÆRSK INSPIRER,24.0,100.0,%,production,OP,3215.980793881125,217.673743625,2742.571622097,0.0,47.949257615875,473.409171784125,,187.80447537499998,6480.391243,5787.569385732001,15198.6339859,0.89308950165372,0.7010755246337791
2012-04-30,NO 15/9-F-14 H,5351,15/9-F-14,3420717,VOLVE,369304,MÆRSK INSPIRER,24.0,97.91666666666667,%,production,OP,3216.5049486765956,217.62783672340424,2743.159653980681,0.0,47.69132109804255,473.34529469591484,,187.7271964680851,6760.4135842,6071.454724063001,15272.4134572,0.8980892438670929,0.693166311726721
2012-05-01,NO 15/9-F-14 H,5351,15/9-F-14,3420717,VOLVE,369304,MÆRSK INSPIRER,24.0,100.0,%,production,OP,3219.93449048,217.594513625,2746.175988629625,0.0,48.40784057725,473.758501850375,,188.06570375,6869.478889600001,6040.165899863001,15354.9986625,0.8792757059065234,0.690904819989755
2012-05-02,NO 15/9-F-14 H,5351,15/9-F-14,3420717,VOLVE,369304,MÆRSK INSPIRER,24.0,100.0,%,production,OP,3225.0988706324997,217.55654075,2750.924973906875,0.0,48.436887458375,474.173896725625,,188.3455085,6897.657238400001,6088.682294164,15525.389615400001,0.8827174334305349,0.6923853710259243
2012-05-03,NO 15/9-F-14 H,5351,15/9-F-14,3420717,VOLVE,369304,MÆRSK INSPIRER,24.0,100.0,%,production,OP,3226.748614428375,217.522856375,2752.709415702,0.0,48.245808958249995,474.039198726375,,188.57272925,7020.8746163000005,6177.920069035,16402.9439066,0.8799359633473646,0.7002677164085723
2012-05-04,NO 15/9-F-14 H,5351,15/9-F-14,3420717,VOLVE,369304,MÆRSK INSPIRER,24.0,100.0,%,production,OP,3226.3604111565,217.470344375,2752.7330327229997,0.0,53.646471120875,473.62737843350004,,188.04069725000002,7064.9661844,6210.361211896,16348.9144387,0.8790362260486065,0.6982573586101851
2012-05-05,NO 15/9-F-14 H,5351,15/9-F-14,3420717,VOLVE,369304,MÆRSK INSPIRER,24.0,100.0,%,production,OP,3247.370213960375,217.37193274999998,2773.077757734625,0.0,48.252785890375,474.29245622574996,,186.68231674999998,7082.766346699999,6281.392493182001,16347.404884300002,0.8868558110926003,0.6977074440954606
2012-05-06,NO 15/9-F-14 H,5351,15/9-F-14,3420717,VOLVE,369304,MÆRSK INSPIRER,24.0,100.0,%,production,OP,3253.435509736375,217.31817575,2778.75955188725,0.0,48.752876914375,474.67595784912504,,186.717602,7101.19549,6224.289682723001,16308.2822661,0.8765129324334374,0.6966529726127878
2012-05-07,NO 15/9-F-14 H,5351,15/9-F-14,3420717,VOLVE,369304,MÆRSK INSPIRER,24.0,100.0,%,production,OP,3260.981250681125,217.26858987500003,2785.88011997825,0.0,48.969204112999996,475.10113070287497,,186.823679,7418.5793026,6508.052479045001,16998.526015500003,0.8772639899885029,0.696172858905567
2012-05-08,NO 15/9-F-14 H,5351,15/9-F-14,3420717,VOLVE,369304,MÆRSK INSPIRER,24.0,100.0,%,production,OP,3283.687173181375,217.13901837500003,2807.568634146375,0.0,49.891476582,476.118539035,,182.84289275,7484.433613300001,6573.854359555001,17193.384329300003,0.8783369188916472,0.6967141247776198
2012-05-09,NO 15/9-F-14 H,5351,15/9-F-14,3420717,VOLVE,369304,MÆRSK INSPIRER,24.0,100.0,%,production,OP,3283.935931481125,217.087871375,2807.2677739667497,0.0,50.283701636749996,476.668157514375,,187.115652875,7483.8675304,6553.723567966999,17310.3118972,0.8757134651763022,0.6981603060406498
2012-05-10,NO 15/9-F-14 H,5351,15/9-F-14,3420717,VOLVE,369304,MÆRSK INSPIRER,24.0,100.0,%,production,OP,3287.462101380375,217.05003575,2810.478845789375,0.0,50.524280397625,476.983255591,,186.59925575,7459.274373300001,6550.9774968950005,17228.418571,0.8782325423426988,0.697854538691424
2012-05-11,NO 15/9-F-14 H,5351,15/9-F-14,3420717,VOLVE,369304,MÆRSK INSPIRER,24.0,100.0,%,production,OP,3287.297471163875,217.02338525,2810.68042141475,0.0,50.4348977085,476.61704974912504,,186.22272949999999,7448.518798200001,6542.626276639001,16978.3986235,0.8783795079123763,0.695069227540639
2012-05-12,NO 15/9-F-14 H,5351,15/9-F-14,3420717,VOLVE,369304,MÆRSK INSPIRER,24.0,100.0,%,production,OP,3291.327584659,216.98366975,2814.14718012325,0.0,50.322641318125,477.18040453575,,186.19429587500002,7336.623078300001,6446.61372972,16792.4718399,0.878689508908746,0.6959428812737538
2012-05-13,NO 15/9-F-14 H,5351,15/9-F-14,3420717,VOLVE,369304,MÆRSK INSPIRER,24.0,100.0,%,production,OP,3289.6598954322503,216.95962475000002,2814.29311252425,0.0,49.205180939,475.36678290799995,,183.101178125,7337.063365,6437.225316725001,16763.2242234,0.8773571927199788,0.6955611696297146
2012-05-14,NO 15/9-F-14 H,5351,15/9-F-14,3420717,VOLVE,369304,MÆRSK INSPIRER,24.0,100.0,%,production,OP,3291.964781917375,216.92870075000002,2816.202184264125,0.0,49.231311952,475.76259765324994,,182.25742925,7335.3651163,6434.642752714,16701.332493,0.8772082439925868,0.6948264176913436
2012-05-15,NO 15/9-F-14 H,5351,15/9-F-14,3420717,VOLVE,369304,MÆRSK INSPIRER,24.0,100.0,%,production,OP,3292.634923953125,216.907092875,2816.531801248875,0.0,49.715569660999996,476.10312270425004,,186.741554375,7316.118297700001,6419.904868963001,16596.7329527,0.8775015121039327,0.69405077541401
2012-05-16,NO 15/9-F-14 H,5351,15/9-F-14,3420717,VOLVE,369304,MÆRSK INSPIRER,24.0,100.0,%,production,OP,3293.547321751625,216.886742,2817.69615120475,0.0,49.4026864355,475.851170546875,,185.921075,7300.4566708,6429.604404465001,16641.0132151,0.8807126313319288,0.6950706574996257
2012-05-17,NO 15/9-F-14 H,5351,15/9-F-14,3420717,VOLVE,369304,MÆRSK INSPIRER,24.0,100.0,%,production,OP,3293.4385432516247,216.869728625,2817.6819133077497,0.0,49.45588516525,475.756629943875,,186.304963625,7314.1055584999995,6429.604404465001,16663.719429200002,0.879069129237944,0.694963760797656
2012-05-18,NO 15/9-F-14 H,5351,15/9-F-14,3420717,VOLVE,369304,MÆRSK INSPIRER,24.0,100.0,%,production,OP,3294.3645957735002,216.851103875,2818.3926659835,0.0,49.709381373,475.97192979000005,,187.00734875,7314.1055584999995,6433.232989890001,17939.2299991,0.8795652371209897,0.7103707135313926
2012-05-19,NO 15/9-F-14 H,5351,15/9-F-14,3420717,VOLVE,369304,MÆRSK INSPIRER,24.0,100.0,%,production,OP,3292.219810089,216.82582475,2816.866225639,0.0,49.221530951874996,475.35358445,,186.63276612500002,7325.5530127,6445.621739797,19060.011243,0.8798819322749422,0.7223651182249217
2012-05-20,NO 15/9-F-14 H,5351,15/9-F-14,3420717,VOLVE,369304,MÆRSK INSPIRER,24.0,100.0,%,production,OP,3289.6948949146254,216.79573025,2814.721557797875,0.0,49.206253615875,474.97333711675,,186.867029375,7179.000439699999,6312.837408356001,16723.6613185,0.8793476837591343,0.6996568619711491
2012-05-21,NO 15/9-F-14 H,5351,15/9-F-14,3420717,VOLVE,369304,MÆRSK INSPIRER,24.0,100.0,%,production,OP,3292.3130816095,216.76363625,2817.404361943375,0.0,49.08687223375,474.90871966612497,,187.398086375,7182.5227333,6292.405029230001,17105.5785817,0.8760717178181439,0.7042781302602615
2012-05-22,NO 15/9-F-14 H,5351,15/9-F-14,3420717,VOLVE,369304,MÆRSK INSPIRER,21.08334,70.91305041666666,%,production,OP,3430.2024486376044,216.53285583936605,2879.612845648011,0.0,100.31318750810118,550.5896029895933,,182.29053886966864,5463.957947000001,4989.483651757,15140.7677339,0.9131628940329762,0.7348201557439351
2012-05-23,NO 15/9-F-14 H,5351,15/9-F-14,3420717,VOLVE,369304,MÆRSK INSPIRER,24.0,99.814331875,%,production,OP,3302.0151689759996,216.710579375,2825.966269332375,0.0,47.764364382125,476.04889964362496,,185.10040475,6663.676306400001,5930.944242556001,17009.6589792,0.8900408678104216,0.7185155270261653
2012-05-24,NO 15/9-F-14 H,5351,15/9-F-14,3420717,VOLVE,369304,MÆRSK INSPIRER,24.0,100.0,%,production,OP,3306.81876106025,216.69434825000002,2829.81895905075,0.0,46.973345259875,476.99980200950006,,185.42906675,6842.9358914,6092.841306383,16782.533940100002,0.8903840987375468,0.7103576800713497
2012-05-25,NO 15/9-F-14 H,5351,15/9-F-14,3420717,VOLVE,369304,MÆRSK INSPIRER,24.0,100.0,%,production,OP,3316.102685743,216.628538375,2831.6683869347503,0.0,44.737107073125,484.43429880825,,187.0062125,6890.8642436,6075.302613775,16508.990103199998,0.8816459589111096,0.705516789058888
2012-05-26,NO 15/9-F-14 H,5351,15/9-F-14,3420717,VOLVE,369304,MÆRSK INSPIRER,24.0,100.0,%,production,OP,3310.20485446775,216.60136774999998,2828.08276958525,0.0,46.489045248124995,482.12208488249996,,188.14128875,6955.963777100001,6121.799007236,17023.1820707,0.8800791958390889,0.7099161153924844
2012-05-27,NO 15/9-F-14 H,5351,15/9-F-14,3420717,VOLVE,369304,MÆRSK INSPIRER,24.0,100.0,%,production,OP,3299.636875133125,216.608994125,2825.2598194506254,0.0,48.228304684625,474.3770556825,,188.568642125,7024.8371965999995,6168.7103484220015,17166.9671273,0.8781285851589044,0.709619129580182
2012-05-28,NO 15/9-F-14 H,5351,15/9-F-14,3420717,VOLVE,369304,MÆRSK INSPIRER,24.0,100.0,%,production,OP,3301.318512180875,216.59196912500002,2826.8069760561248,0.0,48.31467783525,474.51153612475,,188.183549,7085.911251699999,6200.651435131001,17191.2457939,0.8750676116135926,0.7081243393371609
2012-05-29,NO 15/9-F-14 H,5351,15/9-F-14,3420717,VOLVE,369304,MÆRSK INSPIRER,24.0,100.0,%,production,OP,3300.922274408125,216.56565275,2826.508016478625,0.0,48.201333659875004,474.41425792949997,,187.502651375,7115.9765435,6220.562216138001,17134.1343191,0.8741684543381605,0.7065590098198399
2012-05-30,NO 15/9-F-14 H,5351,15/9-F-14,3420717,VOLVE,369304,MÆRSK INSPIRER,24.0,100.0,%,production,OP,3299.57837949475,216.53584625,2825.310008641875,0.0,48.272127312,474.26837085287497,,187.51363175,7074.7153898999995,6216.18178075,17149.1040669,0.8786476116939406,0.7079438524334767
2012-05-31,NO 15/9-F-14 H,5351,15/9-F-14,3420717,VOLVE,369304,MÆRSK INSPIRER,24.0,100.0,%,production,OP,3301.170661048,216.51845075,2826.973981269875,0.0,48.158299676625,474.19667977812503,,187.744230125,7078.8037664,6217.761054134,17192.0005711,0.8783632460115656,0.7083407839326207
2012-06-01,NO 15/9-F-14 H,5351,15/9-F-14,3420717,VOLVE,369304,MÆRSK INSPIRER,24.0,100.0,%,production,OP,3302.05661962775,216.49855025,2828.079491122125,0.0,47.74633434575,473.977128505625,,186.975278375,7074.4637975000005,6229.799129070001,17237.4758974,0.8806037188672179,0.7090127778252084
2012-06-02,NO 15/9-F-14 H,5351,15/9-F-14,3420717,VOLVE,369304,MÆRSK INSPIRER,24.0,100.0,%,production,OP,3299.67090165225,216.466336625,2826.20734363975,0.0,47.504202469625,473.46355801249996,,187.04602625,7063.393731900001,6229.311079916,17127.7187129,0.8819147447186639,0.7080169939262834
2012-06-03,NO 15/9-F-14 H,5351,15/9-F-14,3420717,VOLVE,369304,MÆRSK INSPIRER,24.0,100.0,%,production,OP,3300.7569371313753,216.44905925,2827.37088682175,0.0,47.4117014635,473.386050309625,,187.138547,7028.9255731,6200.623183371,17144.764098000003,0.8821580366565626,0.7092324064413227
2012-06-04,NO 15/9-F-14 H,5351,15/9-F-14,3420717,VOLVE,369304,MÆRSK INSPIRER,24.0,100.0,%,production,OP,3302.430436943,216.43747437500002,2829.128677884375,0.0,47.3481748195,473.30175905862495,,186.9520325,7018.736080900001,6200.1093544860005,17197.9129925,0.8833655066983186,0.7101689808682281
2012-06-05,NO 15/9-F-14 H,5351,15/9-F-14,3420717,VOLVE,369304,MÆRSK INSPIRER,24.0,100.0,%,production,OP,3308.002014302125,216.418796,2831.867762817125,0.0,47.032526807125,476.13425148499994,,187.458195875,6993.702637100001,6171.471251668,17259.1757419,0.8824326071471426,0.7116341191420938
2012-06-06,NO 15/9-F-14 H,5351,15/9-F-14,3420717,VOLVE,369304,MÆRSK INSPIRER,24.0,100.0,%,production,OP,3303.40536424925,216.400524125,2830.4173677090002,0.0,47.061661315375,472.9879965402499,,186.599133125,7026.346750999999,6199.631899741999,17265.9058386,0.8823407269018796,0.7107577107111046
2012-06-07,NO 15/9-F-14 H,5351,15/9-F-14,3420717,VOLVE,369304,MÆRSK INSPIRER,24.0,100.0,%,production,OP,3302.1853982636253,216.37200575000003,2830.07073293225,0.0,46.262015453749996,472.114665331375,,185.968773125,6929.9239637,6100.086823382,16769.0737467,0.88025306703727,0.7075857785893244
2012-06-08,NO 15/9-F-14 H,5351,15/9-F-14,3420717,VOLVE,369304,MÆRSK INSPIRER,24.0,100.0,%,production,OP,3304.116817942,216.359156375,2832.29409295325,0.0,45.79360314625,471.82272498875005,,184.283898875,6905.2679085,6079.9789863490005,16795.6167449,0.8804841559970302,0.7086493601617775
2012-06-09,NO 15/9-F-14 H,5351,15/9-F-14,3420717,VOLVE,369304,MÆRSK INSPIRER,24.0,100.0,%,production,OP,3306.3507113477503,216.34702625,2833.20366251075,0.0,47.058926744749996,473.147048837,,187.039191125,6902.1859016,6097.707318896,16848.1995565,0.8834458251091857,0.709386362853912
2012-06-10,NO 15/9-F-14 H,5351,15/9-F-14,3420717,VOLVE,369304,MÆRSK INSPIRER,24.0,100.0,%,production,OP,3307.6802928235,216.33231162500002,2834.1625752045,0.0,47.270274305375,473.517717619,,188.017654625,6931.4335181,6097.360175395001,17024.8803194,0.8796679877940127,0.71066360354447
2012-06-11,NO 15/9-F-14 H,5351,15/9-F-14,3420717,VOLVE,369304,MÆRSK INSPIRER,24.0,100.0,%,production,OP,3311.272645375125,216.29340687500002,2834.9427074118753,0.0,46.068368572375,476.32993796325,,187.811867,6833.7527688,6033.849865768,16957.956740999998,0.8829482233123774,0.7127674761670605
2012-06-12,NO 15/9-F-14 H,5351,15/9-F-14,3420717,VOLVE,369304,MÆRSK INSPIRER,24.0,100.0,%,production,OP,3306.739180522625,216.28429625,2834.1591335736252,0.0,46.485754698499996,472.580046949,,187.50330125,6893.002779,6083.946239747001,17027.144651,0.8826264017014696,0.7118327636076782
2012-06-13,NO 15/9-F-14 H,5351,15/9-F-14,3420717,VOLVE,369304,MÆRSK INSPIRER,23.16667,100.0,%,production,OP,3354.4288368661764,216.20505772329213,2855.376332167934,0.0,72.42364939721035,499.05250469824256,,186.05964540221706,5883.6140702,5267.533235913001,15396.700102800001,0.8952887074277363,0.7235184583099341
2012-06-14,NO 15/9-F-14 H,5351,15/9-F-14,3420717,VOLVE,369304,MÆRSK INSPIRER,24.0,100.0,%,production,OP,3310.8739117401246,216.266778875,2837.57282348225,0.0,47.241411743375,473.301088257875,,187.433904875,6636.0640404999995,5851.385520661001,16962.0451175,0.8817554328815855,0.7187883149421612
2012-06-15,NO 15/9-F-14 H,5351,15/9-F-14,3420717,VOLVE,369304,MÆRSK INSPIRER,24.0,100.0,%,production,OP,3312.208720627125,216.255850625,2838.85382327125,0.0,47.490472205625,473.354897355875,,187.3698905,6720.473290700001,5930.549071063001,17090.4201396,0.8824600313894378,0.7177563575943766
2012-06-16,NO 15/9-F-14 H,5351,15/9-F-14,3420717,VOLVE,369304,MÆRSK INSPIRER,24.0,100.0,%,production,OP,3310.259814804875,216.21792349999998,2837.319874188625,0.0,46.80015477975,472.93994061625,,187.36069475,6775.8236187,5987.236227503,17048.8444955,0.8836174854049259,0.71559630605467
2012-06-17,NO 15/9-F-14 H,5351,15/9-F-14,3420717,VOLVE,369304,MÆRSK INSPIRER,24.0,100.0,%,production,OP,3309.61504535425,216.18917787499998,2836.9408959378748,0.0,46.670052672124996,472.67414941637503,,187.891076375,6799.4733043,5981.862389604001,16954.4344474,0.8797537870795169,0.7137534853054491
2012-06-18,NO 15/9-F-14 H,5351,15/9-F-14,3420717,VOLVE,369304,MÆRSK INSPIRER,24.0,100.0,%,production,OP,3310.658500093875,216.182975,2838.264455315,0.0,46.61175041775,472.39404477887496,,187.6321505,6788.4661368,5971.737665114,17011.4830241,0.8796888052135153,0.7147697211071146
2012-06-19,NO 15/9-F-14 H,5351,15/9-F-14,3420717,VOLVE,369304,MÆRSK INSPIRER,24.0,100.0,%,production,OP,3314.074634497125,216.1734575,2842.07408989875,0.0,46.21607466725,472.00054459837503,,187.17807612500002,6801.989228300001,5991.470460033001,17056.8954523,0.8808409215211929,0.7149074938179824
2012-06-20,NO 15/9-F-14 H,5351,15/9-F-14,3420717,VOLVE,369304,MÆRSK INSPIRER,16.0,58.871109583333336,%,production,OP,3686.2018430845,215.59251275,2957.674358558375,0.0,128.106369636875,728.527484526125,,164.29021325,3987.2363551999997,3536.786981232,12238.8380942,0.8870271702402239,0.7542698101359052
2012-06-21,NO 15/9-F-14 H,5351,15/9-F-14,3420717,VOLVE,369304,MÆRSK INSPIRER,24.0,99.93650229166667,%,production,OP,3331.1173579250003,216.099421625,2854.4255682815,0.0,47.48909736625,476.69178964350004,,187.118813,5950.7263429,5289.7645458570005,17918.4736261,0.8889275427979285,0.7506943529473767
2012-06-22,NO 15/9-F-14 H,5351,15/9-F-14,3420717,VOLVE,369304,MÆRSK INSPIRER,24.0,100.0,%,production,OP,3331.659996450625,216.094272875,2856.1429300016252,0.0,45.99263154175,475.51706644899997,,185.30060787500003,6237.6674751,5502.977753401,16863.6724891,0.882217235107227,0.7299867676608165
2012-06-23,NO 15/9-F-14 H,5351,15/9-F-14,3420717,VOLVE,369304,MÆRSK INSPIRER,24.0,100.0,%,production,OP,3327.645791811125,216.062823875,2855.390104219375,0.0,46.268442450125,472.25568759175,,185.297403875,6362.142815,5628.231578214,16852.6653216,0.8846440172553719,0.7259446307906559
2012-06-24,NO 15/9-F-14 H,5351,15/9-F-14,3420717,VOLVE,369304,MÆRSK INSPIRER,24.0,100.0,%,production,OP,3328.092662954,216.02575812499998,2855.92463874675,0.0,46.097602794249994,472.16802420724997,,186.00476075,6409.819574800001,5662.268592368,16627.049836899998,0.8833740991133396,0.7217582189555422
2012-06-25,NO 15/9-F-14 H,5351,15/9-F-14,3420717,VOLVE,369304,MÆRSK INSPIRER,24.0,100.0,%,production,OP,3324.497125609625,216.01108325,2852.512175617875,0.0,46.812256387875,471.98494999175,,187.694498,6437.4947388,5691.02747146,16183.995620500002,0.8840438248685626,0.7154257019960907
2012-06-26,NO 15/9-F-14 H,5351,15/9-F-14,3420717,VOLVE,369304,MÆRSK INSPIRER,24.0,100.0,%,production,OP,3323.8899693470003,216.002190125,2851.8548905965,0.0,46.951450565125,472.0350787505,,187.6689515,6437.4947388,5704.260242697001,16587.5498301,0.8860994026630179,0.7204133646935413
2012-06-27,NO 15/9-F-14 H,5351,15/9-F-14,3420717,VOLVE,369304,MÆRSK INSPIRER,24.0,100.0,%,production,OP,3326.8596828295003,215.98861625,2853.674467847125,0.0,47.205937865875,473.185214982375,,187.797905,6796.3283993,6015.368623816999,16622.080887,0.8850909300434281,0.7097869323141466
2012-06-28,NO 15/9-F-14 H,5351,15/9-F-14,3420717,VOLVE,369304,MÆRSK INSPIRER,24.0,100.0,%,production,OP,3328.9974160412503,215.977102625,2856.335851693,0.0,46.639990524999995,472.66156434824995,,186.34958037500002,6828.217736,6026.504761315001,16666.235353199998,0.8825882527942576,0.7093689429553559
2012-06-29,NO 15/9-F-14 H,5351,15/9-F-14,3420717,VOLVE,369304,MÆRSK INSPIRER,24.0,100.0,%,production,OP,3331.623289750125,215.964625625,2859.672079223125,0.0,45.483762697124995,471.95121052699994,,184.071945125,6857.0250658,6048.571857904,17734.307989300003,0.8820985485486659,0.7211609045172148
2012-06-30,NO 15/9-F-14 H,5351,15/9-F-14,3420717,VOLVE,369304,MÆRSK INSPIRER,24.0,100.0,%,production,OP,3333.305470690375,215.95135175000001,2861.671349490875,0.0,45.507301155875,471.6341211995,,184.19323775,6859.1007031,6070.317943870001,17871.866134,0.885002015078521,0.7226513323041474
2012-07-01,NO 15/9-F-14 H,5351,15/9-F-14,3420717,VOLVE,369304,MÆRSK INSPIRER,24.0,100.0,%,production,OP,3332.550747327625,215.92648924999997,2860.59940687075,0.0,45.882707845875,471.95134045687496,,185.267678375,6912.5640881,6077.6143140369995,16507.8579374,0.8792127257813972,0.7048488673443354
2012-07-02,NO 15/9-F-14 H,5351,15/9-F-14,3420717,VOLVE,369304,MÆRSK INSPIRER,24.0,100.0,%,production,OP,3330.480505131875,215.90967274999997,2858.79722511525,0.0,47.010218149749996,471.68328001662496,,187.593268625,6804.2535599,5989.110731779001,17904.1328593,0.8802009917847654,0.7246176482567611
2012-07-03,NO 15/9-F-14 H,5351,15/9-F-14,3420717,VOLVE,369304,MÆRSK INSPIRER,24.0,100.0,%,production,OP,3334.1691296776253,215.897977625,2861.847860736875,0.0,46.3842764445,472.32126894075,,186.30470674999998,6799.221711900001,5981.864155339,17388.6829298,0.8797866004089172,0.7188999290092236
2012-07-04,NO 15/9-F-14 H,5351,15/9-F-14,3420717,VOLVE,369304,MÆRSK INSPIRER,24.0,100.0,%,production,OP,3336.220003257125,215.88738387499998,2864.43045268925,0.0,45.88965456175,471.78955056787504,,184.16911775,6795.384927800001,5997.659008061,17436.6741801,0.8826076921006353,0.7195704707742063
2012-07-05,NO 15/9-F-14 H,5351,15/9-F-14,3420717,VOLVE,369304,MÆRSK INSPIRER,24.0,100.0,%,production,OP,3337.6935168181253,215.86991825,2865.247146559125,0.0,45.643313562,472.446370259,,183.80995175,6798.4040366,6024.880991409,17448.8135134,0.8862199067565493,0.719621271076524
2012-07-06,NO 15/9-F-14 H,5351,15/9-F-14,3420717,VOLVE,369304,MÆRSK INSPIRER,24.0,100.0,%,production,OP,3332.8129367505003,215.85544512500002,2860.2909533475004,0.0,46.6212443635,472.52198340300004,,188.142288125,6795.384927800001,6028.517699215001,17278.7999491,0.8871488169201811,0.7177314637007542
2012-07-07,NO 15/9-F-14 H,5351,15/9-F-14,3420717,VOLVE,369304,MÆRSK INSPIRER,24.0,100.0,%,production,OP,3330.262259201375,215.837863625,2858.0225590275,0.0,46.17002510225,472.239700173875,,188.178103625,6815.763912199999,6025.924893941,17151.053908,0.8841158484311329,0.7156166511828093
2012-07-08,NO 15/9-F-14 H,5351,15/9-F-14,3420717,VOLVE,369304,MÆRSK INSPIRER,24.0,100.0,%,production,OP,3329.7227631657497,215.818625,2858.2736530433754,0.0,45.52343361175,471.449110122375,,187.70892874999998,6802.177922600001,6008.737582598,17089.3508719,0.8833549564521352,0.7152891310929458
2012-07-09,NO 15/9-F-14 H,5351,15/9-F-14,3420717,VOLVE,369304,MÆRSK INSPIRER,24.0,100.0,%,production,OP,3331.653959243875,215.80915625,2859.771560183,0.0,45.768109696125,471.88239906087495,,187.93390325000001,6647.322800399999,5882.456806309001,16821.908150699997,0.8849362341716017,0.7167643535380335
2012-07-10,NO 15/9-F-14 H,5351,15/9-F-14,3420717,VOLVE,369304,MÆRSK INSPIRER,24.0,100.0,%,production,OP,3333.727283497125,215.804013125,2861.81087302525,0.0,45.79326472425,471.91641047187505,,187.79438075000002,6628.0130837,5863.11953603,16855.558634200002,0.8845968560998965,0.7177595826001248
2012-07-11,NO 15/9-F-14 H,5351,15/9-F-14,3420717,VOLVE,369304,MÆRSK INSPIRER,24.0,100.0,%,production,OP,3334.67767823,215.79291087500002,2862.765655157625,0.0,45.894709740375,471.91202307237495,,187.809416,6627.132510300001,5873.262624164,16981.6693247,0.8862449355035041,0.7192939922738777
2012-07-12,NO 15/9-F-14 H,5351,15/9-F-14,3420717,VOLVE,369304,MÆRSK INSPIRER,24.0,100.0,%,production,OP,3333.664016712875,215.771732,2861.99899939775,0.0,45.6078880305,471.665017315125,,187.85281475,6646.3164308000005,5894.733255470001,16888.13985,0.8869173348643087,0.7175920976673579
2012-07-13,NO 15/9-F-14 H,5351,15/9-F-14,3420717,VOLVE,369304,MÆRSK INSPIRER,24.0,100.0,%,production,OP,3332.97705329075,215.749800125,2861.59058447625,0.0,45.330989337125004,471.3864688145,,187.82698062499998,6672.2933461,5909.49833154,16775.1748624,0.8856772364473665,0.7154365116622182
2012-07-14,NO 15/9-F-14 H,5351,15/9-F-14,3420717,VOLVE,369304,MÆRSK INSPIRER,24.0,100.0,%,production,OP,3334.4084514425,215.73592100000002,2862.7204486260002,0.0,45.61014216275,471.6880028165,,187.77413562499999,6662.9844273,5875.465202003001,16862.0371385,0.8818068338760743,0.7167703158671507
2012-07-15,NO 15/9-F-14 H,5351,15/9-F-14,3420717,VOLVE,369304,MÆRSK INSPIRER,24.0,100.0,%,production,OP,3337.19277614475,215.72599100000002,2865.975116454125,0.0,45.344728665999995,471.217659690625,,186.191049125,6661.663567199999,5855.864837209,16922.6080088,0.879039413824723,0.7175378707062088
2012-07-16,NO 15/9-F-14 H,5351,15/9-F-14,3420717,VOLVE,369304,MÆRSK INSPIRER,24.0,100.0,%,production,OP,3339.592638346875,215.716371125,2867.894096102375,0.0,45.707175606374996,471.6985422445,,187.12177175000002,6663.676306400001,5854.840357761999,16944.74814,0.8786201622877194,0.7177415917132017
2012-07-17,NO 15/9-F-14 H,5351,15/9-F-14,3420717,VOLVE,369304,MÆRSK INSPIRER,24.0,100.0,%,production,OP,3341.154685520375,215.697566,2869.699051709625,0.0,45.634130843625,471.45563381075,,186.164299625,6667.6388867,5864.567791877001,16923.8030727,0.8795569003557028,0.7173704389000571
2012-07-18,NO 15/9-F-14 H,5351,15/9-F-14,3420717,VOLVE,369304,MÆRSK INSPIRER,24.0,100.0,%,production,OP,3340.330065928125,215.6796395,2868.8059288570003,0.0,45.444112933875,471.5241370711249,,186.547196,6663.298917800001,5892.763401504,16901.2226548,0.8843612562183529,0.7172317334230179
2012-07-19,NO 15/9-F-14 H,5351,15/9-F-14,3420717,VOLVE,369304,MÆRSK INSPIRER,24.0,97.91666666666667,%,production,OP,3335.3955936999573,215.4343325957447,2864.290083807064,0.0,45.10544476787234,471.1055098928937,,187.1524901702128,6667.827581,5902.203020814,16858.3890487,0.8851763110420477,0.7165788411306903
2012-07-20,NO 15/9-F-14 H,5351,15/9-F-14,3420717,VOLVE,369304,MÆRSK INSPIRER,24.0,100.0,%,production,OP,3338.67888383875,215.64661062500002,2867.694245824875,0.0,45.13035645875,470.984638013875,,187.584400625,6658.770254600001,5884.236314042,16954.182855,0.8836821348472057,0.7180034947897799
2012-07-21,NO 15/9-F-14 H,5351,15/9-F-14,3420717,VOLVE,369304,MÆRSK INSPIRER,24.0,100.0,%,production,OP,3340.0284291908747,215.63864225,2869.15857062425,0.0,45.03772552275,470.86985856662494,,187.27300025,6657.8896812,5836.875063578001,16929.778392199998,0.876685457865078,0.717738537761257
2012-07-22,NO 15/9-F-14 H,5351,15/9-F-14,3420717,VOLVE,369304,MÆRSK INSPIRER,24.0,100.0,%,production,OP,3342.6524899247497,215.631166625,2872.87261912275,133.572954592125,44.08798043925,469.779870802,,183.66899375,6648.7065586,5848.97953015,16988.965504300002,0.8797169011143129,0.7187241391238635
2012-07-23,NO 15/9-F-14 H,5351,15/9-F-14,3420717,VOLVE,369304,MÆRSK INSPIRER,24.0,100.0,%,production,OP,3343.925494494,215.61517024999998,2873.94974382975,212.3461593415,44.200653813875,469.97575066425003,,183.2540735,6661.9780577,5860.586412599001,16999.4065889,0.8797066519643155,0.7184451308661141
2012-07-24,NO 15/9-F-14 H,5351,15/9-F-14,3420717,VOLVE,369304,MÆRSK INSPIRER,24.0,100.0,%,production,OP,3343.1119340492496,215.592267875,2872.975417826875,214.17187955575,44.4896692235,470.136516222375,,186.876707375,6664.4310835999995,5861.491881507,17087.1494384,0.8795187177988991,0.7194110481436364
2012-07-25,NO 15/9-F-14 H,5351,15/9-F-14,3420717,VOLVE,369304,MÆRSK INSPIRER,24.0,100.0,%,production,OP,3341.591727317125,215.57424275,2870.67954787075,215.492199750875,45.14223748825,470.912179446375,,187.92817399999998,6646.9454118,5850.935258236001,17075.576188000003,0.880244216817114,0.719804432094772
2012-07-26,NO 15/9-F-14 H,5351,15/9-F-14,3420717,VOLVE,369304,MÆRSK INSPIRER,24.0,100.0,%,production,OP,3339.859018763625,215.55902187499998,2869.108009773125,215.399369387625,45.056178586624995,470.75100899050005,,188.01106024999999,6642.9199334,5835.6849581880015,17033.0570724,0.8784819050500225,0.7194236194868471
2012-07-27,NO 15/9-F-14 H,5351,15/9-F-14,3420717,VOLVE,369304,MÆRSK INSPIRER,24.0,100.0,%,production,OP,3338.549331666875,215.542536875,2869.143093861,211.85638414525,43.718499155874994,469.406237805875,,185.3639105,6620.3395155,5838.924022472001,16940.974254,0.881967459342758,0.7190165378608898
2012-07-28,NO 15/9-F-14 H,5351,15/9-F-14,3420717,VOLVE,369304,MÆRSK INSPIRER,24.0,100.0,%,production,OP,3339.775259318625,215.534046875,2870.373333371625,212.933294316875,43.438454950875,469.40192594699994,,185.731644875,6598.7654672,5833.988086853,16799.2648347,0.8841029607510037,0.7179777364992916
2012-07-29,NO 15/9-F-14 H,5351,15/9-F-14,3420717,VOLVE,369304,MÆRSK INSPIRER,24.0,100.0,%,production,OP,3339.7744313933754,215.550318125,2869.9636584325,213.2295374535,43.96296976975,469.810772960875,,185.588397875,6622.9183376,5865.815813375,16862.477425200002,0.8856844542493095,0.7179984359433084
2012-07-30,NO 15/9-F-14 H,5351,15/9-F-14,3420717,VOLVE,369304,MÆRSK INSPIRER,24.0,100.0,%,production,OP,3342.455833504875,215.557967,2871.264564687,214.887584674875,45.18132522925,471.191268817875,,187.002235625,6563.9199198,5811.580556556,17256.408225500003,0.885382610934272,0.7244404073797309
2012-07-31,NO 15/9-F-14 H,5351,15/9-F-14,3420717,VOLVE,369304,MÆRSK INSPIRER,24.0,100.0,%,production,OP,3338.417990693,215.550081875,2866.0645354027497,216.41652088162502,46.041633234375,472.35345529025,,188.37485450000003,6597.6333014,5842.547663839,17284.7123705,0.8855520452461684,0.7237443343279808
2012-08-01,NO 15/9-F-14 H,5351,15/9-F-14,3420717,VOLVE,369304,MÆRSK INSPIRER,24.0,100.0,%,production,OP,3340.990689845125,215.52036049999998,2870.375841320375,212.687479079875,44.830856010375,470.61484852475,,185.59345025,6576.814030300001,5717.224269067,17304.2107815,0.8692999745358786,0.7246008459800146
2012-08-02,NO 15/9-F-14 H,5351,15/9-F-14,3420717,VOLVE,369304,MÆRSK INSPIRER,24.0,100.0,%,production,OP,3339.4333412985,215.498172875,2869.24048083475,211.80025141762502,44.316191689,470.19286046375004,,186.00346625,6564.1715122,5778.400630171,17263.1383222,0.8802939745604473,0.7245105906700737
2012-08-03,NO 15/9-F-14 H,5351,15/9-F-14,3420717,VOLVE,369304,MÆRSK INSPIRER,24.0,100.0,%,production,OP,3338.30805793225,215.47715937499999,2868.5287521741247,213.01979135412498,44.153165955375,469.779305758125,,187.11313325,6555.6173706,5773.4071315910005,17149.1040669,0.8806809191584334,0.7234467661691542
2012-08-04,NO 15/9-F-14 H,5351,15/9-F-14,3420717,VOLVE,369304,MÆRSK INSPIRER,24.0,100.0,%,production,OP,3343.2708050485003,215.47390437500002,2872.2494512692497,215.147716371125,44.980257236875005,471.02135377925003,,188.37238962499998,6514.9222999,5791.671188137,17098.282402099998,0.8889854585412167,0.7240983431889616
2012-08-05,NO 15/9-F-14 H,5351,15/9-F-14,3420717,VOLVE,369304,MÆRSK INSPIRER,24.0,100.0,%,production,OP,3348.279849503,215.48393562500002,2876.956862008125,215.261081697875,45.189148216374996,471.32298749487495,,188.272597625,6484.6054157,5791.671188137,17245.2752618,0.893141651165802,0.7267324895633159
2012-08-06,NO 15/9-F-14 H,5351,15/9-F-14,3420717,VOLVE,369304,MÆRSK INSPIRER,24.0,100.0,%,production,OP,3348.0788389215,215.49434975,2875.98791449775,216.291117400875,45.812878092125,472.09092442375,,188.36478125,6530.8355192,5777.989213916,17537.4369363,0.8847243506484419,0.7286537481543426
2012-08-07,NO 15/9-F-14 H,5351,15/9-F-14,3420717,VOLVE,369304,MÆRSK INSPIRER,24.0,100.0,%,production,OP,3348.0736991373747,215.47239574999998,2876.168223926375,214.6605065345,45.70160070825,471.905475211,,188.338109375,6547.9438024,5775.178870090001,17625.1797858,0.8819835729153997,0.7291229750053341
2012-08-08,NO 15/9-F-14 H,5351,15/9-F-14,3420717,VOLVE,369304,MÆRSK INSPIRER,24.0,100.0,%,production,OP,3346.80430541,215.45159712499998,2875.42125103175,213.749075656,45.432824142875,471.38305437825,,188.012825375,6547.9438024,5967.007614196,17613.7323316,0.9112796007822989,0.7289946373717915
2012-08-09,NO 15/9-F-14 H,5351,15/9-F-14,3420717,VOLVE,369304,MÆRSK INSPIRER,24.0,100.0,%,production,OP,3345.47896629575,215.431736,2874.687340622,214.223062861625,45.020786293,470.79162567375005,,188.02088899999998,6519.3251669,5742.169866853,17564.8605079,0.8807920635723491,0.7293109572012076
2012-08-10,NO 15/9-F-14 H,5351,15/9-F-14,3420717,VOLVE,369304,MÆRSK INSPIRER,24.0,100.0,%,production,OP,3341.760488095,215.418139625,2872.920261084125,213.93011329625,44.978081666875,468.84022701087497,,188.05843399999998,6557.0640269000005,5777.173444346,17650.464821999998,0.8810610085009782,0.729131210879546
2012-08-11,NO 15/9-F-14 H,5351,15/9-F-14,3420717,VOLVE,369304,MÆRSK INSPIRER,24.0,100.0,%,production,OP,3340.12745086375,215.41142299999998,2872.945769642375,214.89282719425,45.08477826725,467.181681221375,,188.020173875,6587.318013,5877.189265657,17637.5078134,0.8921975915021001,0.7280757327129593
2012-08-12,NO 15/9-F-14 H,5351,15/9-F-14,3420717,VOLVE,369304,MÆRSK INSPIRER,24.0,99.998988125,%,production,OP,3347.920176414375,215.40966462499998,2878.812399617875,213.483006466625,44.361839377875,469.1077767965,,186.10077087500002,6556.2463516,5817.806185019,17865.3247316,0.8873684533832702,0.7315387151275395
2012-08-13,NO 15/9-F-14 H,5351,15/9-F-14,3420717,VOLVE,369304,MÆRSK INSPIRER,0.625,7.777673333333333,%,production,OP,3667.9000369224,215.395826,2998.5127402476,214.83869780400002,249.51902406000002,669.3872966748,,182.6864096,1273.8752193,132.575621564,-372.2938539,0.10407269060218541,-0.41293428212641264
2012-08-15,NO 15/9-F-14 H,5351,15/9-F-14,3420717,VOLVE,369304,MÆRSK INSPIRER,0.0,1.1472577083333333,%,production,OP,4266.523815534,211.47782,4211.915268078,26.919197838,45.099421062000005,54.608547456000004,,60.681056,0.0,0.0,0.0,,
2012-08-16,NO 15/9-F-14 H,5351,15/9-F-14,3420717,VOLVE,369304,MÆRSK INSPIRER,0.0,1.1752960416666667,%,production,OP,4266.130037364,211.19171,4217.280513774001,23.512545294,46.136877876,48.849523590000004,,60.91664,0.0,0.0,0.0,,
2012-08-17,NO 15/9-F-14 H,5351,15/9-F-14,3420717,VOLVE,369304,MÆRSK INSPIRER,0.0,1.250165625,%,production,OP,4265.684915742,211.004366,4220.1524112120005,2.136264702,42.553859124,45.53250453,,60.144583999999995,0.0,0.0,0.0,,
2012-08-19,NO 15/9-F-14 H,5351,15/9-F-14,3420717,VOLVE,369304,MÆRSK INSPIRER,0.0,1.13339125,%,production,OP,4264.796993106001,210.73704800000002,4221.719836878,0.0,39.592618278,43.077156228,,61.091096,0.0,0.0,0.0,,
2012-08-20,NO 15/9-F-14 H,5351,15/9-F-14,3420717,VOLVE,369304,MÆRSK INSPIRER,0.0,1.2171483333333333,%,production,OP,4264.362894372,210.601778,4221.955958742,0.0,38.779100136,42.40693563,,60.917089999999995,0.0,0.0,0.0,,
2012-08-21,NO 15/9-F-14 H,5351,15/9-F-14,3420717,VOLVE,369304,MÆRSK INSPIRER,0.0,1.1782858333333333,%,production,OP,4263.939383411999,210.48071,4221.939279372001,0.0,38.086688724000005,42.00010404,,60.544633999999995,0.0,0.0,0.0,,
2012-08-22,NO 15/9-F-14 H,5351,15/9-F-14,3420717,VOLVE,369304,MÆRSK INSPIRER,0.0,1.16339125,%,production,OP,4263.515872452001,210.37294400000002,4221.832241328,0.0,37.462155096000004,41.683631124,,60.16001,0.0,0.0,0.0,,
2012-08-23,NO 15/9-F-14 H,5351,15/9-F-14,3420717,VOLVE,369304,MÆRSK INSPIRER,0.0,1.1666225,%,production,OP,4263.142834716,210.27900200000002,4221.870966474,0.0,37.019209044,41.271868242000004,,59.6633,0.0,0.0,0.0,,
2012-08-24,NO 15/9-F-14 H,5351,15/9-F-14,3420717,VOLVE,369304,MÆRSK INSPIRER,0.0,1.18334375,%,production,OP,4262.782270248,210.19047799999998,4221.427005156,0.0,36.804842879999995,41.355265092,,59.986993999999996,0.0,0.0,0.0,,
2012-08-25,NO 15/9-F-14 H,5351,15/9-F-14,3420717,VOLVE,369304,MÆRSK INSPIRER,0.0,1.1425133333333333,%,production,OP,4262.409957702001,210.10994599999998,4221.157959666,0.0,36.41106471,41.251998035999996,,59.98415,0.0,0.0,0.0,,
2012-08-26,NO 15/9-F-14 H,5351,15/9-F-14,3420717,VOLVE,369304,MÆRSK INSPIRER,0.0,1.065929375,%,production,OP,4262.093774862001,210.032888,4221.077028462,0.0,36.111706278,41.016746399999995,,58.903088000000004,0.0,0.0,0.0,,
2012-08-27,NO 15/9-F-14 H,5351,15/9-F-14,3420717,VOLVE,369304,MÆRSK INSPIRER,0.0,0.915031875,%,production,OP,4261.774546224,209.96339,4221.576394295999,0.0,35.563897752,40.198151928,,56.69816,0.0,0.0,0.0,,
2012-08-28,NO 15/9-F-14 H,5351,15/9-F-14,3420717,VOLVE,369304,MÆRSK INSPIRER,0.0,0.9279295833333333,%,production,OP,4261.47170688,209.8949,4220.5637389799995,0.0,35.755783025999996,40.9079679,,59.12258,0.0,0.0,0.0,,
2012-08-29,NO 15/9-F-14 H,5351,15/9-F-14,3420717,VOLVE,369304,MÆRSK INSPIRER,0.0,1.0910035416666666,%,production,OP,4261.216875114,209.831648,4220.195777573999,0.0,35.855714208,41.02109754,,59.66132,0.0,0.0,0.0,,
2012-08-30,NO 15/9-F-14 H,5351,15/9-F-14,3420717,VOLVE,369304,MÆRSK INSPIRER,0.0,1.1340691666666667,%,production,OP,4264.095734376,209.78765600000003,4224.2791774259995,0.0,34.401273144,39.81655695,,55.724846,0.0,0.0,0.0,,
2012-08-31,NO 15/9-F-14 H,5351,15/9-F-14,3420717,VOLVE,369304,MÆRSK INSPIRER,0.0,1.1504847916666667,%,production,OP,4277.3014442759995,209.76845,4237.8870777,0.0,34.092342204,39.414366576,,54.447026,0.0,0.0,0.0,,
2012-09-01,NO 15/9-F-14 H,5351,15/9-F-14,3420717,VOLVE,369304,MÆRSK INSPIRER,0.0,0.9869145833333334,%,production,OP,4291.017832974,209.725844,4251.446825358001,1.1389834140000001,34.320051864,39.571007616,,56.084288,0.0,0.0,0.0,,
2012-09-02,NO 15/9-F-14 H,5351,15/9-F-14,3420717,VOLVE,369304,MÆRSK INSPIRER,0.0,0.8162960416666667,%,production,OP,1791.44338371,106.10862800000001,1751.975062998,0.0,34.087410911999996,39.468320712,,58.056889999999996,0.0,0.0,0.0,,
2012-09-03,NO 15/9-F-14 H,5351,15/9-F-14,3420717,VOLVE,369304,MÆRSK INSPIRER,0.0,0.8409654166666667,%,production,OP,0.0,32.0,39.915037752,0.0,34.680326256,39.915037752,,58.402166,0.0,0.0,0.0,,
2012-09-07,NO 15/9-F-14 H,5351,15/9-F-14,3420717,VOLVE,369304,MÆRSK INSPIRER,0.0,0.186539375,%,production,OP,4386.265592916,209.54384599999997,4364.5006104839995,0.0,15.555470538000002,21.764982432,,55.732352,0.0,0.0,0.0,,
2012-09-11,NO 15/9-F-14 H,5351,15/9-F-14,3420717,VOLVE,369304,MÆRSK INSPIRER,0.0,0.275878125,%,production,OP,4382.839650318,209.421824,4268.154912882,0.0,108.119592366,114.68473743599999,,54.919922,0.0,0.0,0.0,,
2012-09-15,NO 15/9-F-14 H,5351,15/9-F-14,3420717,VOLVE,369304,MÆRSK INSPIRER,0.95833,1.3046079166666666,%,production,OP,4242.930940032682,210.8427814870243,2837.9746357771287,0.0,1076.1422558380411,1404.9563042555533,,56.72920336389344,0.0,0.0,0.0,,
2012-09-16,NO 15/9-F-14 H,5351,15/9-F-14,3420717,VOLVE,369304,MÆRSK INSPIRER,0.0,1.2151266666666667,%,production,OP,4264.669939818,209.246126,2763.29225841,0.0,1176.9299960160001,1501.377681408,,55.856948,0.0,0.0,0.0,,
2012-09-17,NO 15/9-F-14 H,5351,15/9-F-14,3420717,VOLVE,369304,MÆRSK INSPIRER,0.0,1.2283214583333333,%,production,OP,4262.530774356001,209.12271800000002,2726.133232734,130.980626964,1448.6789943360002,1536.397541622,,54.602888,0.0,0.0,0.0,,
2012-09-19,NO 15/9-F-14 H,5351,15/9-F-14,3420717,VOLVE,369304,MÆRSK INSPIRER,0.0,1.2165904166666666,%,production,OP,4314.186058056,209.23799,2708.137352808,143.463322434,1505.3083562460001,1606.048705248,,50.500976,0.0,0.0,0.0,,
2012-09-21,NO 15/9-F-14 H,5351,15/9-F-14,3420717,VOLVE,369304,MÆRSK INSPIRER,0.0,1.2458133333333334,%,production,OP,4376.64565749,209.20834399999998,2701.854741762,143.329742436,1556.862983574,1674.790915728,,52.178684000000004,0.0,0.0,0.0,,
2012-09-23,NO 15/9-F-14 H,5351,15/9-F-14,3420717,VOLVE,369304,MÆRSK INSPIRER,0.0,1.3894304166666667,%,production,OP,4330.518782981261,210.11098682895872,2722.304324734119,147.81928863073435,987.7111692501402,1608.214458247142,,54.613628373208655,0.0,0.0,0.0,,
2012-09-25,NO 15/9-F-14 H,5351,15/9-F-14,3420717,VOLVE,369304,MÆRSK INSPIRER,0.0,1.0881327083333334,%,production,OP,4372.59692172,209.27913800000002,2669.013642384,141.278034888,1283.2010790719999,1703.583279336,,51.625058,0.0,0.0,0.0,,
2012-09-26,NO 15/9-F-14 H,5351,15/9-F-14,3420717,VOLVE,369304,MÆRSK INSPIRER,0.0,0.935640625,%,production,OP,4394.677216764,209.216138,2668.773459456,141.60175970400002,1305.446282322,1725.9037573080002,,53.068352,0.0,0.0,0.0,,
2012-09-27,NO 15/9-F-14 H,5351,15/9-F-14,3420717,VOLVE,369304,MÆRSK INSPIRER,0.0,1.02244375,%,production,OP,4395.835345194,209.19322400000001,2667.502491462,140.79839422199998,1308.873385224,1728.332853732,,53.048263999999996,0.0,0.0,0.0,,
2012-09-29,NO 15/9-F-14 H,5351,15/9-F-14,3420717,VOLVE,369304,MÆRSK INSPIRER,5.825,15.688109583333333,%,production,OP,3402.0385030168586,214.57498644635194,2559.546188229734,292.76094532344206,339.8531287472961,842.4923147871245,,125.6793231416309,2620.8380308,1979.534078417,3493.6749645000004,0.7553057667637536,0.5713741989240122
2012-09-30,NO 15/9-F-14 H,5351,15/9-F-14,3420717,VOLVE,369304,MÆRSK INSPIRER,24.0,99.98930708333333,%,production,OP,3123.144484073125,216.37673825000002,2608.591056335625,350.622913830625,63.896312624125,514.5534277375,,177.902504,7789.300704000001,6707.212201724001,14861.1856794,0.8610801478340256,0.6561088988486979
2012-10-01,NO 15/9-F-14 H,5351,15/9-F-14,3420717,VOLVE,369304,MÆRSK INSPIRER,24.0,100.0,%,production,OP,3154.969731255875,216.469680125,2662.1851173708747,307.089697698125,62.094348425625,492.784613885,,180.82434800000001,7548.9670639000005,6497.107394074001,16272.4932472,0.8606617751909251,0.683102254634556
2012-10-02,NO 15/9-F-14 H,5351,15/9-F-14,3420717,VOLVE,369304,MÆRSK INSPIRER,24.0,100.0,%,production,OP,3146.4634761561247,216.391059875,2649.571247116375,293.83467789975,64.13244657462499,496.89222903974996,,180.59834375,8868.0660171,7547.205183895,14959.558307800002,0.8510542399370925,0.6278241634088203
2012-10-03,NO 15/9-F-14 H,5351,15/9-F-14,3420717,VOLVE,369304,MÆRSK INSPIRER,24.0,100.0,%,production,OP,3159.394272570375,216.265362875,2667.5505624941247,299.87681594175,63.515122543875,491.84371007625003,,181.370733125,8838.441012000001,7482.7346675750005,15378.0193671,0.8466125029759942,0.6350234149154179
2012-10-04,NO 15/9-F-14 H,5351,15/9-F-14,3420717,VOLVE,369304,MÆRSK INSPIRER,24.0,100.0,%,production,OP,3155.466498492375,216.3235745,2661.536338223875,307.125661078875,65.403604931,493.93016026850006,,184.20235775,9171.800942,7703.245657874001,15416.5130043,0.8398836506142309,0.6269853654044403
2012-10-05,NO 15/9-F-14 H,5351,15/9-F-14,3420717,VOLVE,369304,MÆRSK INSPIRER,24.0,100.0,%,production,OP,3154.779713346125,216.38124762500001,2660.47620411425,311.29960694562504,65.72455589525,494.30350923187495,,184.48379975,10090.113202,8493.166280062,15514.1937536,0.8417315157949403,0.6059212530338315
2012-10-06,NO 15/9-F-14 H,5351,15/9-F-14,3420717,VOLVE,369304,MÆRSK INSPIRER,24.0,100.0,%,production,OP,3164.731235856375,216.391803125,2670.973356558875,313.98435399600004,65.479916070375,493.7578792975,,184.623219875,10057.7835786,8515.596764914,15570.864941700002,0.8466673296721836,0.6075570051759301
2012-10-07,NO 15/9-F-14 H,5351,15/9-F-14,3420717,VOLVE,369304,MÆRSK INSPIRER,24.0,100.0,%,production,OP,3173.4966829269997,216.391016375,2681.2307853625002,314.06309150025004,64.231132847125,492.2658975645,,184.31309975,9966.6442317,8481.67628927,15625.2089001,0.8510062255752145,0.6105540235648031
2012-10-08,NO 15/9-F-14 H,5351,15/9-F-14,3420717,VOLVE,369304,MÆRSK INSPIRER,24.0,100.0,%,production,OP,3179.43854532175,216.38134437499997,2688.033801817375,314.517009072625,63.6589065695,491.40474350437506,,184.367021375,9924.691199,8434.660416572,15588.979594499999,0.8498662827334986,0.6110049675200611
2012-10-09,NO 15/9-F-14 H,5351,15/9-F-14,3420717,VOLVE,369304,MÆRSK INSPIRER,24.0,100.0,%,production,OP,3188.49091079425,216.38175725,2698.4588129651247,315.641821065375,62.378109229375,490.03209782912495,,184.47796025000002,9788.202322000001,8357.497443925,15561.4931248,0.853833744848189,0.6138729815298193
2012-10-10,NO 15/9-F-14 H,5351,15/9-F-14,3420717,VOLVE,369304,MÆRSK INSPIRER,24.0,100.0,%,production,OP,3201.89630176075,216.372369875,2711.184187225375,322.61134114425,62.948265693875,490.712114535375,,186.019040375,9501.1982917,8156.618248503,15860.4477941,0.8584831089809387,0.625371387190056
2012-10-11,NO 15/9-F-14 H,5351,15/9-F-14,3420717,VOLVE,369304,MÆRSK INSPIRER,24.0,100.0,%,production,OP,3239.937865537,216.26643875,2744.5396064595,327.70959001200004,66.766116076,495.39825907750003,,185.569301,9653.600388,8207.734511018001,16281.0473888,0.8502252197243116,0.6277720649579945
2012-10-12,NO 15/9-F-14 H,5351,15/9-F-14,3420717,VOLVE,369304,MÆRSK INSPIRER,24.0,75.135501875,%,production,OP,3367.69286551075,215.91315387499998,2820.5390410427503,337.641335986625,119.19890921287501,547.153824468,,188.22010662500003,8332.3000013,7098.493780519,12696.8620584,0.8519248922160145,0.6037740363764704
2012-10-13,NO 15/9-F-14 H,5351,15/9-F-14,3420717,VOLVE,369304,MÆRSK INSPIRER,22.0,33.574476041666664,%,production,OP,3701.4517693282164,215.42795822475907,2937.2683334404437,277.071257673272,260.7407668833831,764.1834358877729,,168.13108459688002,3456.6908817000003,3054.630791221,5434.39584,0.8836864202675632,0.61121840446529
2012-10-14,NO 15/9-F-14 H,5351,15/9-F-14,3420717,VOLVE,369304,MÆRSK INSPIRER,5.175,11.264247708333333,%,production,OP,3494.016313624,215.70693504347827,2862.6332618700003,335.9498370993333,207.23647708266668,631.383051754,,189.09312408695652,1293.3736303,783.4287208869999,921.2684707,0.6057249835109769,0.41598977563192274
2012-10-19,NO 15/9-F-14 H,5351,15/9-F-14,3420717,VOLVE,369304,MÆRSK INSPIRER,7.0,22.0,%,production,OP,3841.894084232917,213.0905315262808,2853.1045524676456,129.9617986983661,391.4012103692313,988.7895317652712,,118.73612747388839,1179.6538655000002,1107.048393923,2355.0306602,0.9384518851669883,0.6662633236649642
2012-10-20,NO 15/9-F-14 H,5351,15/9-F-14,3420717,VOLVE,369304,MÆRSK INSPIRER,24.0,46.015125833333336,%,production,OP,3471.715397258125,215.91601475,2831.6477794522502,308.37349249025,213.43716539374998,640.067617805875,,187.6920815,5607.7430036,4749.2444574500005,8234.9966406,0.8469083648093593,0.5948964476876801
2012-10-21,NO 15/9-F-14 H,5351,15/9-F-14,3420717,VOLVE,369304,MÆRSK INSPIRER,24.0,48.06322083333333,%,production,OP,3466.246467521875,215.78634537500002,2850.97059995375,336.984477014375,188.60789261675,615.275867568125,,189.79874,5935.630798900001,5051.916509887,8773.9704595,0.8511170389545165,0.5964791502753737
2012-10-22,NO 15/9-F-14 H,5351,15/9-F-14,3420717,VOLVE,369304,MÆRSK INSPIRER,24.0,47.91420291666667,%,production,OP,3468.047839481875,215.61614600000001,2848.23762474675,329.39539388062497,194.515807054625,619.810214735125,,189.9277625,8618.4234582,7356.574314413001,17524.983112500002,0.8535870104425638,0.6703404571667785
2012-10-23,NO 15/9-F-14 H,5351,15/9-F-14,3420717,VOLVE,369304,MÆRSK INSPIRER,24.0,47.228458125,%,production,OP,3490.629222686125,215.425720625,2861.1995499417503,328.34443342450004,198.48318254987498,629.429672744375,,190.1276405,8605.5922458,7379.858002417,16821.5936602,0.8575653820942741,0.6615593924701925
2012-10-24,NO 15/9-F-14 H,5351,15/9-F-14,3420717,VOLVE,369304,MÆRSK INSPIRER,24.0,47.147513958333334,%,production,OP,3491.09398789225,215.261696,2861.7464791748753,326.788526193,197.307181208,629.347508717375,,190.32306462499997,8646.0986222,7361.814662746,16831.6573562,0.8514608709000345,0.6606412813777576
2012-10-25,NO 15/9-F-14 H,5351,15/9-F-14,3420717,VOLVE,369304,MÆRSK INSPIRER,24.0,47.254032708333334,%,production,OP,3489.328627659,215.203683125,2862.8736691865,322.76142223637504,194.40601328862502,626.4549584724999,,189.548166125,8557.726791699999,7329.609775228,16839.7712111,0.8564902752372126,0.6630484313550675
2012-10-26,NO 15/9-F-14 H,5351,15/9-F-14,3420717,VOLVE,369304,MÆRSK INSPIRER,24.0,48.124952291666666,%,production,OP,3467.47422325675,215.1943535,2855.485509007125,320.420448483875,180.234540671,611.988714249625,,189.149318375,8458.536488,7275.9964102760005,16584.7823137,0.8601956639423792,0.6622437882543821
2012-10-27,NO 15/9-F-14 H,5351,15/9-F-14,3420717,VOLVE,369304,MÆRSK INSPIRER,24.0,49.801480833333336,%,production,OP,3442.78569777225,215.207776625,2849.3261319151247,322.304884915125,161.806057715375,593.4595658571251,,189.597043625,8461.052412000001,7245.459436039,16391.6222486,0.8563307592520086,0.6595516366931055
2012-10-28,NO 15/9-F-14 H,5351,15/9-F-14,3420717,VOLVE,369304,MÆRSK INSPIRER,24.0,51.4188048,%,production,OP,3420.32790434856,215.20190839999998,2845.14338913108,322.35951819155997,143.29479698028,575.18451521748,,188.62385,8710.4433785,7490.987712965,16680.8277124,0.8600007356060676,0.65695126694064
2012-10-29,NO 15/9-F-14 H,5351,15/9-F-14,3420717,VOLVE,369304,MÆRSK INSPIRER,24.0,53.079665625,%,production,OP,3406.612927474625,215.186528,2841.997923797375,322.764471056,132.939365154,564.61500367725,,189.95977962499998,8271.1630481,7103.660674276,16054.677126899998,0.8588466498563112,0.6599844861021331
2012-10-30,NO 15/9-F-14 H,5351,15/9-F-14,3420717,VOLVE,369304,MÆRSK INSPIRER,24.0,54.051226875,%,production,OP,3402.5600460351247,215.16851937500002,2845.285760003125,323.203346979125,125.72204463050001,557.274286032,,189.066423125,8016.5515393,6908.064557974,16784.1692907,0.8617252099120426,0.6767613492264773
2012-10-31,NO 15/9-F-14 H,5351,15/9-F-14,3420717,VOLVE,369304,MÆRSK INSPIRER,24.0,55.7420325,%,production,OP,3399.1391918536247,215.136422375,2850.66397753525,320.187919332,116.674154184625,548.475214318375,,185.92461012500002,7940.9480231,6875.290397492,16815.2409521,0.8658022162457139,0.6792338258907702
2012-11-01,NO 15/9-F-14 H,5351,15/9-F-14,3420717,VOLVE,369304,MÆRSK INSPIRER,24.0,57.064944375,%,production,OP,3400.86326158125,215.08458650000003,2857.014735289875,319.811119672875,111.837801642125,543.848526291375,,186.507915875,7890.189256400001,6830.69287545,16852.4766273,0.8657197759748783,0.681109978468492
2012-11-02,NO 15/9-F-14 H,5351,15/9-F-14,3420717,VOLVE,369304,MÆRSK INSPIRER,24.0,57.35145125,%,production,OP,3398.165406721625,215.059401875,2857.8752517871253,321.277743928875,108.611806013625,540.2901549344999,,187.852054625,7783.388282600001,6751.877527990001,17794.1240824,0.8674727872800624,0.6956940858231895
2012-11-03,NO 15/9-F-14 H,5351,15/9-F-14,3420717,VOLVE,369304,MÆRSK INSPIRER,24.0,58.602684375,%,production,OP,3392.949374911375,215.031172625,2857.8001462761254,324.70429991675,103.2943352305,535.14922863525,,190.42585250000002,7738.4161411,6701.762790367,17785.6328389,0.8660380455339998,0.6968186298669296
2012-11-04,NO 15/9-F-14 H,5351,15/9-F-14,3420717,VOLVE,369304,MÆRSK INSPIRER,24.0,59.11553541666667,%,production,OP,3400.3645302885,214.968504125,2864.9974878151247,325.299369679375,103.38937742325,535.367042473375,,190.63393775,7685.455940900001,6666.3576847350005,17855.512628,0.8673991154198641,0.6990930112862591
2012-11-05,NO 15/9-F-14 H,5351,15/9-F-14,3420717,VOLVE,369304,MÆRSK INSPIRER,24.0,56.960006666666665,%,production,OP,3419.263002839875,214.9103675,2876.1444286295,325.008773959875,111.5299071195,543.1185742103751,,190.527900125,7578.340476599999,6732.194173651,17562.0300934,0.8883467553929932,0.6985589191893921
2012-11-06,NO 15/9-F-14 H,5351,15/9-F-14,3420717,VOLVE,369304,MÆRSK INSPIRER,24.0,55.20691708333333,%,production,OP,3440.1840695823753,214.89459949999997,2889.06631125,324.472199835625,119.58687377637501,551.1177583323749,,189.49942737499998,7436.6310573,6627.810630244,17635.7466666,0.8912383281052998,0.7033934659411618
2012-11-07,NO 15/9-F-14 H,5351,15/9-F-14,3420717,VOLVE,369304,MÆRSK INSPIRER,24.0,56.132129375,%,production,OP,3444.93743319425,214.898767625,2896.368065040875,325.398820423,116.94638446737501,548.569368153375,,188.750775875,7465.312590900001,6646.852316484001,17904.3215536,0.8903649024136404,0.7057382637692298
2012-11-08,NO 15/9-F-14 H,5351,15/9-F-14,3420717,VOLVE,369304,MÆRSK INSPIRER,24.0,56.507216041666666,%,production,OP,3450.63668931775,214.90696175,2901.991544852625,328.295897062125,116.69926690999999,548.645144465125,,190.22300825000002,7494.5602074,6666.159569268,18086.1599607,0.8894664109424258,0.7070230955911099
2012-11-09,NO 15/9-F-14 H,5351,15/9-F-14,3420717,VOLVE,369304,MÆRSK INSPIRER,24.0,53.500805,%,production,OP,3479.32160394075,214.867725875,2917.8885345562503,327.531504499375,129.9246898915,561.4330693845001,,187.887517625,7399.7727707,6672.138701125001,18180.0039259,0.9016680522331543,0.7107178511185533
2012-11-10,NO 15/9-F-14 H,5351,15/9-F-14,3420717,VOLVE,369304,MÆRSK INSPIRER,24.0,49.84368520833333,%,production,OP,3514.0313154998753,214.82432749999998,2932.022883489125,329.516125929125,150.626208383125,582.0084320107501,,188.41735587500003,7337.3778555,6512.070938758001,18297.245984300003,0.8875201832323028,0.7137708007203883
2012-11-11,NO 15/9-F-14 H,5351,15/9-F-14,3420717,VOLVE,369304,MÆRSK INSPIRER,24.0,49.11746625,%,production,OP,3524.154789624,214.80663575,2935.245470724625,331.31921719375003,157.590328818125,588.909318899375,,190.49946012499998,7319.011610300001,6431.400510107001,18467.5740391,0.8787252777487236,0.7161698058901296
2012-11-12,NO 15/9-F-14 H,5351,15/9-F-14,3420717,VOLVE,369304,MÆRSK INSPIRER,24.0,49.22414104166667,%,production,OP,3523.944073583,214.804934,2935.409239778,331.14279659650003,157.56429751875,588.5348338050001,,189.69993875,7345.8062009000005,6456.592251352,18485.5628957,0.8789494406428725,0.7156245891021364
2012-11-13,NO 15/9-F-14 H,5351,15/9-F-14,3420717,VOLVE,369304,MÆRSK INSPIRER,24.0,49.050893125,%,production,OP,3525.98657726125,214.80242149999998,2937.377565584125,329.24396514375,157.66195643875,588.609011677125,,188.13702537499998,7351.529928,6472.908702193,18454.8057248,0.8804845747195331,0.7151269352259876
2012-11-14,NO 15/9-F-14 H,5351,15/9-F-14,3420717,VOLVE,369304,MÆRSK INSPIRER,24.0,48.96068708333333,%,production,OP,3525.82153610375,214.80716,2936.53878967875,331.486158953375,158.07745404925,589.282746425,,190.025665625,7353.605565300001,6447.663988898001,18424.9291273,0.8768030772989874,0.7147391947219199
2012-11-15,NO 15/9-F-14 H,5351,15/9-F-14,3420717,VOLVE,369304,MÆRSK INSPIRER,24.0,49.006063125,%,production,OP,3528.6412047536246,214.801962125,2938.955177148,331.744767750625,158.5797508595,589.686027605625,,189.42148512499998,7365.1159176,6468.143689722001,18503.6775485,0.8782134269286169,0.7152895465630554
2012-11-16,NO 15/9-F-14 H,5351,15/9-F-14,3420717,VOLVE,369304,MÆRSK INSPIRER,24.0,48.141491458333334,%,production,OP,3530.9815400431917,214.79835582978723,2942.0155406662975,330.9012406935319,157.66749861331917,588.9659993768936,,188.3451100425532,7422.604781,6525.231314860001,18714.8264702,0.8791026206275929,0.7160162867703681
2012-11-17,NO 15/9-F-14 H,5351,15/9-F-14,3420717,VOLVE,369304,MÆRSK INSPIRER,24.0,49.0523175,%,production,OP,3531.156550441625,214.809422375,2941.342696012,332.09909860625,158.63670849075,589.8138544296249,,189.60299675000002,7346.0577933,6455.776481782001,18077.6058191,0.8788082892119384,0.711054319106194
2012-11-18,NO 15/9-F-14 H,5351,15/9-F-14,3420717,VOLVE,369304,MÆRSK INSPIRER,24.0,48.914530416666665,%,production,OP,3533.52833570425,214.81208937499997,2942.867601371,330.54514938775,159.42103773525,590.66073433325,,188.53307750000002,7320.2695723,6431.241593957,18425.7468026,0.878552562912834,0.7156737001287473
2012-11-19,NO 15/9-F-14 H,5351,15/9-F-14,3420717,VOLVE,369304,MÆRSK INSPIRER,24.0,49.21065395833333,%,production,OP,3534.03177468875,214.8237335,2946.5513339058753,329.276069909375,156.464649619,587.480440782875,,186.74214124999997,7296.0538038,6453.852536926,18508.7722946,0.8845675635731527,0.7172601056880448
2012-11-20,NO 15/9-F-14 H,5351,15/9-F-14,3420717,VOLVE,369304,MÆRSK INSPIRER,24.0,49.105884583333335,%,production,OP,3535.384613612125,214.83357725,2948.363396375125,331.346487359375,155.87712787562498,587.0212172370001,,187.7204375,7278.5052339,6427.834784848,18514.370225500003,0.8831256663675997,0.7178094685349474
2012-11-21,NO 15/9-F-14 H,5351,15/9-F-14,3420717,VOLVE,369304,MÆRSK INSPIRER,24.0,49.096013125,%,production,OP,3538.8679640635,214.81394,2951.38756256175,333.309673381375,156.48170669212502,587.48040150175,,189.04078625000002,7278.568132,6401.752760016,18330.267486800003,0.879534634273861,0.715779028756128
2012-11-22,NO 15/9-F-14 H,5351,15/9-F-14,3420717,VOLVE,369304,MÆRSK INSPIRER,24.0,49.14110604166667,%,production,OP,3539.17393985425,214.79986962499999,2953.5395336705,331.984497434875,154.63026338425001,585.63440618375,,188.18455925,7217.053790200001,6383.2245495140005,18314.7945542,0.8844640396309291,0.7173313231048177
2012-11-23,NO 15/9-F-14 H,5351,15/9-F-14,3420717,VOLVE,369304,MÆRSK INSPIRER,24.0,49.065687708333336,%,production,OP,3537.7199882935,214.794251,2953.0892631995,330.740893276875,153.349741012,584.630725094,,187.17977224999998,7192.5235312,6358.601374939,18274.5397702,0.8840570833527925,0.7175754641955673
2012-11-24,NO 15/9-F-14 H,5351,15/9-F-14,3420717,VOLVE,369304,MÆRSK INSPIRER,24.0,48.05672479166667,%,production,OP,3538.053457142936,214.78017506382977,2953.9772442107237,332.5762166654042,153.06202059370213,584.0762129322128,,189.21757808510637,7199.6939146,6325.372714268001,18387.1902673,0.8785613373703297,0.718617794045708
2012-11-25,NO 15/9-F-14 H,5351,15/9-F-14,3420717,VOLVE,369304,MÆRSK INSPIRER,24.0,50.40123208333333,%,production,OP,3526.6369488046253,214.79099487499997,2952.3718085595,329.1318688995,143.3788740585,574.2651402451249,,187.6872635,7136.921610800001,6313.316275688001,18287.4338807,0.8845993580949981,0.7192880026718455
2012-11-26,NO 15/9-F-14 H,5351,15/9-F-14,3420717,VOLVE,369304,MÆRSK INSPIRER,24.0,51.09547083333333,%,production,OP,3530.998471108125,214.787183,2958.322125461,332.709252320875,141.482828544,572.676345647125,,190.810559375,7139.1230443,6349.820727931,18352.0302294,0.8894398777733362,0.7199372281180525
2012-11-27,NO 15/9-F-14 H,5351,15/9-F-14,3420717,VOLVE,369304,MÆRSK INSPIRER,24.0,51.1328875,%,production,OP,3534.0567393545,214.672577375,2961.46614440325,334.4854148635,141.4104183225,572.59059495125,,191.195999,6936.2137737,6155.625545778,18939.4984834,0.8874619131720317,0.7319411460143755
2012-11-28,NO 15/9-F-14 H,5351,15/9-F-14,3420717,VOLVE,369304,MÆRSK INSPIRER,24.0,50.62383625,%,production,OP,3546.140858314,214.813739375,2971.952497560125,334.998949097125,143.3482468675,574.188360753875,,191.03239625,6857.3395563,6085.431222882,19147.8798887,0.8874332637197716,0.736309106300641
2012-11-29,NO 15/9-F-14 H,5351,15/9-F-14,3420717,VOLVE,369304,MÆRSK INSPIRER,24.0,50.22836145833333,%,production,OP,3549.842203901,214.80658549999998,2975.78139500325,336.852468261375,143.65233716425,574.06080889775,,191.144615375,6801.674737800001,6008.731932246001,19131.3376884,0.8834194759200619,0.7377213789891875
2012-11-30,NO 15/9-F-14 H,5351,15/9-F-14,3420717,VOLVE,369304,MÆRSK INSPIRER,24.0,50.300958125,%,production,OP,3551.45967372025,214.7859785,2978.943564846875,336.901219159125,141.930612217625,572.5161088733751,,191.141858375,6746.3873078999995,5964.890851078,18942.8949808,0.8841607483894574,0.7373851385926983
2012-12-01,NO 15/9-F-14 H,5351,15/9-F-14,3420717,VOLVE,369304,MÆRSK INSPIRER,24.0,50.86614208333334,%,production,OP,3546.595343951875,214.77493175,2979.43996646675,334.862583160875,137.735696273375,567.155377485125,,190.834377875,6710.5982890000005,5992.993936191,19197.8838782,0.8930640276910486,0.7409883664472022
2012-12-02,NO 15/9-F-14 H,5351,15/9-F-14,3420717,VOLVE,369304,MÆRSK INSPIRER,24.0,52.01125125,%,production,OP,3539.251625833,214.769939,2979.7250567855,334.34328064512505,130.671529834625,559.5265690475,,190.581583625,6675.564047299999,5990.055753150999,19078.880673000003,0.8973108056050693,0.7407995350007205
2012-12-03,NO 15/9-F-14 H,5351,15/9-F-14,3420717,VOLVE,369304,MÆRSK INSPIRER,24.0,54.059736875,%,production,OP,3529.59594458325,214.760692625,2980.4171086241254,332.08008049849997,117.82654454875001,549.1788359591251,,189.937388375,6631.7869697,5978.939038738,18898.4889222,0.9015577650571709,0.7402383351523408
2012-12-04,NO 15/9-F-14 H,5351,15/9-F-14,3420717,VOLVE,369304,MÆRSK INSPIRER,24.0,54.19711041666667,%,production,OP,3532.013277821125,214.751039375,2984.10487200675,333.196156973375,119.74281077775001,547.9084058143751,,190.31873787499998,6646.1277365000005,5949.458680325,18953.2731673,0.8951766978011949,0.7403795596047156
2012-12-05,NO 15/9-F-14 H,5351,15/9-F-14,3420717,VOLVE,369304,MÆRSK INSPIRER,24.0,55.197748125,%,production,OP,3527.6300723366253,214.74958175,2985.33580951275,332.90893640900003,115.265563258375,542.294262823875,,190.35489687499998,6818.657224799999,6092.611407686,20426.8498541,0.8935207045643367,0.7497327832785817
2012-12-06,NO 15/9-F-14 H,5351,15/9-F-14,3420717,VOLVE,369304,MÆRSK INSPIRER,24.0,57.21829458333333,%,production,OP,3523.60376004575,214.7562095,2988.02078922825,333.63588197312504,105.102125122,535.5829708174999,,189.225621125,6630.8434982,5927.5353145650015,19562.1267753,0.8939338285052396,0.7468464466243231
2012-12-07,NO 15/9-F-14 H,5351,15/9-F-14,3420717,VOLVE,369304,MÆRSK INSPIRER,24.0,58.72519729166667,%,production,OP,3519.495779274375,214.76373575,2989.462790262125,331.79158480837503,99.310984403875,530.0329890122499,,188.909146625,6646.6938194,5888.025228205,19710.5662913,0.8858577494602443,0.7478230365567585
2012-12-08,NO 15/9-F-14 H,5351,15/9-F-14,3420717,VOLVE,369304,MÆRSK INSPIRER,24.0,59.019982291666665,%,production,OP,3521.7804601531247,214.76278025000002,2993.050305192125,334.24790305199997,98.1768869575,528.7301549609999,,189.355506875,6624.616586300001,5904.104717409001,19857.7478453,0.8912371969751351,0.7498479939957629
2012-12-09,NO 15/9-F-14 H,5351,15/9-F-14,3420717,VOLVE,369304,MÆRSK INSPIRER,24.0,58.964716458333335,%,production,OP,3524.89177000475,214.760048,2995.272208789875,335.370760053375,98.35922087487499,529.619561214875,,190.401162875,6612.0369663,5891.696544416999,20041.221603,0.8910562016585196,0.7519238801849191
2012-12-10,NO 15/9-F-14 H,5351,15/9-F-14,3420717,VOLVE,369304,MÆRSK INSPIRER,24.0,59.808540625,%,production,OP,3517.3573541104997,214.75941537499997,2992.03739908125,336.098826640375,94.52716885525,525.31995502925,,191.076990875,6618.7041649,5889.338228751,19965.8067811,0.8898023060137755,0.751031562012019
2012-12-11,NO 15/9-F-14 H,5351,15/9-F-14,3420717,VOLVE,369304,MÆRSK INSPIRER,23.33333,51.928491666666666,%,production,OP,3586.4750870925877,214.66112434964663,3016.8607154337046,329.0621665179352,138.70738938240956,569.6143716588832,,188.91918446858978,5673.40862,5201.0829775110005,18121.1942024,0.9167474662720487,0.7615674166807647
2012-12-12,NO 15/9-F-14 H,5351,15/9-F-14,3420717,VOLVE,369304,MÆRSK INSPIRER,11.29167,27.282715,%,production,OP,3538.3618008480053,214.7430661152531,2999.8568078792064,336.19118445206624,114.43551798848794,538.5049929687989,,190.64503112635597,2679.3332638,2507.1364027110003,7934.4066207000005,0.9357314510234612,0.7475599277015615
2012-12-13,NO 15/9-F-14 H,5351,15/9-F-14,3420717,VOLVE,369304,MÆRSK INSPIRER,15.20833,28.521093125,%,production,OP,3698.8235539632487,214.39798986581167,3092.7738788348643,265.49003737465443,209.17108836092007,606.049675128384,,165.22292163784454,2645.3053917,2453.080897715,11388.518680300002,0.9273337231352833,0.81150501972033
2012-12-14,NO 15/9-F-14 H,5351,15/9-F-14,3420717,VOLVE,369304,MÆRSK INSPIRER,23.45833,61.10549270833334,%,production,OP,3512.7253878863216,214.80467722429177,2999.1159807147637,332.89143014414594,93.8123883115806,513.6094071715579,,184.90528950523844,5605.8560606,5060.90021642,19011.7684003,0.9027881133070561,0.7722828183725143
2012-12-15,NO 15/9-F-14 H,5351,15/9-F-14,3420717,VOLVE,369304,MÆRSK INSPIRER,13.70833,27.739822291666666,%,production,OP,3638.8509267038085,214.58234299720974,3059.462832073522,294.2088379948243,158.43629469210907,579.3880946302866,,173.861752319114,3006.8436705,2729.177225814,10894.4541048,0.9076551776169236,0.7837005063050589
2012-12-16,NO 15/9-F-14 H,5351,15/9-F-14,3420717,VOLVE,369304,MÆRSK INSPIRER,24.0,66.01756395833333,%,production,OP,3494.6638411229883,214.74762588898056,2994.1922311305784,337.243091153564,78.82156741277188,500.4716099924101,,189.52579589170338,6114.3871991000005,5555.658810273,19937.1881456,0.908620705455284,0.7652968345216049
2012-12-17,NO 15/9-F-14 H,5351,15/9-F-14,3420717,VOLVE,369304,MÆRSK INSPIRER,24.0,68.04594666666667,%,production,OP,3486.06894091175,214.75306362499998,2988.394609565125,338.64289891725,75.64893514812499,497.674331346625,,189.71514125000002,6212.8856237,5649.621692004001,19950.7741352,0.9093394010751875,0.7625375929456282
2012-12-18,NO 15/9-F-14 H,5351,15/9-F-14,3420717,VOLVE,369304,MÆRSK INSPIRER,24.0,68.14036708333333,%,production,OP,3486.332574671375,214.687176875,2988.5762243357503,336.50568240337503,75.703644690375,497.756350335625,,188.897755625,6239.6802142999995,5682.707328140001,19798.1204465,0.9107369501271015,0.760360704209021
2012-12-19,NO 15/9-F-14 H,5351,15/9-F-14,3420717,VOLVE,369304,MÆRSK INSPIRER,24.0,68.224919375,%,production,OP,3482.403048050875,214.67924375,2985.324342445875,334.300959765375,73.705202347875,497.07870560500004,,186.47632512500002,6283.5830881,5729.935795332,19752.141935400003,0.9118898747728011,0.7586553444381364
2012-12-20,NO 15/9-F-14 H,5351,15/9-F-14,3420717,VOLVE,369304,MÆRSK INSPIRER,24.0,68.21459875,%,production,OP,3482.2354234040004,214.66920575,2985.0040260228748,331.264311245875,73.763966910875,497.231397381125,,185.01665825,6519.9541479,5931.210515394,19436.4563715,0.9097012618262619,0.748811410459588
2012-12-21,NO 15/9-F-14 H,5351,15/9-F-14,3420717,VOLVE,369304,MÆRSK INSPIRER,24.0,68.23803479166666,%,production,OP,3489.580676508375,214.65216387499999,2990.586599075375,331.018048808375,75.308612546,498.994077433,,185.64925775,6528.319595200001,5956.813319747001,19481.7430035,0.9124573686813365,0.7490079245127887
2012-12-22,NO 15/9-F-14 H,5351,15/9-F-14,3420717,VOLVE,369304,MÆRSK INSPIRER,24.0,68.258389375,%,production,OP,3495.713052359375,214.639874,2996.236726598,329.676646735625,75.50983464125001,499.476325761375,,184.427672,6552.5353637,5961.055321511,19674.211189499998,0.9097326440287977,0.7501582840094778
2012-12-23,NO 15/9-F-14 H,5351,15/9-F-14,3420717,VOLVE,369304,MÆRSK INSPIRER,24.0,66.04296083333334,%,production,OP,3505.810084243125,214.626459875,3002.0313089469996,327.865980257125,79.527332852,503.77877529612505,,184.258221125,6543.352241099999,5949.918124572,19223.8607935,0.9093073252574528,0.7460589846362647
2012-12-24,NO 15/9-F-14 H,5351,15/9-F-14,3420717,VOLVE,369304,MÆRSK INSPIRER,24.0,62.93003541666667,%,production,OP,3511.632973175125,214.608254,3001.8528517745,333.522075489125,85.48476870200001,509.780121400625,,188.777250875,6536.2447558,5936.120671282,21203.578491,0.9081851878350372,0.7643732370733831
2012-12-25,NO 15/9-F-14 H,5351,15/9-F-14,3420717,VOLVE,369304,MÆRSK INSPIRER,24.0,62.98919645833333,%,production,OP,3507.690248096625,214.59385699999999,2999.35751528725,335.116647434125,84.1191271535,508.33273280937505,,189.94019450000002,6565.303678,5944.897433673,21057.0888161,0.9055022776165023,0.762319513800178
2012-12-26,NO 15/9-F-14 H,5351,15/9-F-14,3420717,VOLVE,369304,MÆRSK INSPIRER,24.0,63.091684375,%,production,OP,3504.78306110025,214.579203875,2997.042887083125,334.175223905875,83.48148571625,507.740174017125,,190.998369125,6546.2455537,5927.982398667,20934.0601325,0.9055545426823239,0.7617841071910864
2012-12-27,NO 15/9-F-14 H,5351,15/9-F-14,3420717,VOLVE,369304,MÆRSK INSPIRER,24.0,63.23328479166667,%,production,OP,3504.642800289375,214.55285112500002,2997.499524118,332.017421060875,83.22579580875001,507.14327617137496,,190.71491450000002,6536.6221444,5920.802920157001,20896.9502535,0.9057893801050472,0.7617290942064706
2012-12-28,NO 15/9-F-14 H,5351,15/9-F-14,3420717,VOLVE,369304,MÆRSK INSPIRER,24.0,63.25755770833333,%,production,OP,3506.089904847875,214.52406875,3001.481339959125,328.32280161112504,81.035413803,504.6085648887499,,186.881644625,6508.8840823,5943.227048363001,20919.4048752,0.9130946216302692,0.7626944906266124
2012-12-29,NO 15/9-F-14 H,5351,15/9-F-14,3420717,VOLVE,369304,MÆRSK INSPIRER,24.0,63.134395,%,production,OP,3508.570834227125,214.50817475,3003.813273009625,329.6839560465,80.82077569275,504.75756121750004,,187.03558887499997,6532.9111565,5981.602473411999,20696.9971936,0.9156105647419573,0.7600832484448664
2012-12-30,NO 15/9-F-14 H,5351,15/9-F-14,3420717,VOLVE,369304,MÆRSK INSPIRER,24.0,64.48677583333334,%,production,OP,3509.915082670625,214.5243605,3006.613116777875,329.95592646949996,79.205556984125,503.30196589275,,186.275300375,6509.387267100001,5967.290131796,20975.6357766,0.9167207122483112,0.7631660247564518
2012-12-31,NO 15/9-F-14 H,5351,15/9-F-14,3420717,VOLVE,369304,MÆRSK INSPIRER,24.0,65.21420770833333,%,production,OP,3513.2778219385,214.528328375,3010.9011078370004,330.99097202675,78.035544503,502.37671410149994,,187.71341825,6510.582331,5953.9694269560005,21263.394584100002,0.9145064334116937,0.7655869611002535
2013-01-01,NO 15/9-F-14 H,5351,15/9-F-14,3420717,VOLVE,369304,MÆRSK INSPIRER,24.0,65.199154375,%,production,OP,3515.691396274875,214.499762,3012.080124760625,331.5907222865,78.804720298125,503.61127151425,,190.29467300000002,6479.133280999999,5894.547500148,21302.5172023,0.9097740769484876,0.7667837162916324
2013-01-02,NO 15/9-F-14 H,5351,15/9-F-14,3420717,VOLVE,369304,MÆRSK INSPIRER,24.0,65.20401479166667,%,production,OP,3521.28352672725,214.4607635,3014.890097015875,331.081357895375,76.04306080500001,506.393429711375,,189.720732875,6322.0767253,5794.208902479,21071.3666848,0.9165040467306332,0.7692120471802737
2013-01-03,NO 15/9-F-14 H,5351,15/9-F-14,3420717,VOLVE,369304,MÆRSK INSPIRER,24.0,65.22876895833333,%,production,OP,3512.270536050125,214.45682674999998,3011.358802440625,330.709701042,77.402915941625,500.9117336095,,190.868264,6529.703353400001,5924.300134898001,20991.2974035,0.9072847286107157,0.7627374305506355
2013-01-04,NO 15/9-F-14 H,5351,15/9-F-14,3420717,VOLVE,369304,MÆRSK INSPIRER,24.0,65.783123125,%,production,OP,3508.645559013375,214.444130375,3009.7685755923753,330.64654303624997,75.707681581375,498.87698342100003,,190.8227255,6197.0353025,5616.229524272,20136.5751226,0.906276832408282,0.7646720217067817
2013-01-05,NO 15/9-F-14 H,5351,15/9-F-14,3420717,VOLVE,369304,MÆRSK INSPIRER,24.0,68.98314625,%,production,OP,3500.80529725825,214.436185625,3008.601327898125,330.32448011400004,68.824688756,492.20396936012503,,189.87149225000002,6220.4333957,5665.960037959,20060.8458102,0.9108625842494688,0.7633131421432657
2013-01-06,NO 15/9-F-14 H,5351,15/9-F-14,3420717,VOLVE,369304,MÆRSK INSPIRER,24.0,71.91100270833333,%,production,OP,3498.761169360128,214.442321375,3010.1363342923405,330.8665241509787,65.0025043992766,488.6248350677873,,191.07418770212766,6192.1921488,5699.657677846,20190.541692400002,0.9204587875960133,0.7652937642447765
2013-01-07,NO 15/9-F-14 H,5351,15/9-F-14,3420717,VOLVE,369304,MÆRSK INSPIRER,24.0,75.15883,%,production,OP,3402.696611398625,209.29493000000002,2916.08590560025,330.82623001012496,62.736026753875,486.610705798375,,189.71043125,6209.4891263,5680.123351541,20289.417505600002,0.9147489005952365,0.7656699873486527
2013-01-08,NO 15/9-F-14 H,5351,15/9-F-14,3420717,VOLVE,369304,MÆRSK INSPIRER,24.0,73.70549625,%,production,OP,3504.7056104225107,214.439792,3017.4875020026384,332.10313974038297,63.3431740159149,487.21810841987235,,190.96472280851066,6229.427824,5655.7904638,20851.2233348,0.907914919892007,0.7699675762052083
2013-01-09,NO 15/9-F-14 H,5351,15/9-F-14,3420717,VOLVE,369304,MÆRSK INSPIRER,24.0,75.32040979166666,%,production,OP,3507.050098710625,214.4000825,3019.17642618125,330.17892843775,64.16038149775,487.87367252937497,,191.1572045,6237.2900865,5651.734570504999,20751.2153558,0.9061202047885543,0.7688908672681043
2013-01-10,NO 15/9-F-14 H,5351,15/9-F-14,3420717,VOLVE,369304,MÆRSK INSPIRER,24.0,75.30807354166667,%,production,OP,3507.6144748065003,214.37413437499998,3020.5077601995,328.905957106375,63.50597004175,487.10671460699996,,190.548780125,6214.080687600001,5659.1538358279995,20634.0990936,0.9106984798444379,0.768547412217818
2013-01-11,NO 15/9-F-14 H,5351,15/9-F-14,3420717,VOLVE,369304,MÆRSK INSPIRER,24.0,75.259671875,%,production,OP,3514.6879690016253,214.340614625,3022.90535316125,328.43352905925,61.46750627612499,491.782615840375,,189.912593375,6066.3959488,5542.73045175,20447.7320233,0.9136776594423272,0.771201377801922
2013-01-12,NO 15/9-F-14 H,5351,15/9-F-14,3420717,VOLVE,369304,MÆRSK INSPIRER,24.0,75.33502291666667,%,production,OP,3506.8818153495,214.33377275,3020.693804672375,324.75215339187497,61.9966743975,486.18801067712496,,188.592572375,6149.673033200001,5628.479487408001,20501.3841026,0.9152485761473411,0.7692521913159224
2013-01-13,NO 15/9-F-14 H,5351,15/9-F-14,3420717,VOLVE,369304,MÆRSK INSPIRER,24.0,75.45427729166667,%,production,OP,3503.23003045575,214.30908987499998,3018.7921268488753,324.383255282125,60.856400749625,484.43790360687495,,188.777989625,6124.387997000001,5631.2114326,20638.1874701,0.919473331108091,0.7711584968894759
2013-01-14,NO 15/9-F-14 H,5351,15/9-F-14,3420717,VOLVE,369304,MÆRSK INSPIRER,24.0,75.51816708333334,%,production,OP,3500.2575733377503,214.27680949999998,3016.83749504725,321.36488457225,59.81320586975,483.42007829050004,,187.0594715,6138.7287638,5588.12043566,20003.9859278,0.910305806083675,0.765183959041084
2013-01-15,NO 15/9-F-14 H,5351,15/9-F-14,3420717,VOLVE,369304,MÆRSK INSPIRER,24.0,75.51299270833333,%,production,OP,3505.725388094375,214.267823,3019.254375041375,324.3701504945,61.283888168125,486.471013053,,190.1912795,6028.468394500001,5513.091883481001,20062.1037722,0.9145095441672719,0.7689407362942284
2013-01-16,NO 15/9-F-14 H,5351,15/9-F-14,3420717,VOLVE,369304,MÆRSK INSPIRER,24.0,75.51903604166667,%,production,OP,3508.018130668625,214.26264874999998,3022.49935553975,325.96589482999997,61.65303707275,485.51877512887506,,190.615196,6073.1889436,5914.903246375,20167.3951916,0.9739369713843987,0.7685574028265164
2013-01-17,NO 15/9-F-14 H,5351,15/9-F-14,3420717,VOLVE,369304,MÆRSK INSPIRER,24.0,76.16265895833334,%,production,OP,3510.045066934875,214.25975599999998,3026.3258628774997,324.35603950575,60.49993662675001,483.719204057375,,188.78854099999998,6037.2112304,5373.146437174001,20704.6078637,0.8900047111351443,0.7742408170081452
2013-01-18,NO 15/9-F-14 H,5351,15/9-F-14,3420717,VOLVE,369304,MÆRSK INSPIRER,24.0,77.335565,%,production,OP,3512.038750218,214.25968175,3028.8312915922497,321.25501828725,59.362575825374996,483.20745862575,,185.470983125,6061.6156932,5336.791719259,20740.2081883,0.8804239643971298,0.7738357016298417
2013-01-19,NO 15/9-F-14 H,5351,15/9-F-14,3420717,VOLVE,369304,MÆRSK INSPIRER,24.0,77.21544979166667,%,production,OP,3511.607440443875,214.26236712500003,3029.454383905125,322.8833901295,61.290547829625,482.15305653875004,,189.17407062499998,6003.623645,5285.674044156001,20192.177043000003,0.8804139560876824,0.7708173261621206
2013-01-20,NO 15/9-F-14 H,5351,15/9-F-14,3420717,VOLVE,369304,MÆRSK INSPIRER,24.0,77.44728145833334,%,production,OP,3513.02943832025,214.262331875,3030.986359866625,324.74035394624997,61.354866139375005,482.04307845362507,,190.33930924999999,5987.1443428,5271.718734157001,20338.3522274,0.8805063703694811,0.7725724061145596
2013-01-21,NO 15/9-F-14 H,5351,15/9-F-14,3420717,VOLVE,369304,MÆRSK INSPIRER,24.0,77.305364375,%,production,OP,3516.679250092875,214.24501625,3033.043814545375,320.44440090525,59.933907702000006,483.63543554750004,,188.62779312499998,5977.7096278,5272.029856664,20323.5711739,0.881948134808329,0.772721728919999
2013-01-22,NO 15/9-F-14 H,5351,15/9-F-14,3420717,VOLVE,369304,MÆRSK INSPIRER,24.0,77.33097604166667,%,production,OP,3512.1148135841254,214.238261375,3031.483278184375,320.613723705375,60.760705885875,480.63153539974996,,188.572029125,6017.9015137,5307.62989944,19240.4658919,0.8819735396727519,0.7617462198936191
2013-01-23,NO 15/9-F-14 H,5351,15/9-F-14,3420717,VOLVE,369304,MÆRSK INSPIRER,24.0,77.29731791666667,%,production,OP,3515.1533204029997,214.21454225,3033.273992873,323.896900565375,61.847339646749994,481.87932753,,190.413496625,6034.9468988,5362.230663404001,19425.6378983,0.8885298832488877,0.7629690383432438
2013-01-24,NO 15/9-F-14 H,5351,15/9-F-14,3420717,VOLVE,369304,MÆRSK INSPIRER,24.0,77.17636833333333,%,production,OP,3515.278705754,214.19863512499998,3033.3629374264997,325.920627865875,61.943345737875,481.9157683275,,190.76116287500002,6041.4254031,5314.348874262,19693.5209062,0.8796514927644526,0.7652442973655331
2013-01-25,NO 15/9-F-14 H,5351,15/9-F-14,3420717,VOLVE,369304,MÆRSK INSPIRER,24.0,77.235110625,%,production,OP,3514.890442049625,214.1841695,3035.1487661475,320.7771241205,59.78983057875,479.74167590212505,,186.819409625,6040.6706259,5305.868755351,19416.5176738,0.878357567221351,0.7627125763149898
2013-01-26,NO 15/9-F-14 H,5351,15/9-F-14,3420717,VOLVE,369304,MÆRSK INSPIRER,24.0,77.21860583333333,%,production,OP,3515.708951916125,214.170989375,3035.3067850485,321.66554834625,60.193386727249994,480.402166867625,,188.534540375,6015.7000802,5290.922161723,22104.908264,0.8795189406362651,0.7860750376888356
2013-01-27,NO 15/9-F-14 H,5351,15/9-F-14,3420717,VOLVE,369304,MÆRSK INSPIRER,24.0,77.11667270833334,%,production,OP,3516.6223015265,214.158299375,3036.3701553185,321.004969753625,59.860470128,480.25214620800006,,187.22818024999998,6003.8123393,5256.528115952,19357.456357900002,0.8755317153308747,0.7632684543118757
2013-01-28,NO 15/9-F-14 H,5351,15/9-F-14,3420717,VOLVE,369304,MÆRSK INSPIRER,24.0,77.0403575,%,production,OP,3517.485401513125,214.14506525000002,3037.248266738125,320.792761029875,59.847776281375005,480.237134775,,186.54780087499998,6014.6937106000005,5263.111482326,19304.055871,0.8750423106417791,0.7624411232784148
2013-01-29,NO 15/9-F-14 H,5351,15/9-F-14,3420717,VOLVE,369304,MÆRSK INSPIRER,24.0,80.31867291666667,%,production,OP,3514.5203262249997,214.13959662500002,3036.66122845475,321.93477211212496,57.398646483625,477.85909777024995,,188.982949625,6018.5304947,5331.258612063001,19308.2700437,0.885807360577101,0.7623651481135636
2013-01-30,NO 15/9-F-14 H,5351,15/9-F-14,3420717,VOLVE,369304,MÆRSK INSPIRER,24.0,85.40971645833334,%,production,OP,3510.649561145875,214.13538499999999,3036.347200033375,318.89221631575003,53.603035261500004,474.3023611125,,185.849866625,6071.050408200001,5385.64713468,19663.6443087,0.8871030171987626,0.7640908324351275
2013-01-31,NO 15/9-F-14 H,5351,15/9-F-14,3420717,VOLVE,369304,MÆRSK INSPIRER,24.0,87.36335729166667,%,production,OP,3510.124650494125,214.126682375,3036.0268533941253,323.968803153875,53.624733550624995,474.0977971,,191.26373825000002,6118.9158623,5319.438075679001,19711.8242533,0.8693432293215927,0.763114961672949
2013-02-01,NO 15/9-F-14 H,5351,15/9-F-14,3420717,VOLVE,369304,MÆRSK INSPIRER,24.0,89.36781416666666,%,production,OP,3508.0425846797502,214.120826,3035.054295041875,324.25040651737504,52.52026011575,472.988289637875,,191.29140575000002,6112.3744599,5394.304886532001,19679.3059356,0.8825219923813785,0.7630098401433955
2013-02-02,NO 15/9-F-14 H,5351,15/9-F-14,3420717,VOLVE,369304,MÆRSK INSPIRER,24.0,89.981959375,%,production,OP,3507.25291320225,214.11099725,3035.34118927075,321.13308967525,51.71183039025,471.91172393150003,,190.600272875,6047.0233339999995,5335.629865629001,19911.8402113,0.8823564208242562,0.7670536183740274
2013-02-03,NO 15/9-F-14 H,5351,15/9-F-14,3420717,VOLVE,369304,MÆRSK INSPIRER,24.0,90.00188395833334,%,production,OP,3506.145617569625,214.102775,3034.979751553125,320.8249866605,50.882735771375,471.1658660165,,189.429245375,6056.3951509,5268.990320434999,19823.9086675,0.8699878705325247,0.7659843874555247
2013-02-04,NO 15/9-F-14 H,5351,15/9-F-14,3420717,VOLVE,369304,MÆRSK INSPIRER,24.0,90.100614375,%,production,OP,3506.691051098375,214.087047125,3035.878938807125,318.96387717425,50.34209151825,470.81211229125006,,188.7436865,6058.2820939,5227.650579468001,19810.5113722,0.862893225908323,0.7658073190835463
2013-02-05,NO 15/9-F-14 H,5351,15/9-F-14,3420717,VOLVE,369304,MÆRSK INSPIRER,24.0,91.274045,%,production,OP,3506.4513818466253,214.07348712499999,3035.883042173875,319.75131869250004,49.990440844,470.56833967274997,,189.29851624999998,6044.0042252,5225.695204529001,19792.9628023,0.8646081322612046,0.7660714503073458
2013-02-06,NO 15/9-F-14 H,5351,15/9-F-14,3420717,VOLVE,369304,MÆRSK INSPIRER,24.0,96.719291875,%,production,OP,3503.413959791125,214.070328125,3034.853417411875,319.952852015125,48.436536949875006,468.56054237924997,,190.67993712499998,6051.174608599999,5266.740774045001,20674.9828586,0.8703666832815976,0.7735860601724592
2013-02-07,NO 15/9-F-14 H,5351,15/9-F-14,3420717,VOLVE,369304,MÆRSK INSPIRER,24.0,98.98541875,%,production,OP,3504.388319031875,214.069435625,3036.2268819475,320.903062428875,47.981752171125,468.161437084375,,190.7624675,6317.9883488000005,5212.221233891,21058.912861,0.8249811405367623,0.7692219327387434
2013-02-08,NO 15/9-F-14 H,5351,15/9-F-14,3420717,VOLVE,369304,MÆRSK INSPIRER,24.0,99.13053458333333,%,production,OP,3507.269220912375,214.06209574999997,3038.5365637515,323.504911197375,48.56454204975,468.73265716087496,,191.25257862499998,6152.0002629,5345.2792542570005,21149.3603288,0.8688685022482886,0.774663235473682
2013-02-09,NO 15/9-F-14 H,5351,15/9-F-14,3420717,VOLVE,369304,MÆRSK INSPIRER,24.0,97.195935625,%,production,OP,3509.452120924596,214.05278663829787,3041.744539694298,321.8713846557447,47.633268867063826,467.7075812302978,,190.46921,6163.4477171,5439.203642965001,21324.7831297,0.882493677665888,0.7757786686436567
2013-02-10,NO 15/9-F-14 H,5351,15/9-F-14,3420717,VOLVE,369304,MÆRSK INSPIRER,24.0,99.180644375,%,production,OP,3508.00145432025,214.033421,3041.279682553625,317.27122328175,46.720012219875,466.72177176662507,,188.05297175,6077.3402182,5352.312883056001,21214.1453718,0.8806998935204027,0.7773173542290851
2013-02-11,NO 15/9-F-14 H,5351,15/9-F-14,3420717,VOLVE,369304,MÆRSK INSPIRER,24.0,99.05895208333334,%,production,OP,3506.9411056752497,214.01089475,3040.94739143075,315.713626961875,46.1360439075,465.99371424450004,,186.266177375,6066.0814583,5132.993763882,21155.2727502,0.8461794981105488,0.7771572489804407
2013-02-12,NO 15/9-F-14 H,5351,15/9-F-14,3420717,VOLVE,369304,MÆRSK INSPIRER,24.0,99.05158791666666,%,production,OP,3506.9493093871247,213.99614975,3040.440142177125,317.8906503635,46.683021486625,466.50916721,,188.74911500000002,6045.3250853,5242.3259562,21034.445500100002,0.8671702319114984,0.776758629980443
2013-02-13,NO 15/9-F-14 H,5351,15/9-F-14,3420717,VOLVE,369304,MÆRSK INSPIRER,24.0,96.98227104166666,%,production,OP,3508.8181968575745,213.99638191489362,3042.8079367088935,316.7381442132766,46.24486329587234,466.01026014868086,,186.83856174468085,5988.339406700001,5345.815684550001,21053.6923187,0.8927041908427705,0.7785543827657267
2013-02-14,NO 15/9-F-14 H,5351,15/9-F-14,3420717,VOLVE,369304,MÆRSK INSPIRER,24.0,96.97515791666666,%,production,OP,3512.234029998383,213.99609965957444,3046.2664603963403,314.3135223658723,45.99586699493617,465.96756960204254,,184.90794263829787,5995.0695034,5356.3970281110005,21229.8069987,0.8934670440556548,0.779794427977017
2013-02-15,NO 15/9-F-14 H,5351,15/9-F-14,3420717,VOLVE,369304,MÆRSK INSPIRER,24.0,96.96409895833334,%,production,OP,3514.6291690148937,213.9768959574468,3047.644250420298,318.01956420102124,46.952855492170215,466.9849185945958,,187.90784525,6030.1037451,5469.0629281090005,21278.3014338,0.9069600058793523,0.7791850638806548
2013-02-16,NO 15/9-F-14 H,5351,15/9-F-14,3420717,VOLVE,369304,MÆRSK INSPIRER,24.0,99.02500645833334,%,production,OP,3512.906733150625,213.9587285,3046.68128746325,319.25674213412503,46.382212674625,466.225445687375,,188.9439605,6066.4588469,5460.000116648,21298.3030296,0.9000308506894587,0.7783112868192109
2013-02-17,NO 15/9-F-14 H,5351,15/9-F-14,3420717,VOLVE,369304,MÆRSK INSPIRER,24.0,96.94551895833334,%,production,OP,3511.2425996050215,213.9421230212766,3045.300794306426,318.5788986191489,46.21248587680851,465.9418052985957,,189.61015961702128,6064.8234963,5462.9803241810005,20820.9693487,0.9007649319908205,0.7744227395016962
2013-02-18,NO 15/9-F-14 H,5351,15/9-F-14,3420717,VOLVE,369304,MÆRSK INSPIRER,24.0,98.99266375,%,production,OP,3510.88048279325,213.925609625,3044.09324147775,319.111383841875,46.876894989875,466.78724131549995,,189.81104787499999,6083.8816206,5435.431326711001,21131.1198798,0.8934150375817063,0.7764511745292176
2013-02-19,NO 15/9-F-14 H,5351,15/9-F-14,3420717,VOLVE,369304,MÆRSK INSPIRER,24.0,99.00143,%,production,OP,3515.6834373146253,213.91908275,3048.0010426145,318.335914001875,46.22268598275,467.68239470012503,,188.366843,6015.4484878,5397.5149927620005,21073.631016400002,0.8972755736681582,0.7779382467806873
2013-02-20,NO 15/9-F-14 H,5351,15/9-F-14,3420717,VOLVE,369304,MÆRSK INSPIRER,24.0,99.03283708333333,%,production,OP,3542.4702003505,213.874443875,3058.162758424625,316.160126444875,42.150547727125,484.30744192587497,,187.480842125,5740.080606,5166.728484204001,20652.1508483,0.900114273448236,0.7825087046565444
2013-02-21,NO 15/9-F-14 H,5351,15/9-F-14,3420717,VOLVE,369304,MÆRSK INSPIRER,24.0,99.03917729166666,%,production,OP,3520.54027949625,213.909654875,3051.3037875180003,318.50327274575,46.138023071875,469.23649197825006,,189.530373875,6029.0973754999995,5386.708341415001,21281.257644499998,0.8934518727968422,0.7792376784891756
2013-02-22,NO 15/9-F-14 H,5351,15/9-F-14,3420717,VOLVE,369304,MÆRSK INSPIRER,19.91667,72.03671666666666,%,production,OP,3601.150704189942,213.7900721042102,3082.8396319510457,309.85475993354925,85.00867564677775,518.3110722388966,,186.47187212252348,4471.8033176,4304.888062878001,16427.5370637,0.9626738380766751,0.7860313657745288
2013-02-23,NO 15/9-F-14 H,5351,15/9-F-14,3420717,VOLVE,369304,MÆRSK INSPIRER,24.0,100.0,%,production,OP,3541.827089772,213.83969225,3059.8470545023747,319.5365899335,60.0564043795,481.980035269625,,189.954298625,5803.796381300001,5235.068432203,20835.5617079,0.9020075978320917,0.7821345258445642
2013-02-24,NO 15/9-F-14 H,5351,15/9-F-14,3420717,VOLVE,369304,MÆRSK INSPIRER,24.0,99.92174333333334,%,production,OP,3519.557359991875,213.873179,3051.1905642076254,325.14956657675003,45.756953856625,468.36679578425003,,191.098262375,5938.1467229,5364.362964990001,21123.1318211,0.9033732602636364,0.7805666604685757
2013-02-25,NO 15/9-F-14 H,5351,15/9-F-14,3420717,VOLVE,369304,MÆRSK INSPIRER,24.0,99.99932020833333,%,production,OP,3513.82626500575,213.85299125,3048.18425582475,325.194150653625,46.152505720499995,465.64200918099993,,191.305273625,5983.7478454,5357.243521470001,21135.5856449,0.8952990098986835,0.7793549075407676
2013-02-26,NO 15/9-F-14 H,5351,15/9-F-14,3420717,VOLVE,369304,MÆRSK INSPIRER,24.0,100.0,%,production,OP,3514.08666864825,213.820713875,3048.3799785625,325.039781875625,46.243205838125,465.70669008575,,191.287832,5989.219980100001,5347.178478823001,21075.0776727,0.8928004809624174,0.7787040307886811
2013-02-27,NO 15/9-F-14 H,5351,15/9-F-14,3420717,VOLVE,369304,MÆRSK INSPIRER,24.0,100.0,%,production,OP,3514.22509533275,213.836266625,3048.255152212125,324.34951279575,46.460889746375,465.969943120625,,191.269389125,5950.034463800001,5329.705824704,21167.4749816,0.8957436897432983,0.7805832989279435
2013-02-28,NO 15/9-F-14 H,5351,15/9-F-14,3420717,VOLVE,369304,MÆRSK INSPIRER,24.0,100.0,%,production,OP,3513.8129879855,213.84901925,3047.893149450625,323.287245418875,46.362275992875,465.919838534875,,190.99518087500002,5939.3417868,5329.765506547,21206.9749884,0.8973663577321372,0.7812100316966024
2013-03-01,NO 15/9-F-14 H,5351,15/9-F-14,3420717,VOLVE,369304,MÆRSK INSPIRER,24.0,100.0,%,production,OP,3516.497898203625,213.840052625,3049.985709368625,322.28356735075,46.919185653374996,466.512188835,,190.75605612500001,5889.2120011,5344.722694585,21459.4479618,0.907544624575699,0.7846617710304984
2013-03-02,NO 15/9-F-14 H,5351,15/9-F-14,3420717,VOLVE,369304,MÆRSK INSPIRER,24.0,100.0,%,production,OP,3513.69125880075,213.80776775,3047.96267402025,320.630427248375,46.152783709999994,465.72858478049994,,190.472124125,5914.434139200001,5353.017764468001,21223.5171887,0.9050769082014094,0.7820604043489647
2013-03-03,NO 15/9-F-14 H,5351,15/9-F-14,3420717,VOLVE,369304,MÆRSK INSPIRER,24.0,100.0,%,production,OP,3516.7652123025,213.802304,3050.70729457,321.136603825125,46.403841466375,466.0579177325,,190.220766125,5892.6713966,5335.313799064,21299.1207049,0.9054151232906711,0.7832922753085135
2013-03-04,NO 15/9-F-14 H,5351,15/9-F-14,3420717,VOLVE,369304,MÆRSK INSPIRER,24.0,100.0,%,production,OP,3518.236607704375,213.806867375,3052.797283085125,321.1652216355,45.71634623825,465.43932461925,,189.35356587500002,5912.1069095,5336.123565135001,21281.006052099998,0.9025756209787973,0.7825880796417601
2013-03-05,NO 15/9-F-14 H,5351,15/9-F-14,3420717,VOLVE,369304,MÆRSK INSPIRER,24.0,100.0,%,production,OP,3521.982624995375,213.789239,3056.115806914375,321.182810514625,46.04107423375,465.866818081,,190.119260375,5918.6483119,5360.5804074729995,20707.626972500002,0.9057102441270327,0.7777139968440249
2013-03-06,NO 15/9-F-14 H,5351,15/9-F-14,3420717,VOLVE,369304,MÆRSK INSPIRER,24.0,100.0,%,production,OP,3523.8643631155,213.77262125000001,3056.34863822875,319.683879044125,46.657685160999996,467.51572488675004,,188.978782625,5822.7916075,5334.714861752001,20386.0918853,0.9161782219512482,0.7778313750335983
2013-03-07,NO 15/9-F-14 H,5351,15/9-F-14,3420717,VOLVE,369304,MÆRSK INSPIRER,2.19167,9.234162916666667,%,production,OP,3622.077965464682,213.74113787334772,3071.4630448621547,318.30574502507795,143.86006318582957,550.6149206025271,,187.61972278212505,272.85195780000004,269.923318539,919.1928333999999,0.9892665631406363,0.7711059518784297
2013-03-10,NO 15/9-F-14 H,5351,15/9-F-14,3420717,VOLVE,369304,MÆRSK INSPIRER,10.975,20.508005416666666,%,production,OP,3758.8011671513264,213.389670405323,3160.7536123486398,223.27188388518408,182.5864083798763,598.047554802687,,162.8048948631763,1174.1188327,1139.306253491,6580.7766106,0.9703500376286912,0.8485964328875119
2013-03-11,NO 15/9-F-14 H,5351,15/9-F-14,3420717,VOLVE,369304,MÆRSK INSPIRER,15.19167,55.35099541666666,%,production,OP,3527.375171848041,213.8368714498656,3048.716180012821,306.7542373353518,65.43529793148036,478.65899183522066,,188.15804649495152,3218.495777,3040.557530124,16771.526772600002,0.9447138479573031,0.8389948901251039
2013-03-13,NO 15/9-F-14 H,5351,15/9-F-14,3420717,VOLVE,369304,MÆRSK INSPIRER,19.975,49.600048125,%,production,OP,3641.5425541264894,213.66971939521903,3101.8114946801434,273.13633383226755,125.95433707933641,539.7310594463463,,177.99100306620477,3394.1072722,3262.4073007,12106.1860013,0.9611974634453335,0.7810294803903667
2013-03-14,NO 15/9-F-14 H,5351,15/9-F-14,3420717,VOLVE,369304,MÆRSK INSPIRER,15.69167,63.658942708333335,%,production,OP,3534.4872195561334,213.7875869113447,3051.65536577733,322.10548074662955,65.24277349600357,482.8318537788031,,189.78661692825048,3375.8039251000005,2576.427375581,13111.8008241,0.7632040938232748,0.7952520104374896
2013-03-15,NO 15/9-F-14 H,5351,15/9-F-14,3420717,VOLVE,369304,MÆRSK INSPIRER,16.80833,39.82264125,%,production,OP,3636.9759433328013,213.5962190876833,3095.941708670639,285.6888613680879,126.88483938039678,541.0342346621624,,177.8473723748082,3171.1335077000003,3102.818405665,13745.1846911,0.978457197759375,0.8125399705519283
2013-03-16,NO 15/9-F-14 H,5351,15/9-F-14,3420717,VOLVE,369304,MÆRSK INSPIRER,12.025,48.376081041666666,%,production,OP,3521.5252145214736,213.88358757568233,3032.223361248084,321.4917869970294,79.66611494951576,489.30185327338944,,185.2921455342553,2807.7082859,2442.0153896170004,11120.8872648,0.8697539562356,0.7984212926795125
2013-03-17,NO 15/9-F-14 H,5351,15/9-F-14,3420717,VOLVE,369304,MÆRSK INSPIRER,10.475,20.302785833333335,%,production,OP,3704.0792206593046,213.51220837463293,3119.8130708716953,253.39805949246482,175.37749563222437,584.2661497876094,,164.99822980897756,1849.7702229,1765.457779605,7858.2370216,0.9544200451217028,0.8094593281285432
2013-03-18,NO 15/9-F-14 H,5351,15/9-F-14,3420717,VOLVE,369304,MÆRSK INSPIRER,24.0,92.49731916666667,%,production,OP,3507.826378346125,213.92887737499998,3030.753604092875,316.22723975775,61.340737020875004,477.07277425325,,184.941240875,5807.6960635000005,3262.279814633,22468.396383900003,0.5617166909156385,0.7946075443661941
2013-03-19,NO 15/9-F-14 H,5351,15/9-F-14,3420717,VOLVE,369304,MÆRSK INSPIRER,24.0,100.0,%,production,OP,3497.51042066625,213.88366962499998,3027.645651266625,323.871609564125,55.229083474125005,469.86476939962506,,187.515111875,5834.2390617,3005.043302069,21269.4328017,0.515070306562546,0.7847435915287042
2013-03-20,NO 15/9-F-14 H,5351,15/9-F-14,3420717,VOLVE,369304,MÆRSK INSPIRER,2.16,10.67796625,%,production,OP,3561.537884142025,213.83700030726337,3072.3464939908854,325.70178041468233,100.09050996458892,489.19139015113984,,186.28181867811486,563.1895874,372.320410071,1273.1204421,0.6610924960275641,0.6933036478849118
2013-03-21,NO 15/9-F-14 H,5351,15/9-F-14,3420717,VOLVE,369304,MÆRSK INSPIRER,0.0,1.1356395833333333,%,production,OP,4262.756163408,210.81617599999998,2957.49451446,64.35220029599999,1305.07730565,1305.2616489480001,,33.784862,0.0,0.0,0.0,,
2013-03-22,NO 15/9-F-14 H,5351,15/9-F-14,3420717,VOLVE,369304,MÆRSK INSPIRER,17.975,42.346809791666665,%,production,OP,3618.4617179732504,213.66865938648124,3053.060693111014,259.8461414761769,159.0981610451129,565.4010248622365,,170.96585493188985,3857.0372882,2916.5527862500003,13829.531043199999,0.7561640109554386,0.7819228006287474
2013-03-23,NO 15/9-F-14 H,5351,15/9-F-14,3420717,VOLVE,369304,MÆRSK INSPIRER,24.0,99.989619375,%,production,OP,3481.566716640125,214.0264745,3008.5747647927496,317.774462839,54.717613010375004,472.99195184737493,,185.97339800000003,6235.9692264000005,3695.392008725,21326.1039898,0.5925930476180901,0.7737481800630759
2013-03-24,NO 15/9-F-14 H,5351,15/9-F-14,3420717,VOLVE,369304,MÆRSK INSPIRER,24.0,100.0,%,production,OP,3496.080409440375,213.881359625,3024.0530207255,323.744009362,53.739639906125,472.02738871487503,,188.399312,5998.591797,3448.928245396,21483.3492398,0.5749563167676902,0.7817260509740735
2013-03-25,NO 15/9-F-14 H,5351,15/9-F-14,3420717,VOLVE,369304,MÆRSK INSPIRER,11.0,38.579773125,%,production,OP,3606.378035571974,213.7484210895101,3059.294642761301,293.26228267744636,127.83201250742796,547.0833928106725,,180.64488287795774,2752.6724484,2410.460998873,10506.058337299999,0.8756802867243025,0.7923879372097326
2013-03-26,NO 15/9-F-14 H,5351,15/9-F-14,3420717,VOLVE,369304,MÆRSK INSPIRER,24.0,97.74082875,%,production,OP,3482.7096534325533,213.98924855319152,3003.423019018723,324.5563898300426,58.74289576289362,479.28663441382974,,190.35702978723404,5568.7461816,5030.757707382,21569.2680444,0.903391453538393,0.7947990543735225
2013-03-27,NO 15/9-F-14 H,5351,15/9-F-14,3420717,VOLVE,369304,MÆRSK INSPIRER,24.0,100.0,%,production,OP,3488.2853814115,213.91695312500002,3010.247551500875,328.83149822312504,56.78437731575,478.03782991062496,,190.63518800000003,5778.385548900001,5235.132704957,21811.6773218,0.9059853588263219,0.7905627987880915
2013-03-28,NO 15/9-F-14 H,5351,15/9-F-14,3420717,VOLVE,369304,MÆRSK INSPIRER,14.83333,58.93316854166667,%,production,OP,3541.5813014477194,213.83215518299667,3033.7636708376226,318.60155351041954,88.77932610466239,507.81763061009656,,185.82379736895356,3734.0715026999997,3385.9872087330004,14611.543120500002,0.9067815670601622,0.7964597218793713
2013-03-29,NO 15/9-F-14 H,5351,15/9-F-14,3420717,VOLVE,369304,MÆRSK INSPIRER,24.0,86.06624354166667,%,production,OP,3524.728345416625,213.8958935,3024.567014246125,317.933738736,82.17683869,500.16133117050003,,188.89451975000003,5716.0535318,5203.780314297001,22479.9067362,0.9103799125300208,0.7972740251628446
2013-03-30,NO 15/9-F-14 H,5351,15/9-F-14,3420717,VOLVE,369304,MÆRSK INSPIRER,24.0,97.91666666666667,%,production,OP,3487.007456479532,213.97702655319148,3007.802916723907,331.5961393529362,61.161071069795206,479.204539755625,,190.84901382978722,6106.5249366,5491.460570290001,22283.6017661,0.8992775150030821,0.7849067388621677
2013-03-31,NO 15/9-F-14 H,5351,15/9-F-14,3420717,VOLVE,369304,MÆRSK INSPIRER,23.0,79.77891086956522,%,production,OP,3505.7410552200004,213.9361299090909,3016.8254332696365,332.35126090390906,71.23911216900001,488.91562195036363,,190.81663209090908,5785.3043399,5187.324723538,20695.7392316,0.8966381747217925,0.7815303492749666
2013-04-01,NO 15/9-F-14 H,5351,15/9-F-14,3420717,VOLVE,369304,MÆRSK INSPIRER,21.69167,66.723121875,%,production,OP,3519.631292834868,213.94506797538227,3024.706050341885,332.93438895760875,80.94348659642749,494.9252424929832,,190.81260277249103,5525.6609831,4966.023037106001,19655.4046576,0.8987201806796277,0.7805628617174601
2013-04-03,NO 15/9-F-14 H,5351,15/9-F-14,3420717,VOLVE,369304,MÆRSK INSPIRER,14.475,30.30538479166667,%,production,OP,3670.812326188408,213.70535042706322,3081.9409094548273,271.19128013893163,164.1612117024004,588.8714167335806,,176.1494819422425,2980.1748761,2663.258453647,11070.1913962,0.8936584476989713,0.7878934386233509
2013-04-04,NO 15/9-F-14 H,5351,15/9-F-14,3420717,VOLVE,369304,MÆRSK INSPIRER,24.0,75.71153166666667,%,production,OP,3508.4983273136254,214.05310924999998,3015.753411537875,328.36936183075,72.11072407325,492.74491577575,,190.44509150000002,6177.222401,5323.543762701,20752.5362159,0.861802185046664,0.7706172383913077
2013-04-05,NO 15/9-F-14 H,5351,15/9-F-14,3420717,VOLVE,369304,MÆRSK INSPIRER,12.525,39.96248625,%,production,OP,3522.4534769839756,213.9975519068072,3024.8284623127925,332.30233320594243,79.58652059604921,497.62501467118295,,190.39983903389702,2912.4965205000003,2707.9901715490005,13369.2427474,0.9297831439414419,0.8211188330326548
2013-04-09,NO 15/9-F-14 H,5351,15/9-F-14,3420717,VOLVE,369304,MÆRSK INSPIRER,0.0,1.1876958333333334,%,production,OP,4328.248942536,209.994188,2922.792287466,50.424056118,1398.4864188660001,1405.45665507,,40.083692,0.0,0.0,0.0,,
2013-04-10,NO 15/9-F-14 H,5351,15/9-F-14,3420717,VOLVE,369304,MÆRSK INSPIRER,6.30833,11.466540625,%,production,OP,3793.7874134499193,213.45426750210592,3141.2793148049395,196.08976362944378,217.23307931385193,652.5080986449799,,156.09445571522733,588.3488274,618.485764185,2474.3483559,1.0512229061765612,0.807898465898589
2013-04-11,NO 15/9-F-14 H,5351,15/9-F-14,3420717,VOLVE,369304,MÆRSK INSPIRER,24.0,59.11393208333333,%,production,OP,3527.716472681875,214.060120625,2998.619395753875,302.13005379075,107.20990496512499,529.0970769280001,,186.732023375,5875.185724800001,5241.658508370001,20968.2138008,0.8921689890149701,0.7811310851594279
2013-04-12,NO 15/9-F-14 H,5351,15/9-F-14,3420717,VOLVE,369304,MÆRSK INSPIRER,24.0,66.20072020833334,%,production,OP,3521.571732341375,214.167206375,3099.1974895366247,252.592406474625,124.17984349000001,422.37424280475,,187.5233225,6057.1499281,5434.325270307,21421.4575094,0.8971752944559577,0.7795685264663805
2013-04-13,NO 15/9-F-14 H,5351,15/9-F-14,3420717,VOLVE,369304,MÆRSK INSPIRER,24.0,71.85808541666667,%,production,OP,3515.8745218579998,214.082209625,3017.4699030300003,330.033313307375,77.136864882,498.40461882799997,,190.010988875,6285.2813368,5607.970475383,21725.8214153,0.8922385769032518,0.775614641364707
2013-04-14,NO 15/9-F-14 H,5351,15/9-F-14,3420717,VOLVE,369304,MÆRSK INSPIRER,24.0,70.36909854166667,%,production,OP,3517.136715053,214.139094875,3016.870488170625,326.443012439125,78.81563138599999,500.266226882375,,185.6979665,6435.4191015,5743.268860317,21826.332579100002,0.892446749735123,0.7722922777671446
2013-04-15,NO 15/9-F-14 H,5351,15/9-F-14,3420717,VOLVE,369304,MÆRSK INSPIRER,23.99907,72.809854375,%,production,OP,3518.223529266288,214.0426998831155,3021.473805370973,327.6496408035681,75.16169593093544,496.749723895315,,187.67725261927902,6470.7678337,5768.749475808001,21878.349307800003,0.8915092650618894,0.7717471129205817
2013-04-16,NO 15/9-F-14 H,5351,15/9-F-14,3420717,VOLVE,369304,MÆRSK INSPIRER,22.33426,57.519335833333336,%,production,OP,3594.3474198773547,213.88577402241398,3045.843416343958,315.7543202623473,125.52412736304906,548.5040035333966,,183.24265218766863,5646.2366408,6553.319567799001,19718.9317386,1.1606526585237984,0.7774019649171532
2013-04-17,NO 15/9-F-14 H,5351,15/9-F-14,3420717,VOLVE,369304,MÆRSK INSPIRER,24.0,70.15070395833334,%,production,OP,3442.63373420775,210.08676462499997,2943.7547383845003,326.10905337925004,78.214989746875,498.87899582325,,186.885107375,6561.7813844,5846.418154959,21469.5745559,0.8909803317828133,0.7659128085571384
2013-04-18,NO 15/9-F-14 H,5351,15/9-F-14,3420717,VOLVE,369304,MÆRSK INSPIRER,24.0,70.20958833333333,%,production,OP,3516.729342592125,213.93489499999998,3018.78333694175,325.64437580025,76.54848801874999,497.946005650375,,187.533133625,6540.773419000001,5797.152029577,21334.9097238,0.8863098686062281,0.7653591703746491
2013-04-19,NO 15/9-F-14 H,5351,15/9-F-14,3420717,VOLVE,369304,MÆRSK INSPIRER,24.0,70.24530625,%,production,OP,3519.378083959,213.920985875,3020.693976905,326.995244624125,77.46207633750001,498.684107054,,190.04235162499998,6474.0385349,5769.238584403,21438.565792600002,0.8911344214746959,0.7680603909638894
2013-04-20,NO 15/9-F-14 H,5351,15/9-F-14,3420717,VOLVE,369304,MÆRSK INSPIRER,24.0,73.674573125,%,production,OP,3519.30814542675,213.9032795,3025.19719529125,328.1112364935,72.924172717875,494.1109501355,,189.427518875,6511.6515987,5765.755495542,21581.9105625,0.8854520866400604,0.7682155234948013
2013-04-21,NO 15/9-F-14 H,5351,15/9-F-14,3420717,VOLVE,369304,MÆRSK INSPIRER,24.0,79.405721875,%,production,OP,3513.724034367125,213.91134649999998,3027.60587761675,325.36702386312504,64.8071965885,486.118156750375,,187.85716625,6485.8633777000005,5761.813315581,21739.0300163,0.8883648914640319,0.7702076926505326
2013-04-22,NO 15/9-F-14 H,5351,15/9-F-14,3420717,VOLVE,369304,MÆRSK INSPIRER,24.0,82.01953791666666,%,production,OP,3516.40479891575,213.910236125,3032.5735922845,326.79044190325,61.746915939874995,483.83120663125004,,187.990445,6448.8163968,5723.950659976,21837.2139504,0.8875970887954432,0.7720140890169709
2013-04-23,NO 15/9-F-14 H,5351,15/9-F-14,3420717,VOLVE,369304,MÆRSK INSPIRER,24.0,85.25110395833333,%,production,OP,3519.2026725845,213.905877125,3037.145226304,327.570852100125,59.769328853125,482.0574462805001,,188.417073125,6425.6069979,5687.332141252001,22023.706816899998,0.8851042622293457,0.7741384189534564
2013-04-24,NO 15/9-F-14 H,5351,15/9-F-14,3420717,VOLVE,369304,MÆRSK INSPIRER,24.0,88.66311604166667,%,production,OP,3522.4301548525,213.8757185,3042.868320027125,329.573186295625,57.93828755725,479.56183482537506,,190.42126137500003,6356.1045974,5675.319139753,22222.2132205,0.892892659770659,0.7775899674046294
2013-04-25,NO 15/9-F-14 H,5351,15/9-F-14,3420717,VOLVE,369304,MÆRSK INSPIRER,24.0,94.69944520833333,%,production,OP,3515.259874987,213.865937375,3040.681497495625,328.336314318125,53.34187621275,474.57837749137497,,189.94312737500002,6360.0671777,5676.657213736001,22274.7960321,0.8925467381287722,0.7778907784157555
2013-04-26,NO 15/9-F-14 H,5351,15/9-F-14,3420717,VOLVE,369304,MÆRSK INSPIRER,24.0,99.99990166666667,%,production,OP,3512.778670639875,213.84298625000002,3040.266314134125,329.676302270375,51.220426538125,472.51235650575,,191.3671655,6372.3952053,5640.052467745,22349.581873000003,0.8850757503323238,0.7781352172265862
2013-04-27,NO 15/9-F-14 H,5351,15/9-F-14,3420717,VOLVE,369304,MÆRSK INSPIRER,24.0,100.0,%,production,OP,3513.71331666325,213.812761625,3042.1473331075003,328.203828148375,50.52876751075,471.56598355575005,,191.2083965,6313.962870400001,5653.350571177,22209.0046195,0.8953727931597498,0.7786358353970084
2013-04-28,NO 15/9-F-14 H,5351,15/9-F-14,3420717,VOLVE,369304,MÆRSK INSPIRER,24.0,100.0,%,production,OP,3518.542807095375,213.79998312499998,3047.378841681,325.674589028625,48.66741629449999,471.163965414375,,187.997145125,6383.6539652,5635.410350430001,22044.5889861,0.8827875666743542,0.7754467634128588
2013-04-29,NO 15/9-F-14 H,5351,15/9-F-14,3420717,VOLVE,369304,MÆRSK INSPIRER,24.0,99.99861479166667,%,production,OP,3518.795155085625,213.779829875,3046.4113808101247,325.35510959575,48.093386106749996,472.38377427550006,,189.19204100000002,6147.7860902,5504.512530263,22069.307939399998,0.8953650061178247,0.7821254703354317
2013-04-30,NO 15/9-F-14 H,5351,15/9-F-14,3420717,VOLVE,369304,MÆRSK INSPIRER,24.0,66.09095666666667,%,production,OP,3583.520030522625,213.63886137499998,3065.358389723875,324.523422422625,97.154287473625,518.16164079875,,190.544558375,5545.5996808,5060.355310599001,20271.8060376,0.9124992069151666,0.7851991892102597
2013-05-01,NO 15/9-F-14 H,5351,15/9-F-14,3420717,VOLVE,369304,MÆRSK INSPIRER,24.0,100.0,%,production,OP,3520.419399388125,213.76266237500002,3051.538700732,324.51635484175,48.1127668095,468.880698656125,,188.786726375,5940.8513412,5421.88001688,22096.228326200002,0.9126436103995875,0.7881073417176291
2013-05-02,NO 15/9-F-14 H,5351,15/9-F-14,3420717,VOLVE,369304,MÆRSK INSPIRER,24.0,100.0,%,production,OP,3526.684962425875,213.76383537499999,3056.698140527625,327.649474782625,49.169148060875,469.98682189825,,190.797891875,5948.273317,5383.544497442,22303.3517695,0.9050600418874464,0.7894537642069173
2013-05-03,NO 15/9-F-14 H,5351,15/9-F-14,3420717,VOLVE,369304,MÆRSK INSPIRER,24.0,100.0,%,production,OP,3528.847098281125,213.76368387500003,3059.507520544375,325.586019156625,48.353850181750005,469.33957773675,,189.038654375,5940.9142393,5341.278098747001,22463.9306188,0.899066689671041,0.7908485587941568
2013-05-04,NO 15/9-F-14 H,5351,15/9-F-14,3420717,VOLVE,369304,MÆRSK INSPIRER,24.0,100.0,%,production,OP,3531.114380643125,213.757140125,3061.891842529125,325.80024632587504,48.0732681275,469.22253811400003,,188.966928875,5928.5233136,5400.299556857,22025.4679637,0.9109012938295685,0.7879185389023767
2013-05-05,NO 15/9-F-14 H,5351,15/9-F-14,3420717,VOLVE,369304,MÆRSK INSPIRER,24.0,100.0,%,production,OP,3536.4831102727503,213.73104949999998,3066.8826001091247,326.88072805825,48.545814017999994,469.600510163625,,189.907843625,5968.4636070999995,5430.498922562,21741.2314498,0.9098654662318718,0.7846073876004713
2013-05-06,NO 15/9-F-14 H,5351,15/9-F-14,3420717,VOLVE,369304,MÆRSK INSPIRER,24.0,100.0,%,production,OP,3538.007722534125,213.72791487499998,3069.051492317875,326.804193318625,48.125351877625,468.95623021624993,,189.89016725,5948.5878075,5422.084135846,21992.8867479,0.9114909809366549,0.7871054444279366
2013-05-07,NO 15/9-F-14 H,5351,15/9-F-14,3420717,VOLVE,369304,MÆRSK INSPIRER,24.0,100.0,%,production,OP,3540.271291319,213.717795875,3071.041718862,328.329358537375,48.33562373975,469.229572457,,190.79272699999999,5921.604522600001,5405.848908815001,22259.323099499998,0.912902725635155,0.7898719090440384
2013-05-08,NO 15/9-F-14 H,5351,15/9-F-14,3420717,VOLVE,369304,MÆRSK INSPIRER,24.0,100.0,%,production,OP,3545.315909364625,213.69303424999998,3075.6163019875,327.70049492075003,48.7017177815,469.69960737712495,,189.66996049999997,5890.9731479,5422.280132431,22572.618535600002,0.9204387791792807,0.7930347928889478
2013-05-09,NO 15/9-F-14 H,5351,15/9-F-14,3420717,VOLVE,369304,MÆRSK INSPIRER,24.0,100.0,%,production,OP,3546.1327482725,213.6858485,3076.71523678375,327.643331819,48.301570026,469.41751148875,,190.59765387500002,5904.244647,5417.6652074349995,22488.9011645,0.9175881982105474,0.7920538750373824
2013-05-10,NO 15/9-F-14 H,5351,15/9-F-14,3420717,VOLVE,369304,MÆRSK INSPIRER,24.0,100.0,%,production,OP,3546.596443823375,213.68082762499998,3077.238080644,326.769622907,48.138873649500006,469.358363179375,,189.749050625,5876.3807887,5400.8794242310005,22465.0627846,0.9190826153772461,0.7926576755519948
2013-05-11,NO 15/9-F-14 H,5351,15/9-F-14,3420717,VOLVE,369304,MÆRSK INSPIRER,24.0,100.0,%,production,OP,3547.646280235,213.673098875,3078.774731059375,326.70415637975,47.72300740075,468.87154917562503,,189.650164625,5879.777286099999,5411.9325721840005,22529.6591333,0.9204315586881155,0.793034356637752
2013-05-12,NO 15/9-F-14 H,5351,15/9-F-14,3420717,VOLVE,369304,MÆRSK INSPIRER,24.0,97.91666666666667,%,production,OP,3548.801846327,213.6666039148936,3079.2755811541488,328.19207280561704,48.31982301972606,469.5262651728511,,190.78934525,5897.954837,5402.521204634,22771.5023278,0.9159990800102493,0.7942774150519517
2013-05-13,NO 15/9-F-14 H,5351,15/9-F-14,3420717,VOLVE,369304,MÆRSK INSPIRER,24.0,97.91666666666667,%,production,OP,3549.5243860404257,213.657489125,3080.3710104796596,326.23134420051065,47.84509223719149,469.153375560766,,189.2528538723404,5884.746236,5407.922234852,22934.3455087,0.9189728865059594,0.7958038966622798
2013-05-14,NO 15/9-F-14 H,5351,15/9-F-14,3420717,VOLVE,369304,MÆRSK INSPIRER,16.33334,64.290735,%,production,OP,3242.442960844474,197.61891432677822,2742.1744974870153,311.25040543958653,86.5175415111435,500.2684633574582,,182.12445268627727,4043.9704414000003,3776.491157834,17893.9433671,0.9338572604716171,0.8156629442206517
2013-05-15,NO 15/9-F-14 H,5351,15/9-F-14,3420717,VOLVE,369304,MÆRSK INSPIRER,24.0,100.0,%,production,OP,1401.19332953575,103.5838835,907.6121427817501,318.321670061625,70.69713840087499,493.581186754,,186.574943,5311.8703412,4887.8723123,24386.4110453,0.920179145637012,0.8211387968189087
2013-05-16,NO 15/9-F-14 H,5351,15/9-F-14,3420717,VOLVE,369304,MÆRSK INSPIRER,24.0,99.706341875,%,production,OP,3553.9152728171252,213.63976549999998,3086.92830511075,328.944337787125,49.918779985499995,466.986967706375,,189.560804,5447.2899505,4991.168869241,21555.5562586,0.9162664213941589,0.7982697857730178
2013-05-17,NO 15/9-F-14 H,5351,15/9-F-14,3420717,VOLVE,369304,MÆRSK INSPIRER,21.16667,71.36113604166667,%,production,OP,3623.886560962873,213.51640908418565,3112.207026022915,322.1953078479013,80.15376210109974,511.6795349399575,,189.2180263003713,4442.9959878,4158.487442558,19180.3353083,0.9359647080431244,0.8119233933558939
2013-05-18,NO 15/9-F-14 H,5351,15/9-F-14,3420717,VOLVE,369304,MÆRSK INSPIRER,24.0,99.99978708333333,%,production,OP,3550.44446815275,213.58959725,3078.11747625425,329.856877602,50.3382540545,472.32699189850007,,191.593528625,5479.053491000001,5093.141124932001,22212.2124226,0.9295658699624111,0.8021378470707953
2013-05-19,NO 15/9-F-14 H,5351,15/9-F-14,3420717,VOLVE,369304,MÆRSK INSPIRER,24.0,100.0,%,production,OP,3541.13011570625,213.623320625,3073.180618421,332.33327152212496,51.14953015075,467.94949728524995,,191.97257337499997,5571.1363094,5178.653905247001,22299.4520873,0.9295507447034143,0.8001069719052057
2013-05-20,NO 15/9-F-14 H,5351,15/9-F-14,3420717,VOLVE,369304,MÆRSK INSPIRER,24.0,97.91666666666667,%,production,OP,3541.3278597182557,213.59202646808512,3072.144411916851,329.4127156995319,50.6267729532766,469.18344780140427,,191.495786,5653.532820400001,5209.960033650001,25682.8666825,0.921540601100001,0.8195857561786318
2013-05-21,NO 15/9-F-14 H,5351,15/9-F-14,3420717,VOLVE,369304,MÆRSK INSPIRER,24.0,100.0,%,production,OP,3542.36296287925,213.588335,3073.842514442125,328.003705924625,50.895275515125,468.52044843712497,,190.977313625,5642.399856700001,5226.987722549001,26920.8270867,0.926376693481281,0.8267247939982306
2013-05-22,NO 15/9-F-14 H,5351,15/9-F-14,3420717,VOLVE,369304,MÆRSK INSPIRER,24.0,100.0,%,production,OP,3534.110835506875,213.54554862499998,3066.785430692375,325.462029796375,49.729139778874995,467.3254048145,,190.708034375,5685.2334628,5236.976485444,22071.3206786,0.9211541653849283,0.7951750986870432
2013-05-23,NO 15/9-F-14 H,5351,15/9-F-14,3420717,VOLVE,369304,MÆRSK INSPIRER,24.0,100.0,%,production,OP,3525.9644589662503,213.467769875,3055.7461080740004,319.137478595375,45.785719726625,470.21835089225,,189.29058612499998,5590.2573317999995,5176.129963638,21655.9416262,0.9259198023306996,0.7948243224525602
2013-05-24,NO 15/9-F-14 H,5351,15/9-F-14,3420717,VOLVE,369304,MÆRSK INSPIRER,24.0,100.0,%,production,OP,3505.923612737625,213.485673125,3042.5309132931247,319.743380883625,46.711566778,463.39269944449995,,190.36951100000002,5574.847297300001,5154.743734465002,21123.1947192,0.9246430367629149,0.7911889083905622
2013-05-25,NO 15/9-F-14 H,5351,15/9-F-14,3420717,VOLVE,369304,MÆRSK INSPIRER,24.0,100.0,%,production,OP,3515.95245561,213.479007125,3049.4733112659997,322.004456827875,47.191189314249996,466.47914434399996,,191.039415875,5503.4579538,5060.079855939,21268.1748397,0.9194364522118573,0.7944294994537573
2013-05-26,NO 15/9-F-14 H,5351,15/9-F-14,3420717,VOLVE,369304,MÆRSK INSPIRER,24.0,100.0,%,production,OP,3518.95727433175,213.487913375,3053.79224678675,324.00734398074997,47.8969986115,465.165027545,,191.326985375,5514.8425099,5057.617008761001,21490.4567251,0.9170918298540334,0.7957866542447887
2013-05-27,NO 15/9-F-14 H,5351,15/9-F-14,3420717,VOLVE,369304,MÆRSK INSPIRER,24.0,100.0,%,production,OP,3523.92145369825,213.49923425000003,3059.4182405905,321.0221899945,47.467042525375,464.50321310775,,189.732767375,5505.2191006,5089.6658053050005,21715.4432288,0.9245164837763297,0.7977558725801458
2013-05-28,NO 15/9-F-14 H,5351,15/9-F-14,3420717,VOLVE,369304,MÆRSK INSPIRER,24.0,100.0,%,production,OP,3528.13472299275,213.51897837500002,3063.12497071325,314.890336884625,47.743490996625,465.00975227950005,,188.55560150000002,5512.2007897,5081.527885837,21979.3007583,0.9218691552985973,0.7994943717397273
2013-05-29,NO 15/9-F-14 H,5351,15/9-F-14,3420717,VOLVE,369304,MÆRSK INSPIRER,24.0,100.0,%,production,OP,3550.471233707,213.49748300000002,3071.9902311225,317.9766820705,46.871770313875,478.48100258449995,,191.808681875,5353.1314948,4989.142511755,21916.213964000002,0.9320044756235529,0.8036941699650327
2013-05-30,NO 15/9-F-14 H,5351,15/9-F-14,3420717,VOLVE,369304,MÆRSK INSPIRER,24.0,100.0,%,production,OP,3536.52188376475,213.528234875,3068.9075451245,319.172819521375,49.58249125275,467.61433864024997,,192.18888125,5608.3719846,5085.873359672,22510.4752128,0.9068359541124008,0.8005475848555208
2013-05-31,NO 15/9-F-14 H,5351,15/9-F-14,3420717,VOLVE,369304,MÆRSK INSPIRER,24.0,100.0,%,production,OP,3538.975101821125,213.53193725,3071.31562916825,317.098782164625,49.69580219025,467.65947265287497,,191.588040875,5614.6617946,5108.780946121,22562.177451,0.9099000319190126,0.8007348607961141
2013-06-01,NO 15/9-F-14 H,5351,15/9-F-14,3420717,VOLVE,369304,MÆRSK INSPIRER,24.0,100.0,%,production,OP,3541.67868568175,213.53355425,3074.01490117,315.340081592875,49.70309034975,467.66378451175,,190.785749375,5624.0336115,5138.723573957,22673.507088000002,0.9137078347912715,0.8012536258460308
2013-06-02,NO 15/9-F-14 H,5351,15/9-F-14,3420717,VOLVE,369304,MÆRSK INSPIRER,24.0,100.0,%,production,OP,3543.8608216728753,213.54126200000002,3075.5431726192496,316.35567695,50.1752796885,468.317649053625,,191.651792,5634.9149828,5151.7059639710005,22788.4848148,0.9142473275455006,0.8017508453272434
2013-06-03,NO 15/9-F-14 H,5351,15/9-F-14,3420717,VOLVE,369304,MÆRSK INSPIRER,24.0,100.0,%,production,OP,3543.853170918375,213.551209625,3075.5087804835002,317.2661167355,50.2597401505,468.344390434875,,191.923385,5652.3377565,5156.471682736,22313.5412617,0.912272391508492,0.7978844951441899
2013-06-04,NO 15/9-F-14 H,5351,15/9-F-14,3420717,VOLVE,369304,MÆRSK INSPIRER,24.0,100.0,%,production,OP,3547.072023425375,213.54954800000002,3076.001211688125,316.63224024299996,49.111997045625,471.0708117372499,,191.9652725,5534.3409209,5144.8439646140005,22553.8749018,0.9296217992615715,0.8029657363844619
2013-06-05,NO 15/9-F-14 H,5351,15/9-F-14,3420717,VOLVE,369304,MÆRSK INSPIRER,24.0,83.89086666666667,%,production,OP,3558.587889544125,213.507782,3080.49284818575,314.76766193125,58.794613060625,478.095041358375,,191.63097762499999,5571.1992075,5490.145804009001,23138.1353527,0.9854513542825961,0.8059446764320549
2013-06-06,NO 15/9-F-14 H,5351,15/9-F-14,3420717,VOLVE,369304,MÆRSK INSPIRER,24.0,83.69628479166667,%,production,OP,3549.451812972625,213.4388225,3071.1560299573753,313.317822802125,56.83275957525,478.29578301525004,,191.665108625,5593.9683197,5534.7447386389995,22916.042161600002,0.9894129573718828,0.8037893278443675
2013-06-07,NO 15/9-F-14 H,5351,15/9-F-14,3420717,VOLVE,369304,MÆRSK INSPIRER,24.0,100.0,%,production,OP,3535.978375011125,213.458754875,3068.374817528875,312.273881580875,48.182502892875,467.60355748225,,191.73054425,5496.5391628,5213.036297166999,21901.9989934,0.9484215690571772,0.7993856777517091
2013-06-08,NO 15/9-F-14 H,5351,15/9-F-14,3420717,VOLVE,369304,MÆRSK INSPIRER,24.0,100.0,%,production,OP,3532.80830663975,213.5085845,3067.2683679512497,311.09562610675,47.942531478625,465.5399386885,,191.43023675,5430.4332597,5161.199614772,22026.8517219,0.950421332506557,0.8022224971136401
2013-06-09,NO 15/9-F-14 H,5351,15/9-F-14,3420717,VOLVE,369304,MÆRSK INSPIRER,24.0,100.0,%,production,OP,3544.21455411817,213.4871040851064,3077.039499963319,312.03370090302127,49.0680001926383,467.1750541548511,,191.75234727659574,5552.0781851,5334.3437042549995,23352.4920775,0.9607832466355877,0.8079169441144086
2013-06-10,NO 15/9-F-14 H,5351,15/9-F-14,3420717,VOLVE,369304,MÆRSK INSPIRER,24.0,100.0,%,production,OP,3543.96357807425,213.4689785,3076.78280031875,311.20972568837504,48.760672706875,467.18077775550006,,192.10902125,5005.493696099999,4752.976161799001,22575.0086634,0.9495519224212097,0.8185133239831698
2013-06-11,NO 15/9-F-14 H,5351,15/9-F-14,3420717,VOLVE,369304,MÆRSK INSPIRER,24.0,100.0,%,production,OP,3545.346282739125,213.46363624999998,3077.9762364368753,311.84714050375004,48.4321646585,467.37004630225005,,191.98643975,5193.1816265,4889.488666119,22277.4377523,0.9415208282276704,0.8109550587524156
2013-06-12,NO 15/9-F-14 H,5351,15/9-F-14,3420717,VOLVE,369304,MÆRSK INSPIRER,24.0,100.0,%,production,OP,3547.70195669725,213.461867,3080.741570226,308.2477989335,47.089149038,466.96038647125,,188.586570875,5244.2548837,4924.379589719,21667.3261823,0.9390046248561974,0.805130182770065
2013-06-13,NO 15/9-F-14 H,5351,15/9-F-14,3420717,VOLVE,369304,MÆRSK INSPIRER,24.0,100.0,%,production,OP,3547.0055627835,213.45705800000002,3079.858122616625,310.608228929375,47.93013375125,467.147440166875,,191.604660125,5327.5948662,4990.912837666,21637.0092981,0.9368041232508086,0.8024226562445329
2013-06-14,NO 15/9-F-14 H,5351,15/9-F-14,3420717,VOLVE,369304,MÆRSK INSPIRER,24.0,100.0,%,production,OP,3547.489750995125,213.448758125,3081.0563812482496,309.831205974125,47.749504030375,466.43336974687503,,191.164290125,5360.6792668,5024.2460298490005,21676.0061201,0.937240558480226,0.8017257222885247
2013-06-15,NO 15/9-F-14 H,5351,15/9-F-14,3420717,VOLVE,369304,MÆRSK INSPIRER,24.0,100.0,%,production,OP,3549.995267337,213.43620274999998,3082.71521711375,308.5993710455,46.664734612125,467.28005022325004,,190.32167112500002,5356.9053808,5003.880748653,21946.1534596,0.9340991473524443,0.8037983431778182
2013-06-16,NO 15/9-F-14 H,5351,15/9-F-14,3420717,VOLVE,369304,MÆRSK INSPIRER,24.0,100.0,%,production,OP,3548.4918940777497,213.431592125,3081.859042691625,309.42582778574996,47.445425820125,466.63285138612497,,192.034652,5414.7087347,5077.659160452001,21805.010123199998,0.9377529631302185,0.8010740388992487
2013-06-17,NO 15/9-F-14 H,5351,15/9-F-14,3420717,VOLVE,369304,MÆRSK INSPIRER,24.0,100.0,%,production,OP,3550.694196394125,213.422582375,3083.2970219426247,310.79829518512497,47.34080809775,467.3971744515,,192.414068375,5516.2262681,5069.667443842,22012.259362700002,0.9190463185238751,0.7996175183015437
2013-06-18,NO 15/9-F-14 H,5351,15/9-F-14,3420717,VOLVE,369304,MÆRSK INSPIRER,24.0,100.0,%,production,OP,3549.083495014875,213.406188125,3083.460528114625,308.008984801625,45.270825761750004,465.62296690025,,191.334437375,5523.7740401,5083.974488253,22248.378830100002,0.9203806041568207,0.801103858749564
2013-06-19,NO 15/9-F-14 H,5351,15/9-F-14,3420717,VOLVE,369304,MÆRSK INSPIRER,24.0,100.0,%,production,OP,3547.573685694375,213.38684262499999,3082.069994419375,307.854688542625,45.106204610125,465.503691275,,191.7457265,5531.7620988,5123.238078007001,22166.925790600002,0.9261493872121471,0.8002879370716709
2013-06-20,NO 15/9-F-14 H,5351,15/9-F-14,3420717,VOLVE,369304,MÆRSK INSPIRER,24.0,100.0,%,production,OP,3549.48130705425,213.384305375,3083.961283896125,307.89346203462503,45.17205488375,465.520023158125,,191.69067575000003,5512.5152802,4909.053009919,22361.4696139,0.8905286897891183,0.8022344023955176
2013-06-21,NO 15/9-F-14 H,5351,15/9-F-14,3420717,VOLVE,369304,MÆRSK INSPIRER,21.75833,100.0,%,production,OP,3559.2743522865844,213.3908872429897,3094.599728230612,309.4594676836197,45.36353769677209,464.6746240559724,,192.2459764747414,4955.1123179999995,4417.927592402,20074.6833922,0.8915897983489465,0.8020314518196119
2013-06-22,NO 15/9-F-14 H,5351,15/9-F-14,3420717,VOLVE,369304,MÆRSK INSPIRER,15.15833,75.49430708333334,%,production,OP,3653.4124734329957,213.2184025789015,3137.807777550047,283.0412795533766,102.20046629715664,515.604695882949,,180.94897285200545,2649.6453606,2131.3233688100004,7010.4964297999995,0.8043806165544253,0.7257136160016668
2013-06-23,NO 15/9-F-14 H,5351,15/9-F-14,3420717,VOLVE,369304,MÆRSK INSPIRER,2.50834,14.449856875,%,production,OP,3608.589637979156,213.38733336187278,3157.5982597032266,308.42721087522085,45.496967911155366,450.99137827592926,,189.28362422357415,475.3838398,407.987903924,2420.3817861,0.8582283825542865,0.8358348356827907
2013-06-26,NO 15/9-F-14 H,5351,15/9-F-14,3420717,VOLVE,369304,MÆRSK INSPIRER,22.49166,64.95720145833333,%,production,OP,3619.9449093021776,213.27499593374878,3101.1970989944343,276.9064673813243,95.09767845916701,518.7478103077431,,187.1688296723132,4379.2173144,3848.1227890200007,23546.9730027,0.8787238706712218,0.8431860105272404
2013-06-27,NO 15/9-F-14 H,5351,15/9-F-14,3420717,VOLVE,369304,MÆRSK INSPIRER,17.50834,73.727374375,%,production,OP,3573.3037308025114,213.4564646983072,3107.8567152351984,307.9740911448644,47.289964539902186,465.4470155673128,,190.22726580078182,3563.3031612,2272.940613015,15584.7654218,0.6378746096499829,0.8139079591367474
2013-06-28,NO 15/9-F-14 H,5351,15/9-F-14,3420717,VOLVE,369304,MÆRSK INSPIRER,22.65833,78.06294625,%,production,OP,3626.144198913838,213.24963420312088,3117.8280120895597,294.6368376147714,80.18982167866419,508.3161868242781,,186.86732712630894,4795.9172269,4404.951912181,27923.0454121,0.9184795532904321,0.8534208654530075
2013-06-29,NO 15/9-F-14 H,5351,15/9-F-14,3420717,VOLVE,369304,MÆRSK INSPIRER,24.0,100.0,%,production,OP,3550.42070609375,213.402862625,3078.357444646875,311.311765964625,50.191738479875,472.06326144687495,,191.445066875,5169.4061447,4555.415135589,22602.3693369,0.8812260070258742,0.8138611574141179
2013-06-30,NO 15/9-F-14 H,5351,15/9-F-14,3420717,VOLVE,369304,MÆRSK INSPIRER,24.0,100.0,%,production,OP,3556.8882164167503,213.461196125,3081.860755953,314.7904631135,48.39258741425,475.02746046375,,190.854114875,5186.8918165,4782.1584641439995,22350.902733100003,0.9219699645424444,0.8116446178303215
2013-07-01,NO 15/9-F-14 H,5351,15/9-F-14,3420717,VOLVE,369304,MÆRSK INSPIRER,24.0,100.0,%,production,OP,3558.755837504875,213.38715050000002,3083.771749446375,315.04860053724997,48.655284470125,474.98408805850005,,191.745552125,5299.5423136,4770.730627224001,22275.2992169,0.9002155931430285,0.8078124108985983
2013-07-02,NO 15/9-F-14 H,5351,15/9-F-14,3420717,VOLVE,369304,MÆRSK INSPIRER,24.0,100.0,%,production,OP,3548.668048772,213.38999074999998,3078.2936551215,313.415369922,48.803205100374996,470.3743936505,,190.46231337499998,5433.766859,4772.447981085,22368.7657935,0.8782945799708628,0.8045585656919858
2013-07-03,NO 15/9-F-14 H,5351,15/9-F-14,3420717,VOLVE,369304,MÆRSK INSPIRER,24.0,100.0,%,production,OP,3552.883303274125,213.39452825,3080.88604620375,312.79720890112503,49.354693965625,471.997257070375,,190.137345875,5445.5288037,4961.779269607,22763.5142691,0.9111657377031386,0.8069580457002195
2013-07-04,NO 15/9-F-14 H,5351,15/9-F-14,3420717,VOLVE,369304,MÆRSK INSPIRER,24.0,100.0,%,production,OP,3553.796447414,213.39021537499997,3082.62145609,314.049500231,50.484068612125,471.174991324,,190.5439685,5506.9802474,4953.923867739,23749.3790885,0.8995717517014677,0.811768095128553
2013-07-05,NO 15/9-F-14 H,5351,15/9-F-14,3420717,VOLVE,369304,MÆRSK INSPIRER,24.0,100.0,%,production,OP,3543.736161511875,213.33780875,3072.789224313125,312.3559519375,49.368206672625,470.94693719875005,,191.00225074999997,5607.9945960000005,4839.730253819,24788.8959872,0.863005513106418,0.8155076230363025
2013-07-06,NO 15/9-F-14 H,5351,15/9-F-14,3420717,VOLVE,369304,MÆRSK INSPIRER,17.16667,55.10037625,%,production,OP,3627.437822690485,213.1757538169173,3104.733939612031,293.81939434947486,106.3637140956951,522.7038830784542,,185.03776686667595,3671.6765875,3512.1574500110005,18643.940311500002,0.9565541425865032,0.8354660503396376
2013-07-07,NO 15/9-F-14 H,5351,15/9-F-14,3420717,VOLVE,369304,MÆRSK INSPIRER,24.0,99.99542020833333,%,production,OP,3545.6359689495,213.31549024999998,3074.490991426625,312.56755935787504,55.08678004475,471.14497752287497,,192.43387025,5967.771728,5462.960194802,30556.3372667,0.9154103815952794,0.836607328905245
2013-07-08,NO 15/9-F-14 H,5351,15/9-F-14,3420717,VOLVE,369304,MÆRSK INSPIRER,24.0,100.0,%,production,OP,3067.3447365015,188.6451005,2595.383877925875,315.003318465,54.901152556125,471.960858575625,,192.682663625,5361.3082478,4693.321864265001,22703.761074100003,0.8754060851082186,0.8089686440355088
2013-07-09,NO 15/9-F-14 H,5351,15/9-F-14,3420717,VOLVE,369304,MÆRSK INSPIRER,24.0,100.0,%,production,OP,3558.9532553742497,213.27690950000002,3084.949010805875,313.95656108925,53.896160081125004,474.00424456837504,,192.41796275,5394.2039541,4795.277875194,23015.9243444,0.8889685885067858,0.8101309540941142
2013-07-10,NO 15/9-F-14 H,5351,15/9-F-14,3420717,VOLVE,369304,MÆRSK INSPIRER,24.0,100.0,%,production,OP,3558.2061223335,213.3053345,3086.8154262656253,314.01741661675004,54.529571243375,471.39069606787496,,192.557460875,5457.8568313000005,4869.899602029001,23331.2954178,0.892273240679537,0.8104196752972946
2013-07-11,NO 15/9-F-14 H,5351,15/9-F-14,3420717,VOLVE,369304,MÆRSK INSPIRER,24.0,100.0,%,production,OP,3563.73757553425,213.31397299999998,3090.170850179375,314.89906333762497,53.91202059075,473.566725354875,,192.67536349999997,5348.6657297,4952.195566321,23362.6186716,0.9258749408889986,0.8137085873644225
2013-07-12,NO 15/9-F-14 H,5351,15/9-F-14,3420717,VOLVE,369304,MÆRSK INSPIRER,24.0,100.0,%,production,OP,3559.88060417325,213.273022625,3088.69257151575,316.0030049665,53.86629736125,471.1880326575,,192.98215324999998,5489.3687794,4849.6180166720005,22026.3485371,0.8834564066584856,0.8005006114774896
2013-07-13,NO 15/9-F-14 H,5351,15/9-F-14,3420717,VOLVE,369304,MÆRSK INSPIRER,24.0,100.0,%,production,OP,3563.030518305875,213.2899865,3091.364089891875,315.00117311125,52.807057652625,471.66642841399994,,192.844389875,5411.6267278000005,4861.137671812,21655.6271357,0.8982766026414775,0.8000673893594524
2013-07-14,NO 15/9-F-14 H,5351,15/9-F-14,3420717,VOLVE,369304,MÆRSK INSPIRER,24.0,100.0,%,production,OP,3563.11269139775,213.288074,3091.7975419981253,314.350067313,52.48641791575,471.31514939962494,,192.409199375,5428.9237053,4855.980666171,21214.9630471,0.8944647097232804,0.7962413008375747
2013-07-15,NO 15/9-F-14 H,5351,15/9-F-14,3420717,VOLVE,369304,MÆRSK INSPIRER,24.0,100.0,%,production,OP,3562.8152093948747,213.28579475,3093.122838809625,313.915506270375,52.491509353874996,469.69237058525,,192.27545412499998,5267.086894,4585.915735685,18863.643374799998,0.870674023037107,0.7817269997497706
2013-07-16,NO 15/9-F-14 H,5351,15/9-F-14,3420717,VOLVE,369304,MÆRSK INSPIRER,24.0,100.0,%,production,OP,3563.890799116375,213.2782925,3094.109344982875,314.86963271012496,52.38930288825,469.78145413350006,,192.81031587500001,5206.0128389,4607.114443801001,18442.7921877,0.8849602539156352,0.7798614842041992
2013-07-17,NO 15/9-F-14 H,5351,15/9-F-14,3420717,VOLVE,369304,MÆRSK INSPIRER,24.0,100.0,%,production,OP,3564.0192181788752,213.27060725,3094.6094480933752,314.659659988875,52.066203548625,469.40977008550004,,192.608797625,5182.8663381,4576.115906435,18032.6965757,0.8829314915561899,0.7767503481460208
2013-07-18,NO 15/9-F-14 H,5351,15/9-F-14,3420717,VOLVE,369304,MÆRSK INSPIRER,24.0,100.0,%,production,OP,3565.16186078075,213.256363625,3095.746113921,314.82869271299995,52.15386995475,469.41574685975,,193.092579875,5175.633056600001,4562.362949667,18531.3527125,0.8815081942196511,0.7816832090334324
2013-07-19,NO 15/9-F-14 H,5351,15/9-F-14,3420717,VOLVE,369304,MÆRSK INSPIRER,24.0,100.0,%,production,OP,3566.508179037375,213.242649125,3097.314932556125,313.89800804000004,52.066838089875,469.19324648125,,192.93913175,5145.1903762,4529.384317072,18991.0120273,0.8803142324963288,0.7868268466519864
2013-07-20,NO 15/9-F-14 H,5351,15/9-F-14,3420717,VOLVE,369304,MÆRSK INSPIRER,24.0,100.0,%,production,OP,3566.0222926725,213.229605125,3096.9369574848747,313.98206360424996,51.967607924875004,469.085335187625,,193.05812825,5149.7190394,4542.865703797001,19755.664229,0.8821579719281725,0.793228677354507
2013-07-21,NO 15/9-F-14 H,5351,15/9-F-14,3420717,VOLVE,369304,MÆRSK INSPIRER,24.0,100.0,%,production,OP,3565.310207460125,213.213688625,3096.74544387075,313.02732679625,51.595784882124995,468.564763589375,,192.861521,5136.258846000001,4509.360529025001,19971.1531196,0.8779465101407002,0.7954285828807343
2013-07-22,NO 15/9-F-14 H,5351,15/9-F-14,3420717,VOLVE,369304,MÆRSK INSPIRER,4.5,13.4840075,%,production,OP,3814.2795135285664,212.8179277,3202.5291746708667,245.57629495266667,225.50259741559998,611.7503388577,,165.9015761,664.5184265,717.615539673,3560.5985429,1.0799031464825752,0.84272188644416
2013-07-23,NO 15/9-F-14 H,5351,15/9-F-14,3420717,VOLVE,369304,MÆRSK INSPIRER,24.0,88.85450041666667,%,production,OP,3600.600717647,213.18043962500002,3120.2696647237503,303.094199939,64.44495511862499,480.33105292325,,188.900856875,4690.374215100001,4550.880728109,20782.0983229,0.9702596252252281,0.8158649809867153
2013-07-24,NO 15/9-F-14 H,5351,15/9-F-14,3420717,VOLVE,369304,MÆRSK INSPIRER,24.0,100.0,%,production,OP,3573.998050135875,212.391348125,3101.763852341125,314.979532233,49.218282705,472.23419779475,,189.61209575,4847.3678727,4089.988931556,22574.128090000002,0.8437545981584151,0.8232274461140408
2013-07-25,NO 15/9-F-14 H,5351,15/9-F-14,3420717,VOLVE,369304,MÆRSK INSPIRER,24.0,100.0,%,production,OP,3580.09533585575,213.01375437500002,3110.468776263,315.59159863625,50.522672893125,469.62655959275,,191.15155212500002,4373.8709759,3571.04012135,23220.091577,0.8164484368712308,0.841491740538717
2013-07-26,NO 15/9-F-14 H,5351,15/9-F-14,3420717,VOLVE,369304,MÆRSK INSPIRER,24.0,100.0,%,production,OP,3574.4084925677503,213.1753085,3107.455901889,315.358767321875,50.117291683125,466.95259067874997,,190.31870262500001,4881.4586429,3909.0046255260004,20527.109425500003,0.8007861812394093,0.8078813953718648
2013-07-27,NO 15/9-F-14 H,5351,15/9-F-14,3420717,VOLVE,369304,MÆRSK INSPIRER,24.0,100.0,%,production,OP,3567.9030276131252,213.206584625,3099.8359317044997,317.77404585475,50.565948606375,468.06709590862505,,192.4370255,4904.290653200001,4046.823420599,20711.5266547,0.8251597849239397,0.8085444397791086
2013-07-28,NO 15/9-F-14 H,5351,15/9-F-14,3420717,VOLVE,369304,MÆRSK INSPIRER,0.84167,3.1542789583333333,%,production,OP,3780.0060200818093,213.17552661335202,3329.3086362916815,315.93824919680554,73.37159375758401,450.6973837901283,,189.66971098682382,45.1608358,39.500904538,273.8583274,0.8746716892693115,0.8584384858044165
2013-07-29,NO 15/9-F-14 H,5351,15/9-F-14,3420717,VOLVE,369304,MÆRSK INSPIRER,5.99166,9.0007975,%,production,OP,3895.0587133063887,212.69949236296452,3245.863279153848,207.60112761799678,262.63841065609637,649.1954341525403,,160.65954868411092,413.11472080000004,341.310218854,2070.5425539,0.826187501120875,0.8336667764074251
2013-07-30,NO 15/9-F-14 H,5351,15/9-F-14,3420717,VOLVE,369304,MÆRSK INSPIRER,24.0,82.648879375,%,production,OP,3581.735939236,213.2210285,3093.553668145375,302.758887191125,66.92252142925,488.18227109062497,,189.774161375,4216.688624,3459.0695677950007,17730.6598995,0.8203284321510291,0.8078725264017654
2013-07-31,NO 15/9-F-14 H,5351,15/9-F-14,3420717,VOLVE,369304,MÆRSK INSPIRER,8.34167,38.997425416666665,%,production,OP,3603.9086239090875,213.18529021127665,3136.567234929826,315.33253629086596,44.17141491044763,467.3413889792616,,191.41519914417856,2042.3642051,1697.6185940520002,8454.0707229,0.8312026766885487,0.805423058485139
2013-08-01,NO 15/9-F-14 H,5351,15/9-F-14,3420717,VOLVE,369304,MÆRSK INSPIRER,0.0,0.0,%,production,OP,4324.5835422,210.64022599999998,4316.17641453,78.23929872000001,2.288554602,8.40712767,,67.29719,0.0,0.0,0.0,,
2013-08-02,NO 15/9-F-14 H,5351,15/9-F-14,3420717,VOLVE,369304,MÆRSK INSPIRER,0.0,0.0,%,production,OP,4324.489412538,210.147566,4317.495535139999,66.17503787999999,2.6676839340000003,6.993877398,,61.442402,0.0,0.0,0.0,,
2013-08-03,NO 15/9-F-14 H,5351,15/9-F-14,3420717,VOLVE,369304,MÆRSK INSPIRER,15.825,35.17674041666667,%,production,OP,3709.3817221301892,213.01867519431278,3146.570481907403,251.34009804607584,143.34412869335546,562.8112402227866,,177.3947684170616,2004.1850584,1637.465652954,8809.6965803,0.8170231816123992,0.8146655266479378
2013-08-04,NO 15/9-F-14 H,5351,15/9-F-14,3420717,VOLVE,369304,MÆRSK INSPIRER,24.0,95.74432083333333,%,production,OP,3557.97983296583,213.23558357446808,3083.3462984102553,305.53198681365956,48.412971553659574,474.63353455557444,,189.78971536170212,4635.2754795,3807.576216215,19737.7382705,0.8214347201270802,0.8098193548387097
2013-08-05,NO 15/9-F-14 H,5351,15/9-F-14,3420717,VOLVE,369304,MÆRSK INSPIRER,24.0,97.91666666666667,%,production,OP,3552.3972030810637,213.255171875,3083.440150339915,312.4733110810213,47.96890531455319,468.9570527411489,,189.5172424680851,4841.4554513,3978.87899724,20268.0950497,0.8218353008229403,0.8071866937200972
2013-08-06,NO 15/9-F-14 H,5351,15/9-F-14,3420717,VOLVE,369304,MÆRSK INSPIRER,24.0,100.0,%,production,OP,3550.966728839375,213.25771587499997,3079.990805192,316.00976132,49.568999697125,470.975923647375,,191.792009375,4888.6290263,3993.810405547,20283.1905937,0.816959189183915,0.8057896051974013
2013-08-07,NO 15/9-F-14 H,5351,15/9-F-14,3420717,VOLVE,369304,MÆRSK INSPIRER,24.0,100.0,%,production,OP,3549.409866774375,213.30757287499998,3077.48130937,320.7860681305,50.38068371275,471.92855740437494,,192.467279375,4957.8798344,4034.2012405250002,20331.8737231,0.8136948403900187,0.8039569732015172
2013-08-08,NO 15/9-F-14 H,5351,15/9-F-14,3420717,VOLVE,369304,MÆRSK INSPIRER,24.0,100.0,%,production,OP,3556.48146943225,213.25241599999998,3085.44051739325,320.56736895625005,49.520871254125005,471.040952039,,192.529769375,4925.6760072,4018.2789017360005,20477.2312322,0.8157822186969603,0.8060979414371809
2013-08-09,NO 15/9-F-14 H,5351,15/9-F-14,3420717,VOLVE,369304,MÆRSK INSPIRER,24.0,100.0,%,production,OP,3558.358995407125,213.2310305,3088.5603754219997,318.84454715975,48.624427635625004,469.798619985125,,190.607409875,4880.0119866000005,4004.366675671,20427.793325600003,0.8205649262064457,0.8071736396578205
2013-08-10,NO 15/9-F-14 H,5351,15/9-F-14,3420717,VOLVE,369304,MÆRSK INSPIRER,24.0,100.0,%,production,OP,3557.324593456,213.23206512500002,3086.331126253875,319.408983688125,49.556435780375,470.99346720212503,,192.32408600000002,4888.8177206,4020.6223852280004,20445.656386,0.8224120053170142,0.8070290427174728
2013-08-11,NO 15/9-F-14 H,5351,15/9-F-14,3420717,VOLVE,369304,MÆRSK INSPIRER,24.0,99.90797666666667,%,production,OP,3561.995623829875,213.21984725000002,3086.5919559454996,319.77279035975,47.904610084874996,475.403667884375,,192.05402675,4810.8869747,3970.079280294,20251.6786456,0.8252281338498019,0.8080449125765755
2013-08-12,NO 15/9-F-14 H,5351,15/9-F-14,3420717,VOLVE,369304,MÆRSK INSPIRER,24.0,100.0,%,production,OP,3564.5248569063747,213.185616125,3086.771902779125,319.528392264875,47.572056080625,477.75295412725,,192.35211537499998,4769.2484325000005,3968.0017164930005,20311.6205349,0.8319972785340953,0.8098451676973774
2013-08-13,NO 15/9-F-14 H,5351,15/9-F-14,3420717,VOLVE,369304,MÆRSK INSPIRER,24.0,100.0,%,production,OP,3556.175260976375,213.18102537500002,3085.4946407402504,317.39857873225,47.45987220925,470.680620236125,,192.106208375,4812.0820386,3983.7591356330004,20223.3116025,0.827866005541338,0.8077888405676944
2013-08-14,NO 15/9-F-14 H,5351,15/9-F-14,3420717,VOLVE,369304,MÆRSK INSPIRER,24.0,100.0,%,production,OP,3557.1786670982497,213.15839449999999,3088.578695534375,318.797636431625,47.582323562374995,468.59997156387493,,192.312194,4834.6624565,3986.280605213,20111.164290200002,0.8245209755757847,0.8061935366748443
2013-08-15,NO 15/9-F-14 H,5351,15/9-F-14,3420717,VOLVE,369304,MÆRSK INSPIRER,24.0,100.0,%,production,OP,3565.9873385144997,213.1237835,3098.490924833125,316.5386544735,46.620579606,467.496413681375,,190.65039575,4803.8423875,3972.2355958760004,20176.3267218,0.8268871614547743,0.8076937603392144
2013-08-16,NO 15/9-F-14 H,5351,15/9-F-14,3420717,VOLVE,369304,MÆRSK INSPIRER,24.0,100.0,%,production,OP,3569.794017949,213.1043195,3101.538859122,317.96175222137504,47.089511633,468.255158827,,191.720922125,4891.0820522,4012.3078922600002,20202.240739,0.8203313396583218,0.8050843209208125
2013-08-17,NO 15/9-F-14 H,5351,15/9-F-14,3420717,VOLVE,369304,MÆRSK INSPIRER,24.0,100.0,%,production,OP,3572.712959066625,213.08711262499997,3105.874706677875,315.68634168812497,45.863302970125,466.83825238875,,189.62591899999998,4815.8559245999995,3973.7611909160005,20314.450949399998,0.8251412112678719,0.808364619312209
2013-08-18,NO 15/9-F-14 H,5351,15/9-F-14,3420717,VOLVE,369304,MÆRSK INSPIRER,24.0,100.0,%,production,OP,3575.268873091875,213.070152125,3107.7900331815,315.478532450375,46.157307082625,467.47883991037503,,190.298793875,4829.8193028000005,3989.5821765160003,20264.2582656,0.826031353637415,0.8075315066020994
2013-08-19,NO 15/9-F-14 H,5351,15/9-F-14,3420717,VOLVE,369304,MÆRSK INSPIRER,24.0,100.0,%,production,OP,3578.07705956675,213.054231875,3110.4728615,316.666538708375,46.355012006375006,467.60419806675,,191.728682,5000.7763386,4114.601511721,20161.985955,0.8227925492210495,0.8012628232047513
2013-08-20,NO 15/9-F-14 H,5351,15/9-F-14,3420717,VOLVE,369304,MÆRSK INSPIRER,24.0,100.0,%,production,OP,3579.497951528375,213.0457475,3112.253284533875,317.493249265125,46.222018203625,467.2446669945,,192.00331062499998,4928.0032369,4080.6439556420005,20186.6420102,0.8280522068424944,0.8037796995173946
2013-08-21,NO 15/9-F-14 H,5351,15/9-F-14,3420717,VOLVE,369304,MÆRSK INSPIRER,24.0,100.0,%,production,OP,3581.575696419,213.026412875,3115.756955413375,316.631104112,45.053848913749995,465.818741005625,,191.72988500000002,4835.8575204,4004.7893926300003,19577.8513003,0.8281446208321586,0.8019204064439504
2013-08-22,NO 15/9-F-14 H,5351,15/9-F-14,3420717,VOLVE,369304,MÆRSK INSPIRER,24.0,100.0,%,production,OP,3581.99744879325,213.00670774999998,3115.688065385,316.69163632562504,45.678291893,466.30938340824997,,192.227162,4879.7603942000005,4024.0860510040006,20765.9964093,0.8246482871960189,0.8097244533827118
2013-08-23,NO 15/9-F-14 H,5351,15/9-F-14,3420717,VOLVE,369304,MÆRSK INSPIRER,24.0,100.0,%,production,OP,3583.5239677,212.98087775000002,3118.789313225375,314.775273404625,44.136825007375,464.73465447462496,,189.63406625,4794.6592648999995,3988.9648755600006,19550.868015400003,0.8319600320218369,0.8030579001351201
2013-08-24,NO 15/9-F-14 H,5351,15/9-F-14,3420717,VOLVE,369304,MÆRSK INSPIRER,24.0,100.0,%,production,OP,3585.495490385375,212.962820375,3121.3544160122497,313.28744338437497,43.773773741999996,464.141074373125,,187.77438575000002,4779.9411095000005,3983.5405376400004,20126.134038,0.8333869489987699,0.808081318265042
2013-08-25,NO 15/9-F-14 H,5351,15/9-F-14,3420717,VOLVE,369304,MÆRSK INSPIRER,24.0,100.0,%,production,OP,3586.4803256,212.95867549999997,3122.4061379178747,314.074310793875,43.655582880124996,464.074187682125,,189.23504037499998,4757.109099200001,3949.277156259,20099.8426322,0.8301842724025704,0.8086205762233232
2013-08-26,NO 15/9-F-14 H,5351,15/9-F-14,3420717,VOLVE,369304,MÆRSK INSPIRER,24.0,100.0,%,production,OP,3588.67120315225,212.94515487500001,3124.4144277362498,315.16651643125,43.93571471225,464.25677541600004,,192.010443875,4723.3957176,3920.756651392,20104.119703,0.830071602254865,0.8097515745099132
2013-08-27,NO 15/9-F-14 H,5351,15/9-F-14,3420717,VOLVE,369304,MÆRSK INSPIRER,24.0,100.0,%,production,OP,3586.4269697457503,212.698714625,3120.443072760875,314.28340422225,43.514636160375005,465.98389698487495,,191.28475325,5114.7476958,4331.830000655,20096.6348291,0.8469293615816286,0.7971254574893533
2013-08-28,NO 15/9-F-14 H,5351,15/9-F-14,3420717,VOLVE,369304,MÆRSK INSPIRER,24.0,100.0,%,production,OP,3583.6178133292497,212.308565375,3117.698488470625,315.796359054375,44.629120238875004,465.919324858625,,192.54323374999998,4413.2451865,4280.933748721,21039.854736700003,0.9700194681719162,0.8266126640835046
2013-08-29,NO 15/9-F-14 H,5351,15/9-F-14,3420717,VOLVE,369304,MÆRSK INSPIRER,24.0,100.0,%,production,OP,3591.147790456375,212.910812,3127.413012845625,314.941891850375,44.114029868375,463.73477761075003,,191.85145775,4436.7061778,4328.818363039,20167.520987800002,0.9756829029380312,0.8196770763032497
2013-08-30,NO 15/9-F-14 H,5351,15/9-F-14,3420717,VOLVE,369304,MÆRSK INSPIRER,24.0,100.0,%,production,OP,3591.87453055,212.900276375,3128.1043727321253,314.26240997175,43.539050890375,463.770157817875,,191.64847812500003,4495.5787994,4362.014534186,20433.6428489,0.9702898622905183,0.8196662991398863
2013-08-31,NO 15/9-F-14 H,5351,15/9-F-14,3420717,VOLVE,369304,MÆRSK INSPIRER,24.0,100.0,%,production,OP,3589.139388837875,212.8951505,3127.06249528075,312.514964953125,44.695707789000004,462.076893557125,,191.673823625,4531.4936145,4389.044052419,20275.642821700003,0.968564545335519,0.817331048016998
2013-09-01,NO 15/9-F-14 H,5351,15/9-F-14,3420717,VOLVE,369304,MÆRSK INSPIRER,24.0,100.0,%,production,OP,3590.6212874082503,212.888712125,3128.0633723025,311.163573388125,44.3784009045,462.55791510575,,191.138999375,4534.512723299999,4406.694692626001,19927.1873477,0.97181217950559,0.8146280630480061
2013-09-02,NO 15/9-F-14 H,5351,15/9-F-14,3420717,VOLVE,369304,MÆRSK INSPIRER,24.0,100.0,%,production,OP,3597.5557717452502,212.867184875,3130.651826207375,312.2595016675,43.448187605,466.903945537875,,191.688657875,4709.4323394,4501.371990738,19790.006591600002,0.9558205036897275,0.807773869733768
2013-09-03,NO 15/9-F-14 H,5351,15/9-F-14,3420717,VOLVE,369304,MÆRSK INSPIRER,24.0,100.0,%,production,OP,3595.213525888625,212.86287162499997,3130.621942336125,313.611654682,44.030246250375,464.59158355249997,,191.9561135,4747.2340975,4017.679964424,19490.234247,0.8463201691569836,0.8041365529590367
2013-09-04,NO 15/9-F-14 H,5351,15/9-F-14,3420717,VOLVE,369304,MÆRSK INSPIRER,24.0,100.0,%,production,OP,3597.1305868050003,212.85243987500002,3133.363970331625,311.920309153125,43.216311124125,463.76661647337505,,190.66682674999998,4778.1170646,4045.7770460379998,20355.2718163,0.8467304152115185,0.8098896616273221
2013-09-05,NO 15/9-F-14 H,5351,15/9-F-14,3420717,VOLVE,369304,MÆRSK INSPIRER,24.0,100.0,%,production,OP,3597.6274597983747,212.838435875,3134.7423147916247,311.0363720405,42.743160908625,462.88514500675,,189.789072875,4867.683959,4095.8557626670004,21739.2816087,0.8414383097107312,0.8170522697669361
2013-09-06,NO 15/9-F-14 H,5351,15/9-F-14,3420717,VOLVE,369304,MÆRSK INSPIRER,24.0,100.0,%,production,OP,3597.992741023,212.825051375,3133.5691084528753,311.24325061775,43.276066780125,464.42363257012494,,191.905332875,4829.441914200001,4009.4064365080003,24388.0463959,0.8302007784210322,0.8347071499458582
2013-09-07,NO 15/9-F-14 H,5351,15/9-F-14,3420717,VOLVE,369304,MÆRSK INSPIRER,24.0,100.0,%,production,OP,3596.41224380725,212.815718,3134.2390903425003,311.898432588125,42.63411952725,462.17315346475,,191.218871375,4808.4339488000005,3990.8167784280004,24536.4859119,0.8299618588758932,0.8361408389722793
2013-09-08,NO 15/9-F-14 H,5351,15/9-F-14,3420717,VOLVE,369304,MÆRSK INSPIRER,24.0,100.0,%,production,OP,3596.5654009136247,212.8161005,3133.831198162125,313.426220577375,43.135349703875,462.7342027515,,191.918987,4780.4442943,3951.312695567,24466.6061228,0.8265576277666028,0.8365495246144549
2013-09-09,NO 15/9-F-14 H,5351,15/9-F-14,3420717,VOLVE,369304,MÆRSK INSPIRER,24.0,100.0,%,production,OP,3596.2574459585003,212.816550875,3133.343807028,313.563671277,43.19558579825,462.9136389305,,192.304961375,4808.8742354999995,3986.946993602,24425.4078673,0.8290811525428591,0.8355056498876907
2013-09-10,NO 15/9-F-14 H,5351,15/9-F-14,3420717,VOLVE,369304,MÆRSK INSPIRER,24.0,100.0,%,production,OP,3595.854781189375,212.815642625,3133.861607796125,310.82616967575,42.320701474125,461.99317339325,,191.81678937499998,4712.1369577,3902.9322628610003,24377.6682094,0.8282722463071249,0.8380141451401216
2013-09-11,NO 15/9-F-14 H,5351,15/9-F-14,3420717,VOLVE,369304,MÆRSK INSPIRER,24.0,100.0,%,production,OP,3595.2517131853747,212.81293775,3133.63208818275,311.632565847625,41.714708537125,461.61962500262496,,192.07264924999998,4640.4331237,3853.114168718,24259.6713738,0.8303350282194695,0.839431960389575
2013-09-12,NO 15/9-F-14 H,5351,15/9-F-14,3420717,VOLVE,369304,MÆRSK INSPIRER,18.64167,77.72956583333334,%,production,OP,3600.9713035591512,212.8081201597518,3140.779735217859,312.5487463438002,42.11125573707069,460.1915683412922,,191.66578408026857,3688.9735650000002,3130.3681094290005,18543.617842,0.848574286118258,0.834073613036467
2013-09-13,NO 15/9-F-14 H,5351,15/9-F-14,3420717,VOLVE,369304,MÆRSK INSPIRER,10.65834,46.25211770833333,%,production,OP,3773.7031228320334,212.54591872139562,3225.5373117871477,274.74684001697193,150.4171082845144,548.1658110448861,,177.07003288201915,1374.2605869000001,1226.1482791140002,7857.9854292,0.8922240008933782,0.851145584237742
2013-09-14,NO 15/9-F-14 H,5351,15/9-F-14,3420717,VOLVE,369304,MÆRSK INSPIRER,6.85833,10.986153125,%,production,OP,3899.989341006458,212.34371858397014,3266.0790685450256,227.81936463726836,222.3025683615363,633.9102724614323,,166.81083133034718,175.6743933,136.821154798,1944.3060672000001,0.778833797162173,0.9171339563862929
2013-09-15,NO 15/9-F-14 H,5351,15/9-F-14,3420717,VOLVE,369304,MÆRSK INSPIRER,24.0,79.94676270833334,%,production,OP,3620.053646299375,212.7586325,3136.823591961875,303.57901967025003,60.922118071750006,483.23005433749995,,188.24372975,3433.4185847,2860.165451613,17412.332615400002,0.8330372138015649,0.8352940821492905
2013-09-16,NO 15/9-F-14 H,5351,15/9-F-14,3420717,VOLVE,369304,MÆRSK INSPIRER,22.33333,71.47878770833333,%,production,OP,3696.6893444726443,212.667150698898,3174.616738601427,301.98820841057966,102.21797192768103,522.072605871217,,184.98347728005004,3015.8380988000004,2528.97042228,17244.143096,0.8385630592326144,0.8511430948625928
2013-09-17,NO 15/9-F-14 H,5351,15/9-F-14,3420717,VOLVE,369304,MÆRSK INSPIRER,24.0,99.97300291666667,%,production,OP,3601.654361306125,212.762656625,3130.4356138304997,312.219226427875,43.092388239624995,471.21874747562504,,189.23844425,3951.9505210999996,3320.4703178520003,21466.8699376,0.8402104986192411,0.8445265968371329
2013-09-18,NO 15/9-F-14 H,5351,15/9-F-14,3420717,VOLVE,369304,MÆRSK INSPIRER,10.64167,43.6620375,%,production,OP,3626.202771409517,212.694928476117,3148.9384667483628,314.7530960982613,52.890926125259206,477.2643046611545,,190.99380812607606,1786.3689381,1532.3228434970001,9958.1529882,0.857786323315045,0.8478976880191513
2013-09-20,NO 15/9-F-14 H,5351,15/9-F-14,3420717,VOLVE,369304,MÆRSK INSPIRER,17.025,39.66958541666666,%,production,OP,3723.841694484248,212.6084251398837,3191.863320093357,271.0211347189842,110.38630560212528,531.9783743908916,,180.22652178182557,2054.1890479,1675.6489660350003,15353.111719499999,0.8157228604387792,0.8819926721926331
2013-09-21,NO 15/9-F-14 H,5351,15/9-F-14,3420717,VOLVE,369304,MÆRSK INSPIRER,19.83333,82.06319645833334,%,production,OP,3635.2072408494496,212.78706130094946,3147.7124986077933,309.07917168830073,55.93679081640041,487.49474224165607,,187.39203419582185,4120.8948177,3543.059931393,22030.1224231,0.8597792683702838,0.8424193300109677
2013-09-22,NO 15/9-F-14 H,5351,15/9-F-14,3420717,VOLVE,369304,MÆRSK INSPIRER,24.0,84.97887604166667,%,production,OP,3633.5479213868753,212.743316,3144.558145188,309.257163699875,59.834789337124995,488.98977619887495,,188.373930125,3613.9361317000003,3012.650088449,22834.0859373,0.8336201799537186,0.86335703583914
2013-09-23,NO 15/9-F-14 H,5351,15/9-F-14,3420717,VOLVE,369304,MÆRSK INSPIRER,24.0,100.0,%,production,OP,3597.695120025375,212.73912687499998,3127.458059231125,318.569388922375,42.474502186624996,470.23706079424994,,191.65008087500001,3937.3581619,3283.690410949,21629.021239399997,0.8339831622949008,0.8459946909142797
2013-09-24,NO 15/9-F-14 H,5351,15/9-F-14,3420717,VOLVE,369304,MÆRSK INSPIRER,24.0,100.0,%,production,OP,3592.8473608485,212.82812375,3121.7153642266253,317.64716177775,43.237667969625,471.131996621875,,191.54655687500002,4129.1344688,3457.003304698,23161.596344,0.837222263120597,0.8486982815841877
2013-09-25,NO 15/9-F-14 H,5351,15/9-F-14,3420717,VOLVE,369304,MÆRSK INSPIRER,24.0,100.0,%,production,OP,3591.779545768125,212.876109125,3120.527886753,319.69551230037496,43.216102631999995,471.25165901512497,,191.90033975,4148.4441855,3479.0594537300003,23155.7468207,0.8386419819483915,0.8480656619872748
2013-09-26,NO 15/9-F-14 H,5351,15/9-F-14,3420717,VOLVE,369304,MÆRSK INSPIRER,24.0,100.0,%,production,OP,3593.8561484845004,212.870565875,3123.013333461625,320.179534322625,42.789835950000004,470.842815022875,,192.082559,4163.413933299999,3490.4717521820003,23217.324060600004,0.8383676973034933,0.8479436918673433
2013-09-27,NO 15/9-F-14 H,5351,15/9-F-14,3420717,VOLVE,369304,MÆRSK INSPIRER,16.83333,52.94305166666667,%,production,OP,2711.3517583152743,164.42406111066794,2187.7019493595394,302.54756474677134,106.66179498315226,523.6498089557346,,186.5301953269139,3092.8882713000003,2780.046638576,17164.89149,0.898851298436168,0.8473234328863333
2013-09-28,NO 15/9-F-14 H,5351,15/9-F-14,3420717,VOLVE,369304,MÆRSK INSPIRER,24.0,99.22782,%,production,OP,0.0,32.0,467.594682969625,316.80604411300004,44.00553842275,467.594682969625,,190.04113025,5026.816152,4284.1537430670005,25382.0250702,0.8522598825028602,0.834692281916676
2013-09-29,NO 15/9-F-14 H,5351,15/9-F-14,3420717,VOLVE,369304,MÆRSK INSPIRER,24.0,100.0,%,production,OP,1967.0898980458749,130.568881625,1495.9181005795,318.465614233375,43.403978209624995,471.1717974663749,,188.718706625,4187.126517000001,3524.1824585080003,23799.3201799,0.8416708795876109,0.8503873477634515
2013-09-30,NO 15/9-F-14 H,5351,15/9-F-14,3420717,VOLVE,369304,MÆRSK INSPIRER,24.0,100.0,%,production,OP,3596.3522041185,212.286011375,3125.308886147125,317.037092668625,43.113007808625,471.043317971375,,186.79249850000002,4286.0023302,3599.989699822,23010.5151078,0.8399411438616768,0.842983547628923
2013-10-01,NO 15/9-F-14 H,5351,15/9-F-14,3420717,VOLVE,369304,MÆRSK INSPIRER,24.0,100.0,%,production,OP,3605.3091708465,212.75673425,3134.85068537225,315.746157776625,42.796522806125,470.45848547425,,186.76650762499997,4283.4864062,3592.8790849770003,27781.713381399997,0.8387744804738025,0.8664132319594505
2013-10-02,NO 15/9-F-14 H,5351,15/9-F-14,3420717,VOLVE,369304,MÆRSK INSPIRER,24.0,100.0,%,production,OP,3605.2397943365,212.763896,3134.7754922341246,315.746725842125,42.912849325375,470.46430210237503,,187.60463,4474.2563435,3757.573426191,24505.3513524,0.8398207741605676,0.8456067317939223
2013-10-03,NO 15/9-F-14 H,5351,15/9-F-14,3420717,VOLVE,369304,MÆRSK INSPIRER,24.0,100.0,%,production,OP,3608.173789189875,212.745298625,3137.7809303890003,314.87124323625,42.587964205375,470.392858800875,,186.464374625,4450.8582503,3753.106469788,22789.1766939,0.8432320821574201,0.8366060007111817
2013-10-04,NO 15/9-F-14 H,5351,15/9-F-14,3420717,VOLVE,369304,MÆRSK INSPIRER,24.0,100.0,%,production,OP,3610.826099095875,212.71392012500002,3140.612105386875,315.284305417,42.307536254,470.21399370899996,,188.463606125,4439.976879,3740.0658105190005,22215.357327600002,0.8423615510721674,0.8334300802763659
2013-10-05,NO 15/9-F-14 H,5351,15/9-F-14,3420717,VOLVE,369304,MÆRSK INSPIRER,24.0,100.0,%,production,OP,3610.470822471625,212.68949149999997,3139.575609449625,318.36767430225,42.9758834445,470.89521302199995,,192.14841499999997,4493.1257735,3751.870102141,22466.4465428,0.835024499930349,0.8333383882806102
2013-10-06,NO 15/9-F-14 H,5351,15/9-F-14,3420717,VOLVE,369304,MÆRSK INSPIRER,24.0,100.0,%,production,OP,3610.1227191851253,212.66217125,3140.2233098765,315.95913701475,42.36440927975,469.89940930862497,,190.3018745,4518.976892600001,3768.767832944,22011.504585500003,0.8339869670755571,0.8296684929623211
2013-10-07,NO 15/9-F-14 H,5351,15/9-F-14,3420717,VOLVE,369304,MÆRSK INSPIRER,24.0,97.91666666666667,%,production,OP,3611.9072974034043,212.64952731914894,3141.9956014603404,315.12629680238297,42.4420842006383,469.9116959430639,,189.8937595744681,4491.4275248,3764.0427260840006,22818.4872085,0.8380504205623601,0.8355385738600115
2013-10-08,NO 15/9-F-14 H,5351,15/9-F-14,3420717,VOLVE,369304,MÆRSK INSPIRER,24.0,100.0,%,production,OP,3613.8129421705003,212.635169375,3144.1161146883746,315.49806121275,42.100932644625,469.69682748212495,,190.84047425,4463.1862779,3738.142925104001,22824.0222413,0.8375502818723615,0.8364366851684523
2013-10-09,NO 15/9-F-14 H,5351,15/9-F-14,3420717,VOLVE,369304,MÆRSK INSPIRER,24.0,100.0,%,production,OP,3616.15074321675,212.6252435,3146.377308476,315.55483150325,42.08307181925,469.77343474075,,191.66933037500002,4416.6416839,3709.135430524,22134.910657700002,0.8398089987795307,0.8336578732920196
2013-10-10,NO 15/9-F-14 H,5351,15/9-F-14,3420717,VOLVE,369304,MÆRSK INSPIRER,24.0,100.0,%,production,OP,3618.227599749625,212.61170675,3148.911083054875,313.20051425475,41.857226501875004,469.31651669475,,191.202684125,4427.9633419,3703.802557677,22393.7992373,0.8364573668958449,0.8349115450998048
2013-10-11,NO 15/9-F-14 H,5351,15/9-F-14,3420717,VOLVE,369304,MÆRSK INSPIRER,12.14167,53.56819229166667,%,production,OP,3631.5950566717374,212.6092743322245,3162.6246563553773,315.1883787146249,44.6189526518384,468.97040031636044,,191.85421994531063,1962.1062295,1646.9363492,9509.0605542,0.8393716529913295,0.8289532123019899
2013-10-12,NO 15/9-F-14 H,5351,15/9-F-14,3420717,VOLVE,369304,MÆRSK INSPIRER,9.35833,13.895140625,%,production,OP,3956.196713650619,212.18482647255655,3291.212132149052,233.7889235533835,238.40796719628278,664.9845815015673,,163.55104401990098,282.6011633,248.224907418,1736.9310314999998,0.8783576986004572,0.8600660271583406
2013-10-13,NO 15/9-F-14 H,5351,15/9-F-14,3420717,VOLVE,369304,MÆRSK INSPIRER,24.0,89.05667291666667,%,production,OP,3637.56062427875,212.560365125,3158.41284574875,312.733210883625,54.728542228,479.14777853000004,,190.745241125,3871.6296474,3255.8030986530002,21045.5155657,0.8409386731603941,0.8446198545504113
2013-10-14,NO 15/9-F-14 H,5351,15/9-F-14,3420717,VOLVE,369304,MÆRSK INSPIRER,24.0,100.0,%,production,OP,3624.7231598175,212.56136262500002,3157.613767952625,318.590594686625,42.256818278375,467.109391864875,,191.223423875,4225.8088485,3566.418133414,22356.249071600003,0.8439610643249852,0.8410277766604121
2013-10-15,NO 15/9-F-14 H,5351,15/9-F-14,3420717,VOLVE,369304,MÆRSK INSPIRER,24.0,100.0,%,production,OP,3619.9179088611254,212.551534625,3151.6455177067496,319.572205827375,42.628496283124996,468.272391154375,,191.53954249999998,4296.5063129,3609.291238655,22596.5827117,0.8400525859390272,0.8402375305800741
2013-10-16,NO 15/9-F-14 H,5351,15/9-F-14,3420717,VOLVE,369304,MÆRSK INSPIRER,24.0,100.0,%,production,OP,3623.910669028,212.530397,3155.882745465875,320.3004325605,41.9807535535,468.027923562125,,191.65624250000002,4282.4171385,3598.962748346,22553.1201246,0.8404045266843404,0.8404199216689987
2013-10-17,NO 15/9-F-14 H,5351,15/9-F-14,3420717,VOLVE,369304,MÆRSK INSPIRER,24.0,100.0,%,production,OP,3621.397127250125,212.583226625,3152.764476811875,319.83492705624997,41.75561227475,468.63265043825,,191.3213675,4354.812851600001,3670.372250069,22760.369364100003,0.8428312249332298,0.8393957740369337
2013-10-18,NO 15/9-F-14 H,5351,15/9-F-14,3420717,VOLVE,369304,MÆRSK INSPIRER,24.0,100.0,%,production,OP,3622.343581784,212.604816125,3153.3511887597497,321.25941173,42.198189688499994,468.99239302424996,,191.41587012500003,4309.9665063,3619.330148424,22847.4832326,0.8397583004725263,0.8412970824677084
2013-10-19,NO 15/9-F-14 H,5351,15/9-F-14,3420717,VOLVE,369304,MÆRSK INSPIRER,24.0,100.0,%,production,OP,3624.986249684625,212.581888625,3157.585219639625,317.30789372275,40.6915591175,467.401030045,,188.68300662500002,4276.5676152,3589.7607969670003,22726.6559825,0.8394023244735066,0.8416275153324932
2013-10-20,NO 15/9-F-14 H,5351,15/9-F-14,3420717,VOLVE,369304,MÆRSK INSPIRER,24.0,100.0,%,production,OP,3623.0251636919998,212.56008012499998,3156.517051029125,314.569609520625,39.9536782925,466.508112662875,,187.466513375,4352.2969276,3689.547072728001,22645.202943,0.847724117656315,0.8387888897690261
2013-10-21,NO 15/9-F-14 H,5351,15/9-F-14,3420717,VOLVE,369304,MÆRSK INSPIRER,24.0,100.0,%,production,OP,3619.02369218025,212.5404035,3153.6754121438753,313.084347881625,39.01742778625,465.34828003637494,,184.62130812499998,4269.9004166,3625.9226966200004,22654.0715751,0.8491820283497897,0.8414089712351392
2013-10-22,NO 15/9-F-14 H,5351,15/9-F-14,3420717,VOLVE,369304,MÆRSK INSPIRER,24.0,100.0,%,production,OP,3619.742479356875,212.539712,3153.64512035325,314.8274961495,39.481446651,466.097359003625,,188.34235475,4320.1559985,3630.9769364840004,22692.376518,0.840473570339754,0.8400684572665991
2013-10-23,NO 15/9-F-14 H,5351,15/9-F-14,3420717,VOLVE,369304,MÆRSK INSPIRER,24.0,100.0,%,production,OP,3620.343045455375,212.539712,3154.1903574763746,316.229436479125,39.317997889874995,466.15268797900006,,189.30123012500002,4323.3638016,3623.4672655290005,22731.7507286,0.8381129675434714,0.8402016078411315
2013-10-24,NO 15/9-F-14 H,5351,15/9-F-14,3420717,VOLVE,369304,MÆRSK INSPIRER,24.0,97.91666666666667,%,production,OP,3620.573351848468,212.53116276595745,3153.6576996995746,315.48658045212767,40.09782574889361,466.91565214889357,,189.06697476595747,4315.5015391,3612.469561655,22607.5269811,0.8370914779950194,0.8397096546600566
2013-10-25,NO 15/9-F-14 H,5351,15/9-F-14,3420717,VOLVE,369304,MÆRSK INSPIRER,24.0,100.0,%,production,OP,3620.037504778625,212.515077875,3153.801782544625,315.9281411855,39.65050656975,466.23572223400004,,188.98180325,4325.1878465,3623.9726188860004,22519.029354399998,0.8378763530047759,0.8388782278830991
2013-10-26,NO 15/9-F-14 H,5351,15/9-F-14,3420717,VOLVE,369304,MÆRSK INSPIRER,24.0,100.0,%,production,OP,3621.780776933125,212.502632,3155.1878019321252,316.18098472225,39.91654252125,466.592975001,,190.09853149999998,4314.3064752,3604.865600451,22618.722842900002,0.8355608534472247,0.8398135455078339
2013-10-27,NO 15/9-F-14 H,5351,15/9-F-14,3420717,VOLVE,369304,MÆRSK INSPIRER,24.30833,95.8109512,%,production,OP,3629.037759793529,212.4886376268703,3163.8452264766324,314.6382971148563,40.61358876043461,465.19253331689674,,188.80206438036674,4245.7475462,3561.957533657,22596.5198136,0.8389470864429984,0.8418260466118971
2013-10-28,NO 15/9-F-14 H,5351,15/9-F-14,3420717,VOLVE,369304,MÆRSK INSPIRER,0.0,1.136795625,%,production,OP,4313.028944892,210.98649200000003,4278.394595682001,113.377364904,1.5458150039999998,34.63434921,,77.19773,0.0,0.0,0.0,,
2013-10-29,NO 15/9-F-14 H,5351,15/9-F-14,3420717,VOLVE,369304,MÆRSK INSPIRER,0.0,1.358330625,%,production,OP,4297.276222674,210.185654,4273.819662048,76.077217254,160.46134092,23.456560625999998,,54.91391,0.0,0.0,0.0,,
2013-10-30,NO 15/9-F-14 H,5351,15/9-F-14,3420717,VOLVE,369304,MÆRSK INSPIRER,12.85833,24.491666875,%,production,OP,3805.8930694258515,212.2881443086995,3234.2854695744068,245.40643900090498,154.3501315944309,571.6075998514448,,170.93569566854794,1217.2669293000001,989.4599778920001,5979.2191822,0.8128537415051583,0.8308525979985142
2013-10-31,NO 15/9-F-14 H,5351,15/9-F-14,3420717,VOLVE,369304,MÆRSK INSPIRER,24.0,100.0,%,production,OP,3619.073763528125,212.420801,3150.5033525216254,307.138279384875,44.242829655625,468.57041100649997,,187.77074975,3985.0349217000003,3320.276440149,21444.415315899998,0.8331862845338839,0.8432905593921285
2013-11-01,NO 15/9-F-14 H,5351,15/9-F-14,3420717,VOLVE,369304,MÆRSK INSPIRER,24.0,100.0,%,production,OP,3622.05358434625,212.438189375,3157.316754301625,386.9939087715,39.545118333000005,464.7368300446249,,186.93437824999998,4262.4784408,3553.4385685760003,22280.3310649,0.8336554936120865,0.8394111806482036
2013-11-02,NO 15/9-F-14 H,5351,15/9-F-14,3420717,VOLVE,369304,MÆRSK INSPIRER,3.225,14.657182291666667,%,production,OP,3650.4906274813025,212.43064944186045,3154.1001007646514,306.82474201269764,86.43357918986045,496.3905267166512,,187.68027353488372,69.7539929,56.048666663999995,395.5661509,0.8035191153050106,0.8500946201676128
2013-11-03,NO 15/9-F-14 H,5351,15/9-F-14,3420717,VOLVE,369304,MÆRSK INSPIRER,6.025,9.051365208333333,%,production,OP,3923.036562705531,211.8395414486274,3278.3882507403955,194.2387164691554,227.02637474005044,644.6483119651351,,153.03799313707552,36.1664075,30.230089494,199.32407890000002,0.8358609987458666,0.8464209401709402
2013-11-04,NO 15/9-F-14 H,5351,15/9-F-14,3420717,VOLVE,369304,MÆRSK INSPIRER,24.0,100.0,%,production,OP,3619.4958120216247,212.348019875,3144.8163460658748,294.437555541375,56.41304377625,474.67946595575,,189.265644875,3554.8748158,2866.86147188,23034.9824687,0.8064591920756098,0.8663071118522986
2013-11-05,NO 15/9-F-14 H,5351,15/9-F-14,3420717,VOLVE,369304,MÆRSK INSPIRER,24.0,99.97306104166667,%,production,OP,3605.691131441125,212.435198375,3146.526211134375,310.454355697875,40.559915981124995,459.16492030675,,190.890296375,4269.8375185,3309.173498469,22881.6369009,0.7750115745930111,0.8427401233338121
2013-11-06,NO 15/9-F-14 H,5351,15/9-F-14,3420717,VOLVE,369304,MÆRSK INSPIRER,24.0,77.48112291666666,%,production,OP,3730.666203177,212.385087875,3175.462802946875,299.44789022975,108.9699622465,555.203400230125,,184.20185487499998,4073.4067522,3198.857085462,23173.0437982,0.7853026422500857,0.8504977099800547
2013-11-07,NO 15/9-F-14 H,5351,15/9-F-14,3420717,VOLVE,369304,MÆRSK INSPIRER,24.0,100.0,%,production,OP,3622.63148825725,212.413410875,3149.990915137875,310.408493473625,45.201621484375,472.640573119375,,188.18179475,3924.212459,3237.972353476,27989.1513152,0.8251266686771406,0.8770354486363332
2013-11-08,NO 15/9-F-14 H,5351,15/9-F-14,3420717,VOLVE,369304,MÆRSK INSPIRER,24.0,99.988956875,%,production,OP,3614.6151745431252,212.46558424999998,3146.439073512625,306.83272964325,40.66509572575,468.1761010305,,187.77285725,4217.6949936,3501.272753177,23026.99441,0.8301389167518962,0.8451920324317336
2013-11-09,NO 15/9-F-14 H,5351,15/9-F-14,3420717,VOLVE,369304,MÆRSK INSPIRER,24.0,99.99797645833333,%,production,OP,3615.028835005625,212.51408,3146.1255587675,308.641549908875,41.439269288625,468.903276238125,,191.23944649999999,4162.6591561,3462.5226391610004,22832.639281,0.8318054660053027,0.8458005876171681
2013-11-10,NO 15/9-F-14 H,5351,15/9-F-14,3420717,VOLVE,369304,MÆRSK INSPIRER,24.0,100.0,%,production,OP,3616.700929761625,212.49164000000002,3147.9488949196248,307.615614551,41.353600176624994,468.752034842,,191.12844275,4150.4569247,3474.7535323590005,23181.031856899997,0.8371978303594031,0.8481437671447245
2013-11-11,NO 15/9-F-14 H,5351,15/9-F-14,3420717,VOLVE,369304,MÆRSK INSPIRER,24.0,100.0,%,production,OP,3615.859697275125,212.471503625,3149.0216473352502,303.568265706875,40.422039232375,466.83804993987496,,187.722436625,4233.671111000001,3490.8930565530004,23929.8337374,0.8245546158469653,0.8496752753682744
2013-11-12,NO 15/9-F-14 H,5351,15/9-F-14,3420717,VOLVE,369304,MÆRSK INSPIRER,24.0,100.0,%,production,OP,3619.82345588525,212.45927825,3148.84876203925,305.283793300625,40.5202450665,470.97469384600004,,188.736219125,4449.9147788,3679.1546628120004,23281.0398359,0.8267921624791544,0.8395325786426
2013-11-13,NO 15/9-F-14 H,5351,15/9-F-14,3420717,VOLVE,369304,MÆRSK INSPIRER,24.0,100.0,%,production,OP,3615.3361523978747,212.456432,3146.5494413873753,304.717746246125,41.395485942375004,468.78671101049997,,189.43358262499999,4398.4012348999995,3652.1675222190006,23099.327225,0.8303397819280657,0.8400449243902384
2013-11-14,NO 15/9-F-14 H,5351,15/9-F-14,3420717,VOLVE,369304,MÆRSK INSPIRER,24.0,100.0,%,production,OP,3611.3054285345,212.44280075,3142.828521713625,303.76040177575,41.146135404125005,468.47690682087494,,189.90437525,4448.5939187,3726.0861333770004,22791.1894331,0.8375873818723071,0.8366876174730649
2013-11-15,NO 15/9-F-14 H,5351,15/9-F-14,3420717,VOLVE,369304,MÆRSK INSPIRER,24.0,100.0,%,production,OP,3616.4313131845,212.423467625,3147.998086974625,303.242546618375,41.182651742249995,468.433226209875,,188.9950775,4493.1257735,3750.8339688430005,22378.0747123,0.8347938958141432,0.8327902850535324
2013-11-16,NO 15/9-F-14 H,5351,15/9-F-14,3420717,VOLVE,369304,MÆRSK INSPIRER,24.0,100.0,%,production,OP,3618.46644409775,212.40657237500002,3150.22414530675,302.766374777875,41.049576355625,468.242298791,,188.864613125,4538.726896,3760.0705286280004,22367.0675448,0.8284416786437993,0.8313104299526847
2013-11-17,NO 15/9-F-14 H,5351,15/9-F-14,3420717,VOLVE,369304,MÆRSK INSPIRER,24.0,100.0,%,production,OP,3620.621240425875,212.395475375,3152.480800613625,303.14126477,41.062726467625005,468.14043981224995,,190.43002775,4412.3017150000005,3678.947012376,22272.4688024,0.8337931651113301,0.8346509402386306
2013-11-18,NO 15/9-F-14 H,5351,15/9-F-14,3420717,VOLVE,369304,MÆRSK INSPIRER,24.0,100.0,%,production,OP,3622.603223977,212.37801762499998,3155.0329648022503,302.70641969462497,40.325380470249996,467.57025917475005,,190.475907125,4409.5970967,3696.9606876990006,22154.0316801,0.8383896774754515,0.8339986929590272
2013-11-19,NO 15/9-F-14 H,5351,15/9-F-14,3420717,VOLVE,369304,MÆRSK INSPIRER,24.0,100.0,%,production,OP,3624.997858767875,212.36564975,3157.516338676125,301.95229159200005,40.323688360249996,467.48152009175004,,190.23508399999997,4328.8988344,3642.330612534,22410.6559281,0.8413988757579361,0.8381087915319024
2013-11-20,NO 15/9-F-14 H,5351,15/9-F-14,3420717,VOLVE,369304,MÆRSK INSPIRER,24.0,100.0,%,production,OP,3631.1212452845,212.340551,3164.050554392625,300.29886443525,39.708192412625,467.070690891875,,187.85405974999998,4437.3351588000005,3736.4308684479997,22155.1638459,0.8420438697397048,0.833135834356307
2013-11-21,NO 15/9-F-14 H,5351,15/9-F-14,3420717,VOLVE,369304,MÆRSK INSPIRER,24.0,100.0,%,production,OP,3634.187892497,212.32184187500002,3166.575614605,301.77012990725,40.428578028875,467.612277892,,190.1677415,4441.6122296,3718.9193681590004,22813.581156700002,0.8372904197658687,0.8370361139381016
2013-11-22,NO 15/9-F-14 H,5351,15/9-F-14,3420717,VOLVE,369304,MÆRSK INSPIRER,24.0,100.0,%,production,OP,3636.462598991625,212.32135399999999,3168.056824244875,304.035106769375,41.00006703,468.40577474675,,191.489377625,4499.101093,3761.79600487,23525.650546800003,0.8361216890020212,0.8394597336373716
2013-11-23,NO 15/9-F-14 H,5351,15/9-F-14,3420717,VOLVE,369304,MÆRSK INSPIRER,24.0,100.0,%,production,OP,3639.1707334195003,212.314600625,3170.943110661125,303.901695982375,41.01015321425,468.227622758375,,191.54917625,4436.7690759,3697.962565738,23575.0884534,0.8334809638448148,0.841611036638352
2013-11-24,NO 15/9-F-14 H,5351,15/9-F-14,3420717,VOLVE,369304,MÆRSK INSPIRER,24.0,100.0,%,production,OP,3640.150866985625,212.30486112499997,3172.6141478483746,301.07314979825,40.514029583875,467.53671913725003,,190.64696937499997,4402.363815199999,3720.717592683,23707.6147501,0.8451635868522529,0.8433878629621425
2013-11-25,NO 15/9-F-14 H,5351,15/9-F-14,3420717,VOLVE,369304,MÆRSK INSPIRER,24.0,100.0,%,production,OP,3641.653418362875,212.29332200000002,3174.15346938025,302.02227847025,40.614782647874996,467.49994898262497,,191.02848425,4404.6910449,3727.444336739,23728.3711231,0.8462442197971741,0.8434336433553926
2013-11-26,NO 15/9-F-14 H,5351,15/9-F-14,3420717,VOLVE,369304,MÆRSK INSPIRER,24.0,100.0,%,production,OP,3642.27867415925,212.28427399999998,3175.41312441025,301.72487805125,39.847640406375,466.865549749,,189.832799,4417.8996459,3742.225657571,23708.684017800002,0.8470599057278146,0.8429279681200061
2013-11-27,NO 15/9-F-14 H,5351,15/9-F-14,3420717,VOLVE,369304,MÆRSK INSPIRER,24.0,100.0,%,production,OP,3629.118527342625,210.9769475,3162.271611955,302.428599405625,39.712120525125,466.84691538762496,,191.314188125,4412.6162054999995,3725.080017574,24439.7486341,0.8441885367077616,0.8470622345852336
2013-11-28,NO 15/9-F-14 H,5351,15/9-F-14,3420717,VOLVE,369304,MÆRSK INSPIRER,24.0,100.0,%,production,OP,3643.723932504875,212.267786,3177.154695389875,301.45057493375,39.694806613875,466.569237115,,191.002832,4406.2005993,3730.5414359290003,23611.5064533,0.8466571940736561,0.8427351463477054
2013-11-29,NO 15/9-F-14 H,5351,15/9-F-14,3420717,VOLVE,369304,MÆRSK INSPIRER,24.0,100.0,%,production,OP,3645.930383512375,212.267786,3179.3976989949997,300.3226567105,39.39869642875,466.532684517375,,189.787998125,4380.5381745,3720.291697401,23708.2437311,0.8492773146134353,0.8440467020171258
2013-11-30,NO 15/9-F-14 H,5351,15/9-F-14,3420717,VOLVE,369304,MÆRSK INSPIRER,24.0,100.0,%,production,OP,3647.593129360625,212.26493975,3181.122318658375,301.182003838875,39.416369913375,466.47081070225,,190.704760625,4396.5142919,3723.3266427190006,23839.4491677,0.8468815055551487,0.8442938099778132
2013-12-01,NO 15/9-F-14 H,5351,15/9-F-14,3420717,VOLVE,369304,MÆRSK INSPIRER,24.0,100.0,%,production,OP,3647.1237743061247,212.251316,3180.8915571571247,301.199450701625,39.422630720375004,466.232217149,,191.025780125,4403.6846753,3716.153520855,23647.484166500002,0.8438736637295308,0.8430124355909934
2013-12-02,NO 15/9-F-14 H,5351,15/9-F-14,3420717,VOLVE,369304,MÆRSK INSPIRER,24.0,100.0,%,production,OP,3647.754577806,212.24526724999998,3181.664875600125,300.53206136625,39.199722422499995,466.08970220587497,,188.93801112499997,4053.9083412,3415.0247208080004,25522.0991389,0.8424030425406995,0.8629325359777636
2013-12-03,NO 15/9-F-14 H,5351,15/9-F-14,3420717,VOLVE,369304,MÆRSK INSPIRER,24.0,100.0,%,production,OP,3646.234821296,212.230706,3180.63938744275,299.79150942475,38.85888916575,465.59543385325,,189.34679712500002,4043.8446452,3383.7733301900003,23754.096446,0.8367713468435299,0.8545271884729564
2013-12-04,NO 15/9-F-14 H,5351,15/9-F-14,3420717,VOLVE,369304,MÆRSK INSPIRER,24.0,100.0,%,production,OP,3646.686454519875,212.22440787500003,3181.498057727125,299.375803322125,38.392516455125,465.18839679275,,190.074304625,3920.1869806,3252.0823418610003,23801.1442248,0.8295732723859147,0.858585904423076
2013-12-05,NO 15/9-F-14 H,5351,15/9-F-14,3420717,VOLVE,369304,MÆRSK INSPIRER,23.55833,96.36707979166667,%,production,OP,3654.1414026381326,212.21338609520538,3182.402855631412,294.704538162516,44.81544069355594,471.73854700672103,,186.39226225952262,3833.4505007000002,3229.1768742940003,22636.837495699998,0.8423682198855423,0.8551791162521029
2013-12-06,NO 15/9-F-14 H,5351,15/9-F-14,3420717,VOLVE,369304,MÆRSK INSPIRER,15.775,55.06015583333333,%,production,OP,3728.59059964162,212.09061759112518,3227.6851817551187,274.9004989110998,69.793592091271,500.90541788650074,,178.51385207290014,2020.0353796000002,1762.9606771680003,15936.302902700001,0.8727375247838952,0.8875029336247692
2013-12-07,NO 15/9-F-14 H,5351,15/9-F-14,3420717,VOLVE,369304,MÆRSK INSPIRER,24.0,99.94553583333334,%,production,OP,3655.50477398475,212.16582649999998,3191.638854827375,299.269375646375,37.506310102125,463.865919157375,,189.214069625,3632.1136826,3098.482466799,23231.0987445,0.853079704427366,0.8647922808019837
2013-12-08,NO 15/9-F-14 H,5351,15/9-F-14,3420717,VOLVE,369304,MÆRSK INSPIRER,24.0,99.91191791666667,%,production,OP,3656.04464168025,212.193573125,3192.1446960037497,300.598098980625,37.22267922825,463.89994567649995,,188.669046875,3811.4361657000004,3240.9402008640004,23248.8360087,0.8503199476433514,0.8591501171482763
2013-12-09,NO 15/9-F-14 H,5351,15/9-F-14,3420717,VOLVE,369304,MÆRSK INSPIRER,13.5,54.54079395833333,%,production,OP,3746.270255373602,212.04740665974666,3239.3450256468172,279.9648224622362,83.39778110356424,506.9252297267848,,181.46930822335997,1941.4756527000002,1662.8339676990001,11825.4088829,0.8564794337680751,0.8589749447175569
2013-12-10,NO 15/9-F-14 H,5351,15/9-F-14,3420717,VOLVE,369304,MÆRSK INSPIRER,6.05833,18.188629583333334,%,production,OP,3729.9295443577125,212.1666828558662,3234.9390681248833,292.40906637236975,63.01301719565598,494.9904762328296,,187.4815452211913,233.79223770000002,189.01663454500004,2147.2782359,0.8084812242036213,0.9018121301775148
2013-12-11,NO 15/9-F-14 H,5351,15/9-F-14,3420717,VOLVE,369304,MÆRSK INSPIRER,0.0,1.277395,%,production,OP,4330.091940402,210.10452800000002,4306.100479631999,77.76067332,2.101310544,23.99146077,,52.883438,0.0,0.0,0.0,,
2013-12-12,NO 15/9-F-14 H,5351,15/9-F-14,3420717,VOLVE,369304,MÆRSK INSPIRER,9.94167,18.995096875,%,production,OP,3824.3590602207632,212.0290624960937,3265.680704178632,237.73313084086894,143.58190799440854,558.6783560421309,,175.38393495056263,354.4307935,306.770676519,2860.1653013,0.8655305412084631,0.8897432887219222
2013-12-13,NO 15/9-F-14 H,5351,15/9-F-14,3420717,VOLVE,369304,MÆRSK INSPIRER,7.80833,20.869715625,%,production,OP,3706.490306941785,212.16584108194454,3211.4120909342355,287.7910787543214,72.81688610571348,495.07821600754954,,186.26267314166793,701.6283055,639.888591267,5467.3544444,0.9120050976435414,0.8862651536006688
2013-12-14,NO 15/9-F-14 H,5351,15/9-F-14,3420717,VOLVE,369304,MÆRSK INSPIRER,22.275,100.0,%,production,OP,3724.8782984361214,212.05225260606062,3222.102870599616,272.31586005343433,83.41289761637711,502.77542783650506,,179.07033846464645,2898.5960403999998,2448.617472782,20445.9708765,0.8447598211871207,0.8758342336905124
2013-12-15,NO 15/9-F-14 H,5351,15/9-F-14,3420717,VOLVE,369304,MÆRSK INSPIRER,22.83334,83.82618833333333,%,production,OP,3711.0191762862746,212.13562298335242,3213.810602715589,294.8115972433804,68.98529925648207,497.2085735706854,,185.6266993953999,3475.3716173999996,2952.7277523420003,24737.6340357,0.849614969967154,0.8768166830527633
2013-12-16,NO 15/9-F-14 H,5351,15/9-F-14,3420717,VOLVE,369304,MÆRSK INSPIRER,24.0,92.349315,%,production,OP,3656.607065806375,212.17787412500002,3182.668889068625,299.774428178625,46.637056527125,473.93817673775,,187.202754125,3946.4154882999997,3310.895090094,26369.7139345,0.8389626231474773,0.8698245599475505
2013-12-17,NO 15/9-F-14 H,5351,15/9-F-14,3420717,VOLVE,369304,MÆRSK INSPIRER,24.0,100.0,%,production,OP,3653.4431675932497,212.17259299999998,3185.70463412225,300.437442201,40.487856268125,467.738533471,,187.20025062500002,4083.1559577,3405.02218518,23829.7628603,0.8339192086843566,0.8537180584974536
2013-12-18,NO 15/9-F-14 H,5351,15/9-F-14,3420717,VOLVE,369304,MÆRSK INSPIRER,24.0,100.0,%,production,OP,3649.06282660925,212.285063375,3182.285178953125,300.57707149225,39.4248697445,466.77764765612494,,185.8237145,3956.29049,3322.480783723,23996.4428253,0.8397969744944083,0.8584649863977877
2013-12-19,NO 15/9-F-14 H,5351,15/9-F-14,3420717,VOLVE,369304,MÆRSK INSPIRER,24.0,100.0,%,production,OP,3652.021719652625,212.31672874999998,3184.327761193625,300.97949453137505,39.90275182475,467.693958459,,186.329916875,3951.5102344,3315.36875629,24030.344901200002,0.8390130759191637,0.8587831215889371
2013-12-20,NO 15/9-F-14 H,5351,15/9-F-14,3420717,VOLVE,369304,MÆRSK INSPIRER,17.33333,62.55745833333334,%,production,OP,3730.5349749537613,212.19334958547375,3220.618209533745,286.31101212773984,90.311402648083,509.9167654200169,,180.01233133430796,2440.9494648,1941.69402422,17723.8040066,0.7954667035186218,0.8789496996200802
2013-12-21,NO 15/9-F-14 H,5351,15/9-F-14,3420717,VOLVE,369304,MÆRSK INSPIRER,24.0,93.12877645833333,%,production,OP,3666.4087731275,212.24873375,3195.202441509,299.178219263375,46.3499991305,471.20633161850003,,185.84956400000002,3705.0125805,3159.63799223,23904.863191700002,0.8528008808552007,0.8658084298868696
2013-12-22,NO 15/9-F-14 H,5351,15/9-F-14,3420717,VOLVE,369304,MÆRSK INSPIRER,24.0,100.0,%,production,OP,3656.0474034455,212.25886625,3188.752843379,301.61645308137497,42.187009676,467.29456006649997,,187.633248125,3978.304825,3346.0197970080003,24186.2692911,0.8410667216803831,0.858747914717239
2013-12-23,NO 15/9-F-14 H,5351,15/9-F-14,3420717,VOLVE,369304,MÆRSK INSPIRER,24.0,100.0,%,production,OP,3656.603926338,212.267073875,3189.6977901220002,300.838741195625,41.2842569045,466.906136216,,186.61109075,3954.4664451000003,3325.993536932,24369.6801507,0.8410726410520579,0.8603853277017575
2013-12-24,NO 15/9-F-14 H,5351,15/9-F-14,3420717,VOLVE,369304,MÆRSK INSPIRER,24.0,100.0,%,production,OP,3655.8833443161247,212.24220050000002,3189.186969307625,299.02411336675,40.146442859375,466.69637500849996,,186.302946125,3951.0070496,3322.083493348,24959.0982458,0.8408194294880663,0.8633347402498509
2013-12-25,NO 15/9-F-14 H,5351,15/9-F-14,3420717,VOLVE,369304,MÆRSK INSPIRER,24.0,100.0,%,production,OP,3656.4766494497503,212.233502,3189.4495364336253,297.8333936895,39.9316325165,467.027113016125,,185.442371375,4067.3056364999998,3415.615535739,24294.7685136,0.8397735112619191,0.8565935052925013
2013-12-26,NO 15/9-F-14 H,5351,15/9-F-14,3420717,VOLVE,369304,MÆRSK INSPIRER,20.975,86.78559416666667,%,production,OP,3665.7333618710177,212.22889540298164,3191.2823962185716,299.2821922147169,47.07511211498778,474.4509656524459,,187.2676690218441,3364.7967576,2865.0155725110003,20416.157177099998,0.851467645420142,0.8585087559212562
2013-12-27,NO 15/9-F-14 H,5351,15/9-F-14,3420717,VOLVE,369304,MÆRSK INSPIRER,15.525,49.12223041666667,%,production,OP,3778.534446417943,212.0571020318261,3239.0910618802723,273.5983489810977,91.7116259010871,539.4433845376714,,176.75349435186087,1652.8362717999998,1468.9809849890003,11693.888955800001,0.8887637632668998,0.87616166185979
2013-12-28,NO 15/9-F-14 H,5351,15/9-F-14,3420717,VOLVE,369304,MÆRSK INSPIRER,24.0,100.0,%,production,OP,3667.704627225,212.15476325,3197.1083254345,297.89133637049997,42.732397880375,470.5963017905,,186.65446475,3870.3087873000004,3281.695130399,24056.3218165,0.8479155826448597,0.8614115378898103
2013-12-29,NO 15/9-F-14 H,5351,15/9-F-14,3420717,VOLVE,369304,MÆRSK INSPIRER,24.0,100.0,%,production,OP,3665.93677717275,212.184037625,3198.280147869,302.99796420437497,43.667315849999994,467.65662930375004,,191.29336175,3948.2395332,3320.4809122620004,24325.3998883,0.8410029037855237,0.8603561616408796
2013-12-30,NO 15/9-F-14 H,5351,15/9-F-14,3420717,VOLVE,369304,MÆRSK INSPIRER,24.0,100.0,%,production,OP,3664.4965256597498,212.153375375,3198.1701365460003,299.021191455375,42.58682505275,466.32638911375,,187.41877625,3941.4465384,3319.6128769360002,24237.4683445,0.8422321207694401,0.8601278099323898
2013-12-31,NO 15/9-F-14 H,5351,15/9-F-14,3420717,VOLVE,369304,MÆRSK INSPIRER,22.5,81.12493145833334,%,production,OP,3732.4862656671444,212.04745516864,3224.907135335656,294.07035744645384,78.80336833942918,507.5791303314883,,185.689511048672,3330.7059873999997,2882.709649799,20388.859401700003,0.8654950814344582,0.8595798054153817
2014-01-01,NO 15/9-F-14 H,5351,15/9-F-14,3420717,VOLVE,369304,MÆRSK INSPIRER,24.0,93.47029270833333,%,production,OP,3671.149545628,212.1384875,3199.0908015105,298.19221165824996,48.353584278750006,472.0587441175,,187.012304375,3801.8127564000006,3235.4667755110004,24182.243812700002,0.8510326475348874,0.8641436152399019
2014-01-02,NO 15/9-F-14 H,5351,15/9-F-14,3420717,VOLVE,369304,MÆRSK INSPIRER,24.0,100.0,%,production,OP,3664.9124402545,212.160194,3198.79345548075,298.24807848287503,42.118167993625,466.11898477375,,187.147059125,3972.7068941,3343.6501806379997,24801.538505300003,0.8416553925998835,0.8619353231003292
2014-01-03,NO 15/9-F-14 H,5351,15/9-F-14,3420717,VOLVE,369304,MÆRSK INSPIRER,24.0,100.0,%,production,OP,3662.29437744625,212.174873,3198.238361816875,298.105083101375,42.547549971,464.05601562937505,,186.733208375,3896.2857026,3298.924113088,24784.367324000003,0.8466843462959147,0.8641493379182694
2014-01-04,NO 15/9-F-14 H,5351,15/9-F-14,3420717,VOLVE,369304,MÆRSK INSPIRER,14.14167,58.850620416666665,%,production,OP,3679.464959280875,212.15061302823358,3206.9799945163486,297.5096007778161,50.66251243867283,472.48496476452664,,187.20365033726287,2256.2177451,1906.144834612,12862.2840614,0.8448408132378713,0.8507644623801301
2014-01-05,NO 15/9-F-14 H,5351,15/9-F-14,3420717,VOLVE,369304,MÆRSK INSPIRER,6.35833,12.166943125,%,production,OP,3888.4205681167655,211.8501780517337,3308.4053194553676,234.21851387491841,149.32685760248782,580.0152486613985,,168.81340955673267,204.8591117,178.918749227,2030.2248717999998,0.8733746219158286,0.9083438863092727
2014-01-06,NO 15/9-F-14 H,5351,15/9-F-14,3420717,VOLVE,369304,MÆRSK INSPIRER,24.0,82.56280645833333,%,production,OP,3690.4465010195,212.090437625,3211.0739861085,291.799024245375,55.93799598025,479.37251491100005,,187.12408175000002,3290.2625091,2783.337262322,21989.112861899997,0.845931670990999,0.8698439949242367
2014-01-07,NO 15/9-F-14 H,5351,15/9-F-14,3420717,VOLVE,369304,MÆRSK INSPIRER,24.0,100.0,%,production,OP,3663.362132094125,211.7769065,3197.3138926264996,297.499374197125,42.2895878015,466.048239467625,,187.93283975,3904.3366594,3316.215602796,23614.0223773,0.8493672272886479,0.858118841527107
2014-01-08,NO 15/9-F-14 H,5351,15/9-F-14,3420717,VOLVE,369304,MÆRSK INSPIRER,24.0,100.0,%,production,OP,3661.7837288645,212.069954,3195.1113395152497,298.003169733375,42.769240554,466.67238934925,,188.80087925,4073.4696503,3416.0368401100004,24355.339383900002,0.838606184253372,0.8567133204419645
2014-01-09,NO 15/9-F-14 H,5351,15/9-F-14,3420717,VOLVE,369304,MÆRSK INSPIRER,24.0,100.0,%,production,OP,3656.8380962322503,212.02535225,3190.5821834999997,298.219542256375,42.524389215374995,466.25591273224995,,190.5447545,3976.4807801,3346.405786679001,24000.4683037,0.8415495941602026,0.8578658177419863
2014-01-10,NO 15/9-F-14 H,5351,15/9-F-14,3420717,VOLVE,369304,MÆRSK INSPIRER,24.0,100.0,%,production,OP,3656.646763915625,212.068064,3190.252575580125,299.22543819724996,42.890298938,466.3941883355,,190.610408375,3984.2172464000005,3337.787940438,23981.6617718,0.8377524954127209,0.8575329156002177
2014-01-11,NO 15/9-F-14 H,5351,15/9-F-14,3420717,VOLVE,369304,MÆRSK INSPIRER,24.0,100.0,%,production,OP,3656.1110086517497,212.09888,3189.245691567875,298.4081792835,43.19977981375,466.86531708387497,,190.646892125,3967.6750460999997,3321.1186957440004,23576.7867021,0.8370440263268214,0.8559537999917793
2014-01-12,NO 15/9-F-14 H,5351,15/9-F-14,3420717,VOLVE,369304,MÆRSK INSPIRER,24.0,100.0,%,production,OP,3655.23170369025,212.094876875,3189.0598314141253,297.908849709,42.67469390775,466.17187227612504,,189.537649625,3950.5038648000004,3318.754023432,22988.626569,0.8400837303319576,0.8533544401328047
2014-01-13,NO 15/9-F-14 H,5351,15/9-F-14,3420717,VOLVE,369304,MÆRSK INSPIRER,24.0,100.0,%,production,OP,3656.3322762072503,212.06536512500003,3191.31165816425,293.757502575625,41.527984198625,465.020618043,,186.49352225,3987.1105589999997,3362.258908656,23724.8488295,0.8432820858369381,0.8561231090481972
2014-01-14,NO 15/9-F-14 H,5351,15/9-F-14,3420717,VOLVE,369304,MÆRSK INSPIRER,24.0,100.0,%,production,OP,3657.058641619375,212.037306125,3192.26505337075,293.61104139025,41.4051219045,464.793588248625,,186.065998625,3887.9202553,3271.37370303,24450.9444959,0.8414199593138451,0.8628060689998047
2014-01-15,NO 15/9-F-14 H,5351,15/9-F-14,3420717,VOLVE,369304,MÆRSK INSPIRER,24.0,100.0,%,production,OP,3654.564507738875,212.03012900000002,3192.2064761485,291.37010457662495,41.30584943675,462.358031590375,,183.35823575,3777.2195993,3194.727384444,24002.7955334,0.8457880990123137,0.8640310460143049
2014-01-16,NO 15/9-F-14 H,5351,15/9-F-14,3420717,VOLVE,369304,MÆRSK INSPIRER,24.0,97.91666666666667,%,production,OP,3657.524393032468,212.02786629787235,3194.3576183033615,289.776292859617,41.930242012723404,463.1667747291064,,182.17149838297874,3801.7498582999997,3083.082079276,22843.7093466,0.8109639492837751,0.8573209105136806
2014-01-17,NO 15/9-F-14 H,5351,15/9-F-14,3420717,VOLVE,369304,MÆRSK INSPIRER,24.0,97.91666666666667,%,production,OP,3661.9176989735747,212.013006875,3194.598634428383,288.0913925854468,42.19510608804256,467.31906454519145,,184.2677569361702,3894.2729634,3141.5332049810004,23606.7890958,0.8067059588545636,0.8583955428696893
2014-01-18,NO 15/9-F-14 H,5351,15/9-F-14,3420717,VOLVE,369304,MÆRSK INSPIRER,24.0,100.0,%,production,OP,3658.545187449,212.01923637500002,3194.7080281183753,287.22486112575,43.0424800595,463.837159330625,,182.07025475,3734.1344007999996,3068.3890451940006,26129.631886799998,0.8217136063813424,0.8749610358975224
2014-01-19,NO 15/9-F-14 H,5351,15/9-F-14,3420717,VOLVE,369304,MÆRSK INSPIRER,24.0,100.0,%,production,OP,3661.124642954625,212.04596750000002,3199.0083232345,287.244613488375,44.052092599125,462.116319720125,,180.67880337499997,3578.8389919,2850.2342516790004,22567.83828,0.7964130988094034,0.8631245203861447
2014-01-20,NO 15/9-F-14 H,5351,15/9-F-14,3420717,VOLVE,369304,MÆRSK INSPIRER,24.0,97.91666666666667,%,production,OP,3664.049745229915,212.06443693617024,3201.143375429106,288.2985901691489,45.05339155544681,462.90636980080853,,181.88763531914893,3648.8445772,2837.1487427409998,22902.6448663,0.7775471612216851,0.8625747687351203
2014-01-21,NO 15/9-F-14 H,5351,15/9-F-14,3420717,VOLVE,369304,MÆRSK INSPIRER,24.0,100.0,%,production,OP,3665.86581733125,212.07946625,3202.3361204308753,289.802153147875,45.729451025875,463.52969690037503,,183.611762375,3590.0977518,2773.7369611270005,25841.9359774,0.7726076427128779,0.8780207380559568
2014-01-22,NO 15/9-F-14 H,5351,15/9-F-14,3420717,VOLVE,369304,MÆRSK INSPIRER,24.0,100.0,%,production,OP,3668.293659780875,212.099399,3204.48698260325,289.544653287,45.899508080875,463.806677177625,,182.517645125,3757.8469845000004,2857.3197930870006,24832.4214724,0.7603608675054077,0.8685620252162033
2014-01-23,NO 15/9-F-14 H,5351,15/9-F-14,3420717,VOLVE,369304,MÆRSK INSPIRER,24.0,100.0,%,production,OP,3670.931224156875,212.11492175,3206.5065461045,290.309487007,45.952332129125004,464.424678052375,,183.48929262500002,3923.0802932,3012.8499696510003,24893.3068332,0.7679807050784224,0.8638593979185584
2014-01-24,NO 15/9-F-14 H,5351,15/9-F-14,3420717,VOLVE,369304,MÆRSK INSPIRER,24.0,100.0,%,production,OP,3672.4529175284997,212.12976575,3208.001827452,290.01672176075,46.660020877125,464.4510900765,,183.420143375,3742.3740519000003,2926.4080595790006,27150.153559299997,0.7819656771330128,0.8788582760530345
2014-01-25,NO 15/9-F-14 H,5351,15/9-F-14,3420717,VOLVE,369304,MÆRSK INSPIRER,24.0,100.0,%,production,OP,3674.591965147125,212.139998,3209.4888567416247,291.650964620375,46.411534523625,465.1031084055,,186.32841725,4099.5094637,3287.9603113260005,26271.844490900003,0.8020374975201208,0.8650205232921763
2014-01-26,NO 15/9-F-14 H,5351,15/9-F-14,3420717,VOLVE,369304,MÆRSK INSPIRER,24.0,100.0,%,production,OP,3675.920579702875,212.15005625,3211.09823767075,291.805460306625,46.342006932375,464.82234203212494,,184.97416475,3319.1327370000004,2579.9330658500003,25829.230561200002,0.7772913198349138,0.8861297046752205
2014-01-27,NO 15/9-F-14 H,5351,15/9-F-14,3420717,VOLVE,369304,MÆRSK INSPIRER,24.0,100.0,%,production,OP,3678.836357179125,212.16032975000002,3213.86865685475,288.33136509262505,45.660473370375,464.967700324375,,184.17245862500002,3308.5658562,2480.9569093070004,23773.6577551,0.7498587052930733,0.8778325626548809
2014-01-28,NO 15/9-F-14 H,5351,15/9-F-14,3420717,VOLVE,369304,MÆRSK INSPIRER,24.0,100.0,%,production,OP,3678.979104787375,212.17095575000002,3214.691149223,289.46887697525,45.4852825745,464.28795556437507,,183.800538875,3496.2537866000002,2745.642704689,24670.2072725,0.7853098980434865,0.8758717405333946
2014-01-29,NO 15/9-F-14 H,5351,15/9-F-14,3420717,VOLVE,369304,MÆRSK INSPIRER,7.975,34.702852916666664,%,production,OP,3689.363534851914,212.16509462130156,3215.1531784355816,289.48156600865934,55.93801459879473,474.2103564163326,,183.40953322231474,1515.9071081,1211.515633169,7596.0777408,0.7992017628886795,0.8336359055422485
2014-01-31,NO 15/9-F-14 H,5351,15/9-F-14,3420717,VOLVE,369304,MÆRSK INSPIRER,20.775,100.0,%,production,OP,3790.8731974488232,212.03072381227437,3260.5829813837113,261.93054025525635,101.51186180044043,530.2902160651118,,174.71629157400722,2613.7305455,2212.230052804,17029.9121674,0.8463879555651771,0.866942675363182
2014-02-01,NO 15/9-F-14 H,5351,15/9-F-14,3420717,VOLVE,369304,MÆRSK INSPIRER,24.0,100.0,%,production,OP,3688.681004813125,212.06850087499998,3218.4794330045,288.95105505575,40.139749959999996,470.201571808625,,182.5188815,3544.6224254999997,2934.1765872850006,25624.056959,0.8277825491867754,0.8784784741614465
2014-02-02,NO 15/9-F-14 H,5351,15/9-F-14,3420717,VOLVE,369304,MÆRSK INSPIRER,24.0,100.0,%,production,OP,3689.3371567251247,212.14320125,3219.403684637875,295.25524050425,40.18717134275,469.93347208725004,,185.829840875,3640.1017413000004,2950.039950525,25867.724198400003,0.8104278836644394,0.8766394464729919
2014-02-03,NO 15/9-F-14 H,5351,15/9-F-14,3420717,VOLVE,369304,MÆRSK INSPIRER,24.0,100.0,%,production,OP,3683.22443654475,212.06551925000002,3213.719959666875,294.368713859,40.156384005625,469.504476877875,,187.06243325,3655.3859795999997,2945.5560430660003,25436.369028600002,0.8058125898344463,0.8743497606600334
2014-02-04,NO 15/9-F-14 H,5351,15/9-F-14,3420717,VOLVE,369304,MÆRSK INSPIRER,24.0,100.0,%,production,OP,3679.62379567575,212.07432575,3211.1341980298753,292.696205140375,39.407214389625004,468.48959764587494,,185.215633625,3638.026104,2933.312789723,25440.1429146,0.806292397544325,0.8748880611543004
2014-02-05,NO 15/9-F-14 H,5351,15/9-F-14,3420717,VOLVE,369304,MÆRSK INSPIRER,24.0,100.0,%,production,OP,3674.6079374568753,212.112561875,3205.11606075525,292.59067186562504,38.827470309000006,469.49187670162496,,183.856175,3648.9703734,2937.165270346,25251.3228184,0.804929876043153,0.8737393302834956
2014-02-06,NO 15/9-F-14 H,5351,15/9-F-14,3420717,VOLVE,369304,MÆRSK INSPIRER,8.0,34.79387916666666,%,production,OP,3715.3461724393087,212.05336467218788,3230.7470605988633,290.3841551011196,34.27612628530879,484.5991118404451,,183.6613894978126,1228.2111987,1021.8569773780001,6323.5233816,0.8319879988552331,0.8373603857974563
2014-02-08,NO 15/9-F-14 H,5351,15/9-F-14,3420717,VOLVE,369304,MÆRSK INSPIRER,20.94167,54.807582708333335,%,production,OP,3772.000948455701,211.96345842784172,3240.0683809281545,260.9895883655731,95.39166534123474,531.9325675275466,,177.1075479201592,3187.8644023,2537.5946251670002,12743.8469391,0.7960171151998061,0.7999044588501899
2014-02-09,NO 15/9-F-14 H,5351,15/9-F-14,3420717,VOLVE,369304,MÆRSK INSPIRER,24.0,100.0,%,production,OP,3660.1424244672503,211.987502,3193.7312092748753,289.715166607375,37.321543776625,466.411215192375,,186.244175375,3540.8485395000002,2884.67420656,23764.6004287,0.8146844391619592,0.8703244710012393
2014-02-10,NO 15/9-F-14 H,5351,15/9-F-14,3420717,VOLVE,369304,MÆRSK INSPIRER,12.0,47.268500833333334,%,production,OP,3751.5951001819644,211.93499031569104,3233.8251838811184,275.24819272069453,77.77168807186833,517.769916300846,,181.47812723638484,1883.6722988000001,1641.1616894560002,14814.7668816,0.8712564762466952,0.887194708532341
2014-02-11,NO 15/9-F-14 H,5351,15/9-F-14,3420717,VOLVE,369304,MÆRSK INSPIRER,15.39167,64.98126083333334,%,production,OP,3690.311709640632,211.99612091734815,3204.8069394161307,292.80686106746646,41.47687272201868,485.5047702245016,,188.07511420994993,1939.4000153999998,1693.4564035100002,15934.4159597,0.873185722420821,0.891494909755042
2014-02-12,NO 15/9-F-14 H,5351,15/9-F-14,3420717,VOLVE,369304,MÆRSK INSPIRER,21.94167,69.54222625,%,production,OP,3745.2834423600934,211.86865866563213,3218.0725952524904,275.5994635367022,74.15893814428166,527.2108471076032,,182.55695160888394,2726.9471255000003,2259.4179080910003,19217.822575899998,0.8285521515847961,0.8757358968626574
2014-02-13,NO 15/9-F-14 H,5351,15/9-F-14,3420717,VOLVE,369304,MÆRSK INSPIRER,24.0,100.0,%,production,OP,3667.2933357164998,212.05695275,3193.659983530375,291.59241459275,38.103776013375,473.633352186125,,184.61899999999997,3757.1551054,3092.9885589200003,24454.152299,0.8232262102979402,0.8668209504954026
2014-02-14,NO 15/9-F-14 H,5351,15/9-F-14,3420717,VOLVE,369304,MÆRSK INSPIRER,24.0,100.0,%,production,OP,3666.101676313875,212.1068915,3192.775496482,294.9540026215,39.543232839000005,473.32617983187504,,187.878300125,3823.2610085,3139.8578756129996,24920.7933029,0.8212512482491684,0.8669895009562488
2014-02-15,NO 15/9-F-14 H,5351,15/9-F-14,3420717,VOLVE,369304,MÆRSK INSPIRER,24.0,100.0,%,production,OP,3665.5349342856252,212.07859587500002,3195.79335653725,294.4472881955,39.719768258,469.74157774837505,,187.86683075000002,3779.6097271,3088.122899554,24883.0544429,0.8170480876403712,0.8681347377660742
2014-02-16,NO 15/9-F-14 H,5351,15/9-F-14,3420717,VOLVE,369304,MÆRSK INSPIRER,24.0,100.0,%,production,OP,3673.12767660725,212.07853025,3199.646647559,295.742111918875,40.10677194475,473.48102904825,,190.398397625,3834.268176,3135.1006323760002,24939.8514272,0.817652936223833,0.8667459429210967
2014-02-17,NO 15/9-F-14 H,5351,15/9-F-14,3420717,VOLVE,369304,MÆRSK INSPIRER,24.0,100.0,%,production,OP,3674.8893625445003,212.10923,3201.113407788125,298.625207499125,40.628954069125,473.77595475637503,,191.15478275,3878.296846,3216.2923059990003,25075.774221300002,0.8293053455452286,0.866053487366754
2014-02-18,NO 15/9-F-14 H,5351,15/9-F-14,3420717,VOLVE,369304,MÆRSK INSPIRER,16.33333,52.36435854166667,%,production,OP,3762.772723795813,212.00332152771784,3244.308639348816,281.0805770748134,87.51869341223026,518.4640844469969,,182.51895054382908,2091.2989269,1798.8806711260002,13818.8383662,0.8601738603636827,0.8685555700511166
2014-02-19,NO 15/9-F-14 H,5351,15/9-F-14,3420717,VOLVE,369304,MÆRSK INSPIRER,24.0,97.27863145833334,%,production,OP,3679.377179708125,212.110077875,3203.2122496644997,297.367178103375,46.44928368475,476.164930043625,,190.477569875,3755.8342453,3100.343198342,25216.162780500003,0.8254739149422602,0.8703632945303917
2014-02-20,NO 15/9-F-14 H,5351,15/9-F-14,3420717,VOLVE,369304,MÆRSK INSPIRER,24.0,100.0,%,production,OP,3679.204777872125,212.122088375,3206.822460019875,297.2773905165,42.881490901125,472.38231785225,,186.89781837499999,3930.502269,3233.437592849,24842.3593722,0.8226525190816523,0.8633955037905616
2014-02-21,NO 15/9-F-14 H,5351,15/9-F-14,3420717,VOLVE,369304,MÆRSK INSPIRER,24.0,100.0,%,production,OP,3680.4283970023753,212.10640625000002,3208.068868245875,297.5668380185,42.702743652624996,472.3595287565,,187.180010375,3971.7634226000005,3273.010539375,25425.927944000003,0.8240698629608755,0.8648953969524119
2014-02-22,NO 15/9-F-14 H,5351,15/9-F-14,3420717,VOLVE,369304,MÆRSK INSPIRER,24.0,100.0,%,production,OP,3676.900335565875,212.059593875,3205.0660770345003,296.662118169125,42.54164571575,471.834258531375,,186.85297887500002,4030.0699613,3300.3095087690003,26016.9813897,0.818921145404732,0.8658746938519185
2014-02-23,NO 15/9-F-14 H,5351,15/9-F-14,3420717,VOLVE,369304,MÆRSK INSPIRER,24.0,100.0,%,production,OP,3672.547068341875,212.020449875,3202.847536505375,293.90781331125,41.106388948875,469.69953183650006,,186.78077224999998,3957.1710634,3270.9089615780003,25537.886562,0.8265776003041012,0.865836130457591
2014-02-24,NO 15/9-F-14 H,5351,15/9-F-14,3420717,VOLVE,369304,MÆRSK INSPIRER,24.0,100.0,%,production,OP,3670.598482811875,212.0,3201.344223678625,294.115377797375,40.892883948,469.25425913325,,188.11419162500002,3972.9584864999997,3255.7822629800003,24206.1450907,0.8194855984634766,0.8590104729337608
2014-02-25,NO 15/9-F-14 H,5351,15/9-F-14,3420717,VOLVE,369304,MÆRSK INSPIRER,24.0,100.0,%,production,OP,3660.046717517,210.50447599999998,3190.99827939225,294.288885548125,40.63433558325,469.04843812474996,,187.341144125,3873.6423866,3183.5838308590005,24119.0312222,0.8218579603196974,0.8616194208265175
2014-02-26,NO 15/9-F-14 H,5351,15/9-F-14,3420717,VOLVE,369304,MÆRSK INSPIRER,24.0,100.0,%,production,OP,3675.9646954278746,212.0,3207.178860688625,293.661837928125,40.563233725375,468.78583473925,,186.97398199999998,3868.3589462,3166.962614157,24302.567878,0.8186837514827827,0.862682581572825
2014-02-27,NO 15/9-F-14 H,5351,15/9-F-14,3420717,VOLVE,369304,MÆRSK INSPIRER,24.0,100.0,%,production,OP,3678.3256753594997,211.99903250000003,3210.0836152768748,293.4956697045,40.065940726125,468.242060082625,,187.18917125000002,3836.2809152,3154.870154583,24191.175342900002,0.8223772513850239,0.8631241850893512
2014-02-28,NO 15/9-F-14 H,5351,15/9-F-14,3420717,VOLVE,369304,MÆRSK INSPIRER,24.0,100.0,%,production,OP,3681.61834616525,211.98709775000003,3212.9939900876248,295.64817261925003,40.444508035874996,468.624356077625,,189.767523125,3881.6304453000002,3175.7930548920003,24158.8457195,0.818159559403021,0.8615704518537127
2014-03-01,NO 15/9-F-14 H,5351,15/9-F-14,3420717,VOLVE,369304,MÆRSK INSPIRER,24.0,100.0,%,production,OP,3683.688851242375,211.98075612500003,3215.1565640784997,294.5572753455,40.240412375249996,468.53228716387497,,189.065816375,3779.3581347,3102.6665524550003,24256.5264688,0.8209506593111705,0.8651956880209093
2014-03-02,NO 15/9-F-14 H,5351,15/9-F-14,3420717,VOLVE,369304,MÆRSK INSPIRER,24.0,100.0,%,production,OP,3685.166359391625,211.963836125,3215.762511691125,292.405071571625,38.729152674750004,469.4038477005,,186.96277062500002,3779.0436442000005,3137.9600636350006,24304.5177191,0.8303582490906338,0.8654357403139579
2014-03-03,NO 15/9-F-14 H,5351,15/9-F-14,3420717,VOLVE,369304,MÆRSK INSPIRER,24.0,97.91666666666667,%,production,OP,3680.9331374071917,211.94978229787233,3214.8074083664415,291.2143600591915,38.201654611941485,466.12572904075,,184.50666365957446,3876.7872916,3195.268405648,24123.2453949,0.824205241430533,0.8615434726449743
2014-03-04,NO 15/9-F-14 H,5351,15/9-F-14,3420717,VOLVE,369304,MÆRSK INSPIRER,24.0,100.0,%,production,OP,3679.799766050875,211.93402625,3213.909361165125,291.68754441262496,38.46120705625,465.89040488575,,187.5965015,3805.1463557,3144.519416013,25092.5051159,0.8263859315956665,0.8683233355679573
2014-03-05,NO 15/9-F-14 H,5351,15/9-F-14,3420717,VOLVE,369304,MÆRSK INSPIRER,24.0,100.0,%,production,OP,3681.927811932875,211.925859875,3215.3454307491247,292.89926740525,39.133814738,466.58238118375004,,189.075284375,3833.5762969,3153.2799336420003,23631.570947199998,0.8225426310653794,0.8604203260653001
2014-03-06,NO 15/9-F-14 H,5351,15/9-F-14,3420717,VOLVE,369304,MÆRSK INSPIRER,24.0,100.0,%,production,OP,3684.91712669675,211.92584,3218.4527399692497,292.5197573485,38.860448324249994,466.4643867275,,188.18614025,3858.2323521,3148.763889806,23638.992923,0.8161156722694933,0.8596864842361456
2014-03-07,NO 15/9-F-14 H,5351,15/9-F-14,3420717,VOLVE,369304,MÆRSK INSPIRER,24.0,100.0,%,production,OP,3687.19018640575,211.92580887499997,3220.330199468375,291.71981838925,38.995669064625005,466.859986937375,,188.298819125,3745.4560588000004,3100.9096461299996,23787.558235200002,0.8279124350810017,0.8639649106775712
2014-03-08,NO 15/9-F-14 H,5351,15/9-F-14,3420717,VOLVE,369304,MÆRSK INSPIRER,24.0,100.0,%,production,OP,3688.7601018907503,211.92584,3223.07475052075,290.91739263262497,38.912767761125004,465.68535137,,187.482920375,3718.2211815,3023.0470892760004,23761.4555237,0.813035842062641,0.8646919604845132
2014-03-09,NO 15/9-F-14 H,5351,15/9-F-14,3420717,VOLVE,369304,MÆRSK INSPIRER,24.0,100.0,%,production,OP,3690.987320526875,211.92578225000003,3224.290178025625,292.61644028362497,38.99121216775,466.69714250124997,,187.625212625,3741.5563766,3050.819628797,23793.722249000002,0.8153878551388604,0.8641177223054712
2014-03-10,NO 15/9-F-14 H,5351,15/9-F-14,3420717,VOLVE,369304,MÆRSK INSPIRER,24.0,100.0,%,production,OP,3692.7241838147497,211.92584,3225.0178487797502,295.42825875175004,39.866096491875,467.706335035,,191.02802,3364.0419804000003,2751.660682716,23626.9793859,0.8179626469431914,0.8753644060094657
2014-03-11,NO 15/9-F-14 H,5351,15/9-F-14,3420717,VOLVE,369304,MÆRSK INSPIRER,24.0,100.0,%,production,OP,3694.5550679861253,211.92584,3227.82241232625,294.80047385525,39.40747122775,466.732655659875,,189.98066,3333.5364019000003,2723.187852694,23637.231776200002,0.8169065893931373,0.8764018740627937
2014-03-12,NO 15/9-F-14 H,5351,15/9-F-14,3420717,VOLVE,369304,MÆRSK INSPIRER,24.0,100.0,%,production,OP,3701.8099865895,211.919667125,3230.9782186276248,293.886399054875,38.15952801625,470.83176796187496,,188.82083749999998,3312.2139460000003,2698.3831605610003,23436.9642258,0.8146765893005512,0.8761751136903391
2014-03-13,NO 15/9-F-14 H,5351,15/9-F-14,3420717,VOLVE,369304,MÆRSK INSPIRER,24.0,97.91666666666667,%,production,OP,3696.611643372,211.92762276595744,3229.523510181957,294.9063023491915,39.46365480868085,467.0881331900426,,190.4555380425532,3421.5937419,2794.4190151820003,25371.7726799,0.8167009954928981,0.8811672906954899
2014-03-14,NO 15/9-F-14 H,5351,15/9-F-14,3420717,VOLVE,369304,MÆRSK INSPIRER,24.0,100.0,%,production,OP,3695.09351249625,211.92421812499998,3228.902972620875,293.027910068,38.442530392125,466.190539875375,,188.78421125,3415.2410338,2803.496658817,23148.2619468,0.8208781257519804,0.8714310745727234
2014-03-15,NO 15/9-F-14 H,5351,15/9-F-14,3420717,VOLVE,369304,MÆRSK INSPIRER,24.0,100.0,%,production,OP,3695.012309346,211.91620062500002,3228.906417273375,292.98690963837504,38.779097114375,466.105892072625,,190.673571125,3419.1407160000003,2779.644404143,23509.1083465,0.812965781471218,0.8730277372262774
2014-03-16,NO 15/9-F-14 H,5351,15/9-F-14,3420717,VOLVE,369304,MÆRSK INSPIRER,24.0,100.0,%,production,OP,3695.70368736225,211.909465625,3229.951174333375,292.250134728125,37.742166063125,465.75251302887506,,190.121102,3388.1948507999996,2781.5090203030004,23962.8552399,0.8209412807667327,0.8761219463397472
2014-03-17,NO 15/9-F-14 H,5351,15/9-F-14,3420717,VOLVE,369304,MÆRSK INSPIRER,24.0,100.0,%,production,OP,3699.6759367386253,211.90928000000002,3231.369355897375,293.403924104625,37.794506651375,468.30658084125,,190.717752875,3407.5045675,2777.8973859340003,23992.8576336,0.815229247945535,0.8756401633492565
2014-03-18,NO 15/9-F-14 H,5351,15/9-F-14,3420717,VOLVE,369304,MÆRSK INSPIRER,24.0,100.0,%,production,OP,3700.490862957875,211.905564125,3231.7621490176252,293.009200166,37.94546401475,468.72871394025,,190.12433075,3366.5579044,2782.2011884229996,23539.7397212,0.8264230907143281,0.8748784410532615
2014-03-19,NO 15/9-F-14 H,5351,15/9-F-14,3420717,VOLVE,369304,MÆRSK INSPIRER,24.0,100.0,%,production,OP,3693.8255449758753,211.9128515,3231.975052715125,292.043576443125,37.792167913625,461.85049226075,,187.95007999999999,3390.8365710000003,2758.2496994420003,22474.5603977,0.8134422410775632,0.8689045223197893
2014-03-20,NO 15/9-F-14 H,5351,15/9-F-14,3420717,VOLVE,369304,MÆRSK INSPIRER,24.0,100.0,%,production,OP,3703.810870405,211.90777774999998,3236.852173022125,291.03878037375,36.122871182375,466.958697382875,,185.6689715,3443.7338731,2820.9608374080003,22756.9099686,0.8191576182594539,0.8685630057831221
2014-03-21,NO 15/9-F-14 H,5351,15/9-F-14,3420717,VOLVE,369304,MÆRSK INSPIRER,24.0,100.0,%,production,OP,3703.250023567125,211.91463800000002,3235.509846332125,291.2220056705,36.923795191375,467.740177235,,185.99304275000003,3400.9002670000004,2800.72763319,22607.0866944,0.8235253648471661,0.8692363129815668
2014-03-22,NO 15/9-F-14 H,5351,15/9-F-14,3420717,VOLVE,369304,MÆRSK INSPIRER,14.16666,53.79984854166667,%,production,OP,3769.311089345516,211.83089467084974,3263.574982586827,275.32475152681855,75.74481997069438,505.73610675868883,,178.66892744741668,1902.7304231,1582.6554728190001,11461.1659858,0.8317812411074388,0.8576215824426152
2014-03-23,NO 15/9-F-14 H,5351,15/9-F-14,3420717,VOLVE,369304,MÆRSK INSPIRER,24.0,85.92787333333334,%,production,OP,3746.547691944375,211.857468875,3260.68889335425,287.015284237375,46.421965173125,485.85879859012505,,187.985971625,2717.8269010000004,2301.5585864540003,20292.436614399998,0.8468378120796296,0.8818863200249293
2014-03-24,NO 15/9-F-14 H,5351,15/9-F-14,3420717,VOLVE,369304,MÆRSK INSPIRER,6.225,27.234175208333333,%,production,OP,3731.8048251609644,211.85895084337352,3275.413556594482,295.61044213395184,33.46819476151808,456.3912685664819,,190.39305518072288,672.4435871,627.6421596010001,4378.5883334,0.9333751881072853,0.8668700579042401
2014-03-25,NO 15/9-F-14 H,5351,15/9-F-14,3420717,VOLVE,369304,MÆRSK INSPIRER,6.60833,10.146368125,%,production,OP,4007.6192174699368,211.45457288836363,3358.051217880964,202.95186964825504,197.09324051496174,649.5679995889725,,155.89789490282416,61.703036100000006,48.325694921,769.243763,0.7831980073505653,0.925743698433124
2014-03-26,NO 15/9-F-14 H,5351,15/9-F-14,3420717,VOLVE,369304,MÆRSK INSPIRER,24.0,81.12274958333333,%,production,OP,3744.648165517875,211.850258,3255.5774822880003,288.424098763875,48.635619734625,489.07068322987504,,189.35221925000002,3062.1311004,2511.325432425,19640.8122984,0.8201234206128375,0.865121845806044
2014-03-27,NO 15/9-F-14 H,5351,15/9-F-14,3420717,VOLVE,369304,MÆRSK INSPIRER,12.5,47.04731833333334,%,production,OP,3790.4502066976906,211.7613225233552,3278.5294059699995,275.0868716757918,75.96127232152851,511.92080072769147,,178.1723006956256,1036.4348918,869.993879262,9496.5438323,0.839410064390115,0.9016009697780379
2014-03-28,NO 15/9-F-14 H,5351,15/9-F-14,3420717,VOLVE,369304,MÆRSK INSPIRER,24.0,89.79247270833334,%,production,OP,3779.9905147032505,211.793045,3265.001685911375,288.96411149737503,39.110611679624995,514.988828791875,,188.11609700000002,2522.3396062,2275.163320233,21859.2911835,0.9020051521375503,0.8965475431911815
2014-03-29,NO 15/9-F-14 H,5351,15/9-F-14,3420717,VOLVE,369304,MÆRSK INSPIRER,14.66667,36.158613333333335,%,production,OP,3891.2707648760793,211.6695161740395,3308.9211775723506,257.87502187274407,136.15373195436214,582.3495873037285,,171.22799306268294,885.2278594,774.889979574,7362.7257898,0.8753565213132966,0.8926730317542628
2014-03-30,NO 15/9-F-14 H,5351,15/9-F-14,3420717,VOLVE,369304,MÆRSK INSPIRER,23.0,94.8627697826087,%,production,OP,3709.9996660379998,211.87673559090908,3238.7404625746367,299.0891623603636,37.09580888590909,471.2592034633636,,190.66908363636364,3063.8922472,2494.657953466,21574.865975300003,0.8142120388684666,0.8756474567617588
2014-03-31,NO 15/9-F-14 H,5351,15/9-F-14,3420717,VOLVE,369304,MÆRSK INSPIRER,24.0,100.0,%,production,OP,3710.086033145375,211.948217,3240.37510071775,301.5696692615,35.92535057775,469.71093242762504,,190.6740395,3337.4989822000002,2748.822793424,23133.0406066,0.823617567551149,0.8739164734060754
2014-04-01,NO 15/9-F-14 H,5351,15/9-F-14,3420717,VOLVE,369304,MÆRSK INSPIRER,24.0,100.0,%,production,OP,3709.799078484,211.99361825,3239.4889729270003,302.73759379975,36.11642605625,470.310105557,,190.72044875,3323.0324192000003,2728.2152533860003,23235.0613248,0.8210016964092097,0.8748768472906404
2014-04-02,NO 15/9-F-14 H,5351,15/9-F-14,3420717,VOLVE,369304,MÆRSK INSPIRER,24.0,100.0,%,production,OP,3708.582925789125,211.99971125,3238.87738998375,303.143648832125,35.387830684875,469.70553580537506,,190.241808875,3331.5865608,2726.409259628,23325.2572002,0.8183516201281947,0.8750194662702627
2014-04-03,NO 15/9-F-14 H,5351,15/9-F-14,3420717,VOLVE,369304,MÆRSK INSPIRER,24.0,100.0,%,production,OP,3710.22067373375,212.00440212499998,3240.911408939,302.494709539,35.073406430625,469.30926479474994,,188.85902074999998,3343.5371998000005,2736.95634793,23431.7436835,0.8185810967180852,0.8751259710636539
2014-04-04,NO 15/9-F-14 H,5351,15/9-F-14,3420717,VOLVE,369304,MÆRSK INSPIRER,24.0,100.0,%,production,OP,3711.462824490125,212.02409712499997,3242.8283006443753,300.86932306225,34.643994237,468.63452384575,,185.43552612499997,3391.0881633999998,2806.437313886,20632.337946800002,0.8275919641889191,0.8588424420461745
2014-04-05,NO 15/9-F-14 H,5351,15/9-F-14,3420717,VOLVE,369304,MÆRSK INSPIRER,24.0,97.91666666666667,%,production,OP,3712.02090326234,212.0410805957447,3242.847475426596,301.635673638,34.89889543608511,469.1734278357447,,187.72317289361703,3391.4655520000006,2793.4513924020002,20438.423104499998,0.8236708731287741,0.8576801763161019
2014-04-06,NO 15/9-F-14 H,5351,15/9-F-14,3420717,VOLVE,369304,MÆRSK INSPIRER,18.225,74.97205791666667,%,production,OP,3723.0784241169135,212.04990990123457,3251.699822917572,302.7501376718107,39.56565951383539,471.3786011993416,,188.93188856790124,2522.842791,2119.743325533,14422.597228100001,0.8402201409834102,0.8511196647501401
2014-04-07,NO 15/9-F-14 H,5351,15/9-F-14,3420717,VOLVE,369304,MÆRSK INSPIRER,18.94167,59.6311375,%,production,OP,3780.9115563464,211.9727979661128,3271.689656883839,283.38459728301245,88.63582424504715,509.2218994625612,,181.8814642643315,2692.2273743,2290.445050364,19509.7955561,0.8507621132704415,0.8787395462683861
2014-04-08,NO 15/9-F-14 H,5351,15/9-F-14,3420717,VOLVE,369304,MÆRSK INSPIRER,24.0,100.0,%,production,OP,3708.202726801875,212.01113337500001,3240.6090893145,303.69028194599997,37.557351391625,467.59363748737496,,190.38470712500003,3421.4050476,2853.506158634,22737.0970671,0.834015884975571,0.8692048561267844
2014-04-09,NO 15/9-F-14 H,5351,15/9-F-14,3420717,VOLVE,369304,MÆRSK INSPIRER,24.0,100.0,%,production,OP,3711.900150319625,212.04305825,3242.1161308265,306.076679787125,36.673568381875,469.78401949312496,,190.94683700000002,3608.0237103,2976.6750035590003,22719.422701,0.8250153664626266,0.8629558046027813
2014-04-10,NO 15/9-F-14 H,5351,15/9-F-14,3420717,VOLVE,369304,MÆRSK INSPIRER,16.29166,60.394487291666664,%,production,OP,3796.7905106222534,211.92027313490462,3277.8577957439247,285.907587618235,90.98360729633045,518.9327148783289,,183.63771556314703,1851.7200639999999,1638.4322162930002,11473.0537267,0.8848163651441648,0.8610317823712397
2014-04-11,NO 15/9-F-14 H,5351,15/9-F-14,3420717,VOLVE,369304,MÆRSK INSPIRER,24.0,100.0,%,production,OP,3711.7727525663754,211.978905125,3240.14946993575,303.9444006085,40.76119548725,471.62328263062494,,190.277832125,3682.683755,3029.4860185270004,22799.240389900002,0.8226299677277069,0.8609359450299148
2014-04-12,NO 15/9-F-14 H,5351,15/9-F-14,3420717,VOLVE,369304,MÆRSK INSPIRER,24.0,100.0,%,production,OP,3714.905416241875,212.00717187499998,3244.170893237375,303.305215120875,39.654446768750006,470.73452300450003,,187.3064195,3676.7084354999997,3028.116161314,22765.0238235,0.8235943138913061,0.8609505459216442
2014-04-13,NO 15/9-F-14 H,5351,15/9-F-14,3420717,VOLVE,369304,MÆRSK INSPIRER,24.0,100.0,%,production,OP,3715.4575849727503,212.014315625,3244.27298488125,303.272209911,40.242868956375,471.1846000915,,189.99998787500002,3630.4154339000006,3002.3392554899997,22953.5923273,0.8269960587581335,0.8634361129250542
2014-04-14,NO 15/9-F-14 H,5351,15/9-F-14,3420717,VOLVE,369304,MÆRSK INSPIRER,24.0,97.91666666666667,%,production,OP,3717.052305427404,211.99992570212765,3245.767584112979,302.055006269234,40.220108212468084,471.2847213144255,,190.67736085106384,3676.7084354999997,3031.1447499860005,22845.2817991,0.8244180367197901,0.8613713223262013
2014-04-15,NO 15/9-F-14 H,5351,15/9-F-14,3420717,VOLVE,369304,MÆRSK INSPIRER,24.0,100.0,%,production,OP,3719.11787271925,212.000178125,3247.856629109625,303.85638067225,40.64334002575,471.261243609625,,190.88599250000001,3633.4974408,2996.962945562,23065.173556700003,0.8248149322769712,0.8639071794569763
2014-04-16,NO 15/9-F-14 H,5351,15/9-F-14,3420717,VOLVE,369304,MÆRSK INSPIRER,24.0,100.0,%,production,OP,3711.0354156338753,211.524302,3241.0404988022497,302.2059509675,39.282197676875,469.994916831625,,188.04189125,3627.2705289000005,3010.928496824,23072.5955325,0.8300810410568105,0.8641464897030346
2014-04-17,NO 15/9-F-14 H,5351,15/9-F-14,3420717,VOLVE,369304,MÆRSK INSPIRER,24.0,100.0,%,production,OP,3722.7769427508747,212.01648799999998,3251.884527753625,302.9585773225,40.00404878125,470.89241499725,,189.4290875,3670.8589122000003,3018.9763638070003,23040.1401129,0.8224168882583621,0.8625712610467867
2014-04-18,NO 15/9-F-14 H,5351,15/9-F-14,3420717,VOLVE,369304,MÆRSK INSPIRER,24.0,100.0,%,production,OP,3723.787706529625,212.020886,3252.797560093375,304.392117806375,40.203306820250006,470.99014643625,,191.21030975,3635.51018,3006.8948517900003,23075.2372527,0.827090202726375,0.8638933564416355
2014-04-19,NO 15/9-F-14 H,5351,15/9-F-14,3420717,VOLVE,369304,MÆRSK INSPIRER,24.0,100.0,%,production,OP,3725.17502219425,212.025165125,3255.0879095406253,306.01854976537504,39.620465574,470.087112653625,,191.17485912499998,3641.4854995000005,2993.7584896840003,23142.5382197,0.8221256105770743,0.8640426271393413
2014-04-20,NO 15/9-F-14 H,5351,15/9-F-14,3420717,VOLVE,369304,MÆRSK INSPIRER,24.0,100.0,%,production,OP,3726.20948155625,212.02608800000002,3255.80073807275,305.872478369625,39.739127809375,470.40874348349996,,190.95801275,3615.0053994,2973.447946273,23123.857484,0.8225293236813748,0.864803323343856
2014-04-21,NO 15/9-F-14 H,5351,15/9-F-14,3420717,VOLVE,369304,MÆRSK INSPIRER,24.0,100.0,%,production,OP,3717.4321202182505,212.03465675,3253.4152708921247,306.042372256875,40.7717893045,464.016849326125,,191.13265475,3619.4711645,3051.823625718,21372.208297099998,0.8431683765436446,0.8551729518593835
2014-04-22,NO 15/9-F-14 H,5351,15/9-F-14,3420717,VOLVE,369304,MÆRSK INSPIRER,24.0,100.0,%,production,OP,3713.6224372884994,212.05355000000003,3255.195008017125,306.154855269125,41.28041944075,458.427429271375,,190.79804562500001,3493.0459835,2718.246973017,19378.5272214,0.7781881446328232,0.847275657332061
2014-04-23,NO 15/9-F-14 H,5351,15/9-F-14,3420717,VOLVE,369304,MÆRSK INSPIRER,24.0,100.0,%,production,OP,3716.761026370625,212.05355000000003,3258.859381000625,304.28503443799997,40.32884929575,457.90164537,,187.012142375,3656.8955339999998,2822.917271788,21561.1541895,0.7719436460631474,0.8549889632982903
2014-04-24,NO 15/9-F-14 H,5351,15/9-F-14,3420717,VOLVE,369304,MÆRSK INSPIRER,24.0,100.0,%,production,OP,3718.6515060518755,212.05355000000003,3260.615918088875,303.249943556375,40.335445503125,458.035587963,,185.298414875,4494.0063469,3493.1214141230002,24881.9222771,0.7772844861540043,0.8470173860911271
2014-04-25,NO 15/9-F-14 H,5351,15/9-F-14,3420717,VOLVE,369304,MÆRSK INSPIRER,24.0,100.0,%,production,OP,3717.974371975875,212.05355000000003,3259.1095866587502,305.3841686615,40.489663199875004,458.864785317125,,190.834056875,3710.7363076,2875.122639651,24083.8082862,0.774811897510052,0.8664940778188632
2014-04-26,NO 15/9-F-14 H,5351,15/9-F-14,3420717,VOLVE,369304,MÆRSK INSPIRER,24.0,100.0,%,production,OP,3720.1239560008753,212.05330175,3262.0148095988748,304.7107088815,39.456318817500005,458.10914640199996,,188.24184350000002,3671.4249951,2854.996438974,23935.934853100003,0.7776262466983169,0.867012817767166
2014-04-27,NO 15/9-F-14 H,5351,15/9-F-14,3420717,VOLVE,369304,MÆRSK INSPIRER,24.0,100.0,%,production,OP,3721.902943762875,212.036670125,3262.5814035675,306.121139977375,40.038658474,459.321540195375,,190.853607875,3678.4066842,2880.433617384,23214.179155600003,0.7830655674252758,0.8632185574822597
2014-04-28,NO 15/9-F-14 H,5351,15/9-F-14,3420717,VOLVE,369304,MÆRSK INSPIRER,24.0,100.0,%,production,OP,3723.2320659516245,212.032958,3263.6563798991247,308.14377647124996,40.323286484125,459.57568605250003,,192.18647375,3664.3175098,2854.254830274,23091.9052492,0.7789321811334483,0.8630480265168434
2014-04-29,NO 15/9-F-14 H,5351,15/9-F-14,3420717,VOLVE,369304,MÆRSK INSPIRER,24.0,100.0,%,production,OP,3724.7528619006252,212.032958,3265.721376553875,306.49171206737503,40.04514288125,459.03148534675,,191.398907375,3488.6431165,2739.3344398280005,23117.8192664,0.7852148667405833,0.8688798583481676
2014-04-30,NO 15/9-F-14 H,5351,15/9-F-14,3420717,VOLVE,369304,MÆRSK INSPIRER,24.0,100.0,%,production,OP,3726.9860452245002,212.032958,3267.80056578125,305.8102419595,39.782772160875,459.18547944324996,,191.720262125,3392.2203292000004,2663.4353802940004,23118.9514322,0.7851599017219875,0.8720456281702704
2014-05-01,NO 15/9-F-14 H,5351,15/9-F-14,3420717,VOLVE,369304,MÆRSK INSPIRER,24.0,100.0,%,production,OP,3729.08924730575,212.032958,3270.202978234875,305.73712467775,39.681215344624995,458.886269070875,,191.30766875,3350.0786022,2620.4376141620005,23079.3885273,0.78220183026188,0.873244565023382
2014-05-02,NO 15/9-F-14 H,5351,15/9-F-14,3420717,VOLVE,369304,MÆRSK INSPIRER,24.0,100.0,%,production,OP,3733.262060063125,212.029725875,3272.682445147625,306.25055919775,39.764367443000005,460.5796149155,,191.803822625,3335.6120392000003,2613.360195135,22965.983253000002,0.7834724675480479,0.8731783375820854
2014-05-03,NO 15/9-F-14 H,5351,15/9-F-14,3420717,VOLVE,369304,MÆRSK INSPIRER,24.0,100.0,%,production,OP,3733.14008612675,212.03946575,3274.53997400825,307.959451303,39.594379885375,458.6001121185,,191.948332625,3327.7497767000004,2561.590257523,23134.550161,0.7697664876904384,0.874245633050245
2014-05-04,NO 15/9-F-14 H,5351,15/9-F-14,3420717,VOLVE,369304,MÆRSK INSPIRER,24.0,100.0,%,production,OP,3735.30267522575,212.052332375,3278.181010981875,307.3674907925,38.367119697,457.121664243875,,190.994238875,3295.3572551999996,2572.2782514780006,23153.3566929,0.7805764450634308,0.8754057659791534
2014-05-05,NO 15/9-F-14 H,5351,15/9-F-14,3420717,VOLVE,369304,MÆRSK INSPIRER,24.0,100.0,%,production,OP,3737.8059465002502,212.057810375,3281.1341115701252,306.281388837625,37.710103600249994,456.671834930125,,190.086362375,3424.0467678,2783.3535070840003,22336.2474758,0.8128841969271189,0.8670804480950103
2014-05-06,NO 15/9-F-14 H,5351,15/9-F-14,3420717,VOLVE,369304,MÆRSK INSPIRER,24.0,100.0,%,production,OP,3740.932708942125,212.07074562500003,3283.809591296625,306.387079236875,37.497335875875,457.12311764550003,,189.65914137500002,3370.0801979999997,2734.942350589,22367.193341,0.8115362810095952,0.8690583836359638
2014-05-07,NO 15/9-F-14 H,5351,15/9-F-14,3420717,VOLVE,369304,MÆRSK INSPIRER,24.0,100.0,%,production,OP,3755.90694876,212.059938125,3289.146415587875,308.439161466375,36.42694032775,466.760533172125,,191.25645949999998,3358.5698457000003,2751.171927268,22217.873251600002,0.8191498327153578,0.8686850304820317
2014-05-08,NO 15/9-F-14 H,5351,15/9-F-14,3420717,VOLVE,369304,MÆRSK INSPIRER,15.49166,63.679336041666666,%,production,OP,3781.124291068033,212.03456089030615,3294.186713342261,307.85638946392135,41.52300884526704,486.93757772577214,,190.72732170135544,1653.9684376,1296.2762103740001,12693.3397648,0.7837369691618595,0.884719250868025
2014-05-09,NO 15/9-F-14 H,5351,15/9-F-14,3420717,VOLVE,369304,MÆRSK INSPIRER,0.0,1.28494125,%,production,OP,4384.043610756,210.341246,3342.3759085019997,94.422783798,618.8825124059999,1041.667702254,,58.557326,0.0,0.0,0.0,,
2014-05-10,NO 15/9-F-14 H,5351,15/9-F-14,3420717,VOLVE,369304,MÆRSK INSPIRER,14.00834,24.505812708333334,%,production,OP,3946.664612555633,211.86360560548073,3370.3883594019385,250.80673397954126,155.80830113313186,576.2762531536949,,170.50615957259606,674.9595111,209.364611538,9343.7014493,0.3101884010742996,0.9326297682127521
2014-05-11,NO 15/9-F-14 H,5351,15/9-F-14,3420717,VOLVE,369304,MÆRSK INSPIRER,24.0,93.83944791666667,%,production,OP,3748.9078499939997,211.95941299999998,3287.300075804625,303.454652606875,37.51697946,461.607774189375,,189.15970175,2952.5626102,2370.223076546,20331.9366212,0.8027680999406296,0.8731962160380774
2014-05-12,NO 15/9-F-14 H,5351,15/9-F-14,3420717,VOLVE,369304,MÆRSK INSPIRER,24.0,100.0,%,production,OP,3734.4997992470003,211.8665795,3277.775448474375,305.701955984375,32.585131481000005,456.724350772625,,190.80197375,3013.8253596000004,2447.667860499,19707.295590100002,0.8121465474774088,0.8673557802772142
2014-05-13,NO 15/9-F-14 H,5351,15/9-F-14,3420717,VOLVE,369304,MÆRSK INSPIRER,24.0,97.91666666666667,%,production,OP,3717.846521171745,211.82969548936168,3265.151937500298,303.27760871910635,30.246739867787237,452.6945836714468,,190.1577525531915,3026.3420815,2457.54644153,19110.8958059,0.8120517692143785,0.8632917938139644
2014-05-14,NO 15/9-F-14 H,5351,15/9-F-14,3420717,VOLVE,369304,MÆRSK INSPIRER,24.0,97.91666666666667,%,production,OP,3694.28870859217,211.73739417021275,3248.009313042383,300.7662356322127,30.382097352765957,446.27939554978724,,190.3349483829787,3065.9678845,2483.043301783,18563.3678454,0.8098725737917951,0.8582495587110583
2014-05-15,NO 15/9-F-14 H,5351,15/9-F-14,3420717,VOLVE,369304,MÆRSK INSPIRER,24.0,97.91666666666667,%,production,OP,3695.4760544643827,211.71694348936168,3251.1297624095746,300.72838688604253,29.007691548808513,444.34629205480854,,188.98001140425532,2870.2918953999997,2312.734276416,19870.453261500003,0.8057488090749393,0.8737819769934365
2014-05-16,NO 15/9-F-14 H,5351,15/9-F-14,3420717,VOLVE,369304,MÆRSK INSPIRER,24.0,97.91666666666667,%,production,OP,3708.9460698891066,211.7532590638298,3259.0471430422976,302.188762164383,28.979030599914893,449.8989268468085,,189.32179731914894,2832.8046278,2265.821522642,19216.6904101,0.7998509676262681,0.8715251926209283
2014-05-17,NO 15/9-F-14 H,5351,15/9-F-14,3420717,VOLVE,369304,MÆRSK INSPIRER,24.0,100.0,%,production,OP,3709.681612812125,211.8226805,3260.0832207095,304.67987924162503,29.706323586625,449.598392102625,,189.945738875,2866.8324999,2263.233308279,19417.272451,0.789454322273082,0.871350789891868
2014-05-18,NO 15/9-F-14 H,5351,15/9-F-14,3420717,VOLVE,369304,MÆRSK INSPIRER,24.0,97.91666666666667,%,production,OP,3705.5173561395322,211.868899106383,3262.1692402880426,303.7859607372766,29.239185569106382,443.34811585148935,,187.66782480851066,2865.4487417,2262.6541471990004,19987.8840142,0.7896334400512164,0.8746157170025788
2014-05-19,NO 15/9-F-14 H,5351,15/9-F-14,3420717,VOLVE,369304,MÆRSK INSPIRER,24.0,97.91666666666667,%,production,OP,3708.0332468772503,211.88756395744682,3263.783409014125,305.50332175021276,29.980134500699467,444.249837863125,,187.82232340425531,2835.8237366000003,2210.648307391,20094.056007,0.7795436221439658,0.8763262708609926
2014-05-20,NO 15/9-F-14 H,5351,15/9-F-14,3420717,VOLVE,369304,MÆRSK INSPIRER,24.0,100.0,%,production,OP,3710.395955178375,211.91441225,3265.503547607625,306.29101875649997,30.469356418125,444.89240757075004,,189.563102,2855.6995362,2239.257099008,20209.3482243,0.7841361006724528,0.8761893074814906
2014-05-21,NO 15/9-F-14 H,5351,15/9-F-14,3420717,VOLVE,369304,MÆRSK INSPIRER,24.0,100.0,%,production,OP,3712.24919937475,211.937724125,3267.2003532128747,306.8567394755,30.48099873925,445.048846161875,,189.285446,2858.4041545,2265.4994525780003,20205.0082554,0.792574922972811,0.8760632596903559
2014-05-22,NO 15/9-F-14 H,5351,15/9-F-14,3420717,VOLVE,369304,MÆRSK INSPIRER,24.0,100.0,%,production,OP,3720.3924878146254,212.00347175000002,3272.664206619125,309.606789885375,32.312958609125005,447.7282811955,,190.033473125,2887.2743824000004,2361.19381405,20889.6540739,0.8177933584847921,0.8785682352661082
2014-05-23,NO 15/9-F-14 H,5351,15/9-F-14,3420717,VOLVE,369304,MÆRSK INSPIRER,24.0,100.0,%,production,OP,3731.304766209875,212.08214487499998,3281.496615921375,311.262229444375,33.716557810875,449.80815028850003,,189.36601775000003,2917.9057571000003,2383.468914222,22075.0945646,0.8168423220737747,0.883251081521151
2014-05-24,NO 15/9-F-14 H,5351,15/9-F-14,3420717,VOLVE,369304,MÆRSK INSPIRER,24.0,100.0,%,production,OP,3741.098964792875,212.14454112500002,3288.2717941451247,317.436717683,36.487671968625,452.82717064775,,192.2137355,2943.63108,2399.514501314,23847.7517169,0.8151546291303596,0.8901276913433298
2014-05-25,NO 15/9-F-14 H,5351,15/9-F-14,3420717,VOLVE,369304,MÆRSK INSPIRER,24.0,100.0,%,production,OP,3745.129685634625,212.1820625,3290.690079194875,318.02307307912497,37.467651431875,454.43960643975,,192.06680562499997,2954.1979608,2338.2569164,23945.4324662,0.7915031245119395,0.890177005635186
2014-05-26,NO 15/9-F-14 H,5351,15/9-F-14,3420717,VOLVE,369304,MÆRSK INSPIRER,24.0,97.91666666666667,%,production,OP,3747.9840597691914,212.1982650212766,3292.2406724166385,317.33286173157444,36.78793823821277,455.7433873525532,,190.854538625,2819.5960268,2318.601460674,20226.3936094,0.822316898816677,0.8776535062581535
2014-05-27,NO 15/9-F-14 H,5351,15/9-F-14,3420717,VOLVE,369304,MÆRSK INSPIRER,24.0,100.0,%,production,OP,3749.2732702133753,212.2138565,3292.082202264875,317.89284406325,37.25212194225,457.1910679485,,191.9212085,2825.3197539000003,2345.6638215780004,21661.6024552,0.830229505294084,0.8846192375761281
2014-05-28,NO 15/9-F-14 H,5351,15/9-F-14,3420717,VOLVE,369304,MÆRSK INSPIRER,24.0,100.0,%,production,OP,3735.71448645375,210.83376125,3278.48923184,319.030754800375,37.175439143,457.22525461375,,191.74100637499998,2616.7496542999997,2161.487066668,22545.823945,0.8260198155051305,0.8960062791680103
2014-05-29,NO 15/9-F-14 H,5351,15/9-F-14,3420717,VOLVE,369304,MÆRSK INSPIRER,24.0,100.0,%,production,OP,3752.63017170175,212.225892125,3294.968053567125,320.424576023625,37.376706562624996,457.662118134625,,192.529578875,2630.9017268,2173.608484296,22596.5827117,0.8261838373338971,0.8957128788162111
2014-05-30,NO 15/9-F-14 H,5351,15/9-F-14,3420717,VOLVE,369304,MÆRSK INSPIRER,24.0,100.0,%,production,OP,3754.8722114084994,212.214646625,3296.749371002,319.264682964625,37.451117099875,458.12284040649996,,192.442932875,2646.7520480000003,2194.562108394,22804.0206455,0.8291528895017973,0.8960050415806837
2014-05-31,NO 15/9-F-14 H,5351,15/9-F-14,3420717,VOLVE,369304,MÆRSK INSPIRER,24.0,100.0,%,production,OP,3756.676517366375,212.214236,3298.40612194625,318.6064854125,38.846527697875004,458.270395420125,,192.40783437500002,2697.5108147,2237.342689121,23157.1305789,0.8294100905652247,0.8956662839126542
2014-06-01,NO 15/9-F-14 H,5351,15/9-F-14,3420717,VOLVE,369304,MÆRSK INSPIRER,24.0,100.0,%,production,OP,3758.406361419375,212.21357637499997,3300.2558459495,319.87710591962497,37.703803512125,458.15051546987496,,192.505246625,2713.8643207,2251.987695211,23350.856726899998,0.8298085051761667,0.8958797864844256
2014-06-02,NO 15/9-F-14 H,5351,15/9-F-14,3420717,VOLVE,369304,MÆRSK INSPIRER,22.0,72.32316166666666,%,production,OP,3849.048863239691,212.09268744297907,3329.751383191602,304.2772626625622,88.3475192145861,519.2974800480885,,184.74428175350002,2048.9056075,1707.746496865,16022.9135864,0.8334920313624062,0.886624274760806
2014-06-03,NO 15/9-F-14 H,5351,15/9-F-14,3420717,VOLVE,369304,MÆRSK INSPIRER,24.0,96.17584333333333,%,production,OP,3763.0459004174995,212.18463875,3302.6736173229997,316.50583056112504,37.900187985749994,460.3722830945,,189.33578975,2588.5713055,2131.3117149590003,22731.7507286,0.8233544544168248,0.8977670464848805
2014-06-04,NO 15/9-F-14 H,5351,15/9-F-14,3420717,VOLVE,369304,MÆRSK INSPIRER,24.0,99.185055,%,production,OP,3763.286732994875,212.16591050000002,3304.92322317875,317.937325404875,35.758701915749995,458.36350981612503,,190.265779625,2652.7273675,2196.462392401,23285.3798048,0.8280015576840088,0.8977285678604598
2014-06-05,NO 15/9-F-14 H,5351,15/9-F-14,3420717,VOLVE,369304,MÆRSK INSPIRER,24.0,99.13853145833333,%,production,OP,3765.2156991137504,212.166853625,3306.09348645475,319.07937576825,36.45851026575,459.12221265899996,,191.92352524999998,2799.9718196000003,2309.908747269,23314.1242365,0.8249757126480615,0.8927792938501521
2014-06-06,NO 15/9-F-14 H,5351,15/9-F-14,3420717,VOLVE,369304,MÆRSK INSPIRER,24.0,99.19029541666667,%,production,OP,3766.1829726438746,212.148551,3307.240885094375,320.18833631625,36.234073025625,458.9420875495,,192.68212212500003,2801.2297816,2274.716236131,23289.153690799998,0.8120420006500619,0.8926336293767659
2014-06-07,NO 15/9-F-14 H,5351,15/9-F-14,3420717,VOLVE,369304,MÆRSK INSPIRER,24.0,99.26899375,%,production,OP,3767.2770970131255,212.13672425,3308.822204192125,319.85051259799997,35.9885811025,458.454892821,,192.2395445,2822.3635432,2289.350294664,23304.6266234,0.811146494639146,0.8919751748975652
2014-06-08,NO 15/9-F-14 H,5351,15/9-F-14,3420717,VOLVE,369304,MÆRSK INSPIRER,24.0,100.0,%,production,OP,3768.0275689495,212.12421125,3310.6936748305,318.470013719375,34.973641438,457.33389411900004,,190.599661625,2843.8117953,2310.7679539200003,23393.438740600002,0.8125600849321437,0.891611669012008
2014-06-09,NO 15/9-F-14 H,5351,15/9-F-14,3420717,VOLVE,369304,MÆRSK INSPIRER,24.0,100.0,%,production,OP,3769.827366642875,212.12358799999998,3312.9619361990003,319.7028760005,34.475064248125,456.865430443875,,192.19364149999998,3205.6016664999997,2635.5081623870005,23562.0685467,0.82215709766103,0.8802435310593743
2014-06-10,NO 15/9-F-14 H,5351,15/9-F-14,3420717,VOLVE,369304,MÆRSK INSPIRER,24.0,100.0,%,production,OP,3771.027634655125,212.12358799999998,3314.40424846025,318.24381789349997,34.0924751555,456.62338619487497,,190.760712875,2839.2831321000003,2346.770584276,23187.9506479,0.8265363033873532,0.8909110681488641
2014-06-11,NO 15/9-F-14 H,5351,15/9-F-14,3420717,VOLVE,369304,MÆRSK INSPIRER,24.0,100.0,%,production,OP,3771.3592549772497,212.11309699999998,3314.46498312275,318.553368266625,34.396399262875,456.8942718545,,191.52677,2846.5164136,2331.000098697,22389.207675999998,0.8188957167294094,0.88720290317435
2014-06-12,NO 15/9-F-14 H,5351,15/9-F-14,3420717,VOLVE,369304,MÆRSK INSPIRER,24.0,100.0,%,production,OP,3771.5197697404997,212.107118,3313.908106700125,319.784299729375,35.0569778555,457.611663040375,,192.8717165,2842.3022409,2311.038817669,22401.347009300003,0.8130869350956925,0.8874052553682396
2014-06-13,NO 15/9-F-14 H,5351,15/9-F-14,3420717,VOLVE,369304,MÆRSK INSPIRER,24.0,100.0,%,production,OP,3772.2863680895,212.091345875,3315.2109649243753,318.34319913975,34.7184833365,457.075403165125,,192.814343,3164.4034110000002,2610.249676359,22991.142493000003,0.8248789226068117,0.8790159676798769
2014-06-14,NO 15/9-F-14 H,5351,15/9-F-14,3420717,VOLVE,369304,MÆRSK INSPIRER,24.0,100.0,%,production,OP,3772.768193390375,212.086170125,3316.1509713105,316.932864735875,34.293500845125,456.617222079875,,192.559038875,3113.7704405,2581.9046855510005,22699.3582071,0.8291891566471439,0.8793726059708185
2014-06-15,NO 15/9-F-14 H,5351,15/9-F-14,3420717,VOLVE,369304,MÆRSK INSPIRER,24.0,100.0,%,production,OP,3772.9429309425004,212.07192912500003,3316.618208205875,316.8549340055,34.149831641249996,456.324722736625,,192.57464975,3120.374741,2586.364579014,22701.3080482,0.8288634518894793,0.879156801418647
2014-06-16,NO 15/9-F-14 H,5351,15/9-F-14,3420717,VOLVE,369304,MÆRSK INSPIRER,24.0,100.0,%,production,OP,3773.079346124809,212.06997059574468,3317.018368755064,315.931692816383,33.976837759619684,456.0609773697447,,192.47127531914893,3150.8174214,2596.0845970420005,22612.055644300002,0.8239400288349569,0.8776992995554167
2014-06-17,NO 15/9-F-14 H,5351,15/9-F-14,3420717,VOLVE,369304,MÆRSK INSPIRER,24.0,100.0,%,production,OP,3773.3776611961252,212.056578125,3317.369009499375,316.201574075,33.670641197375,456.00865169674995,,192.65952875,3081.4408171,2549.348769915,22534.942573700002,0.8273236194470347,0.8797082019702015
2014-06-18,NO 15/9-F-14 H,5351,15/9-F-14,3420717,VOLVE,369304,MÆRSK INSPIRER,24.0,100.0,%,production,OP,3773.70495455125,212.051079125,3317.844172117125,316.31957457450005,33.74870487925,455.860782434125,,192.734348375,3062.508489,2528.4223381360002,22753.5134712,0.8256050055755455,0.8813717894367535
2014-06-19,NO 15/9-F-14 H,5351,15/9-F-14,3420717,VOLVE,369304,MÆRSK INSPIRER,24.0,100.0,%,production,OP,3774.692116417125,212.03572962500002,3319.142673158125,314.55915469812504,33.343843388749995,455.549443259,,192.330035,3042.5068932000004,2527.378082457,23617.3559766,0.830689352949598,0.885876873858698
2014-06-20,NO 15/9-F-14 H,5351,15/9-F-14,3420717,VOLVE,369304,MÆRSK INSPIRER,24.0,100.0,%,production,OP,3775.835290825,212.032958,3320.2919995945,315.08329785712505,33.219935612375,455.5432912305,,192.5765375,3033.9527516000003,2513.6381921280004,22771.2507354,0.8285027480412791,0.8824286445511492
2014-06-21,NO 15/9-F-14 H,5351,15/9-F-14,3420717,VOLVE,369304,MÆRSK INSPIRER,24.0,100.0,%,production,OP,3776.3219386393753,212.0235875,3320.962742933625,315.83771603574996,33.243217232999996,455.35919570575,,192.67196187500002,3009.6111869,2485.7582959190004,22496.8263251,0.8259400107026497,0.8820058196883014
2014-06-22,NO 15/9-F-14 H,5351,15/9-F-14,3420717,VOLVE,369304,MÆRSK INSPIRER,24.0,100.0,%,production,OP,3777.619980393375,212.01648799999998,3322.1020013155,315.5934176545,33.3391719565,455.517979077875,,192.69974225,2982.7536982,2440.7225184500003,23008.753961,0.8182782641164441,0.885241220428234
2014-06-23,NO 15/9-F-14 H,5351,15/9-F-14,3420717,VOLVE,369304,MÆRSK INSPIRER,24.0,100.0,%,production,OP,3784.3781136304997,212.007708875,3324.484392481875,316.948181353,33.280975459,459.893721148625,,192.75564012499999,2933.3157916,2421.2450488120007,22849.3072775,0.8254293846389154,0.8862289618966067
2014-06-24,NO 15/9-F-14 H,5351,15/9-F-14,3420717,VOLVE,369304,MÆRSK INSPIRER,24.0,100.0,%,production,OP,3779.6425745845004,212.01648799999998,3323.873570988125,315.90500460287495,33.76950574575,455.769003596375,,192.70202525,2773.5546176,2286.419880858,21592.5403414,0.8243644694606644,0.8861715583778621
2014-06-25,NO 15/9-F-14 H,5351,15/9-F-14,3420717,VOLVE,369304,MÆRSK INSPIRER,24.0,100.0,%,production,OP,3780.945423422426,212.01615519148936,3325.198666250809,316.94069440914893,33.874874695531915,455.74675717161705,,192.87150378723405,2910.4837813000004,2412.330559091,21696.5737988,0.8288417803907175,0.8817215844752709
2014-06-26,NO 15/9-F-14 H,5351,15/9-F-14,3420717,VOLVE,369304,MÆRSK INSPIRER,16.5,51.03020479166667,%,production,OP,2535.1648028946056,151.83314906098184,2007.9366734039468,284.3433673015727,118.45967494283562,527.2281294906591,,178.34064462541454,1155.2494027,971.996505595,8704.0277723,0.8413737356827806,0.8828261562998405
2014-06-27,NO 15/9-F-14 H,5351,15/9-F-14,3420717,VOLVE,369304,MÆRSK INSPIRER,23.5,74.26816416666666,%,production,OP,2134.969630541949,130.34787394042553,1620.9044617107,305.33285149120854,83.50644734751702,514.0651688312489,,188.6406451106383,1867.0043022999998,1583.5326899670001,14302.5247552,0.8481676705384206,0.8845356413498007
2014-06-28,NO 15/9-F-14 H,5351,15/9-F-14,3420717,VOLVE,369304,MÆRSK INSPIRER,24.0,91.18342333333334,%,production,OP,3780.725604446808,211.9314150212766,3322.3236612965106,317.4027700475745,36.83716475259575,458.4019431502979,,192.52344621276595,2481.8961279,2086.646035546,20915.064906300002,0.8407467226727042,0.893922286562253
2014-06-29,NO 15/9-F-14 H,5351,15/9-F-14,3420717,VOLVE,369304,MÆRSK INSPIRER,24.0,97.91666666666667,%,production,OP,3779.519422150085,211.9297720425532,3325.6701971324683,317.08613049217024,32.399292028595745,453.849225017617,,192.43257072340427,2717.3237162,2284.063684074,21027.778301500002,0.8405563424250806,0.8855627693587309
2014-06-30,NO 15/9-F-14 H,5351,15/9-F-14,3420717,VOLVE,369304,MÆRSK INSPIRER,24.0,97.91666666666667,%,production,OP,3780.503866032128,211.9229044680851,3326.8068815398724,316.11218489259574,32.076823179957444,453.6969844922553,,192.45468965957446,2784.1214984,2347.833909893,20991.1087092,0.8432943430242793,0.8828982317273198
2014-07-01,NO 15/9-F-14 H,5351,15/9-F-14,3420717,VOLVE,369304,MÆRSK INSPIRER,24.0,100.0,%,production,OP,3779.937856844375,211.90937000000002,3325.8139044602503,316.444509703375,32.645621391875004,454.123952384125,,192.51119412500003,2761.6039786,2320.778965076,20890.1572587,0.8403735593734635,0.8832389710477538
2014-07-02,NO 15/9-F-14 H,5351,15/9-F-14,3420717,VOLVE,369304,MÆRSK INSPIRER,24.0,100.0,%,production,OP,3780.8443866471252,211.90937000000002,3327.0458632755,316.98594864387496,32.160813747125,453.79852337162504,,191.59708849999998,2761.7926729,2318.428771791,20863.4884643,0.839465175840499,0.8831001139473713
2014-07-03,NO 15/9-F-14 H,5351,15/9-F-14,3420717,VOLVE,369304,MÆRSK INSPIRER,24.0,100.0,%,production,OP,3781.6772764270004,211.90937000000002,3327.7079798752497,316.8104556855,32.341923906374994,453.96929655175,,191.45180262499997,2764.371495,2316.835725674,20895.1262086,0.8381057791489057,0.8831601782239283
2014-07-04,NO 15/9-F-14 H,5351,15/9-F-14,3420717,VOLVE,369304,MÆRSK INSPIRER,24.0,100.0,%,production,OP,3782.450449832,211.916291,3329.713520014875,315.1958443235,31.173237918625,452.73692981712503,,190.04226350000002,2742.0426695,2299.034997992,20951.1055176,0.838438811899021,0.8842685384041562
2014-07-05,NO 15/9-F-14 H,5351,15/9-F-14,3420717,VOLVE,369304,MÆRSK INSPIRER,24.0,100.0,%,production,OP,3782.8437475636247,211.92584,3329.57843826925,315.563893356625,31.668207288250002,453.26530929437496,,190.221334625,2737.5140063000003,2287.7685492510004,21031.0490027,0.8357102626638715,0.8848262721956125
2014-07-06,NO 15/9-F-14 H,5351,15/9-F-14,3420717,VOLVE,369304,MÆRSK INSPIRER,24.0,100.0,%,production,OP,3783.6829857776247,211.93010787499998,3329.3854229075,318.151534444375,32.54036912825,454.29756287012503,,191.905560125,2733.9917127000003,2284.715240289,21100.9916899,0.835670141089305,0.8852950024541755
2014-07-07,NO 15/9-F-14 H,5351,15/9-F-14,3420717,VOLVE,369304,MÆRSK INSPIRER,24.0,100.0,%,production,OP,3783.97556670475,211.94039187500002,3329.8073324062498,317.676438302375,32.51683671275,454.1682342985,,192.134804375,2784.3730908,2331.410808658,20744.1707686,0.8373198320158107,0.8816597785464908
2014-07-08,NO 15/9-F-14 H,5351,15/9-F-14,3420717,VOLVE,369304,MÆRSK INSPIRER,24.0,100.0,%,production,OP,3784.4399723375,211.942328,3329.775297138,319.196690358875,32.98327892075,454.6646751995,,192.92474375,2800.9781892,2340.484920823,20651.836357800003,0.8355955536702969,0.8805696355298094
2014-07-09,NO 15/9-F-14 H,5351,15/9-F-14,3420717,VOLVE,369304,MÆRSK INSPIRER,24.0,100.0,%,production,OP,3784.3240809322506,211.94919499999997,3329.363283461125,317.63088126225,33.053413858625,454.96079747112503,,192.670596875,2792.1724552,2338.4066507280004,20639.508330200002,0.8374864691373453,0.8808377221944842
2014-07-10,NO 15/9-F-14 H,5351,15/9-F-14,3420717,VOLVE,369304,MÆRSK INSPIRER,24.0,100.0,%,production,OP,3781.0127908732497,211.9527815,3326.903432937875,318.291272514125,32.71208203375,454.109357935375,,192.35732149999998,2836.2011252,2377.7987859900004,20169.4708289,0.8383745302344612,0.8767173099373634
2014-07-11,NO 15/9-F-14 H,5351,15/9-F-14,3420717,VOLVE,369304,MÆRSK INSPIRER,24.0,100.0,%,production,OP,3778.9131331581248,211.93639100000001,3325.237858848625,317.81006664637505,32.09784610375,453.6752743095,,192.193637375,2845.1955535,2368.190715561,24003.424514399998,0.8323472573432728,0.8940282388329636
2014-07-12,NO 15/9-F-14 H,5351,15/9-F-14,3420717,VOLVE,369304,MÆRSK INSPIRER,24.0,100.0,%,production,OP,3774.5634374948754,211.9142105,3322.210613626125,316.673210456375,30.9277218225,452.35282386874997,,191.95401199999998,2790.9773913000004,2330.395511033,19086.8687317,0.8349747003674338,0.8724290601730731
2014-07-13,NO 15/9-F-14 H,5351,15/9-F-14,3420717,VOLVE,369304,MÆRSK INSPIRER,24.0,100.0,%,production,OP,3770.9589168593748,211.883894,3319.8563024208747,315.09883203125,29.869207303875,451.1026144385,,190.878503,2780.4105105000003,2318.17697798,18899.4323937,0.8337534940346356,0.8717513534214144
2014-07-14,NO 15/9-F-14 H,5351,15/9-F-14,3420717,VOLVE,369304,MÆRSK INSPIRER,24.0,100.0,%,production,OP,3768.8533609322494,211.86084424999999,3317.5826776679996,315.66564960012505,30.0820052445,451.27068326425,,192.75204912499998,2742.9861410000003,2287.9839689210003,19668.2987681,0.834121592786057,0.8776069220428221
2014-07-15,NO 15/9-F-14 H,5351,15/9-F-14,3420717,VOLVE,369304,MÆRSK INSPIRER,24.0,100.0,%,production,OP,3770.124561591375,211.858504625,3319.442379077,313.85783855725003,29.71126998675,450.68218251437503,,191.731658,2794.1222963,2321.26348276,19680.9412862,0.8307666009586754,0.8756790037081088
2014-07-16,NO 15/9-F-14 H,5351,15/9-F-14,3420717,VOLVE,369304,MÆRSK INSPIRER,24.0,100.0,%,production,OP,3768.8877651545,211.87229,3318.764081675375,313.32793920262503,29.383030863000002,450.12368347912496,,191.221090625,2774.7496815,2316.0524456280004,19709.0567369,0.8346887869092275,0.8765889711970996
2014-07-17,NO 15/9-F-14 H,5351,15/9-F-14,3420717,VOLVE,369304,MÆRSK INSPIRER,24.0,100.0,%,production,OP,3769.7414497576247,211.87229,3319.0128248670003,312.731056465,29.811778299124995,450.728624890625,,191.34380525,2773.177229,2311.030695288,19657.2916006,0.8333512446016123,0.8763656145545909
2014-07-18,NO 15/9-F-14 H,5351,15/9-F-14,3420717,VOLVE,369304,MÆRSK INSPIRER,24.0,100.0,%,production,OP,3771.342161644625,211.87229,3319.790418909375,315.458692460625,30.53405847425,451.55174273525,,192.798676625,2753.2385313,2300.433813259,19623.0121361,0.8355374178832233,0.8769571108125277
2014-07-19,NO 15/9-F-14 H,5351,15/9-F-14,3420717,VOLVE,369304,MÆRSK INSPIRER,24.0,100.0,%,production,OP,3774.3863823563747,211.87229,3323.298579923625,314.51211706175,29.921777535624997,451.08780243275,,191.91716112499998,2748.3324795,2306.266035964,19618.6092691,0.8391510318226038,0.8771252453558152
2014-07-20,NO 15/9-F-14 H,5351,15/9-F-14,3420717,VOLVE,369304,MÆRSK INSPIRER,23.08334,84.31823645833333,%,production,OP,3827.1191919154517,211.8143512611702,3337.5849319885697,306.5313099547912,58.06813600566265,489.534259926882,,185.66545982755875,2394.9709537,2076.573929959,15585.3315047,0.8670559977985924,0.8668002966445582
2014-07-21,NO 15/9-F-14 H,5351,15/9-F-14,3420717,VOLVE,369304,MÆRSK INSPIRER,24.0,93.47770875,%,production,OP,3781.547156189625,211.86482187500002,3325.990092392375,313.17650744412504,34.497194629625,455.55706379725,,190.511103125,2609.2647804,2193.477593957,18601.6098902,0.840649676657476,0.8769845741431562
2014-07-22,NO 15/9-F-14 H,5351,15/9-F-14,3420717,VOLVE,369304,MÆRSK INSPIRER,24.0,100.0,%,production,OP,3778.494601836125,211.85649425000003,3325.438346689,316.40956461025,31.826773103375,453.056255147125,,192.73241975000002,2806.9535087,2329.660612126,19714.9062602,0.8299605265656675,0.8753675967481128
2014-07-23,NO 15/9-F-14 H,5351,15/9-F-14,3420717,VOLVE,369304,MÆRSK INSPIRER,24.0,100.0,%,production,OP,3778.7566703940006,211.85941325000002,3325.5810580377497,315.845200600875,32.034189529875,453.17561235625,,192.64071274999998,2781.2910839,2345.8432202540002,19483.944437,0.8434367887033948,0.8750836890411849
2014-07-24,NO 15/9-F-14 H,5351,15/9-F-14,3420717,VOLVE,369304,MÆRSK INSPIRER,24.0,100.0,%,production,OP,3779.8115801139998,211.86512562500002,3326.476622363375,317.449617000125,32.0608795435,453.334957750625,,193.133733125,2815.8850389,2363.218758948,19061.3950012,0.8392454685831813,0.8712872425759227
2014-07-25,NO 15/9-F-14 H,5351,15/9-F-14,3420717,VOLVE,369304,MÆRSK INSPIRER,24.0,100.0,%,production,OP,3781.231130474125,211.855951625,3327.624302014125,317.68580231825,32.262872153124995,453.60682846,,193.156028375,2794.4996849000004,2340.1448402620003,19089.57335,0.8374110231276484,0.8723044069335985
2014-07-26,NO 15/9-F-14 H,5351,15/9-F-14,3420717,VOLVE,369304,MÆRSK INSPIRER,24.0,100.0,%,production,OP,3788.2772245737506,211.8430415,3329.4581836375,318.42284917475,31.55760977,458.81904093625,,193.2411785,2776.951115,2338.549322116,20678.693846500002,0.842128372186343,0.8816084094230588
2014-07-27,NO 15/9-F-14 H,5351,15/9-F-14,3420717,VOLVE,369304,MÆRSK INSPIRER,24.0,100.0,%,production,OP,3792.6016383006254,211.83514775,3330.9068624626248,316.73472771974997,30.765137246124997,461.694775838,,192.46034375000002,2794.4367868,2336.875052189,21432.4646769,0.8362597655554883,0.8846556258551264
2014-07-28,NO 15/9-F-14 H,5351,15/9-F-14,3420717,VOLVE,369304,MÆRSK INSPIRER,24.0,100.0,%,production,OP,3793.0045810592496,211.835150375,3330.37641317225,316.7024023755,31.115630638000003,462.628167887,,193.066147625,2773.3659233000003,2323.4300396050003,22115.0977562,0.8377654099248375,0.888568215418441
2014-07-29,NO 15/9-F-14 H,5351,15/9-F-14,3420717,VOLVE,369304,MÆRSK INSPIRER,24.0,100.0,%,production,OP,3793.03212619275,211.83514775,3330.78742669125,315.97464097262497,30.775876101375,462.2446995015,,192.43534400000001,2751.9805693,2306.747375325,22018.674968900003,0.8382135401165822,0.8889015849800165
2014-07-30,NO 15/9-F-14 H,5351,15/9-F-14,3420717,VOLVE,369304,MÆRSK INSPIRER,24.0,100.0,%,production,OP,3785.5013332268745,211.8521105,3329.8691246375,314.9554921845,31.434826038125,455.63220858937495,,191.699957,2633.4176508,2183.514610793,19480.9253282,0.8291562145980433,0.8809181148496827
2014-07-31,NO 15/9-F-14 H,5351,15/9-F-14,3420717,VOLVE,369304,MÆRSK INSPIRER,24.0,100.0,%,production,OP,3782.546190020125,211.85580199999998,3328.9555907080003,315.54553396312497,31.949928495125,453.590599312125,,192.73491274999998,2235.9016588,1871.9135896080002,22357.1925431,0.8372074783524465,0.9090841664556687
2014-08-01,NO 15/9-F-14 H,5351,15/9-F-14,3420717,VOLVE,369304,MÆRSK INSPIRER,24.0,100.0,%,production,OP,3783.239006329875,211.85580199999998,3330.17894393525,315.876135997625,31.4685926975,453.060062394625,,192.60331775,2249.8021389,1882.809587146,22342.8517763,0.8368778545417179,0.9085173098170807
2014-08-02,NO 15/9-F-14 H,5351,15/9-F-14,3420717,VOLVE,369304,MÆRSK INSPIRER,24.0,100.0,%,production,OP,3783.511804678125,211.85580199999998,3330.4560783153747,315.653363672875,31.387960634375002,453.05572636274997,,192.018041375,2259.5513444000003,1882.134016935,22344.0468402,0.8329680233200368,0.9081617522995353
2014-08-03,NO 15/9-F-14 H,5351,15/9-F-14,3420717,VOLVE,369304,MÆRSK INSPIRER,24.0,100.0,%,production,OP,3780.5411816865,211.839468875,3328.6892133128754,314.53667985137497,30.38140597925,451.851968373625,,191.52174275000002,2248.9215655000003,1892.540199584,21842.874779399997,0.8415323275906395,0.9066519767432752
2014-08-04,NO 15/9-F-14 H,5351,15/9-F-14,3420717,VOLVE,369304,MÆRSK INSPIRER,24.0,100.0,%,production,OP,3780.331236159875,211.835155625,3328.899137688125,313.069662784125,30.15352710825,451.43209847175,,190.454367875,2286.5346293,1901.592769782,21497.7529047,0.83164835791888,0.9038636483841963
2014-08-05,NO 15/9-F-14 H,5351,15/9-F-14,3420717,VOLVE,369304,MÆRSK INSPIRER,24.0,100.0,%,production,OP,3781.027001575625,211.82675262499998,3328.179066320875,315.52456086399997,31.21797307675,452.84793525475,,192.879992375,2206.6540423,1831.9366429140002,21398.625499100002,0.8301875182049692,0.9065186227331106
2014-08-06,NO 15/9-F-14 H,5351,15/9-F-14,3420717,VOLVE,369304,MÆRSK INSPIRER,24.0,100.0,%,production,OP,3781.8849829295004,211.8187355,3330.252185103625,314.10453610875,30.4711663715,451.632797825875,,191.300344625,2204.2010164,1836.660690333,21324.2799449,0.8332546245408764,0.906317750813344
2014-08-07,NO 15/9-F-14 H,5351,15/9-F-14,3420717,VOLVE,369304,MÆRSK INSPIRER,24.0,97.91666666666667,%,production,OP,3781.9734805396597,211.81872199999998,3329.6989238302976,314.3451529935319,31.176177316851064,452.27455670936166,,192.4642204680851,2102.8721772999997,1752.934480691,21294.9694303,0.8335906003291627,0.9101253776922332
2014-08-08,NO 15/9-F-14 H,5351,15/9-F-14,3420717,VOLVE,369304,MÆRSK INSPIRER,24.0,97.91666666666667,%,production,OP,3782.376507196596,211.81862089361704,3330.0412073384678,315.5497306145106,31.066074959361703,452.33529985812766,,192.96679234042554,2089.7893725,1742.9570185,21539.3285488,0.834034779502641,0.9115587226124848
2014-08-09,NO 15/9-F-14 H,5351,15/9-F-14,3420717,VOLVE,369304,MÆRSK INSPIRER,24.0,100.0,%,production,OP,3783.3045423545,211.803216125,3331.837033459375,311.421605055,29.993299399375,451.467508895125,,189.82406375,2080.9207404,1744.265781282,21983.7036253,0.8382182691622906,0.9135278112478665
2014-08-10,NO 15/9-F-14 H,5351,15/9-F-14,3420717,VOLVE,369304,MÆRSK INSPIRER,24.0,97.91666666666667,%,production,OP,3784.4211294839997,211.79813,3333.0373529678295,311.16101034293615,29.835134367446813,451.38377651617026,,189.82213182978722,2050.9812448,1718.721599331,21950.178938,0.8379996665930508,0.9145465790328836
2014-08-11,NO 15/9-F-14 H,5351,15/9-F-14,3420717,VOLVE,369304,MÆRSK INSPIRER,24.0,97.91666666666667,%,production,OP,3786.5105685134045,211.79591753191488,3335.338606109617,309.5948313865532,29.508422385829785,451.17196240378723,,187.88372102127659,2119.1627852,1791.661993299,21972.3819673,0.8454574635850395,0.9120370732980877
2014-08-12,NO 15/9-F-14 H,5351,15/9-F-14,3420717,VOLVE,369304,MÆRSK INSPIRER,24.0,100.0,%,production,OP,3784.7909794056254,211.79575475000001,3333.2512174135,310.12794465725,29.878628730625003,451.53976199212497,,188.64843612500002,2143.0640632000004,1879.3035437300002,22174.9767474,0.8769236421816734,0.9118734901429288
2014-08-13,NO 15/9-F-14 H,5351,15/9-F-14,3420717,VOLVE,369304,MÆRSK INSPIRER,24.0,100.0,%,production,OP,3784.1394415150003,211.79813,3332.827806167125,311.4148245285,29.757310486875,451.311635347875,,190.917579875,2134.3212273,1905.572030178,22253.4106781,0.8928234446642427,0.9124838162245251
2014-08-14,NO 15/9-F-14 H,5351,15/9-F-14,3420717,VOLVE,369304,MÆRSK INSPIRER,24.0,100.0,%,production,OP,3784.458525115,211.79813,3332.0591742645,313.09235216625,30.891190376249998,452.3993508505,,192.57474574999998,2145.3912929,1907.8911465270003,22212.778505500002,0.8892975154886723,0.9119231325400761
2014-08-15,NO 15/9-F-14 H,5351,15/9-F-14,3420717,VOLVE,369304,MÆRSK INSPIRER,24.0,100.0,%,production,OP,3782.59919234425,211.792224875,3330.8831699009997,312.43116320537496,30.54778873825,451.71602244325004,,192.449722625,2152.0584915,1888.11809285,22171.517351899998,0.8773544493830037,0.9115237617464069
2014-08-16,NO 15/9-F-14 H,5351,15/9-F-14,3420717,VOLVE,369304,MÆRSK INSPIRER,24.0,100.0,%,production,OP,3782.0414970612496,211.781663,3330.5798350105,311.37983411100004,30.21409255975,451.46166205074996,,190.899542,2142.2463878999997,1795.6546732810002,22035.8461502,0.8382110869334893,0.9113972128064184
2014-08-17,NO 15/9-F-14 H,5351,15/9-F-14,3420717,VOLVE,369304,MÆRSK INSPIRER,24.0,100.0,%,production,OP,3781.9300323366247,211.78134837500002,3331.260374457875,311.59798939275004,30.391096330625004,450.66965787875,,191.02312849999998,2143.0640632000004,1797.767551782,22105.0340602,0.8388771864792472,0.9116192926845718
2014-08-18,NO 15/9-F-14 H,5351,15/9-F-14,3420717,VOLVE,369304,MÆRSK INSPIRER,24.0,100.0,%,production,OP,3781.1756353093756,211.778590625,3331.255612376875,310.21162554,30.343819985875,449.9200229325,,191.7955895,2128.471704,1795.8584391000002,22139.8796076,0.8437314133540392,0.9122943426740895
2014-08-19,NO 15/9-F-14 H,5351,15/9-F-14,3420717,VOLVE,369304,MÆRSK INSPIRER,1.65833,11.011188958333333,%,production,OP,3853.909626942061,211.79657280934435,3398.38145708672,308.2218198916948,88.04588948788974,455.52816985534105,,190.3344346045238,27.046183,36.377319322999995,350.342417,1.3450075126312646,0.9283333333333333
2014-08-20,NO 15/9-F-14 H,5351,15/9-F-14,3420717,VOLVE,369304,MÆRSK INSPIRER,0.0,1.2311095833333334,%,production,OP,4381.5744838440005,209.783804,4376.61229875,83.933925714,3.597232476,4.962185094,,57.901711999999996,0.0,0.0,0.0,,
2014-08-21,NO 15/9-F-14 H,5351,15/9-F-14,3420717,VOLVE,369304,MÆRSK INSPIRER,0.0,1.28336,%,production,OP,4386.882004416,210.09187400000002,4381.739537088,99.51129698999999,0.914899704,5.1424673279999995,,67.619282,0.0,0.0,0.0,,
2014-08-22,NO 15/9-F-14 H,5351,15/9-F-14,3420717,VOLVE,369304,MÆRSK INSPIRER,0.0,1.28336,%,production,OP,4386.882004416,210.09187400000002,4381.739537088,99.51129698999999,0.914899704,5.1424673279999995,,67.619282,0.0,0.0,0.0,,
2014-08-23,NO 15/9-F-14 H,5351,15/9-F-14,3420717,VOLVE,369304,MÆRSK INSPIRER,0.0,1.28336,%,production,OP,4386.882004416,210.09187400000002,4381.739537088,99.51129698999999,0.914899704,5.1424673279999995,,67.619282,0.0,0.0,0.0,,
2014-08-24,NO 15/9-F-14 H,5351,15/9-F-14,3420717,VOLVE,369304,MÆRSK INSPIRER,0.0,1.28336,%,production,OP,4386.882004416,210.09187400000002,4381.739537088,99.51129698999999,0.914899704,5.1424673279999995,,67.619282,0.0,0.0,0.0,,
2014-08-25,NO 15/9-F-14 H,5351,15/9-F-14,3420717,VOLVE,369304,MÆRSK INSPIRER,22.625,51.86661854166667,%,production,OP,3881.525730808509,211.77493565745857,3372.5166831841657,263.18728738670717,91.11638216065194,509.00904762434254,,180.0120968729282,978.5686398000001,928.889970187,13316.974426300001,0.9492333316310305,0.931547291678583
2014-08-26,NO 15/9-F-14 H,5351,15/9-F-14,3420717,VOLVE,369304,MÆRSK INSPIRER,24.0,91.705796875,%,production,OP,3776.932675527625,211.153004375,3321.5563321,308.45138393950003,34.582353087,455.37634342762505,,191.056618625,2092.8084813,2048.751243564,19067.4332188,0.9789482706469955,0.9010971372179502
2014-08-27,NO 15/9-F-14 H,5351,15/9-F-14,3420717,VOLVE,369304,MÆRSK INSPIRER,24.0,99.80907208333333,%,production,OP,3775.0574490093745,211.18683049999999,3326.59739973625,314.949693686125,29.480306036625002,448.46004927312504,,191.465393,2253.1986363,2259.967051676,19377.0805651,1.0030039141986675,0.8958312735901179
2014-08-28,NO 15/9-F-14 H,5351,15/9-F-14,3420717,VOLVE,369304,MÆRSK INSPIRER,23.5,76.42802020833334,%,production,OP,2379.697248569519,144.3936046909617,1889.2425211492464,307.63140702235285,83.81877742197,490.4547274202727,,185.11214850598043,1825.5544544000002,1786.7892709930002,15096.7390639,0.978765254953876,0.8921213337644912
2014-08-29,NO 15/9-F-14 H,5351,15/9-F-14,3420717,VOLVE,369304,MÆRSK INSPIRER,24.0,99.29056416666667,%,production,OP,2576.94410617925,154.77011525,2130.022293674625,313.301022567125,29.262966593625,446.921812504625,,188.463217625,2352.5147362,2369.066166974,19470.7987341,1.0070356331968129,0.8922017621475489
2014-08-30,NO 15/9-F-14 H,5351,15/9-F-14,3420717,VOLVE,369304,MÆRSK INSPIRER,24.0,99.99927145833334,%,production,OP,3772.8096500853753,211.54983124999998,3324.68766021725,315.1339856165,28.79318549,448.12198986812496,,189.811056125,2318.4868641000003,2333.8058516120004,19382.5526998,1.006607321244387,0.89316240554868
2014-08-31,NO 15/9-F-14 H,5351,15/9-F-14,3420717,VOLVE,369304,MÆRSK INSPIRER,24.0,100.0,%,production,OP,3768.29356259825,211.6720205,3320.39481340675,314.010119392375,29.9360244975,447.8987491915,,191.31035225,2373.2711092,2389.5416300340003,20249.5401102,1.0068557362751047,0.8950938905786907
2014-09-01,NO 15/9-F-14 H,5351,15/9-F-14,3420717,VOLVE,369304,MÆRSK INSPIRER,24.0,100.0,%,production,OP,3767.0442385041247,211.76145575,3317.017343717,314.232417322,30.035774382,450.026894787125,,190.44799475,2324.5879798,2356.224329466,21729.5324032,1.0136094438846415,0.9033600920429883
2014-09-02,NO 15/9-F-14 H,5351,15/9-F-14,3420717,VOLVE,369304,MÆRSK INSPIRER,24.0,100.0,%,production,OP,3769.762903295125,211.7620955,3317.81458738675,317.521428939875,31.138570815,451.948315908375,,192.1632845,2637.2544349,2536.184156049,21776.328589599998,0.961675946956998,0.8919759368277319
2014-09-03,NO 15/9-F-14 H,5351,15/9-F-14,3420717,VOLVE,369304,MÆRSK INSPIRER,22.16666,76.38903645833334,%,production,OP,3822.1589892447064,211.68450559135297,3340.8991382820464,309.8023672921236,57.19626400901247,481.25985096266,,188.80738706816183,1923.1094075,1761.173047054,17025.823790899998,0.9157945149587128,0.8985109405703967
2014-09-04,NO 15/9-F-14 H,5351,15/9-F-14,3420717,VOLVE,369304,MÆRSK INSPIRER,24.0,96.037640625,%,production,OP,3782.955106531375,211.75513475,3326.8405801162503,316.43072505012503,31.949284888999998,456.114526415125,,191.132532875,2058.654813,1846.4534566430002,20750.3347824,0.8969223227629081,0.90974370853257
2014-09-05,NO 15/9-F-14 H,5351,15/9-F-14,3420717,VOLVE,369304,MÆRSK INSPIRER,24.0,100.0,%,production,OP,3779.09328546225,211.76126225000002,3328.1102578763753,317.985538453375,30.617092729249997,450.983027585875,,191.623769,2109.7909683000003,1924.8422025270004,20944.9415038,0.9123378720679493,0.9084877271573985
2014-09-06,NO 15/9-F-14 H,5351,15/9-F-14,3420717,VOLVE,369304,MÆRSK INSPIRER,24.0,97.91666666666667,%,production,OP,3779.164575882383,211.7715489787234,3327.2390238038297,318.59161567442555,31.28522120553191,451.9255520785532,,192.1648379574468,2099.4127817999997,1919.128284067,20987.838008000002,0.9141262264877578,0.9090661421355752
2014-09-07,NO 15/9-F-14 H,5351,15/9-F-14,3420717,VOLVE,369304,MÆRSK INSPIRER,24.0,100.0,%,production,OP,3777.782628423875,211.78022825,3326.0874400850003,318.63478595225,30.906797069375003,451.695188338875,,191.52285725000002,2097.651635,1921.055054099,21174.771161200002,0.9158122454870824,0.9098653520791781
2014-09-08,NO 15/9-F-14 H,5351,15/9-F-14,3420717,VOLVE,369304,MÆRSK INSPIRER,24.0,100.0,%,production,OP,3775.7489340682982,211.781642,3323.7662401036596,317.81176794982974,31.2179328312766,451.9826939646383,,191.92720578723404,2094.8841186,1913.1827011750001,21228.800629100002,0.9132642155183124,0.9101821113918726
2014-09-09,NO 15/9-F-14 H,5351,15/9-F-14,3420717,VOLVE,369304,MÆRSK INSPIRER,24.0,100.0,%,production,OP,3774.743598863875,211.7745875,3322.63704045425,316.9332061795,31.57780026825,452.106558409625,,191.88117425000002,2085.3236074,1899.0193875930001,21031.4263913,0.9106593244588614,0.9097916615650006
2014-09-10,NO 15/9-F-14 H,5351,15/9-F-14,3420717,VOLVE,369304,MÆRSK INSPIRER,24.0,100.0,%,production,OP,3774.40964584725,211.763123,3321.8656981540003,319.4231460445,31.811731454125002,452.54394769325,,192.463480625,2090.6699459,1906.564020101,20901.1015281,0.9119392680035178,0.9090687749630683
2014-09-11,NO 15/9-F-14 H,5351,15/9-F-14,3420717,VOLVE,369304,MÆRSK INSPIRER,24.0,100.0,%,production,OP,3774.831322680875,211.74569637500002,3322.3322249674998,319.95336266975005,31.888746632124995,452.499097713375,,192.559263875,2054.5664365,1850.1812763750002,21837.2139504,0.9005215132039369,0.9140053021068898
2014-09-12,NO 15/9-F-14 H,5351,15/9-F-14,3420717,VOLVE,369304,MÆRSK INSPIRER,24.0,100.0,%,production,OP,3775.6637380656252,211.735296125,3323.062276762125,319.49564389312496,31.956702978375,452.6014613035,,192.395727875,2126.1444742999997,1741.748902613,21808.9727035,0.81920533795637,0.9111705007121497
2014-09-13,NO 15/9-F-14 H,5351,15/9-F-14,3420717,VOLVE,369304,MÆRSK INSPIRER,24.0,100.0,%,production,OP,3776.589431014125,211.72335425,3324.1180295155,319.6948022185,32.147476294375,452.471401498625,,192.44528150000002,2118.1564156,1734.57684019,21962.6956599,0.8189087583027501,0.9120398061929451
2014-09-14,NO 15/9-F-14 H,5351,15/9-F-14,3420717,VOLVE,369304,MÆRSK INSPIRER,24.0,100.0,%,production,OP,3777.774542555375,211.709529125,3325.167201169625,319.28067642574996,32.097057459625,452.60734138575,,192.265112375,2087.6508371,1726.010553411,21642.7330252,0.8267716625490102,0.9120262508514829
2014-09-15,NO 15/9-F-14 H,5351,15/9-F-14,3420717,VOLVE,369304,MÆRSK INSPIRER,24.0,100.0,%,production,OP,3778.6686897388745,211.69078174999999,3326.614771058375,317.71628447125,31.592397738625003,452.05391868050003,,191.650426625,2134.8244121000002,1785.30287527,21572.161357,0.8362762132337711,0.9099495636901019
2014-09-16,NO 15/9-F-14 H,5351,15/9-F-14,3420717,VOLVE,369304,MÆRSK INSPIRER,24.0,100.0,%,production,OP,3781.433370857,211.67153525,3329.1035355112504,315.09180373149997,30.177757519125,452.32983534575,,188.324019875,2111.9924017999997,1782.7259616110002,21553.6064175,0.8440967685734221,0.9107568577526293
2014-09-17,NO 15/9-F-14 H,5351,15/9-F-14,3420717,VOLVE,369304,MÆRSK INSPIRER,24.0,97.91666666666667,%,production,OP,3780.860094789702,211.65458574468087,3329.909419742702,314.854391633625,30.26323768312766,450.950675047,,188.24820340425532,2096.2049787,1774.0127656800003,21477.6255127,0.8462973724927353,0.9110791528146128
2014-09-18,NO 15/9-F-14 H,5351,15/9-F-14,3420717,VOLVE,369304,MÆRSK INSPIRER,24.0,97.91666666666667,%,production,OP,3781.9107562335316,211.63966451063828,3330.9853646015745,315.3481277945106,30.26621816259574,450.92539163195744,,188.5776489787234,2095.0728129,1754.7959185280001,21822.3071007,0.8375823063156509,0.9124037490532693
2014-09-19,NO 15/9-F-14 H,5351,15/9-F-14,3420717,VOLVE,369304,MÆRSK INSPIRER,24.0,97.91666666666667,%,production,OP,3783.351150212936,211.62815331914894,3332.10417847583,316.69563264970213,30.681995819872338,451.2469717371064,,191.11235306382977,2083.4366644,1760.3834103620002,21786.643878000003,0.8449421287634704,0.9127176525148615
2014-09-20,NO 15/9-F-14 H,5351,15/9-F-14,3420717,VOLVE,369304,MÆRSK INSPIRER,24.0,97.91666666666667,%,production,OP,3784.33905649149,211.61572850000002,3331.910021968468,316.80578438182977,31.835967522510636,452.42903452302124,,192.2783884680851,2139.0385848,1797.760841989,21813.1868762,0.8404527411351443,0.9106956224889052
2014-09-21,NO 15/9-F-14 H,5351,15/9-F-14,3420717,VOLVE,369304,MÆRSK INSPIRER,24.0,97.91666666666667,%,production,OP,3786.1094458659577,211.60036399999998,3334.1368644444256,314.92640666514893,31.23774749080851,451.9725814215319,,191.84181034042552,2096.3307749,1769.5136729,21919.98785,0.8441004130106377,0.9127122350581018
2014-09-22,NO 15/9-F-14 H,5351,15/9-F-14,3420717,VOLVE,369304,MÆRSK INSPIRER,24.0,97.91666666666667,%,production,OP,3787.210750259106,211.58998642553192,3334.7355381056173,316.3318156274043,31.631223241148938,452.4752121534894,,192.1948554468085,2095.5130996000003,1767.779014836,22238.9441151,0.8436019871092386,0.9138870005970735
2014-09-23,NO 15/9-F-14 H,5351,15/9-F-14,3420717,VOLVE,369304,MÆRSK INSPIRER,24.0,100.0,%,production,OP,3788.1076600436245,211.582682,3335.586413819,316.83132302775,31.643919466499998,452.52124622462503,,192.1261145,2131.5537109,1800.845227887,22496.071547900003,0.8448509735776886,0.9134486704056719
2014-09-24,NO 15/9-F-14 H,5351,15/9-F-14,3420717,VOLVE,369304,MÆRSK INSPIRER,24.0,100.0,%,production,OP,3788.258100709125,211.563353,3335.772561027125,316.72106997475,31.374209218999997,452.48553968199997,,192.30682325,2124.3204294,1810.4271654380002,22777.2260549,0.8522382689457744,0.9146912248707386
2014-09-25,NO 15/9-F-14 H,5351,15/9-F-14,3420717,VOLVE,369304,MÆRSK INSPIRER,24.0,100.0,%,production,OP,3788.3930223086245,211.5467255,3336.400080020625,314.79749443487503,31.208624169,451.992942288,,190.98460025,2130.9247299000003,1817.3862802200001,22780.1193675,0.8528627288985876,0.9144586344286385
2014-09-26,NO 15/9-F-14 H,5351,15/9-F-14,3420717,VOLVE,369304,MÆRSK INSPIRER,24.0,100.0,%,production,OP,3788.59031326975,211.532695625,3337.220741284125,313.347298754,30.690349005750004,451.369571985625,,190.1864885,2130.9876280000003,1818.4700883630003,22670.4250811,0.8533461501462082,0.9140779739850017
2014-09-27,NO 15/9-F-14 H,5351,15/9-F-14,3420717,VOLVE,369304,MÆRSK INSPIRER,24.0,100.0,%,production,OP,3789.3181471916246,211.521213125,3337.6845184188746,312.8203757,30.937472606375,451.63362877275,,189.74017325,2112.2439942,1813.385477857,22731.8765248,0.858511366507073,0.9149801260791411
2014-09-28,NO 15/9-F-14 H,5351,15/9-F-14,3420717,VOLVE,369304,MÆRSK INSPIRER,24.0,100.0,%,production,OP,3789.6428933168745,211.510104125,3338.038507830875,313.699635337125,30.895272591624998,451.604385486,,190.46013837499999,2105.2623051,1803.8928864970003,22564.5046807,0.8568494681765155,0.9146622541545772
2014-09-29,NO 15/9-F-14 H,5351,15/9-F-14,3420717,VOLVE,369304,MÆRSK INSPIRER,1.25833,10.411233125,%,production,OP,3909.7966140986496,211.49218065785604,3432.477493758548,314.3365207623016,63.909560321864014,477.3191203401012,,190.60660881209222,34.0907702,43.663095080000005,416.1967277,1.2807893404532116,0.9242911021092332
2014-09-30,NO 15/9-F-14 H,5351,15/9-F-14,3420717,VOLVE,369304,MÆRSK INSPIRER,18.24167,43.944816875,%,production,OP,3879.331019570392,211.39253417255546,3375.233116236704,280.2455592705517,88.10420799805048,504.0979033336879,,181.00918753924174,992.2175275000001,1425.2709213580001,10609.2112213,1.4364500544040228,0.9144745402498264
2014-10-01,NO 15/9-F-14 H,5351,15/9-F-14,3420717,VOLVE,369304,MÆRSK INSPIRER,24.0,100.0,%,production,OP,3790.42766674025,211.407263375,3340.2184954466247,311.73597492,33.956154543625,450.209171293625,,190.219688,2032.6778977000001,1852.9361761220002,22664.1981692,0.9115739282739386,0.9176949387366324
2014-10-02,NO 15/9-F-14 H,5351,15/9-F-14,3420717,VOLVE,369304,MÆRSK INSPIRER,24.0,100.0,%,production,OP,3795.3472650515,211.421112875,3344.89770233775,315.55237794375,34.395746591875,450.44956271375,,190.793019875,2147.0895416000003,1921.4382185939999,22407.5739212,0.8949036271501531,0.9125587876676536
2014-10-03,NO 15/9-F-14 H,5351,15/9-F-14,3420717,VOLVE,369304,MÆRSK INSPIRER,24.0,100.0,%,production,OP,3804.59043405625,211.353645125,3348.4342031728747,312.88948026375,33.072595134124995,456.156230883375,,188.49979174999999,1958.017853,1717.6201338380001,21802.9344859,0.8772239391006207,0.9175951441224663
2014-10-04,NO 15/9-F-14 H,5351,15/9-F-14,3420717,VOLVE,369304,MÆRSK INSPIRER,24.0,100.0,%,production,OP,3792.493485277,211.36546475,3341.8370983752498,313.639792054,34.413383816999996,450.65638690175,,189.28396400000003,2049.5974866,1764.367967963,22084.780872,0.8608363249360943,0.9150756047598944
2014-10-05,NO 15/9-F-14 H,5351,15/9-F-14,3420717,VOLVE,369304,MÆRSK INSPIRER,24.0,100.0,%,production,OP,3795.1278437088745,211.367107625,3343.1956119103747,315.089353193625,34.850386332625,451.93223179849997,,190.63912325,2027.3315592,1743.483913824,22365.9982771,0.8599895295429583,0.9168899214332311
2014-10-06,NO 15/9-F-14 H,5351,15/9-F-14,3420717,VOLVE,369304,MÆRSK INSPIRER,24.0,100.0,%,production,OP,3795.9723063124998,211.388074625,3345.461939438875,312.61651874775,34.053042949250006,450.510366873625,,185.96908775,2016.9533727,1732.2012203210002,22271.2737385,0.8588206568217214,0.9169575711118937
2014-10-07,NO 15/9-F-14 H,5351,15/9-F-14,3420717,VOLVE,369304,MÆRSK INSPIRER,24.0,100.0,%,production,OP,3791.678417041375,211.43118387500002,3341.661792757625,309.48451982975,33.781383753625,450.01662428375005,,186.095366375,2035.3825160000001,1708.3132978,21407.7457236,0.8393082304535232,0.9131778619646057
2014-10-08,NO 15/9-F-14 H,5351,15/9-F-14,3420717,VOLVE,369304,MÆRSK INSPIRER,24.0,100.0,%,production,OP,3793.207756795787,211.44032525,3342.198963813537,314.2191952053191,34.138811774875,451.00879298225,,189.68606525,2015.6325126,1765.54783209,21968.796775600003,0.8759274426530205,0.9159607890444296
2014-10-09,NO 15/9-F-14 H,5351,15/9-F-14,3420717,VOLVE,369304,MÆRSK INSPIRER,24.0,100.0,%,production,OP,3790.7440248344997,211.431398,3340.005712614125,314.1660020045,33.885110096625,450.738312220375,,189.64227124999996,2055.509908,1787.443299237,21925.2083923,0.8695863212725511,0.9142848899578506
2014-10-10,NO 15/9-F-14 H,5351,15/9-F-14,3420717,VOLVE,369304,MÆRSK INSPIRER,24.0,100.0,%,production,OP,3789.3160411189997,211.423208,3338.692635254125,314.17406672162497,33.973637665875,450.623405864875,,189.94252662499997,2081.3610271000002,1806.6297757470002,20921.9207992,0.868004037850277,0.9095189528687012
2014-10-11,NO 15/9-F-14 H,5351,15/9-F-14,3420717,VOLVE,369304,MÆRSK INSPIRER,24.0,100.0,%,production,OP,3790.5475194958753,211.42311125,3340.403370550625,314.94784747325,33.96166900925,450.14414894525,,190.58949725,2056.4533794999998,1781.9020696600003,20880.5338494,0.8664928110810112,0.910343352464838
2014-10-12,NO 15/9-F-14 H,5351,15/9-F-14,3420717,VOLVE,369304,MÆRSK INSPIRER,24.0,100.0,%,production,OP,3791.1670432696246,211.420323875,3340.461301145125,315.26842979925004,34.355710060625,450.70574212450003,,191.06350212499999,2048.2137284,1773.364740935,20870.721745799998,0.865810396808685,0.9106322485742984
2014-10-13,NO 15/9-F-14 H,5351,15/9-F-14,3420717,VOLVE,369304,MÆRSK INSPIRER,24.0,100.0,%,production,OP,3789.35356365825,211.423208,3338.59900416025,316.71577910937503,34.38833454575,450.754559498,,191.95573662500001,2033.1810825,1765.789031491,21534.8627837,0.8684858651742842,0.9137314452551628
2014-10-14,NO 15/9-F-14 H,5351,15/9-F-14,3420717,VOLVE,369304,MÆRSK INSPIRER,24.0,100.0,%,production,OP,3790.224501740125,211.423208,3339.390636672375,316.1860429225,34.790830103875,450.83386506775,,191.82050075,2031.2312414,1764.4276498060003,21654.6207661,0.86864932649908,0.9142428467104826
2014-10-15,NO 15/9-F-14 H,5351,15/9-F-14,3420717,VOLVE,369304,MÆRSK INSPIRER,24.0,100.0,%,production,OP,3791.547308732625,211.423208,3340.591158501125,317.263865624875,34.553771536125,450.9561502315,,192.05742875,2033.3697768,1760.2184907130002,21386.2345734,0.8656657096001154,0.9131765957103953
2014-10-16,NO 15/9-F-14 H,5351,15/9-F-14,3420717,VOLVE,369304,MÆRSK INSPIRER,24.0,100.0,%,production,OP,3791.1330076856248,211.423208,3341.025994511625,314.9471041535,33.853262169125,450.107013174,,190.881287375,2020.5385644,1747.14887339,21023.375434499998,0.8646946433852485,0.9123179089933918
2014-10-17,NO 15/9-F-14 H,5351,15/9-F-14,3420717,VOLVE,369304,MÆRSK INSPIRER,24.0,100.0,%,production,OP,3791.3856004275,211.422250625,3341.654468338625,314.279968634625,33.412497730375,449.731132088875,,188.96188287500001,2013.8084677000002,1746.98995724,20948.841186,0.8675055176599106,0.9123006927305747
2014-10-18,NO 15/9-F-14 H,5351,15/9-F-14,3420717,VOLVE,369304,MÆRSK INSPIRER,24.0,100.0,%,production,OP,3791.6319927948753,211.40651187499998,3342.456588911125,312.48328925825,32.861691752375,449.17540388375005,,187.562684375,2022.9915903,1759.096895841,20929.405673100002,0.8695522533438383,0.9118614248836713
2014-10-19,NO 15/9-F-14 H,5351,15/9-F-14,3420717,VOLVE,369304,MÆRSK INSPIRER,24.0,100.0,%,production,OP,3791.94646841675,211.40259799999998,3342.319008281625,313.51461821674997,33.188359631124996,449.627460135125,,188.374755875,2031.60863,1766.23293727,20888.521908100003,0.8693765675084774,0.9113613848480109
2014-10-20,NO 15/9-F-14 H,5351,15/9-F-14,3420717,VOLVE,369304,MÆRSK INSPIRER,24.0,100.0,%,production,OP,3792.089122354625,211.399848875,3341.717547782125,314.37577832012505,33.80817045925,450.3715745725,,190.69503125,2011.9844228,1753.988624486,20856.0664885,0.8717704792391199,0.912017669078837
2014-10-21,NO 15/9-F-14 H,5351,15/9-F-14,3420717,VOLVE,369304,MÆRSK INSPIRER,24.0,100.0,%,production,OP,3792.3653260742503,211.38787587500002,3342.46855756775,311.98876104587504,33.362027528,449.8967685065,,189.102685625,2052.7423916000002,1769.992893379,20804.9932313,0.8622576805652595,0.9101948493295433
2014-10-22,NO 15/9-F-14 H,5351,15/9-F-14,3420717,VOLVE,369304,MÆRSK INSPIRER,24.0,100.0,%,production,OP,3792.63961710525,211.38577249999997,3342.2588688792503,312.48036734687497,33.80112402975,450.380748226,,190.372171625,2043.6221671000003,1770.818551065,21187.1620869,0.8665097587867125,0.9120295662533168
2014-10-23,NO 15/9-F-14 H,5351,15/9-F-14,3420717,VOLVE,369304,MÆRSK INSPIRER,24.0,100.0,%,production,OP,3793.263694467875,211.376957,3343.28283715925,312.803723524625,33.697455097625,449.980857308625,,188.96544912500002,2043.4963708999999,1777.0865571680001,20843.1094799,0.869630395470354,0.9107121263754988
2014-10-24,NO 15/9-F-14 H,5351,15/9-F-14,3420717,VOLVE,369304,MÆRSK INSPIRER,24.0,100.0,%,production,OP,3793.7095352366246,211.3693115,3342.98973953425,313.407281031875,34.033441667874996,450.719795702375,,189.38083025,2048.3395246,1778.9589425620002,21023.060944,0.8684883151436505,0.9112173737616069
2014-10-25,NO 15/9-F-14 H,5351,15/9-F-14,3420717,VOLVE,369304,MÆRSK INSPIRER,24.0,100.0,%,production,OP,3793.7815647333755,211.36964,3344.116615296875,312.161271660375,33.34957238975,449.66494943649997,,187.694010125,2068.718509,1800.3727172010001,21127.660484300002,0.8702840475243219,0.9108171792848564
2014-10-26,NO 15/9-F-14 H,5351,15/9-F-14,3420717,VOLVE,369304,MÆRSK INSPIRER,25.0,100.0,%,production,OP,3794.2340321674806,211.36183988,3344.6083479018002,311.22331780368,33.2256821388,449.62568426568,,186.16302896,2169.7957557000004,1879.0326799810002,21262.2624183,0.865995186433943,0.9074005475922048
2014-10-27,NO 15/9-F-14 H,5351,15/9-F-14,3420717,VOLVE,369304,MÆRSK INSPIRER,24.0,100.0,%,production,OP,3798.9347014192504,211.342938125,3345.3365087634998,313.171962920125,33.431540011125,453.59819265575,,188.85244025,2073.8132551,1799.9641261220002,21060.6740078,0.8679489928495058,0.9103583653472318
2014-10-28,NO 15/9-F-14 H,5351,15/9-F-14,3420717,VOLVE,369304,MÆRSK INSPIRER,24.0,100.0,%,production,OP,3805.9276874378747,211.33252662499999,3347.0428083145,312.28220615775,32.534625019125,458.884879123375,,189.01421412500002,2071.0457387,1793.208777159,20771.2798497,0.865847018079186,0.9093329735326189
2014-10-29,NO 15/9-F-14 H,5351,15/9-F-14,3420717,VOLVE,369304,MÆRSK INSPIRER,24.0,100.0,%,production,OP,3801.030566995,211.337266625,3354.400945627875,307.98867343837503,33.422423768499996,446.62962136712497,,191.4455015,2000.15958,1724.1826645390001,20441.8196019,0.8620225514901166,0.9108741896698141
2014-10-30,NO 15/9-F-14 H,5351,15/9-F-14,3420717,VOLVE,369304,MÆRSK INSPIRER,24.0,100.0,%,production,OP,3789.7064139176246,211.336330625,3340.629623787375,312.351186834875,33.017776813375,449.07679013025,,189.263069,2058.2145263,1771.165694566,20778.7018255,0.8605350277796258,0.9098733605451171
2014-10-31,NO 15/9-F-14 H,5351,15/9-F-14,3420717,VOLVE,369304,MÆRSK INSPIRER,24.0,97.91666666666667,%,production,OP,3788.712683553319,211.33256,3340.300797375447,311.64346536331914,32.44865123731915,448.41188617787236,,189.10962672340426,2024.6269409,1764.4262372180003,20105.5034612,0.8714821489205643,0.9085126520217939
2014-11-01,NO 15/9-F-14 H,5351,15/9-F-14,3420717,VOLVE,369304,MÆRSK INSPIRER,24.0,100.0,%,production,OP,3788.4602443999997,211.33256,3340.003385962875,311.3910866425,32.244688013875006,448.456858437125,,188.44515537499998,2054.4406403,1787.356425075,20407.2256469,0.8699966258523786,0.9085356974842627
2014-11-02,NO 15/9-F-14 H,5351,15/9-F-14,3420717,VOLVE,369304,MÆRSK INSPIRER,24.0,97.91666666666667,%,production,OP,3788.433167554085,211.33256,3340.079614425447,310.7950702111915,32.01355266689362,448.3535531286383,,187.927916,2040.5401602000002,1774.7819198460002,20344.4533431,0.8697608380675281,0.9088433883217709
2014-11-03,NO 15/9-F-14 H,5351,15/9-F-14,3420717,VOLVE,369304,MÆRSK INSPIRER,24.0,100.0,%,production,OP,3788.9037726612764,211.31843689361705,3340.6529835845104,311.52767617899997,31.80491711114096,448.25078907676595,,189.41945957446808,2143.5672480000003,1862.751896987,21387.0522487,0.8689962485315038,0.9089030678388803
2014-11-04,NO 15/9-F-14 H,5351,15/9-F-14,3420717,VOLVE,369304,MÆRSK INSPIRER,24.0,100.0,%,production,OP,3789.4368517297503,211.311968,3339.9521603542503,312.14185771975,32.95372742825,449.4846913755,,190.8863585,2112.9987714,1840.438303792,21515.8046594,0.8710077491302038,0.9105752952074705
2014-11-05,NO 15/9-F-14 H,5351,15/9-F-14,3420717,VOLVE,369304,MÆRSK INSPIRER,24.0,100.0,%,production,OP,3789.72918790525,211.311968,3340.343506116125,312.16377356587503,33.063626951125,449.38568178912504,,191.123438375,2082.6818872,1818.629710807,21514.295105,0.873215310501405,0.9117394618857987
2014-11-06,NO 15/9-F-14 H,5351,15/9-F-14,3420717,VOLVE,369304,MÆRSK INSPIRER,24.0,100.0,%,production,OP,3790.1488644231245,211.30264737500002,3342.241627487,310.060112197625,31.630059272624997,447.907236936125,,188.106966875,2083.814053,1818.666438095,21501.8412812,0.8727585052402946,0.9116490924897729
2014-11-07,NO 15/9-F-14 H,5351,15/9-F-14,3420717,VOLVE,369304,MÆRSK INSPIRER,24.0,100.0,%,production,OP,3787.331773219375,211.30145675,3342.0872707955,307.658811702,31.5093000295,445.244502423875,,184.9302725,2133.503552,1848.758447112,21451.711495500003,0.8665363811458984,0.9095406360424029
2014-11-08,NO 15/9-F-14 H,5351,15/9-F-14,3420717,VOLVE,369304,MÆRSK INSPIRER,24.0,100.0,%,production,OP,3758.2148206106253,211.353930875,3336.1649824875,310.70274233774995,34.078285604499996,422.04983812312497,,188.539386125,2129.2893793,1867.4088464760002,22763.7029634,0.8770103606537067,0.914462297260762
2014-11-09,NO 15/9-F-14 H,5351,15/9-F-14,3420717,VOLVE,369304,MÆRSK INSPIRER,24.0,100.0,%,production,OP,3752.040033231125,211.353662,3336.2757431735004,311.10857074825,34.081588240625,415.76429005762503,,189.00625325000001,2112.4955866,1867.030979186,23046.8073115,0.8838034933795681,0.9160352099119752
2014-11-10,NO 15/9-F-14 H,5351,15/9-F-14,3420717,VOLVE,369304,MÆRSK INSPIRER,24.0,100.0,%,production,OP,3755.2357622706386,211.34542808510636,3336.7563062708937,312.47384494429787,34.61639227123404,418.4794559997447,,190.588446875,2195.7097728999997,2005.67013474,24399.4938501,0.9134495640063561,0.9174396329494122
2014-11-11,NO 15/9-F-14 H,5351,15/9-F-14,3420717,VOLVE,369304,MÆRSK INSPIRER,24.0,100.0,%,production,OP,3752.881791480375,211.349048,3337.408767943,311.66372484462505,34.526178056625,415.473023537375,,188.11878387500002,2283.2639281,2029.3977285229998,24963.123724200002,0.8888143431634498,0.9161993891727053
2014-11-12,NO 15/9-F-14 H,5351,15/9-F-14,3420717,VOLVE,369304,MÆRSK INSPIRER,24.0,100.0,%,production,OP,3753.8473064247496,211.34728437500002,3338.462949451375,308.72356587625,34.32227578,415.384356973375,,184.68677150000002,2292.3841526,2014.5560195540002,23976.3154333,0.8788038502487072,0.9127332456978395
2014-11-13,NO 15/9-F-14 H,5351,15/9-F-14,3420717,VOLVE,369304,MÆRSK INSPIRER,24.0,100.0,%,production,OP,3756.29398870625,211.33277375,3340.12068242375,310.495546489875,34.970782980749995,416.1733062825,,186.52963549999998,2260.3690197,1992.0383073930002,23539.2994345,0.8812889798221473,0.9123876718139753
2014-11-14,NO 15/9-F-14 H,5351,15/9-F-14,3420717,VOLVE,369304,MÆRSK INSPIRER,24.0,100.0,%,production,OP,3755.5867320506245,211.33188349999998,3339.92011904275,309.2107062155,34.613753814,415.666613007875,,184.89544025,2257.8530957000003,1985.5746578520004,23542.444339499998,0.8794082580631378,0.9124873230097125
2014-11-15,NO 15/9-F-14 H,5351,15/9-F-14,3420717,VOLVE,369304,MÆRSK INSPIRER,24.0,100.0,%,production,OP,3755.9449245430005,211.32633049999998,3340.302496621625,308.389123356375,34.548574341125004,415.64242792137503,,185.951744,2280.6222079,2000.064279262,23457.406108299998,0.8769818483455275,0.9113909511683717
2014-11-16,NO 15/9-F-14 H,5351,15/9-F-14,3420717,VOLVE,369304,MÆRSK INSPIRER,24.0,100.0,%,production,OP,3755.7479145929997,211.31940949999998,3339.759969896125,308.49244480162497,34.845189137625,415.987944696875,,188.3735885,2250.0537313,1974.3876671859998,23821.145820600002,0.8774846750194137,0.9136958110876022
2014-11-17,NO 15/9-F-14 H,5351,15/9-F-14,3420717,VOLVE,369304,MÆRSK INSPIRER,24.0,100.0,%,production,OP,3753.2544968376246,211.30385975,3337.439951113,309.295157612625,34.744544852125,415.814545724625,,188.70512524999998,2220.8061148,1915.9856289140002,24295.9635775,0.8627433147564747,0.9162489948598496
2014-11-18,NO 15/9-F-14 H,5351,15/9-F-14,3420717,VOLVE,369304,MÆRSK INSPIRER,24.0,100.0,%,production,OP,3749.3947032788756,211.27829075,3334.879060471375,308.672340267625,34.144042207750005,414.5156428075,,188.48155025,2283.3897242999997,1958.168684917,24030.4706974,0.8575709455455748,0.9132248295116372
2014-11-19,NO 15/9-F-14 H,5351,15/9-F-14,3420717,VOLVE,369304,MÆRSK INSPIRER,24.0,100.0,%,production,OP,3774.8731359276244,211.19771187499998,3338.44867227325,307.74021427950004,31.499083915375,436.424463654375,,188.06584325,2226.4669438,1912.642739412,23477.0932136,0.8590483432678395,0.913379044374948
2014-11-20,NO 15/9-F-14 H,5351,15/9-F-14,3420717,VOLVE,369304,MÆRSK INSPIRER,24.0,100.0,%,production,OP,3775.409903435875,211.1727935,3336.245989232125,307.6401380595,30.814407863375003,439.16391420375,,188.657349875,2254.1421078,1940.8535343600001,23216.4434872,0.8610164938776804,0.9115001852080504
2014-11-21,NO 15/9-F-14 H,5351,15/9-F-14,3420717,VOLVE,369304,MÆRSK INSPIRER,24.0,100.0,%,production,OP,3761.07178215625,211.1671475,3332.8613069235,307.488503852125,31.145012919499997,428.21047523275,,188.82766325,2241.4366916,1938.0756800580002,23084.3574772,0.8646577828056111,0.9114958971607955
2014-11-22,NO 15/9-F-14 H,5351,15/9-F-14,3420717,VOLVE,369304,MÆRSK INSPIRER,24.0,100.0,%,production,OP,3761.7762317222505,211.15280037500003,3334.4423178155,303.8020216385,30.13284710675,427.33391390675,,184.354539875,2238.0401942,1929.296445638,23071.02308,0.8620472727155992,0.9115715911745556
2014-11-23,NO 15/9-F-14 H,5351,15/9-F-14,3420717,VOLVE,369304,MÆRSK INSPIRER,24.0,100.0,%,production,OP,3759.5707083536254,210.93442850000002,3330.79568177075,308.21848312775,31.170104493500002,428.775026582875,,190.721271125,2161.1787160000003,1897.0760196520002,23039.3224376,0.8777969196194878,0.9142406453416396
2014-11-24,NO 15/9-F-14 H,5351,15/9-F-14,3420717,VOLVE,369304,MÆRSK INSPIRER,24.0,100.0,%,production,OP,3775.6484154052496,211.116420875,3336.8484257165,307.942409338,31.0221173875,438.79998968875003,,190.68539075,2246.3427434,1920.811735816,24276.150676,0.8550839988508229,0.9153042397681621
2014-11-25,NO 15/9-F-14 H,5351,15/9-F-14,3420717,VOLVE,369304,MÆRSK INSPIRER,24.0,100.0,%,production,OP,3784.899537327,210.96190925000002,3338.893313456875,308.823536339375,30.43040465025,446.006223870125,,190.417630625,2140.8626297,1775.2561962670002,20954.3762188,0.8292247114032569,0.9073028582322262
2014-11-26,NO 15/9-F-14 H,5351,15/9-F-14,3420717,VOLVE,369304,MÆRSK INSPIRER,24.0,100.0,%,production,OP,3786.3016649973747,210.13640075,3329.51656747575,305.34199281975003,28.342960343375,456.785097521625,,188.447117375,1920.7192797,1986.535217692,20463.7081407,1.0342662973645373,0.9141939508379135
2014-11-27,NO 15/9-F-14 H,5351,15/9-F-14,3420717,VOLVE,369304,MÆRSK INSPIRER,24.0,100.0,%,production,OP,3798.5293957498748,211.06065199999998,3342.063807877375,302.052464504,27.868951986375002,456.4655878725,,183.31337825,2021.4191378,1908.397206178,20484.2129213,0.944087829432046,0.9101816322024756
2014-11-28,NO 15/9-F-14 H,5351,15/9-F-14,3420717,VOLVE,369304,MÆRSK INSPIRER,22.05833,70.6455075,%,production,OP,3860.5644046517486,210.9879073949932,3352.2902844023147,298.1280699513707,80.42772518084288,508.27412024943425,,180.44384238434822,2520.7671537,2205.735679474,14342.024762,0.8750255557068828,0.8505130605713603
2014-11-29,NO 15/9-F-14 H,5351,15/9-F-14,3420717,VOLVE,369304,MÆRSK INSPIRER,14.94167,45.25967166666667,%,production,OP,3963.0321583064433,210.88020269134444,3403.968001514784,254.0051807226662,130.95768135119053,559.0641567916587,,157.51872707143713,2116.1436764,1987.9877113030002,4792.9610162,0.9394389112014266,0.6937166578664676
2014-11-30,NO 15/9-F-14 H,5351,15/9-F-14,3420717,VOLVE,369304,MÆRSK INSPIRER,23.5,70.68658875,%,production,OP,3864.2002272362947,210.9606675776102,3356.6883878914846,300.5569221783733,78.13465912496882,507.51183934480986,,182.53749366671573,2023.2431827,2260.992943711,19110.958704,1.1175092361827337,0.904266875392477
2014-12-01,NO 15/9-F-14 H,5351,15/9-F-14,3420717,VOLVE,369304,MÆRSK INSPIRER,24.0,82.46091520833333,%,production,OP,3824.991536547125,211.02479899999997,3343.92689048475,188.6573928775,50.173741681375,481.064646062375,,186.21595175,1247.5838135,1505.658126115,18481.5374173,1.2068592986077564,0.9367643495670581
2014-12-02,NO 15/9-F-14 H,5351,15/9-F-14,3420717,VOLVE,369304,MÆRSK INSPIRER,24.0,100.0,%,production,OP,3800.6950820145,211.078734875,3341.0957910275,162.807523954,28.122844027,459.59929098699996,,189.69552199999998,1591.5735224,1754.19415604,20049.3354579,1.1021760109421634,0.9264553294018827
2014-12-03,NO 15/9-F-14 H,5351,15/9-F-14,3420717,VOLVE,369304,MÆRSK INSPIRER,24.0,100.0,%,production,OP,3799.7583389833753,211.060950125,3339.768415338,164.1525459335,28.383981924375,459.989923645375,,189.9156815,1652.7733736999999,1814.383471279,20056.568739399998,1.0977811599283027,0.9238681041051597
2014-12-04,NO 15/9-F-14 H,5351,15/9-F-14,3420717,VOLVE,369304,MÆRSK INSPIRER,23.33333,72.49158020833333,%,production,OP,3880.6947220314523,210.9963658169777,3352.4802263405554,158.07339282801584,91.74962442388603,528.2144956908967,,184.9166065208455,1776.4310383000002,1663.591821161,18473.4864605,0.9364798212223401,0.9122746530495608
2014-12-05,NO 15/9-F-14 H,5351,15/9-F-14,3420717,VOLVE,369304,MÆRSK INSPIRER,24.0,73.69037270833333,%,production,OP,3846.2562285278746,211.02410824999998,3341.036473507125,162.22910636675002,73.21256567275,505.21975502075,,188.686348625,3043.8906514,2712.517516089,20145.8211433,0.891135006719578,0.868739608394112
2014-12-06,NO 15/9-F-14 H,5351,15/9-F-14,3420717,VOLVE,369304,MÆRSK INSPIRER,24.0,100.0,%,production,OP,3795.6488353130003,211.117185125,3335.09213035825,164.16499502850002,27.706751156375,460.55670495475005,,187.90389087499997,2132.6229786,1952.5349308260002,20568.0560886,0.9155556094156775,0.9060546615241388
2014-12-07,NO 15/9-F-14 H,5351,15/9-F-14,3420717,VOLVE,369304,MÆRSK INSPIRER,24.0,100.0,%,production,OP,3796.9527450627497,211.155964625,3336.2071885455002,164.38823570512503,27.600758594625,460.74555651725,,188.69753375,1950.0297942999998,1785.758081753,20107.7048947,0.915759383252927,0.9115942855513416
2014-12-08,NO 15/9-F-14 H,5351,15/9-F-14,3420717,VOLVE,369304,MÆRSK INSPIRER,24.0,100.0,%,production,OP,3796.8214191969996,211.19750375,3335.757797367375,164.88203268425002,27.89497119925,461.063621829625,,189.561384125,1857.8211797000001,1700.785969495,20131.3545803,0.9154734524932275,0.9155120137299771
2014-12-09,NO 15/9-F-14 H,5351,15/9-F-14,3420717,VOLVE,369304,MÆRSK INSPIRER,24.0,100.0,%,production,OP,3796.17260983375,211.22155775000002,3335.605027029,165.134900394,27.501694619,460.56758280475003,,187.64492225,1905.1834489999999,1742.9005149800003,20250.7980722,0.9148203108182683,0.9140104243552911
2014-12-10,NO 15/9-F-14 H,5351,15/9-F-14,3420717,VOLVE,369304,MÆRSK INSPIRER,24.0,100.0,%,production,OP,3795.5490280176255,211.23395975,3334.8019878825,164.422159489,27.4834560905,460.747040135125,,186.163542125,1973.9939703999999,1807.3526676560002,20362.3164035,0.9155816556469865,0.9116239908312426
2014-12-11,NO 15/9-F-14 H,5351,15/9-F-14,3420717,VOLVE,369304,MÆRSK INSPIRER,24.0,100.0,%,production,OP,3795.338744069,211.24596875,3334.317848016875,164.3065279435,27.536113949375,461.020896052125,,186.956264,1772.0910694000002,1621.671153379,20120.0958204,0.9151172766352637,0.9190537209315688
2014-12-12,NO 15/9-F-14 H,5351,15/9-F-14,3420717,VOLVE,369304,MÆRSK INSPIRER,24.0,97.91666666666667,%,production,OP,3792.8884726113192,211.2482139148936,3331.7482223716943,165.54385200753194,27.719109088305853,461.140250239625,,188.5463090638298,2085.1349131,1909.160003698,18308.0015594,0.9156050247413604,0.8977531035546303
2014-12-13,NO 15/9-F-14 H,5351,15/9-F-14,3420717,VOLVE,369304,MÆRSK INSPIRER,24.0,97.91666666666667,%,production,OP,3792.9253184351487,211.26276787234042,3331.785304718043,165.98442190506384,27.786521992085106,461.1400137171064,,189.36183314893617,1747.8124028,1598.092234483,17712.8597372,0.9143385365173358,0.9101874595992244
2014-12-14,NO 15/9-F-14 H,5351,15/9-F-14,3420717,VOLVE,369304,MÆRSK INSPIRER,24.0,97.91666666666667,%,production,OP,3792.3029326039155,211.2780219148936,3332.0484561105955,165.59522323276593,27.092515162085107,460.25447649331915,,185.4871784255319,2063.8753553,1890.129618162,20608.3108726,0.9158157799152823,0.9089688425035858
2014-12-15,NO 15/9-F-14 H,5351,15/9-F-14,3420717,VOLVE,369304,MÆRSK INSPIRER,24.0,97.91666666666667,%,production,OP,3792.283383333064,211.28997582978724,3330.9766746652344,166.28047840812766,28.01846861323404,461.3067086678298,,188.3530166382979,1929.4621156,1765.0177584430003,21186.6589021,0.9147719170915865,0.916531752272684
2014-12-16,NO 15/9-F-14 H,5351,15/9-F-14,3420717,VOLVE,369304,MÆRSK INSPIRER,24.0,100.0,%,production,OP,3792.576456077875,211.29548,3331.227589826625,167.03827032750002,28.12970311575,461.34886625125,,189.29218025,2041.8610203,1867.617556353,21011.4876936,0.9146643859622732,0.9114288754471119
2014-12-17,NO 15/9-F-14 H,5351,15/9-F-14,3420717,VOLVE,369304,MÆRSK INSPIRER,24.0,100.0,%,production,OP,3793.1045243277495,211.29548,3331.92072945025,168.057561132,27.8880395915,461.1837948775,,188.54663412500003,2100.6078457000003,1923.2251424140002,20869.778274300003,0.9155564882569075,0.90855147864184
2014-12-18,NO 15/9-F-14 H,5351,15/9-F-14,3420717,VOLVE,369304,MÆRSK INSPIRER,22.33334,75.489321875,%,production,OP,3838.4022393863843,211.23575437111063,3344.2957064753837,165.24949584320277,60.16280742571057,494.10653291100067,,185.05608157791895,1753.1587413000002,1604.124691537,18570.3495345,0.9149911264438675,0.9137373962453345
2014-12-19,NO 15/9-F-14 H,5351,15/9-F-14,3420717,VOLVE,369304,MÆRSK INSPIRER,23.66667,80.43118791666667,%,production,OP,3835.397441763892,211.25757780685495,3340.2407146438386,166.6714232770544,57.54345141879269,495.1567271200535,,184.24972792217156,1753.7248242,1605.7463425610001,19317.3273701,0.9156204670213849,0.9167708945890037
2014-12-20,NO 15/9-F-14 H,5351,15/9-F-14,3420717,VOLVE,369304,MÆRSK INSPIRER,24.0,97.91666666666667,%,production,OP,3794.5185454355747,211.29542025531916,3331.9491632629497,169.2759204488936,32.69383141875,462.569382172625,,188.9011698723404,2071.0457387,1895.885914262,20971.170011500002,0.915424453856848,0.9101195058169689
2014-12-21,NO 15/9-F-14 H,5351,15/9-F-14,3420717,VOLVE,369304,MÆRSK INSPIRER,24.0,100.0,%,production,OP,3795.1961686933755,211.30674349999998,3332.48597879575,170.443315367,33.1197778085,462.710189897625,,187.3214255,2010.5377664999999,1840.537891246,20855.500405600003,0.9154455697940257,0.9120731911943907
2014-12-22,NO 15/9-F-14 H,5351,15/9-F-14,3420717,VOLVE,369304,MÆRSK INSPIRER,24.0,97.91666666666667,%,production,OP,3796.050007849404,211.311968,3333.6102561537446,170.95040267438299,32.66672975693617,462.4397516956596,,187.27974365957448,1920.5934835000003,1759.1954238540002,20759.0147202,0.9159644864816079,0.9153162847325259
2014-12-23,NO 15/9-F-14 H,5351,15/9-F-14,3420717,VOLVE,369304,MÆRSK INSPIRER,24.0,100.0,%,production,OP,3796.04878364125,211.311968,3333.30973420325,171.490160369875,32.9569484805,462.739049438,,188.17354849999998,1966.8235869999999,1801.4953715140002,20847.763939300003,0.9159415127117857,0.9137909644549698
2014-12-24,NO 15/9-F-14 H,5351,15/9-F-14,3420717,VOLVE,369304,MÆRSK INSPIRER,24.0,100.0,%,production,OP,3796.5033085602504,211.31526875000003,3332.807872507,172.417983564,33.928144079875,463.69543605325003,,189.690989,1965.8801155,1799.8670106970003,20920.2854486,0.9155527829524964,0.9141018136046457
2014-12-25,NO 15/9-F-14 H,5351,15/9-F-14,3420717,VOLVE,369304,MÆRSK INSPIRER,24.0,100.0,%,production,OP,3796.9719958356245,211.327716875,3332.9201863082503,172.349286919625,34.590151901125,464.051809527375,,190.462004,2003.6818736,1833.369007146,21026.0800528,0.9150000463157357,0.9129959797238245
2014-12-26,NO 15/9-F-14 H,5351,15/9-F-14,3420717,VOLVE,369304,MÆRSK INSPIRER,24.0,100.0,%,production,OP,3797.7272026583755,211.33256,3333.680937812875,173.56779950362503,34.348047219624995,464.0462648455,,190.03976674999998,2055.0696213,1880.7500338420002,20955.1938941,0.9151758238984972,0.9106890010223215
2014-12-27,NO 15/9-F-14 H,5351,15/9-F-14,3420717,VOLVE,369304,MÆRSK INSPIRER,24.0,100.0,%,production,OP,3798.7504245970003,211.33256,3335.89497612075,172.67680991825,33.500916521125,462.85544847625,,188.444013875,1975.1261362,1809.108867687,21261.6963354,0.9159459917671864,0.9150001624097273
2014-12-28,NO 15/9-F-14 H,5351,15/9-F-14,3420717,VOLVE,369304,MÆRSK INSPIRER,24.0,100.0,%,production,OP,3800.28674565525,211.335377,3336.1664570405,173.598426694625,34.464539928250005,464.12028861475,,190.37264112500003,2011.1667475,1839.7055237670002,21530.2712224,0.9147453964490332,0.9145690781475851
2014-12-29,NO 15/9-F-14 H,5351,15/9-F-14,3420717,VOLVE,369304,MÆRSK INSPIRER,23.5,83.284015625,%,production,OP,3844.166608290976,211.2473902042553,3349.7408194885725,173.81547360575107,61.74957871154681,494.42578880240427,,190.26237293829786,1841.0902850999998,1684.3815850510002,20900.1580566,0.9148826641923822,0.9190418108348062
2014-12-30,NO 15/9-F-14 H,5351,15/9-F-14,3420717,VOLVE,369304,MÆRSK INSPIRER,24.0,100.0,%,production,OP,3811.10572231375,211.22352312499999,3345.3953609536247,174.44662402675002,35.843733464874994,465.710361360125,,189.296248625,2365.3459486,2165.344844496,22321.2148299,0.9154453054859156,0.9041848733072602
2014-12-31,NO 15/9-F-14 H,5351,15/9-F-14,3420717,VOLVE,369304,MÆRSK INSPIRER,24.0,100.0,%,production,OP,3806.7827529236256,211.20155262499998,3342.348457038875,173.03265158637498,34.71566113875,464.43429588475004,,187.95814324999998,2225.7121666000003,2038.291029424,21904.3262231,0.9157927336748557,0.9077617643762202
2015-01-01,NO 15/9-F-14 H,5351,15/9-F-14,3420717,VOLVE,369304,MÆRSK INSPIRER,24.0,100.0,%,production,OP,3804.227703083125,211.21368875,3343.2009692515003,173.0189606035,34.46585735675,461.026733831625,,187.30489775,3070.7481401,3077.6983532610006,20685.046554599998,1.0022633615144922,0.8707368800091081
2015-01-02,NO 15/9-F-14 H,5351,15/9-F-14,3420717,VOLVE,369304,MÆRSK INSPIRER,24.0,100.0,%,production,OP,3799.0235613672503,211.23192575,3344.93791412325,173.519402136,35.426616263374996,454.085647244,,188.30631387500003,2043.5592689999999,1725.071535538,21167.7894721,0.8441504788760791,0.911958615942834
2015-01-03,NO 15/9-F-14 H,5351,15/9-F-14,3420717,VOLVE,369304,MÆRSK INSPIRER,24.0,100.0,%,production,OP,3806.2021567447496,211.22199612499998,3348.2771300405,174.18341329462498,35.515962693,457.92502670425,,189.6116345,2162.7511685000004,1968.73095854,21178.7966396,0.9102900912569775,0.9073432839038429
2015-01-04,NO 15/9-F-14 H,5351,15/9-F-14,3420717,VOLVE,369304,MÆRSK INSPIRER,24.0,100.0,%,production,OP,3804.846531883125,211.22256424999998,3349.8602590916253,175.220658594875,35.823023247125,454.9862727915,,189.58295525,2123.3140598,1746.83810403,21179.362722500002,0.8226941728038757,0.9088811092546757
2015-01-05,NO 15/9-F-14 H,5351,15/9-F-14,3420717,VOLVE,369304,MÆRSK INSPIRER,24.0,100.0,%,production,OP,3809.112999907375,211.211465,3352.1026281555,175.853036361375,35.612545914500004,457.010371751875,,190.021018625,2084.6317283000003,1709.911641122,21002.4932653,0.8202463859246826,0.9097058759426355
2015-01-06,NO 15/9-F-14 H,5351,15/9-F-14,3420717,VOLVE,369304,MÆRSK INSPIRER,24.0,100.0,%,production,OP,3806.420991892125,211.221524,3353.929378743875,175.03165897275002,34.815704120875,452.49161314825,,189.184770125,2040.7288545,1665.4529058510002,21047.1509163,0.8161069032657225,0.9116103828173526
2015-01-07,NO 15/9-F-14 H,5351,15/9-F-14,3420717,VOLVE,369304,MÆRSK INSPIRER,24.0,100.0,%,production,OP,3809.13573159225,211.224696875,3355.79391173125,175.134439547125,34.299214738,453.341819861,,188.11260762499998,2100.2304571000004,1725.481186058,20854.3053417,0.8215675476112014,0.908504773282769
2015-01-08,NO 15/9-F-14 H,5351,15/9-F-14,3420717,VOLVE,369304,MÆRSK INSPIRER,24.0,100.0,%,production,OP,3812.145412108625,211.219911125,3357.0478921495,175.44734996725,34.111653409375,455.097519959125,,187.51801475000002,2027.8976421000002,1651.3326762030001,20519.3100611,0.814307705635948,0.9100599209980138
2015-01-09,NO 15/9-F-14 H,5351,15/9-F-14,3420717,VOLVE,369304,MÆRSK INSPIRER,18.0,56.219673541666666,%,production,OP,3879.2225134267414,211.119154025,3379.892929861867,166.33785442943335,74.67833924059167,499.329583564875,,180.607010175,1191.7931988,970.72341066,14369.511231700002,0.8145065869124005,0.9234130272225702
2015-01-10,NO 15/9-F-14 H,5351,15/9-F-14,3420717,VOLVE,369304,MÆRSK INSPIRER,20.75,65.139583125,%,production,OP,3887.9419666855956,211.08986537108433,3367.311231841388,167.35547271474218,74.72468880077349,520.6307348442073,,179.5735293301205,1452.94611,1182.929089813,16244.5664908,0.8141589572189982,0.917901111711353
2015-01-11,NO 15/9-F-14 H,5351,15/9-F-14,3420717,VOLVE,369304,MÆRSK INSPIRER,24.0,84.24665645833333,%,production,OP,3841.541266748125,211.163375,3363.418647018375,178.57896211725,45.539191386125,478.12261972974994,,187.85464925,1776.7455288,1439.6923853970002,20302.8148009,0.810297457942307,0.9195298501297585
2015-01-12,NO 15/9-F-14 H,5351,15/9-F-14,3420717,VOLVE,369304,MÆRSK INSPIRER,24.0,100.0,%,production,OP,3829.088739182125,211.188240125,3365.814704994625,178.691176204875,30.05966334925,463.2740341875,,185.46640625,1966.8864850999998,1600.581920833,20909.5927716,0.8137642578552893,0.9140214513330785
2015-01-13,NO 15/9-F-14 H,5351,15/9-F-14,3420717,VOLVE,369304,MÆRSK INSPIRER,24.0,100.0,%,production,OP,3825.179901628,211.188000875,3365.38649540775,178.742296056625,30.239247587875,459.79340622025,,186.23758625,1984.4350550000001,1621.9812164450002,20991.5489959,0.8173516247650645,0.9136300299215141
2015-01-14,NO 15/9-F-14 H,5351,15/9-F-14,3420717,VOLVE,369304,MÆRSK INSPIRER,24.0,100.0,%,production,OP,3827.8419411665,211.163262875,3365.735994685,178.6913967835,31.172820934375004,462.1059464815,,186.57967775000003,1774.3554010000003,1461.0662544250001,20299.9843864,0.8234349519840078,0.9196190953800213
2015-01-15,NO 15/9-F-14 H,5351,15/9-F-14,3420717,VOLVE,369304,MÆRSK INSPIRER,24.0,100.0,%,production,OP,3827.73388181325,211.139703875,3367.1019988284997,177.80732369775,30.619325710125004,460.63188298475,,185.95891325,1893.3586062,1543.840026608,20550.130130100002,0.8153975805494718,0.9156388461506125
2015-01-16,NO 15/9-F-14 H,5351,15/9-F-14,3420717,VOLVE,369304,MÆRSK INSPIRER,24.0,100.0,%,production,OP,3827.06795192275,211.134812,3366.0576678176253,178.391962810875,30.934163927,461.010284105125,,185.87297825000002,1919.8387063000002,1531.9499202650002,19749.1228266,0.7979576176049931,0.9114014437939212
2015-01-17,NO 15/9-F-14 H,5351,15/9-F-14,3420717,VOLVE,369304,MÆRSK INSPIRER,24.0,100.0,%,production,OP,3826.98572142,211.134812,3365.912385066,178.15786241400002,31.235528718,461.073336354,,185.760896,1775.6762611000001,1464.243164837,18813.450691,0.8246115561233708,0.9137566024421016
2015-01-18,NO 15/9-F-14 H,5351,15/9-F-14,3420717,VOLVE,369304,MÆRSK INSPIRER,24.0,100.0,%,production,OP,3826.98572142,211.134812,3365.912385066,178.15786241400002,31.235528718,461.073336354,,185.760896,1873.9859914,1538.8345210300001,18818.859927600002,0.8211558293882346,0.9094379768382017
2015-01-19,NO 15/9-F-14 H,5351,15/9-F-14,3420717,VOLVE,369304,MÆRSK INSPIRER,24.0,100.0,%,production,OP,3826.98572142,211.134812,3365.912385066,178.15786241400002,31.235528718,461.073336354,,185.760896,1895.8745302000002,1551.7950159300003,18995.6664867,0.8185114527417053,0.9092515708311631
2015-01-20,NO 15/9-F-14 H,5351,15/9-F-14,3420717,VOLVE,369304,MÆRSK INSPIRER,22.0,69.243973125,%,production,OP,3892.333878419215,211.0351440947082,3385.021903909989,174.39337323741188,78.2366477989647,507.31197450922633,,184.12220081558544,1353.4413158,1111.4546090420001,16361.431160600001,0.8212063545474338,0.9235985854482965
2015-01-21,NO 15/9-F-14 H,5351,15/9-F-14,3420717,VOLVE,369304,MÆRSK INSPIRER,24.0,91.83016166666667,%,production,OP,3816.589416095489,211.10953731914896,3365.3030835139148,181.56874574731916,34.1875858812766,451.28633258157447,,187.7831190212766,1877.7598774000003,1547.8182275630002,20932.487680000002,0.8242897540798205,0.9176791101159784
2015-01-22,NO 15/9-F-14 H,5351,15/9-F-14,3420717,VOLVE,369304,MÆRSK INSPIRER,24.0,100.0,%,production,OP,3812.7363059855,211.097732,3366.146412943875,181.96315794425,29.699863352375,446.58989304162503,,188.25341825,1977.0130792,1640.874227798,20977.837210100002,0.8299764149572451,0.9138738412891523
2015-01-23,NO 15/9-F-14 H,5351,15/9-F-14,3420717,VOLVE,369304,MÆRSK INSPIRER,24.0,100.0,%,production,OP,3812.609527665375,211.100951,3366.120197325375,181.34256451525,29.075979373750002,446.48933034000004,,187.2477935,1948.7718323,1622.7941608390001,20419.1762859,0.832726609622497,0.9128765936865548
2015-01-24,NO 15/9-F-14 H,5351,15/9-F-14,3420717,VOLVE,369304,MÆRSK INSPIRER,24.0,100.0,%,production,OP,3811.4746571973196,211.09688140425533,3364.6336158791487,182.38404137629786,29.37832329982979,446.8410413181702,,189.703544,1938.4565439,1606.156346228,20193.435005,0.8285748531646514,0.9124134265877358
2015-01-25,NO 15/9-F-14 H,5351,15/9-F-14,3420717,VOLVE,369304,MÆRSK INSPIRER,24.0,100.0,%,production,OP,3810.2295090532343,211.0878289361702,3363.813043335702,182.1975626251915,28.637910481659574,446.4164657175319,,188.71342374468085,1911.6619533,1598.4520912760001,20180.540894499998,0.8361583430149235,0.9134689298993844
2015-01-26,NO 15/9-F-14 H,5351,15/9-F-14,3420717,VOLVE,369304,MÆRSK INSPIRER,22.0,100.0,%,production,OP,3824.9166737733335,211.0633993069307,3372.1860516233264,182.12687882115512,28.76494089518812,452.7306221500066,,189.92270859405943,1745.0448864,1457.102532497,18322.4681224,0.8349942994893269,0.913041297861137
2015-01-27,NO 15/9-F-14 H,5351,15/9-F-14,3420717,VOLVE,369304,MÆRSK INSPIRER,16.44167,53.837049375,%,production,OP,3867.697218097803,210.99915771994085,3383.206219239424,170.95080883513538,64.10396860704209,484.4909988583789,,181.90737526756953,747.3552242,616.6529312550001,9907.457119600002,0.8251135621820146,0.9298574953659429
2015-01-28,NO 15/9-F-14 H,5351,15/9-F-14,3420717,VOLVE,369304,MÆRSK INSPIRER,24.0,100.0,%,production,OP,3816.304545969625,211.039304,3361.989037668625,183.204819197375,29.933126759125,454.315508301,,187.88493912500002,1949.2121189999998,1609.9876380310002,19606.344139599998,0.8259684117175348,0.9095726366039696
2015-01-29,NO 15/9-F-14 H,5351,15/9-F-14,3420717,VOLVE,369304,MÆRSK INSPIRER,24.0,100.0,%,production,OP,3818.296123180125,211.04168599999997,3364.076509170125,183.9952672325,29.195777740125003,454.21961401,,189.35149775,1943.2996976,1617.771351058,19497.278834200002,0.83248680224464,0.9093634672815495
2015-01-30,NO 15/9-F-14 H,5351,15/9-F-14,3420717,VOLVE,369304,MÆRSK INSPIRER,24.0,100.0,%,production,OP,3817.502807622875,211.05764525,3363.856534870125,184.438663506625,29.163156276624996,453.64627275275,,189.43169412499998,1745.9254598,1444.3352090060002,19624.8990791,0.8272605230073524,0.9183033178424165
2015-01-31,NO 15/9-F-14 H,5351,15/9-F-14,3420717,VOLVE,369304,MÆRSK INSPIRER,18.94166,77.32078208333333,%,production,OP,3844.3851821225576,211.01256031377713,3379.432852203655,180.07115779908233,45.955624004415654,464.95232991890293,,185.9568785574749,1071.5320316000002,875.177017781,13985.392535,0.8167530152824223,0.928834601856416
2015-02-01,NO 15/9-F-14 H,5351,15/9-F-14,3420717,VOLVE,369304,MÆRSK INSPIRER,21.05833,72.403036875,%,production,OP,3841.2566141390694,211.00306421561825,3372.764847438212,175.63570508372442,47.632492108761,468.4917667008569,,184.92690548073753,1157.0105495,958.061324975,15039.564691,0.8280489105211915,0.9285644938933224
2015-02-02,NO 15/9-F-14 H,5351,15/9-F-14,3420717,VOLVE,369304,MÆRSK INSPIRER,24.0,100.0,%,production,OP,3807.634848152,211.009833125,3356.636748700625,183.55407070137503,27.93039673075,450.998099451375,,189.25002875,1699.8211525,1408.5366976159999,19456.1434768,0.8286381749894125,0.9196528646986944
2015-02-03,NO 15/9-F-14 H,5351,15/9-F-14,3420717,VOLVE,369304,MÆRSK INSPIRER,15.94167,76.40841854166666,%,production,OP,3813.9736939149775,211.01362930755812,3362.8961894817708,185.21705381832567,30.2521900203076,451.07750443320674,,189.65004351535316,878.4348646,731.221587289,17170.049134200002,0.8324141228410438,0.9513291606841657
2015-02-04,NO 15/9-F-14 H,5351,15/9-F-14,3420717,VOLVE,369304,MÆRSK INSPIRER,18.05833,56.67800583333333,%,production,OP,3852.2876489731957,210.96695312612627,3379.7113739397564,168.6938012614943,52.310765007513155,472.5762750334393,,180.30205833229098,671.4372175,600.8262953030002,12983.0484134,0.8948361509361822,0.9508266194970726
2015-02-05,NO 15/9-F-14 H,5351,15/9-F-14,3420717,VOLVE,369304,MÆRSK INSPIRER,24.0,100.0,%,production,OP,3796.3522454400004,210.977980625,3348.463676103125,185.195169628125,26.986477340249998,447.888569336875,,188.79289175000002,2125.9557800000002,1973.845939688,19316.1323062,0.9284510798658285,0.9008512710397709
2015-02-06,NO 15/9-F-14 H,5351,15/9-F-14,3420717,VOLVE,369304,MÆRSK INSPIRER,24.0,100.0,%,production,OP,3786.579158950875,210.984653,3345.780264611,186.76112678437502,27.85564172825,440.798894339875,,189.50231187499998,1300.1666251000001,1107.834852292,18645.8272545,0.8520714429250887,0.9348156510551344
2015-02-07,NO 15/9-F-14 H,5351,15/9-F-14,3420717,VOLVE,369304,MÆRSK INSPIRER,24.0,100.0,%,production,OP,3794.6012197957502,211.039109,3353.33858760225,187.350781795,28.407819524,441.2626321935,,189.21508887500002,1567.7980406,1361.61123055,19476.3337669,0.8684863708777875,0.9254995143091983
2015-02-08,NO 15/9-F-14 H,5351,15/9-F-14,3420717,VOLVE,369304,MÆRSK INSPIRER,24.0,100.0,%,production,OP,3801.36332646975,211.052833625,3357.42413885125,187.927026833875,29.015534787249997,443.9391876185,,189.27623450000002,1607.9899265000001,1449.614403509,19854.8545327,0.901507142314178,0.9250802972757538
2015-02-09,NO 15/9-F-14 H,5351,15/9-F-14,3420717,VOLVE,369304,MÆRSK INSPIRER,24.0,100.0,%,production,OP,3797.0088536173753,211.050282875,3353.73549617575,188.564837482125,29.337168638749997,443.273357441625,,189.78367662500003,1847.8203818,1694.7213760640002,19995.934971,0.9171461646142993,0.915407385224943
2015-02-10,NO 15/9-F-14 H,5351,15/9-F-14,3420717,VOLVE,369304,MÆRSK INSPIRER,24.0,100.0,%,production,OP,3802.8776259250003,211.09312475,3358.3598484866247,191.1748899625,31.0363794575,444.51777743837505,,189.90446450000002,1578.0504309,1362.067849621,19958.0703148,0.8631332832906867,0.9267254093931898
2015-02-11,NO 15/9-F-14 H,5351,15/9-F-14,3420717,VOLVE,369304,MÆRSK INSPIRER,24.0,100.0,%,production,OP,3809.032225827875,211.13522749999998,3363.267855844375,191.4855130125,31.673691537624997,445.7643699835,,188.42453675,1714.3506136,1472.556951511,20542.0791733,0.8589590366341384,0.9229727934797046
2015-02-12,NO 15/9-F-14 H,5351,15/9-F-14,3420717,VOLVE,369304,MÆRSK INSPIRER,24.0,100.0,%,production,OP,3814.41785842775,211.17599675,3367.4882320008746,193.184524404,32.51344040625,446.929626426875,,189.60031700000002,1685.6690800000001,1443.819614386,20297.2797681,0.85652613049413,0.9233192465829855
2015-02-13,NO 15/9-F-14 H,5351,15/9-F-14,3420717,VOLVE,369304,MÆRSK INSPIRER,24.0,98.46565854166667,%,production,OP,3786.2424676007618,209.66981478433715,3342.5997907948786,191.33934787393298,32.24101297973473,443.6426768058835,,187.27670617270934,1710.5767276,1463.1409930500001,20329.7351877,0.8553495259478007,0.922388724162631
2015-02-14,NO 15/9-F-14 H,5351,15/9-F-14,3420717,VOLVE,369304,MÆRSK INSPIRER,24.0,100.0,%,production,OP,3821.2357563857504,211.27042475,3373.82157915225,193.99970746137498,33.337216965125,447.41417723349997,,186.42794112500002,1703.1547517999998,1454.184831983,20695.7392316,0.8538183805353725,0.9239625513178364
2015-02-15,NO 15/9-F-14 H,5351,15/9-F-14,3420717,VOLVE,369304,MÆRSK INSPIRER,24.0,97.91178666666667,%,production,OP,3795.3961117689987,209.86437441804318,3350.830547240722,191.69371301806453,33.908893627627265,444.56556452827704,,183.4743693480999,1698.0600057000001,1445.901062804,20549.626945300002,0.8515017478478027,0.9236747618105227
2015-02-16,NO 15/9-F-14 H,5351,15/9-F-14,3420717,VOLVE,369304,MÆRSK INSPIRER,24.0,100.0,%,production,OP,3830.219866371125,211.352238875,3381.10861460775,194.677355213625,34.587311573625,449.111251763375,,186.5547395,1696.1730627000002,1446.6599757069998,22304.735527700002,0.8528964452508043,0.9293287978531595
2015-02-17,NO 15/9-F-14 H,5351,15/9-F-14,3420717,VOLVE,369304,MÆRSK INSPIRER,24.0,93.47826086956522,%,production,OP,3834.8087001125577,211.38638209302323,3383.137664606093,197.3484878055349,36.304859791255815,451.6710355064651,,188.14167786363637,1639.4389764999999,1413.511126258,22350.1479559,0.8621919733027649,0.9316603916057513
2015-02-18,NO 15/9-F-14 H,5351,15/9-F-14,3420717,VOLVE,369304,MÆRSK INSPIRER,24.0,100.0,%,production,OP,3836.306845328125,211.40259799999998,3384.79713641825,197.45420441562501,36.28648311125,451.50970890987503,,187.11400175,1729.068769,1451.210981096,21604.4909804,0.8393020608054255,0.9258977718115016
2015-02-19,NO 15/9-F-14 H,5351,15/9-F-14,3420717,VOLVE,369304,MÆRSK INSPIRER,24.0,100.0,%,production,OP,3835.1182951776245,211.40259799999998,3384.082664122125,197.38777399,35.744189050875,451.0356310555,,187.25232087499998,1749.0074667,1460.6008066790002,22024.8389827,0.8351026707935325,0.9264314476657124
2015-02-20,NO 15/9-F-14 H,5351,15/9-F-14,3420717,VOLVE,369304,MÆRSK INSPIRER,24.0,100.0,%,production,OP,3836.31470457475,211.3864415,3382.417126292375,197.62141207825,35.208890052375,453.897578282375,,189.17071025,1708.0608036,1433.570935299,24979.1627397,0.8392973670946194,0.9359970586363668
2015-02-21,NO 15/9-F-14 H,5351,15/9-F-14,3420717,VOLVE,369304,MÆRSK INSPIRER,24.0,100.0,%,production,OP,3831.337299555625,211.3829045,3380.69225885575,198.102349021375,35.36440402625,450.64504069987504,,190.86349625,1670.4477398,1400.4489250220001,23886.0566598,0.8383673979466569,0.9346370804989219
2015-02-22,NO 15/9-F-14 H,5351,15/9-F-14,3420717,VOLVE,369304,MÆRSK INSPIRER,24.0,100.0,%,production,OP,3832.46525706,211.38612799999999,3383.0399315508753,196.86982516225,34.327198007125,449.425325509125,,188.951220875,1735.98756,1454.2681746750002,23421.9315799,0.8377180851889285,0.9309963773098087
2015-02-23,NO 15/9-F-14 H,5351,15/9-F-14,3420717,VOLVE,369304,MÆRSK INSPIRER,24.0,100.0,%,production,OP,3833.4619098499998,211.38612799999999,3384.3143713920003,196.56105739,33.89871043075,449.147538458,,187.562038625,1733.4087378999998,1463.955350032,22030.4369136,0.8445528847429034,0.9270568929237853
2015-02-24,NO 15/9-F-14 H,5351,15/9-F-14,3420717,VOLVE,369304,MÆRSK INSPIRER,24.0,100.0,%,production,OP,3837.8906512232497,211.379669375,3385.85814982075,197.119051813875,33.8913799685,452.0325014025,,189.1363805,1695.7956741,1414.326542681,22565.7626427,0.834019430690916,0.9301035963165754
2015-02-25,NO 15/9-F-14 H,5351,15/9-F-14,3420717,VOLVE,369304,MÆRSK INSPIRER,24.0,100.0,%,production,OP,3836.522426185375,211.379961125,3386.0038525782497,198.962720480625,34.767321861375,450.518573607125,,190.83455600000002,1711.8975877,1407.985435149,22772.0055126,0.8224705994478808,0.9300806909467377
2015-02-26,NO 15/9-F-14 H,5351,15/9-F-14,3420717,VOLVE,369304,MÆRSK INSPIRER,24.0,100.0,%,production,OP,3835.9776000032502,211.37111224999998,3387.142403899875,196.77638745237502,33.635125017125,448.835196103375,,187.91560099999998,1710.0106447,1409.45911758,20748.0075527,0.8242399671303052,0.9238574557349869
2015-02-27,NO 15/9-F-14 H,5351,15/9-F-14,3420717,VOLVE,369304,MÆRSK INSPIRER,24.0,100.0,%,production,OP,3835.541401239875,211.36964,3386.490101538125,197.348229983625,34.300897783125,449.05129970175,,187.76276787499998,1718.6905825000001,1434.885348433,22374.9298073,0.834871246193612,0.928666154994805
2015-02-28,NO 15/9-F-14 H,5351,15/9-F-14,3420717,VOLVE,369304,MÆRSK INSPIRER,24.0,100.0,%,production,OP,3836.2076212063753,211.368363875,3388.7778221716253,197.07372441725,33.128144688125,447.42979903475003,,187.724051375,1709.0042750999999,1464.990777036,22311.2769301,0.8572189071617614,0.9288516124977743
2015-03-01,NO 15/9-F-14 H,5351,15/9-F-14,3420717,VOLVE,369304,MÆRSK INSPIRER,24.0,100.0,%,production,OP,3841.171885178375,211.35586025,3390.063674690375,196.789882029625,32.608080722874995,451.108210488,,187.527435875,1709.8848485,1457.26462697,22094.215587,0.8522589274057774,0.9281684744553513
2015-03-02,NO 15/9-F-14 H,5351,15/9-F-14,3420717,VOLVE,369304,MÆRSK INSPIRER,24.0,100.0,%,production,OP,3848.573996200375,211.344092,3390.762229066,198.86729151987498,32.633734319125,457.811767134375,,190.80308225,1700.8904202,1447.15755983,21984.143912,0.8508235114051823,0.9281871245638168
2015-03-03,NO 15/9-F-14 H,5351,15/9-F-14,3420717,VOLVE,369304,MÆRSK INSPIRER,24.0,100.0,%,production,OP,3847.926226276125,211.349048,3390.27031455925,198.36873245975002,32.701074253875,457.65591171687504,,189.448266875,1705.2932872000001,1443.7164954620002,21755.9496052,0.8466089125539836,0.9273144523919316
2015-03-04,NO 15/9-F-14 H,5351,15/9-F-14,3420717,VOLVE,369304,MÆRSK INSPIRER,24.0,100.0,%,production,OP,3821.5994299338404,209.8500065441604,3367.511646518903,197.9924655799298,32.6516627887418,454.08778341493695,,189.88020305491253,1779.4501471,1508.351225137,22104.0905887,0.847650173057776,0.9254947092315876
2015-03-05,NO 15/9-F-14 H,5351,15/9-F-14,3420717,VOLVE,369304,MÆRSK INSPIRER,24.0,100.0,%,production,OP,3843.304850265875,211.36049675,3391.1407178135,198.961475571125,33.132577411999996,452.164132452375,,188.922735875,1699.9469487,1444.685177683,21864.5117258,0.8498413311002403,0.9278597071894727
2015-03-06,NO 15/9-F-14 H,5351,15/9-F-14,3420717,VOLVE,369304,MÆRSK INSPIRER,24.0,100.0,%,production,OP,3839.610049518625,211.36964,3392.5337352845,199.03556279449998,32.79873015225,447.076314234125,,189.0007685,1647.6786275999998,1392.910296013,21843.755352800003,0.8453774132167424,0.9298604491758684
2015-03-07,NO 15/9-F-14 H,5351,15/9-F-14,3420717,VOLVE,369304,MÆRSK INSPIRER,24.0,100.0,%,production,OP,3840.60879629475,211.36964,3394.004435712625,197.562801618125,31.935636208874996,446.604360582125,,186.0681485,1634.0297399,1391.082407141,21857.9703234,0.8513201278858804,0.9304431408353034
2015-03-08,NO 15/9-F-14 H,5351,15/9-F-14,3420717,VOLVE,369304,MÆRSK INSPIRER,24.0,97.91666666666667,%,production,OP,3841.2072034100424,211.36964,3393.562867585915,199.6887504280851,32.96368117531915,447.64433582412767,,189.58510974468084,1625.9787830999999,1382.8675016270004,21780.9201509,0.8504831157701227,0.930534207556296
2015-03-09,NO 15/9-F-14 H,5351,15/9-F-14,3420717,VOLVE,369304,MÆRSK INSPIRER,24.0,100.0,%,production,OP,3841.9774201871255,211.36964,3395.378619395,198.53309073,31.937110761874997,446.59880079212496,,187.98965975000002,1656.9875464,1397.298853782,21945.713172900003,0.8432766177499619,0.9297966971616483
2015-03-10,NO 15/9-F-14 H,5351,15/9-F-14,3420717,VOLVE,369304,MÆRSK INSPIRER,24.0,100.0,%,production,OP,3842.5281234298754,211.37475425,3395.484500156625,198.295322080375,32.599783340625,447.04362327325003,,188.91975050000002,1646.1061751,1372.459553243,21852.6239849,0.8337612567182211,0.9299491434689507
2015-03-11,NO 15/9-F-14 H,5351,15/9-F-14,3420717,VOLVE,369304,MÆRSK INSPIRER,24.0,100.0,%,production,OP,3843.24226334725,211.38055549999999,3397.235444217,199.19133964975,31.92942072625,446.00681913025,,188.253308,1643.0241682000003,1366.879830643,21927.1582334,0.8319292297084543,0.9302922590837283
2015-03-12,NO 15/9-F-14 H,5351,15/9-F-14,3420717,VOLVE,369304,MÆRSK INSPIRER,24.0,100.0,%,production,OP,3842.4300173093748,211.376663375,3396.175020031375,199.523866459375,32.3258156235,446.254997278,,188.788259,1639.4389764999999,1365.6664175510002,22575.0086634,0.8330083870925954,0.9322950082991539
2015-03-13,NO 15/9-F-14 H,5351,15/9-F-14,3420717,VOLVE,369304,MÆRSK INSPIRER,24.0,100.0,%,production,OP,3842.673155386625,211.36969887499998,3397.2846785747497,198.66924213087498,31.4414464185,445.388476811875,,188.243604125,1618.1165206,1363.8000356560003,21861.4297189,0.8428317851611212,0.9310839952316532
2015-03-14,NO 15/9-F-14 H,5351,15/9-F-14,3420717,VOLVE,369304,MÆRSK INSPIRER,24.0,100.0,%,production,OP,3843.529369089875,211.3698545,3397.958189722375,199.82562708325,31.868580306875003,445.5711793675,,188.343995,1627.7399299,1362.5763813010003,21875.0786066,0.8370971039487309,0.9307427776216665
2015-03-15,NO 15/9-F-14 H,5351,15/9-F-14,3420717,VOLVE,369304,MÆRSK INSPIRER,24.0,100.0,%,production,OP,3844.4584734530004,211.375138625,3398.5763144837497,199.91347176525,31.97003136625,445.88215896925,,188.87958275,1613.7136536,1337.3034162459999,21926.0889657,0.8287117192462478,0.9314474433070676
2015-03-16,NO 15/9-F-14 H,5351,15/9-F-14,3420717,VOLVE,369304,MÆRSK INSPIRER,24.0,100.0,%,production,OP,3845.01117096825,211.376916125,3399.672557012125,199.105298877875,31.455874677875002,445.338613956125,,187.498025375,1630.318752,1344.982597761,22268.7578145,0.8249813701222767,0.9317831905570251
2015-03-17,NO 15/9-F-14 H,5351,15/9-F-14,3420717,VOLVE,369304,MÆRSK INSPIRER,24.0,100.0,%,production,OP,3846.133961493875,211.36964,3401.1128417630002,198.836341015,31.001065726125,445.021119730875,,185.9940305,1649.1252839,1348.689934967,21771.9257226,0.8178213918214245,0.9295879043411706
2015-03-18,NO 15/9-F-14 H,5351,15/9-F-14,3420717,VOLVE,369304,MÆRSK INSPIRER,24.0,100.0,%,production,OP,3847.568813363,211.36806124999998,3400.1602865682503,202.74078512637502,32.071231630750006,447.40852679475,,191.386379,1659.4405723,1354.501675146,21725.381128600002,0.8162399411921382,0.9290377068713707
2015-03-19,NO 15/9-F-14 H,5351,15/9-F-14,3420717,VOLVE,369304,MÆRSK INSPIRER,24.0,100.0,%,production,OP,3847.0203340362505,211.36793112499998,3400.1426976891253,202.27899924250002,32.394530397625,446.877636347125,,190.76100987499998,1662.7112735000003,1366.425330454,21779.5992908,0.8218055366748553,0.9290722103122325
2015-03-20,NO 15/9-F-14 H,5351,15/9-F-14,3420717,VOLVE,369304,MÆRSK INSPIRER,24.0,100.0,%,production,OP,3846.6735874593755,211.35228687499998,3400.430205307875,201.317965368,31.563236035750002,446.24338215150004,,190.57784375,1707.4947207000002,1397.3094481920002,23586.535907600002,0.8183389566318323,0.9324941625242762
2015-03-21,NO 15/9-F-14 H,5351,15/9-F-14,3420717,VOLVE,369304,MÆRSK INSPIRER,24.0,100.0,%,production,OP,3846.293146742125,211.349048,3400.244212202625,200.78565173500002,31.5269221465,446.0489345395,,191.111429,1725.4206792,1408.4360507210001,22172.7753139,0.8162855978833108,0.9278012164726505
2015-03-22,NO 15/9-F-14 H,5351,15/9-F-14,3420717,VOLVE,369304,MÆRSK INSPIRER,24.0,100.0,%,production,OP,3846.9825032912504,211.34601387499998,3400.924579417375,199.410084148375,30.548051619625,446.057923873875,,187.42597962500002,1620.6324446,1379.367108563,21863.5682543,0.8511288991893851,0.9309905214412552
2015-03-23,NO 15/9-F-14 H,5351,15/9-F-14,3420717,VOLVE,369304,MÆRSK INSPIRER,24.0,99.99409270833333,%,production,OP,3845.530470462375,211.353156875,3399.93025630025,200.809616242875,31.267681829624998,445.60021416212504,,189.47951937500002,1443.511395,1263.1104098689998,20106.1324422,0.875026282607904,0.9330146054428916
2015-03-24,NO 15/9-F-14 H,5351,15/9-F-14,3420717,VOLVE,369304,MÆRSK INSPIRER,24.0,79.223428125,%,production,OP,3856.195453024375,211.35584825,3400.1418486125,202.99187914225,41.59086119325,456.053604411875,,191.3138795,1228.399893,1062.360466249,18864.7126425,0.8648327570710721,0.9388646288209607
2015-03-25,NO 15/9-F-14 H,5351,15/9-F-14,3420717,VOLVE,369304,MÆRSK INSPIRER,24.0,81.28986208333333,%,production,OP,3857.791245705875,211.373868875,3399.95056162025,202.867089051375,40.97625058175,457.840684085625,,190.789097375,1575.4716088,1336.017608019,21626.6940097,0.8480112244209931,0.9320980793472221
2015-03-26,NO 15/9-F-14 H,5351,15/9-F-14,3420717,VOLVE,369304,MÆRSK INSPIRER,24.0,100.0,%,production,OP,3868.6236051415,211.36557275,3402.554277753,199.99006693737502,30.519355247,466.06932738849997,,186.972963875,1696.361757,1399.5028442090002,22430.9720144,0.8250025906526023,0.9296912881849039
2015-03-27,NO 15/9-F-14 H,5351,15/9-F-14,3420717,VOLVE,369304,MÆRSK INSPIRER,24.0,100.0,%,production,OP,3851.56959594425,211.38956525,3400.5125899135,204.193485734375,33.419096959375,451.05700603075,,191.412605375,1722.5902647,1392.425425182,21973.7657255,0.8083323432833285,0.927305689304617
2015-03-28,NO 15/9-F-14 H,5351,15/9-F-14,3420717,VOLVE,369304,MÆRSK INSPIRER,24.0,100.0,%,production,OP,3850.0904621607497,211.38612799999999,3403.166437826625,201.49507489575,31.823319385999998,446.924024334125,,188.262074,1643.2128625,1235.4335731850001,21865.3922992,0.7518402523367541,0.9301016435812574
2015-03-29,NO 15/9-F-14 H,5351,15/9-F-14,3420717,VOLVE,369304,MÆRSK INSPIRER,24.0,97.82608695652173,%,production,OP,3850.0418914617276,211.38376059090908,3402.147607682591,203.9400546289091,32.493845442818184,447.89428377913634,,191.38169831818183,1574.4023411,1270.727437512,20823.5481708,0.8071173450010058,0.929707749811148
2015-03-30,NO 15/9-F-14 H,5351,15/9-F-14,3420717,VOLVE,369304,MÆRSK INSPIRER,24.0,97.91666666666667,%,production,OP,3853.576019362724,211.3635981276596,3403.0103343144256,202.6829241578298,31.891059461047874,450.5656850482979,,190.7647060425532,1620.3179541000002,1313.7195532920002,21982.1940709,0.8107788659428273,0.9313497668221187
2015-03-31,NO 15/9-F-14 H,5351,15/9-F-14,3420717,VOLVE,369304,MÆRSK INSPIRER,24.0,100.0,%,production,OP,3849.834424766375,211.364044625,3402.8197758552496,201.94769316937501,31.466619576375003,447.014648911125,,190.33995124999998,1645.0369074000002,1312.550989869,21776.7059782,0.7978854358614372,0.9297645390680387
2015-04-01,NO 15/9-F-14 H,5351,15/9-F-14,3420717,VOLVE,369304,MÆRSK INSPIRER,24.0,100.0,%,production,OP,3849.94688662725,211.34310275,3403.3498081613748,201.15550165662498,31.835445167125,446.59707846587503,,190.426462625,1580.2518644000002,1299.0314632680002,21550.398614399997,0.8220407724443499,0.9316814775335284
2015-04-02,NO 15/9-F-14 H,5351,15/9-F-14,3420717,VOLVE,369304,MÆRSK INSPIRER,24.0,100.0,%,production,OP,3850.9345772775,211.33256,3404.8034907974998,201.747253675,31.978437527,446.13108647999996,,190.86140074999997,1610.7574429,1318.064320833,21550.0841239,0.818288518015452,0.9304534147321768
2015-04-03,NO 15/9-F-14 H,5351,15/9-F-14,3420717,VOLVE,369304,MÆRSK INSPIRER,24.0,100.0,%,production,OP,3851.6745279156253,211.327929875,3405.0884965107502,204.00941740425,31.546423714250004,446.58603140487503,,191.324705,1598.4923134,1288.283434323,21417.5578272,0.8059365838192962,0.9305487994840488
2015-04-04,NO 15/9-F-14 H,5351,15/9-F-14,3420717,VOLVE,369304,MÆRSK INSPIRER,24.0,100.0,%,production,OP,3850.68662273,211.3151825,3405.225886777875,203.8006170735,31.2608741085,445.46073595212505,,191.16402499999998,1594.0265483,1301.588600695,21370.3842522,0.816541356907211,0.9305870913846701
2015-04-05,NO 15/9-F-14 H,5351,15/9-F-14,3420717,VOLVE,369304,MÆRSK INSPIRER,24.0,100.0,%,production,OP,3849.9788735495,211.314243875,3405.0590054507497,203.079708716125,30.964507085250002,444.91986809875,,191.01278599999998,1586.0384896,1298.594620429,21215.7178243,0.8187661453011185,0.9304422664743089
2015-04-06,NO 15/9-F-14 H,5351,15/9-F-14,3420717,VOLVE,369304,MÆRSK INSPIRER,24.0,100.0,%,production,OP,3848.2044907439995,211.311968,3403.481563097875,203.05073435399999,31.016506229875002,444.72292764612496,,190.494127625,1585.4724067,1294.432429887,21502.9105489,0.8164332752918921,0.9313302967232944
2015-04-07,NO 15/9-F-14 H,5351,15/9-F-14,3420717,VOLVE,369304,MÆRSK INSPIRER,24.0,100.0,%,production,OP,3844.915460996375,211.09273925,3401.3734659841252,201.89500509425,29.927518623125003,443.54199501224997,,190.877173625,1575.5345069,1285.165852607,19976.8768467,0.8157014949394379,0.9268975298841987
2015-04-08,NO 15/9-F-14 H,5351,15/9-F-14,3420717,VOLVE,369304,MÆRSK INSPIRER,24.0,100.0,%,production,OP,3844.6508482302497,211.278717875,3401.810876419125,202.092782537,29.192242438875002,442.839971811125,,190.6718345,1582.7048903,1288.3191021700002,20042.8569536,0.8139983076224657,0.9268132360340761
2015-04-09,NO 15/9-F-14 H,5351,15/9-F-14,3420717,VOLVE,369304,MÆRSK INSPIRER,24.0,100.0,%,production,OP,3844.783996135875,211.27901000000003,3402.777663467625,201.26418648625,28.470252339749997,442.00633266825,,189.07601562500003,1577.4843480000002,1285.2664995020002,19983.8585358,0.8147570536161035,0.9268373794479546
2015-04-10,NO 15/9-F-14 H,5351,15/9-F-14,3420717,VOLVE,369304,MÆRSK INSPIRER,24.0,100.0,%,production,OP,3844.45873331275,211.27901000000003,3402.7660181248752,200.956152968875,27.85051705225,441.69271518787497,,188.7869435,1561.0050458,1282.6069494449998,20063.9278171,0.8216545826651548,0.9278145714626435
2015-04-11,NO 15/9-F-14 H,5351,15/9-F-14,3420717,VOLVE,369304,MÆRSK INSPIRER,24.0,100.0,%,production,OP,3844.273921662875,211.27901000000003,3402.6903354835003,200.312063383875,27.745307091375,441.583586179375,,188.316781625,1567.1690596,1277.580961341,19979.2669745,0.8152157889507378,0.92726550891666
2015-04-12,NO 15/9-F-14 H,5351,15/9-F-14,3420717,VOLVE,369304,MÆRSK INSPIRER,24.0,100.0,%,production,OP,3844.751546905,211.279052375,3402.37705944675,200.563831222125,28.519084821375,442.37448745825003,,187.943121875,1570.1881684,1289.765592282,19961.5297103,0.8214082988513748,0.9270755739395373
2015-04-13,NO 15/9-F-14 H,5351,15/9-F-14,3420717,VOLVE,369304,MÆRSK INSPIRER,24.0,100.0,%,production,OP,3851.3856212845,211.3046705,3408.2676629949997,202.532782504625,28.95131921275,443.1179582895,,190.16188625,1567.420652,1319.690915915,20238.2813503,0.8419507004907065,0.9281187713271202
2015-04-14,NO 15/9-F-14 H,5351,15/9-F-14,3420717,VOLVE,369304,MÆRSK INSPIRER,24.0,100.0,%,production,OP,3857.588331500625,211.34501825,3412.7387312912497,204.290703497125,30.596092435500005,444.849600209375,,189.373832,1573.8991563,1325.432026694,20969.5346609,0.8421327512557355,0.9301836992064999
2015-04-15,NO 15/9-F-14 H,5351,15/9-F-14,3420717,VOLVE,369304,MÆRSK INSPIRER,24.0,97.91666666666667,%,production,OP,3863.2434655344255,211.37932438297872,3416.7601311270637,207.35588496434042,32.0606821092367,446.48333440736167,,191.66407374468085,1571.7606209,1308.044834149,21229.366712,0.8322163163752031,0.9310665390376515
2015-04-16,NO 15/9-F-14 H,5351,15/9-F-14,3420717,VOLVE,369304,MÆRSK INSPIRER,24.0,100.0,%,production,OP,3865.846686442125,211.40044362499998,3418.42640854775,208.039633634625,32.451575656,447.420277894375,,191.77292749999998,1587.7996364,1323.3318614850002,21765.132727800003,0.8334375642542502,0.932008554144828
2015-04-17,NO 15/9-F-14 H,5351,15/9-F-14,3420717,VOLVE,369304,MÆRSK INSPIRER,24.0,97.91666666666667,%,production,OP,3869.030179314766,211.4126680425532,3420.689500623064,209.83660565859574,33.42629993476596,448.3406786917021,,192.09960672340426,1601.8259127,1337.7098884430002,21916.465556400002,0.835115650107188,0.9318902091674223
2015-04-18,NO 15/9-F-14 H,5351,15/9-F-14,3420717,VOLVE,369304,MÆRSK INSPIRER,24.0,97.91666666666667,%,production,OP,3874.457948732426,211.43878336170212,3425.3059212968938,210.18735074540427,34.10000144476596,449.1520274355319,,192.05606472340426,1587.0448592,1326.8400237829999,22330.2721563,0.8360444357268108,0.9336445280140958
2015-04-19,NO 15/9-F-14 H,5351,15/9-F-14,3420717,VOLVE,369304,MÆRSK INSPIRER,24.0,97.91666666666667,%,production,OP,3875.279070568723,211.45430165957447,3425.8899677214895,210.8796078616596,34.59207526187234,449.389102847234,,192.18425459574468,1601.8888108,1299.0936171399999,22545.8868431,0.8109761478958198,0.9336630903914628
2015-04-20,NO 15/9-F-14 H,5351,15/9-F-14,3420717,VOLVE,369304,MÆRSK INSPIRER,24.0,100.0,%,production,OP,3872.982779642375,211.4411015,3423.6270753948747,211.237449588375,34.33531107025,449.3557042475,,192.21345912499999,1608.3673151,1311.1239228420002,22597.7148775,0.8151893603734923,0.9335552402779294
2015-04-21,NO 15/9-F-14 H,5351,15/9-F-14,3420717,VOLVE,369304,MÆRSK INSPIRER,24.0,100.0,%,production,OP,3871.5977150883746,211.438742375,3422.4569783082497,210.61911331325,33.941306278375,449.140736780125,,192.154194875,1621.5759161,1340.0240607340002,21469.1342692,0.82637146212485,0.9297736664187867
2015-04-22,NO 15/9-F-14 H,5351,15/9-F-14,3420717,VOLVE,369304,MÆRSK INSPIRER,24.0,100.0,%,production,OP,3870.1328312883747,211.426728125,3421.5089887888753,210.26909129487498,33.529924121125,448.6238424995,,192.12009799999998,1622.2677952000001,1332.5514702140001,21943.3859432,0.8214127619106915,0.9311596523818675
2015-04-23,NO 15/9-F-14 H,5351,15/9-F-14,3420717,VOLVE,369304,MÆRSK INSPIRER,24.0,100.0,%,production,OP,3868.7243068378752,211.423208,3420.816770760875,210.167715776125,33.134169808375,447.90753607700003,,191.968899125,1694.4119159,1376.217743617,21705.3795328,0.8122096703303762,0.9275885890002608
2015-04-24,NO 15/9-F-14 H,5351,15/9-F-14,3420717,VOLVE,369304,MÆRSK INSPIRER,24.0,100.0,%,production,OP,3867.0225215946252,211.423208,3420.104939365,210.26844768875,32.648890790124995,446.917582229625,,191.914967,1686.5496534,1370.5889335840002,21654.180479399998,0.8126585130897044,0.9277422067002975
2015-04-25,NO 15/9-F-14 H,5351,15/9-F-14,3420717,VOLVE,369304,MÆRSK INSPIRER,24.0,100.0,%,production,OP,3866.34889562525,211.423208,3419.538496477625,209.277046483,32.3458066945,446.810399147625,,191.50504474999997,1671.0138227000002,1357.725554109,21910.1757464,0.8125160520307406,0.9291378487160953
2015-04-26,NO 15/9-F-14 H,5351,15/9-F-14,3420717,VOLVE,369304,MÆRSK INSPIRER,24.0,100.0,%,production,OP,3865.783359225375,211.413006875,3419.311759780875,209.112210796,32.252592584874996,446.47159944450004,,191.634795875,1667.9947139,1353.822926612,21540.272020300003,0.8116470126254636,0.9281292854393981
2015-04-27,NO 15/9-F-14 H,5351,15/9-F-14,3420717,VOLVE,369304,MÆRSK INSPIRER,24.0,100.0,%,production,OP,3865.4226164815004,211.40243225,3419.5716648552498,208.83167104449998,31.622780178,445.85095162625,,191.30765,1676.4859574000002,1356.810197085,21626.7569078,0.8093179612367446,0.928057825810004
2015-04-28,NO 15/9-F-14 H,5351,15/9-F-14,3420717,VOLVE,369304,MÆRSK INSPIRER,24.0,100.0,%,production,OP,3865.0004833825,211.394292125,3420.27175119475,207.795661588875,30.746107051875,444.72873218775,,190.12680125000003,1670.4477398,1349.7822186380001,21429.1310776,0.8080361848372506,0.927684926508629
2015-04-29,NO 15/9-F-14 H,5351,15/9-F-14,3420717,VOLVE,369304,MÆRSK INSPIRER,24.0,100.0,%,production,OP,3864.942731063875,211.38612799999999,3419.812612254375,208.59687869549998,30.739888547625,445.1301188095,,190.421743625,1672.2088866000001,1346.654395659,20973.9375279,0.8053146986899884,0.9261592300962379
2015-04-30,NO 15/9-F-14 H,5351,15/9-F-14,3420717,VOLVE,369304,MÆRSK INSPIRER,24.0,100.0,%,production,OP,3866.5700997266244,211.37572925,3419.039281724875,208.4652808835,31.0159049265,447.53081800175,,191.444661875,1678.9389833,1351.9862090650001,20716.6214008,0.8052622653431006,0.9250325084746716
2015-05-01,NO 15/9-F-14 H,5351,15/9-F-14,3420717,VOLVE,369304,MÆRSK INSPIRER,24.0,100.0,%,production,OP,3864.2436871849995,211.368541625,3418.505553971375,208.30741306375,30.977013591124997,445.73813321362496,,191.60355950000002,1677.9326136999998,1344.076422559,20701.777449200003,0.8010312283013468,0.9250243810583769
2015-05-02,NO 15/9-F-14 H,5351,15/9-F-14,3420717,VOLVE,369304,MÆRSK INSPIRER,24.0,100.0,%,production,OP,3863.6519623612503,211.35429612500002,3418.4692944713747,208.4370226465,30.742317934125005,445.182667889875,,191.539126625,1664.5982164999998,1331.598326461,20621.4565755,0.7999517921272506,0.9253076315195304
2015-05-03,NO 15/9-F-14 H,5351,15/9-F-14,3420717,VOLVE,369304,MÆRSK INSPIRER,24.0,100.0,%,production,OP,3862.6097978555003,211.349048,3419.12214374725,207.202906391,29.524878026999996,443.48765410825,,189.47204825,1642.9612700999999,1329.484035372,20558.9358641,0.809199863421662,0.9259990594421245
2015-05-04,NO 15/9-F-14 H,5351,15/9-F-14,3420717,VOLVE,369304,MÆRSK INSPIRER,24.0,100.0,%,production,OP,3862.19297677325,211.335849875,3419.035136055375,206.29471469450002,29.071401611875,443.157840717875,,189.228677,1612.078303,1315.8977639880002,20711.0234699,0.8162740988072217,0.9277843052726192
2015-05-05,NO 15/9-F-14 H,5351,15/9-F-14,3420717,VOLVE,369304,MÆRSK INSPIRER,24.0,100.0,%,production,OP,3862.0594239698753,211.3276715,3418.84723630475,206.802586402875,28.890690307125002,443.212187665125,,189.28985862500002,1610.5058505000002,1322.8145011300003,20659.069639300003,0.8213658464632818,0.9276813403453671
2015-05-06,NO 15/9-F-14 H,5351,15/9-F-14,3420717,VOLVE,369304,MÆRSK INSPIRER,24.0,100.0,%,production,OP,3861.98274419225,211.312039625,3419.613493210125,206.17904084625,27.939331675875,442.369250982125,,188.7117515,1580.1260682,1296.0558466460002,20660.3276013,0.8202230649370919,0.9289526152801935
2015-05-07,NO 15/9-F-14 H,5351,15/9-F-14,3420717,VOLVE,369304,MÆRSK INSPIRER,24.0,100.0,%,production,OP,3861.4835566341253,211.30815650000002,3417.90255546475,206.65393151775,29.001747112375,443.581001169375,,190.67258675,1583.9628523000001,1290.6551695750002,20585.1643718,0.8148266657269764,0.9285509602480843
2015-05-08,NO 15/9-F-14 H,5351,15/9-F-14,3420717,VOLVE,369304,MÆRSK INSPIRER,24.0,100.0,%,production,OP,3861.3298103108746,211.295550125,3417.89842188175,207.31902743975,29.005892781875,443.43138842912504,,190.74472437499998,1564.9676261,1310.520041472,20570.5720126,0.8374103205814553,0.9293006788339628
2015-05-09,NO 15/9-F-14 H,5351,15/9-F-14,3420717,VOLVE,369304,MÆRSK INSPIRER,24.0,100.0,%,production,OP,3860.991720689625,211.293241625,3418.4477291337503,206.4775592665,28.43071739825,442.543991555875,,189.456434,1569.5591874,1282.082173003,20616.9279123,0.8168421957548411,0.9292560746391788
2015-05-10,NO 15/9-F-14 H,5351,15/9-F-14,3420717,VOLVE,369304,MÆRSK INSPIRER,24.0,100.0,%,production,OP,3860.8027905648746,211.28040049999998,3418.392128212125,207.340399393375,28.329030652125,442.41066235274997,,190.00636775,1569.4333912000002,1285.337835196,20569.6285411,0.8189820876776563,0.9291102127091365
2015-05-11,NO 15/9-F-14 H,5351,15/9-F-14,3420717,VOLVE,369304,MÆRSK INSPIRER,24.0,100.0,%,production,OP,3860.29214500475,211.277135375,3418.671459313625,206.213998025875,27.490139925,441.620685691125,,188.57865387500001,1569.7478816999999,1284.0096493290002,20479.4955638,0.8179718949124799,0.9288071771904551
2015-05-12,NO 15/9-F-14 H,5351,15/9-F-14,3420717,VOLVE,369304,MÆRSK INSPIRER,24.0,100.0,%,production,OP,3860.0440423976247,211.26034325,3418.519652873625,206.530075109,27.16906809575,441.524389524,,187.496067875,1567.2319576999998,1280.1207945649999,20446.7256537,0.8168036570946705,0.9288073509831596
2015-05-13,NO 15/9-F-14 H,5351,15/9-F-14,3420717,VOLVE,369304,MÆRSK INSPIRER,24.0,100.0,%,production,OP,3864.3016993633746,211.249638125,3418.0915248706247,206.428379298,27.910372421875,446.21017449274996,,190.511976125,1553.6459681,1266.835051278,20318.7909183,0.815394933780989,0.928967861415294
2015-05-14,NO 15/9-F-14 H,5351,15/9-F-14,3420717,VOLVE,369304,MÆRSK INSPIRER,24.0,100.0,%,production,OP,3867.648928630125,211.23750987500003,3417.48254958975,206.618521094375,28.640034426875,450.166379040375,,190.9975355,1376.9023071,1121.040078063,20390.6834466,0.8141754663946412,0.9367452907878882
2015-05-15,NO 15/9-F-14 H,5351,15/9-F-14,3420717,VOLVE,369304,MÆRSK INSPIRER,24.0,100.0,%,production,OP,3867.5193885447497,211.226487125,3417.3530880666253,207.02231897287498,28.02210909275,450.166300478125,,190.55418875,1376.5249185,1118.396772768,20314.513847500002,0.8124784068469443,0.9365394652902628
2015-05-16,NO 15/9-F-14 H,5351,15/9-F-14,3420717,VOLVE,369304,MÆRSK INSPIRER,24.0,100.0,%,production,OP,3867.48987331175,211.225112375,3417.427456301125,206.787236547875,27.703312547124998,450.062417010625,,190.38798125,1384.8903658000002,1121.7064664519999,20291.3673467,0.8099604807374274,0.9361102647805585
2015-05-17,NO 15/9-F-14 H,5351,15/9-F-14,3420717,VOLVE,369304,MÆRSK INSPIRER,24.0,100.0,%,production,OP,3867.625299522625,211.218276875,3417.578918275875,206.96246964649998,27.6932293845,450.04638124675,,190.49256275,1381.0535817,1122.6758549670003,20260.8617682,0.8129125979203855,0.936186166548961
2015-05-18,NO 15/9-F-14 H,5351,15/9-F-14,3420717,VOLVE,369304,MÆRSK INSPIRER,24.0,100.0,%,production,OP,3867.3736434844996,211.20557187499998,3419.224936408125,206.192792261625,26.441781088,448.14870707637505,,189.02043425000002,1372.5623382,1122.437127595,20236.5202035,0.8177676862873724,0.9364821557994742
2015-05-19,NO 15/9-F-14 H,5351,15/9-F-14,3420717,VOLVE,369304,MÆRSK INSPIRER,24.0,100.0,%,production,OP,3866.7205131974997,211.2041045,3416.9722726678747,207.129057876,27.170137751000002,449.748240529625,,189.717734,1379.7327216,1120.4517351610002,20191.296469599998,0.8120788306460356,0.9360376962373743
2015-05-20,NO 15/9-F-14 H,5351,15/9-F-14,3420717,VOLVE,369304,MÆRSK INSPIRER,24.0,100.0,%,production,OP,3866.3376702883747,211.19736612499997,3416.47533319875,208.72949781675,27.534331190625,449.862337089625,,191.240252375,1378.2231672,1117.355342265,20146.009837600002,0.8107216370009369,0.9359687675331961
2015-05-21,NO 15/9-F-14 H,5351,15/9-F-14,3420717,VOLVE,369304,MÆRSK INSPIRER,24.0,100.0,%,production,OP,3865.9865242255005,211.18936175,3416.91132951325,208.101425865875,27.084281298249998,449.07519471225,,189.470260625,1359.2908391,1115.9791284060002,20412.5719854,0.8210009928007026,0.9375666267026824
2015-05-22,NO 15/9-F-14 H,5351,15/9-F-14,3420717,VOLVE,369304,MÆRSK INSPIRER,24.0,100.0,%,production,OP,3862.645921382375,211.19368775,3415.843744076375,207.595750878875,27.510714169625,446.802177306,,189.904643,1342.245454,1100.2835099909998,22351.3430198,0.8197334598616564,0.9433498452341132
2015-05-23,NO 15/9-F-14 H,5351,15/9-F-14,3420717,VOLVE,369304,MÆRSK INSPIRER,24.0,100.0,%,production,OP,3856.56945465875,211.1926925,3414.98720705925,208.32571504637502,27.572730001125002,441.5822475995,,190.79146325,1272.6801554,1082.946111173,20317.7845487,0.8509177318260556,0.9410536006129446
2015-05-24,NO 15/9-F-14 H,5351,15/9-F-14,3420717,VOLVE,369304,MÆRSK INSPIRER,24.0,100.0,%,production,OP,3860.6263337081245,211.17813125,3415.6060842052498,207.424352222375,26.67508075425,445.020249502875,,189.77494625,1361.6809669000002,1122.224179954,22887.6751185,0.8241461893301285,0.9438467165023059
2015-05-25,NO 15/9-F-14 H,5351,15/9-F-14,3420717,VOLVE,369304,MÆRSK INSPIRER,24.0,100.0,%,production,OP,3855.3393843591252,211.1765615,3413.5756065944997,208.309331795625,27.320517984000002,441.763777764625,,190.88722850000002,1283.2470362000001,1060.3955563410002,21329.185996700002,0.8263378183838116,0.9432503775983355
2015-05-26,NO 15/9-F-14 H,5351,15/9-F-14,3420717,VOLVE,369304,MÆRSK INSPIRER,24.0,100.0,%,production,OP,3854.1859938371254,211.171892,3413.1288955977498,208.552651170375,27.334897897375,441.05709823937497,,190.91499687499999,1324.633986,1093.114979038,21071.052194300002,0.8252203934000527,0.9408531636255382
2015-05-27,NO 15/9-F-14 H,5351,15/9-F-14,3420717,VOLVE,369304,MÆRSK INSPIRER,24.0,97.91666666666667,%,production,OP,3853.0080382110636,211.166132,3413.1013809376595,208.2709482218298,26.699070270893618,439.9066572734043,,190.13667608510636,1293.1220379000001,1063.181533024,20972.5537697,0.8221818992046426,0.9419230725770913
2015-05-28,NO 15/9-F-14 H,5351,15/9-F-14,3420717,VOLVE,369304,MÆRSK INSPIRER,24.0,97.91666666666667,%,production,OP,3852.2187383291493,211.15133485106384,3412.4132836346807,207.529571248125,26.623203053234043,439.8054546944681,,189.84510825531916,1317.9667874,1090.809988569,23242.043013900002,0.827646037060524,0.9463368786062032
2015-05-29,NO 15/9-F-14 H,5351,15/9-F-14,3420717,VOLVE,369304,MÆRSK INSPIRER,24.0,100.0,%,production,OP,3851.5652478258753,211.151177,3411.78695567575,207.81932393424998,26.509069655125,439.778292150125,,189.37312100000003,1339.5408357000001,1106.242512469,21988.2951866,0.8258370950601995,0.9425775783737728
2015-05-30,NO 15/9-F-14 H,5351,15/9-F-14,3420717,VOLVE,369304,MÆRSK INSPIRER,24.0,100.0,%,production,OP,3851.148499262625,211.140963125,3411.055018387125,208.872659387625,26.947020961,440.0934808755,,190.832497625,1328.4707701,1100.836185046,22808.4235125,0.8286491579811991,0.9449609898213922
2015-05-31,NO 15/9-F-14 H,5351,15/9-F-14,3420717,VOLVE,369304,MÆRSK INSPIRER,24.0,97.91666666666667,%,production,OP,3850.754946943021,211.134812,3411.968097208468,208.31902060404255,25.799019989361703,438.7868497345532,,189.11297357446807,1318.7215646,1096.250924398,20682.153242,0.8312982465942456,0.940060494130697
2015-06-01,NO 15/9-F-14 H,5351,15/9-F-14,3420717,VOLVE,369304,MÆRSK INSPIRER,24.0,100.0,%,production,OP,3850.794002217625,211.134812,3411.9781338895,206.478541294625,25.88224261375,438.815868328125,,188.0452205,1334.2573953,1116.116149442,22486.3852405,0.8365073735949186,0.943987346785735
2015-06-02,NO 15/9-F-14 H,5351,15/9-F-14,3420717,VOLVE,369304,MÆRSK INSPIRER,24.0,100.0,%,production,OP,3851.076439549625,211.1290955,3412.4600166012497,206.13000591575,25.02376269175,438.616422948375,,186.6233465,1332.5591466,1117.926380964,22490.5365151,0.8389319031852119,0.9440644001298986
2015-06-03,NO 15/9-F-14 H,5351,15/9-F-14,3420717,VOLVE,369304,MÆRSK INSPIRER,24.0,100.0,%,production,OP,3850.3525669781247,211.116310625,3411.0113831005,208.378333624125,26.3116940885,439.341183877625,,190.5826385,1323.2502278,1103.242881851,22154.4090687,0.8337371561879281,0.9436378980081176
2015-06-04,NO 15/9-F-14 H,5351,15/9-F-14,3420717,VOLVE,369304,MÆRSK INSPIRER,24.0,100.0,%,production,OP,3850.000390541125,211.11422000000002,3410.94224227725,209.212453205375,26.30815878725,439.058148263875,,190.3071695,1320.7343038,1096.563459493,21431.3325111,0.8302680231277264,0.9419510185802078
2015-06-05,NO 15/9-F-14 H,5351,15/9-F-14,3420717,VOLVE,369304,MÆRSK INSPIRER,24.0,100.0,%,production,OP,3849.9671103633746,211.114131125,3412.43682260775,207.409367984,25.2850667785,437.530287755625,,186.600221375,1320.4198133,1080.191211426,20601.4549797,0.818066497144102,0.9397670214902591
2015-06-06,NO 15/9-F-14 H,5351,15/9-F-14,3420717,VOLVE,369304,MÆRSK INSPIRER,24.0,100.0,%,production,OP,3850.6485170171254,211.1110535,3412.830851572625,207.586661830875,24.993229171125,437.8176654445,,187.017046625,1317.2120102,1077.048556273,20609.8833251,0.817672893909816,0.9399276561688749
2015-06-07,NO 15/9-F-14 H,5351,15/9-F-14,3420717,VOLVE,369304,MÆRSK INSPIRER,22.81667,74.92783458333334,%,production,OP,3892.6031661980146,211.04927966335316,3424.647318496701,203.47575782057856,50.56943794846517,467.9558477013139,,187.04504578088125,995.9285154,836.592529708,18454.3654381,0.8400126281874708,0.9487962229372484
2015-06-08,NO 15/9-F-14 H,5351,15/9-F-14,3420717,VOLVE,369304,MÆRSK INSPIRER,24.0,98.83031270833334,%,production,OP,3852.06818824225,211.092647375,3411.032957503,209.592918095625,27.452523715375,441.03523073925,,190.37887175,1305.5129636000001,1066.156090205,20687.247988100004,0.8166568390596715,0.9406389690468088
2015-06-09,NO 15/9-F-14 H,5351,15/9-F-14,3420717,VOLVE,369304,MÆRSK INSPIRER,24.0,100.0,%,production,OP,3853.638094662375,211.0813745,3412.8752996763747,211.1065920745,27.00182719525,440.762794986,,190.85924375,1314.2557995,1072.203379433,20385.462904300002,0.8158254883417009,0.9394344315039508
2015-06-10,NO 15/9-F-14 H,5351,15/9-F-14,3420717,VOLVE,369304,MÆRSK INSPIRER,24.0,100.0,%,production,OP,3854.0473737686248,211.0956185,3413.7102985505,211.056351515625,26.893961226000002,440.337075218125,,190.610742875,1304.7581864,1063.679823441,19947.4405359,0.8152313850398847,0.9386059671543109
2015-06-11,NO 15/9-F-14 H,5351,15/9-F-14,3420717,VOLVE,369304,MÆRSK INSPIRER,24.0,100.0,%,production,OP,3854.271753597875,211.097394125,3414.000631388625,211.57656656212498,25.90744296625,440.27112220925,,190.529803625,1292.2414645,1055.89893559,21682.6104206,0.8171065273768734,0.9437540894294921
2015-06-12,NO 15/9-F-14 H,5351,15/9-F-14,3420717,VOLVE,369304,MÆRSK INSPIRER,24.0,100.0,%,production,OP,3854.667979284125,211.088436875,3414.6148642969997,211.63803850112498,26.325484785,440.05311498712496,,190.324869875,1295.2605733,1061.0435810860001,19980.0846498,0.8191738426676004,0.9391191748139696
2015-06-13,NO 15/9-F-14 H,5351,15/9-F-14,3420717,VOLVE,369304,MÆRSK INSPIRER,24.0,100.0,%,production,OP,3852.817675128875,211.07145575,3412.33655300375,211.632805046625,26.741523266374998,440.481122125125,,191.06926137500002,1279.0957616,1035.48703899,19824.4118523,0.8095461419516597,0.939389423549784
2015-06-14,NO 15/9-F-14 H,5351,15/9-F-14,3420717,VOLVE,369304,MÆRSK INSPIRER,24.0,100.0,%,production,OP,3852.0403469895,211.06065199999998,3412.2984503125,209.59124109375,26.14659854175,439.741896677,,190.329073625,1255.446076,1025.9326469050002,20829.271897900002,0.817185752950651,0.9431531759887674
2015-06-15,NO 15/9-F-14 H,5351,15/9-F-14,3420717,VOLVE,369304,MÆRSK INSPIRER,24.0,100.0,%,production,OP,3851.67335854675,211.059882125,3411.7391505466253,209.934766618375,26.28280131025,439.934208000125,,190.472406875,1259.5344525,1024.826237354,20308.915916600003,0.8136547875446067,0.9416029232074795
2015-06-16,NO 15/9-F-14 H,5351,15/9-F-14,3420717,VOLVE,369304,MÆRSK INSPIRER,24.0,100.0,%,production,OP,3851.350905834875,211.04751875,3412.0041198645,210.78141385687502,25.884119042875,439.34678597037504,,190.231295,1247.2064249,1014.230414766,20606.3610315,0.8132017238824921,0.9429289324322768
2015-06-17,NO 15/9-F-14 H,5351,15/9-F-14,3420717,VOLVE,369304,MÆRSK INSPIRER,24.0,100.0,%,production,OP,3850.77002562325,211.044182,3411.424091751125,209.980719491375,25.606265516,439.345933872125,,189.5283245,1240.9166149,1018.8690006110002,20713.602292,0.8210616155648027,0.9434778498147824
2015-06-18,NO 15/9-F-14 H,5351,15/9-F-14,3420717,VOLVE,369304,MÆRSK INSPIRER,24.0,100.0,%,production,OP,3856.32141550575,211.032827375,3412.2623298072504,209.471436684125,25.474558925500002,444.05908569850004,,190.23703475,1240.0360415,1012.865148464,20313.255885500002,0.8168029916604646,0.9424665129716637
2015-06-19,NO 15/9-F-14 H,5351,15/9-F-14,3420717,VOLVE,369304,MÆRSK INSPIRER,24.0,100.0,%,production,OP,3862.20070609,211.051464125,3415.4877392404996,210.62773098775,26.28581084875,446.7129668495,,190.51398650000002,1220.852121,1017.297849608,19794.661051,0.8332686916862063,0.94190709924578
2015-06-20,NO 15/9-F-14 H,5351,15/9-F-14,3420717,VOLVE,369304,MÆRSK INSPIRER,24.0,100.0,%,production,OP,3860.2289779341254,211.09235,3418.607503598875,213.9634055605,27.419276775500002,441.62147433525,,191.401498625,1255.1944836,1042.729730813,20402.1309008,0.830731607282376,0.9420429595381095
2015-06-21,NO 15/9-F-14 H,5351,15/9-F-14,3420717,VOLVE,369304,MÆRSK INSPIRER,24.0,100.0,%,production,OP,3864.6100169134997,211.12245725,3423.271828986875,213.334789717125,27.45714378,441.338187926625,,189.355895,1244.5647047,1040.938569229,20853.1731759,0.8363876665455624,0.943679090075884
2015-06-22,NO 15/9-F-14 H,5351,15/9-F-14,3420717,VOLVE,369304,MÆRSK INSPIRER,24.0,100.0,%,production,OP,3868.4167386507497,211.143429875,3424.993420982,215.029431838875,28.771747060625,443.42331766875,,191.306830625,1270.9190086,1055.452204635,21126.6541147,0.8304637805344097,0.9432563965031606
2015-06-23,NO 15/9-F-14 H,5351,15/9-F-14,3420717,VOLVE,369304,MÆRSK INSPIRER,24.0,100.0,%,production,OP,3872.6334465545,211.16696975,3428.18831200275,215.346164614625,29.720437596999997,444.44513455175,,191.402855375,1255.6347703,1042.872402201,21399.5060725,0.8305539372343392,0.9445761657800926
2015-06-24,NO 15/9-F-14 H,5351,15/9-F-14,3420717,VOLVE,369304,MÆRSK INSPIRER,24.0,100.0,%,production,OP,3876.2488964076256,211.18116875,3431.00976038975,216.73496994037498,30.346309804875002,445.239136017875,,191.67894612499998,1259.6602487,1041.231681239,21630.9081824,0.8265972370832344,0.9449703377838106
2015-06-25,NO 15/9-F-14 H,5351,15/9-F-14,3420717,VOLVE,369304,MÆRSK INSPIRER,24.0,100.0,%,production,OP,3879.959965583875,211.195164875,3433.54700681575,219.521878132,31.28743419225,446.41295876812495,,192.18371825,1256.0121589,1038.468659111,22095.913835699997,0.8267982533071002,0.9462137658713698
2015-06-26,NO 15/9-F-14 H,5351,15/9-F-14,3420717,VOLVE,369304,MÆRSK INSPIRER,24.0,100.0,%,production,OP,3883.312271180625,211.21482462499998,3437.7518457765,217.90624546075,30.663266180875002,445.560425404125,,189.19555887500002,1229.657855,1010.297769774,22011.504585500003,0.8216088448229366,0.9470913790070499
2015-06-27,NO 15/9-F-14 H,5351,15/9-F-14,3420717,VOLVE,369304,MÆRSK INSPIRER,24.0,100.0,%,production,OP,3888.658939926125,211.22364050000002,3439.067965912875,219.95656306125,31.785521878875,449.59097401325005,,191.97243275,1246.011361,1021.8834634030002,22323.6678558,0.8201237126625205,0.9471349885783822
2015-06-28,NO 15/9-F-14 H,5351,15/9-F-14,3420717,VOLVE,369304,MÆRSK INSPIRER,24.0,100.0,%,production,OP,3883.378390378875,211.218185375,3437.423222906375,219.19797806175,30.98290273825,445.9551674725,,190.746812375,1317.8409912000002,1081.810037274,22884.341519200003,0.8208957260381808,0.9455486714624309
2015-06-29,NO 15/9-F-14 H,5351,15/9-F-14,3420717,VOLVE,369304,MÆRSK INSPIRER,24.0,100.0,%,production,OP,3885.0053662303753,211.198065875,3434.91268462375,220.0871033045,31.203665682375,450.092681606625,,192.1285535,1315.3879653,1061.508675685,21951.7513905,0.8069928444593168,0.9434658491881984
2015-06-30,NO 15/9-F-14 H,5351,15/9-F-14,3420717,VOLVE,369304,MÆRSK INSPIRER,24.0,100.0,%,production,OP,3879.7673762712498,211.19696112499997,3434.242183014625,218.85457038049998,30.429084200125,445.525193256625,,190.776447125,1328.3449739,1063.3764701680002,21308.5554199,0.8005273412116308,0.9413194849651846
2015-07-01,NO 15/9-F-14 H,5351,15/9-F-14,3420717,VOLVE,369304,MÆRSK INSPIRER,24.0,100.0,%,production,OP,3877.5308117489994,211.193577875,3434.0349418423752,217.43721674175,29.494214576500003,443.495869906625,,188.52289512500002,1227.5822177,1019.66252192,22694.1376648,0.830626663711732,0.9486833629132978
2015-07-02,NO 15/9-F-14 H,5351,15/9-F-14,3420717,VOLVE,369304,MÆRSK INSPIRER,24.0,100.0,%,production,OP,3876.5348841490004,211.20006500000002,3433.398448622625,217.357883977375,29.12471214175,443.136435526375,,188.404428125,1501.0631565,1244.2399999240001,21119.6724256,0.8289058288694331,0.9336421598204876
2015-07-03,NO 15/9-F-14 H,5351,15/9-F-14,3420717,VOLVE,369304,MÆRSK INSPIRER,24.0,100.0,%,production,OP,3874.7861609829997,211.18840625,3429.825673179375,218.4985746095,29.57030513725,444.96048780362497,,191.657962625,1495.087837,1236.2973707470003,21120.1127123,0.8269061791230399,0.9338901358075166
2015-07-04,NO 15/9-F-14 H,5351,15/9-F-14,3420717,VOLVE,369304,MÆRSK INSPIRER,24.0,100.0,%,production,OP,3872.580202500375,211.179261875,3428.771041448875,218.06442450787497,29.175001046625,443.8091610515,,191.39697575,1471.3123552,1214.081246124,20813.9876596,0.8251689329142936,0.9339783465233639
2015-07-05,NO 15/9-F-14 H,5351,15/9-F-14,3420717,VOLVE,369304,MÆRSK INSPIRER,24.0,100.0,%,production,OP,3871.982673135,211.171892,3428.959098324,218.439142267375,28.421425901375,443.023574811,,191.148858125,1462.3179269,1208.893163547,20188.8434437,0.8266965352122567,0.9324600698378391
2015-07-06,NO 15/9-F-14 H,5351,15/9-F-14,3420717,VOLVE,369304,MÆRSK INSPIRER,24.0,100.0,%,production,OP,3871.8255365485,211.171892,3428.188076316,218.525047066125,28.841190046375,443.6374602325,,191.8651265,1449.2980201999999,1197.0097669970003,20192.9318202,0.8259238267860296,0.9330337940735401
2015-07-07,NO 15/9-F-14 H,5351,15/9-F-14,3420717,VOLVE,369304,MÆRSK INSPIRER,24.0,100.0,%,production,OP,3871.321242444125,211.171892,3428.897345373875,217.68755232975002,27.9424771875,442.42389707025,,191.2041155,1441.9389425,1185.847143474,20711.0234699,0.8223976123552125,0.9349098817730633
2015-07-08,NO 15/9-F-14 H,5351,15/9-F-14,3420717,VOLVE,369304,MÆRSK INSPIRER,24.0,100.0,%,production,OP,3871.2457441218753,211.171892,3428.593581412625,216.7816872845,27.960546505,442.65216270925,,191.262996875,1424.2016783000001,1178.1202871140001,19319.780396,0.8272145055469002,0.9313438628514598
2015-07-09,NO 15/9-F-14 H,5351,15/9-F-14,3420717,VOLVE,369304,MÆRSK INSPIRER,24.0,100.0,%,production,OP,3871.09615857625,211.16646762500002,3428.7977012462497,215.444530594875,27.948450940125,442.29845732999996,,190.549299875,1413.5718994000001,1165.291516045,18609.4092546,0.8243595649712728,0.929402525601558
2015-07-10,NO 15/9-F-14 H,5351,15/9-F-14,3420717,VOLVE,369304,MÆRSK INSPIRER,24.0,97.91666666666667,%,production,OP,3870.8641848247657,211.15742076595745,3428.771740087149,217.85051988102126,27.892273209574466,442.09244473761703,,190.69331038297872,1368.8513503,1126.8373392150002,18456.441075400002,0.8231992019937303,0.930954292077653
2015-07-11,NO 15/9-F-14 H,5351,15/9-F-14,3420717,VOLVE,369304,MÆRSK INSPIRER,24.0,97.91666666666667,%,production,OP,3870.5863953306252,211.15137965957447,3429.4854303610077,217.02950283725,27.068463541404252,441.100964969617,,189.8328391489362,1346.01934,1120.8409031550002,18212.2706512,0.8327078741342603,0.9311790887339526
2015-07-12,NO 15/9-F-14 H,5351,15/9-F-14,3420717,VOLVE,369304,MÆRSK INSPIRER,24.0,100.0,%,production,OP,3870.410929566875,211.1513,3429.0720919908754,217.686422242,26.997204109000002,441.338837576,,190.62714087499998,1370.7382933000001,1131.9494951870001,18328.3176457,0.8257954860674935,0.9304160413806315
2015-07-13,NO 15/9-F-14 H,5351,15/9-F-14,3420717,VOLVE,369304,MÆRSK INSPIRER,24.0,100.0,%,production,OP,3869.9503039869996,211.1513,3428.07120590425,220.027568227125,27.838762931,441.87909808275003,,191.87042075,1446.9078924,1197.892987644,19060.828918299998,0.8278985787112152,0.9294457547531492
2015-07-14,NO 15/9-F-14 H,5351,15/9-F-14,3420717,VOLVE,369304,MÆRSK INSPIRER,24.0,100.0,%,production,OP,3870.00084973,211.1513,3428.2043810045,219.67375104775002,27.541123803625002,441.7964687255,,191.91797449999999,1423.5097992,1178.6475355850002,18850.9379586,0.8279869490518363,0.929787986523463
2015-07-15,NO 15/9-F-14 H,5351,15/9-F-14,3420717,VOLVE,369304,MÆRSK INSPIRER,24.0,100.0,%,production,OP,3870.0611099973753,211.1513,3428.004944689625,219.398550507625,27.793254236874997,442.05616530775,,191.80082825,1404.9548597,1165.380509089,18487.512736800003,0.8294789694082013,0.92937251988048
2015-07-16,NO 15/9-F-14 H,5351,15/9-F-14,3420717,VOLVE,369304,MÆRSK INSPIRER,24.0,100.0,%,production,OP,3869.851983331125,211.1513,3427.93403621575,220.178371487625,27.641339018375,441.917947115375,,191.943237125,1387.7836783999999,1151.100656997,18413.5445712,0.8294525111609067,0.9299146167920309
2015-07-17,NO 15/9-F-14 H,5351,15/9-F-14,3420717,VOLVE,369304,MÆRSK INSPIRER,24.0,100.0,%,production,OP,3869.503197157375,211.1502875,3428.87140472325,217.40075177125,26.8074339725,440.631792434125,,189.08846225,1377.4054919,1143.067269041,18403.355079,0.8298698355443953,0.9303664039123785
2015-07-18,NO 15/9-F-14 H,5351,15/9-F-14,3420717,VOLVE,369304,MÆRSK INSPIRER,24.0,100.0,%,production,OP,3869.58885116125,211.1376125,3428.80298909,216.460222644,26.431015038125,440.78586207125,,188.083572125,1375.3298546,1154.327007989,19641.5041775,0.8393092058084667,0.9345605597636926
2015-07-19,NO 15/9-F-14 H,5351,15/9-F-14,3420717,VOLVE,369304,MÆRSK INSPIRER,24.0,100.0,%,production,OP,3870.06673928475,211.134812,3428.8461560247497,218.4461433725,27.0190202415,441.22058326,,190.855838375,1355.1395645,1141.8047685160002,19858.125233900002,0.8425735610023953,0.9361182930879074
2015-07-20,NO 15/9-F-14 H,5351,15/9-F-14,3420717,VOLVE,369304,MÆRSK INSPIRER,24.0,100.0,%,production,OP,3870.5597687711247,211.134812,3429.627835304125,219.12230448525,26.665021764625003,440.931933467,,190.903487375,1344.6355818,1129.4591025430002,19707.484284399998,0.8399741296679408,0.9361282573752173
2015-07-21,NO 15/9-F-14 H,5351,15/9-F-14,3420717,VOLVE,369304,MÆRSK INSPIRER,24.0,100.0,%,production,OP,3870.8207314142496,211.134812,3430.019933450625,217.32821161987502,26.661770496125,440.800797963625,,188.47003775,1356.5233226999999,1143.019594196,19827.6196554,0.8426096146441141,0.9359651544977599
2015-07-22,NO 15/9-F-14 H,5351,15/9-F-14,3420717,VOLVE,369304,MÆRSK INSPIRER,24.0,100.0,%,production,OP,3871.255114181,211.134812,3429.5641122545003,220.617664395,27.4432805645,441.6910019265,,191.90930974999998,1368.662656,1168.628048901,19846.237493,0.8538466683356342,0.935485783746924
2015-07-23,NO 15/9-F-14 H,5351,15/9-F-14,3420717,VOLVE,369304,MÆRSK INSPIRER,24.0,100.0,%,production,OP,3871.3089111925,211.1261705,3430.06286772025,219.390476725625,27.058624680375,441.24604347225,,190.36887725,1369.1658408,1161.614902628,19813.6562772,0.8484106658323227,0.9353643327988598
2015-07-24,NO 15/9-F-14 H,5351,15/9-F-14,3420717,VOLVE,369304,MÆRSK INSPIRER,24.0,100.0,%,production,OP,3871.1006789272506,211.11429275,3429.667037866875,219.46346407750002,27.215752202,441.433641060375,,190.836852125,1355.3911569000002,1146.1156339450001,19912.909479,0.8455976919359226,0.9362717698934462
2015-07-25,NO 15/9-F-14 H,5351,15/9-F-14,3420717,VOLVE,369304,MÆRSK INSPIRER,24.0,100.0,%,production,OP,3871.1492394626252,211.11422000000002,3429.5102125077497,220.219800988,27.363062464,441.639026954875,,191.748432875,1341.4277787,1134.770080276,19821.3927435,0.845941986810296,0.9366139415446618
2015-07-26,NO 15/9-F-14 H,5351,15/9-F-14,3420717,VOLVE,369304,MÆRSK INSPIRER,24.0,100.0,%,production,OP,3871.1135601146248,211.110507875,3429.729065784875,219.645483745875,27.04836022025,441.38449432975,,191.55336012499998,1324.6968841,1117.1275624500001,19758.6833378,0.8433080622885116,0.9371686669709635
2015-07-27,NO 15/9-F-14 H,5351,15/9-F-14,3420717,VOLVE,369304,MÆRSK INSPIRER,24.0,100.0,%,production,OP,3870.8636928785,211.0983455,3429.44519922425,220.644535706125,27.12465020825,441.41849365424997,,191.772863,1314.0042071,1108.293943392,19772.583817900002,0.8434477891345559,0.9376853094705444
2015-07-28,NO 15/9-F-14 H,5351,15/9-F-14,3420717,VOLVE,369304,MÆRSK INSPIRER,24.0,100.0,%,production,OP,3870.86643047075,211.097732,3429.5011264813747,220.046480578,26.943863362875,441.365303989375,,191.76507275,1291.4237891999999,1095.972997709,19560.805915200002,0.8486548001318174,0.9380678321931445
2015-07-29,NO 15/9-F-14 H,5351,15/9-F-14,3420717,VOLVE,369304,MÆRSK INSPIRER,21.04194,81.42266875,%,production,OP,3892.3839815458805,211.06156762644318,3439.191521804584,214.66825156045348,38.336325100156834,453.19245974129655,,188.95226963304714,905.6068438,766.6468223,15301.786869900001,0.8465559061845067,0.9441238449687012
2015-07-30,NO 15/9-F-14 H,5351,15/9-F-14,3420717,VOLVE,369304,MÆRSK INSPIRER,24.0,100.0,%,production,OP,3873.5775200478747,211.087101875,3432.199334871125,220.40265160325,27.303968543875,441.37818517675,,190.68323525,1291.5495854,1087.2965290660002,19714.2772792,0.8418542666553979,0.9385146991011061
2015-07-31,NO 15/9-F-14 H,5351,15/9-F-14,3420717,VOLVE,369304,MÆRSK INSPIRER,24.0,100.0,%,production,OP,3874.4978616984995,211.073313125,3433.345600401375,221.905695505375,27.28793278,441.152261297125,,190.892515625,1266.0758549,1064.1717572119999,19713.8998906,0.8405276453961383,0.9396531306681057
2015-08-01,NO 15/9-F-14 H,5351,15/9-F-14,3420717,VOLVE,369304,MÆRSK INSPIRER,24.0,100.0,%,production,OP,3874.3084753083754,211.0814705,3433.8058120186247,221.03446130425002,26.6907025555,440.50266328975,,189.75983524999998,1260.3521278,1057.366261375,19683.3943121,0.8389451154580738,0.9398220308187603
2015-08-02,NO 15/9-F-14 H,5351,15/9-F-14,3420717,VOLVE,369304,MÆRSK INSPIRER,24.0,100.0,%,production,OP,3874.1812225931253,211.075968125,3432.89894077225,222.435087227,27.246636231125,441.282281820875,,190.763957375,1259.9747392,1052.693067124,19717.7366747,0.8354874382580003,0.9399374548376555
2015-08-03,NO 15/9-F-14 H,5351,15/9-F-14,3420717,VOLVE,369304,MÆRSK INSPIRER,24.0,100.0,%,production,OP,3873.98478373025,211.059935,3434.5714494908752,220.164556618125,25.910540131875,439.413334239375,,186.657014375,1247.0806287,1051.387129518,19698.2382637,0.8430787114494772,0.9404601746525567
2015-08-04,NO 15/9-F-14 H,5351,15/9-F-14,3420717,VOLVE,369304,MÆRSK INSPIRER,24.0,100.0,%,production,OP,3873.4902827125,211.047905375,3434.101048954125,220.497473217375,26.277462098875002,439.38923375837504,,188.808500375,1252.1753748,1058.553894736,19711.7613552,0.8453719151800716,0.9402700270027002
2015-08-05,NO 15/9-F-14 H,5351,15/9-F-14,3420717,VOLVE,369304,MÆRSK INSPIRER,24.0,100.0,%,production,OP,3874.2181347641254,211.041786125,3434.089959590375,220.6239372885,26.097645195125,440.12817517375,,190.02045162500002,1255.8234646,1037.6016832260002,19643.8314072,0.8262321197800624,0.9399117606341678
2015-08-06,NO 15/9-F-14 H,5351,15/9-F-14,3420717,VOLVE,369304,MÆRSK INSPIRER,24.0,100.0,%,production,OP,3873.0814236121255,211.042760375,3433.0845229365,220.72067159125,26.423080250875,439.996900675625,,189.77272362499997,1236.1363593,1032.152625016,19735.3481427,0.8349828214748799,0.9410563253554076
2015-08-07,NO 15/9-F-14 H,5351,15/9-F-14,3420717,VOLVE,369304,MÆRSK INSPIRER,24.0,100.0,%,production,OP,3872.639767794,211.02911037500002,3431.429509426625,223.21595368925,27.163547586874998,441.210258367375,,191.732724125,1222.6132678,1048.192208609,19730.8823776,0.8573375050110021,0.9416511073622026
2015-08-08,NO 15/9-F-14 H,5351,15/9-F-14,3420717,VOLVE,369304,MÆRSK INSPIRER,24.0,100.0,%,production,OP,3872.24052048275,211.027694,3431.72528118975,222.127029536625,26.802825994375002,440.515239293,,190.927127,1200.5989328,1045.4267144520002,19753.3998974,0.8707543259378784,0.9427031115860504
2015-08-09,NO 15/9-F-14 H,5351,15/9-F-14,3420717,VOLVE,369304,MÆRSK INSPIRER,24.0,100.0,%,production,OP,3871.73729905525,211.023138125,3432.0986905856253,220.31066125175,26.264378462625,439.63860846962496,,189.65006712500002,1210.4110364,1041.343981985,19722.391134100002,0.8603226099806239,0.9421763495139797
2015-08-10,NO 15/9-F-14 H,5351,15/9-F-14,3420717,VOLVE,369304,MÆRSK INSPIRER,24.0,100.0,%,production,OP,3871.364497006,211.01240675,3432.0183032741247,220.853952448375,25.90868787575,439.346193731875,,189.81621125,1203.1148568,1035.621941144,19720.3154968,0.8607839353746395,0.9424991582896446
2015-08-11,NO 15/9-F-14 H,5351,15/9-F-14,3420717,VOLVE,369304,MÆRSK INSPIRER,24.0,100.0,%,production,OP,3870.6510762353746,211.007102,3430.78623265875,220.82463362099998,26.157612364875,439.864843576625,,189.964731875,1185.3146944999999,1031.968282282,18749.986508100003,0.87062810160918,0.94054192196778
2015-08-12,NO 15/9-F-14 H,5351,15/9-F-14,3420717,VOLVE,369304,MÆRSK INSPIRER,24.0,100.0,%,production,OP,3870.658621233,211.007102,3430.42728778175,222.126582336125,26.5420144325,440.23133345125,,191.25824675,1195.6299829,1027.302857265,19497.9707133,0.8592147001644083,0.9422222357310897
2015-08-13,NO 15/9-F-14 H,5351,15/9-F-14,3420717,VOLVE,369304,MÆRSK INSPIRER,24.0,100.0,%,production,OP,3870.922623630875,211.007102,3431.189202612,221.84419637175,26.149423761125,439.733421018875,,191.093798,1186.5097584,1026.6407066400002,19444.318634,0.865261072967843,0.9424885062377288
2015-08-14,NO 15/9-F-14 H,5351,15/9-F-14,3420717,VOLVE,369304,MÆRSK INSPIRER,24.0,100.0,%,production,OP,3870.488709216,211.007102,3431.4680834913747,220.06827858075002,25.476163408374997,439.020625724625,,188.125695125,1188.7740900000001,1026.130056078,19445.3250036,0.8631833959957859,0.9423878849952447
2015-08-15,NO 15/9-F-14 H,5351,15/9-F-14,3420717,VOLVE,369304,MÆRSK INSPIRER,24.0,100.0,%,production,OP,3870.690605133625,211.007102,3431.4018887525,220.05170194599998,25.56128560625,439.28871638112497,,188.16341899999998,1188.3967014,1014.833236695,19471.993798000003,0.8539515765227788,0.9424794656502493
2015-08-16,NO 15/9-F-14 H,5351,15/9-F-14,3420717,VOLVE,369304,MÆRSK INSPIRER,24.0,100.0,%,production,OP,3871.051157515125,211.007102,3430.3008690350002,223.16642925550002,26.869331960625,440.750288480125,,191.64626937500003,1185.4404907,1000.318188701,19096.5550391,0.8438366974543904,0.9415520781000937
2015-08-17,NO 15/9-F-14 H,5351,15/9-F-14,3420717,VOLVE,369304,MÆRSK INSPIRER,24.0,100.0,%,production,OP,3870.774068459375,211.007044625,3430.22625302725,221.95163327025,26.862898921,440.547815432125,,191.2372205,1170.7852334,995.8364001240001,19072.150576300002,0.8505713701496367,0.9421632689839888
2015-08-18,NO 15/9-F-14 H,5351,15/9-F-14,3420717,VOLVE,369304,MÆRSK INSPIRER,24.0,100.0,%,production,OP,3869.923157708,211.007102,3430.854294761875,219.553061302,25.726063882375,439.068862946125,,189.6997475,1178.0185149,995.536931468,18405.8081049,0.8450944691242901,0.9398473782591101
2015-08-19,NO 15/9-F-14 H,5351,15/9-F-14,3420717,VOLVE,369304,MÆRSK INSPIRER,24.0,97.91666666666667,%,production,OP,3869.8287585427656,211.007102,3431.1716190689363,219.55913849706383,25.2768831893617,438.6571394738298,,186.6958355,1162.4197861,982.7219331320001,20008.9548777,0.8454105348886921,0.9450947420959127
2015-08-20,NO 15/9-F-14 H,5351,15/9-F-14,3420717,VOLVE,369304,MÆRSK INSPIRER,24.0,100.0,%,production,OP,3869.7480877771254,211.007102,3430.95205943875,220.30623759275,25.392787709750003,438.79602833837504,,189.20088500000003,1188.3338033,1001.7862207800001,19802.586211600003,0.8430175241990443,0.9433881982087262
2015-08-21,NO 15/9-F-14 H,5351,15/9-F-14,3420717,VOLVE,369304,MÆRSK INSPIRER,24.0,100.0,%,production,OP,3869.7419795300425,211.007102,3430.9875288159574,220.264714422,25.538831075106383,438.7544507140851,,188.641004,1178.1443111,996.363295448,19310.1569867,0.8457056457860614,0.9424967305012003
2015-08-22,NO 15/9-F-14 H,5351,15/9-F-14,3420717,VOLVE,369304,MÆRSK INSPIRER,24.0,100.0,%,production,OP,3869.7266085879573,211.0160545106383,3431.2249560219575,221.16739390302126,25.127447760638297,438.501652566,,188.812713875,1176.4460624,986.9748824530001,19063.785129,0.8389461395616636,0.9418758584684612
2015-08-23,NO 15/9-F-14 H,5351,15/9-F-14,3420717,VOLVE,369304,MÆRSK INSPIRER,24.0,100.0,%,production,OP,3866.3644388642497,211.00163712499997,3428.126652723,219.99139635425,25.164893730625,438.23778614125,,188.71718975000002,1149.2740832,959.156433822,19447.778029499998,0.8345758838930373,0.9442020111950212
2015-08-24,NO 15/9-F-14 H,5351,15/9-F-14,3420717,VOLVE,369304,MÆRSK INSPIRER,24.0,100.0,%,production,OP,3863.1828913395,210.97254425,3425.326654851875,219.05343862987502,24.538311440875002,437.856236487625,,190.342812875,1146.6323630000002,963.266358608,19254.995353000002,0.8400830027924128,0.9437970156616106
2015-08-25,NO 15/9-F-14 H,5351,15/9-F-14,3420717,VOLVE,369304,MÆRSK INSPIRER,24.0,100.0,%,production,OP,3864.5713824162494,210.9870575,3425.98873821375,220.84380281,25.070697592875,438.5826442025,,190.10104700000002,1143.8019485,957.7784542280001,19156.182437900003,0.8373638945833638,0.9436550330912425
2015-08-26,NO 15/9-F-14 H,5351,15/9-F-14,3420717,VOLVE,369304,MÆRSK INSPIRER,15.15014,61.81982229166667,%,production,OP,3873.0904102396116,210.98790464628843,3434.9929913746214,28.224862502157833,28.240280127316144,438.0974188649903,,188.7566931741964,524.1298673,447.974385587,9849.150580900001,0.8547011218702208,0.949473084245886
2015-08-27,NO 15/9-F-14 H,5351,15/9-F-14,3420717,VOLVE,369304,MÆRSK INSPIRER,0.0,1.2914870833333334,%,production,OP,4276.395101814,209.528582,4271.65772562,0.0,4.274124822,4.737376193999999,,64.824404,0.0,0.0,0.0,,
2015-08-28,NO 15/9-F-14 H,5351,15/9-F-14,3420717,VOLVE,369304,MÆRSK INSPIRER,0.0,1.284878125,%,production,OP,4265.912915478,209.146316,4262.521346886,0.0,3.391568592,3.391568592,,58.045136,0.0,0.0,0.0,,
2015-08-29,NO 15/9-F-14 H,5351,15/9-F-14,3420717,VOLVE,369304,MÆRSK INSPIRER,0.0,1.2714027083333332,%,production,OP,3164.6016715980004,163.88378600000001,3162.189689658,0.0,2.41198194,2.41198194,,58.701434,0.0,0.0,0.0,,
2015-08-30,NO 15/9-F-14 H,5351,15/9-F-14,3420717,VOLVE,369304,MÆRSK INSPIRER,0.0,1.2486822916666667,%,production,OP,0.0,32.0,2.146127286,0.0,0.67007556,2.146127286,,58.850438,0.0,0.0,0.0,,
2015-08-31,NO 15/9-F-14 H,5351,15/9-F-14,3420717,VOLVE,369304,MÆRSK INSPIRER,14.24167,25.529494375,%,production,OP,3970.0467752405634,210.79000317227406,3470.3152466250085,15.61422390737884,68.0077996237709,499.7315286155552,,170.13256741848252,174.7309218,169.823095095,4452.7451933,0.9719120882872834,0.9622405567411072
2015-09-01,NO 15/9-F-14 H,5351,15/9-F-14,3420717,VOLVE,369304,MÆRSK INSPIRER,24.0,90.28783979166667,%,production,OP,3875.5658550547505,211.107780875,3433.6572145443747,146.8599552695,24.14523126625,441.908640510375,,189.60669912499998,987.6888643,892.420479497,18245.480848000003,0.9035441339408852,0.9486465892479308
2015-09-02,NO 15/9-F-14 H,5351,15/9-F-14,3420717,VOLVE,369304,MÆRSK INSPIRER,24.0,100.0,%,production,OP,3870.4637354853753,210.92090075000002,3428.76465675525,181.64528299424998,21.117644600125,441.699078730125,,189.47836775000002,1050.4611681,905.144719054,18899.621088,0.8616641400378102,0.9473455219574943
2015-09-03,NO 15/9-F-14 H,5351,15/9-F-14,3420717,VOLVE,369304,MÆRSK INSPIRER,24.0,93.20938,%,production,OP,3905.5089501547495,210.946313,3434.675964478,184.28003725899998,35.283862611874994,470.83298567675,,189.42661887499997,939.4460216000001,833.6780075170001,17626.940932600002,0.8874144850782771,0.949400708715301
2015-09-04,NO 15/9-F-14 H,5351,15/9-F-14,3420717,VOLVE,369304,MÆRSK INSPIRER,24.0,78.19403979166667,%,production,OP,3938.735279525625,210.8642825,3446.654045551375,179.492767993,65.18821141449999,492.08123397425,,185.16160587500002,732.762865,638.3100241770001,14824.012902299999,0.8711003991407235,0.9528975106435453
2015-09-05,NO 15/9-F-14 H,5351,15/9-F-14,3420717,VOLVE,369304,MÆRSK INSPIRER,24.0,98.93661833333333,%,production,OP,3872.0926028741246,210.94550974999999,3432.90469394625,184.836091799625,21.778552549875002,439.187908927875,,189.194170625,1221.5440001000002,1037.493267097,18765.0820521,0.849329428176199,0.9388819305014445
2015-09-06,NO 15/9-F-14 H,5351,15/9-F-14,3420717,VOLVE,369304,MÆRSK INSPIRER,24.0,100.0,%,production,OP,3873.094579767375,210.90816725,3433.783980778,185.31250839175,22.123676514125,439.310598989375,,189.9708425,1193.4914475,1005.8664812180001,17285.3413515,0.8427932041951227,0.9354130501378536
2015-09-07,NO 15/9-F-14 H,5351,15/9-F-14,3420717,VOLVE,369304,MÆRSK INSPIRER,24.0,100.0,%,production,OP,3872.8620808317505,210.90070437499998,3433.3904534028748,185.96341476275,22.365859757875,439.471627428875,,190.38626525,1185.1260002,996.383424827,18094.9027966,0.8407404990345769,0.9385309009291158
2015-09-08,NO 15/9-F-14 H,5351,15/9-F-14,3420717,VOLVE,369304,MÆRSK INSPIRER,24.0,100.0,%,production,OP,3872.2811220578747,210.873090875,3432.4094556520004,186.61161073612502,22.711497398375,439.87166640587503,,190.710830375,1175.5025908999999,989.476222654,18393.1026887,0.841747377091213,0.9399291582560846
2015-09-09,NO 15/9-F-14 H,5351,15/9-F-14,3420717,VOLVE,369304,MÆRSK INSPIRER,24.0,100.0,%,production,OP,3871.7212512048754,210.84816312499999,3431.80037461425,187.51371687987498,22.807896300750002,439.920876590625,,190.913130875,1176.19447,987.0310328260001,18435.9362948,0.8391733323027782,0.940027196223317
2015-09-10,NO 15/9-F-14 H,5351,15/9-F-14,3420717,VOLVE,369304,MÆRSK INSPIRER,24.0,100.0,%,production,OP,3870.1053435657495,210.848981,3430.8729351665,186.87010773325,22.253787686625,439.23240839925,,189.65613237500003,1172.3576859,983.9508846920002,18838.6728291,0.8392923904760662,0.9414144271570015
2015-09-11,NO 15/9-F-14 H,5351,15/9-F-14,3420717,VOLVE,369304,MÆRSK INSPIRER,24.0,100.0,%,production,OP,3868.1643332496255,210.862076375,3429.6655542490003,185.459462102,21.508654961625002,438.498779000625,,186.849695375,1176.19447,993.621815287,18834.7731469,0.8447768125342403,0.941222508950209
2015-09-12,NO 15/9-F-14 H,5351,15/9-F-14,3420717,VOLVE,369304,MÆRSK INSPIRER,24.0,100.0,%,production,OP,3865.880178133625,210.88271412499998,3427.656164559125,184.97321616375,21.327393721125,438.22401357449996,,185.34732125,1192.0447912000002,992.5090490900001,18661.7404738,0.8326105331082965,0.9399588151433549
2015-09-13,NO 15/9-F-14 H,5351,15/9-F-14,3420717,VOLVE,369304,MÆRSK INSPIRER,24.0,100.0,%,production,OP,3864.2589524345,210.89979575,3425.4307468115003,186.13469255425,21.584479619375,438.828205623,,188.607068,1181.9181971,982.173495841,18682.622643000002,0.8309995550038054,0.9405011066395205
2015-09-14,NO 15/9-F-14 H,5351,15/9-F-14,3420717,VOLVE,369304,MÆRSK INSPIRER,24.0,100.0,%,production,OP,3862.6782950726247,210.91565300000002,3423.517426666875,186.28471019225,21.7728507435,439.16086840575,,189.050331125,1150.7836376,969.263854109,18603.371037,0.8422641949710321,0.9417447288149624
2015-09-15,NO 15/9-F-14 H,5351,15/9-F-14,3420717,VOLVE,369304,MÆRSK INSPIRER,24.0,100.0,%,production,OP,3861.615136316375,210.933206375,3422.6096368465,186.75448827425,21.415298835625002,439.00549946987496,,189.52850337499999,1191.4787083,991.2656185030002,18521.9179975,0.8319625114554807,0.9395599486947144
2015-09-16,NO 15/9-F-14 H,5351,15/9-F-14,3420717,VOLVE,369304,MÆRSK INSPIRER,24.0,100.0,%,production,OP,3860.911865184125,210.93706400000002,3422.0527150995,187.444007991125,21.403750184875,438.859150084625,,190.031974625,1203.0519587000001,996.3519947440001,18442.603493399998,0.8281870018487341,0.9387624423306578
2015-09-17,NO 15/9-F-14 H,5351,15/9-F-14,3420717,VOLVE,369304,MÆRSK INSPIRER,24.0,100.0,%,production,OP,3860.65522346475,210.93706400000002,3420.630693050125,187.629910447625,22.280384029875,440.024530414625,,190.83137299999999,1191.4158102,993.5995670260002,18583.243645,0.8339654036143831,0.9397503753276165
2015-09-18,NO 15/9-F-14 H,5351,15/9-F-14,3420717,VOLVE,369304,MÆRSK INSPIRER,24.0,100.0,%,production,OP,3860.424833623375,210.93757850000003,3420.4909580020003,187.55431241175,22.289243434375,439.933875621375,,190.69987887500002,1239.3441624,1018.0172100469999,17315.84693,0.8214160690244439,0.933207685319521
2015-09-19,NO 15/9-F-14 H,5351,15/9-F-14,3420717,VOLVE,369304,MÆRSK INSPIRER,24.0,100.0,%,production,OP,3861.290051769125,210.93548225,3420.2879199101253,187.77678861725,22.522527992500002,441.002131859,,190.82575549999999,1203.4922454,985.9857177060001,16985.631905000002,0.8192705200009759,0.9338345136660395
2015-09-20,NO 15/9-F-14 H,5351,15/9-F-14,3420717,VOLVE,369304,MÆRSK INSPIRER,24.0,100.0,%,production,OP,3862.3920293417495,210.93543275,3420.547450303,188.375901314125,22.4473741355,441.84457903875,,191.017260875,1152.1673958000001,971.989089508,16084.8682149,0.8436179439300185,0.9331574510941554
2015-09-21,NO 15/9-F-14 H,5351,15/9-F-14,3420717,VOLVE,369304,MÆRSK INSPIRER,24.0,100.0,%,production,OP,3860.532744917,210.936729875,3421.6623453224997,187.39689783575002,21.1641987765,438.8703995945,,190.256994125,1219.6570571,1032.047740357,16670.9527107,0.846178632222174,0.9318269710798135
2015-09-22,NO 15/9-F-14 H,5351,15/9-F-14,3420717,VOLVE,369304,MÆRSK INSPIRER,23.07486,58.89590583333333,%,production,OP,3731.595091775439,201.5457128246455,3217.9678617571294,179.55556486176002,83.4194325148933,513.6272300183101,,184.90756920099798,624.8297254,548.263895823,8618.1718658,0.8774612883086115,0.9323996951385486
2015-09-23,NO 15/9-F-14 H,5351,15/9-F-14,3420717,VOLVE,369304,MÆRSK INSPIRER,24.0,97.54720895833333,%,production,OP,3864.317994987,210.922965125,3417.629234375375,187.5930798605,22.71331943825,446.688760611625,,190.63954174999998,1197.3911297,1013.72965232,17542.5316824,0.8466153015297387,0.9361047992723391
2015-09-24,NO 15/9-F-14 H,5351,15/9-F-14,3420717,VOLVE,369304,MÆRSK INSPIRER,24.0,100.0,%,production,OP,3866.193369564875,210.90419337499998,3420.318281198125,186.19854553375,21.468388786875,445.87508836675,,188.93506362500003,1224.0599241000002,1035.903046156,18252.0222504,0.8462845860407169,0.9371506079542701
2015-09-25,NO 15/9-F-14 H,5351,15/9-F-14,3420717,VOLVE,369304,MÆRSK INSPIRER,24.0,100.0,%,production,OP,3867.5957691815,210.929372,3420.9141456481248,186.640050270625,21.86948835425,446.681623533375,,189.427698875,1065.0535273,912.5558619960001,18881.7580276,0.8568169003762709,0.9466053246470679
2015-09-26,NO 15/9-F-14 H,5351,15/9-F-14,3420717,VOLVE,369304,MÆRSK INSPIRER,24.0,100.0,%,production,OP,3868.41566295225,210.94909925000002,3421.2936647697497,188.152065377375,22.031371913625,447.1219981825,,190.813272125,1068.0097380000002,905.8375934679999,18815.2118378,0.8481548072439015,0.946285880588894
2015-09-27,NO 15/9-F-14 H,5351,15/9-F-14,3420717,VOLVE,369304,MÆRSK INSPIRER,24.0,100.0,%,production,OP,3868.9367784429996,210.951756875,3422.1595839325,188.71801271824998,22.42707485875,446.7771945105,,191.06185062499998,1054.4866465,905.824527029,18791.1218655,0.8590194385444027,0.9468654918864097
2015-09-28,NO 15/9-F-14 H,5351,15/9-F-14,3420717,VOLVE,369304,MÆRSK INSPIRER,24.0,100.0,%,production,OP,3868.8023131088753,210.953534,3423.066497481625,187.363016354625,21.656484943125,445.73581562725,,190.06792175,1050.5240662,896.9778415320001,18697.1521041,0.8538384511043008,0.9468026487197536
2015-09-29,NO 15/9-F-14 H,5351,15/9-F-14,3420717,VOLVE,369304,MÆRSK INSPIRER,24.0,97.91666666666667,%,production,OP,3868.7919898877876,210.96132237499998,3423.7337710951915,186.52354933289362,21.275519298893617,445.05821879259577,,188.6467689787234,1040.2716759,890.2585135630002,17736.2578304,0.8557942450877415,0.9445972337139852
2015-09-30,NO 15/9-F-14 H,5351,15/9-F-14,3420717,VOLVE,369304,MÆRSK INSPIRER,24.0,97.91666666666667,%,production,OP,3868.683618728553,210.970022,3422.815671297447,187.731299274383,22.234272939446807,445.86794743110636,,190.09556523404257,1077.8218416000002,918.8086827780002,17429.1893062,0.8524680492780246,0.9417614312223437
2015-10-01,NO 15/9-F-14 H,5351,15/9-F-14,3420717,VOLVE,369304,MÆRSK INSPIRER,24.0,100.0,%,production,OP,3848.887701307875,211.00606625,3419.89825417175,188.52501548625,23.389939838,428.989447136125,,190.508334125,1102.8552854,941.8780105530002,18140.7555115,0.8540359039140715,0.9426897947043461
2015-10-02,NO 15/9-F-14 H,5351,15/9-F-14,3420717,VOLVE,369304,MÆRSK INSPIRER,24.0,100.0,%,production,OP,3815.50141315275,211.06125875,3416.285433132375,190.026331018875,25.34653267425,399.215980020375,,191.023455875,1203.9954301999999,1026.5940912360002,19572.253369399998,0.852656135966786,0.9420494314535172
2015-10-03,NO 15/9-F-14 H,5351,15/9-F-14,3420717,VOLVE,369304,MÆRSK INSPIRER,24.0,100.0,%,production,OP,3816.60779927625,211.07867900000002,3417.301206765375,190.73506827075,25.381707410875,399.306592510875,,191.29678925000002,1193.6172437,1020.6432111390001,20151.2303799,0.855084170847925,0.9440793738728651
2015-10-04,NO 15/9-F-14 H,5351,15/9-F-14,3420717,VOLVE,369304,MÆRSK INSPIRER,24.0,97.91666666666667,%,production,OP,3816.3726799488513,211.081262,3417.1193593939147,191.6048260544681,25.224910210723404,399.2533205549362,,191.69845872340426,1176.8863491000002,1000.1296082030002,19728.303555500002,0.849809846947268,0.9437036279282477
2015-10-05,NO 15/9-F-14 H,5351,15/9-F-14,3420717,VOLVE,369304,MÆRSK INSPIRER,24.0,100.0,%,production,OP,3816.259729291915,211.08131102127658,3418.428941440979,189.4901596708085,24.214501440765957,397.8307878509362,,187.70743323404253,1180.1570503,1010.0092486750001,20044.4294061,0.8558261363758766,0.9443966998968718
2015-10-06,NO 15/9-F-14 H,5351,15/9-F-14,3420717,VOLVE,369304,MÆRSK INSPIRER,24.0,100.0,%,production,OP,3816.2900995805003,211.08615575000002,3419.076006555125,187.286297295875,23.584136655124997,397.21409302537495,,183.9551975,1173.9930365,1006.8263347640001,20013.9238276,0.8576084384330163,0.9445913893267549
2015-10-07,NO 15/9-F-14 H,5351,15/9-F-14,3420717,VOLVE,369304,MÆRSK INSPIRER,24.0,100.0,%,production,OP,3816.4597547593753,211.097408375,3419.22974985675,186.462221596125,23.62777194175,397.230004902625,,184.053182,1177.5153301,1002.9886863150001,19894.4174376,0.851783973147782,0.9441192536498149
2015-10-08,NO 15/9-F-14 H,5351,15/9-F-14,3420717,VOLVE,369304,MÆRSK INSPIRER,24.0,100.0,%,production,OP,3817.264359107625,211.09777325,3418.7768868315,188.198120985625,24.201016507000002,398.487472276125,,187.238313125,1160.2812507,996.030277827,19863.21998,0.8584386563396529,0.9448102750361259
2015-10-09,NO 15/9-F-14 H,5351,15/9-F-14,3420717,VOLVE,369304,MÆRSK INSPIRER,24.0,100.0,%,production,OP,3819.412063681875,211.10274762499998,3418.24473636625,191.908495188125,25.3343796985,401.167327315625,,191.51540375,1210.9771193000001,1027.606563685,19549.043970500003,0.8485763663965867,0.9416678280787013
2015-10-10,NO 15/9-F-14 H,5351,15/9-F-14,3420717,VOLVE,369304,MÆRSK INSPIRER,24.0,100.0,%,production,OP,3818.7329927442497,211.11240125,3419.147606981125,191.187928274375,24.628839325875003,399.58538576312503,,190.97845925,1207.3919276000001,1026.477905873,19678.362464100002,0.8501613125022188,0.942190647991158
2015-10-11,NO 15/9-F-14 H,5351,15/9-F-14,3420717,VOLVE,369304,MÆRSK INSPIRER,24.0,100.0,%,production,OP,3819.5590989760003,211.11355325,3420.425724139875,189.667923991125,24.203007757875,399.133374836125,,188.607263375,1211.1658136,1029.104260112,19652.8258355,0.8496807361604348,0.9419494680610532
2015-10-12,NO 15/9-F-14 H,5351,15/9-F-14,3420717,VOLVE,369304,MÆRSK INSPIRER,24.0,100.0,%,production,OP,3820.454210057875,211.114763375,3420.7936160485,189.97216234750002,24.37955224175,399.660594009375,,189.378255875,1197.4540278,1024.772912157,19686.2876247,0.855793114696641,0.9426609442060087
2015-10-13,NO 15/9-F-14 H,5351,15/9-F-14,3420717,VOLVE,369304,MÆRSK INSPIRER,23.16667,79.4500775,%,production,OP,3856.8337931786114,211.06775021138213,3431.115370483276,189.3315895338204,43.90170869636284,425.7184226953348,,189.3087473944188,952.906215,823.7528110820001,17355.8501216,0.8644636776579321,0.947953525762146
2015-10-14,NO 15/9-F-14 H,5351,15/9-F-14,3420717,VOLVE,369304,MÆRSK INSPIRER,24.0,99.817111875,%,production,OP,3831.184786055375,211.07911775,3420.298054440375,191.297528656375,23.80314705675,410.886731615,,190.92284899999999,1171.162622,988.7392048650001,19919.891168100003,0.8442373298906393,0.9444711187190782
2015-10-15,NO 15/9-F-14 H,5351,15/9-F-14,3420717,VOLVE,369304,MÆRSK INSPIRER,24.0,100.0,%,production,OP,3851.6602779321247,211.0400435,3423.4058954665,190.154248491625,22.27235557225,428.254382465625,,190.19877912500002,1166.759755,1001.459206658,19626.848920200002,0.8583251199455366,0.9438885393475946
2015-10-16,NO 15/9-F-14 H,5351,15/9-F-14,3420717,VOLVE,369304,MÆRSK INSPIRER,24.0,100.0,%,production,OP,3822.71577248375,211.097142875,3418.816376448625,192.393036929875,24.894751390750002,403.899396035125,,191.680700375,1200.9134233,1017.5574126530001,20643.785401,0.8473195427001271,0.9450249493957725
2015-10-17,NO 15/9-F-14 H,5351,15/9-F-14,3420717,VOLVE,369304,MÆRSK INSPIRER,24.0,100.0,%,production,OP,3821.6971826962504,211.08811250000002,3418.380543301875,192.0712731485,24.6836183655,403.31663939437504,,191.599710875,1188.2080071,1001.513944443,20163.6213056,0.8428776261888229,0.9443509972987065
2015-10-18,NO 15/9-F-14 H,5351,15/9-F-14,3420717,VOLVE,369304,MÆRSK INSPIRER,24.0,100.0,%,production,OP,3818.2719320503747,211.07856462499998,3417.128097869125,191.979678629875,24.440302012375003,401.14383418125004,,191.57377100000002,1192.7995684,996.665236133,20034.1770158,0.8355680724045775,0.9438073734302865
2015-10-19,NO 15/9-F-14 H,5351,15/9-F-14,3420717,VOLVE,369304,MÆRSK INSPIRER,24.0,100.0,%,production,OP,3821.508334155375,211.06072175,3417.7235211618754,191.809071639125,23.831523137125,403.7848129935,,191.40209825,1156.067078,974.4462863340001,19726.479510600002,0.8428977045344077,0.9446395547068427
2015-10-20,NO 15/9-F-14 H,5351,15/9-F-14,3420717,VOLVE,369304,MÆRSK INSPIRER,24.0,100.0,%,production,OP,3822.5609504619997,211.05393875,3418.285220098,190.854561453,23.226439709250002,404.275730364,,190.70232575,1158.0798172,975.0148530040001,19133.1617333,0.8419237072634479,0.9429271090032703
2015-10-21,NO 15/9-F-14 H,5351,15/9-F-14,3420717,VOLVE,369304,MÆRSK INSPIRER,24.0,100.0,%,production,OP,3820.6338335776254,211.05161225,3419.081783902125,189.11516302175,22.141655182875,401.5520496755,,188.350587875,1149.9659623,968.2340774570001,19529.3568652,0.8419675966064897,0.9443905406432971
2015-10-22,NO 15/9-F-14 H,5351,15/9-F-14,3420717,VOLVE,369304,MÆRSK INSPIRER,24.0,100.0,%,production,OP,3820.799926260625,211.04446324999998,3419.547313579375,188.466906615875,22.252793572,401.25261268125,,187.792079,1149.3369813,965.4431567160001,18570.160840200002,0.8400000804150581,0.9417157073824219
2015-10-23,NO 15/9-F-14 H,5351,15/9-F-14,3420717,VOLVE,369304,MÆRSK INSPIRER,24.0,100.0,%,production,OP,3820.6802457376252,211.03681550000002,3420.315924330625,189.37264173124998,22.552088549875,400.364321407,,189.14957487499998,1135.4993993,959.434007364,19093.976217,0.8449445309750592,0.9438690640905657
2015-10-24,NO 15/9-F-14 H,5351,15/9-F-14,3420717,VOLVE,369304,MÆRSK INSPIRER,24.0,100.0,%,production,OP,3824.656988270375,211.02651575,3421.21363401,188.09446413999999,21.82693178775,403.443354260375,,188.96074475,1121.8505116000001,954.226854849,20475.6587797,0.8505828940507121,0.9480564866777527
2015-10-25,NO 15/9-F-14 H,5351,15/9-F-14,3420717,VOLVE,369304,MÆRSK INSPIRER,24.0,100.0,%,production,OP,3823.4292881334004,211.02209492,3420.43017064236,188.64591118596,22.61752739904,402.99911749103995,,188.81873888,1185.7549812,995.0877284840001,20577.3650074,0.8392018117241709,0.94551539568678
2015-10-26,NO 15/9-F-14 H,5351,15/9-F-14,3420717,VOLVE,369304,MÆRSK INSPIRER,24.0,100.0,%,production,OP,3820.0237644685003,211.02366312499998,3420.95503729925,188.56666556525,22.24259860925,399.06872716925,,188.76324725,1037.4412614,955.122435641,20402.0680027,0.9206520611606358,0.9516107738931706
2015-10-27,NO 15/9-F-14 H,5351,15/9-F-14,3420717,VOLVE,369304,MÆRSK INSPIRER,24.0,100.0,%,production,OP,3822.26019603925,211.027017125,3421.47722244525,189.242255590875,22.296978794375,400.782973594,,187.703997875,1036.9380766000002,952.2170952719999,20622.2742508,0.9182969714008473,0.9521248482666094
2015-10-28,NO 15/9-F-14 H,5351,15/9-F-14,3420717,VOLVE,369304,MÆRSK INSPIRER,24.0,100.0,%,production,OP,3825.717010579875,211.026314,3422.1238773898754,187.6163826325,21.60943522025,403.59313319,,184.533792125,1126.0017862000002,1015.8344084400001,21712.8015086,0.9021605657200688,0.9506978639963868
2015-10-29,NO 15/9-F-14 H,5351,15/9-F-14,3420717,VOLVE,369304,MÆRSK INSPIRER,22.75,68.45869,%,production,OP,3928.8912810370757,210.9415221704923,3453.125464781517,178.59860080760163,91.02150011436173,475.76581625555843,,176.16773810536174,954.1012789,825.365280284,19019.630662800002,0.8650709296140742,0.9522321976841952
2015-10-30,NO 15/9-F-14 H,5351,15/9-F-14,3420717,VOLVE,369304,MÆRSK INSPIRER,24.0,76.15220125,%,production,OP,3895.9686647637504,210.952983125,3440.57367488825,181.721950685375,51.321288380625,455.39498987549996,,181.05499475,982.9715068,864.7821358360001,19035.8583726,0.8797631771151152,0.9508976542224624
2015-10-31,NO 15/9-F-14 H,5351,15/9-F-14,3420717,VOLVE,369304,MÆRSK INSPIRER,24.0,100.0,%,production,OP,3827.40781221625,211.047533375,3423.0340663805,191.561165437625,23.048039947625,404.37374583575,,187.32049625,1179.1506807,1136.7611230620003,23934.047910100002,0.9640507711763899,0.9530465752326758
2015-11-01,NO 15/9-F-14 H,5351,15/9-F-14,3420717,VOLVE,369304,MÆRSK INSPIRER,24.0,100.0,%,production,OP,3832.121396135,211.05833825,3425.925909565125,193.654970265125,24.74408108175,406.195486569875,,189.348080375,1190.2836444000002,1130.197886067,22971.3295915,0.949519798397895,0.9507365823308751
2015-11-02,NO 15/9-F-14 H,5351,15/9-F-14,3420717,VOLVE,369304,MÆRSK INSPIRER,23.50001,83.81318979166667,%,production,OP,3859.306942599319,211.02736952732022,3430.7881837806503,192.20447302384517,39.293606484944384,428.5187588186685,,188.5333523480458,1049.7063908999999,992.4864476820001,17708.0794816,0.9454895733568504,0.9440388968061029
2015-11-03,NO 15/9-F-14 H,5351,15/9-F-14,3420717,VOLVE,369304,MÆRSK INSPIRER,24.0,100.0,%,production,OP,3836.3160552411246,211.011953,3422.5179728305,192.30275379649999,23.6173715085,413.798082410625,,189.682283375,1140.0280625,992.3458951760001,19361.9850211,0.87045742803897,0.944394335431776
2015-11-04,NO 15/9-F-14 H,5351,15/9-F-14,3420717,VOLVE,369304,MÆRSK INSPIRER,24.0,100.0,%,production,OP,3843.614690715,210.98268124999998,3425.8776602571247,192.523740340875,22.889029953625002,417.737030457875,,189.218400125,1179.968356,1004.6636625360002,19508.034409300002,0.8514327163329456,0.942963640841195
2015-11-05,NO 15/9-F-14 H,5351,15/9-F-14,3420717,VOLVE,369304,MÆRSK INSPIRER,24.0,77.81883208333333,%,production,OP,3864.801893122625,210.92709087499998,3430.184255461375,190.33036390475,35.2541328435,434.61763766125,,186.913272125,1055.1785256,888.9190269920001,17669.0826596,0.8424347211639275,0.9436464533813471
2015-11-06,NO 15/9-F-14 H,5351,15/9-F-14,3420717,VOLVE,369304,MÆRSK INSPIRER,24.0,100.0,%,production,OP,3839.351283596875,210.96183537500002,3427.3156667027497,191.42601721625002,21.853232011750002,412.035616894125,,188.474132375,1100.4651576,944.6007739230001,20230.6077821,0.8583649990183024,0.9484102294942752
2015-11-07,NO 15/9-F-14 H,5351,15/9-F-14,3420717,VOLVE,369304,MÆRSK INSPIRER,24.0,100.0,%,production,OP,3843.0793191975,210.97802975,3430.9366703026253,192.69343177925,23.057488569,412.14264889487504,,190.35065525,1082.7907915,934.3432661610001,20151.7964628,0.8629028557461648,0.9490081545483897
2015-11-08,NO 15/9-F-14 H,5351,15/9-F-14,3420717,VOLVE,369304,MÆRSK INSPIRER,24.0,100.0,%,production,OP,3849.167352701625,211.0223345,3436.710572650125,193.276771593625,23.070759546,412.4567800515,,188.42255300000002,1053.2915826,909.352818706,20416.9748524,0.8633438581758205,0.9509418485425517
2015-11-09,NO 15/9-F-14 H,5351,15/9-F-14,3420717,VOLVE,369304,MÆRSK INSPIRER,24.0,100.0,%,production,OP,3853.907152238875,211.055358125,3440.3766951545,193.28742584337502,23.90632950725,413.530457084375,,187.388576375,974.2915690000001,840.303045237,20277.4668666,0.8624759486520814,0.9541547786762007
2015-11-10,NO 15/9-F-14 H,5351,15/9-F-14,3420717,VOLVE,369304,MÆRSK INSPIRER,24.0,100.0,%,production,OP,3855.063419347875,211.08636612499998,3442.540169589625,196.23651673524998,25.177249155250003,412.52324975824996,,190.15173049999999,965.2971407,837.266687331,20502.5791665,0.8673667951858256,0.9550352756422276
2015-11-11,NO 15/9-F-14 H,5351,15/9-F-14,3420717,VOLVE,369304,MÆRSK INSPIRER,24.0,100.0,%,production,OP,3847.8051044379995,211.12681700000002,3444.6502126298747,197.492319193375,26.664508088375,403.154891808125,,189.987572,1016.0559074,866.061940564,21094.3873894,0.8523762661645049,0.9540463348581051
2015-11-12,NO 15/9-F-14 H,5351,15/9-F-14,3420717,VOLVE,369304,MÆRSK INSPIRER,24.0,100.0,%,production,OP,3851.5676832556255,211.14509974999999,3448.060122485625,196.996893558375,26.579712226,403.50756077,,188.11895149999998,1191.2271159,1020.09689273,21356.9869569,0.8563412292367883,0.9471697797415812
2015-11-13,NO 15/9-F-14 H,5351,15/9-F-14,3420717,VOLVE,369304,MÆRSK INSPIRER,24.0,100.0,%,production,OP,3859.0012953611486,211.1616515,3450.737799576399,197.034766606125,26.83451840462234,408.26349578475,,187.9987555744681,1182.8616686,1015.1447123490001,21140.05141,0.8582108451874134,0.9470113213076139
2015-11-14,NO 15/9-F-14 H,5351,15/9-F-14,3420717,VOLVE,369304,MÆRSK INSPIRER,24.0,100.0,%,production,OP,3857.669576953625,211.19783149999998,3452.604870085875,197.674178715625,28.12786596775,405.06470686775,,189.98110025,1208.2096029,1038.4683059640001,21422.9670638,0.8595100580821581,0.9466130453270782
2015-11-15,NO 15/9-F-14 H,5351,15/9-F-14,3420717,VOLVE,369304,MÆRSK INSPIRER,24.0,100.0,%,production,OP,3861.6788912537872,211.208436125,3452.6625290555744,200.6770486178298,28.24065448557447,409.01636219821273,,191.37573902127662,1214.562311,1027.636934327,22690.3008807,0.8460965114921964,0.949191831751553
2015-11-16,NO 15/9-F-14 H,5351,15/9-F-14,3420717,VOLVE,369304,MÆRSK INSPIRER,24.0,97.91666666666667,%,production,OP,3862.330636479319,211.19438663829786,3451.61054684017,197.63527156493618,26.418986463319147,410.72008963914897,,187.90176161702126,1203.3664492,1019.9030150270002,21249.6827983,0.8475415079961997,0.946405210448911
2015-11-17,NO 15/9-F-14 H,5351,15/9-F-14,3420717,VOLVE,369304,MÆRSK INSPIRER,24.0,100.0,%,production,OP,3859.751440319125,211.191694625,3449.791966854375,197.02849975587498,26.14966851275,409.95947346475003,,187.270803125,1206.2597618,1022.1066523070001,20649.8236186,0.8473354452127263,0.9448089696216229
2015-11-18,NO 15/9-F-14 H,5351,15/9-F-14,3420717,VOLVE,369304,MÆRSK INSPIRER,24.0,100.0,%,production,OP,3852.7125618600003,211.205448125,3447.0111019127503,199.20360744725,26.695757734125,405.70145994725,,191.319521375,1193.4914475,1037.92022182,20691.3992627,0.8696503221653794,0.9454650487724966
2015-11-19,NO 15/9-F-14 H,5351,15/9-F-14,3420717,VOLVE,369304,MÆRSK INSPIRER,24.0,100.0,%,production,OP,3846.103050270125,211.225442,3443.38152596275,199.38162950575,26.816607626,402.721524307375,,191.82679212500003,1230.1610398,1066.933366752,20750.08319,0.8673119471621881,0.9440333316163888
2015-11-20,NO 15/9-F-14 H,5351,15/9-F-14,3420717,VOLVE,369304,MÆRSK INSPIRER,24.0,100.0,%,production,OP,3855.8997114774997,211.20692524999998,3444.20300910825,198.80887142212498,25.501146203875,411.69670236925,,191.119487,1177.7669225,1020.191182979,20307.4063622,0.8662080446388153,0.9451823400773449
2015-11-21,NO 15/9-F-14 H,5351,15/9-F-14,3420717,VOLVE,369304,MÆRSK INSPIRER,24.0,100.0,%,production,OP,3867.430326147875,211.1835845,3444.7336638691254,196.62998065624998,24.473376719625,422.69666227875,,190.651681625,1210.4110364,1044.9828086730001,19885.6746017,0.8633288835344596,0.9426239039239597
2015-11-22,NO 15/9-F-14 H,5351,15/9-F-14,3420717,VOLVE,369304,MÆRSK INSPIRER,24.0,100.0,%,production,OP,3868.42883723725,211.178790875,3443.7184462151254,197.47250639825,24.360775864,424.710391022125,,191.031102875,1177.5153301,1012.612295212,20192.4286354,0.8599567830051132,0.9448985298229607
2015-11-23,NO 15/9-F-14 H,5351,15/9-F-14,3420717,VOLVE,369304,MÆRSK INSPIRER,24.0,100.0,%,production,OP,3864.5841518035,211.18180850000002,3443.20916038625,197.33170471649998,23.714924671625,421.37499141725,,189.1530095,1180.5344389,1008.541216596,20270.8625661,0.854309017478338,0.9449670136343645
2015-11-24,NO 15/9-F-14 H,5351,15/9-F-14,3420717,VOLVE,369304,MÆRSK INSPIRER,24.0,100.0,%,production,OP,3864.7894410060003,211.17208625,3442.381322763375,197.27573817825,23.574210617000002,422.408118242625,,190.54141287500002,1170.0933543,995.4073265190001,19421.9898085,0.8507076147906979,0.943177514142241
2015-11-25,NO 15/9-F-14 H,5351,15/9-F-14,3420717,VOLVE,369304,MÆRSK INSPIRER,24.0,100.0,%,production,OP,3864.744198214875,211.171164125,3442.47930499725,196.6538696235,23.171343398999998,422.264893217625,,190.64762862499998,1157.3879381,987.42726376,19181.3416779,0.8531515071610197,0.9430943839683325
2015-11-26,NO 15/9-F-14 H,5351,15/9-F-14,3420717,VOLVE,369304,MÆRSK INSPIRER,24.0,100.0,%,production,OP,3862.0492350503746,211.171892,3441.682801625625,196.9588603645,22.9703328175,420.36643342475,,189.12641075000002,1149.6514718,983.460363509,19387.9619364,0.8554421819416314,0.9440221485841689
2015-11-27,NO 15/9-F-14 H,5351,15/9-F-14,3420717,VOLVE,369304,MÆRSK INSPIRER,24.0,100.0,%,production,OP,3864.69044652775,211.152668,3442.1437051949997,196.30137289425,22.196274076374998,422.54674133275,,188.19038824999998,1140.8457378,968.3545005840001,19090.3281272,0.8488040657024928,0.9436095134462926
2015-11-28,NO 15/9-F-14 H,5351,15/9-F-14,3420717,VOLVE,369304,MÆRSK INSPIRER,24.0,100.0,%,production,OP,3863.240395884875,211.1513,3441.8254646283754,195.27179043499999,21.935033443749997,421.4149312565,,187.865743625,1131.3481247,974.280307244,18980.3193503,0.8611675628156897,0.9437466770914776
2015-11-29,NO 15/9-F-14 H,5351,15/9-F-14,3420717,VOLVE,369304,MÆRSK INSPIRER,24.0,100.0,%,production,OP,3862.319048033125,211.15118562499998,3441.392891815,194.188897445875,21.725193674,420.926156218125,,188.036840375,1119.7119762,958.456143321,18946.0398858,0.8559845421799821,0.9441978559337972
2015-11-30,NO 15/9-F-14 H,5351,15/9-F-14,3420717,VOLVE,369304,MÆRSK INSPIRER,24.0,100.0,%,production,OP,3860.4778540772504,211.14571625,3440.7478383316247,194.73113711699997,22.264154882,419.730015745625,,189.811930625,1110.7175479,949.1383597260001,18697.9697794,0.8545272031764576,0.9439277560624005
2015-12-01,NO 15/9-F-14 H,5351,15/9-F-14,3420717,VOLVE,369304,MÆRSK INSPIRER,24.0,100.0,%,production,OP,3860.4473296215006,211.134994625,3441.3009498095003,195.70791365775003,21.5275431395,419.146379812,,189.76975399999998,1094.7414305000002,940.654003051,18494.9347126,0.8592476514032871,0.9441164099649705
2015-12-02,NO 15/9-F-14 H,5351,15/9-F-14,3420717,VOLVE,369304,MÆRSK INSPIRER,24.0,100.0,%,production,OP,3863.4153570372496,211.12756174999998,3441.81058312525,195.31277273487498,21.040683811375,421.604773912,,187.404752375,1090.024073,929.583550895,18461.7245158,0.8528101111900857,0.9442492793905702
2015-12-03,NO 15/9-F-14 H,5351,15/9-F-14,3420717,VOLVE,369304,MÆRSK INSPIRER,24.0,100.0,%,production,OP,3864.062821777375,211.121434625,3441.98539017475,195.98964997275002,21.467319131625,422.077431602625,,189.450037625,1093.4205704,936.166564122,18556.5748506,0.8561815914799621,0.9443551742901956
2015-12-04,NO 15/9-F-14 H,5351,15/9-F-14,3420717,VOLVE,369304,MÆRSK INSPIRER,24.0,100.0,%,production,OP,3858.395247392,211.167936875,3444.612010225,196.88186331625002,22.79668002875,413.783237167,,188.42004200000002,1074.4253442,961.1545395480001,19152.8488386,0.8945754535078103,0.9468823463562073
2015-12-05,NO 15/9-F-14 H,5351,15/9-F-14,3420717,VOLVE,369304,MÆRSK INSPIRER,24.0,100.0,%,production,OP,3864.5488350505,211.19508724999997,3449.2495791236247,197.68789689312501,22.7531142395,415.299255926875,,187.02695525,1122.6681869000001,971.9707258640001,19597.5384056,0.8657684765682033,0.945817712681187
2015-12-06,NO 15/9-F-14 H,5351,15/9-F-14,3420717,VOLVE,369304,MÆRSK INSPIRER,24.0,100.0,%,production,OP,3868.3242618176246,211.22281362500001,3451.78779549125,199.214554794625,24.290553299000003,416.53646632637503,,189.814022,1106.9436619,955.937852064,20004.2375202,0.8635831117395731,0.9475660005779984
2015-12-07,NO 15/9-F-14 H,5351,15/9-F-14,3420717,VOLVE,369304,MÆRSK INSPIRER,24.0,100.0,%,production,OP,3875.289297805,211.23970475,3455.8621757926253,200.887834027625,24.513135261374998,419.42712201237504,,189.424491875,1117.1331541000002,967.385112069,20299.5440997,0.8659532738049993,0.9478381664503169
2015-12-08,NO 15/9-F-14 H,5351,15/9-F-14,3420717,VOLVE,369304,MÆRSK INSPIRER,24.0,100.0,%,production,OP,3882.5360610424996,211.248056,3460.18639009225,200.40360049162499,23.94892233325,422.34967095024996,,187.54823075,1112.9818794999999,962.708033201,20386.3434777,0.8649808689010198,0.9482317765321288
2015-12-09,NO 15/9-F-14 H,5351,15/9-F-14,3420717,VOLVE,369304,MÆRSK INSPIRER,20.5,53.29707583333333,%,production,OP,3962.9228271148845,211.13583997292295,3482.566303632397,191.08114300481824,79.86576900466653,480.3565234824874,,179.8638964807561,605.2684163,529.838097951,14150.562945600002,0.875377078470235,0.9589810698255321
2015-12-10,NO 15/9-F-14 H,5351,15/9-F-14,3420717,VOLVE,369304,MÆRSK INSPIRER,24.0,58.16890625,%,production,OP,3890.8674758548755,211.22263475,3458.095779122375,201.832076732,52.920416936125,432.7716967325,,186.445721,868.6856591000001,734.198969646,16935.753711700003,0.8451837116853814,0.9512096033461924
2015-12-11,NO 15/9-F-14 H,5351,15/9-F-14,3420717,VOLVE,369304,MÆRSK INSPIRER,24.0,77.47440541666667,%,production,OP,3877.5292556121244,211.216201625,3455.18999416,202.30652624625,40.47741655375,422.33926145212496,,189.47015449999998,1026.1196034,877.37959562,18852.5733092,0.8550461298203866,0.9483809318896617
2015-12-12,NO 15/9-F-14 H,5351,15/9-F-14,3420717,VOLVE,369304,MÆRSK INSPIRER,24.0,100.0,%,production,OP,3865.1095368503748,211.24201175000002,3452.79764673925,204.286168038,30.182997016875,412.311890111125,,191.363825375,1142.9842732,973.25194318,20034.1770158,0.8515007301502038,0.9460275030443435
2015-12-13,NO 15/9-F-14 H,5351,15/9-F-14,3420717,VOLVE,369304,MÆRSK INSPIRER,24.0,100.0,%,production,OP,3862.8575439108754,211.2296135,3452.0707193048747,203.8155801605,29.564564049750004,410.786824606,,191.175299,1124.8067223,955.7799953550001,19624.018505699998,0.8497282034380317,0.9457893779556202
2015-12-14,NO 15/9-F-14 H,5351,15/9-F-14,3420717,VOLVE,369304,MÆRSK INSPIRER,24.0,100.0,%,production,OP,3860.8547383418745,211.206275,3452.088988049625,202.44217303575002,28.703041351375,408.76575029225,,190.27462325,1115.2462111,950.250419629,19646.850516,0.8520543806122778,0.9462845094231591
2015-12-15,NO 15/9-F-14 H,5351,15/9-F-14,3420717,VOLVE,369304,MÆRSK INSPIRER,24.0,100.0,%,production,OP,3858.314573026125,211.195737125,3451.748943437,201.16183196100002,27.930028092500002,406.56562958912497,,187.676735375,1108.9564011,942.616794077,20265.2646352,0.8500034745658136,0.948117108023883
2015-12-16,NO 15/9-F-14 H,5351,15/9-F-14,3420717,VOLVE,369304,MÆRSK INSPIRER,24.0,100.0,%,production,OP,3856.7091474041254,211.18824725,3451.28608487625,200.337862018125,27.344956887,405.423062527875,,186.456764,1094.1753476000001,935.682046438,20096.8864215,0.8551481702547544,0.9483661857285751
2015-12-17,NO 15/9-F-14 H,5351,15/9-F-14,3420717,VOLVE,369304,MÆRSK INSPIRER,24.0,100.0,%,production,OP,3855.151342592125,211.18190675,3449.9259638366248,201.52289801875,27.311208357374998,405.2253787555,,188.701015625,1103.232674,937.7723235310001,20090.282121,0.8500222533574092,0.9479447989315922
2015-12-18,NO 15/9-F-14 H,5351,15/9-F-14,3420717,VOLVE,369304,MÆRSK INSPIRER,24.0,100.0,%,production,OP,3853.6124440877497,211.173072125,3448.6124453193747,201.0376190005,27.32271168375,404.999998768375,,187.1122145,1086.5646775,928.069609706,20109.7176339,0.8541319526798257,0.9487379597262859
2015-12-19,NO 15/9-F-14 H,5351,15/9-F-14,3420717,VOLVE,369304,MÆRSK INSPIRER,24.0,100.0,%,production,OP,3851.8666881574995,211.17162612500002,3448.489857993125,200.702777626125,26.619630913875,403.376830164375,,188.09286500000002,1078.3879245,919.554176095,19789.3776106,0.8527118629609617,0.9483227889116288
2015-12-20,NO 15/9-F-14 H,5351,15/9-F-14,3420717,VOLVE,369304,MÆRSK INSPIRER,24.0,100.0,%,production,OP,3849.6620894061252,211.170806375,3447.00053831175,200.343186121375,26.416698578875,402.661551094375,,187.23673212499997,1062.4747052,910.6919521300001,19674.0853933,0.8571422431732826,0.9487632133703384
2015-12-21,NO 15/9-F-14 H,5351,15/9-F-14,3420717,VOLVE,369304,MÆRSK INSPIRER,24.0,100.0,%,production,OP,3848.528212538375,211.16367350000002,3446.244654645,199.47827618137498,26.377913000375,402.283557893375,,186.685472375,1057.0654686,902.8231306760001,19549.798747700002,0.8540844039411468,0.9487032351208553
2015-12-22,NO 15/9-F-14 H,5351,15/9-F-14,3420717,VOLVE,369304,MÆRSK INSPIRER,24.0,100.0,%,production,OP,3848.2385897821255,211.155096875,3445.8794127015003,199.50532274675,26.321027888125,402.359177080625,,186.902402,1045.5551163,894.494158681,19456.7095597,0.8555208087417018,0.9490029451466439
2015-12-23,NO 15/9-F-14 H,5351,15/9-F-14,3420717,VOLVE,369304,MÆRSK INSPIRER,24.0,97.91666666666667,%,production,OP,3843.0038816934893,211.16470399999997,3444.613916806085,199.01455517170214,26.56598710519149,398.38996488740423,,185.8740294468085,1034.6108469,889.439212523,19474.3839258,0.8596847937444526,0.949553312662735
2015-12-24,NO 15/9-F-14 H,5351,15/9-F-14,3420717,VOLVE,369304,MÆRSK INSPIRER,24.0,100.0,%,production,OP,3841.2628632855003,211.1634845,3444.6392894555,198.355265077125,26.052695501625,396.62357383,,186.762518,1034.044764,892.4953466610001,19411.2971315,0.8631109384554653,0.9494239436403071
2015-12-25,NO 15/9-F-14 H,5351,15/9-F-14,3420717,VOLVE,369304,MÆRSK INSPIRER,24.0,100.0,%,production,OP,3840.7511813080005,211.16048375,3443.3104301481253,199.36926501625,27.061011764125002,397.440751159875,,188.353980125,1031.2143495,883.7793255540001,19241.0319748,0.8570277614760831,0.949131717669398
2015-12-26,NO 15/9-F-14 H,5351,15/9-F-14,3420717,VOLVE,369304,MÆRSK INSPIRER,24.0,100.0,%,production,OP,3839.819164098375,211.15602875,3442.7651235276253,199.610167091,27.255429159875,397.05404057075,,188.96193012499998,1021.2135516000001,881.3694504260001,19279.3998158,0.8630608642483275,0.9496954336739435
2015-12-27,NO 15/9-F-14 H,5351,15/9-F-14,3420717,VOLVE,369304,MÆRSK INSPIRER,24.0,100.0,%,production,OP,3841.292931475875,211.1514065,3443.0509057985,198.14839556475002,26.410335036625,398.242025677375,,187.665147875,998.2557451,876.3678294650001,18884.8400345,0.8778991092880815,0.9497937465993497
2015-12-28,NO 15/9-F-14 H,5351,15/9-F-14,3420717,VOLVE,369304,MÆRSK INSPIRER,24.0,97.91666666666667,%,production,OP,3839.156313629489,211.15198323404255,3443.711459510936,198.10186806868086,25.97345750055319,395.44485411855317,,184.39189412765958,998.6331337,864.3364643220001,18918.4276199,0.8655195137773748,0.9498604163508665
2015-12-29,NO 15/9-F-14 H,5351,15/9-F-14,3420717,VOLVE,369304,MÆRSK INSPIRER,24.0,100.0,%,production,OP,3838.771675489375,211.152043625,3443.6312662906253,197.59820599825,25.385998118375,395.14040919875,,184.225487375,1000.8345672,869.131494288,18924.151347,0.8684067504977759,0.949769873288255
2015-12-30,NO 15/9-F-14 H,5351,15/9-F-14,3420717,VOLVE,369304,MÆRSK INSPIRER,24.0,100.0,%,production,OP,3838.516795377375,211.1527925,3443.50115813975,197.67169191825002,25.084578938125,395.015637237625,,184.53848712500002,1000.3313823999999,866.604727503,18799.8647014,0.8663176450826103,0.9494787133336299
2015-12-31,NO 15/9-F-14 H,5351,15/9-F-14,3420717,VOLVE,369304,MÆRSK INSPIRER,24.0,100.0,%,production,OP,3838.168232803875,211.15444625,3442.76574296075,198.887633099375,25.362465702875,395.402489843125,,186.324525125,992.4062218,861.7644947210001,18813.513589100003,0.8683586174600504,0.949893454518894
2016-01-01,NO 15/9-F-14 H,5351,15/9-F-14,3420717,VOLVE,369304,MÆRSK INSPIRER,24.0,100.0,%,production,OP,3837.967587839,211.157369,3441.870384105625,199.908205072875,26.094466445625,396.097203733375,,187.91649950000001,988.7581319999999,854.3568832489999,18744.3885772,0.8640706514553348,0.9498935397090511
2016-01-02,NO 15/9-F-14 H,5351,15/9-F-14,3420717,VOLVE,369304,MÆRSK INSPIRER,24.0,100.0,%,production,OP,3840.7487730728753,211.1558165,3443.3043687683753,197.24660367,25.129277836750003,397.4444043045,,182.001783125,967.8759628,843.637106064,18551.4172064,0.871637625572821,0.9504143949061006
2016-01-03,NO 15/9-F-14 H,5351,15/9-F-14,3420717,VOLVE,369304,MÆRSK INSPIRER,21.5,71.01746791666666,%,production,OP,3943.726466516663,210.90901171835068,3405.4995557153034,170.2477583871988,25.581845782481327,538.22691080136,,159.18942852373578,604.0104543,524.359375393,12072.7871102,0.868129635273765,0.952353072514823
2016-01-04,NO 15/9-F-14 H,5351,15/9-F-14,3420717,VOLVE,369304,MÆRSK INSPIRER,24.0,68.27500708333334,%,production,OP,3905.4151770445,210.994472375,3439.139161441125,179.83077300875001,63.406818439,466.276015603375,,169.642682,658.4173108000001,599.7484906590001,15536.774171500001,0.9108941712517927,0.9593448887887744
2016-01-05,NO 15/9-F-14 H,5351,15/9-F-14,3420717,VOLVE,369304,MÆRSK INSPIRER,24.0,100.0,%,production,OP,3836.6694645011253,211.156902125,3440.25862817925,200.021117155875,25.402617055874998,396.410836321875,,183.64571525,978.4428436000001,887.388134747,20280.8004659,0.9069391641539519,0.9539756505273745
2016-01-06,NO 15/9-F-14 H,5351,15/9-F-14,3420717,VOLVE,369304,MÆRSK INSPIRER,24.0,100.0,%,production,OP,3846.3038584027504,211.189111625,3447.21212458075,201.598834476625,26.146921855625003,399.091733822,,183.510740375,965.0455483000001,882.089870306,21830.672548000002,0.9140396242020569,0.9576654903248414
2016-01-07,NO 15/9-F-14 H,5351,15/9-F-14,3420717,VOLVE,369304,MÆRSK INSPIRER,24.0,100.0,%,production,OP,3851.615974866375,211.24374275,3452.7047015542503,202.512156892375,27.18313678175,398.911273312125,,182.72477637499998,969.7629058000001,881.0795167389999,20297.21687,0.9085514732203112,0.9544005347245637
2016-01-08,NO 15/9-F-14 H,5351,15/9-F-14,3420717,VOLVE,369304,MÆRSK INSPIRER,24.0,100.0,%,production,OP,3858.7189994026253,211.25841799999998,3455.41814497725,205.04916461,28.33564498925,403.300854425375,,187.99709787499998,976.6816968,877.775826554,20633.7846031,0.8987327492978979,0.9548051539820537
2016-01-09,NO 15/9-F-14 H,5351,15/9-F-14,3420717,VOLVE,369304,MÆRSK INSPIRER,24.0,100.0,%,production,OP,3862.73702639775,211.2595715,3458.5491104995,205.23216328487499,28.564397109875,404.18791589824997,,186.527408,980.0152961,881.2423175060001,20650.515497700002,0.8992128194457066,0.9546929612850322
2016-01-10,NO 15/9-F-14 H,5351,15/9-F-14,3420717,VOLVE,369304,MÆRSK INSPIRER,24.0,100.0,%,production,OP,3866.1730582016253,211.27901000000003,3460.940294594625,206.00823140662501,28.78144345525,405.23276360700004,,186.264078875,983.0344048999999,884.974021855,20817.1954627,0.9002472522261566,0.9549071541506537
2016-01-11,NO 15/9-F-14 H,5351,15/9-F-14,3420717,VOLVE,369304,MÆRSK INSPIRER,24.0,100.0,%,production,OP,3871.6460369153747,211.290246875,3463.376026507125,208.40257309987499,29.092326364999998,408.27001040824996,,188.023735625,992.9094066000001,890.57669901,20921.9207992,0.8969365111159375,0.9546923522894913
2016-01-12,NO 15/9-F-14 H,5351,15/9-F-14,3420717,VOLVE,369304,MÆRSK INSPIRER,24.0,100.0,%,production,OP,3875.601936278875,211.30706525,3464.32669318625,211.2012051965,30.84846459875,411.27524309262503,,190.89476675,997.8783565000001,893.114766499,21350.5713507,0.8950136664267855,0.9553491016346196
2016-01-13,NO 15/9-F-14 H,5351,15/9-F-14,3420717,VOLVE,369304,MÆRSK INSPIRER,23.33333,85.20861354166667,%,production,OP,3900.5736549694907,211.2653544706512,3469.2430768493496,210.49393939401207,47.23999298526486,431.33057812014107,,190.43294928408244,836.4818319000001,748.9612205400001,19596.5949341,0.8953705770737375,0.9590623653266022
2016-01-14,NO 15/9-F-14 H,5351,15/9-F-14,3420717,VOLVE,369304,MÆRSK INSPIRER,24.0,100.0,%,production,OP,3873.5507575152506,211.27410049999997,3459.5679299304998,210.69256297375,30.467407469999998,413.98282758475,,190.47265475,1007.3130715000001,872.3345375780001,21869.5435738,0.8660014073668257,0.9559680297377328
2016-01-15,NO 15/9-F-14 H,5351,15/9-F-14,3420717,VOLVE,369304,MÆRSK INSPIRER,24.0,100.0,%,production,OP,3867.124592087125,211.259280875,3457.7361997041253,210.063185680875,30.511172686499997,409.388392383,,190.25714150000002,1006.8098867,880.1546247460001,23009.4458401,0.8742014121761008,0.9580779827566338
2016-01-16,NO 15/9-F-14 H,5351,15/9-F-14,3420717,VOLVE,369304,MÆRSK INSPIRER,24.0,100.0,%,production,OP,3862.6801140908747,211.25841799999998,3456.029102444125,208.934838386875,30.809663912125,406.65101164675,,190.644390875,1001.1490577,872.448604059,21930.1773422,0.8714472608737491,0.9563414239437817
2016-01-17,NO 15/9-F-14 H,5351,15/9-F-14,3420717,VOLVE,369304,MÆRSK INSPIRER,24.0,100.0,%,production,OP,3859.3071284926255,211.25841574999998,3454.66186849925,210.830841598625,30.553807815250003,404.64525999337496,,191.18827625,990.7708712000001,863.2229918310001,21209.7425048,0.8712639995011997,0.9553717135086129
2016-01-18,NO 15/9-F-14 H,5351,15/9-F-14,3420717,VOLVE,369304,MÆRSK INSPIRER,24.0,100.0,%,production,OP,3859.0262472975,211.246090625,3454.22496569725,209.180871180875,29.611928021625005,404.80128160025,,190.39331675,983.3488954000001,859.568626675,22001.189297099998,0.8741237527147986,0.9572169391804064
2016-01-19,NO 15/9-F-14 H,5351,15/9-F-14,3420717,VOLVE,369304,MÆRSK INSPIRER,24.0,100.0,%,production,OP,3861.154749444875,211.23458712500002,3453.044752210125,208.74170518175,29.604543170125,408.10999723475,,190.82797399999998,953.9754826999999,831.343705847,22122.6455282,0.8714518569115425,0.9586605213020832
2016-01-20,NO 15/9-F-14 H,5351,15/9-F-14,3420717,VOLVE,369304,MÆRSK INSPIRER,20.83333,70.71155333333333,%,production,OP,3897.2731736586184,211.16463650701638,3464.2690989496414,207.79870927726725,44.74923652765412,433.0040747089765,,190.05453676602923,694.2063297000001,632.235189483,17402.5834099,0.9107309490482739,0.96163925537683
2016-01-21,NO 15/9-F-14 H,5351,15/9-F-14,3420717,VOLVE,369304,MÆRSK INSPIRER,24.0,93.68123875,%,production,OP,3882.7242931718747,211.17720725,3455.1152240493752,208.84664621800002,25.132223921125,427.6090691225,,188.885357,888.6243568,774.924941127,21047.3396106,0.872050079650709,0.9594900703647844
2016-01-22,NO 15/9-F-14 H,5351,15/9-F-14,3420717,VOLVE,369304,MÆRSK INSPIRER,24.0,100.0,%,production,OP,3873.900803706625,211.188321875,3455.2285621815004,207.022288756625,22.703145626875,418.672241525125,,185.88798874999998,943.0941114,834.7413331340001,18947.926828800002,0.885109262208039,0.9525869429108087
2016-01-23,NO 15/9-F-14 H,5351,15/9-F-14,3420717,VOLVE,369304,MÆRSK INSPIRER,24.0,100.0,%,production,OP,3862.282190251375,211.21906287500002,3453.055509195125,209.123405916625,24.6283347145,409.22668105624996,,187.669245125,972.7191165,849.11017827,19540.9930137,0.872924325087015,0.9525820041576981
2016-01-24,NO 15/9-F-14 H,5351,15/9-F-14,3420717,VOLVE,369304,MÆRSK INSPIRER,24.0,100.0,%,production,OP,3851.810087078,211.241751875,3452.2365732794997,210.00254771037498,24.78138002075,399.5735137985,,188.79038787500002,984.1665707,855.179715759,19491.9324957,0.8689379838930553,0.9519358366303787
2016-01-25,NO 15/9-F-14 H,5351,15/9-F-14,3420717,VOLVE,369304,MÆRSK INSPIRER,22.66666,72.448944375,%,production,OP,3900.2816959400247,211.17306033104214,3461.30515628649,205.74558023464925,51.877237644912164,438.9765396535353,,186.12290929925274,963.8504844,719.039781524,16657.303823000002,0.7460075947065633,0.9453015127394218
2016-01-26,NO 15/9-F-14 H,5351,15/9-F-14,3420717,VOLVE,369304,MÆRSK INSPIRER,24.0,80.353846875,%,production,OP,3898.977070154375,211.121276,3458.848103314875,203.40275970975,50.345327678625004,440.1289668395,,183.91536724999997,873.1514242,778.233222223,17808.4019511,0.8912923928813767,0.9532613050607212
2016-01-27,NO 15/9-F-14 H,5351,15/9-F-14,3420717,VOLVE,369304,MÆRSK INSPIRER,24.0,100.0,%,production,OP,3847.960715103875,211.195813625,3448.24954513525,210.36458068812502,24.5109989725,399.711169968625,,190.83238775,1000.8345672,867.164465498,19540.552727,0.8664413619565877,0.9512771677557245
2016-01-28,NO 15/9-F-14 H,5351,15/9-F-14,3420717,VOLVE,369304,MÆRSK INSPIRER,24.0,100.0,%,production,OP,3848.84454948125,211.1958515,3450.316478651625,208.408495484875,23.605297095,398.528070829625,,187.568489375,954.9818523000001,838.333191271,19409.4101885,0.877852484057094,0.9531053099750438
2016-01-29,NO 15/9-F-14 H,5351,15/9-F-14,3420717,VOLVE,369304,MÆRSK INSPIRER,24.0,100.0,%,production,OP,3848.4492876933746,211.20485000000002,3450.66592656125,207.081210444125,22.90727150375,397.783361132125,,185.2986635,959.5105155000001,837.0495019260001,19392.3648034,0.8723713689472328,0.9528539507802046
2016-01-30,NO 15/9-F-14 H,5351,15/9-F-14,3420717,VOLVE,369304,MÆRSK INSPIRER,24.0,100.0,%,production,OP,3848.621692551,211.19305249999996,3450.402673526375,206.12519548875,22.90678804375,398.219019024625,,185.631358625,954.4157694,831.619513654,19299.2756154,0.8713388235158805,0.9528769471565924
2016-01-31,NO 15/9-F-14 H,5351,15/9-F-14,3420717,VOLVE,369304,MÆRSK INSPIRER,24.0,100.0,%,production,OP,3848.1447230014996,211.18833275000003,3449.40501453525,208.69904890162502,23.848716183375,398.73970846624997,,190.5662855,940.5152893000001,820.2647781630001,19075.2325832,0.8721440124312076,0.9530112341896456
2016-02-01,NO 15/9-F-14 H,5351,15/9-F-14,3420717,VOLVE,369304,MÆRSK INSPIRER,24.0,100.0,%,production,OP,3848.5315907151253,211.182062,3450.3491786773748,207.34042658799999,22.6807402775,398.18241203775,,186.837138125,931.3321667,817.0218292620001,19090.1394329,0.8772614739131828,0.9534833310295429
2016-02-02,NO 15/9-F-14 H,5351,15/9-F-14,3420717,VOLVE,369304,MÆRSK INSPIRER,24.0,100.0,%,production,OP,3849.2963670242502,211.173618875,3450.160390569,206.0678027435,22.580195705625,399.13597645525,,186.50247425000003,931.7724533999999,812.3097888410001,18971.828106800003,0.8717898730284573,0.9531857338785622
2016-02-03,NO 15/9-F-14 H,5351,15/9-F-14,3420717,VOLVE,369304,MÆRSK INSPIRER,24.0,100.0,%,production,OP,3850.018502161375,211.172029625,3449.56612758025,207.343859154,23.11416821075,400.452374581125,,189.637162625,915.8592341000001,806.43236332,18736.4634166,0.8805199896384382,0.9533968961135808
2016-02-04,NO 15/9-F-14 H,5351,15/9-F-14,3420717,VOLVE,369304,MÆRSK INSPIRER,23.58333,80.93448854166667,%,production,OP,3903.768063069991,211.10649511387322,3458.7220992449443,204.80061705254124,65.73847179466038,445.0459638250464,,187.48055105241627,779.8735419,689.735996611,16447.2870671,0.8844203060544937,0.9547300010953302
2016-02-05,NO 15/9-F-14 H,5351,15/9-F-14,3420717,VOLVE,369304,MÆRSK INSPIRER,24.0,88.06338625,%,production,OP,3857.5183144061252,211.151406875,3451.076157479375,207.032507892375,28.817334317,406.44215692675,,187.637435,902.0216521,798.5910873320001,18774.579665200003,0.8853347205943419,0.9541576496085771
2016-02-06,NO 15/9-F-14 H,5351,15/9-F-14,3420717,VOLVE,369304,MÆRSK INSPIRER,24.0,100.0,%,production,OP,3846.875679782625,211.17407562499997,3448.65481756675,218.95425983250001,23.09782726275,398.220862215875,,188.166859625,922.086146,802.348924559,19054.8535988,0.8701452982886482,0.9538424724818014
2016-02-07,NO 15/9-F-14 H,5351,15/9-F-14,3420717,VOLVE,369304,MÆRSK INSPIRER,24.0,100.0,%,production,OP,3849.2129762175,211.179796625,3450.315131006875,286.76070930950004,22.14902492625,398.897845210625,,185.871408875,901.329773,802.661106507,18908.3010258,0.8905298932214458,0.9545004254670612
2016-02-08,NO 15/9-F-14 H,5351,15/9-F-14,3420717,VOLVE,369304,MÆRSK INSPIRER,24.0,100.0,%,production,OP,3851.493611140375,211.187343125,3449.585855769875,288.392462350125,22.838846805625,401.9077553705,,188.515083125,899.5057280999999,802.380001495,18777.1584873,0.8920232261220217,0.9542856594871401
2016-02-09,NO 15/9-F-14 H,5351,15/9-F-14,3420717,VOLVE,369304,MÆRSK INSPIRER,24.0,100.0,%,production,OP,3854.0381940718753,211.17734862499998,3449.615105099875,289.463731147875,22.76274113675,404.42308897199996,,189.632270375,903.9085951000001,810.4628300310001,18896.7906735,0.8966203379682853,0.9543496629670336
2016-02-10,NO 15/9-F-14 H,5351,15/9-F-14,3420717,VOLVE,369304,MÆRSK INSPIRER,24.0,100.0,%,production,OP,3859.317704180125,211.163366,3449.74709874475,290.81121575175,23.056427978625,409.570605435375,,191.067900875,892.6498352,777.2747812650001,18567.330425699998,0.8707499297200342,0.9541289444679675
2016-02-11,NO 15/9-F-14 H,5351,15/9-F-14,3420717,VOLVE,369304,MÆRSK INSPIRER,24.0,100.0,%,production,OP,3868.0946152959996,211.144360625,3450.856159006375,289.69674980300005,22.60215989775,417.23845628962505,,190.37958350000002,904.7262704000001,791.004077184,18202.081159,0.8743020989478719,0.9526490088025967
2016-02-12,NO 15/9-F-14 H,5351,15/9-F-14,3420717,VOLVE,369304,MÆRSK INSPIRER,24.0,100.0,%,production,OP,3868.807987720625,211.14239937500002,3450.933820812125,287.2032444205,22.32371111075,417.8741669085,,188.7942425,854.9738733,744.069781443,18268.249960200003,0.8702836480500439,0.9552913315901129
2016-02-13,NO 15/9-F-14 H,5351,15/9-F-14,3420717,VOLVE,369304,MÆRSK INSPIRER,24.0,100.0,%,production,OP,3869.3967876113747,211.13673875,3450.19948435325,289.771695167875,22.509900621625,419.197303258125,,190.53233825,830.1291238,724.9278014550001,18239.2539361,0.8732711341779816,0.9564679611714532
2016-02-14,NO 15/9-F-14 H,5351,15/9-F-14,3420717,VOLVE,369304,MÆRSK INSPIRER,24.0,100.0,%,production,OP,3872.0206126585,211.134720875,3450.4269553048753,288.84572120825,22.476526773499998,421.59365735362496,,190.247990375,845.7907507,744.6397607010001,17860.9218646,0.8804066018512445,0.9547867779821327
2016-02-15,NO 15/9-F-14 H,5351,15/9-F-14,3420717,VOLVE,369304,MÆRSK INSPIRER,24.0,100.0,%,production,OP,3871.0046003171256,211.134591875,3450.4434684855,288.210400379,22.818115436499998,420.561131831625,,190.350192875,842.9603362,738.654978492,17796.702904499998,0.8762630301465898,0.9547759889588894
2016-02-16,NO 15/9-F-14 H,5351,15/9-F-14,3420717,VOLVE,369304,MÆRSK INSPIRER,24.0,100.0,%,production,OP,3870.9299359633746,211.120015625,3452.1786668580003,286.068252573125,21.66619342425,418.751269105375,,186.85773275,833.8401117,734.0686584030001,17728.2068736,0.8803470210930608,0.9550782242734139
2016-02-17,NO 15/9-F-14 H,5351,15/9-F-14,3420717,VOLVE,369304,MÆRSK INSPIRER,24.0,100.0,%,production,OP,3872.324213452,211.113951125,3452.26651154,285.179925039375,21.270520695375,420.057701912,,187.075876625,831.3870858,728.1682783269999,17537.5627325,0.8758474731734881,0.9547395417798064
2016-02-18,NO 15/9-F-14 H,5351,15/9-F-14,3420717,VOLVE,369304,MÆRSK INSPIRER,24.0,100.0,%,production,OP,3872.5226133495003,211.104079625,3450.848810414375,289.22407700425003,22.473707597375,421.67380293512497,,189.991207625,816.2915418,720.6381248460001,17448.9393096,0.8828195417251598,0.955308993987479
2016-02-19,NO 15/9-F-14 H,5351,15/9-F-14,3420717,VOLVE,369304,MÆRSK INSPIRER,24.0,100.0,%,production,OP,3868.9921769157504,211.104012875,3452.015919113875,286.56588399437504,21.318540359874998,416.97625780187497,,186.805286375,789.1195626,696.7064120969999,17791.9226489,0.8828908128972038,0.9575309310630807
2016-02-20,NO 15/9-F-14 H,5351,15/9-F-14,3420717,VOLVE,369304,MÆRSK INSPIRER,24.0,100.0,%,production,OP,3867.94010148,211.117638875,3452.750355286375,286.683464488,22.113143129375,415.189746193625,,187.66310825,815.6625608,711.6053308800001,18126.855031400002,0.8724261294794003,0.9569401186072612
2016-02-21,NO 15/9-F-14 H,5351,15/9-F-14,3420717,VOLVE,369304,MÆRSK INSPIRER,24.0,100.0,%,production,OP,3872.993754184375,211.145228,3456.4569343278754,287.615046583625,22.956227872,416.5368198565,,188.369984,776.5399426,693.060522469,18254.7897668,0.8924982276487989,0.9591967584789175
2016-02-22,NO 15/9-F-14 H,5351,15/9-F-14,3420717,VOLVE,369304,MÆRSK INSPIRER,24.0,100.0,%,production,OP,3869.07032822475,211.19349275,3457.839110208375,290.879966785375,24.3917777365,411.23121801637495,,190.44740375,791.3838942,712.8883139310001,18795.587630600003,0.9008122595818682,0.9595964137080615
2016-02-23,NO 15/9-F-14 H,5351,15/9-F-14,3420717,VOLVE,369304,MÆRSK INSPIRER,24.0,100.0,%,production,OP,3874.5247632258747,211.218610625,3461.520138388875,291.36895938074997,25.150202589875,413.004624837,,190.177654625,790.6920150999999,710.0401833760002,18978.0550187,0.8979984239327374,0.9600029271583019
2016-02-24,NO 15/9-F-14 H,5351,15/9-F-14,3420717,VOLVE,369304,MÆRSK INSPIRER,24.0,100.0,%,production,OP,3879.372120526625,211.245237125,3464.4843797085,292.913765162,25.986993287625,414.887740818125,,190.711454375,788.0502949,704.496834917,19285.186440999998,0.8939744575647895,0.9607412444107426
2016-02-25,NO 15/9-F-14 H,5351,15/9-F-14,3420717,VOLVE,369304,MÆRSK INSPIRER,24.0,100.0,%,production,OP,3889.1434997976253,211.25622125,3467.801299054875,294.5601035865,26.282553537,421.34220074275004,,191.06895387499998,804.7182914,715.6601647340001,19676.2239287,0.8893300579621944,0.9607089223360901
2016-02-26,NO 15/9-F-14 H,5351,15/9-F-14,3420717,VOLVE,369304,MÆRSK INSPIRER,24.0,100.0,%,production,OP,3875.7702045318747,211.3082675,3467.57999221825,298.664808916375,28.507916895375,408.19021231362495,,191.95335875,874.7238767,793.5605083170001,20292.3737163,0.9072125838279408,0.9586753038362107
2016-02-27,NO 15/9-F-14 H,5351,15/9-F-14,3420717,VOLVE,369304,MÆRSK INSPIRER,24.0,100.0,%,production,OP,3883.6633205515004,211.31871500000003,3472.39184542525,299.790243363875,29.126824257625,411.27147512625,,192.048716375,869.2517419999999,790.433038485,20335.773405300002,0.9093258032090318,0.9590072760601899
2016-02-28,NO 15/9-F-14 H,5351,15/9-F-14,3420717,VOLVE,369304,MÆRSK INSPIRER,24.0,100.0,%,production,OP,3890.271411977625,211.33957175,3475.1838571415,301.050623583875,29.757123146125004,415.087554836125,,192.3088325,879.5041323000002,792.336500815,20392.570389599998,0.9008900262275662,0.9586545199719692
2016-02-29,NO 15/9-F-14 H,5351,15/9-F-14,3420717,VOLVE,369304,MÆRSK INSPIRER,24.0,100.0,%,production,OP,3893.180916560375,211.35875825,3478.5409550355002,298.99815156475,28.687380269,414.639961524875,,190.06555362499998,872.8998318,787.5135722360001,21938.479891400002,0.9021809187568227,0.9617340186173732
2016-03-01,NO 15/9-F-14 H,5351,15/9-F-14,3420717,VOLVE,369304,MÆRSK INSPIRER,24.0,100.0,%,production,OP,3890.6993798345,211.3465235,3476.24029580375,295.116481441,27.588575402625,414.45908403075,,187.13240375,886.6745157,784.1046442449999,21007.7138076,0.8843207178746706,0.9595022019977419
2016-03-02,NO 15/9-F-14 H,5351,15/9-F-14,3420717,VOLVE,369304,MÆRSK INSPIRER,24.0,100.0,%,production,OP,3888.2187949205,211.33403262500002,3472.7805533085,299.48876072950003,28.512440268,415.438241612,,191.904538625,873.8433033000001,774.1911016610001,20964.3770167,0.8859610169664613,0.959985599078341
2016-03-03,NO 15/9-F-14 H,5351,15/9-F-14,3420717,VOLVE,369304,MÆRSK INSPIRER,24.0,100.0,%,production,OP,3886.0989376422503,211.33256712500003,3471.50649721375,293.6176950085,28.4689167815,414.59244042849997,,192.14169950000002,864.6601807,771.145208786,20860.595151700003,0.8918477177493089,0.9602002292967076
2016-03-04,NO 15/9-F-14 H,5351,15/9-F-14,3420717,VOLVE,369304,MÆRSK INSPIRER,24.0,100.0,%,production,OP,3884.2327155665,211.33256,3471.150854972875,287.07190646825,27.626001249875003,413.081860593625,,190.82165075,858.2445745,764.2330625550001,20686.8077014,0.8904606976399827,0.9601651198841592
2016-03-05,NO 15/9-F-14 H,5351,15/9-F-14,3420717,VOLVE,369304,MÆRSK INSPIRER,24.0,100.0,%,production,OP,3881.8944854495003,211.33256,3469.681221178375,287.84487138112496,28.11645631175,412.213264271125,,191.899228625,846.2939355000001,756.402380977,20719.0115286,0.8937821119208528,0.9607566914872206
2016-03-06,NO 15/9-F-14 H,5351,15/9-F-14,3420717,VOLVE,369304,MÆRSK INSPIRER,24.0,100.0,%,production,OP,3880.817687078,211.33256,3468.8668871976247,287.58394801912505,27.944547000625,411.950799880375,,191.67319062500002,844.9730754000001,752.254669462,20673.7248966,0.890270579457093,0.9607330761136443
2016-03-07,NO 15/9-F-14 H,5351,15/9-F-14,3420717,VOLVE,369304,MÆRSK INSPIRER,24.0,100.0,%,production,OP,3879.9345658041248,211.33256,3468.2372137855,287.39279700000003,28.036827428125,411.697352018625,,191.845786625,836.1673414,747.1545204880001,20532.707356400002,0.8935466425142062,0.9608698467642713
2016-03-08,NO 15/9-F-14 H,5351,15/9-F-14,3420717,VOLVE,369304,MÆRSK INSPIRER,24.0,100.0,%,production,OP,3880.0724244231255,211.332487625,3468.9541517276252,286.77493512,26.71448274425,411.11827269549997,,190.45061787499998,826.6697283000001,741.832595198,20387.0982549,0.897374815845183,0.961031452358927
2016-03-09,NO 15/9-F-14 H,5351,15/9-F-14,3420717,VOLVE,369304,MÆRSK INSPIRER,24.0,100.0,%,production,OP,3879.81520255175,211.332487625,3469.09728308225,286.31022732475,25.860689362625,410.71791946950003,,190.2491435,815.9770513,733.5841407190001,20270.7367699,0.8990254561084371,0.9613037356973262
2016-03-10,NO 15/9-F-14 H,5351,15/9-F-14,3420717,VOLVE,369304,MÆRSK INSPIRER,24.0,100.0,%,production,OP,3879.2609096185,211.33256,3468.89235647475,286.55926663562497,25.965521620375,410.36855314375003,,190.12937337500003,815.5996627,726.250690117,20193.4979031,0.8904499637883433,0.9611787388703603
2016-03-11,NO 15/9-F-14 H,5351,15/9-F-14,3420717,VOLVE,369304,MÆRSK INSPIRER,24.0,100.0,%,production,OP,3879.2644298116247,211.33256,3469.105444491375,284.87114820224997,25.556043086875,410.15898532025,,188.250984875,805.1585781,721.742768662,20068.7709708,0.8963982851243499,0.9614275512325647
2016-03-12,NO 15/9-F-14 H,5351,15/9-F-14,3420717,VOLVE,369304,MÆRSK INSPIRER,18.66666,60.97387583333333,%,production,OP,3920.13713168028,211.26925923489688,3482.301564434666,276.8758377403696,58.11747446465333,437.83556724561424,,184.90852321637294,496.0144166,444.878698985,13125.827100400002,0.896906791609976,0.9635868310476983
2016-03-13,NO 15/9-F-14 H,5351,15/9-F-14,3420717,VOLVE,369304,MÆRSK INSPIRER,24.0,100.0,%,production,OP,3885.566766025625,211.329147125,3471.0141445713753,288.554140439,26.26931277625,414.55262145424996,,189.24533000000002,774.5901015000001,706.687758905,20037.6993094,0.912337709372342,0.9627820809999728
2016-03-14,NO 15/9-F-14 H,5351,15/9-F-14,3420717,VOLVE,369304,MÆRSK INSPIRER,24.0,100.0,%,production,OP,3871.969822163875,211.340717375,3468.762822432625,291.877949090375,27.896593811875,403.20699973125,,191.471009375,796.7931308000001,715.577528336,20470.6898298,0.898071909351857,0.9625346764223988
2016-03-15,NO 15/9-F-14 H,5351,15/9-F-14,3420717,VOLVE,369304,MÆRSK INSPIRER,24.0,100.0,%,production,OP,3872.2235812530002,211.368128,3469.2319025192496,289.72619856025,27.770011897375,402.99167873375,,191.722705625,790.0630341,711.3909706510002,20402.885678000002,0.9004230548026855,0.9627204762851657
2016-03-16,NO 15/9-F-14 H,5351,15/9-F-14,3420717,VOLVE,369304,MÆRSK INSPIRER,24.0,100.0,%,production,OP,3872.1093275685002,211.36754075000002,3469.2735435333752,287.549326239875,27.708026282125,402.835784035125,,191.72688275000002,799.1203605,724.940867894,20317.9103449,0.9071735669961072,0.9621575413869313
2016-03-17,NO 15/9-F-14 H,5351,15/9-F-14,3420717,VOLVE,369304,MÆRSK INSPIRER,24.0,100.0,%,production,OP,3871.960648510375,211.350433625,3469.427915333,319.367255046875,27.3757895485,402.532733177375,,191.743899875,758.9284746,685.02748766,19055.8599684,0.9026245694906228,0.961698885820398
2016-03-18,NO 15/9-F-14 H,5351,15/9-F-14,3420717,VOLVE,369304,MÆRSK INSPIRER,24.0,100.0,%,production,OP,3874.4261555156254,211.347866,3469.8864499483752,323.55295805649996,26.809697169625,404.53970556725,,191.6498435,747.9842052,685.967918121,20148.148373,0.9170887745384707,0.9642046583308752
2016-03-19,NO 15/9-F-14 H,5351,15/9-F-14,3420717,VOLVE,369304,MÆRSK INSPIRER,24.0,100.0,%,production,OP,3872.130711608625,211.347173375,3469.53093461575,323.35307151949996,26.867815104875,402.59977699287504,,191.501142875,740.939618,683.57605349,20362.5679959,0.922579973972994,0.9648902148611553
2016-03-20,NO 15/9-F-14 H,5351,15/9-F-14,3420717,VOLVE,369304,MÆRSK INSPIRER,24.0,100.0,%,production,OP,3873.693444691,211.343459375,3469.496944356125,323.28168865050003,26.466259272125,404.196500334875,,191.417255,745.8456698,680.0781324550001,20305.5823173,0.9118215201777123,0.9645703051471357
2016-03-21,NO 15/9-F-14 H,5351,15/9-F-14,3420717,VOLVE,369304,MÆRSK INSPIRER,24.0,100.0,%,production,OP,3876.3948529816253,211.33390400000002,3469.3073041495,323.54259388275,26.007467818625,407.087548832125,,191.585431625,737.7318149,676.8415402,20070.0289328,0.9174628591715898,0.9645453528688067
2016-03-22,NO 15/9-F-14 H,5351,15/9-F-14,3420717,VOLVE,369304,MÆRSK INSPIRER,24.0,100.0,%,production,OP,3875.5630540083753,211.33158724999998,3468.88161157625,324.329802735875,26.099947673375,406.681442432125,,191.80213625000002,714.4595179,648.143755539,19916.1801802,0.9071805180006267,0.9653690080213171
2016-03-23,NO 15/9-F-14 H,5351,15/9-F-14,3420717,VOLVE,369304,MÆRSK INSPIRER,24.0,100.0,%,production,OP,3877.1907067038746,211.32421474999998,3469.151497078,325.11136115025,25.570504584125,408.039209625875,,191.757654125,709.3647718,639.4291470200001,19956.4978623,0.9014109135945114,0.9656745627143818
2016-03-24,NO 15/9-F-14 H,5351,15/9-F-14,3420717,VOLVE,369304,MÆRSK INSPIRER,24.0,100.0,%,production,OP,3877.3027817967504,211.31522225,3469.349277542375,323.18555262949997,24.6526769255,407.953504254375,,189.483825125,714.2079255,650.2781760070001,19990.3370401,0.910488602533717,0.9655047755607943
2016-03-25,NO 15/9-F-14 H,5351,15/9-F-14,3420717,VOLVE,369304,MÆRSK INSPIRER,24.0,100.0,%,production,OP,3875.2734795981246,211.313483,3468.2524790350003,323.4110867195,25.115272604875,407.021000563125,,191.037906125,717.8560153,657.121458573,20008.8290815,0.9153945144534057,0.9653656138476852
2016-03-26,NO 15/9-F-14 H,5351,15/9-F-14,3420717,VOLVE,369304,MÆRSK INSPIRER,24.0,100.0,%,production,OP,3878.156665827125,211.311714875,3469.7378252795,319.77437671287504,23.411118407625,408.418840547625,,187.462667,703.9555352,649.767525445,19731.5742567,0.9230235333832489,0.965552371660116
2016-03-27,NO 15/9-F-14 H,5351,15/9-F-14,3420717,VOLVE,369304,MÆRSK INSPIRER,23.0,100.0,%,production,OP,3881.1551379539997,211.29772373913042,3469.6636315110004,319.47862675799996,23.107211379000002,411.491506443,,186.82938069565216,669.4244783,624.857242359,18757.9116687,0.9334245499146098,0.9655421374688381
2016-03-28,NO 15/9-F-14 H,5351,15/9-F-14,3420717,VOLVE,369304,MÆRSK INSPIRER,24.0,100.0,%,production,OP,3881.6540215103755,211.29548,3469.346926718125,320.36989971925,23.139441082250002,412.30709479225,,187.89493512500002,687.5391311000001,639.0036048850001,19498.536796200002,0.9294068889761262,0.9659399313875483
2016-03-29,NO 15/9-F-14 H,5351,15/9-F-14,3420717,VOLVE,369304,MÆRSK INSPIRER,24.0,100.0,%,production,OP,3882.231061236625,211.2844355,3468.9960526015,323.3880256775,24.886272711,413.235008635125,,191.507198375,692.2564886,636.793257812,19617.414205200002,0.9198805187074991,0.9659149328890237
2016-03-30,NO 15/9-F-14 H,5351,15/9-F-14,3420717,VOLVE,369304,MÆRSK INSPIRER,24.0,100.0,%,production,OP,3882.52098313375,211.279317875,3469.663360353,324.38707763775,24.8899107475,412.85762278075003,,191.518805375,676.2803712,621.9759159860001,19633.0758321,0.9197012695819614,0.9667010433796955
2016-03-31,NO 15/9-F-14 H,5351,15/9-F-14,3420717,VOLVE,369304,MÆRSK INSPIRER,24.0,100.0,%,production,OP,3886.1711514581248,211.270404125,3469.836439033,323.362502011125,25.134423664125002,416.334712425125,,191.395683125,663.0717702000001,607.0233188590001,19378.7788138,0.9154715162672448,0.9669156414762742
2016-04-01,NO 15/9-F-14 H,5351,15/9-F-14,3420717,VOLVE,369304,MÆRSK INSPIRER,24.0,100.0,%,production,OP,3887.030247791625,211.2590495,3471.2946782796253,320.37248623025,23.547061316375,415.735569512,,188.39236024999997,651.5614179,594.872236883,19280.3432873,0.9129948774442311,0.967310629488911
2016-04-02,NO 15/9-F-14 H,5351,15/9-F-14,3420717,VOLVE,369304,MÆRSK INSPIRER,24.0,100.0,%,production,OP,3886.03832384475,211.251782,3469.4052924266252,322.084312333375,23.910139776375,416.633031418125,,189.5068595,641.7493143,593.2798970599999,19272.0407381,0.9244729738544887,0.967773622569519
2016-04-03,NO 15/9-F-14 H,5351,15/9-F-14,3420717,VOLVE,369304,MÆRSK INSPIRER,24.0,100.0,%,production,OP,3884.0893122656253,211.243174625,3469.875040292375,322.042094188875,23.571043954,414.21427197325,,189.59682725,645.9005889,593.4084425679999,19249.7119126,0.9187303011731314,0.9675355262949907
2016-04-04,NO 15/9-F-14 H,5351,15/9-F-14,3420717,VOLVE,369304,MÆRSK INSPIRER,24.0,100.0,%,production,OP,3879.60854757475,211.24367562499998,3468.9881661602503,322.736838295375,24.080060858249997,410.6203814145,,190.66549924999998,646.7182642,589.8699096280001,20407.980424100002,0.9120971871077088,0.969283898393693
2016-04-05,NO 15/9-F-14 H,5351,15/9-F-14,3420717,VOLVE,369304,MÆRSK INSPIRER,24.0,100.0,%,production,OP,3877.2242195467497,211.247568125,3469.36782729825,321.931977109,23.716299511000003,407.8563922485,,189.80447637499998,644.3281364,592.6120960830001,19550.364830600003,0.9197364861234394,0.9680941850686766
2016-04-06,NO 15/9-F-14 H,5351,15/9-F-14,3420717,VOLVE,369304,MÆRSK INSPIRER,22.83333,65.90897166666667,%,production,OP,3999.942676043935,211.097125877621,3487.5679602311207,311.7173342080598,126.83934085979955,512.3747158128148,,181.3249543082993,481.799446,455.166224242,15261.594984000001,0.944721352464984,0.9693967239312825
2016-04-07,NO 15/9-F-14 H,5351,15/9-F-14,3420717,VOLVE,369304,MÆRSK INSPIRER,24.0,76.5376375,%,production,OP,3907.0872294977503,211.190643125,3472.4715317197497,319.911915039625,56.596099861999996,434.61569777799997,,189.98990750000002,591.6195286000001,535.3072855400001,18694.7619763,0.9048167946834742,0.9693244931170893
2016-04-08,NO 15/9-F-14 H,5351,15/9-F-14,3420717,VOLVE,369304,MÆRSK INSPIRER,24.0,100.0,%,production,OP,3866.9173025688747,211.25941775,3465.7452917345,323.755249807,26.092109578125,401.172010834375,,191.46998637500002,747.4810204,692.4294487800001,20646.0497326,0.9263505425321166,0.9650604180754419
2016-04-09,NO 15/9-F-14 H,5351,15/9-F-14,3420717,VOLVE,369304,MÆRSK INSPIRER,24.0,100.0,%,production,OP,3867.577724037,211.261581125,3468.54416858275,322.098084900125,24.21599772375,399.03355545425,,189.485531375,728.6744884999999,674.3839902270001,20421.063228900002,0.9254941690290839,0.9655468782527494
2016-04-10,NO 15/9-F-14 H,5351,15/9-F-14,3420717,VOLVE,369304,MÆRSK INSPIRER,24.0,100.0,%,production,OP,3866.7520650057495,211.27878575000003,3467.672185018625,321.291220376375,24.457359085500002,399.07987998712497,,189.462485375,724.5232139,663.882104741,20208.4676509,0.91630204802883,0.9653884522006683
2016-04-11,NO 15/9-F-14 H,5351,15/9-F-14,3420717,VOLVE,369304,MÆRSK INSPIRER,24.0,100.0,%,production,OP,3866.0645214316246,211.26163475,3466.507004115875,323.136998137375,24.777745005875,399.55751731575,,190.37855712500001,708.1068098,662.297887299,20150.664297,0.9353078915962715,0.9660523236879878
2016-04-12,NO 15/9-F-14 H,5351,15/9-F-14,3420717,VOLVE,369304,MÆRSK INSPIRER,24.0,100.0,%,production,OP,3865.481390109375,211.25841799999998,3466.0620124237503,323.191127527625,24.704899670375,399.419377685625,,190.592081,686.4069653,640.86645531,20095.94295,0.9336537764151386,0.9669716385251186
2016-04-13,NO 15/9-F-14 H,5351,15/9-F-14,3420717,VOLVE,369304,MÆRSK INSPIRER,24.0,100.0,%,production,OP,3864.821708939375,211.26149225,3465.398895666125,323.33838037875,24.604158692875,399.42281327325,,190.461776375,685.2119014,637.3233314590001,19920.645945300002,0.9301112986462207,0.9667467422857264
2016-04-14,NO 15/9-F-14 H,5351,15/9-F-14,3420717,VOLVE,369304,MÆRSK INSPIRER,24.0,100.0,%,production,OP,3864.1617558231246,211.2777995,3464.447367823875,324.359686607125,24.770133532499997,399.71438799925,,191.429286125,689.6776665000001,632.346783935,19910.2677588,0.9168729315885421,0.9665204129301738
2016-04-15,NO 15/9-F-14 H,5351,15/9-F-14,3420717,VOLVE,369304,MÆRSK INSPIRER,24.0,100.0,%,production,OP,3863.421856552625,211.279041125,3463.886403142625,323.53824274275,24.535344205125,399.53545341,,190.981048625,670.3679498,626.230984189,19869.383993800002,0.9341600898071454,0.9673624125724226
2016-04-16,NO 15/9-F-14 H,5351,15/9-F-14,3420717,VOLVE,369304,MÆRSK INSPIRER,24.0,100.0,%,production,OP,3862.9110266733755,211.29186424999997,3463.495305154,323.435190222125,24.580608147625,399.41572151937504,,191.144382125,708.9244851,773.470328634,20500.5664273,1.091047558506736,0.9665751295951412
2016-04-17,NO 15/9-F-14 H,5351,15/9-F-14,3420717,VOLVE,369304,MÆRSK INSPIRER,24.0,100.0,%,production,OP,3856.450502347375,211.31553875,3462.1586077513753,323.254288555,24.599644385125,394.291894596,,189.89240525,734.5869099,771.4422054130001,20657.6858811,1.0501714569321923,0.9656611096409985
2016-04-18,NO 15/9-F-14 H,5351,15/9-F-14,3420717,VOLVE,369304,MÆRSK INSPIRER,24.0,94.13128375,%,production,OP,3870.1398867827497,211.31362325,3462.8805404396253,322.595670997,34.35716346225,407.259346343125,,188.936884625,618.6657116,620.1974676940001,20953.244053000002,1.002475902681011,0.9713207723214546
2016-04-19,NO 15/9-F-14 H,5351,15/9-F-14,3420717,VOLVE,369304,MÆRSK INSPIRER,24.0,78.28967458333334,%,production,OP,3894.686030275625,211.27202900000003,3463.52088623125,320.58935429975,56.969868831250004,431.165144044375,,190.25336375,705.6537839,651.1299665710001,19031.5813018,0.9227329058909621,0.9642475868156801
2016-04-20,NO 15/9-F-14 H,5351,15/9-F-14,3420717,VOLVE,369304,MÆRSK INSPIRER,24.0,100.0,%,production,OP,3858.7279283045,211.318121,3459.5196564495,324.541975200125,24.836340357875,399.208271855,,190.89038,726.5359531,700.7156899880001,20047.637209200002,0.9644611350590023,0.9650269617267616
2016-04-21,NO 15/9-F-14 H,5351,15/9-F-14,3420717,VOLVE,369304,MÆRSK INSPIRER,24.0,100.0,%,production,OP,3858.360211650125,211.327192625,3459.18281173775,323.941729393875,24.813786948875,399.177399912375,,191.018228,703.6410447000001,619.7687472360001,19962.4102837,0.8808024374135832,0.9659518389111406
2016-04-22,NO 15/9-F-14 H,5351,15/9-F-14,3420717,VOLVE,369304,MÆRSK INSPIRER,21.0,63.7431925,%,production,OP,3956.4498127156685,211.19494049375427,3474.9465877632274,310.7860252694486,108.22142850464923,481.50322495244154,,183.18112195230285,489.1585237,413.304532009,15096.4245734,0.844929633205122,0.9686146793063509
2016-04-23,NO 15/9-F-14 H,5351,15/9-F-14,3420717,VOLVE,369304,MÆRSK INSPIRER,24.0,100.0,%,production,OP,3854.4284067243752,211.357634375,3454.834986460375,322.22120101075,25.168561983375,399.59342026400003,,190.28529462499998,695.3384955,627.9659954,20657.0569001,0.9031083414250577,0.9674351058690452
2016-04-24,NO 15/9-F-14 H,5351,15/9-F-14,3420717,VOLVE,369304,MÆRSK INSPIRER,24.0,70.72040458333333,%,production,OP,3883.6493606440004,211.317014375,3459.6250507295,320.04399329,49.649779819875,424.0243099145,,190.625426,622.9427824,564.750210371,19191.9714568,0.9065844028165755,0.9685619238680514
2016-04-25,NO 15/9-F-14 H,5351,15/9-F-14,3420717,VOLVE,369304,MÆRSK INSPIRER,24.0,46.48683625,%,production,OP,3912.0754640208747,211.288361375,3464.07079780825,319.118605525625,72.28630163712499,448.004666212625,,189.98765187499998,606.5263783,546.4631992700001,19103.3480339,0.9009718601219823,0.9692272834613003
2016-04-26,NO 15/9-F-14 H,5351,15/9-F-14,3420717,VOLVE,369304,MÆRSK INSPIRER,24.0,43.140228125,%,production,OP,3923.340915989375,211.27901000000003,3466.050367081,319.32057396224997,83.3467514575,457.290548908375,,190.09261437499998,589.7325856,530.060933708,18018.6702994,0.8988157457311106,0.9683082643231368
2016-04-27,NO 15/9-F-14 H,5351,15/9-F-14,3420717,VOLVE,369304,MÆRSK INSPIRER,24.0,43.037061875,%,production,OP,3923.92663684425,211.27768999999998,3466.335629632375,320.227635571,82.939427342625,457.591007211875,,190.636305875,580.549463,525.481676559,17700.2801172,0.9051454011232115,0.9682427178453218
2016-04-28,NO 15/9-F-14 H,5351,15/9-F-14,3420717,VOLVE,369304,MÆRSK INSPIRER,24.0,43.13352916666667,%,production,OP,3922.9394870648753,211.282252625,3467.932993558875,320.520718087875,81.04386830975,455.006493506,,190.11211137499998,587.5940502,518.875002483,17540.7076375,0.8830501301134517,0.9675869223536432
2016-04-29,NO 15/9-F-14 H,5351,15/9-F-14,3420717,VOLVE,369304,MÆRSK INSPIRER,24.0,43.164235625,%,production,OP,3923.657280126875,211.29552125,3468.45627555475,319.687921978375,81.249656080375,455.201004572125,,189.379050125,631.4340259,560.2158028910001,18500.4068473,0.8872119333330339,0.9669956471996106
2016-04-30,NO 15/9-F-14 H,5351,15/9-F-14,3420717,VOLVE,369304,MÆRSK INSPIRER,24.0,43.204911458333335,%,production,OP,3924.4839755754997,211.309890125,3468.8723382091252,321.340080052625,83.153394652125,455.611637366375,,190.477222625,631.0566373,558.2720818030001,18352.0931275,0.8846624039826101,0.9667570110798919
2016-05-01,NO 15/9-F-14 H,5351,15/9-F-14,3420717,VOLVE,369304,MÆRSK INSPIRER,24.0,43.14962375,%,production,OP,3926.0449470505,211.317799625,3470.7759891537503,319.3689743515,81.407862322125,455.26895789675,,188.250714125,614.4515389,556.444192931,18157.1719156,0.9055949211668579,0.9672670006198797
2016-05-02,NO 15/9-F-14 H,5351,15/9-F-14,3420717,VOLVE,369304,MÆRSK INSPIRER,24.0,43.059604791666665,%,production,OP,3929.279974316125,211.33125124999998,3471.563022752625,319.270001024625,80.279859493375,457.7169515635,,187.229103125,637.2835491999999,577.045376323,18211.138485400003,0.9054766548538424,0.9661890237798081
2016-05-03,NO 15/9-F-14 H,5351,15/9-F-14,3420717,VOLVE,369304,MÆRSK INSPIRER,24.0,42.96701375,%,production,OP,3931.8213241088747,211.339467125,3470.85149351925,321.74020665675,80.546717326875,460.969830589625,,189.066119375,698.4834005,628.147159811,18350.8980636,0.8993014857065311,0.9633330141550084
2016-05-04,NO 15/9-F-14 H,5351,15/9-F-14,3420717,VOLVE,369304,MÆRSK INSPIRER,24.0,43.08009375,%,production,OP,3928.147173146875,211.36169525,3471.849980435625,321.193081018,80.15026501874999,456.29719271125,,187.892651,692.508081,619.69882413,18450.5915521,0.8948615057821977,0.9638246629713718
2016-05-05,NO 15/9-F-14 H,5351,15/9-F-14,3420717,VOLVE,369304,MÆRSK INSPIRER,24.0,43.067681875,%,production,OP,3926.155067152,211.38223175000002,3471.890297978,320.749660570875,80.3410806375,454.26476917400004,,186.97192512499998,696.7851518,617.63644565,18535.5039871,0.8864087359704269,0.9637700355497124
2016-05-06,NO 15/9-F-14 H,5351,15/9-F-14,3420717,VOLVE,369304,MÆRSK INSPIRER,24.0,43.03576770833333,%,production,OP,3926.019166546,211.396736,3471.912295408,322.50580182625004,80.324670192125,454.106871138,,188.10836224999997,699.6155663000001,616.884595687,18407.3805574,0.8817479561660805,0.9633843246855424
2016-05-07,NO 15/9-F-14 H,5351,15/9-F-14,3420717,VOLVE,369304,MÆRSK INSPIRER,24.0,42.95842041666667,%,production,OP,3925.9444387381254,211.41424024999998,3470.7176294885,325.17023449174997,81.109803188875,455.22680924962503,,190.42184787499997,696.3448651,619.2672784960001,18370.5851689,0.8893111869318789,0.9634789206307317
2016-05-08,NO 15/9-F-14 H,5351,15/9-F-14,3420717,VOLVE,369304,MÆRSK INSPIRER,24.0,43.14234458333333,%,production,OP,3925.949696365625,211.42943674999998,3471.771895602375,323.752648187875,79.64792590575,454.17780076325005,,186.37978775,694.395024,614.658710146,18305.6743297,0.8851715362320913,0.9634530268772531
2016-05-09,NO 15/9-F-14 H,5351,15/9-F-14,3420717,VOLVE,369304,MÆRSK INSPIRER,24.0,43.09314020833333,%,production,OP,3925.139755827625,211.44561462500002,3471.757567056625,324.464524908125,79.76112504312499,453.382188771,,187.176285125,685.3376976,608.345501227,18432.7284917,0.8876580164164022,0.964152352501867
2016-05-10,NO 15/9-F-14 H,5351,15/9-F-14,3420717,VOLVE,369304,MÆRSK INSPIRER,24.0,43.016331875,%,production,OP,3925.098728203375,211.46467850000002,3470.462504624875,327.04649440574997,80.79608297325,454.6362235785,,190.70098325,677.1609446,601.397687149,24424.9046825,0.8881163214518324,0.9730236963499552
2016-05-11,NO 15/9-F-14 H,5351,15/9-F-14,3420717,VOLVE,369304,MÆRSK INSPIRER,24.0,43.291530208333334,%,production,OP,3926.33145148975,211.4821985,3470.1676574790004,327.71596261912504,82.06296573025,456.16379401075,,191.26746237499998,675.2740016,601.177323421,17990.114562,0.8902716852663738,0.9638221299653588
2016-05-12,NO 15/9-F-14 H,5351,15/9-F-14,3420717,VOLVE,369304,MÆRSK INSPIRER,24.0,43.26442,%,production,OP,3926.871530699,211.50158000000002,3469.88221665175,328.5573008625,82.795537560125,456.98931404725,,191.4836675,669.6131726,597.4392624260001,17987.0954532,0.8922155161706867,0.964108718958391
2016-05-13,NO 15/9-F-14 H,5351,15/9-F-14,3420717,VOLVE,369304,MÆRSK INSPIRER,24.0,43.191019583333336,%,production,OP,3927.5109609382503,211.5214895,3470.048173361625,325.73715479587497,83.31159787224999,457.462787576625,,190.74569150000002,664.7700189,592.827162606,17990.743543,0.8917778265436153,0.9643660295550559
2016-05-14,NO 15/9-F-14 H,5351,15/9-F-14,3420717,VOLVE,369304,MÆRSK INSPIRER,24.0,43.158295208333335,%,production,OP,3927.5014760573745,211.542184625,3470.13003824775,325.129832343875,83.333942789125,457.371437809625,,190.2802355,658.8575975,588.5152377360001,17894.823940500002,0.8932358676125005,0.9644891179062988
2016-05-15,NO 15/9-F-14 H,5351,15/9-F-14,3420717,VOLVE,369304,MÆRSK INSPIRER,18.0,30.1400825,%,production,OP,3977.582637163167,211.50872850000002,3484.1605973835,308.326252405,118.4757285935,493.4220397796667,,181.394131,446.7023062,404.57155984600007,12224.3086331,0.9056849589329478,0.964746119442252
2016-05-16,NO 15/9-F-14 H,5351,15/9-F-14,3420717,VOLVE,369304,MÆRSK INSPIRER,24.0,47.38328645833333,%,production,OP,3918.09358316575,211.61436650000002,3473.324291705625,330.6133595505,70.37597290125001,444.769291460125,,190.87753849999999,669.9905612,433.708659375,18291.8996458,0.6473354767837288,0.9646664676418881
2016-05-17,NO 15/9-F-14 H,5351,15/9-F-14,3420717,VOLVE,369304,MÆRSK INSPIRER,24.0,43.202365625,%,production,OP,3926.838610094625,211.60132362500002,3469.638688784875,332.9743606335,83.004253285375,457.19992130975,,191.1252905,653.1338704,587.279223236,17816.0755193,0.8991712876203029,0.9646366091466675
2016-05-18,NO 15/9-F-14 H,5351,15/9-F-14,3420717,VOLVE,369304,MÆRSK INSPIRER,24.0,43.13294770833333,%,production,OP,3926.9132563186254,211.64007425000003,3470.551316226875,332.183991160625,82.02169033275,456.36194009175,,190.437419375,649.4857806,585.978935982,17738.836652500002,0.9022198075540132,0.964679443545601
2016-05-19,NO 15/9-F-14 H,5351,15/9-F-14,3420717,VOLVE,369304,MÆRSK INSPIRER,24.0,43.24422875,%,production,OP,3925.6903986378748,211.678863125,3469.8094257055,326.026976979375,81.79504428474999,455.88097293237496,,190.37749325000001,643.5733591999999,582.1833120260001,17682.165464399997,0.9046106457074119,0.9648814508710993
2016-05-20,NO 15/9-F-14 H,5351,15/9-F-14,3420717,VOLVE,369304,MÆRSK INSPIRER,24.0,43.10102520833333,%,production,OP,3927.2240939040003,211.690904,3470.305090048875,326.39297735074996,82.721139109375,456.919003855125,,189.807858875,642.5040915000001,573.619850423,17650.5906182,0.8927878561579556,0.9648772336394613
2016-05-21,NO 15/9-F-14 H,5351,15/9-F-14,3420717,VOLVE,369304,MÆRSK INSPIRER,24.0,43.127211875,%,production,OP,3925.24354562475,211.691012,3470.1546675131253,325.893085754,81.225945389,455.088878111625,,188.77149949999998,633.383867,564.303832563,17864.0038715,0.8909349637145084,0.9657581991601067
2016-05-22,NO 15/9-F-14 H,5351,15/9-F-14,3420717,VOLVE,369304,MÆRSK INSPIRER,24.0,43.01564520833333,%,production,OP,3924.00956232075,211.694526875,3468.498342618,327.939139841625,81.199207029375,455.51121970275,,190.869834875,636.1513834,568.851659629,18185.8534492,0.8942080053157988,0.9662017203237471
2016-05-23,NO 15/9-F-14 H,5351,15/9-F-14,3420717,VOLVE,369304,MÆRSK INSPIRER,24.0,43.08321708333333,%,production,OP,3923.46577859925,211.71615049999997,3467.9518213042497,328.51695310387504,81.57595229924999,455.51395729499995,,191.539571,638.8560017,571.7605314680001,18227.491991400002,0.8949755969209674,0.9661378025077428
2016-05-24,NO 15/9-F-14 H,5351,15/9-F-14,3420717,VOLVE,369304,MÆRSK INSPIRER,24.0,43.29054645833333,%,production,OP,3925.085439096625,211.73163575,3468.49216037325,327.1021829545,82.728360793125,456.593278723375,,191.041084625,643.5104611,575.6486799380001,18196.4832281,0.8945444009628083,0.965843382343122
2016-05-25,NO 15/9-F-14 H,5351,15/9-F-14,3420717,VOLVE,369304,MÆRSK INSPIRER,24.0,43.19122541666667,%,production,OP,3924.781777870625,211.748784125,3468.061056069625,329.418185998,82.623709832875,456.72072180099997,,191.486488625,646.0263851,575.6854072259999,18100.9410142,0.8911174845233113,0.9655396858947904
2016-05-26,NO 15/9-F-14 H,5351,15/9-F-14,3420717,VOLVE,369304,MÆRSK INSPIRER,24.0,43.165553333333335,%,production,OP,3924.2924045505,211.770431,3467.52181989375,331.904581496875,82.542839061375,456.77058465675003,,191.830548125,646.1521813,575.9485017410001,18123.9617188,0.8913511683613657,0.9655754789374742
2016-05-27,NO 15/9-F-14 H,5351,15/9-F-14,3420717,VOLVE,369304,MÆRSK INSPIRER,24.0,43.189841875,%,production,OP,3923.24150150525,211.788309875,3467.18453402475,332.411501393375,81.99439901574999,456.0569674805,,191.81616612500002,640.0510656,572.0642378880001,18099.3685617,0.8937790570690366,0.965844669774748
2016-05-28,NO 15/9-F-14 H,5351,15/9-F-14,3420717,VOLVE,369304,MÆRSK INSPIRER,24.0,43.26818,%,production,OP,3924.25545007675,211.803785,3467.5389887670003,332.6792808225,82.699842696375,456.71646130975,,191.64444650000002,642.3782953,574.507661981,18224.3470864,0.8943447594422482,0.9659517864227205
2016-05-29,NO 15/9-F-14 H,5351,15/9-F-14,3420717,VOLVE,369304,MÆRSK INSPIRER,24.0,43.15885625,%,production,OP,3924.6784443388747,211.82255675000002,3467.811515169,332.46539207525,83.05397412475,456.866929169875,,190.537777625,636.0255872,572.296608614,18252.2738428,0.8998012346224048,0.9663270063270063
2016-05-30,NO 15/9-F-14 H,5351,15/9-F-14,3420717,VOLVE,369304,MÆRSK INSPIRER,24.0,43.097108541666664,%,production,OP,3924.84843793975,211.8389285,3467.323779569625,333.284690585875,83.450172616375,457.524658370125,,191.89188612499998,633.8870518,564.473343123,18130.6289174,0.890495146603971,0.9662188434361718
2016-05-31,NO 15/9-F-14 H,5351,15/9-F-14,3420717,VOLVE,369304,MÆRSK INSPIRER,24.0,43.16315958333333,%,production,OP,3923.5200439626246,211.85975825,3467.02110037175,332.180715719125,82.459859195625,456.498943590875,,191.53160375,646.2150794,577.1371945430001,18088.235598000003,0.8931038797158097,0.9655065904772137
2016-06-01,NO 15/9-F-14 H,5351,15/9-F-14,3420717,VOLVE,369304,MÆRSK INSPIRER,24.0,43.150848333333336,%,production,OP,3922.659902146875,211.87558362500002,3466.9491524588752,331.79644055975,81.79566673949999,455.710749688,,191.36818924999997,645.6489965000001,569.5745515380002,17986.1519817,0.8821736804759366,0.9653469357441379
2016-06-02,NO 15/9-F-14 H,5351,15/9-F-14,3420717,VOLVE,369304,MÆRSK INSPIRER,24.0,43.11982625,%,production,OP,3922.1197111375,211.89051124999997,3466.9199424099997,332.69771877824996,81.220007895875,455.1997687275,,191.4275465,640.4913523,573.7106092020001,18130.8805098,0.895735137003504,0.9658793530379539
2016-06-03,NO 15/9-F-14 H,5351,15/9-F-14,3420717,VOLVE,369304,MÆRSK INSPIRER,24.0,43.00968375,%,production,OP,3921.5047318877496,211.91031125,3466.208437349625,335.70787368975,81.24084200025,455.296294538125,,192.06607737500002,610.9921434,550.620445754,17856.896386200002,0.9011907136644205,0.9669159718816414
2016-06-04,NO 15/9-F-14 H,5351,15/9-F-14,3420717,VOLVE,369304,MÆRSK INSPIRER,24.0,43.03511458333333,%,production,OP,3920.7335980796247,211.926045125,3466.256831695625,334.19639643225,80.4726542765,454.476766384,,191.772680375,645.2716079,595.300251047,18151.5739847,0.9225576389210288,0.9656712821988583
2016-06-05,NO 15/9-F-14 H,5351,15/9-F-14,3420717,VOLVE,369304,MÆRSK INSPIRER,24.0,43.019637708333335,%,production,OP,3919.9373787407503,211.94189150000003,3465.971777636375,335.06038779824996,79.89441798675,453.96560110437497,,191.787021875,648.7939015000001,594.2665897780001,18207.8677842,0.915955881219084,0.9655933848570866
2016-06-06,NO 15/9-F-14 H,5351,15/9-F-14,3420717,VOLVE,369304,MÆRSK INSPIRER,24.0,43.02548125,%,production,OP,3919.448219956,211.961679125,3466.061314428375,337.972874724875,79.222828592625,453.386905527625,,191.94344374999997,649.737373,592.405151941,18270.9545785,0.9117609307368563,0.9656599571165002
2016-06-07,NO 15/9-F-14 H,5351,15/9-F-14,3420717,VOLVE,369304,MÆRSK INSPIRER,24.0,43.19166104166667,%,production,OP,3923.48477857725,211.96974087499999,3466.44978360325,337.46797025225,82.94090491725001,457.03499497399997,,191.87421275,652.1275008,596.3593389000001,18373.2897872,0.9144827325460342,0.9657233536101559
2016-06-08,NO 15/9-F-14 H,5351,15/9-F-14,3420717,VOLVE,369304,MÆRSK INSPIRER,22.41666,37.861826666666666,%,production,OP,3961.845800502557,211.9470441689779,3478.0005212628585,326.2525327380829,115.5541267188035,483.8452792396987,,187.52273087817275,575.9579017,527.807855848,16066.187479200002,0.9164000602997544,0.9653916073608503
2016-06-09,NO 15/9-F-14 H,5351,15/9-F-14,3420717,VOLVE,369304,MÆRSK INSPIRER,24.0,53.93733270833334,%,production,OP,3887.36437001925,212.05012887499998,3462.168627459875,337.14379823575,54.974429984000004,425.195742559375,,191.940698,643.9507477999999,587.253796652,19539.231866899998,0.9119545223890181,0.9680946875379806
2016-06-10,NO 15/9-F-14 H,5351,15/9-F-14,3420717,VOLVE,369304,MÆRSK INSPIRER,24.0,56.41114854166667,%,production,OP,3885.8882336877505,212.07624349999998,3461.702152014,339.596418010375,53.721664259,424.18608167375004,,192.30936275,665.3361018,614.0272833099999,19269.399017900003,0.9228828582258061,0.9666242817973288
2016-06-11,NO 15/9-F-14 H,5351,15/9-F-14,3420717,VOLVE,369304,MÆRSK INSPIRER,23.98519,88.61951083333334,%,production,OP,3869.684314278395,212.14321594085266,3459.962445348085,343.170207811541,38.97398894256239,409.72186893030977,,192.71709338893208,685.9037805,622.978147172,19459.4770761,0.908258803760887,0.9659523051272925
2016-06-12,NO 15/9-F-14 H,5351,15/9-F-14,3420717,VOLVE,369304,MÆRSK INSPIRER,21.68148,58.29478270833334,%,production,OP,3975.6743497064613,211.95657792679282,3479.89337458616,323.05535211681416,126.00462750569014,495.7809751203014,,180.37607658945143,575.2660225999999,520.263929634,16195.568870899999,0.9043884206520492,0.9656984266881692
2016-06-13,NO 15/9-F-14 H,5351,15/9-F-14,3420717,VOLVE,369304,MÆRSK INSPIRER,24.0,71.53201916666667,%,production,OP,3884.421132015,212.11238525000002,3461.537458343375,341.932959039,52.573951370375,422.883673671625,,192.015571625,674.4563263,614.3239267900001,19231.723056,0.9108431529734768,0.9661182433179666
2016-06-14,NO 15/9-F-14 H,5351,15/9-F-14,3420717,VOLVE,369304,MÆRSK INSPIRER,24.0,45.042214375,%,production,OP,3911.405581844875,212.06766275,3464.393709807125,339.809675238,76.90929119512501,447.01187203775,,191.20108325,657.1593488000001,594.1366316820001,18668.7221629,0.9040982720049833,0.9659958926891821
2016-06-15,NO 15/9-F-14 H,5351,15/9-F-14,3420717,VOLVE,369304,MÆRSK INSPIRER,24.0,45.025039791666664,%,production,OP,3911.8629984589998,212.090199875,3464.0104680435,339.98478445,77.364492958125,447.8525304155,,191.523605,652.882278,591.379259906,18774.265174699998,0.9057976909981312,0.9663933019713986
2016-06-16,NO 15/9-F-14 H,5351,15/9-F-14,3420717,VOLVE,369304,MÆRSK INSPIRER,24.0,45.03461,%,production,OP,3911.7994476420004,212.091692,3463.99404249,340.051308546,77.186757954,447.805405152,,191.698358,658.1028203,594.5582892,18897.9228393,0.903442852484612,0.9663478238495286
2016-06-17,NO 15/9-F-14 H,5351,15/9-F-14,3420717,VOLVE,369304,MÆRSK INSPIRER,24.0,44.938628125,%,production,OP,3912.17159702025,212.13124025000002,3464.079400374625,343.171755791625,77.867243012125,448.092196645625,,192.60625624999997,649.6744749000001,581.1648360780001,18740.9920798,0.8945477443414332,0.9664955058111435
2016-06-18,NO 15/9-F-14 H,5351,15/9-F-14,3420717,VOLVE,369304,MÆRSK INSPIRER,24.0,44.99246083333333,%,production,OP,3911.422623809875,212.144939,3464.361342160125,339.604256105625,76.9943046145,447.06128164975,,191.8507865,650.6179464,584.494305994,18698.0326775,0.8983679427045081,0.9663739886027846
2016-06-19,NO 15/9-F-14 H,5351,15/9-F-14,3420717,VOLVE,369304,MÆRSK INSPIRER,24.0,45.022687708333336,%,production,OP,3910.9705041043744,212.164493375,3464.56217446575,342.053630655,76.3922277035,446.408329638625,,192.08655875,651.3098255,583.558466444,18774.0135823,0.8959767588275084,0.9664710948782209
2016-06-20,NO 15/9-F-14 H,5351,15/9-F-14,3420717,VOLVE,369304,MÆRSK INSPIRER,24.0,44.90168958333334,%,production,OP,3910.280165527125,211.65355625,3464.6384402807503,341.26433385900003,75.480685024875,445.641725246375,,190.056066875,652.5677875,583.590249674,18733.6959002,0.8942982795852454,0.9663386510153561
2016-06-21,NO 15/9-F-14 H,5351,15/9-F-14,3420717,VOLVE,369304,MÆRSK INSPIRER,24.0,44.92384666666667,%,production,OP,3910.3260942271254,212.199583625,3464.6341042488752,344.462920327125,75.47281369175,445.69198997825,,192.282821375,650.6179464,582.978245923,18823.0112022,0.8960377578711683,0.966589794771419
2016-06-22,NO 15/9-F-14 H,5351,15/9-F-14,3420717,VOLVE,369304,MÆRSK INSPIRER,24.0,44.945734791666666,%,production,OP,3909.995081251625,212.21690262500002,3465.80867938375,342.813702294,74.269944060375,444.186401867875,,191.242687625,649.1712901,583.082071141,18827.9801521,0.8981944827707655,0.9666701112826244
2016-06-23,NO 15/9-F-14 H,5351,15/9-F-14,3420717,VOLVE,369304,MÆRSK INSPIRER,24.0,44.92858,%,production,OP,3909.568415715125,212.233374875,3465.564486759375,344.472498878375,74.13689586837499,444.00392895575,,191.752101875,649.5486787,585.029676846,19013.466649,0.9006710290241409,0.9669659679416026
2016-06-24,NO 15/9-F-14 H,5351,15/9-F-14,3420717,VOLVE,369304,MÆRSK INSPIRER,24.0,44.79734479166667,%,production,OP,3909.7654468165,212.252159,3464.163286727875,347.804070084375,75.276997283625,445.602160088625,,193.00297925,650.1776597,582.6883122360001,18743.7595962,0.8961986059392746,0.966475210725857
2016-06-25,NO 15/9-F-14 H,5351,15/9-F-14,3420717,VOLVE,369304,MÆRSK INSPIRER,24.0,44.81040958333333,%,production,OP,3909.0448738595,212.26950575,3464.1677768626246,348.31217445787496,74.678365025125,444.87709699687497,,193.02110675,645.1458117,580.385440649,18750.1752024,0.8996190165439464,0.9667370387305788
2016-06-26,NO 15/9-F-14 H,5351,15/9-F-14,3420717,VOLVE,369304,MÆRSK INSPIRER,24.0,44.859468541666665,%,production,OP,3908.549983052125,212.286571625,3464.07671415,346.931600038625,74.12011678475001,444.473268902125,,192.78029225,646.9069585,582.7600010770001,18765.5223388,0.9008405202940789,0.9666756309273474
2016-06-27,NO 15/9-F-14 H,5351,15/9-F-14,3420717,VOLVE,369304,MÆRSK INSPIRER,24.0,45.107035208333336,%,production,OP,3912.5692398486253,212.3006045,3465.02038576725,346.320125873875,77.481049120875,447.548854081375,,192.292680125,638.1641225999999,574.722375357,18721.1162802,0.9005870982145998,0.967035751881165
2016-06-28,NO 15/9-F-14 H,5351,15/9-F-14,3420717,VOLVE,369304,MÆRSK INSPIRER,24.0,45.126061875,%,production,OP,3914.240222646625,212.31181550000002,3465.0695355195,347.050410333625,79.06297858687499,449.170687127125,,191.80566425,643.1959706,580.7279932389999,18703.7564046,0.902878780004285,0.9667546620198184
2016-06-29,NO 15/9-F-14 H,5351,15/9-F-14,3420717,VOLVE,369304,MÆRSK INSPIRER,24.0,45.20392833333333,%,production,OP,3913.5254965340005,212.33374325,3465.542755232375,346.232311408125,77.84437837575,447.982741301625,,191.08390175000002,643.9507477999999,581.2291088320001,18744.3885772,0.9025987015586475,0.966786699107867
2016-06-30,NO 15/9-F-14 H,5351,15/9-F-14,3420717,VOLVE,369304,MÆRSK INSPIRER,24.0,45.15536604166667,%,production,OP,3913.51114381525,212.35155612499997,3464.86222182825,340.5982589305,78.29738039575,448.648921987,,191.903541125,638.2270207,579.0614925460001,18777.9132645,0.90729704911411,0.9671290477239449
2016-07-01,NO 15/9-F-14 H,5351,15/9-F-14,3420717,VOLVE,369304,MÆRSK INSPIRER,24.0,45.16079270833333,%,production,OP,3914.468968724,212.3659775,3465.1310316315003,340.88488121312497,77.207691772,449.3379370925,,191.889074375,647.1585509,578.0966949420001,18738.161665300002,0.8932844882263304,0.9666160505123264
2016-07-02,NO 15/9-F-14 H,5351,15/9-F-14,3420717,VOLVE,369304,MÆRSK INSPIRER,24.0,45.175064791666664,%,production,OP,3913.0364646575,212.39044437500002,3464.4932995455,342.44285825775,78.16149791950001,448.543165112,,192.5174015,638.9188998,577.957201877,18819.11152,0.9045861721384627,0.967164256298528
2016-07-03,NO 15/9-F-14 H,5351,15/9-F-14,3420717,VOLVE,369304,MÆRSK INSPIRER,24.0,45.10948125,%,production,OP,3912.9613289302497,212.406852875,3463.88628529925,343.031380159,78.855731371375,449.07504363099997,,192.45493887499998,644.2652383000001,574.560987178,18723.9466947,0.8918081451888881,0.9667359464813432
2016-07-04,NO 15/9-F-14 H,5351,15/9-F-14,3420717,VOLVE,369304,MÆRSK INSPIRER,24.0,45.08410791666667,%,production,OP,3912.8329914516253,212.423312375,3463.777975151125,344.591176221875,78.950713131625,449.05501630050003,,193.058531375,633.1951727000001,574.323672394,18807.160881,0.9070247171105763,0.9674288284149256
2016-07-05,NO 15/9-F-14 H,5351,15/9-F-14,3420717,VOLVE,369304,MÆRSK INSPIRER,24.0,45.07721458333334,%,production,OP,3912.6360389125,212.442461,3463.459640914125,345.290869750125,78.80423985975,449.17639799837497,,193.14454174999997,640.8058427999999,575.081525856,18707.781883000003,0.8974348975083971,0.9668810017619255
2016-07-06,NO 15/9-F-14 H,5351,15/9-F-14,3420717,VOLVE,369304,MÆRSK INSPIRER,24.0,45.85685604166667,%,production,OP,3910.2156115306248,212.462849,3463.420396048625,344.8299601375,76.61078486137501,446.795215482,,192.971843,618.288323,572.7136752210001,18836.9745804,0.9262890045248358,0.9682199965084024
2016-07-07,NO 15/9-F-14 H,5351,15/9-F-14,3420717,VOLVE,369304,MÆRSK INSPIRER,24.0,93.42386270833333,%,production,OP,3860.893650828625,212.56528024999997,3458.235202943125,347.33466366224997,31.724188934625,402.65844788550004,,192.99507499999999,667.9149239,615.456822366,19957.3155376,0.9214599050614207,0.9676166079624293
2016-07-08,NO 15/9-F-14 H,5351,15/9-F-14,3420717,VOLVE,369304,MÆRSK INSPIRER,24.0,100.0,%,production,OP,3858.5622223895,212.58989975,3458.7931369345,347.92523422525,28.981710717000002,399.76908545500004,,192.75712249999998,668.606803,619.4622156400001,20051.5997895,0.9264970276409229,0.9677316536389163
2016-07-09,NO 15/9-F-14 H,5351,15/9-F-14,3420717,VOLVE,369304,MÆRSK INSPIRER,22.66666,82.19068541666667,%,production,OP,3898.8065674977943,212.53182018560213,3467.585423875239,342.9630291073565,59.67356674742688,431.221143622555,,190.15530167933784,642.1267029,589.094751963,14631.607614399998,0.9174120143306689,0.957958761782789
2016-07-10,NO 15/9-F-14 H,5351,15/9-F-14,3420717,VOLVE,369304,MÆRSK INSPIRER,24.0,100.0,%,production,OP,3856.88863495075,212.609185625,3457.6822334816247,347.80187940625,28.419939261875,399.20640146912496,,192.476667875,713.1386578,662.2608068640001,20036.0010607,0.9286564395583942,0.9656304469739455
2016-07-11,NO 15/9-F-14 H,5351,15/9-F-14,3420717,VOLVE,369304,MÆRSK INSPIRER,23.66667,91.162324375,%,production,OP,3883.661074359214,212.57772150128343,3461.167528388585,347.1490859897241,49.4255893233427,422.4935459706287,,192.33459380755465,684.5829204,634.932879416,19223.483404900002,0.9274740290701532,0.9656127868365596
2016-07-12,NO 15/9-F-14 H,5351,15/9-F-14,3420717,VOLVE,369304,MÆRSK INSPIRER,24.0,100.0,%,production,OP,3858.0468147483753,212.62255737499999,3455.87704520925,348.941711896875,28.111413219625,402.16976953912496,,193.10634275,716.0319704000001,654.867321272,19806.0456071,0.9145783265880832,0.9651091870354762
2016-07-13,NO 15/9-F-14 H,5351,15/9-F-14,3420717,VOLVE,369304,MÆRSK INSPIRER,14.89167,60.58989208333333,%,production,OP,3863.6512924649865,212.64572141624413,3455.6352141725756,348.99247188982065,36.791537677432274,408.01607829241107,,192.8386283808465,430.6632907,374.040942255,11997.5609826,0.8685229280792286,0.9653479627314733
2016-07-14,NO 15/9-F-14 H,5351,15/9-F-14,3420717,VOLVE,369304,MÆRSK INSPIRER,0.0,1.0756016666666666,%,production,OP,4333.437531948,210.351668,3416.746028496,113.613486768,248.38149102600002,916.691503452,,72.83922799999999,0.0,0.0,0.0,,
2016-07-15,NO 15/9-F-14 H,5351,15/9-F-14,3420717,VOLVE,369304,MÆRSK INSPIRER,0.0,1.1302897916666668,%,production,OP,4317.808962258,209.75469800000002,3422.741319264,91.21222263,99.27561024,895.0676429939999,,60.951848,0.0,0.0,0.0,,
2016-07-16,NO 15/9-F-14 H,5351,15/9-F-14,3420717,VOLVE,369304,MÆRSK INSPIRER,0.0,1.105256875,%,production,OP,4301.9808202799995,209.468156,3424.044340656,82.307034468,146.96439471600002,877.9364796240001,,60.355723999999995,0.0,0.0,0.0,,
2016-07-17,NO 15/9-F-14 H,5351,15/9-F-14,3420717,VOLVE,369304,MÆRSK INSPIRER,0.0,1.2236370833333334,%,production,OP,4317.762260022,209.282522,3430.889409066,76.7686134,187.327164774,886.8728509560001,,60.19761200000001,0.0,0.0,0.0,,
2016-07-18,NO 15/9-F-14 H,5351,15/9-F-14,3420717,VOLVE,369304,MÆRSK INSPIRER,0.0,1.0413195833333333,%,production,OP,4303.261215744,209.130242,3430.339279932,73.05201464999999,198.287106282,872.921935812,,61.174831999999995,0.0,0.0,0.0,,
2016-07-19,NO 15/9-F-14 H,5351,15/9-F-14,3420717,VOLVE,369304,MÆRSK INSPIRER,0.0,0.918846875,%,production,OP,4312.973830452,209.02452799999998,3469.3909064699997,71.078917698,254.71936154999997,843.582923982,,64.131908,0.0,0.0,0.0,,
2016-07-20,NO 15/9-F-14 H,5351,15/9-F-14,3420717,VOLVE,369304,MÆRSK INSPIRER,0.0,1.234085625,%,production,OP,4331.7015721259995,208.929056,4200.2088159840005,71.662260534,42.111203148,131.49275614200002,,72.821228,0.0,0.0,0.0,,
2016-07-21,NO 15/9-F-14 H,5351,15/9-F-14,3420717,VOLVE,369304,MÆRSK INSPIRER,0.0,1.2431866666666667,%,production,OP,4347.20149311,208.84406,4346.821058436,68.15248597200001,0.33431259,0.380434674,,44.39057,0.0,0.0,0.0,,
2016-07-22,NO 15/9-F-14 H,5351,15/9-F-14,3420717,VOLVE,369304,MÆRSK INSPIRER,0.0,1.1578935416666667,%,production,OP,4333.516287582001,208.76847800000002,4333.516287582001,66.032755602,0.5763810119999999,0.0,,32.0,0.0,0.0,0.0,,
2016-07-23,NO 15/9-F-14 H,5351,15/9-F-14,3420717,VOLVE,369304,MÆRSK INSPIRER,0.0,1.1569566666666666,%,production,OP,4306.437692982,208.70358800000002,4306.437692982,64.770054774,1.060807932,0.0,,32.0,0.0,0.0,0.0,,
2016-07-24,NO 15/9-F-14 H,5351,15/9-F-14,3420717,VOLVE,369304,MÆRSK INSPIRER,0.0,1.2441660416666667,%,production,OP,4310.415650208,208.650596,4310.415650208,63.898086318000004,1.471845624,0.0,,32.0,0.0,0.0,0.0,,
2016-07-25,NO 15/9-F-14 H,5351,15/9-F-14,3420717,VOLVE,369304,MÆRSK INSPIRER,0.0,1.1472627083333333,%,production,OP,4328.771804526,208.602428,4328.771804526,60.204258534,1.796875782,0.0,,32.0,0.0,0.0,0.0,,
2016-07-26,NO 15/9-F-14 H,5351,15/9-F-14,3420717,VOLVE,369304,MÆRSK INSPIRER,0.0,1.24097625,%,production,OP,4342.87936071,208.553216,4342.193476007999,0.9967011360000001,1.622395068,0.685884702,,32.0,0.0,0.0,0.0,,
2016-07-27,NO 15/9-F-14 H,5351,15/9-F-14,3420717,VOLVE,369304,MÆRSK INSPIRER,0.0,1.2028047916666667,%,production,OP,4331.039038542,208.507478,4330.016230566,0.8863272179999999,1.834295586,1.022807976,,32.0,0.0,0.0,0.0,,
2016-07-28,NO 15/9-F-14 H,5351,15/9-F-14,3420717,VOLVE,369304,MÆRSK INSPIRER,0.0,1.1196179166666667,%,production,OP,4335.554506596,208.472072,4334.497904766,0.901266132,2.228218794,1.05660183,,32.0,0.0,0.0,0.0,,
2016-07-29,NO 15/9-F-14 H,5351,15/9-F-14,3420717,VOLVE,369304,MÆRSK INSPIRER,0.0,1.2864939583333332,%,production,OP,4344.599076276,208.432868,4335.913040531999,0.84774711,4.890536322,8.686035744,,32.0,0.0,0.0,0.0,,
2016-07-30,NO 15/9-F-14 H,5351,15/9-F-14,3420717,VOLVE,369304,MÆRSK INSPIRER,0.0,1.1992804166666666,%,production,OP,4392.887882958,195.409994,4156.759347210001,1.968745812,232.017868752,236.12853574800002,,32.0,0.0,0.0,0.0,,
2016-07-31,NO 15/9-F-14 H,5351,15/9-F-14,3420717,VOLVE,369304,MÆRSK INSPIRER,0.0,1.1887333333333334,%,production,OP,4853.785723332,173.846426,3807.5412019499995,0.0,1041.602290116,1046.2445213820001,,32.0,0.0,0.0,0.0,,
2016-08-01,NO 15/9-F-14 H,5351,15/9-F-14,3420717,VOLVE,369304,MÆRSK INSPIRER,0.0,1.3210716666666666,%,production,OP,2031.6173193539998,111.03529999999999,1926.978638988,0.0,99.439793256,104.638680366,,32.0,0.0,0.0,0.0,,
2016-08-02,NO 15/9-F-14 H,5351,15/9-F-14,3420717,VOLVE,369304,MÆRSK INSPIRER,0.0,1.2851014583333333,%,production,OP,0.0,32.0,157.840649298,0.0,152.037968994,157.840649298,,32.0,0.0,0.0,0.0,,
2016-08-03,NO 15/9-F-14 H,5351,15/9-F-14,3420717,VOLVE,369304,MÆRSK INSPIRER,0.0,1.2914816666666666,%,production,OP,0.0,32.0,157.838038614,33.391953702,151.237359234,157.838038614,,32.0,0.0,0.0,0.0,,
2016-08-04,NO 15/9-F-14 H,5351,15/9-F-14,3420717,VOLVE,369304,MÆRSK INSPIRER,0.0,1.118525,%,production,OP,0.0,32.0,157.822229472,26.392274783999998,150.525657768,157.822229472,,32.0,0.0,0.0,0.0,,
2016-08-05,NO 15/9-F-14 H,5351,15/9-F-14,3420717,VOLVE,369304,MÆRSK INSPIRER,0.0,0.9850039583333333,%,production,OP,0.0,32.0,157.84122945,22.931523066,154.26676794,157.84122945,,32.0,0.0,0.0,0.0,,
2016-08-06,NO 15/9-F-14 H,5351,15/9-F-14,3420717,VOLVE,369304,MÆRSK INSPIRER,0.0,1.0558341666666666,%,production,OP,0.0,32.0,157.83977907,20.829632370000002,156.564459936,157.83977907,,32.0,0.0,0.0,0.0,,
2016-08-07,NO 15/9-F-14 H,5351,15/9-F-14,3420717,VOLVE,369304,MÆRSK INSPIRER,0.0,1.2207729166666668,%,production,OP,0.0,32.0,157.84267982999998,19.711824504000003,155.428232244,157.84267982999998,,32.0,0.0,0.0,0.0,,
2016-08-08,NO 15/9-F-14 H,5351,15/9-F-14,3420717,VOLVE,369304,MÆRSK INSPIRER,0.0,1.211040625,%,production,OP,0.0,32.0,157.837313424,18.741375246,154.818927606,157.837313424,,32.0,0.0,0.0,0.0,,
2016-08-09,NO 15/9-F-14 H,5351,15/9-F-14,3420717,VOLVE,369304,MÆRSK INSPIRER,0.0,1.3118391666666667,%,production,OP,0.0,32.0,157.829481372,19.03478712,154.45604253,157.829481372,,32.0,0.0,0.0,0.0,,
2016-08-10,NO 15/9-F-14 H,5351,15/9-F-14,3420717,VOLVE,369304,MÆRSK INSPIRER,0.0,1.24907375,%,production,OP,0.0,32.0,157.81773329400002,56.684041236,153.708806754,157.81773329400002,,32.0,0.0,0.0,0.0,,
2016-08-11,NO 15/9-F-14 H,5351,15/9-F-14,3420717,VOLVE,369304,MÆRSK INSPIRER,0.0,1.3026385416666666,%,production,OP,0.0,32.0,157.772771514,153.364921656,152.685708702,157.772771514,,32.0,0.0,0.0,0.0,,
2016-08-12,NO 15/9-F-14 H,5351,15/9-F-14,3420717,VOLVE,369304,MÆRSK INSPIRER,0.0,1.223501875,%,production,OP,0.0,32.0,157.767840222,153.45470017800002,151.657824396,157.767840222,,32.0,0.0,0.0,0.0,,
2016-08-13,NO 15/9-F-14 H,5351,15/9-F-14,3420717,VOLVE,369304,MÆRSK INSPIRER,0.0,1.2013083333333334,%,production,OP,0.0,32.0,157.722008214,153.48573831,150.825596352,157.722008214,,32.0,0.0,0.0,0.0,,
2016-08-14,NO 15/9-F-14 H,5351,15/9-F-14,3420717,VOLVE,369304,MÆRSK INSPIRER,0.0,1.31111,%,production,OP,0.0,32.0,157.659061722,153.44947881000002,150.11070405,157.659061722,,32.0,0.0,0.0,0.0,,
2016-08-15,NO 15/9-F-14 H,5351,15/9-F-14,3420717,VOLVE,369304,MÆRSK INSPIRER,0.0,1.1058991666666667,%,production,OP,0.0,32.0,157.799023392,153.482402436,149.474422344,157.799023392,,32.0,0.0,0.0,0.0,,
2016-08-16,NO 15/9-F-14 H,5351,15/9-F-14,3420717,VOLVE,369304,MÆRSK INSPIRER,0.0,1.0819383333333332,%,production,OP,0.0,32.0,157.732886064,153.501112338,148.520942532,157.732886064,,32.0,0.0,0.0,0.0,,
2016-08-17,NO 15/9-F-14 H,5351,15/9-F-14,3420717,VOLVE,369304,MÆRSK INSPIRER,0.0,1.1346483333333333,%,production,OP,0.0,32.0,157.841664564,153.431929212,147.641867214,157.841664564,,32.0,0.0,0.0,0.0,,
2016-08-18,NO 15/9-F-14 H,5351,15/9-F-14,3420717,VOLVE,369304,MÆRSK INSPIRER,0.0,1.302505625,%,production,OP,0.0,32.0,157.743763914,153.46253223,146.730738498,157.743763914,,32.0,0.0,0.0,0.0,,
2016-08-19,NO 15/9-F-14 H,5351,15/9-F-14,3420717,VOLVE,369304,MÆRSK INSPIRER,0.0,1.11364,%,production,OP,0.0,32.0,157.795397442,153.499371882,145.966388238,157.795397442,,32.0,0.0,0.0,0.0,,
2016-08-20,NO 15/9-F-14 H,5351,15/9-F-14,3420717,VOLVE,369304,MÆRSK INSPIRER,0.0,1.0661547916666667,%,production,OP,0.0,32.0,157.836588234,153.50053218600002,145.33967904,157.836588234,,32.0,0.0,0.0,0.0,,
2016-08-21,NO 15/9-F-14 H,5351,15/9-F-14,3420717,VOLVE,369304,MÆRSK INSPIRER,0.0,1.0628335416666668,%,production,OP,0.0,32.0,157.798733316,153.50082226199999,144.744153012,157.798733316,,32.0,0.0,0.0,0.0,,
2016-08-22,NO 15/9-F-14 H,5351,15/9-F-14,3420717,VOLVE,369304,MÆRSK INSPIRER,0.0,1.1983522916666667,%,production,OP,0.0,32.0,157.774657008,153.50212760399998,144.143550654,157.774657008,,32.0,0.0,0.0,0.0,,
2016-08-23,NO 15/9-F-14 H,5351,15/9-F-14,3420717,VOLVE,369304,MÆRSK INSPIRER,0.0,1.2878141666666667,%,production,OP,0.0,32.0,157.808450862,153.50082226199999,143.75658927,157.808450862,,32.0,0.0,0.0,0.0,,
2016-08-24,NO 15/9-F-14 H,5351,15/9-F-14,3420717,VOLVE,369304,MÆRSK INSPIRER,0.0,1.1078775,%,production,OP,0.0,32.0,157.821359244,153.367822416,143.07853662,157.821359244,,32.0,0.0,0.0,0.0,,
2016-08-25,NO 15/9-F-14 H,5351,15/9-F-14,3420717,VOLVE,369304,MÆRSK INSPIRER,0.0,1.1304227083333334,%,production,OP,0.0,32.0,157.778427996,153.43207425,142.537109766,157.778427996,,32.0,0.0,0.0,0.0,,
2016-08-26,NO 15/9-F-14 H,5351,15/9-F-14,3420717,VOLVE,369304,MÆRSK INSPIRER,0.0,1.1814933333333333,%,production,OP,0.0,32.0,157.713741048,153.460211622,140.617096722,157.713741048,,32.0,0.0,0.0,0.0,,
2016-08-27,NO 15/9-F-14 H,5351,15/9-F-14,3420717,VOLVE,369304,MÆRSK INSPIRER,0.0,1.215870625,%,production,OP,0.0,32.0,157.714466238,153.459486432,136.954887222,157.714466238,,32.0,0.0,0.0,0.0,,
2016-08-28,NO 15/9-F-14 H,5351,15/9-F-14,3420717,VOLVE,369304,MÆRSK INSPIRER,0.0,1.166075625,%,production,OP,0.0,32.0,157.711855554,153.428883414,136.252033074,157.711855554,,32.0,0.0,0.0,0.0,,
2016-08-29,NO 15/9-F-14 H,5351,15/9-F-14,3420717,VOLVE,369304,MÆRSK INSPIRER,0.0,1.1179364583333333,%,production,OP,0.0,32.0,157.82846610599998,153.397410168,135.658537578,157.82846610599998,,32.0,0.0,0.0,0.0,,
2016-08-30,NO 15/9-F-14 H,5351,15/9-F-14,3420717,VOLVE,369304,MÆRSK INSPIRER,0.0,1.0841797916666667,%,production,OP,0.0,32.0,157.819328712,153.412349082,135.135385512,157.819328712,,32.0,0.0,0.0,0.0,,
2016-08-31,NO 15/9-F-14 H,5351,15/9-F-14,3420717,VOLVE,369304,MÆRSK INSPIRER,0.0,1.19030625,%,production,OP,0.0,32.0,157.795687518,153.481822284,134.607882306,157.795687518,,32.0,0.0,0.0,0.0,,
2016-09-01,NO 15/9-F-14 H,5351,15/9-F-14,3420717,VOLVE,369304,MÆRSK INSPIRER,0.0,1.1401275,%,production,OP,0.0,32.0,157.839198918,153.2834103,133.39014325800002,157.839198918,,32.0,0.0,0.0,0.0,,
2016-09-02,NO 15/9-F-14 H,5351,15/9-F-14,3420717,VOLVE,369304,MÆRSK INSPIRER,0.0,1.0656635416666667,%,production,OP,0.0,32.0,157.841664564,153.29762402400002,132.694105896,157.841664564,,32.0,0.0,0.0,0.0,,
2016-09-03,NO 15/9-F-14 H,5351,15/9-F-14,3420717,VOLVE,369304,MÆRSK INSPIRER,0.0,1.0425854166666666,%,production,OP,0.0,32.0,157.80424476000002,153.40567733400002,132.192419454,157.80424476000002,,32.0,0.0,0.0,0.0,,
2016-09-04,NO 15/9-F-14 H,5351,15/9-F-14,3420717,VOLVE,369304,MÆRSK INSPIRER,0.0,1.2884066666666667,%,production,OP,0.0,32.0,157.81294704,153.36535677,132.005175396,157.81294704,,32.0,0.0,0.0,0.0,,
2016-09-05,NO 15/9-F-14 H,5351,15/9-F-14,3420717,VOLVE,369304,MÆRSK INSPIRER,0.0,1.271208125,%,production,OP,0.0,32.0,157.832962284,153.396104826,131.71321390199998,157.832962284,,32.0,0.0,0.0,0.0,,
2016-09-06,NO 15/9-F-14 H,5351,15/9-F-14,3420717,VOLVE,369304,MÆRSK INSPIRER,0.0,1.22078,%,production,OP,0.0,32.0,157.814687496,153.450058962,131.1723672,157.814687496,,32.0,0.0,0.0,0.0,,
2016-09-07,NO 15/9-F-14 H,5351,15/9-F-14,3420717,VOLVE,369304,MÆRSK INSPIRER,0.0,1.162124375,%,production,OP,0.0,32.0,157.73216087400002,153.48472304400002,130.77858903,157.73216087400002,,32.0,0.0,0.0,0.0,,
2016-09-08,NO 15/9-F-14 H,5351,15/9-F-14,3420717,VOLVE,369304,MÆRSK INSPIRER,0.0,1.071653125,%,production,OP,0.0,32.0,157.738542546,153.497776464,130.35420784200002,157.738542546,,32.0,0.0,0.0,0.0,,
2016-09-09,NO 15/9-F-14 H,5351,15/9-F-14,3420717,VOLVE,369304,MÆRSK INSPIRER,0.0,1.0480625,%,production,OP,0.0,32.0,157.81091650800002,153.46224215400002,130.190314902,157.81091650800002,,32.0,0.0,0.0,0.0,,
2016-09-10,NO 15/9-F-14 H,5351,15/9-F-14,3420717,VOLVE,369304,MÆRSK INSPIRER,0.0,1.1188145833333334,%,production,OP,0.0,32.0,157.776397464,153.432509364,129.892841964,157.776397464,,32.0,0.0,0.0,0.0,,
2016-09-11,NO 15/9-F-14 H,5351,15/9-F-14,3420717,VOLVE,369304,MÆRSK INSPIRER,0.0,1.0309725,%,production,OP,0.0,32.0,157.815992838,153.382326216,129.874422138,157.815992838,,32.0,0.0,0.0,0.0,,
2016-09-12,NO 15/9-F-14 H,5351,15/9-F-14,3420717,VOLVE,369304,MÆRSK INSPIRER,0.0,0.9809391666666667,%,production,OP,0.0,32.0,157.75377153600002,153.431929212,129.414651678,157.75377153600002,,32.0,0.0,0.0,0.0,,
2016-09-13,NO 15/9-F-14 H,5351,15/9-F-14,3420717,VOLVE,369304,MÆRSK INSPIRER,0.0,0.9493660416666667,%,production,OP,0.0,32.0,157.70489373,153.488784108,129.002163606,157.70489373,,32.0,0.0,0.0,0.0,,
2016-09-14,NO 15/9-F-14 H,5351,15/9-F-14,3420717,VOLVE,369304,MÆRSK INSPIRER,0.0,1.1145235416666666,%,production,OP,0.0,32.0,157.757687562,153.495310818,128.904988146,157.757687562,,32.0,0.0,0.0,0.0,,
2016-09-15,NO 15/9-F-14 H,5351,15/9-F-14,3420717,VOLVE,369304,MÆRSK INSPIRER,0.0,1.0004739583333333,%,production,OP,0.0,32.0,157.841519526,153.480226866,128.446523028,157.841519526,,32.0,0.0,0.0,0.0,,
2016-09-16,NO 15/9-F-14 H,5351,15/9-F-14,3420717,VOLVE,369304,MÆRSK INSPIRER,0.0,1.1606595833333333,%,production,OP,0.0,32.0,157.785244782,153.49734135,128.195897364,157.785244782,,32.0,0.0,0.0,0.0,,
2016-09-17,NO 15/9-F-14 H,5351,15/9-F-14,3420717,VOLVE,369304,MÆRSK INSPIRER,0.0,1.1132164583333333,%,production,OP,0.0,32.0,157.745214294,153.49400547599998,128.038531134,157.745214294,,32.0,0.0,0.0,0.0,,
