DATEPRD,WELL_BORE_CODE,NPD_WELL_BORE_CODE,NPD_WELL_BORE_NAME,NPD_FIELD_CODE,NPD_FIELD_NAME,NPD_FACILITY_CODE,NPD_FACILITY_NAME,ON_STREAM_HRS,AVG_CHOKE_SIZE_P,AVG_CHOKE_UOM,FLOW_KIND,WELL_TYPE,AVG_DOWNHOLE_PRESSURE_PSI,AVG_DOWNHOLE_TEMPERATURE_F,AVG_DP_TUBING_PSI,AVG_ANNULUS_PRESS_PSI,DP_CHOKE_SIZE_PSI,AVG_WHP_P_PSI,BORE_WI_VOL_STB_D,AVG_WHT_P,BORE_OIL_VOL_STB_D,BORE_GAS_VOL_MSCF_D,BORE_WAT_VOL_STB_D,GOR_MSCF_STB,WCUT
2014-01-12,NO 15/9-F-15 D,7289,15/9-F-15 D,3420717,VOLVE,369304,MÆRSK INSPIRER,0.0,1.1817527083333332,%,production,OP,4405.48718898,209.662214,4112.332902468,0.0,292.193844876,293.154286512,,47.112332,0.0,0.0,0.0,,
2014-01-13,NO 15/9-F-15 D,7289,15/9-F-15 D,3420717,VOLVE,369304,MÆRSK INSPIRER,0.0,1.1970647916666666,%,production,OP,4408.508475557999,209.720894,4071.14486619,0.0,336.328908276,337.36360936799997,,43.389752,0.0,0.0,0.0,,
2014-01-14,NO 15/9-F-15 D,7289,15/9-F-15 D,3420717,VOLVE,369304,MÆRSK INSPIRER,0.0,1.12513625,%,production,OP,4400.12005779,209.825186,4090.5054086579994,0.0,308.563703784,309.614649132,,44.293874,0.0,0.0,0.0,,
2014-01-15,NO 15/9-F-15 D,7289,15/9-F-15 D,3420717,VOLVE,369304,MÆRSK INSPIRER,0.0,2.6102125,%,production,OP,4415.029819152,208.58435599999999,3952.7140872899995,8.496181002,392.97103353,462.315731862,,45.836258,0.0,0.0,0.0,,
2014-01-16,NO 15/9-F-15 D,7289,15/9-F-15 D,3420717,VOLVE,369304,MÆRSK INSPIRER,24.0,8.660589583333334,%,production,OP,3506.596168408851,220.81809965957447,2696.258037019404,276.4008082658298,405.61702018659577,810.3381313894469,,62.42015778723404,2208.0378005000002,1850.31017503,0.0,0.8379884504744464,0.0
2014-01-17,NO 15/9-F-15 D,7289,15/9-F-15 D,3420717,VOLVE,369304,MÆRSK INSPIRER,24.0,9.470373125,%,production,OP,3101.664375624383,223.32691285106384,2352.717357980681,288.1346139094468,324.11606371978723,748.9470176437022,,72.2533410212766,3052.6963854,2544.735610654,0.0,0.833602589115838,0.0
2014-01-18,NO 15/9-F-15 D,7289,15/9-F-15 D,3420717,VOLVE,369304,MÆRSK INSPIRER,24.0,9.687737708333334,%,production,OP,2996.7002891973752,223.475502125,2290.522788811375,403.422619869625,288.02973742025,706.177500386,,72.014757125,3227.4273072,2740.4517969360004,0.0,0.8491134070850748,0.0
2014-01-19,NO 15/9-F-15 D,7289,15/9-F-15 D,3420717,VOLVE,369304,MÆRSK INSPIRER,24.0,9.730941666666666,%,production,OP,2945.355985099125,223.505978,2269.9864988179997,373.08218410374997,261.706443313375,675.369486281125,,69.726960125,3129.4949655,2575.4360919520004,0.0,0.8229558188602238,0.0
2014-01-20,NO 15/9-F-15 D,7289,15/9-F-15 D,3420717,VOLVE,369304,MÆRSK INSPIRER,24.0,9.401241875,%,production,OP,2958.4940145208084,223.3704575319149,2278.697708427064,174.42559956,266.2226092341702,679.7963060937446,,70.14840685106383,2953.6318779,2373.117822505,0.0,0.803457546711021,0.0
2014-01-21,NO 15/9-F-15 D,7289,15/9-F-15 D,3420717,VOLVE,369304,MÆRSK INSPIRER,24.0,9.581254583333333,%,production,OP,2923.49952297025,223.40234300000003,2258.42391837675,169.84914907024998,251.63119734587502,665.0756045935,,72.59826275,3013.3850729,2405.759552862,0.0,0.7983578250577721,0.0
2014-01-22,NO 15/9-F-15 D,7289,15/9-F-15 D,3420717,VOLVE,369304,MÆRSK INSPIRER,24.0,9.535895416666667,%,production,OP,2895.918175294625,223.41770225,2243.266852116625,163.03955453774998,239.310315937875,652.651323178,,72.447004625,3114.2736253,2446.864804221,0.0,0.7856935833585568,0.0
2014-01-23,NO 15/9-F-15 D,7289,15/9-F-15 D,3420717,VOLVE,369304,MÆRSK INSPIRER,24.0,9.414595208333333,%,production,OP,2903.5505915525,223.33370374999998,2248.918288002875,127.2080556325,240.580341184875,654.632303549625,,74.019155375,2706.0649563,2147.4787846189997,0.0,0.7935799100533216,0.0
2014-01-24,NO 15/9-F-15 D,7289,15/9-F-15 D,3420717,VOLVE,369304,MÆRSK INSPIRER,24.0,9.400358541666666,%,production,OP,2910.0073207174996,223.281579125,2254.363902880625,104.3724026845,242.022877046375,655.643417836875,,72.9970685,2573.0983729,2079.1384834729997,0.0,0.8080291470277972,0.0
2014-01-25,NO 15/9-F-15 D,7289,15/9-F-15 D,3420717,VOLVE,369304,MÆRSK INSPIRER,24.0,9.358247083333334,%,production,OP,2915.167902687375,223.24563087500002,2258.9044715735,92.687404128,242.30298470550002,656.2634311138751,,80.150768,2791.6692703999997,2313.65669638,0.0,0.8287717749776612,0.0
2014-01-26,NO 15/9-F-15 D,7289,15/9-F-15 D,3420717,VOLVE,369304,MÆRSK INSPIRER,24.0,9.375728333333333,%,production,OP,2907.8456501925,223.262747375,2254.856808480375,141.511675997875,239.11647567249997,652.988841712125,,76.711629125,2269.363448,1822.7170341850003,0.0,0.803184274335329,0.0
2014-01-27,NO 15/9-F-15 D,7289,15/9-F-15 D,3420717,VOLVE,369304,MÆRSK INSPIRER,24.0,9.40478125,%,production,OP,2903.3180926168748,223.270188125,2252.9564148475,168.36350368487498,235.79149765224997,650.361677769375,,68.289293,2277.0999143,1764.4283561000002,0.0,0.7748576797265396,0.0
2014-01-28,NO 15/9-F-15 D,7289,15/9-F-15 D,3420717,VOLVE,369304,MÆRSK INSPIRER,24.0,9.34953125,%,production,OP,2923.28693352175,223.184256125,2267.170972816,151.226562967875,242.22157608475,656.11596070575,,70.868691125,2376.1015237,1928.1773227950002,0.0,0.8114877683309152,0.0
2014-01-29,NO 15/9-F-15 D,7289,15/9-F-15 D,3420717,VOLVE,369304,MÆRSK INSPIRER,8.14167,4.616851041666667,%,production,OP,2907.9498388239836,223.2815129634215,2262.467405174742,160.30309130971608,234.17236399221585,645.482433649242,,71.72604097810155,0.0,0.0,0.0,,
2014-01-31,NO 15/9-F-15 D,7289,15/9-F-15 D,3420717,VOLVE,369304,MÆRSK INSPIRER,19.775,3.84505375,%,production,OP,3080.3249090568547,222.07787668268014,2357.2728458214615,45.32504976591656,296.5772049485158,723.0520632353931,,64.21637353476612,0.0,0.0,0.0,,
2014-02-01,NO 15/9-F-15 D,7289,15/9-F-15 D,3420717,VOLVE,369304,MÆRSK INSPIRER,24.0,4.168392291666667,%,production,OP,2906.517138372,223.387541,2250.5017192165,161.41041520275002,230.096885766375,656.0154191555,,70.55751462500001,2242.0656725999997,1917.7820877030001,0.0,0.8553639222704187,0.0
2014-02-02,NO 15/9-F-15 D,7289,15/9-F-15 D,3420717,VOLVE,369304,MÆRSK INSPIRER,24.0,3.7422702083333332,%,production,OP,2913.216488916375,223.401219125,2253.74572373,185.99099615575,233.986164341875,659.4707651863749,,81.0610775,2128.471704,1782.475227241,0.0,0.8374437038045773,0.0
2014-02-03,NO 15/9-F-15 D,7289,15/9-F-15 D,3420717,VOLVE,369304,MÆRSK INSPIRER,24.0,3.700244166666667,%,production,OP,2902.6175772066254,223.4504105,2247.0635450805,203.54241317400002,230.41898796975,655.554032126125,,82.38256212499999,2113.3761600000003,1759.779175845,0.0,0.8326862056800148,0.0
2014-02-04,NO 15/9-F-15 D,7289,15/9-F-15 D,3420717,VOLVE,369304,MÆRSK INSPIRER,24.0,3.6019454166666667,%,production,OP,2899.204685007,223.46154425,2245.5816102506246,202.43534416325002,228.695214361375,653.623074756375,,78.1733885,2047.4589512,1705.9094261710002,0.0,0.8331837007873489,0.0
2014-02-05,NO 15/9-F-15 D,7289,15/9-F-15 D,3420717,VOLVE,369304,MÆRSK INSPIRER,24.0,3.44367375,%,production,OP,2901.690875035375,223.45372925,2248.109281147,198.791064986,227.001104045625,653.5815938883751,,76.74078349999999,1963.4270896000003,1633.092633653,0.0,0.8317561891160941,0.0
2014-02-06,NO 15/9-F-15 D,7289,15/9-F-15 D,3420717,VOLVE,369304,MÆRSK INSPIRER,7.875,1.9830622916666667,%,production,OP,2925.6141145633333,223.40198828571428,2271.304095377905,184.58279487523808,202.7385066772381,654.3100191854286,,73.42839228571428,740.0590446,636.2437610800001,0.0,0.8597202692440415,0.0
2014-02-08,NO 15/9-F-15 D,7289,15/9-F-15 D,3420717,VOLVE,369304,MÆRSK INSPIRER,21.94167,3.0442360416666667,%,production,OP,3162.378472449412,222.19954900735178,2394.647431628483,44.31524200774144,346.0140102052449,767.7310408209293,,70.52203475478575,2397.8642663,1972.398036988,0.0,0.8225645065521113,0.0
2014-02-09,NO 15/9-F-15 D,7289,15/9-F-15 D,3420717,VOLVE,369304,MÆRSK INSPIRER,24.0,4.865123333333333,%,production,OP,2914.557232274875,223.57738550000002,2251.3701765442497,198.144464430625,237.61729038549998,663.1870557306249,,80.92612812499999,2349.8101179,1978.1430323840002,0.0,0.8418310132019711,0.0
2014-02-10,NO 15/9-F-15 D,7289,15/9-F-15 D,3420717,VOLVE,369304,MÆRSK INSPIRER,12.0,5.091690833333334,%,production,OP,2982.489942363281,222.95415100511696,2299.2973938998903,119.96553222841148,248.7373444730663,683.1925484633904,,80.09153636423945,2102.3060944,1892.7319584050001,0.0,0.9003122634932891,0.0
2014-02-11,NO 15/9-F-15 D,7289,15/9-F-15 D,3420717,VOLVE,369304,MÆRSK INSPIRER,15.39167,4.161076666666666,%,production,OP,2904.7279976299274,223.62289807836837,2253.6327348859495,204.88305476146195,213.87125683515535,651.0952627439775,,84.29632670864565,1652.2701889,1490.852791287,0.0,0.9023056890468599,0.0
2014-02-12,NO 15/9-F-15 D,7289,15/9-F-15 D,3420717,VOLVE,369304,MÆRSK INSPIRER,23.275,3.617795625,%,production,OP,3051.981669736666,222.8010328055854,2341.5501993061807,84.29299119635445,264.7461430542213,710.4314704304855,,76.39238405370568,2102.6205849000003,1800.212035316,0.0,0.8561754071296783,0.0
2014-02-13,NO 15/9-F-15 D,7289,15/9-F-15 D,3420717,VOLVE,369304,MÆRSK INSPIRER,24.0,3.9589795833333334,%,production,OP,2897.989166853375,223.65723799999998,2243.9716491695,217.049708443625,226.19644530812502,654.017517683875,,78.430863875,2324.1476931,1977.0701717979998,0.0,0.8506646017667403,0.0
2014-02-14,NO 15/9-F-15 D,7289,15/9-F-15 D,3420717,VOLVE,369304,MÆRSK INSPIRER,24.0,3.667383958333333,%,production,OP,2900.056683543375,223.6410605,2245.27709390475,221.646887280875,228.814296602625,654.779589638625,,84.5486405,2190.8666192,1859.203122784,0.0,0.8486153864824926,0.0
2014-02-15,NO 15/9-F-15 D,7289,15/9-F-15 D,3420717,VOLVE,369304,MÆRSK INSPIRER,24.0,3.599477708333333,%,production,OP,2889.849616163625,223.66488425,2239.4063847355,222.159705389375,229.804386423125,650.443231428125,,82.431584375,2125.7670857000003,1794.711064497,0.0,0.844265148599765,0.0
2014-02-16,NO 15/9-F-15 D,7289,15/9-F-15 D,3420717,VOLVE,369304,MÆRSK INSPIRER,24.0,3.2386445833333335,%,production,OP,2913.1276319900003,223.57644425,2255.6604640383753,205.788063722625,231.78107910887502,657.467167951625,,87.975031625,1940.2805888000003,1639.363464932,0.0,0.8449105116007435,0.0
2014-02-17,NO 15/9-F-15 D,7289,15/9-F-15 D,3420717,VOLVE,369304,MÆRSK INSPIRER,24.0,3.224255,%,production,OP,2913.300206058625,223.579317125,2256.609145509875,208.264490880625,231.1998181725,656.69106054875,,91.8311405,1650.8235326,1414.698053325,0.0,0.8569650391988846,0.0
2014-02-18,NO 15/9-F-15 D,7289,15/9-F-15 D,3420717,VOLVE,369304,MÆRSK INSPIRER,11.16667,2.864869166666667,%,production,OP,3018.4266312944796,222.77091049388406,2364.8623963670075,161.65700709934265,226.420311860047,653.5642349274724,,84.20295481981468,844.4698906,750.625955498,0.0,0.8888723728973648,0.0
2014-02-19,NO 15/9-F-15 D,7289,15/9-F-15 D,3420717,VOLVE,369304,MÆRSK INSPIRER,24.0,3.5141120833333335,%,production,OP,2945.632155580875,223.33846212499998,2283.71162001225,259.888120037125,232.59015848374997,661.920535568625,,84.135042875,1895.3084473,1616.6656478010002,0.0,0.85298287468937,0.0
2014-02-20,NO 15/9-F-15 D,7289,15/9-F-15 D,3420717,VOLVE,369304,MÆRSK INSPIRER,24.0,3.2550566666666665,%,production,OP,2897.345705766375,223.62060312499997,2251.855077859375,349.204653704375,216.24874515349998,645.490627907,,79.12594625,1769.0719606,1503.8422442410001,0.0,0.8500740940639608,0.0
2014-02-21,NO 15/9-F-15 D,7289,15/9-F-15 D,3420717,VOLVE,369304,MÆRSK INSPIRER,24.0,2.989846875,%,production,OP,2911.08384714275,223.5941255,2256.794552419875,343.515900749375,225.09618099687498,654.2892947228751,,81.86872625,1609.7510733000001,1370.7633882020002,0.0,0.8515374898256327,0.0
2014-02-22,NO 15/9-F-15 D,7289,15/9-F-15 D,3420717,VOLVE,369304,MÆRSK INSPIRER,24.0,2.8695320833333335,%,production,OP,2917.890051412,223.57273325,2260.959221897875,338.84713659425,227.964899685375,656.930829514125,,83.0291225,1587.9254326,1343.7296322050001,0.0,0.8462170859023498,0.0
2014-02-23,NO 15/9-F-15 D,7289,15/9-F-15 D,3420717,VOLVE,369304,MÆRSK INSPIRER,24.0,2.9197922916666665,%,production,OP,2914.5847985597497,223.59400699999998,2259.25586843125,335.54595084925,226.87411723337502,655.3289301285,,82.33099325,1577.8617366,1347.6848786050002,0.0,0.8541210217246358,0.0
2014-02-24,NO 15/9-F-15 D,7289,15/9-F-15 D,3420717,VOLVE,369304,MÆRSK INSPIRER,24.0,2.9129672916666665,%,production,OP,2909.45572307375,223.60032275,2254.7297461275,337.382174232,226.4285997785,654.7259769462501,,84.492552125,1751.5862888000001,1483.276375549,0.0,0.8468189006921164,0.0
2014-02-25,NO 15/9-F-15 D,7289,15/9-F-15 D,3420717,VOLVE,369304,MÆRSK INSPIRER,24.0,2.8791364583333334,%,production,OP,2889.5381349721247,222.38216075,2237.48224415175,337.153639668375,223.72987166925,652.055890820375,,81.372349625,1689.3800678999999,1434.7334952229999,0.0,0.8492662619172837,0.0
2014-02-26,NO 15/9-F-15 D,7289,15/9-F-15 D,3420717,VOLVE,369304,MÆRSK INSPIRER,24.0,2.8460875,%,production,OP,2909.608889245,223.57979375,2256.03120231775,330.221602847625,225.224844811,653.57768692725,,82.8679055,1669.1268797,1412.033912357,0.0,0.8459715852223237,0.0
2014-02-27,NO 15/9-F-15 D,7289,15/9-F-15 D,3420717,VOLVE,369304,MÆRSK INSPIRER,24.0,2.8090641666666665,%,production,OP,2903.3044046556247,223.595699,2253.024162701625,325.09699030175,222.032295549625,650.280241954,,82.734306875,1635.2877019,1389.6691128470002,0.0,0.8498009929582289,0.0
2014-02-28,NO 15/9-F-15 D,7289,15/9-F-15 D,3420717,VOLVE,369304,MÆRSK INSPIRER,24.0,2.67102875,%,production,OP,2908.5852231275,223.570533125,2257.18736064825,321.835378779375,223.26886838625,651.39786247925,,87.75006912500001,1579.3083929,1335.1845342459999,0.0,0.8454235665741455,0.0
2014-03-01,NO 15/9-F-15 D,7289,15/9-F-15 D,3420717,VOLVE,369304,MÆRSK INSPIRER,24.0,2.6437039583333335,%,production,OP,2902.1632305635,223.58717262500002,2251.291777462,317.34706606925,222.387100800375,650.8714531015,,85.598145125,1523.1403896,1292.1207296250002,0.0,0.8483267454842629,0.0
2014-03-02,NO 15/9-F-15 D,7289,15/9-F-15 D,3420717,VOLVE,369304,MÆRSK INSPIRER,24.0,2.617455,%,production,OP,2900.255536684625,223.59397962500003,2249.520887655,312.409564629875,220.040271138625,650.734649029625,,80.20677875,1509.0512152,1294.849849641,0.0,0.8580556024862211,0.0
2014-03-03,NO 15/9-F-15 D,7289,15/9-F-15 D,3420717,VOLVE,369304,MÆRSK INSPIRER,24.0,2.4646272916666665,%,production,OP,2899.539588549702,223.59636863829786,2248.616071177915,307.9518316648085,222.87238656906385,650.9235173717872,,77.32547485106383,1487.4142688,1266.781372934,0.0,0.8516668150265899,0.0
2014-03-04,NO 15/9-F-15 D,7289,15/9-F-15 D,3420717,VOLVE,369304,MÆRSK INSPIRER,24.0,2.4385252083333335,%,production,OP,2905.717190347875,223.579854125,2253.99536434425,303.6699161935,223.96828996825002,651.721826003625,,82.5345695,1423.7613916,1215.796481103,0.0,0.8539327504426198,0.0
2014-03-05,NO 15/9-F-15 D,7289,15/9-F-15 D,3420717,VOLVE,369304,MÆRSK INSPIRER,24.0,2.368876875,%,production,OP,2902.9713943859997,223.62149,2254.1947009455002,300.545157089,221.2897100545,648.7766934405,,86.895137375,1463.1356022,1243.6113982640002,0.0,0.849963186183209,0.0
2014-03-06,NO 15/9-F-15 D,7289,15/9-F-15 D,3420717,VOLVE,369304,MÆRSK INSPIRER,24.0,2.3387191666666665,%,production,OP,2906.5864725792503,223.609790375,2260.722157286875,298.872394553875,218.61899845225,645.864315292375,,85.285326875,1450.7446765,1223.4318723899999,0.0,0.843313018622681,0.0
2014-03-07,NO 15/9-F-15 D,7289,15/9-F-15 D,3420717,VOLVE,369304,MÆRSK INSPIRER,24.0,2.410869583333333,%,production,OP,2902.441984534625,223.63316825,2261.68896548675,296.89158339324996,213.31192508075,640.753019047875,,85.605291875,1458.9843276000001,1248.1864176489998,0.0,0.8555173582311479,0.0
2014-03-08,NO 15/9-F-15 D,7289,15/9-F-15 D,3420717,VOLVE,369304,MÆRSK INSPIRER,24.0,2.4029683333333334,%,production,OP,2903.8998370132504,223.643523125,2262.015896246875,295.806375839375,219.132411820875,641.883940766375,,83.9299745,1442.8824140000002,1212.216983111,0.0,0.8401356696492386,0.0
2014-03-09,NO 15/9-F-15 D,7289,15/9-F-15 D,3420717,VOLVE,369304,MÆRSK INSPIRER,24.0,2.368655208333333,%,production,OP,2918.6480743892503,223.590087875,2273.980845338,287.0282802465,217.1751995515,644.66722905125,,86.42924000000001,1427.8497681,1203.0711821050002,0.0,0.842575464858529,0.0
2014-03-10,NO 15/9-F-15 D,7289,15/9-F-15 D,3420717,VOLVE,369304,MÆRSK INSPIRER,24.0,2.5357525,%,production,OP,2906.82831135775,223.6437875,2267.400045228875,296.0861934225,211.953834573125,639.4282661288751,,93.17044625,1644.7224169,1390.19494873,0.0,0.8452459420783371,0.0
2014-03-11,NO 15/9-F-15 D,7289,15/9-F-15 D,3420717,VOLVE,369304,MÆRSK INSPIRER,24.0,2.5921908333333334,%,production,OP,2901.9151098266248,223.662390875,2263.3027730965,299.17558138475005,211.265490268375,638.612336730125,,91.40453525,1662.2709868,1403.191464624,0.0,0.8441412235229179,0.0
2014-03-12,NO 15/9-F-15 D,7289,15/9-F-15 D,3420717,VOLVE,369304,MÆRSK INSPIRER,24.0,2.612791666666667,%,production,OP,2899.832007594875,223.66511375,2259.6544630715,298.53227742225,207.698625123625,640.177544523375,,89.38095875,1663.4031525999999,1400.3140228680002,0.0,0.8418368215060941,0.0
2014-03-13,NO 15/9-F-15 D,7289,15/9-F-15 D,3420717,VOLVE,369304,MÆRSK INSPIRER,24.0,2.463292083333333,%,production,OP,2898.2171351516167,223.66844944680852,2257.2881987034893,296.92129368178723,213.64171461957446,640.9289364481276,,91.47027965957446,1603.6499576,1353.3606571890002,0.0,0.8439252286792192,0.0
2014-03-14,NO 15/9-F-15 D,7289,15/9-F-15 D,3420717,VOLVE,369304,MÆRSK INSPIRER,24.0,2.541352708333333,%,production,OP,2895.21208498625,223.676991125,2253.49851250225,297.14657832700004,214.191583572375,641.713572484,,88.553865875,1617.2988453,1371.8743886640002,0.0,0.8482503976619887,0.0
2014-03-15,NO 15/9-F-15 D,7289,15/9-F-15 D,3420717,VOLVE,369304,MÆRSK INSPIRER,24.0,2.5155589583333335,%,production,OP,2900.967757870125,223.6498955,2255.4254178728747,293.077564431625,218.09228086874998,645.54233999725,,91.012683875,1604.4676329000001,1347.854742312,0.0,0.8400635292815573,0.0
2014-03-16,NO 15/9-F-15 D,7289,15/9-F-15 D,3420717,VOLVE,369304,MÆRSK INSPIRER,24.0,2.469262291666667,%,production,OP,2903.631139010125,223.63678025,2255.6950193418747,288.85868700112496,220.002265139375,647.93611966825,,88.906726625,1563.8354603,1326.581167032,0.0,0.8482869206569301,0.0
2014-03-17,NO 15/9-F-15 D,7289,15/9-F-15 D,3420717,VOLVE,369304,MÆRSK INSPIRER,24.0,2.4490572916666666,%,production,OP,2899.079435629125,223.654080125,2252.80850630375,291.48746751325,215.637914594875,646.270929325375,,91.1892665,1561.2566382,1315.192176282,0.0,0.8423933286191231,0.0
2014-03-18,NO 15/9-F-15 D,7289,15/9-F-15 D,3420717,VOLVE,369304,MÆRSK INSPIRER,24.0,2.445054375,%,production,OP,2898.7799774835003,223.65141162499998,2252.757458971,292.459817373375,215.27466390225,646.0225185125,,91.20850475,1540.2486728,1315.3115399680003,0.0,0.8539605085826245,0.0
2014-03-19,NO 15/9-F-15 D,7289,15/9-F-15 D,3420717,VOLVE,369304,MÆRSK INSPIRER,24.0,2.3341177083333333,%,production,OP,2896.62447711675,223.658254625,2251.273735339125,288.930263254125,223.90157248825,645.350741777625,,87.7581665,1488.6093326999999,1251.289873485,0.0,0.840576399729702,0.0
2014-03-20,NO 15/9-F-15 D,7289,15/9-F-15 D,3420717,VOLVE,369304,MÆRSK INSPIRER,24.0,2.17059875,%,production,OP,2906.38617510125,223.61674175,2257.8466097258747,281.25900702850004,218.916945785375,648.539565375375,,83.40771950000001,1418.0376645,1200.296152979,0.0,0.8464487107979776,0.0
2014-03-21,NO 15/9-F-15 D,7289,15/9-F-15 D,3420717,VOLVE,369304,MÆRSK INSPIRER,24.0,2.244599375,%,production,OP,2896.989891292875,223.655763875,2252.0203335522497,286.265827567,214.14513515287499,644.9695577406251,,83.73198125,1442.3163311,1227.381115291,0.0,0.8509791429421886,0.0
2014-03-22,NO 15/9-F-15 D,7289,15/9-F-15 D,3420717,VOLVE,369304,MÆRSK INSPIRER,13.41667,2.1768454166666666,%,production,OP,2904.083706124982,223.45263053946024,2266.9367901063715,276.20495607823716,206.4221678916332,637.1469160186107,,84.78978509089663,1209.5933611,1039.6269812710002,0.0,0.8594846951917519,0.0
2014-03-23,NO 15/9-F-15 D,7289,15/9-F-15 D,3420717,VOLVE,369304,MÆRSK INSPIRER,24.0,2.98058375,%,production,OP,2899.0922442974997,223.307073875,2264.7923133565,238.77586903762497,201.29432719562502,634.299930941,,81.136964,1683.4047484,1473.1036230670002,0.0,0.8750739383782292,0.0
2014-03-24,NO 15/9-F-15 D,7289,15/9-F-15 D,3420717,VOLVE,369304,MÆRSK INSPIRER,1.55833,1.7365560416666668,%,production,OP,2937.8793388878435,223.44909525829573,2286.354478614306,273.69178398576355,232.13820587770164,651.5248602735371,,83.92443350950056,151.01833810000002,145.659364767,0.0,0.964514419901433,0.0
2014-03-25,NO 15/9-F-15 D,7289,15/9-F-15 D,3420717,VOLVE,369304,MÆRSK INSPIRER,6.35833,14.51274125,%,production,OP,3021.3341145483146,221.81215529244315,2337.3693115579426,98.55721114520041,235.82799390475424,683.9648029903719,,75.2012223166712,1122.7310850000001,908.5910806270001,0.0,0.8092686599364977,0.0
2014-03-26,NO 15/9-F-15 D,7289,15/9-F-15 D,3420717,VOLVE,369304,MÆRSK INSPIRER,24.0,0.7559891666666667,%,production,OP,2902.4065318085004,223.59195275,2255.511449579875,257.91983653375,209.1218920825,646.895082228625,,83.75442050000001,457.83526990000007,388.00755295799996,0.0,0.8474828796889069,0.0
2014-03-27,NO 15/9-F-15 D,7289,15/9-F-15 D,3420717,VOLVE,369304,MÆRSK INSPIRER,12.5,11.67080375,%,production,OP,3028.4966046331815,222.90823872783682,2360.0343968119696,262.4096308995986,235.01798310313816,668.4622078212118,,71.74339388330719,1242.6148636,1077.8074691760003,0.0,0.8673704948719722,0.0
2014-03-28,NO 15/9-F-15 D,7289,15/9-F-15 D,3420717,VOLVE,369304,MÆRSK INSPIRER,24.0,12.350582291666667,%,production,OP,3104.8016218835,222.599595125,2400.6024367958753,184.008982388375,232.3659236925,704.199185087625,,71.558282375,1855.6197462,1729.5773381109998,0.0,0.9320753034951724,0.0
2014-03-29,NO 15/9-F-15 D,7289,15/9-F-15 D,3420717,VOLVE,369304,MÆRSK INSPIRER,13.91667,10.99873,%,production,OP,3087.2363441236594,222.3563230713813,2381.076991886359,180.00000466088392,269.1669594804425,706.1593522373001,,74.9826644103266,1196.5734544000002,1082.315743778,0.0,0.9045125811525775,0.0
2014-03-30,NO 15/9-F-15 D,7289,15/9-F-15 D,3420717,VOLVE,369304,MÆRSK INSPIRER,23.0,12.65657,%,production,OP,2900.3213391616364,223.69337722727272,2249.5254530556817,307.5275885715,223.8732268988182,650.7958861059545,,88.543553,2159.1659768,1816.6482029899998,0.0,0.8413657044014606,0.0
2014-03-31,NO 15/9-F-15 D,7289,15/9-F-15 D,3420717,VOLVE,369304,MÆRSK INSPIRER,24.0,12.781876041666667,%,production,OP,2902.096549343,223.76371137499999,2248.54801505375,337.745352405625,226.900139467875,653.54853428925,,91.12469899999999,1465.4628319,1247.224092074,0.0,0.8510786250763867,0.0
2014-04-01,NO 15/9-F-15 D,7289,15/9-F-15 D,3420717,VOLVE,369304,MÆRSK INSPIRER,24.0,12.576075833333332,%,production,OP,2921.3903138984997,223.73007725,2256.4963935729998,332.072523414375,238.05988290737503,664.8939203255001,,89.31953225,1535.6571115000002,1302.836622193,0.0,0.8483903160650326,0.0
2014-04-02,NO 15/9-F-15 D,7289,15/9-F-15 D,3420717,VOLVE,369304,MÆRSK INSPIRER,24.0,12.545230208333333,%,production,OP,2917.677168865875,223.76642375,2252.4376864405003,337.586608314625,238.806079244375,665.2394824253751,,84.4802735,1534.5249457,1297.6291165310001,0.0,0.8456226926562371,0.0
2014-04-03,NO 15/9-F-15 D,7289,15/9-F-15 D,3420717,VOLVE,369304,MÆRSK INSPIRER,24.0,12.540402916666666,%,production,OP,2912.7579180415,223.78987662499998,2248.81229846275,338.03253973212503,237.070300719875,663.94561957875,,80.841646625,1539.2423032,1301.966114838,0.0,0.8458487088948142,0.0
2014-04-04,NO 15/9-F-15 D,7289,15/9-F-15 D,3420717,VOLVE,369304,MÆRSK INSPIRER,24.0,12.536341041666667,%,production,OP,2906.1218312597503,223.8182465,2245.2535161648752,335.689414582625,234.01289061499998,660.868315094875,,76.46247762499999,1560.3760648000002,1334.4291528130002,0.0,0.8551971431220585,0.0
2014-04-05,NO 15/9-F-15 D,7289,15/9-F-15 D,3420717,VOLVE,369304,MÆRSK INSPIRER,24.0,12.2792,%,production,OP,2907.1569873956173,223.82344212499999,2246.2575372838724,336.2957470345532,234.0317769284681,660.8994501117447,,81.17271710638298,1543.7709664,1313.953689753,0.0,0.851132530894189,0.0
2014-04-06,NO 15/9-F-15 D,7289,15/9-F-15 D,3420717,VOLVE,369304,MÆRSK INSPIRER,18.05833,10.648288541666666,%,production,OP,2906.3478079438205,223.84188965593717,2246.625337519162,333.1830465008651,233.3228581304894,659.7224704246582,,84.95805415578405,1155.2494027,1002.999633872,0.0,0.8682104760477103,0.0
2014-04-07,NO 15/9-F-15 D,7289,15/9-F-15 D,3420717,VOLVE,369304,MÆRSK INSPIRER,18.94167,10.023460625,%,production,OP,3001.872027363005,222.96079184350694,2316.15204756904,221.1867517595323,268.8475796860058,685.7199797939655,,79.58433650227356,1308.4062762,1150.260520284,0.0,0.8791310017441201,0.0
2014-04-08,NO 15/9-F-15 D,7289,15/9-F-15 D,3420717,VOLVE,369304,MÆRSK INSPIRER,24.0,12.620966875,%,production,OP,2899.4408038493752,223.7762495,2244.436024586,320.017224714125,230.37021894225,655.004779263375,,85.82602475,1513.1395917,1304.082524809,0.0,0.8618388759122176,0.0
2014-04-09,NO 15/9-F-15 D,7289,15/9-F-15 D,3420717,VOLVE,369304,MÆRSK INSPIRER,24.0,12.452708958333334,%,production,OP,2902.309450018875,223.7933435,2244.003886886625,330.78608772200005,231.60535650699998,658.30556313225,,90.137582375,1566.791671,1335.7269680380002,0.0,0.8525236588636425,0.0
2014-04-10,NO 15/9-F-15 D,7289,15/9-F-15 D,3420717,VOLVE,369304,MÆRSK INSPIRER,21.70833,11.134303125,%,production,OP,2946.206085838562,223.5489361648206,2271.4675353106336,295.41366932002387,251.46860713113992,674.7385505279285,,85.4383985157025,1384.1984866999999,1265.5725507529999,0.0,0.9142999092349752,0.0
2014-04-11,NO 15/9-F-15 D,7289,15/9-F-15 D,3420717,VOLVE,369304,MÆRSK INSPIRER,24.0,12.336674583333334,%,production,OP,2901.904461620125,223.85750975000002,2243.1071622570003,328.164486590875,231.090716358625,658.797299363125,,88.7617355,1578.8681062,1342.1277574130002,0.0,0.850056918714519,0.0
2014-04-12,NO 15/9-F-15 D,7289,15/9-F-15 D,3420717,VOLVE,369304,MÆRSK INSPIRER,24.0,12.297377916666667,%,production,OP,2900.240863673625,223.909279625,2241.67723865825,326.77297691075,230.79336730725,658.563625015375,,82.748038625,1569.4333912000002,1335.6655204600002,0.0,0.8510495112116485,0.0
2014-04-13,NO 15/9-F-15 D,7289,15/9-F-15 D,3420717,VOLVE,369304,MÆRSK INSPIRER,24.0,12.314619166666667,%,production,OP,2905.361315441875,223.951515125,2246.2770281795,323.13281318675,231.419118650125,659.084287262375,,85.960426625,1552.6395985,1326.842495812,0.0,0.854572108745557,0.0
2014-04-14,NO 15/9-F-15 D,7289,15/9-F-15 D,3420717,VOLVE,369304,MÆRSK INSPIRER,24.0,12.067102708333334,%,production,OP,2906.252900287375,223.96292791489364,2248.184511701843,322.68884659697875,230.46132093600002,658.0683885855319,,87.16231438297874,1556.6021788,1326.0422647100002,0.0,0.8518825701068073,0.0
2014-04-15,NO 15/9-F-15 D,7289,15/9-F-15 D,3420717,VOLVE,369304,MÆRSK INSPIRER,24.0,12.33761375,%,production,OP,2903.910657452375,223.97894487499997,2247.832273675125,328.085042026375,228.501812231625,656.07838377725,,89.66843075,1557.9230389,1327.857793437,0.0,0.8523256671103332,0.0
2014-04-16,NO 15/9-F-15 D,7289,15/9-F-15 D,3420717,VOLVE,369304,MÆRSK INSPIRER,24.0,12.363884166666667,%,production,OP,2893.518687774,223.673027,2238.977504347875,327.42683843099996,226.89422614775,654.541183426125,,84.78022362499999,1559.8099819000001,1337.937315111,0.0,0.8577566053791131,0.0
2014-04-17,NO 15/9-F-15 D,7289,15/9-F-15 D,3420717,VOLVE,369304,MÆRSK INSPIRER,24.0,12.331290833333334,%,production,OP,2904.0135286755,223.98276800000002,2250.28497805525,327.591698291,226.09333839825,653.72855062025,,86.77615325,1572.8927867,1336.6719894100002,0.0,0.8498176104007689,0.0
2014-04-18,NO 15/9-F-15 D,7289,15/9-F-15 D,3420717,VOLVE,369304,MÆRSK INSPIRER,24.0,12.313783958333334,%,production,OP,2903.028125395375,223.985121875,2250.4726934867504,328.6076773945,225.007336157,652.555431908625,,90.45143825,1554.7152358,1328.732185409,0.0,0.8546466612101364,0.0
2014-04-19,NO 15/9-F-15 D,7289,15/9-F-15 D,3420717,VOLVE,369304,MÆRSK INSPIRER,24.0,12.451776666666667,%,production,OP,2893.75949315675,224.01194,2245.502682384,332.495085584125,220.78921111112498,648.25681077275,,90.434528,1581.1953359,1343.2553557840001,0.0,0.8495189210885404,0.0
2014-04-20,NO 15/9-F-15 D,7289,15/9-F-15 D,3420717,VOLVE,369304,MÆRSK INSPIRER,24.0,12.504567291666667,%,production,OP,2893.071260652125,224.008691375,2245.98988315575,331.283423024,219.35389391175,647.081377496375,,88.66891212499999,1578.74231,1341.866428633,0.0,0.8499591226088061,0.0
2014-04-21,NO 15/9-F-15 D,7289,15/9-F-15 D,3420717,VOLVE,369304,MÆRSK INSPIRER,24.0,12.403832916666667,%,production,OP,2897.6646110905003,223.98616325,2249.802022666625,328.27622326175,231.755908972625,647.862588423875,,94.272105875,1563.3322755000002,1362.108814673,0.0,0.8712855456383111,0.0
2014-04-22,NO 15/9-F-15 D,7289,15/9-F-15 D,3420717,VOLVE,369304,MÆRSK INSPIRER,24.0,12.310589166666666,%,production,OP,2900.321093860625,223.973717,2251.874422302625,323.3430880705,237.70451865599998,648.4466715579999,,90.78366237499999,1493.2637921,1200.75277205,0.0,0.8041129627614976,0.0
2014-04-23,NO 15/9-F-15 D,7289,15/9-F-15 D,3420717,VOLVE,369304,MÆRSK INSPIRER,22.475,11.740151041666667,%,production,OP,2897.4811304395676,223.98184434795462,2250.073596536572,319.6891885936856,236.29310584199519,647.4075339029955,,80.45040097449255,1370.9269876,1093.551821877,0.0,0.7976732763802512,0.0
2014-04-24,NO 15/9-F-15 D,7289,15/9-F-15 D,3420717,VOLVE,369304,MÆRSK INSPIRER,19.69167,10.226905625,%,production,OP,2973.244572505885,223.32227744416497,2301.8216739434374,244.1474395729838,256.2027532799596,671.4228985624477,,76.78033398596868,1210.4110364,972.1886175630001,0.0,0.8031888245620098,0.0
2014-04-25,NO 15/9-F-15 D,7289,15/9-F-15 D,3420717,VOLVE,369304,MÆRSK INSPIRER,24.0,12.133490416666667,%,production,OP,2897.12312984725,223.9203305,2245.884395205375,308.730675759875,235.87162812562502,651.238734641875,,83.348165375,1555.0297263,1244.9960876510002,0.0,0.8006252656103968,0.0
2014-04-26,NO 15/9-F-15 D,7289,15/9-F-15 D,3420717,VOLVE,369304,MÆRSK INSPIRER,24.0,12.114237916666667,%,production,OP,2905.6437557955,223.9232735,2255.36083668175,306.95440141712504,234.539571939,650.28291911375,,80.288418125,1535.1539267,1233.576019965,0.0,0.8035520077238909,0.0
2014-04-27,NO 15/9-F-15 D,7289,15/9-F-15 D,3420717,VOLVE,369304,MÆRSK INSPIRER,24.0,12.063484375,%,production,OP,2908.499832005,223.92749187500002,2261.3202486745,310.63053758675005,231.063237700875,647.1795833305,,86.76843875,1529.1786072,1237.3734096560001,0.0,0.809175202837614,0.0
2014-04-28,NO 15/9-F-15 D,7289,15/9-F-15 D,3420717,VOLVE,369304,MÆRSK INSPIRER,24.0,12.199773333333333,%,production,OP,2904.038194200375,223.954568,2261.520887596125,317.10989267975,226.265096628125,642.5173066042499,,94.27105962499999,1547.1045657,1245.2690702819998,0.0,0.8049029767542363,0.0
2014-04-29,NO 15/9-F-15 D,7289,15/9-F-15 D,3420717,VOLVE,369304,MÆRSK INSPIRER,24.0,12.346518541666667,%,production,OP,2900.99536645775,223.966150625,2260.690937857375,313.22309485837496,223.99328485025,640.304428600375,,91.384953875,1497.3521686000001,1214.911141574,0.0,0.8113730136778192,0.0
2014-04-30,NO 15/9-F-15 D,7289,15/9-F-15 D,3420717,VOLVE,369304,MÆRSK INSPIRER,24.0,12.30913875,%,production,OP,2900.379677126125,223.969946375,2260.634227999375,312.015230480875,223.4055969175,639.7454491267499,,90.58152874999999,1449.8641031,1176.3506674970001,0.0,0.8113523639779809,0.0
2014-05-01,NO 15/9-F-15 D,7289,15/9-F-15 D,3420717,VOLVE,369304,MÆRSK INSPIRER,24.0,12.37072625,%,production,OP,2890.874037687375,224.003621,2255.70931464975,316.02609622475,218.8030577175,635.164723037625,,90.970140125,1441.6873501,1165.301051014,0.0,0.8082897106180276,0.0
2014-05-02,NO 15/9-F-15 D,7289,15/9-F-15 D,3420717,VOLVE,369304,MÆRSK INSPIRER,24.0,12.341778958333334,%,production,OP,2894.06157105125,223.987440125,2257.80967036025,312.029123912625,218.2065405965,636.251900691,,91.704483125,1430.8688769,1158.4312824229999,0.0,0.809599887959517,0.0
2014-05-03,NO 15/9-F-15 D,7289,15/9-F-15 D,3420717,VOLVE,369304,MÆRSK INSPIRER,24.0,12.287145,%,production,OP,2902.122535318,223.954991375,2263.6373092867498,309.784044451125,222.398344267,638.48522603125,,92.550048875,1418.8553398000001,1128.596717569,0.0,0.795427614014608,0.0
2014-05-04,NO 15/9-F-15 D,7289,15/9-F-15 D,3420717,VOLVE,369304,MÆRSK INSPIRER,24.0,12.341240625,%,production,OP,2897.098573100875,223.968574625,2261.07725563525,308.068057570375,219.80391056625,636.021317465625,,88.107803375,1413.5718994000001,1140.15274685,0.0,0.806575701833027,0.0
2014-05-05,NO 15/9-F-15 D,7289,15/9-F-15 D,3420717,VOLVE,369304,MÆRSK INSPIRER,24.0,12.346839791666667,%,production,OP,2901.216081055875,223.948435625,2264.202845686625,303.766671647625,220.67012584825,637.01323536925,,87.466178375,1625.1611078,1321.0508850120002,0.0,0.8128737998168825,0.0
2014-05-06,NO 15/9-F-15 D,7289,15/9-F-15 D,3420717,VOLVE,369304,MÆRSK INSPIRER,24.0,12.33648,%,production,OP,2899.64993353725,223.949684375,2264.1828153345,300.435556707,218.270441922,635.46711820275,,84.64029762499999,1597.9262305000002,1296.7741476439999,0.0,0.8115356784888823,0.0
2014-05-07,NO 15/9-F-15 D,7289,15/9-F-15 D,3420717,VOLVE,369304,MÆRSK INSPIRER,24.0,12.307643541666666,%,production,OP,2904.00836169675,223.930167875,2267.660744990625,300.377943383125,208.29072160725,636.347616706125,,89.75956362500001,1587.9883307,1300.830394086,0.0,0.8191687362794297,0.0
2014-05-08,NO 15/9-F-15 D,7289,15/9-F-15 D,3420717,VOLVE,369304,MÆRSK INSPIRER,24.0,12.325259166666667,%,production,OP,2904.3164163655,223.922880125,2269.268297836625,294.98201912850004,197.668921088125,635.0481185288751,,88.24981925,1647.1754428,1290.9355682930002,0.0,0.7837268178904885,0.0
2014-05-09,NO 15/9-F-15 D,7289,15/9-F-15 D,3420717,VOLVE,369304,MÆRSK INSPIRER,24.0,12.330310416666666,%,production,OP,2897.055224868625,223.950550625,2266.36034939075,298.460927791125,204.823307206125,630.694875477875,,84.6143465,2192.627766,1693.6216763060002,0.0,0.7724164140252888,0.0
2014-05-10,NO 15/9-F-15 D,7289,15/9-F-15 D,3420717,VOLVE,369304,MÆRSK INSPIRER,24.0,12.316913958333334,%,production,OP,2898.3184182215,223.941647375,2268.142808999875,295.771693627625,214.99434775100002,630.175609221625,,84.248777375,1596.5424723,495.22368845200003,0.0,0.3101851012698549,0.0
2014-05-11,NO 15/9-F-15 D,7289,15/9-F-15 D,3420717,VOLVE,369304,MÆRSK INSPIRER,24.0,12.285626458333333,%,production,OP,2903.5693981465,223.921594625,2273.546359836,290.068068234375,207.564196049,630.0230383105,,88.608731,1456.1539131,1168.96601058,0.0,0.8027764098723557,0.0
2014-05-12,NO 15/9-F-15 D,7289,15/9-F-15 D,3420717,VOLVE,369304,MÆRSK INSPIRER,24.0,12.227931041666666,%,production,OP,2911.523218612375,223.893189875,2280.36356282025,284.64942135975,208.14970539012498,631.1596557921249,,91.78140800000001,1414.0121861,1148.375068451,0.0,0.812139442460071,0.0
2014-05-13,NO 15/9-F-15 D,7289,15/9-F-15 D,3420717,VOLVE,369304,MÆRSK INSPIRER,24.0,11.96580375,%,production,OP,2910.0729825574467,223.90013931914893,2282.5173798204255,282.38096570719154,206.181524622,627.5556027370212,,89.02516119148936,1404.0742863,1140.167225877,0.0,0.8120419531943392,0.0
2014-05-14,NO 15/9-F-15 D,7289,15/9-F-15 D,3420717,VOLVE,369304,MÆRSK INSPIRER,24.0,11.951971666666667,%,production,OP,2907.9621056772767,223.90235523404255,2282.2591010874894,282.09018354700004,210.72018332642554,625.7030045897873,,91.76189000000001,1420.4906904,1150.39754132,0.0,0.809859261376825,0.0
2014-05-15,NO 15/9-F-15 D,7289,15/9-F-15 D,3420717,VOLVE,369304,MÆRSK INSPIRER,24.0,11.914767291666667,%,production,OP,2905.5595296058723,223.90107914893616,2281.818423182936,283.7153554240851,209.12960404097873,623.7411064229362,,90.93056421276597,1324.8226803,1067.4874543950002,0.0,0.805758740598608,0.0
2014-05-16,NO 15/9-F-15 D,7289,15/9-F-15 D,3420717,VOLVE,369304,MÆRSK INSPIRER,24.0,12.021908958333333,%,production,OP,2904.274853977915,223.87761136170212,2283.250071679532,277.5695398994043,202.10630861629787,621.024782298383,,91.36369131914894,1321.6777753,1057.1356563840002,0.0,0.7998437108803219,0.0
2014-05-17,NO 15/9-F-15 D,7289,15/9-F-15 D,3420717,VOLVE,369304,MÆRSK INSPIRER,24.0,13.137609583333333,%,production,OP,2832.439221602,224.12624675,2234.293907035625,320.62892550075003,178.106884578625,598.145314566375,,93.71584212500001,1464.7080547,1156.284854957,0.0,0.7894302562525535,0.0
2014-05-18,NO 15/9-F-15 D,7289,15/9-F-15 D,3420717,VOLVE,369304,MÆRSK INSPIRER,24.0,12.652319583333334,%,production,OP,2833.053146304625,224.07340042553193,2228.988203553178,306.0150466733617,190.5999534158298,604.0649427514469,,88.27141624999999,1420.9938752,1122.0620854810002,0.0,0.789631894312756,0.0
2014-05-19,NO 15/9-F-15 D,7289,15/9-F-15 D,3420717,VOLVE,369304,MÆRSK INSPIRER,24.0,12.523508333333334,%,production,OP,2831.2694366428086,224.04025285106383,2231.4610999745105,297.1577642541702,186.52841582068086,599.8083366682978,,85.97907710638297,1389.2932328,1083.0156811320003,0.0,0.7795443435287425,0.0
2014-05-20,NO 15/9-F-15 D,7289,15/9-F-15 D,3420717,VOLVE,369304,MÆRSK INSPIRER,24.0,12.687061458333334,%,production,OP,2830.208509967375,224.008977875,2233.5065138633754,290.6303956685,183.458182453625,596.701996104,,87.409916375,1399.9859098000002,1097.7560369120001,0.0,0.7841193466502987,0.0
2014-05-21,NO 15/9-F-15 D,7289,15/9-F-15 D,3420717,VOLVE,369304,MÆRSK INSPIRER,24.0,12.638993541666666,%,production,OP,2828.598654643125,223.984991375,2234.520087753375,284.57519816325,180.7929732305,594.0785668897499,,88.8158375,1394.9540618,1105.6255646600002,0.0,0.7925892292347889,0.0
2014-05-22,NO 15/9-F-15 D,7289,15/9-F-15 D,3420717,VOLVE,369304,MÆRSK INSPIRER,24.0,12.613649791666667,%,production,OP,2831.497849441375,223.94788062499998,2238.8605342225,275.17815592700003,179.165610611,592.637315218875,,91.02043062499999,1405.7096369,1149.5817717500001,0.0,0.8177946153127067,0.0
2014-05-23,NO 15/9-F-15 D,7289,15/9-F-15 D,3420717,VOLVE,369304,MÆRSK INSPIRER,24.0,12.553234375,%,production,OP,2831.559605413125,223.92435725,2240.66229899375,268.777644095125,177.287522613875,590.897306419375,,89.400320375,1412.5655298000001,1153.821301485,0.0,0.8168267433570783,0.0
2014-05-24,NO 15/9-F-15 D,7289,15/9-F-15 D,3420717,VOLVE,369304,MÆRSK INSPIRER,24.0,12.471428958333334,%,production,OP,2829.2502892257503,223.92567537500003,2241.55692963725,273.36303859487504,174.61554797237503,587.6933595884999,,96.309821375,1413.949288,1152.584580691,0.0,0.8151527006469272,0.0
2014-05-25,NO 15/9-F-15 D,7289,15/9-F-15 D,3420717,VOLVE,369304,MÆRSK INSPIRER,24.0,12.141225833333333,%,production,OP,2853.80355468875,223.837410125,2255.979547638375,262.551301749875,184.359397218,597.824007050375,,94.838172125,1374.2605869000001,1087.742553727,0.0,0.7915111326743965,0.0
2014-05-26,NO 15/9-F-15 D,7289,15/9-F-15 D,3420717,VOLVE,369304,MÆRSK INSPIRER,24.0,11.375686041666667,%,production,OP,2902.1554661444684,223.635823106383,2285.6914006701704,231.56066885910639,201.15290286625532,616.4640654742979,,86.79123021276595,1230.6642246,1012.007354401,0.0,0.8223261342710524,0.0
2014-05-27,NO 15/9-F-15 D,7289,15/9-F-15 D,3420717,VOLVE,369304,MÆRSK INSPIRER,24.0,11.780467708333333,%,production,OP,2902.18201902775,223.68095075000002,2290.85749723425,233.645802458625,195.54067275725,611.3245217934999,,92.4982445,1267.5854093,1052.37099706,0.0,0.8302170325872967,0.0
2014-05-28,NO 15/9-F-15 D,7289,15/9-F-15 D,3420717,VOLVE,369304,MÆRSK INSPIRER,24.0,11.775143333333334,%,production,OP,2889.7660349945,222.8894765,2280.797090467125,239.193536174875,193.19839366275,608.968944527375,,90.77001275,1453.3863967,1200.5023908270002,0.0,0.826003596533456,0.0
2014-05-29,NO 15/9-F-15 D,7289,15/9-F-15 D,3420717,VOLVE,369304,MÆRSK INSPIRER,24.0,11.858228125,%,production,OP,2898.3526804273747,223.761977,2289.862013813125,246.60211951762497,192.491130963875,608.49066661425,,95.22347525,1473.6395849,1217.4958244670001,0.0,0.8261828990903624,0.0
2014-05-30,NO 15/9-F-15 D,7289,15/9-F-15 D,3420717,VOLVE,369304,MÆRSK INSPIRER,24.0,11.916870416666667,%,production,OP,2901.8748950195,223.76852825,2291.4604292651247,245.63894935425,194.54331895025,610.414465754375,,95.06778725000001,1491.313951,1236.544573647,0.0,0.8291644913653732,0.0
2014-05-31,NO 15/9-F-15 D,7289,15/9-F-15 D,3420717,VOLVE,369304,MÆRSK INSPIRER,24.0,11.898101875,%,production,OP,2904.3577763685,223.7819555,2292.821257365,247.97994123650003,196.31867169737498,611.5365190035,,94.271907875,1517.0392739000001,1258.263820441,0.0,0.8294207289744444,0.0
2014-06-01,NO 15/9-F-15 D,7289,15/9-F-15 D,3420717,VOLVE,369304,MÆRSK INSPIRER,24.0,11.938521458333334,%,production,OP,2903.1902537063747,223.80662675,2292.411618685375,252.542289802375,194.557952680125,610.778635021,,95.14035799999999,1532.4493083999998,1271.672105737,0.0,0.8298298017209639,0.0
2014-06-02,NO 15/9-F-15 D,7289,15/9-F-15 D,3420717,VOLVE,369304,MÆRSK INSPIRER,21.5,10.632731458333334,%,production,OP,2937.9455864155243,223.49586619104463,2301.8705885773065,233.16470520796685,219.29753008453343,636.0749978382174,,84.45392854581117,1390.2367043,1158.746642694,0.0,0.8334887426795728,0.0
2014-06-03,NO 15/9-F-15 D,7289,15/9-F-15 D,3420717,VOLVE,369304,MÆRSK INSPIRER,24.0,11.835498333333334,%,production,OP,2909.361173405875,223.76466875,2288.1252532605004,236.636244288625,204.971300355375,621.235920145375,,82.6858475,1507.7303551,1241.4021106320001,0.0,0.8233581730532077,0.0
2014-06-04,NO 15/9-F-15 D,7289,15/9-F-15 D,3420717,VOLVE,369304,MÆRSK INSPIRER,24.0,11.817032916666667,%,production,OP,2920.2168597864998,223.767848375,2299.5346433575,249.176894526125,204.18862393975002,620.6822164289999,,83.99828600000001,1492.571913,1235.8379265,0.0,0.8279922164795553,0.0
2014-06-05,NO 15/9-F-15 D,7289,15/9-F-15 D,3420717,VOLVE,369304,MÆRSK INSPIRER,24.0,12.016040625,%,production,OP,2912.3985019170614,223.82984495855007,2298.094594639393,258.961292149608,198.00649233583923,614.3039072776679,,91.78213838329263,1608.1157226999999,1326.675104134,0.0,0.8249873348085512,0.0
2014-06-06,NO 15/9-F-15 D,7289,15/9-F-15 D,3420717,VOLVE,369304,MÆRSK INSPIRER,24.0,12.029737916666667,%,production,OP,2905.212409761875,223.8843515,2291.573398759,268.604789015375,197.21820341662502,613.639011002875,,93.315641,1610.19136,1307.5246486180001,0.0,0.8120305953063865,0.0
2014-06-07,NO 15/9-F-15 D,7289,15/9-F-15 D,3420717,VOLVE,369304,MÆRSK INSPIRER,24.0,12.034622708333334,%,production,OP,2902.7806845241253,223.910420375,2286.626723666125,272.998642706375,199.90156958437498,616.153960858,,91.48029199999999,1621.7646103999998,1315.469749824,0.0,0.8111348227653988,0.0
2014-06-08,NO 15/9-F-15 D,7289,15/9-F-15 D,3420717,VOLVE,369304,MÆRSK INSPIRER,24.0,11.984389166666666,%,production,OP,2906.20117913225,223.90806275,2287.9311319840003,271.109317285875,201.776796102625,618.27004714825,,89.66252037500001,1613.2733669000002,1310.886961205,0.0,0.8125634428118941,0.0
2014-06-09,NO 15/9-F-15 D,7289,15/9-F-15 D,3420717,VOLVE,369304,MÆRSK INSPIRER,24.0,11.975744791666667,%,production,OP,2905.61899660025,223.92118775,2287.280603316125,273.812759130125,202.016821906125,618.338393284125,,92.70006237499999,1816.9374147,1493.8156946170002,0.0,0.8221613372762476,0.0
2014-06-10,NO 15/9-F-15 D,7289,15/9-F-15 D,3420717,VOLVE,369304,MÆRSK INSPIRER,24.0,11.969535416666666,%,production,OP,2904.22629337825,223.93239012499998,2285.533838163125,273.710616118625,202.362048605625,618.692455215125,,88.774203125,1608.304417,1329.3304164270003,0.0,0.826541544234906,0.0
2014-06-11,NO 15/9-F-15 D,7289,15/9-F-15 D,3420717,VOLVE,369304,MÆRSK INSPIRER,24.0,11.910313541666667,%,production,OP,2901.8619685077497,223.948445375,2285.2558426198752,275.862351540625,199.875982463875,616.606125887875,,92.98859075,1602.8322823,1312.553461898,0.0,0.8188963227110315,0.0
2014-06-12,NO 15/9-F-15 D,7289,15/9-F-15 D,3420717,VOLVE,369304,MÆRSK INSPIRER,24.0,11.887571666666666,%,production,OP,2899.94277734575,223.95006575,2283.6078513665,274.211323554125,199.640398449125,616.33492597925,,96.47055125,1596.7940647,1298.3272881500002,0.0,0.8130837387562092,0.0
2014-06-13,NO 15/9-F-15 D,7289,15/9-F-15 D,3420717,VOLVE,369304,MÆRSK INSPIRER,24.0,11.921218333333334,%,production,OP,2902.552128809125,223.94455625,2282.628494358,274.32875900975,203.624054459875,619.923634451125,,95.430479375,1509.3657057,1245.0412904670002,0.0,0.8248771558577225,0.0
2014-06-14,NO 15/9-F-15 D,7289,15/9-F-15 D,3420717,VOLVE,369304,MÆRSK INSPIRER,24.0,11.93982375,%,production,OP,2897.88961941775,223.959660125,2278.916793662125,274.62448242687503,202.77933501812498,618.972825755625,,94.576044875,1487.9803517,1233.8306389520003,0.0,0.8291982065101622,0.0
2014-06-15,NO 15/9-F-15 D,7289,15/9-F-15 D,3420717,VOLVE,369304,MÆRSK INSPIRER,24.0,11.917787708333334,%,production,OP,2895.7272901785,223.96703075,2276.0566896265,275.823381643,203.24349589925,619.670600552,,94.73643725000001,1487.8545555,1233.221813524,0.0,0.8288591172875567,0.0
2014-06-16,NO 15/9-F-15 D,7289,15/9-F-15 D,3420717,VOLVE,369304,MÆRSK INSPIRER,24.0,11.654185625,%,production,OP,2892.754710909702,223.97622838297872,2274.122882800085,276.1238751773617,202.2223143289787,618.631828109617,,94.4564425106383,1462.4437231,1204.955927644,0.0,0.8239331938803136,0.0
2014-06-17,NO 15/9-F-15 D,7289,15/9-F-15 D,3420717,VOLVE,369304,MÆRSK INSPIRER,24.0,11.845928958333333,%,production,OP,2898.50066451175,223.94855112500002,2277.1563163748747,273.37596812825,204.30842532775,621.344348136875,,94.871931875,1458.6698371,1206.764746578,0.0,0.8273049293849692,0.0
2014-06-18,NO 15/9-F-15 D,7289,15/9-F-15 D,3420717,VOLVE,369304,MÆRSK INSPIRER,24.0,11.805054375,%,production,OP,2913.711340442625,223.884949625,2286.8259242942504,264.06711806087503,210.34570459675,626.885416148375,,95.60133575,1443.6371912000002,1191.8901949380001,0.0,0.8256161604892297,0.0
2014-06-19,NO 15/9-F-15 D,7289,15/9-F-15 D,3420717,VOLVE,369304,MÆRSK INSPIRER,24.0,11.705314166666666,%,production,OP,2924.90361167525,223.83749674999999,2295.2602526325,253.36466432725,213.13952324475,629.64335904275,,93.07641724999999,1419.610117,1179.278962421,0.0,0.8307062258143938,0.0
2014-06-20,NO 15/9-F-15 D,7289,15/9-F-15 D,3420717,VOLVE,369304,MÆRSK INSPIRER,24.0,11.776095208333333,%,production,OP,2901.7277026008746,223.943573,2283.4272639483747,267.621352813125,201.401410564,618.3004386525,,95.03855825000001,1425.9628251000001,1181.4215052700001,0.0,0.8285079277485016,0.0
2014-06-21,NO 15/9-F-15 D,7289,15/9-F-15 D,3420717,VOLVE,369304,MÆRSK INSPIRER,24.0,11.811777708333333,%,production,OP,2910.8949411910003,223.893548,2286.6328485,262.93653174275005,207.70076745575,624.262092691,,95.709668375,1419.7359132,1172.58223586,0.0,0.8259157389468791,0.0
2014-06-22,NO 15/9-F-15 D,7289,15/9-F-15 D,3420717,VOLVE,369304,MÆRSK INSPIRER,24.0,11.823542916666666,%,production,OP,2901.097053203875,223.931336375,2281.266270267375,267.652810951,203.395837166875,619.8307829365,,96.958981625,1408.7287457,1152.718423404,0.0,0.8182685466755434,0.0
2014-06-23,NO 15/9-F-15 D,7289,15/9-F-15 D,3420717,VOLVE,369304,MÆRSK INSPIRER,24.0,11.803327708333333,%,production,OP,2904.9853648593753,223.908636875,2282.6618651845,266.32183650612495,201.124354746125,622.323499674875,,97.466547125,1382.500238,1141.16627874,0.0,0.8254365875487104,0.0
2014-06-24,NO 15/9-F-15 D,7289,15/9-F-15 D,3420717,VOLVE,369304,MÆRSK INSPIRER,24.0,11.645397083333334,%,production,OP,2905.8600799725,223.89414275,2284.8523257525003,259.50900581325,204.650349391125,621.0077542199999,,96.99197525000001,1422.9437163,1173.054746546,0.0,0.8243859072628872,0.0
2014-06-25,NO 15/9-F-15 D,7289,15/9-F-15 D,3420717,VOLVE,369304,MÆRSK INSPIRER,24.0,11.399787916666666,%,production,OP,2903.012912284979,223.90469217021277,2282.9080597318725,263.2571622861702,203.50859463268085,620.1048525531063,,97.98387876595746,1455.2104416000002,1206.137910653,0.0,0.8288408852583923,0.0
2014-06-26,NO 15/9-F-15 D,7289,15/9-F-15 D,3420717,VOLVE,369304,MÆRSK INSPIRER,16.5,7.448803958333333,%,production,OP,3006.0290599410732,223.09846027465454,2333.44932435016,218.32782035639448,268.1536945106264,672.5797355909131,,90.36663873905819,801.8878769,674.650616212,0.0,0.8413278659606582,0.0
2014-06-27,NO 15/9-F-15 D,7289,15/9-F-15 D,3420717,VOLVE,369304,MÆRSK INSPIRER,23.33334,11.044382291666667,%,production,OP,2919.924053838315,222.1986469941063,2268.906180523464,223.23085924243202,230.5128620149197,651.0178733148508,,90.08119785773576,1292.9333436,1096.630557423,0.0,0.8481725394826457,0.0
2014-06-28,NO 15/9-F-15 D,7289,15/9-F-15 D,3420717,VOLVE,369304,MÆRSK INSPIRER,24.0,11.607164375,%,production,OP,2900.6768839682554,223.83959880851063,2263.9877693121703,246.317669783375,220.49918223561704,636.689114656085,,93.04261412765956,1419.1698303,1193.1470451110001,0.0,0.8407359145020574,0.0
2014-06-29,NO 15/9-F-15 D,7289,15/9-F-15 D,3420717,VOLVE,369304,MÆRSK INSPIRER,24.0,11.347582916666667,%,production,OP,2903.8454118894892,223.8753904680851,2277.8482640638726,251.96737967885105,209.43298033417022,625.997147825617,,92.84776259574468,1385.8967354000001,1164.9242431649998,0.0,0.8405563079912857,0.0
2014-06-30,NO 15/9-F-15 D,7289,15/9-F-15 D,3420717,VOLVE,369304,MÆRSK INSPIRER,24.0,11.359993541666666,%,production,OP,2903.1936419766384,223.89614025531915,2290.0571895081703,254.40080872736172,196.1892859077447,613.1364524684682,,92.57230591489362,1421.8744486,1199.0385965120001,0.0,0.8432802190746113,0.0
2014-07-01,NO 15/9-F-15 D,7289,15/9-F-15 D,3420717,VOLVE,369304,MÆRSK INSPIRER,24.0,11.714993333333334,%,production,OP,2900.24415422325,223.920874625,2292.4456935505,260.118739522,191.25620189125,607.79846067275,,93.9762035,1427.0949908999999,1199.2741455609998,0.0,0.8403604197395967,0.0
2014-07-02,NO 15/9-F-15 D,7289,15/9-F-15 D,3420717,VOLVE,369304,MÆRSK INSPIRER,24.0,11.702043333333334,%,production,OP,2901.343793058125,223.924697375,2291.893494603375,262.7245284895,192.927495916625,609.45029845475,,92.47632424999999,1425.270946,1196.462742294,0.0,0.8394633635463161,0.0
2014-07-03,NO 15/9-F-15 D,7289,15/9-F-15 D,3420717,VOLVE,369304,MÆRSK INSPIRER,24.0,11.681823958333334,%,production,OP,2899.511824123375,223.936437125,2290.29008440525,263.80670837512497,192.805177515,609.2217397181249,,92.21375412500001,1423.6355954,1193.148810846,0.0,0.8380998723980065,0.0
2014-07-04,NO 15/9-F-15 D,7289,15/9-F-15 D,3420717,VOLVE,369304,MÆRSK INSPIRER,24.0,11.723272291666667,%,production,OP,2902.1091555625,223.93215125,2289.896272997375,261.51485718025,195.9605879835,612.212882565125,,88.02510087499999,1418.1634607,1189.0501867640003,0.0,0.838443677132317,0.0
2014-07-05,NO 15/9-F-15 D,7289,15/9-F-15 D,3420717,VOLVE,369304,MÆRSK INSPIRER,24.0,11.747582291666667,%,production,OP,2900.4736345554998,223.937494625,2289.9018509171246,260.87696192650003,194.13829429199998,610.571783638375,,88.442126,1419.3585246,1186.181573683,0.0,0.835716665750316,0.0
2014-07-06,NO 15/9-F-15 D,7289,15/9-F-15 D,3420717,VOLVE,369304,MÆRSK INSPIRER,24.0,11.763267083333334,%,production,OP,2901.489943016125,223.93761125,2289.3434999415,263.71783936225,195.54611168225,612.146443074625,,91.57428275,1419.7988113,1186.504350041,0.0,0.8356848453441159,0.0
2014-07-07,NO 15/9-F-15 D,7289,15/9-F-15 D,3420717,VOLVE,369304,MÆRSK INSPIRER,24.0,11.739165208333333,%,production,OP,2904.88966093075,223.921920875,2292.730536096,259.389004998,195.828159224625,612.15912483475,,93.103484375,1442.4421273,1207.765918323,0.0,0.8373063261704142,0.0
2014-07-08,NO 15/9-F-15 D,7289,15/9-F-15 D,3420717,VOLVE,369304,MÆRSK INSPIRER,24.0,11.716406041666668,%,production,OP,2902.1833606292503,223.93225887499997,2293.8178648306252,261.538332184875,191.80061411075,608.3654957986249,,96.4490495,1447.5997715,1209.633006512,0.0,0.8356128747233641,0.0
2014-07-09,NO 15/9-F-15 D,7289,15/9-F-15 D,3420717,VOLVE,369304,MÆRSK INSPIRER,24.0,11.756832708333333,%,production,OP,2893.594001777125,223.96591625000002,2286.914031857625,264.25050954700004,190.1837727895,606.6799699195001,,96.59355237499999,1449.0464278,1213.587193471,0.0,0.8375074602085155,0.0
2014-07-10,NO 15/9-F-15 D,7289,15/9-F-15 D,3420717,VOLVE,369304,MÆRSK INSPIRER,24.0,11.725995833333334,%,production,OP,2894.714619754375,223.957767875,2287.417603793625,264.26317922062503,190.90789917749998,607.2970159607501,,96.34167462500001,1467.2868768,1230.13107098,0.0,0.8383712077237329,0.0
2014-07-11,NO 15/9-F-15 D,7289,15/9-F-15 D,3420717,VOLVE,369304,MÆRSK INSPIRER,24.0,11.66394625,%,production,OP,2899.8865449044997,223.93234475,2291.9130928631253,261.593791090125,191.33686114900001,607.973452041375,,96.136387625,1462.5695193000001,1217.343971257,0.0,0.8323323816016845,0.0
2014-07-12,NO 15/9-F-15 D,7289,15/9-F-15 D,3420717,VOLVE,369304,MÆRSK INSPIRER,24.0,11.814329583333333,%,production,OP,2882.24510763425,223.9983785,2281.5667074195,269.9399756055,184.290625033,600.6784002147499,,94.424144375,1457.0344865,1216.556806594,0.0,0.8349540233027284,0.0
2014-07-13,NO 15/9-F-15 D,7289,15/9-F-15 D,3420717,VOLVE,369304,MÆRSK INSPIRER,24.0,11.761010625,%,production,OP,2879.800078181625,223.99942175,2276.2367724332503,269.95261204125,187.050477594375,603.563305748375,,92.650391375,1443.5742931,1203.603727781,0.0,0.8337663905030647,0.0
2014-07-14,NO 15/9-F-15 D,7289,15/9-F-15 D,3420717,VOLVE,369304,MÆRSK INSPIRER,24.0,11.743073333333333,%,production,OP,2880.18109602925,223.982605625,2279.1956443252498,268.958856989625,184.41826451625,600.9854517040001,,98.929770125,1421.5599581,1185.7443776970001,0.0,0.8341149249039194,0.0
2014-07-15,NO 15/9-F-15 D,7289,15/9-F-15 D,3420717,VOLVE,369304,MÆRSK INSPIRER,24.0,11.863647291666666,%,production,OP,2868.3803027595,224.01480575,2272.5923361315004,269.376149445375,179.485573503875,595.787966628,,94.898984,1465.9660167,1217.878988962,0.0,0.8307689094345703,0.0
2014-07-16,NO 15/9-F-15 D,7289,15/9-F-15 D,3420717,VOLVE,369304,MÆRSK INSPIRER,24.0,11.87306625,%,production,OP,2865.155361678125,224.0093645,2270.50087004175,268.667977237375,178.626525516375,594.654491636375,,94.782427625,1457.2231808000001,1216.30536593,0.0,0.8346733581758295,0.0
2014-07-17,NO 15/9-F-15 D,7289,15/9-F-15 D,3420717,VOLVE,369304,MÆRSK INSPIRER,24.0,11.853278125,%,production,OP,2862.191902959375,224.00299775000002,2268.97076748775,266.948225411875,176.714081643,593.221135471625,,95.27091275,1453.4492948000002,1211.235587598,0.0,0.8333524890970966,0.0
2014-07-18,NO 15/9-F-15 D,7289,15/9-F-15 D,3420717,VOLVE,369304,MÆRSK INSPIRER,24.0,11.855717916666666,%,production,OP,2858.3672297479998,224.001366875,2267.78239863475,268.95313705350003,174.04937703125,590.5848311132501,,99.692233625,1443.3855988,1205.980053944,0.0,0.835521744810691,0.0
2014-07-19,NO 15/9-F-15 D,7289,15/9-F-15 D,3420717,VOLVE,369304,MÆRSK INSPIRER,24.0,11.856250625,%,production,OP,2853.419249313125,224.005304,2264.20561651675,268.51713469575,172.796943685,589.213632796375,,94.6396535,1440.8696748000002,1209.102932865,0.0,0.8391480187358579,0.0
2014-07-20,NO 15/9-F-15 D,7289,15/9-F-15 D,3420717,VOLVE,369304,MÆRSK INSPIRER,18.59167,9.655078958333334,%,production,OP,2853.211420893058,223.99504266812613,2263.6421561703646,263.44024377029524,173.17155257537564,589.5692647226934,,87.54132445910776,977.3106778,847.368457266,0.0,0.8670410305692047,0.0
2014-07-21,NO 15/9-F-15 D,7289,15/9-F-15 D,3420717,VOLVE,369304,MÆRSK INSPIRER,18.07472,9.254673125,%,production,OP,2935.4614642269007,223.17391747230607,2293.027692576483,190.63825253383274,227.135139223893,642.4337716504176,,90.99616467681712,839.9412274,706.0838775349999,0.0,0.8406348617041345,0.0
2014-07-22,NO 15/9-F-15 D,7289,15/9-F-15 D,3420717,VOLVE,369304,MÆRSK INSPIRER,24.0,11.444364791666667,%,production,OP,2906.30948625875,223.731636875,2265.6757760739997,230.72335021274998,224.621985299125,640.63371018475,,93.432573125,1410.1125039,1170.328098559,0.0,0.8299537060498225,0.0
2014-07-23,NO 15/9-F-15 D,7289,15/9-F-15 D,3420717,VOLVE,369304,MÆRSK INSPIRER,24.0,11.428464583333334,%,production,OP,2904.369624160125,223.765597625,2277.7087419438753,230.914610010375,210.388252098375,626.66088221625,,94.96387475,1394.8911637,1176.473209506,0.0,0.8434157733033175,0.0
2014-07-24,NO 15/9-F-15 D,7289,15/9-F-15 D,3420717,VOLVE,369304,MÆRSK INSPIRER,24.0,11.3735425,%,production,OP,2901.146212021,223.8032405,2293.5016427095,238.247096749125,191.151717120375,607.6445693114999,,97.254678125,1403.9484901,1178.2834410280002,0.0,0.8392640109923646,0.0
2014-07-25,NO 15/9-F-15 D,7289,15/9-F-15 D,3420717,VOLVE,369304,MÆRSK INSPIRER,24.0,11.534664166666667,%,production,OP,2902.99644365725,223.81343525,2310.023803604,243.46359993287498,176.3068511985,592.97264005325,,97.01492862500001,1417.2828873,1186.8348956329999,0.0,0.8374015563639409,0.0
2014-07-26,NO 15/9-F-15 D,7289,15/9-F-15 D,3420717,VOLVE,369304,MÆRSK INSPIRER,24.0,11.520532916666667,%,production,OP,2899.5632280078753,223.84106524999999,2306.531484969625,249.36389081087498,177.698366921875,593.0317430382499,,97.95187925,1406.2757198000002,1184.2678700899999,0.0,0.8421306386904169,0.0
2014-07-27,NO 15/9-F-15 D,7289,15/9-F-15 D,3420717,VOLVE,369304,MÆRSK INSPIRER,24.0,11.557333125,%,production,OP,2901.0532849657498,223.846009625,2304.735956832375,248.938578962375,172.94850537337499,596.317328133375,,94.57603362500001,1420.6164866000001,1187.9942772340003,0.0,0.8362526328814184,0.0
2014-07-28,NO 15/9-F-15 D,7289,15/9-F-15 D,3420717,VOLVE,369304,MÆRSK INSPIRER,24.0,11.605202291666666,%,production,OP,2904.830346432,223.83522012500003,2308.371796611,245.210365085875,167.027597948,596.4585498209999,,96.94950875,1416.9683968,1187.0753887399999,0.0,0.8377571380002707,0.0
2014-07-29,NO 15/9-F-15 D,7289,15/9-F-15 D,3420717,VOLVE,369304,MÆRSK INSPIRER,24.0,11.629931875,%,production,OP,2899.75537012,223.858699625,2304.18172131,247.72823383075,166.02649128275002,595.57364881,,95.936109125,1409.6722172,1181.586071772,0.0,0.8381991624400158,0.0
2014-07-30,NO 15/9-F-15 D,7289,15/9-F-15 D,3420717,VOLVE,369304,MÆRSK INSPIRER,24.0,11.6483825,%,production,OP,2895.111836533625,223.879626875,2297.973801812375,249.08930668224997,176.54406689075,597.1380347212499,,94.617480875,1351.4914747,1120.605354106,0.0,0.8291619851725285,0.0
2014-07-31,NO 15/9-F-15 D,7289,15/9-F-15 D,3420717,VOLVE,369304,MÆRSK INSPIRER,24.0,11.667225208333333,%,production,OP,2891.482985773625,223.890935375,2296.3576343135,250.315751031875,178.178255361125,595.1253514601251,,95.891547875,1235.1299897000001,1034.069153785,0.0,0.837214837635158,0.0
2014-08-01,NO 15/9-F-15 D,7289,15/9-F-15 D,3420717,VOLVE,369304,MÆRSK INSPIRER,24.0,11.566737708333333,%,production,OP,2899.826846659375,223.85747225,2299.41699940975,247.31381191875002,183.694092803875,600.4098472496249,,93.80393375,1229.9094473999999,1029.2769489949999,0.0,0.836872138165023,0.0
2014-08-02,NO 15/9-F-15 D,7289,15/9-F-15 D,3420717,VOLVE,369304,MÆRSK INSPIRER,24.0,11.5106325,%,production,OP,2905.513161163,223.830951125,2306.672014705125,242.3111551795,182.0941816475,598.8411464578751,,92.94962487500001,1227.9596063,1022.8733344440001,0.0,0.8329861415605102,0.0
2014-08-03,NO 15/9-F-15 D,7289,15/9-F-15 D,3420717,VOLVE,369304,MÆRSK INSPIRER,24.0,11.510492083333334,%,production,OP,2907.48574443875,223.82422812500002,2307.8738690705,239.34214573562502,182.661633757625,599.61187536825,,92.3116655,1222.1729811,1028.5137983280001,0.0,0.8415451938745204,0.0
2014-08-04,NO 15/9-F-15 D,7289,15/9-F-15 D,3420717,VOLVE,369304,MÆRSK INSPIRER,24.0,11.514991666666667,%,production,OP,2905.068779839125,223.836152375,2306.247965895875,240.288216523125,182.19320029875,598.8208139432501,,90.733327625,1243.2438446,1033.922244633,0.0,0.8316327075527593,0.0
2014-08-05,NO 15/9-F-15 D,7289,15/9-F-15 D,3420717,VOLVE,369304,MÆRSK INSPIRER,24.0,11.512321041666667,%,production,OP,2902.6758522663754,223.843540625,2304.6702999427503,242.8133734275,181.579067104,598.005552323625,,97.77200562499999,1199.466767,995.7696553410001,0.0,0.8301769442362551,0.0
2014-08-06,NO 15/9-F-15 D,7289,15/9-F-15 D,3420717,VOLVE,369304,MÆRSK INSPIRER,24.0,11.526236875,%,production,OP,2899.78923044975,223.85426825000002,2300.393198820125,244.867301869875,182.84869047487499,599.396031629625,,91.52666074999999,1247.898304,1039.843460382,0.0,0.8332758022419751,0.0
2014-08-07,NO 15/9-F-15 D,7289,15/9-F-15 D,3420717,VOLVE,369304,MÆRSK INSPIRER,24.0,11.272830208333334,%,production,OP,2902.0543067683407,223.8400403829787,2303.135062297787,241.4922755175319,182.28052744710638,598.9192444705532,,95.74359876595744,1178.2072092,982.14771611,0.0,0.8335950658262191,0.0
2014-08-08,NO 15/9-F-15 D,7289,15/9-F-15 D,3420717,VOLVE,369304,MÆRSK INSPIRER,24.0,11.287902083333334,%,production,OP,2901.3117122083404,223.83953178723405,2303.680130531362,242.4061692132766,180.88644687842555,597.6315816769787,,96.45736808510638,1173.1753612,978.4756936040001,0.0,0.8340404392768286,0.0
2014-08-09,NO 15/9-F-15 D,7289,15/9-F-15 D,3420717,VOLVE,369304,MÆRSK INSPIRER,24.0,11.529874166666668,%,production,OP,2900.04708384075,223.84177212499998,2301.322874270375,238.76695826550002,181.90037462,598.724209570375,,89.3007665,1178.6474959,987.986295461,0.0,0.8382373007177913,0.0
2014-08-10,NO 15/9-F-15 D,7289,15/9-F-15 D,3420717,VOLVE,369304,MÆRSK INSPIRER,24.0,11.33048625,%,production,OP,2906.185902439149,223.81309514893616,2304.9866143198724,233.9672751353617,184.6406259,601.1992881192766,,88.48482072340425,1157.7653267,970.2148789800002,0.0,0.8380065084047918,0.0
2014-08-11,NO 15/9-F-15 D,7289,15/9-F-15 D,3420717,VOLVE,369304,MÆRSK INSPIRER,24.0,11.366179166666667,%,production,OP,2903.7337048562554,223.8194449361702,2305.7512268826385,230.86591215178723,181.18979539838298,597.982477973617,,84.60344778723405,1201.7939967,1016.059363079,0.0,0.8454521872042898,0.0
2014-08-12,NO 15/9-F-15 D,7289,15/9-F-15 D,3420717,VOLVE,369304,MÆRSK INSPIRER,24.0,11.6018525,%,production,OP,2898.514038224,223.84102024999999,2300.8393326865,233.855080206125,180.875744604125,597.6747055375,,87.228950375,1224.8775994,1074.1365061110002,0.0,0.8769337496556068,0.0
2014-08-13,NO 15/9-F-15 D,7289,15/9-F-15 D,3420717,VOLVE,369304,MÆRSK INSPIRER,24.0,11.640878333333333,%,production,OP,2892.7694244876247,223.859520125,2297.4248480905,236.65939295775,178.68340156374998,595.344576397125,,90.348954125,1225.8210709,1094.462234843,0.0,0.8928401222859091,0.0
2014-08-14,NO 15/9-F-15 D,7289,15/9-F-15 D,3420717,VOLVE,369304,MÆRSK INSPIRER,24.0,11.512251875,%,production,OP,2897.098564036,223.835774,2298.428356947625,236.0610326455,181.724694320875,598.670207088375,,96.198336125,1212.4866737,1078.265500835,0.0,0.8893009088047019,0.0
2014-08-15,NO 15/9-F-15 D,7289,15/9-F-15 D,3420717,VOLVE,369304,MÆRSK INSPIRER,24.0,11.43266875,%,production,OP,2892.9636061966253,223.84780325000003,2299.074428718625,235.268919695,177.570836217125,593.8891774780001,,95.88380187499999,1204.0583283,1056.357320396,0.0,0.8773306870336274,0.0
2014-08-16,NO 15/9-F-15 D,7289,15/9-F-15 D,3420717,VOLVE,369304,MÆRSK INSPIRER,24.0,11.435941458333334,%,production,OP,2890.1992635005,223.85679125000001,2296.0602973486248,236.528070113625,177.900009023,594.138966151875,,92.66689175,1199.0264803,1005.046120737,0.0,0.838218452427785,0.0
2014-08-17,NO 15/9-F-15 D,7289,15/9-F-15 D,3420717,VOLVE,369304,MÆRSK INSPIRER,24.0,11.431185625,%,production,OP,2894.9006702705,223.82998849999998,2300.085585308625,233.11389372337499,179.55334855262498,594.815084961875,,93.259274,1198.7748879,1005.6178657300001,0.0,0.8388713142728822,0.0
2014-08-18,NO 15/9-F-15 D,7289,15/9-F-15 D,3420717,VOLVE,369304,MÆRSK INSPIRER,24.0,11.425642708333333,%,production,OP,2908.41304489175,223.76193874999998,2309.7242155285003,221.050853619875,184.26019726925,598.68882936325,,92.330502875,1189.7804596,1003.839064291,0.0,0.8437178945000383,0.0
2014-08-19,NO 15/9-F-15 D,7289,15/9-F-15 D,3420717,VOLVE,369304,MÆRSK INSPIRER,1.325,9.940663541666666,%,production,OP,2923.6702955232454,223.80347520754717,2362.1094962347925,223.03034552762264,171.60024016403773,561.5607992884528,,91.87786332075471,144.47693569999998,194.303951429,0.0,1.3448786859133255,0.0
2014-08-20,NO 15/9-F-15 D,7289,15/9-F-15 D,3420717,VOLVE,369304,MÆRSK INSPIRER,0.0,7.906914791666667,%,production,OP,3659.09408376,218.770466,3645.610916166,48.478951499999994,9.084165054000001,13.483167594,,55.513904000000004,0.0,0.0,0.0,,
2014-08-21,NO 15/9-F-15 D,7289,15/9-F-15 D,3420717,VOLVE,369304,MÆRSK INSPIRER,0.0,8.49572,%,production,OP,3601.553593134,219.54945200000003,3588.2208299460003,60.122457102000006,11.321666279999999,13.332763188,,60.148669999999996,0.0,0.0,0.0,,
2014-08-22,NO 15/9-F-15 D,7289,15/9-F-15 D,3420717,VOLVE,369304,MÆRSK INSPIRER,0.0,8.49572,%,production,OP,3601.553593134,219.54945200000003,3588.2208299460003,60.122457102000006,11.321666279999999,13.332763188,,60.148669999999996,0.0,0.0,0.0,,
2014-08-23,NO 15/9-F-15 D,7289,15/9-F-15 D,3420717,VOLVE,369304,MÆRSK INSPIRER,0.0,8.49572,%,production,OP,3601.553593134,219.54945200000003,3588.2208299460003,60.122457102000006,11.321666279999999,13.332763188,,60.148669999999996,0.0,0.0,0.0,,
2014-08-24,NO 15/9-F-15 D,7289,15/9-F-15 D,3420717,VOLVE,369304,MÆRSK INSPIRER,0.0,8.49572,%,production,OP,3601.553593134,219.54945200000003,3588.2208299460003,60.122457102000006,11.321666279999999,13.332763188,,60.148669999999996,0.0,0.0,0.0,,
2014-08-25,NO 15/9-F-15 D,7289,15/9-F-15 D,3420717,VOLVE,369304,MÆRSK INSPIRER,0.0,8.841267083333333,%,production,OP,3919.3376526540005,216.46698800000001,3475.79070822,30.404460978,247.97509455,443.546944434,,59.899063999999996,0.0,0.0,0.0,,
2014-08-26,NO 15/9-F-15 D,7289,15/9-F-15 D,3420717,VOLVE,369304,MÆRSK INSPIRER,0.0,8.782023541666666,%,production,OP,3952.9475984700002,215.570336,2711.2674178859997,29.671583964000003,1043.13432651,1241.680180584,,65.355062,0.0,0.0,0.0,,
2014-08-27,NO 15/9-F-15 D,7289,15/9-F-15 D,3420717,VOLVE,369304,MÆRSK INSPIRER,0.0,7.36500125,%,production,OP,3982.22641953,215.672666,2700.7540483800003,29.604866484000002,1078.336209414,1281.4723711499998,,66.66492199999999,0.0,0.0,0.0,,
2014-08-28,NO 15/9-F-15 D,7289,15/9-F-15 D,3420717,VOLVE,369304,MÆRSK INSPIRER,0.0,1.26273125,%,production,OP,3903.047854722,210.344648,2602.39942944,29.266782905999996,1100.636237028,1300.648425282,,62.591324,0.0,0.0,0.0,,
2014-08-29,NO 15/9-F-15 D,7289,15/9-F-15 D,3420717,VOLVE,369304,MÆRSK INSPIRER,0.0,1.229690625,%,production,OP,4047.381550194,215.49065000000002,2749.116824442,28.699249211999998,1107.478839792,1298.264725752,,59.325944,0.0,0.0,0.0,,
2014-08-30,NO 15/9-F-15 D,7289,15/9-F-15 D,3420717,VOLVE,369304,MÆRSK INSPIRER,0.0,1.204705625,%,production,OP,4087.3447405619995,215.819816,2786.1612700980004,27.978120276,1114.772800812,1301.183470464,,59.278514,0.0,0.0,0.0,,
2014-08-31,NO 15/9-F-15 D,7289,15/9-F-15 D,3420717,VOLVE,369304,MÆRSK INSPIRER,0.0,1.1500135416666666,%,production,OP,4112.4503832479995,215.712986,2766.887895468,27.973479060000003,1159.34167287,1345.56248778,,63.133736,0.0,0.0,0.0,,
2014-09-01,NO 15/9-F-15 D,7289,15/9-F-15 D,3420717,VOLVE,369304,MÆRSK INSPIRER,0.0,1.1279204166666668,%,production,OP,4135.93116522,215.61458,2750.7113722139998,27.343869102,1201.315525032,1385.219793006,,60.340316,0.0,0.0,0.0,,
2014-09-02,NO 15/9-F-15 D,7289,15/9-F-15 D,3420717,VOLVE,369304,MÆRSK INSPIRER,9.125,3.9511139583333335,%,production,OP,3728.0630475445414,218.4332604981874,2627.1413340490176,40.83378430483447,554.1015817290855,1100.9217134955238,,76.11246639230247,186.3670703,179.22739970499998,0.0,0.9616902783120049,0.0
2014-09-03,NO 15/9-F-15 D,7289,15/9-F-15 D,3420717,VOLVE,369304,MÆRSK INSPIRER,22.5,11.344207708333334,%,production,OP,3131.489096402622,223.702871375,2346.8095878886024,206.6069255331789,361.88444496714584,784.6795085140201,,87.066319066576,1434.6427629,1313.8382106840002,0.0,0.9157946805016433,0.0
2014-09-04,NO 15/9-F-15 D,7289,15/9-F-15 D,3420717,VOLVE,369304,MÆRSK INSPIRER,24.0,12.378496666666667,%,production,OP,2952.2598633965,224.4765125,2249.4987754032504,353.705932207375,286.93744415575,702.76108799325,,93.14684224999999,1335.1379687,1197.517239236,0.0,0.8969239638971552,0.0
2014-09-05,NO 15/9-F-15 D,7289,15/9-F-15 D,3420717,VOLVE,369304,MÆRSK INSPIRER,24.0,12.5259375,%,production,OP,2920.2795554836252,224.62355037499998,2255.378558512375,392.09585308662497,252.91301599525,664.90099697125,,97.426987625,1329.2884454,1212.7537665510001,0.0,0.9123330385874729,0.0
2014-09-06,NO 15/9-F-15 D,7289,15/9-F-15 D,3420717,VOLVE,369304,MÆRSK INSPIRER,24.0,11.973637083333333,%,production,OP,2910.685586038468,224.60289570212768,2249.092718506468,391.2721913495,249.32810159144682,661.5928675319999,,98.91751425531915,1283.750221,1173.474638329,0.0,0.9140988793091706,0.0
2014-09-07,NO 15/9-F-15 D,7289,15/9-F-15 D,3420717,VOLVE,369304,MÆRSK INSPIRER,24.0,12.205068125,%,production,OP,2894.385595008125,224.585472125,2246.085828814375,387.1056605505,236.33819724187504,648.29976619375,,97.024017125,1283.1841381,1175.1443173450002,0.0,0.9158033383151281,0.0
2014-09-08,NO 15/9-F-15 D,7289,15/9-F-15 D,3420717,VOLVE,369304,MÆRSK INSPIRER,24.0,11.8928925,%,production,OP,2901.275357044979,224.50310638297873,2257.0346352485108,365.2628444015745,232.1625981605106,644.240721796468,,95.93543625531916,1240.9166149,1133.2727369960003,0.0,0.9132545437691039,0.0
2014-09-09,NO 15/9-F-15 D,7289,15/9-F-15 D,3420717,VOLVE,369304,MÆRSK INSPIRER,24.0,12.133055,%,production,OP,2895.3562769312502,224.46847774999998,2259.775412677,355.8182324015,223.701549978125,635.58086425425,,94.41745062499999,1267.0822245,1153.849906392,0.0,0.9106353826779614,0.0
2014-09-10,NO 15/9-F-15 D,7289,15/9-F-15 D,3420717,VOLVE,369304,MÆRSK INSPIRER,24.0,11.909795208333334,%,production,OP,2900.372002198625,224.406116,2266.505190985125,347.850204254875,221.8683633285,633.8668112135,,98.360521625,1240.9166149,1131.654264295,0.0,0.9119502879620925,0.0
2014-09-11,NO 15/9-F-15 D,7289,15/9-F-15 D,3420717,VOLVE,369304,MÆRSK INSPIRER,24.0,11.758157708333334,%,production,OP,2909.153968493125,224.329532,2281.2582206583747,333.936394665875,216.268938673375,627.89574783475,,98.41204887500001,1197.2653335,1078.1479028840001,0.0,0.9005087449848894,0.0
2014-09-12,NO 15/9-F-15 D,7289,15/9-F-15 D,3420717,VOLVE,369304,MÆRSK INSPIRER,24.0,11.736875416666667,%,production,OP,2900.04345789075,224.32126475,2277.222755865375,326.09929957375005,211.02590864375,622.820702025375,,97.57843399999999,1235.6960726,1012.313885997,0.0,0.819225623876115,0.0
2014-09-13,NO 15/9-F-15 D,7289,15/9-F-15 D,3420717,VOLVE,369304,MÆRSK INSPIRER,24.0,11.644710208333333,%,production,OP,2907.669758379625,224.25906987499997,2282.4629939135,318.01136428225004,213.430925738125,625.206764466125,,97.23408012499999,1217.1411331,996.726330564,0.0,0.818907769574253,0.0
2014-09-14,NO 15/9-F-15 D,7289,15/9-F-15 D,3420717,VOLVE,369304,MÆRSK INSPIRER,24.0,11.566654583333333,%,production,OP,2904.932226562125,224.227817375,2288.81231639625,306.71575649625,204.3835489685,616.119910165875,,97.7589275,1187.9564147,982.1805587810001,0.0,0.8267816450395905,0.0
2014-09-15,NO 15/9-F-15 D,7289,15/9-F-15 D,3420717,VOLVE,369304,MÆRSK INSPIRER,24.0,11.508425,%,production,OP,2904.7608520786252,224.204322875,2285.242873805375,302.50546048075,207.767820336125,619.5179782732499,,95.211473375,1205.9452713,1008.4953074860001,0.0,0.8362695484504448,0.0
2014-09-16,NO 15/9-F-15 D,7289,15/9-F-15 D,3420717,VOLVE,369304,MÆRSK INSPIRER,24.0,11.429302291666666,%,production,OP,2922.69898572925,224.103315125,2303.97742924375,280.402675481875,205.1431613205,618.7215564855001,,84.463944125,1181.1005218,996.964351642,0.0,0.8440977996712964,0.0
2014-09-17,NO 15/9-F-15 D,7289,15/9-F-15 D,3420717,VOLVE,369304,MÆRSK INSPIRER,24.0,11.215587916666667,%,production,OP,2899.75663328783,224.17026225531916,2288.6308148401276,288.3547507342979,199.03161719514893,611.1258184477022,,83.90444268085108,1165.6904873,986.5422773780001,0.0,0.8463158000568853,0.0
2014-09-18,NO 15/9-F-15 D,7289,15/9-F-15 D,3420717,VOLVE,369304,MÆRSK INSPIRER,24.0,11.242659166666666,%,production,OP,2896.063154212213,224.1565274893617,2287.0412785939147,289.06733477195746,197.34281015272342,609.0218756182979,,85.022833625,1238.7780794999999,1037.551889499,0.0,0.8375607436626425,0.0
2014-09-19,NO 15/9-F-15 D,7289,15/9-F-15 D,3420717,VOLVE,369304,MÆRSK INSPIRER,24.0,11.215676875,%,production,OP,2906.3733532534466,224.09230387234044,2296.4197288358296,278.87102141987236,198.21244874297872,609.953624417617,,88.47537225531914,1230.2239379,1039.468065121,0.0,0.8449421549180539,0.0
2014-09-20,NO 15/9-F-15 D,7289,15/9-F-15 D,3420717,VOLVE,369304,MÆRSK INSPIRER,24.0,11.225956041666667,%,production,OP,2894.598467910766,224.11819629787232,2292.107372614213,278.882084424766,190.68897280276596,602.4910952965532,,94.25114676595744,1263.6857271,1062.078301796,0.0,0.8404607878521635,0.0
2014-09-21,NO 15/9-F-15 D,7289,15/9-F-15 D,3420717,VOLVE,369304,MÆRSK INSPIRER,24.0,11.221330208333333,%,production,OP,2900.9357829700853,224.07378034042554,2296.2425942350214,267.52527574595746,192.59442650029786,604.6931887350638,,91.69766025531915,1238.2119966,1045.151259792,0.0,0.8440810318926609,0.0
2014-09-22,NO 15/9-F-15 D,7289,15/9-F-15 D,3420717,VOLVE,369304,MÆRSK INSPIRER,24.0,11.240628333333333,%,production,OP,2895.9548293417024,224.07622910638298,2296.0823581041705,269.58217071689364,187.87804995714893,599.872471237532,,93.63521012765958,1238.8409776,1045.123361179,0.0,0.843629957416901,0.0
2014-09-23,NO 15/9-F-15 D,7289,15/9-F-15 D,3420717,VOLVE,369304,MÆRSK INSPIRER,24.0,11.468830208333333,%,production,OP,2900.432754990875,224.04503562500003,2298.531400403375,265.08345673775,189.79371423987502,601.9013545875,,94.44495724999999,1246.5774439,1053.177231661,0.0,0.8448550363353803,0.0
2014-09-24,NO 15/9-F-15 D,7289,15/9-F-15 D,3420717,VOLVE,369304,MÆRSK INSPIRER,24.0,11.4728475,%,production,OP,2902.641834812125,224.02186250000003,2304.13259573075,260.291126249875,186.26553496,598.509239081375,,95.253147875,1242.6148636,1058.988618693,0.0,0.8522259387956994,0.0
2014-09-25,NO 15/9-F-15 D,7289,15/9-F-15 D,3420717,VOLVE,369304,MÆRSK INSPIRER,24.0,11.452804166666667,%,production,OP,2897.003796811125,224.037399125,2299.020873437125,258.42155621362497,185.924269610875,597.982923374,,91.27193975,1245.2565838,1062.0182668060002,0.0,0.8528509550739868,0.0
2014-09-26,NO 15/9-F-15 D,7289,15/9-F-15 D,3420717,VOLVE,369304,MÆRSK INSPIRER,24.0,11.443368958333334,%,production,OP,2894.95360309725,224.03363562500002,2298.8327500862497,256.03966663700004,184.026350688875,596.120853011,,90.48041187499999,1244.6905009,1062.161644488,0.0,0.8533540215177842,0.0
2014-09-27,NO 15/9-F-15 D,7289,15/9-F-15 D,3420717,VOLVE,369304,MÆRSK INSPIRER,24.0,11.424670833333334,%,production,OP,2893.90066952,224.02883112499998,2298.64787498225,254.40438131675,183.28134789375,595.25279453775,,90.37594925,1232.6140657,1058.222995997,0.0,0.858519325265071,0.0
2014-09-28,NO 15/9-F-15 D,7289,15/9-F-15 D,3420717,VOLVE,369304,MÆRSK INSPIRER,24.0,11.414193958333334,%,production,OP,2893.7075544446247,224.01967175,2300.121137748375,254.26449216575003,181.586775269375,593.58641669625,,91.476401375,1227.9596063,1052.1435703920001,0.0,0.856822622661216,0.0
2014-09-29,NO 15/9-F-15 D,7289,15/9-F-15 D,3420717,VOLVE,369304,MÆRSK INSPIRER,1.09167,3.049229375,%,production,OP,2926.383790216255,224.0025152493336,2350.98751617315,255.6932948129536,164.03365642374706,575.3962740431045,,95.56426853153425,71.703834,91.792440269,0.0,1.2801608386658934,0.0
2014-09-30,NO 15/9-F-15 D,7289,15/9-F-15 D,3420717,VOLVE,369304,MÆRSK INSPIRER,14.74167,7.256605625,%,production,OP,3121.8270019455886,222.26037498935872,2389.4814983814963,111.1369008246636,320.3749605309951,732.3455035640924,,81.02527611506565,714.2708236,1025.945360197,0.0,1.4363534478786737,0.0
2014-10-01,NO 15/9-F-15 D,7289,15/9-F-15 D,3420717,VOLVE,369304,MÆRSK INSPIRER,24.0,11.614281458333334,%,production,OP,2901.143132985125,223.91866512500002,2262.837309895,232.302956049125,225.70015246675,638.305823090125,,85.63839612500001,1197.2024354,1091.341474804,40.8208669,0.9115763905369683,0.03297261596301376
2014-10-02,NO 15/9-F-15 D,7289,15/9-F-15 D,3420717,VOLVE,369304,MÆRSK INSPIRER,24.0,11.026069791666666,%,production,OP,2904.72527244425,223.93370375,2265.97492299225,236.76288361399997,226.181467113,638.750349452,,88.94290362500001,1228.4627911,1099.3960515800002,39.1855163,0.8949363867957044,0.030911977771162055
2014-10-03,NO 15/9-F-15 D,7289,15/9-F-15 D,3420717,VOLVE,369304,MÆRSK INSPIRER,24.0,11.044865416666667,%,production,OP,2925.30233322375,223.925788625,2307.310456873,227.715827136625,198.31825017087502,617.9918763507501,,83.718507125,1121.3473268,983.6990908810001,38.179146700000004,0.8772474570284944,0.03292649850827231
2014-10-04,NO 15/9-F-15 D,7289,15/9-F-15 D,3420717,VOLVE,369304,MÆRSK INSPIRER,24.0,11.57861,%,production,OP,2898.509768667875,224.03474975,2311.08069551,247.12622339549998,174.669925135875,587.429073157875,,85.935469625,1205.0646979,1037.378141175,39.688701099999996,0.8608485029748045,0.031884790298130364
2014-10-05,NO 15/9-F-15 D,7289,15/9-F-15 D,3420717,VOLVE,369304,MÆRSK INSPIRER,24.0,11.460823125,%,production,OP,2907.16446109575,224.02616712499997,2312.263888319375,250.82786510175,181.30472168375002,594.900572776375,,88.582815125,1185.1888983000001,1019.2320357270002,40.0031916,0.8599743358961229,0.032650546742645926
2014-10-06,NO 15/9-F-15 D,7289,15/9-F-15 D,3420717,VOLVE,369304,MÆRSK INSPIRER,24.0,11.45266125,%,production,OP,2905.88847720425,224.0370935,2311.4035380115,248.79888017375,181.63372830025,594.48493919275,,79.65192462499999,1178.5845978,1012.2323090400001,39.8144973,0.8588541806243517,0.03267771410871922
2014-10-07,NO 15/9-F-15 D,7289,15/9-F-15 D,3420717,VOLVE,369304,MÆRSK INSPIRER,24.0,11.498738958333334,%,production,OP,2899.848523797125,224.066261375,2305.3689207941247,250.07354663675,181.523907339625,594.479603003,,77.775486125,1192.1076893,1000.52195452,38.367841,0.8392882316760341,0.031181311659765884
2014-10-08,NO 15/9-F-15 D,7289,15/9-F-15 D,3420717,VOLVE,369304,MÆRSK INSPIRER,24.0,11.195681458333333,%,production,OP,2920.2269399275,223.99152953191486,2318.8609198265212,242.233399703375,188.43968338187236,601.3660201009787,,86.422028375,1163.0487671,1018.755287277,38.7452296,0.8759351422702694,0.03223949337938976
2014-10-09,NO 15/9-F-15 D,7289,15/9-F-15 D,3420717,VOLVE,369304,MÆRSK INSPIRER,24.0,11.423444166666666,%,production,OP,2903.560003914375,224.057089625,2310.558525472125,250.92193433125,179.73607528125,593.00147844225,,86.866341875,1199.466767,1043.021430235,39.1226182,0.8695709284582456,0.03158643103798497
2014-10-10,NO 15/9-F-15 D,7289,15/9-F-15 D,3420717,VOLVE,369304,MÆRSK INSPIRER,24.0,11.373162916666667,%,production,OP,2900.400450798,224.074022375,2306.4462600365,253.28397485325,180.96771380425,593.9541907615,,89.9777525,1211.5432022,1051.6216191260003,37.2356752,0.8680017495178021,0.029817668983580136
2014-10-11,NO 15/9-F-15 D,7289,15/9-F-15 D,3420717,VOLVE,369304,MÆRSK INSPIRER,24.0,11.38993375,%,production,OP,2898.14741237625,224.07778775,2304.4474702071248,256.12192131275003,180.915297675375,593.6999421691249,,90.27793175000001,1198.0201107,1038.0819631460001,37.2356752,0.8664979442953187,0.0301441010234737
2014-10-12,NO 15/9-F-15 D,7289,15/9-F-15 D,3420717,VOLVE,369304,MÆRSK INSPIRER,24.0,11.35187625,%,production,OP,2908.483216089125,224.02843475,2316.13859964075,247.83639894087497,179.73293279125,592.344616448375,,91.521281,1190.9755235,1031.180058178,37.10987900000001,0.8658280861621755,0.030217669654289375
2014-10-13,NO 15/9-F-15 D,7289,15/9-F-15 D,3420717,VOLVE,369304,MÆRSK INSPIRER,24.0,11.370441041666666,%,production,OP,2895.58262686,224.075573375,2304.6060148708752,256.519261978625,178.19236332825002,590.976611989125,,95.62999325,1183.3648534,1027.711448344,38.367841,0.8684654148644162,0.03140444810543658
2014-10-14,NO 15/9-F-15 D,7289,15/9-F-15 D,3420717,VOLVE,369304,MÆRSK INSPIRER,24.0,11.408917708333334,%,production,OP,2894.46817299775,224.07017075000002,2305.7602484262497,253.82401175975,175.659265593375,588.7079245715,,95.38551125000001,1184.4341211,1028.8588229470001,38.6194334,0.8686501043987866,0.03157624067883775
2014-10-15,NO 15/9-F-15 D,7289,15/9-F-15 D,3420717,VOLVE,369304,MÆRSK INSPIRER,24.0,11.391773958333333,%,production,OP,2897.3289448125,224.05431199999998,2305.522549274,253.21894948325,178.71395321412498,591.8063955385,,95.425578875,1184.6857135,1025.54241947,38.1162486,0.8656662334858146,0.031171236047528417
2014-10-16,NO 15/9-F-15 D,7289,15/9-F-15 D,3420717,VOLVE,369304,MÆRSK INSPIRER,24.0,11.379853333333333,%,production,OP,2904.454785639125,224.01680374999998,2312.857184388125,244.24552094225,178.704562003625,591.597601251,,86.776380875,1176.5089605,1017.3324580139999,37.424369500000005,0.864704385746155,0.030829015544041452
2014-10-17,NO 15/9-F-15 D,7289,15/9-F-15 D,3420717,VOLVE,369304,MÆRSK INSPIRER,24.0,11.430487083333333,%,production,OP,2895.240134731125,224.046825125,2306.0886960421253,246.75623447912503,176.13815085312498,589.151438689,,83.350955,1175.5025908999999,1019.7674065790001,37.424369500000005,0.867516085862674,0.030854594482472523
2014-10-18,NO 15/9-F-15 D,7289,15/9-F-15 D,3420717,VOLVE,369304,MÆRSK INSPIRER,24.0,11.37275875,%,production,OP,2897.990387589875,224.03203324999998,2306.0256740095,243.594327516875,178.9359308515,591.964713580375,,83.90853687500001,1177.5153301,1023.933128591,37.2356752,0.8695709536996371,0.030652928079531922
2014-10-19,NO 15/9-F-15 D,7289,15/9-F-15 D,3420717,VOLVE,369304,MÆRSK INSPIRER,24.0,11.330427291666666,%,production,OP,2905.901110618375,223.992675875,2315.012038127125,237.328145046,177.672888579875,590.88907249125,,87.853592,1180.0941522,1025.950657402,37.10987900000001,0.8693803418052392,0.030487804878048783
2014-10-20,NO 15/9-F-15 D,7289,15/9-F-15 D,3420717,VOLVE,369304,MÆRSK INSPIRER,24.0,11.341199375,%,production,OP,2900.804251698125,224.006835125,2312.32536328,238.06479909124997,175.25849840475001,588.4788884181249,,90.717181625,1169.3385771,1019.3778854380001,37.0469809,0.8717559699142847,0.030709071949947857
2014-10-21,NO 15/9-F-15 D,7289,15/9-F-15 D,3420717,VOLVE,369304,MÆRSK INSPIRER,24.0,11.409463125,%,production,OP,2891.6090963146253,224.03897412499998,2303.571377233,239.82740662412502,174.76309089949999,588.037719081625,,86.088863375,1197.0137411,1032.131436196,37.10987900000001,0.8622552947867743,0.030069823148667244
2014-10-22,NO 15/9-F-15 D,7289,15/9-F-15 D,3420717,VOLVE,369304,MÆRSK INSPIRER,24.0,11.345571458333334,%,production,OP,2897.352848887875,224.01093799999998,2307.33683565925,236.22079502412498,176.62506154887498,590.016013228625,,88.46690562500001,1187.9564147,1029.380421066,37.675961900000004,0.8665136265339786,0.030740018474802424
2014-10-23,NO 15/9-F-15 D,7289,15/9-F-15 D,3420717,VOLVE,369304,MÆRSK INSPIRER,24.0,11.284780416666667,%,production,OP,2904.759447023,223.97442575,2315.68243095775,232.209992734375,175.8403606445,589.0770160652501,,87.14372975,1184.3083249,1029.937333885,36.921184700000005,0.8696530390191807,0.030232797692624647
2014-10-24,NO 15/9-F-15 D,7289,15/9-F-15 D,3420717,VOLVE,369304,MÆRSK INSPIRER,23.0,10.5368275,%,production,OP,2916.084954708,223.9314646217391,2322.01750435035,230.11765481385,180.5677967958,594.0674503576499,,88.16225647608697,1095.7478001000002,951.6308712520001,34.4052607,0.8684761869155954,0.030443009795191444
2014-10-25,NO 15/9-F-15 D,7289,15/9-F-15 D,3420717,VOLVE,369304,MÆRSK INSPIRER,16.75833,9.507662708333333,%,production,OP,2921.687007174219,223.81907250779165,2332.309398628629,214.43043759507023,172.49215217068857,589.3776085455905,,82.24937723017985,739.4300636,643.540131247,23.0836027,0.8703191321622102,0.03027303472737771
2014-10-26,NO 15/9-F-15 D,7289,15/9-F-15 D,3420717,VOLVE,369304,MÆRSK INSPIRER,21.575,9.9898152,%,production,OP,2997.443897647363,223.1893688041715,2350.6176749367532,155.7059495946744,233.80199799625726,646.8262227106095,,81.98829991193512,1015.3011302,879.2618691300002,30.4426804,0.8660109232388995,0.02911103091543366
2014-10-27,NO 15/9-F-15 D,7289,15/9-F-15 D,3420717,VOLVE,369304,MÆRSK INSPIRER,24.0,11.207795833333334,%,production,OP,2907.133891315625,223.947816875,2320.27073226075,215.5672841105,173.60513772375,586.8631590548749,,84.00015912500001,1197.3282316000002,1039.23746013,37.172777100000005,0.8679637151303597,0.030111580985377282
2014-10-28,NO 15/9-F-15 D,7289,15/9-F-15 D,3420717,VOLVE,369304,MÆRSK INSPIRER,24.0,11.291833333333333,%,production,OP,2902.4000504228748,223.975344125,2321.305980266875,230.593169542875,160.12702228675,581.094070156,,85.41742625,1200.724729,1039.642519739,36.8582866,0.8658458467869199,0.029782476113031104
2014-10-29,NO 15/9-F-15 D,7289,15/9-F-15 D,3420717,VOLVE,369304,MÆRSK INSPIRER,24.0,11.130590625,%,production,OP,2895.56524042975,224.011959125,2310.865921426625,233.438225886,180.45967288487498,584.6993190031251,,89.008821125,1150.4062490000001,991.6805662280001,35.9777132,0.8620264077059964,0.030325522213975185
2014-10-30,NO 15/9-F-15 D,7289,15/9-F-15 D,3420717,VOLVE,369304,MÆRSK INSPIRER,24.0,11.382490416666666,%,production,OP,2898.322089495875,223.996356125,2315.063858995875,234.47161559275,169.580339267,583.2582305,,83.402061875,1198.6490916999999,1031.4505687800001,36.9840828,0.8605108667100659,0.029931280223975575
2014-10-31,NO 15/9-F-15 D,7289,15/9-F-15 D,3420717,VOLVE,369304,MÆRSK INSPIRER,24.0,11.122294583333334,%,production,OP,2897.157610960213,223.99871727659576,2313.005975182085,234.866763780383,170.37401240463828,584.1516357781276,,83.31120365957447,1189.9691539,1037.042651525,36.1664075,0.8714870029413794,0.029496255258028105
2014-11-01,NO 15/9-F-15 D,7289,15/9-F-15 D,3420717,VOLVE,369304,MÆRSK INSPIRER,24.0,11.283577083333334,%,production,OP,2900.376250603375,223.97796012499998,2316.58208958525,230.934933460125,169.89758269737501,583.794161018125,,84.65518325,1190.5981348999999,1035.827825845,36.1664075,0.8700062560840487,0.0294811320754717
2014-11-02,NO 15/9-F-15 D,7289,15/9-F-15 D,3420717,VOLVE,369304,MÆRSK INSPIRER,24.0,11.05349875,%,production,OP,2892.938156206468,224.0006934468085,2311.2606310928936,232.11850969442554,167.1997076507234,581.6775251135745,,84.22099029787235,1195.2525943,1039.5627085170001,36.480897999999996,0.8697431099288433,0.029617525404687733
2014-11-03,NO 15/9-F-15 D,7289,15/9-F-15 D,3420717,VOLVE,369304,MÆRSK INSPIRER,24.0,11.012475416666666,%,production,OP,2897.5817360172764,223.9755734893617,2313.041858200468,228.96573845463828,169.99409307842555,584.5398778168085,,84.34470468085107,1229.7836512000001,1068.684622725,37.5501657,0.8690021384510986,0.02962926199811405
2014-11-04,NO 15/9-F-15 D,7289,15/9-F-15 D,3420717,VOLVE,369304,MÆRSK INSPIRER,24.0,11.214361458333334,%,production,OP,2900.515184920875,223.954301375,2318.4012045272502,224.8951371775,167.3507063525,582.113980393625,,89.27265725,1218.5248913,1061.3472875060002,37.927554300000004,0.8710099359346588,0.030186223468161796
2014-11-05,NO 15/9-F-15 D,7289,15/9-F-15 D,3420717,VOLVE,369304,MÆRSK INSPIRER,24.0,11.249947916666667,%,production,OP,2895.33235774775,223.970130125,2314.5113881025,225.243847810625,166.1246034465,580.82096964525,,89.66014025,1202.1084872000001,1049.7223945599999,37.9904524,0.8732343259675804,0.030635017244877254
2014-11-06,NO 15/9-F-15 D,7289,15/9-F-15 D,3420717,VOLVE,369304,MÆRSK INSPIRER,24.0,11.279213541666667,%,production,OP,2900.892966608125,223.9408895,2317.7175769791247,219.182123595375,168.432218459,583.175389629,,81.70984849999999,1203.6809397,1050.5261571320002,37.9904524,0.8727613128058908,0.030596221062762777
2014-11-07,NO 15/9-F-15 D,7289,15/9-F-15 D,3420717,VOLVE,369304,MÆRSK INSPIRER,24.0,11.262324583333333,%,production,OP,2902.0870946783753,223.9288415,2319.922378179375,214.36859338649998,167.809325573375,582.164716499,,76.643078,1231.8592885,1067.449314519,37.8646562,0.8665351022508444,0.02982117204141279
2014-11-08,NO 15/9-F-15 D,7289,15/9-F-15 D,3420717,VOLVE,369304,MÆRSK INSPIRER,24.0,11.222880625,%,production,OP,2899.1513442608752,223.93629687499998,2317.918345830625,216.038364512875,167.4358194855,581.23299843025,,83.231129,1228.1483005999999,1077.134724141,40.191885899999996,0.8770396242984471,0.031688569303248204
2014-11-09,NO 15/9-F-15 D,7289,15/9-F-15 D,3420717,VOLVE,369304,MÆRSK INSPIRER,24.0,11.221446041666667,%,production,OP,2895.8062452397503,223.94313649999998,2314.9050695805,218.211928153875,167.272905552,580.90117565925,,84.154931375,1218.4619932,1076.8772799780002,40.632172600000004,0.8838004681211588,0.03227095613947447
2014-11-10,NO 15/9-F-15 D,7289,15/9-F-15 D,3420717,VOLVE,369304,MÆRSK INSPIRER,24.0,11.2,%,production,OP,2897.0373219976595,223.93243323404255,2315.3895728768935,218.0026925162553,166.15540936340426,581.647749120766,,86.39175875,1163.1116651999998,1062.463232026,39.5629049,0.9134662335652071,0.0328957690497359
2014-11-11,NO 15/9-F-15 D,7289,15/9-F-15 D,3420717,VOLVE,369304,MÆRSK INSPIRER,24.0,11.199129166666667,%,production,OP,2903.94349345125,223.89496737500002,2322.6053334061253,211.3797228015,167.1659037675,581.338160045125,,80.73213275,1209.4675649,1075.0084260540002,40.4434783,0.8888278257738007,0.032357085346215786
2014-11-12,NO 15/9-F-15 D,7289,15/9-F-15 D,3420717,VOLVE,369304,MÆRSK INSPIRER,24.0,11.18360375,%,production,OP,2907.644358599875,223.874863625,2326.049085461875,204.105562490125,167.319465771625,581.595273138,,74.394584375,1213.8704319,1066.723950581,38.8081277,0.8787790875763567,0.03098011648925487
2014-11-13,NO 15/9-F-15 D,7289,15/9-F-15 D,3420717,VOLVE,369304,MÆRSK INSPIRER,24.0,11.148583333333333,%,production,OP,2907.5561392363747,223.872985625,2327.0065749702503,205.074386113875,166.35424090325,580.549564266125,,78.62461175,1195.8186772000001,1053.8577459300002,38.1162486,0.8812855711516395,0.03088999898052808
2014-11-14,NO 15/9-F-15 D,7289,15/9-F-15 D,3420717,VOLVE,369304,MÆRSK INSPIRER,24.0,11.104966458333333,%,production,OP,2906.73790433775,223.874970125,2325.94961054525,203.15196181312498,166.83094454975,580.7882937925001,,75.671360375,1193.176957,1049.267894371,64.785043,0.8793900085106992,0.051500000000000004
2014-11-15,NO 15/9-F-15 D,7289,15/9-F-15 D,3420717,VOLVE,369304,MÆRSK INSPIRER,24.0,11.120864375,%,production,OP,2904.473193378625,223.881261875,2324.787369683625,201.78098709649998,165.60046633075,579.685823695,,74.49756537500001,1205.6936789000001,1057.3546075240001,64.5334506,0.8769678617612598,0.050804654617479565
2014-11-16,NO 15/9-F-15 D,7289,15/9-F-15 D,3420717,VOLVE,369304,MÆRSK INSPIRER,24.0,11.126952083333334,%,production,OP,2895.652949138625,223.91543375,2317.9686045192498,205.50052890925,163.683036776125,577.684344619375,,77.032275125,1189.7175615,1043.942790758,65.5398202,0.8774711112457593,0.05221225635115498
2014-11-17,NO 15/9-F-15 D,7289,15/9-F-15 D,3420717,VOLVE,369304,MÆRSK INSPIRER,24.0,11.128404375,%,production,OP,2891.093595003125,223.9311515,2314.147669058,208.0942495065,163.1388753515,576.945925945125,,81.779133875,1174.307527,1013.1006975130001,66.86068030000001,0.862721794946819,0.05386915319515534
2014-11-18,NO 15/9-F-15 D,7289,15/9-F-15 D,3420717,VOLVE,369304,MÆRSK INSPIRER,24.0,11.071138958333334,%,production,OP,2903.601037581875,223.872031625,2323.358911573,200.94386099837502,165.9658835285,580.242126008875,,78.782861,1205.6307808000001,1033.890108256,66.04300500000001,0.8575511879100822,0.051933920269067166
2014-11-19,NO 15/9-F-15 D,7289,15/9-F-15 D,3420717,VOLVE,369304,MÆRSK INSPIRER,24.0,11.055710833333332,%,production,OP,2909.9915055322504,223.83686300000002,2331.782691418375,197.076531506875,163.638238163875,578.208814113875,,78.34947425,1175.0623042,1009.4544547380001,64.4705525,0.8590646224714458,0.052011975440198914
2014-11-20,NO 15/9-F-15 D,7289,15/9-F-15 D,3420717,VOLVE,369304,MÆRSK INSPIRER,24.0,11.04749125,%,production,OP,2906.8833230625,223.846412375,2330.124982619,198.49149201862502,162.306079242,576.7583404435001,,81.289079,1189.4659691000002,1024.128065735,63.7786734,0.8609982062033252,0.050890840652446666
2014-11-21,NO 15/9-F-15 D,7289,15/9-F-15 D,3420717,VOLVE,369304,MÆRSK INSPIRER,24.0,11.031100833333333,%,production,OP,2906.1660950443747,223.844943125,2330.130527300875,198.01627199,161.67930356825,576.0355677435,,82.57767125,1182.2326876,1022.2327257860002,63.4012848,0.8646628844793584,0.050898808321551206
2014-11-22,NO 15/9-F-15 D,7289,15/9-F-15 D,3420717,VOLVE,369304,MÆRSK INSPIRER,24.0,11.041441458333333,%,production,OP,2904.30478310925,223.842371375,2329.22641781975,193.707268550625,160.439440182,575.0783652895,,75.525146,1180.7231332000001,1017.871713483,63.3383867,0.8620748462210276,0.050912584053794424
2014-11-23,NO 15/9-F-15 D,7289,15/9-F-15 D,3420717,VOLVE,369304,MÆRSK INSPIRER,24.0,10.990355625,%,production,OP,2898.1679382748753,223.185643625,2323.7423799585,195.50511427425,159.798879855,574.425558316375,,88.80577475,1138.7072024,999.5631604150001,63.212590500000005,0.8778052499433283,0.05259301899628448
2014-11-24,NO 15/9-F-15 D,7289,15/9-F-15 D,3420717,VOLVE,369304,MÆRSK INSPIRER,24.0,10.956053541666666,%,production,OP,2909.313848715125,223.801298,2336.622564154,192.12659608062498,158.67510125799998,572.691284561125,,90.1968725,1182.5471780999999,1011.178871539,39.0597201,0.8550854378289267,0.03197405004633921
2014-11-25,NO 15/9-F-15 D,7289,15/9-F-15 D,3420717,VOLVE,369304,MÆRSK INSPIRER,21.375,9.714078958333333,%,production,OP,2911.587059558386,223.79235673684212,2339.1322601454035,192.36203765491229,158.44631356701754,572.4547994129824,,90.81340263157895,946.7422012000001,785.0302425320001,28.3670431,0.8291911372884516,0.0290911436496162
2014-11-26,NO 15/9-F-15 D,7289,15/9-F-15 D,3420717,VOLVE,369304,MÆRSK INSPIRER,0.0,1.2727829166666667,%,production,OP,3522.208814778,219.63246800000002,2427.723929406,71.590466724,665.8566946560001,1094.484885372,,54.846392,0.0,0.0,0.0,,
2014-11-27,NO 15/9-F-15 D,7289,15/9-F-15 D,3420717,VOLVE,369304,MÆRSK INSPIRER,0.0,1.231765,%,production,OP,3671.4514663980003,218.78220199999998,2484.5379246899997,44.919138828,758.079397032,1186.913541708,,47.702822,0.0,0.0,0.0,,
2014-11-28,NO 15/9-F-15 D,7289,15/9-F-15 D,3420717,VOLVE,369304,MÆRSK INSPIRER,0.0,1.2013745833333334,%,production,OP,3733.8581269620004,218.104898,2511.67816044,37.515819156,793.924523466,1222.1799665219999,,46.22513,0.0,0.0,0.0,,
2014-11-29,NO 15/9-F-15 D,7289,15/9-F-15 D,3420717,VOLVE,369304,MÆRSK INSPIRER,0.0,1.1828570833333334,%,production,OP,3784.072313094,217.665464,2532.300243432,67.86473058,824.448640794,1251.772069662,,44.439332,0.0,0.0,0.0,,
2014-11-30,NO 15/9-F-15 D,7289,15/9-F-15 D,3420717,VOLVE,369304,MÆRSK INSPIRER,0.0,1.15189625,%,production,OP,3828.4540861319997,217.33293199999997,2549.2553306699997,153.296753796,847.938705198,1279.198755462,,45.20525,0.0,0.0,0.0,,
2014-12-01,NO 15/9-F-15 D,7289,15/9-F-15 D,3420717,VOLVE,369304,MÆRSK INSPIRER,0.0,1.1474608333333334,%,production,OP,3868.898222508,217.067954,2563.75332915,148.227095544,876.1274206500001,1305.144893358,,44.912138,0.0,0.0,0.0,,
2014-12-02,NO 15/9-F-15 D,7289,15/9-F-15 D,3420717,VOLVE,369304,MÆRSK INSPIRER,0.0,1.1050739583333333,%,production,OP,3906.2655227520004,216.84911,2576.531612064,144.94082454,900.553560306,1329.733910688,,48.265016,0.0,0.0,0.0,,
2014-12-03,NO 15/9-F-15 D,7289,15/9-F-15 D,3420717,VOLVE,369304,MÆRSK INSPIRER,0.0,1.0258902083333334,%,production,OP,3940.983994002,216.66226999999998,2587.881415716,142.83849873,923.932090488,1353.102578286,,52.685474,0.0,0.0,0.0,,
2014-12-04,NO 15/9-F-15 D,7289,15/9-F-15 D,3420717,VOLVE,369304,MÆRSK INSPIRER,0.0,1.0256252083333333,%,production,OP,3973.280330652,216.499964,2598.16577022,140.148914058,940.8617960759999,1375.1145604320002,,50.428112,0.0,0.0,0.0,,
2014-12-05,NO 15/9-F-15 D,7289,15/9-F-15 D,3420717,VOLVE,369304,MÆRSK INSPIRER,0.0,0.9983889583333333,%,production,OP,4003.8392571000004,216.355748,2608.0863694199998,137.462955336,966.9951780300001,1395.75288768,,48.116858,0.0,0.0,0.0,,
2014-12-06,NO 15/9-F-15 D,7289,15/9-F-15 D,3420717,VOLVE,369304,MÆRSK INSPIRER,0.0,0.9349216666666667,%,production,OP,4032.677452716,216.22551800000002,2616.644481648,135.58587354,986.9621243759999,1416.032971068,,49.060616,0.0,0.0,0.0,,
2014-12-07,NO 15/9-F-15 D,7289,15/9-F-15 D,3420717,VOLVE,369304,MÆRSK INSPIRER,0.0,0.9354908333333334,%,production,OP,4059.7524213659995,216.109238,2624.833037052,134.403958878,1005.501171612,1434.9193843140001,,49.210304,0.0,0.0,0.0,,
2014-12-08,NO 15/9-F-15 D,7289,15/9-F-15 D,3420717,VOLVE,369304,MÆRSK INSPIRER,0.0,0.9483291666666667,%,production,OP,4085.3851321439997,216.00242599999999,2632.91687502,131.99473266,1022.971723902,1452.468257124,,46.534262,0.0,0.0,0.0,,
2014-12-09,NO 15/9-F-15 D,7289,15/9-F-15 D,3420717,VOLVE,369304,MÆRSK INSPIRER,0.0,0.9427704166666667,%,production,OP,4109.674646004,215.90303,2639.7351114,130.96496286,1040.724085026,1469.939534604,,46.5908,0.0,0.0,0.0,,
2014-12-10,NO 15/9-F-15 D,7289,15/9-F-15 D,3420717,VOLVE,369304,MÆRSK INSPIRER,0.0,0.9405016666666667,%,production,OP,4132.7014590359995,215.81195,2646.3650884559997,130.03091813999998,1056.519593454,1486.33637058,,46.516982,0.0,0.0,0.0,,
2014-12-11,NO 15/9-F-15 D,7289,15/9-F-15 D,3420717,VOLVE,369304,MÆRSK INSPIRER,0.0,0.9826485416666667,%,production,OP,4154.61786114,215.728142,2653.00898916,128.309897232,1071.517827996,1501.60887198,,44.395088,0.0,0.0,0.0,,
2014-12-12,NO 15/9-F-15 D,7289,15/9-F-15 D,3420717,VOLVE,369304,MÆRSK INSPIRER,0.0,0.938034375,%,production,OP,4175.23936398,215.648942,2659.044455454,127.420814292,1086.0361317959998,1516.1949085259998,,45.231908000000004,0.0,0.0,0.0,,
2014-12-13,NO 15/9-F-15 D,7289,15/9-F-15 D,3420717,VOLVE,369304,MÆRSK INSPIRER,0.0,1.0001964583333334,%,production,OP,4194.972364032,215.57525,2664.601296348,126.37712084400002,1100.30468016,1530.371067684,,45.618026,0.0,0.0,0.0,,
2014-12-14,NO 15/9-F-15 D,7289,15/9-F-15 D,3420717,VOLVE,369304,MÆRSK INSPIRER,0.0,0.876590625,%,production,OP,4213.79989185,215.50514,2668.699054962,126.88547903400001,1115.200662912,1545.100836888,,48.098012,0.0,0.0,0.0,,
2014-12-15,NO 15/9-F-15 D,7289,15/9-F-15 D,3420717,VOLVE,369304,MÆRSK INSPIRER,0.0,0.9692314583333334,%,production,OP,4231.85784804,215.440484,2674.604132094,125.18186268599999,1127.3368626000001,1557.2537159459998,,45.161474,0.0,0.0,0.0,,
2014-12-16,NO 15/9-F-15 D,7289,15/9-F-15 D,3420717,VOLVE,369304,MÆRSK INSPIRER,0.0,0.0,%,production,OP,4249.49446884,215.37671,2679.280012176,124.75472577600002,1140.307320864,1570.214456664,,45.896396,0.0,0.0,0.0,,
2014-12-17,NO 15/9-F-15 D,7289,15/9-F-15 D,3420717,VOLVE,369304,MÆRSK INSPIRER,0.0,0.0,%,production,OP,4266.17528922,215.316698,2682.7751378999997,124.921084362,1153.5941070059998,1583.40015132,,47.918245999999996,0.0,0.0,0.0,,
2014-12-18,NO 15/9-F-15 D,7289,15/9-F-15 D,3420717,VOLVE,369304,MÆRSK INSPIRER,0.0,0.0,%,production,OP,4282.115110457999,215.259674,2686.0647447779997,125.16431308799999,1175.76795156,1596.05036568,,50.494262,0.0,0.0,0.0,,
2014-12-19,NO 15/9-F-15 D,7289,15/9-F-15 D,3420717,VOLVE,369304,MÆRSK INSPIRER,0.0,0.0,%,production,OP,4297.35120732,215.20661,2690.461571748,123.60805534800001,1172.857909128,1606.889635572,,46.67963,0.0,0.0,0.0,,
2014-12-20,NO 15/9-F-15 D,7289,15/9-F-15 D,3420717,VOLVE,369304,MÆRSK INSPIRER,0.0,0.0,%,production,OP,4311.748259352,215.15570599999998,2694.174834624,122.88257527200001,1190.7692319,1617.573424728,,46.720994000000005,0.0,0.0,0.0,,
2014-12-21,NO 15/9-F-15 D,7289,15/9-F-15 D,3420717,VOLVE,369304,MÆRSK INSPIRER,0.0,0.0,%,production,OP,4325.701495104,215.10494599999998,2697.0309229199997,123.293032812,1202.072188278,1628.670572184,,49.846136,0.0,0.0,0.0,,
2014-12-22,NO 15/9-F-15 D,7289,15/9-F-15 D,3420717,VOLVE,369304,MÆRSK INSPIRER,0.0,0.0,%,production,OP,4338.538953522,215.058596,2700.1828887359998,123.269536656,1211.578994064,1638.356064786,,50.814859999999996,0.0,0.0,0.0,,
2014-12-23,NO 15/9-F-15 D,7289,15/9-F-15 D,3420717,VOLVE,369304,MÆRSK INSPIRER,0.0,0.6546929166666666,%,production,OP,4351.1572595220005,215.01264199999997,2703.624640476,122.27791185,1220.7340827,1647.532619046,,49.46864,0.0,0.0,0.0,,
2014-12-24,NO 15/9-F-15 D,7289,15/9-F-15 D,3420717,VOLVE,369304,MÆRSK INSPIRER,0.0,0.68901875,%,production,OP,4363.176268506,214.96955,2707.04144568,121.18084441799999,1229.22895836,1656.134822826,,48.568784,0.0,0.0,0.0,,
2014-12-25,NO 15/9-F-15 D,7289,15/9-F-15 D,3420717,VOLVE,369304,MÆRSK INSPIRER,0.0,0.683051875,%,production,OP,4374.860384748001,214.92842000000002,2710.356144132,120.52498258199999,1237.806360642,1664.5042406159998,,48.835544,0.0,0.0,0.0,,
2014-12-26,NO 15/9-F-15 D,7289,15/9-F-15 D,3420717,VOLVE,369304,MÆRSK INSPIRER,0.0,0.6919308333333334,%,production,OP,4386.154783884,214.887614,2712.5125691159997,120.128013576,1246.776815904,1673.642214768,,48.106976,0.0,0.0,0.0,,
2014-12-27,NO 15/9-F-15 D,7289,15/9-F-15 D,3420717,VOLVE,369304,MÆRSK INSPIRER,0.0,0.7265552083333333,%,production,OP,4397.09964144,214.84842799999998,2715.255817848,119.48056394400001,1254.9108370200001,1681.843823592,,43.428830000000005,0.0,0.0,0.0,,
2014-12-28,NO 15/9-F-15 D,7289,15/9-F-15 D,3420717,VOLVE,369304,MÆRSK INSPIRER,0.0,0.6520739583333334,%,production,OP,4407.70482,214.81041199999999,2717.631830364,119.59702945800001,1263.142758786,1690.0729896359999,,46.668182,0.0,0.0,0.0,,
2014-12-29,NO 15/9-F-15 D,7289,15/9-F-15 D,3420717,VOLVE,369304,MÆRSK INSPIRER,0.0,0.6153314583333334,%,production,OP,4418.004258456,214.774322,2719.700217282,119.750189586,1264.978359714,1698.3040411739998,,50.001674,0.0,0.0,0.0,,
2014-12-30,NO 15/9-F-15 D,7289,15/9-F-15 D,3420717,VOLVE,369304,MÆRSK INSPIRER,0.0,0.5811489583333334,%,production,OP,4427.849727972,214.738934,2721.63734481,119.90509017000001,1279.069961718,1706.2123831620002,,49.301708,0.0,0.0,0.0,,
2014-12-31,NO 15/9-F-15 D,7289,15/9-F-15 D,3420717,VOLVE,369304,MÆRSK INSPIRER,0.0,0.535515,%,production,OP,4436.945060952,214.70462600000002,2723.650762326,119.977754208,1286.309098374,1713.294298626,,50.057114,0.0,0.0,0.0,,
2015-01-01,NO 15/9-F-15 D,7289,15/9-F-15 D,3420717,VOLVE,369304,MÆRSK INSPIRER,9.5,3.32754125,%,production,OP,3845.687202224426,220.5281049649596,2677.45443255283,182.55389147953102,747.9051357525121,1168.2327696715956,,62.25489628571428,184.5430254,184.93602096000004,3.773886,1.0021295606222353,0.02004008016032064
2015-01-02,NO 15/9-F-15 D,7289,15/9-F-15 D,3420717,VOLVE,369304,MÆRSK INSPIRER,24.0,7.0839429166666665,%,production,OP,3884.545671311,220.91498825,2698.5206172828753,221.954648852,770.369394410875,1186.0250540281252,,65.80595674999999,1001.2119558,845.1743549550001,31.7006424,0.8441512809140189,0.030690537084398974
2015-01-03,NO 15/9-F-15 D,7289,15/9-F-15 D,3420717,VOLVE,369304,MÆRSK INSPIRER,24.0,8.967563958333333,%,production,OP,3523.0040913698754,223.31757575,2543.571910883125,374.748703961625,560.142790185125,979.4321804867499,,78.966092,1306.5193332000001,1189.30021484,39.1226182,0.9102813748091271,0.029073572029540987
2015-01-04,NO 15/9-F-15 D,7289,15/9-F-15 D,3420717,VOLVE,369304,MÆRSK INSPIRER,24.0,9.089299166666667,%,production,OP,3463.1874438692503,223.70291149999997,2571.237697869375,385.149360811875,475.88723061962503,891.949745999875,,82.001991875,1298.3425802,1068.143601521,39.625803,0.8226978132046323,0.029616397141782626
2015-01-05,NO 15/9-F-15 D,7289,15/9-F-15 D,3420717,VOLVE,369304,MÆRSK INSPIRER,24.0,10.038051875,%,production,OP,3350.31627367175,224.062383125,2530.536995314625,339.887158767875,401.449492701375,819.779278357125,,87.790380125,1392.1865454,1141.912831498,42.8965042,0.8202297567600095,0.029891304347826088
2015-01-06,NO 15/9-F-15 D,7289,15/9-F-15 D,3420717,VOLVE,369304,MÆRSK INSPIRER,24.0,10.722818125,%,production,OP,3207.210448756375,224.4620195,2434.1805256195,326.83222191212496,358.227358905875,773.0299231368749,,89.630724875,1405.2064521,1146.78131604,44.343160499999996,0.8160945420697446,0.030590991929185105
2015-01-07,NO 15/9-F-15 D,7289,15/9-F-15 D,3420717,VOLVE,369304,MÆRSK INSPIRER,24.0,10.7460875,%,production,OP,3161.906354903375,224.45857437499998,2420.430485083875,296.42023406625,325.0504028875,741.4758698195,,89.579222,1447.5997715,1189.3316449229999,43.9657719,0.8215887210942405,0.029476258750105424
2015-01-08,NO 15/9-F-15 D,7289,15/9-F-15 D,3420717,VOLVE,369304,MÆRSK INSPIRER,24.0,11.103077708333334,%,production,OP,3104.72049125225,224.50533875000002,2400.46983278275,302.754880516375,285.84836287862504,704.2506584695,,89.77537849999999,1419.7359132,1156.0867394900001,43.9657719,0.8142970313994873,0.030037385587211553
2015-01-09,NO 15/9-F-15 D,7289,15/9-F-15 D,3420717,VOLVE,369304,MÆRSK INSPIRER,17.66666,8.350590625,%,production,OP,3081.88247071787,224.14970215123176,2368.043559183594,267.76664552728397,293.4483075555173,713.8389115342758,,82.89515213899514,1151.03523,937.5339493060001,42.4562175,0.8145136872187657,0.03557312252964427
2015-01-10,NO 15/9-F-15 D,7289,15/9-F-15 D,3420717,VOLVE,369304,MÆRSK INSPIRER,20.41666,8.623938125,%,production,OP,3167.6410136901995,223.78472245853337,2466.4416330945814,187.0494940009461,258.9490241960963,701.199380595618,,76.24370410793048,1237.3943213,1007.419621724,42.330421300000005,0.8141459875665262,0.03307775484124644
2015-01-11,NO 15/9-F-15 D,7289,15/9-F-15 D,3420717,VOLVE,369304,MÆRSK INSPIRER,24.0,11.658122083333334,%,production,OP,2940.5486492215,224.679116,2317.96258544225,316.01946073625004,191.973562860875,622.5860637792499,,87.40387625,1486.6594916000001,1204.6553995470001,51.953830599999996,0.8103102333477208,0.033766658490720296
2015-01-12,NO 15/9-F-15 D,7289,15/9-F-15 D,3420717,VOLVE,369304,MÆRSK INSPIRER,24.0,11.33993125,%,production,OP,2912.826082879875,224.66157875,2303.106660372875,322.32806984375,178.61372893450002,609.719422507,,83.8273925,1391.1172777,1132.0444917300001,45.223733900000006,0.8137663947367996,0.03148537397092311
2015-01-13,NO 15/9-F-15 D,7289,15/9-F-15 D,3420717,VOLVE,369304,MÆRSK INSPIRER,24.0,11.020612916666666,%,production,OP,2919.52226676125,224.538987875,2311.191386698625,296.647094649625,181.117541079875,608.3308800626249,,83.78252675,1384.3242829,1131.485106882,44.783447200000005,0.8173555292345729,0.03133664891510057
2015-01-14,NO 15/9-F-15 D,7289,15/9-F-15 D,3420717,VOLVE,369304,MÆRSK INSPIRER,24.0,10.976551458333333,%,production,OP,2926.733728353875,224.4275825,2327.1115190281253,270.0546764905,169.978658939375,599.62220932575,,83.0350025,1235.3815821,1017.280898552,43.2109947,0.8234548039988947,0.033795749704840616
2015-01-15,NO 15/9-F-15 D,7289,15/9-F-15 D,3420717,VOLVE,369304,MÆRSK INSPIRER,24.0,10.97617625,%,production,OP,2912.687293600375,224.397418625,2323.5330719947497,256.452985655875,159.451021320125,589.154221605625,,80.67322925,1318.2812779,1074.895065867,43.7770776,0.8153761142533177,0.032140383283306394
2015-01-16,NO 15/9-F-15 D,7289,15/9-F-15 D,3420717,VOLVE,369304,MÆRSK INSPIRER,24.0,11.041445416666667,%,production,OP,2898.87167171575,224.371796375,2320.194016223625,246.29639150012497,148.93128525025,578.677655492125,,80.579970125,1340.4843072,1069.6465951530001,42.2046251,0.7979553280912889,0.03052358640767866
2015-01-17,NO 15/9-F-15 D,7289,15/9-F-15 D,3420717,VOLVE,369304,MÆRSK INSPIRER,24.0,11.13449,%,production,OP,2892.9076426799998,224.37545,2318.5345367520003,245.23039543800002,144.629863068,574.373105928,,79.916846,1244.8162971,1026.500507281,40.3176821,0.8246200742008264,0.03137235708692248
2015-01-18,NO 15/9-F-15 D,7289,15/9-F-15 D,3420717,VOLVE,369304,MÆRSK INSPIRER,24.0,11.13449,%,production,OP,2892.9076426799998,224.37545,2318.5345367520003,245.23039543800002,144.629863068,574.373105928,,79.916846,1313.7526147,1078.792396159,40.3805802,0.8211533770422569,0.029820242463653675
2015-01-19,NO 15/9-F-15 D,7289,15/9-F-15 D,3420717,VOLVE,369304,MÆRSK INSPIRER,24.0,11.13449,%,production,OP,2892.9076426799998,224.37545,2318.5345367520003,245.23039543800002,144.629863068,574.373105928,,79.916846,1329.0997511,1087.878162175,40.7579688,0.8185075358524758,0.02975343220533541
2015-01-20,NO 15/9-F-15 D,7289,15/9-F-15 D,3420717,VOLVE,369304,MÆRSK INSPIRER,22.33334,9.932159583333334,%,production,OP,2928.9062318007022,223.908713684298,2360.276819620836,180.3719277920163,137.04835956423042,568.6294121798668,,75.77025918484024,1266.1387530000002,1039.765061748,46.7961864,0.821209412700126,0.035642425984478296
2015-01-21,NO 15/9-F-15 D,7289,15/9-F-15 D,3420717,VOLVE,369304,MÆRSK INSPIRER,24.0,10.508346458333333,%,production,OP,2899.9986523351918,224.06571672340425,2345.5970383058298,187.86347518110637,139.55303623570214,554.4016140293617,,76.880604875,1383.5066076,1140.422551158,47.173575,0.8242985938002252,0.032972830387760485
2015-01-22,NO 15/9-F-15 D,7289,15/9-F-15 D,3420717,VOLVE,369304,MÆRSK INSPIRER,24.0,10.57681,%,production,OP,2897.0848337720004,224.0385395,2346.826135513625,185.94034163425,135.84544925724998,550.258698258375,,77.903396375,1352.5607424,1122.5971031860001,43.9028738,0.8299790671094375,0.03143860913431223
2015-01-23,NO 15/9-F-15 D,7289,15/9-F-15 D,3420717,VOLVE,369304,MÆRSK INSPIRER,24.0,10.470488541666667,%,production,OP,2899.397513028,223.984776125,2352.8584774473748,175.9354572265,131.192808493125,546.539035580625,,79.251921875,1326.9612157,1104.9990818820002,42.5191156,0.8327289967545057,0.031047627795893998
2015-01-24,NO 15/9-F-15 D,7289,15/9-F-15 D,3420717,VOLVE,369304,MÆRSK INSPIRER,24.0,10.254245,%,production,OP,2897.6822195780423,223.9497205106383,2356.667616034596,170.62676117808513,126.40214144195744,541.0146035434468,,83.49403808510638,1307.2741104000002,1083.145286081,41.6385422,0.8285525410960513,0.03086822717523081
2015-01-25,NO 15/9-F-15 D,7289,15/9-F-15 D,3420717,VOLVE,369304,MÆRSK INSPIRER,24.0,10.137517708333334,%,production,OP,2911.650958966468,223.85203182978722,2371.3873837884257,160.3826346606383,126.1871241499149,540.2635751780425,,81.88547536170213,1282.4293609,1072.295903947,41.386949800000004,0.836144224890851,0.03126336294958902
2015-01-26,NO 15/9-F-15 D,7289,15/9-F-15 D,3420717,VOLVE,369304,MÆRSK INSPIRER,22.0,10.444399166666667,%,production,OP,2900.128405169812,223.87169728558985,2366.5337708286643,161.42135436524822,109.30162383685393,533.594634341148,,85.15786772420388,1186.887147,991.0240659550001,38.1162486,0.8349775026715326,0.031115218730745534
2015-01-27,NO 15/9-F-15 D,7289,15/9-F-15 D,3420717,VOLVE,369304,MÆRSK INSPIRER,11.775,8.360902291666667,%,production,OP,2947.3527470909426,223.03354766878982,2333.1792647261273,91.79252829021657,188.01000552561783,614.1734823648153,,85.3123918598726,552.3711142,455.76798673,22.391723600000002,0.8251119130117612,0.0389581965419129
2015-01-28,NO 15/9-F-15 D,7289,15/9-F-15 D,3420717,VOLVE,369304,MÆRSK INSPIRER,24.0,11.072186875,%,production,OP,2903.45865559025,223.802997125,2388.66463398375,138.18190870200002,88.41287440825,514.7940216065,,77.70866525,1126.504971,930.4844288920001,58.998417800000006,0.8259922972785533,0.04976655348047539
2015-01-29,NO 15/9-F-15 D,7289,15/9-F-15 D,3420717,VOLVE,369304,MÆRSK INSPIRER,24.0,10.775884583333333,%,production,OP,2900.0849568885,223.763266625,2377.2530864464998,149.037833791,95.855852908375,522.8318704420001,,80.13772924999999,1105.6856999,920.457172974,57.7404558,0.8324763294462862,0.0496296696761637
2015-01-30,NO 15/9-F-15 D,7289,15/9-F-15 D,3420717,VOLVE,369304,MÆRSK INSPIRER,24.0,10.692610625,%,production,OP,2902.7365990153753,223.721406875,2382.045429020875,145.894543060375,94.193131233125,520.6911699945,,81.402327125,1012.7852062000001,837.838079177,52.0796268,0.8272613719552572,0.04890726520968694
2015-01-31,NO 15/9-F-15 D,7289,15/9-F-15 D,3420717,VOLVE,369304,MÆRSK INSPIRER,17.775,13.01099,%,production,OP,2902.0521949478734,223.70440215189873,2385.945430782523,143.56029165853167,92.70543555406752,516.1067641653502,,82.9280879493671,794.0256144,648.5615284400001,47.4251674,0.8168017714769581,0.05636119001345493
2015-02-01,NO 15/9-F-15 D,7289,15/9-F-15 D,3420717,VOLVE,369304,MÆRSK INSPIRER,15.55833,10.645445,%,production,OP,2954.7631919434343,223.00969130058945,2374.7473742988377,84.56904923689571,156.39053189930672,580.015817644597,,81.52932854924404,665.0216113,550.687896831,39.5629049,0.828075189548355,0.05615068737725406
2015-02-02,NO 15/9-F-15 D,7289,15/9-F-15 D,3420717,VOLVE,369304,MÆRSK INSPIRER,24.0,11.048628958333333,%,production,OP,2908.327161244375,223.6258955,2402.5934338543752,125.51219277425,81.508793662,505.73372739,,78.22803275,1005.8664151999999,833.5130878680001,52.7086078,0.8286518719309958,0.049792038027332154
2015-02-03,NO 15/9-F-15 D,7289,15/9-F-15 D,3420717,VOLVE,369304,MÆRSK INSPIRER,15.775,17.526169583333335,%,production,OP,2905.036531855179,223.6281118510301,2394.510739751011,134.4447715598415,87.99682532963867,510.52579210416803,,81.8208027606973,695.7787822,579.1720275570001,62.269119,0.8324082917931211,0.08214404248257551
2015-02-04,NO 15/9-F-15 D,7289,15/9-F-15 D,3420717,VOLVE,369304,MÆRSK INSPIRER,18.05833,10.864593333333334,%,production,OP,2997.0882259031946,222.80133736371857,2420.7446738687663,77.1086098337082,153.16841984024123,576.3435520344283,,74.9672790101366,672.5064852,601.759662824,59.501602600000005,0.8948012786003687,0.08128544423440455
2015-02-05,NO 15/9-F-15 D,7289,15/9-F-15 D,3420717,VOLVE,369304,MÆRSK INSPIRER,24.0,11.446721458333334,%,production,OP,2896.546141488625,223.61434737500002,2392.6668306855004,125.76911852637501,80.67234138625,503.87931080312507,,77.68285775,1285.7629602,1193.80283909,53.463385,0.9284781690275977,0.03992109712568101
2015-02-06,NO 15/9-F-15 D,7289,15/9-F-15 D,3420717,VOLVE,369304,MÆRSK INSPIRER,24.0,10.751220208333333,%,production,OP,2897.621495523375,223.588145,2388.1342964935,216.45788390625,95.309839227625,509.487199029875,,81.240794,756.664143,644.767670219,49.689499000000005,0.8521187057478948,0.061622464898595956
2015-02-07,NO 15/9-F-15 D,7289,15/9-F-15 D,3420717,VOLVE,369304,MÆRSK INSPIRER,24.0,10.713020833333333,%,production,OP,2899.8927513222498,223.554572,2391.89499283875,234.38724275787501,93.93183621125,507.9977584835,,78.88205562499999,910.5128956,790.762171489,51.7651363,0.8684799252271019,0.05379436564481339
2015-02-08,NO 15/9-F-15 D,7289,15/9-F-15 D,3420717,VOLVE,369304,MÆRSK INSPIRER,24.0,10.749290208333333,%,production,OP,2897.780185225125,223.547706125,2391.2573997475,231.324514593,90.795649321,506.522785477625,,76.99951325,935.7979318,843.594375277,52.897302100000005,0.9014706558010369,0.05350213117882817
2015-02-09,NO 15/9-F-15 D,7289,15/9-F-15 D,3420717,VOLVE,369304,MÆRSK INSPIRER,24.0,10.561365208333333,%,production,OP,2900.7231150236253,223.528739,2393.8888211598746,229.947088707,92.17789167725,506.8342938637501,,81.772482125,1063.9213615,975.7907169630001,52.7086078,0.9171643246144184,0.04720328958485889
2015-02-10,NO 15/9-F-15 D,7289,15/9-F-15 D,3420717,VOLVE,369304,MÆRSK INSPIRER,24.0,10.75734875,%,production,OP,2899.75834944225,223.513529,2398.704363771,228.40421978737498,86.79833858687499,501.05398567125,,81.220758125,918.7525466999999,793.007126968,53.1488945,0.8631346164060653,0.05468547760807663
2015-02-11,NO 15/9-F-15 D,7289,15/9-F-15 D,3420717,VOLVE,369304,MÆRSK INSPIRER,24.0,10.721637708333333,%,production,OP,2894.89935888525,223.538007125,2390.980217021375,229.33190398675,89.222630627125,503.919141863875,,76.78533725,1125.2470090000002,966.5230802420001,61.703036100000006,0.8589430342951482,0.05198452652217688
2015-02-12,NO 15/9-F-15 D,7289,15/9-F-15 D,3420717,VOLVE,369304,MÆRSK INSPIRER,24.0,10.628753958333334,%,production,OP,2906.055817818375,223.48223037500003,2405.1171343355,224.683028167375,86.117859572,500.938683482875,,79.020601625,1100.5909537999999,942.69413327,60.63376840000001,0.8565345099513756,0.05221536128263461
2015-02-13,NO 15/9-F-15 D,7289,15/9-F-15 D,3420717,VOLVE,369304,MÆRSK INSPIRER,24.0,10.66327875,%,production,OP,2870.8815347673744,221.84242259428825,2373.9150806384496,224.65745466385306,85.1870246912934,496.9664541289252,,73.764393298525,1134.1156411,970.042896391,61.703036100000006,0.8553297928685096,0.05159899011150853
2015-02-14,NO 15/9-F-15 D,7289,15/9-F-15 D,3420717,VOLVE,369304,MÆRSK INSPIRER,24.0,10.65594875,%,production,OP,2908.589272105,223.47660875000003,2407.4635107535,220.795181842125,86.69346100474999,501.12576135149993,,69.625389125,1113.7366567,950.926342987,61.9546285,0.8538161487874462,0.052696340680505036
2015-02-15,NO 15/9-F-15 D,7289,15/9-F-15 D,3420717,VOLVE,369304,MÆRSK INSPIRER,24.0,10.58965,%,production,OP,2882.577053211105,221.94672719646445,2389.479624726365,216.6833147555943,81.9746142907487,493.09742848474,,65.35715714821245,1126.5678691,959.270147156,62.3949152,0.8514978755095759,0.0524784425752526
2015-02-16,NO 15/9-F-15 D,7289,15/9-F-15 D,3420717,VOLVE,369304,MÆRSK INSPIRER,24.0,10.82637875,%,production,OP,2897.519751366375,223.539009875,2398.4186509975,223.135466664125,84.4641000365,499.10110036887494,,69.698573375,1119.8377724,955.137267815,58.369436799999995,0.852924674766043,0.049540892590219945
2015-02-17,NO 15/9-F-15 D,7289,15/9-F-15 D,3420717,VOLVE,369304,MÆRSK INSPIRER,24.0,9.980214565217391,%,production,OP,2905.0873740058605,223.50765493023255,2407.704533271628,221.97928282548838,82.47604084074419,497.38284073423256,,75.67853627906977,1092.6028951,942.0471679660001,58.998417800000006,0.8622045321230634,0.05123163471516741
2015-02-18,NO 15/9-F-15 D,7289,15/9-F-15 D,3420717,VOLVE,369304,MÆRSK INSPIRER,24.0,10.754999375,%,production,OP,2898.887918993375,223.54268487500002,2403.9917180177504,224.451239313625,80.489693219875,494.89620097562505,,75.6565595,1137.0089537000001,954.30560663,56.2937995,0.8393123057866382,0.04717478389205144
2015-02-19,NO 15/9-F-15 D,7289,15/9-F-15 D,3420717,VOLVE,369304,MÆRSK INSPIRER,24.0,10.758852916666667,%,production,OP,2895.2442229897497,223.571614625,2400.8272970635,226.92765136350002,79.86134932275,494.41692592625003,,76.1429,1150.3433509,960.6887386550001,57.363067199999996,0.8351321698025039,0.04749752617051196
2015-02-20,NO 15/9-F-15 D,7289,15/9-F-15 D,3420717,VOLVE,369304,MÆRSK INSPIRER,24.0,10.746390416666667,%,production,OP,2904.198763352875,223.53858874999997,2409.710551249625,224.40653135012502,76.050167667,494.48821210324996,,78.553066625,1122.6681869000001,942.2484617560001,65.0366354,0.8392938116094755,0.05475824815972037
2015-02-21,NO 15/9-F-15 D,7289,15/9-F-15 D,3420717,VOLVE,369304,MÆRSK INSPIRER,24.0,10.780279791666667,%,production,OP,2896.625567923375,223.57939025000002,2404.080632355,227.842711213625,77.553036314875,492.54493556837497,,82.581587,1100.0248709,922.235974413,62.3320171,0.8383773847390017,0.053625541125541125
2015-02-22,NO 15/9-F-15 D,7289,15/9-F-15 D,3420717,VOLVE,369304,MÆRSK INSPIRER,24.0,10.533750208333334,%,production,OP,2918.4139377328747,223.483338125,2422.667116081875,217.753021878625,80.672453186375,495.746821651,,77.314104875,1127.3226462999999,944.399126986,60.256379800000005,0.8377363216161979,0.05073883798527621
2015-02-23,NO 15/9-F-15 D,7289,15/9-F-15 D,3420717,VOLVE,369304,MÆRSK INSPIRER,24.0,10.787417708333333,%,production,OP,2896.202975537375,223.59043400000002,2401.8261828343752,225.554579639125,79.13395957975,494.37679270300004,,75.63384500000001,1141.9779036,964.4441038530001,57.48886340000001,0.8445383232133146,0.04792868379653908
2015-02-24,NO 15/9-F-15 D,7289,15/9-F-15 D,3420717,VOLVE,369304,MÆRSK INSPIRER,24.0,10.597275,%,production,OP,2906.5865481198753,223.551955625,2409.695165135125,222.804538294125,78.72577430175,496.89138298475007,,77.121538625,1105.2454132,921.788537164,58.2436406,0.8340125425132142,0.05005946588820413
2015-02-25,NO 15/9-F-15 D,7289,15/9-F-15 D,3420717,VOLVE,369304,MÆRSK INSPIRER,24.0,10.54062125,%,production,OP,2920.560892944125,223.482039875,2428.857217056875,217.86117188062502,76.04497651525,491.70367588725,,81.71033375,1112.1642042,914.701583168,58.6210292,0.8224519182632402,0.05006983990544751
2015-02-26,NO 15/9-F-15 D,7289,15/9-F-15 D,3420717,VOLVE,369304,MÆRSK INSPIRER,24.0,10.593517916666666,%,production,OP,2913.806219467625,223.5239645,2419.382494885125,218.930730438625,79.182048741625,494.42372458250003,,75.98746775,1114.2398415,918.4202210780002,53.5891812,0.8242572082520531,0.04588786556794312
2015-02-27,NO 15/9-F-15 D,7289,15/9-F-15 D,3420717,VOLVE,369304,MÆRSK INSPIRER,24.0,10.531793958333333,%,production,OP,2915.0868083156247,223.52527137500002,2421.64476437125,220.230585167625,78.715772723,493.442043944375,,77.771027,988.6952339,825.4200180690001,72.8988979,0.8348578912563929,0.06866927361061737
2015-02-28,NO 15/9-F-15 D,7289,15/9-F-15 D,3420717,VOLVE,369304,MÆRSK INSPIRER,24.0,10.680147083333333,%,production,OP,2909.31154321525,223.55364125,2417.50435249875,221.701726753,76.8636495495,491.8071907165,,76.83801125,992.4691199,850.78762652,73.4020827,0.8572434239623741,0.06886580904048152
2015-03-01,NO 15/9-F-15 D,7289,15/9-F-15 D,3420717,VOLVE,369304,MÆRSK INSPIRER,24.0,10.664529791666666,%,production,OP,2904.735579207125,223.57853975,2413.1252624675,223.4686401015,77.151601347125,491.61031673962503,,76.432379375,992.0288332,845.4579319960001,72.6473055,0.8522513698203666,0.0682341820759733
2015-03-02,NO 15/9-F-15 D,7289,15/9-F-15 D,3420717,VOLVE,369304,MÆRSK INSPIRER,24.0,10.674301041666666,%,production,OP,2922.3969954618747,223.50179825,2429.4820981717503,218.726335637125,68.1958402475,492.914897290125,,82.3429715,987.3743738,840.1179962090001,72.332815,0.8508606446567271,0.06825735992402658
2015-03-03,NO 15/9-F-15 D,7289,15/9-F-15 D,3420717,VOLVE,369304,MÆRSK INSPIRER,24.0,11.22627625,%,production,OP,2932.2174852040002,223.440456125,2448.4406194767503,212.40385424925,56.8911675865,483.77686572725,,80.643850625,1024.7987433,867.634857302,74.0939618,0.8466392674410298,0.06742602026214871
2015-03-04,NO 15/9-F-15 D,7289,15/9-F-15 D,3420717,VOLVE,369304,MÆRSK INSPIRER,24.0,10.414788333333334,%,production,OP,2879.3440206575683,222.5155899868797,2390.8887444231877,224.20956237086102,65.42061193263062,488.45527623438056,,84.89663739320764,1015.9301112,861.145074883,71.51513969999999,0.847642042882093,0.06576435884088147
2015-03-05,NO 15/9-F-15 D,7289,15/9-F-15 D,3420717,VOLVE,369304,MÆRSK INSPIRER,24.0,10.872814375,%,production,OP,2902.37013331375,223.59069837500002,2414.9314055733753,226.29553043512502,68.200275993,487.438727740375,,81.421691375,999.3250128,849.30440912,72.8359998,0.8498780659360676,0.06793382611756422
2015-03-06,NO 15/9-F-15 D,7289,15/9-F-15 D,3420717,VOLVE,369304,MÆRSK INSPIRER,24.0,10.515878125,%,production,OP,2907.943439042375,223.55974925,2419.722476043625,222.8243571325,73.652994711125,488.22096299875,,81.877414625,946.8679973999999,800.452878316,71.1377511,0.8453690276933633,0.06987951807228916
2015-03-07,NO 15/9-F-15 D,7289,15/9-F-15 D,3420717,VOLVE,369304,MÆRSK INSPIRER,24.0,10.557834791666666,%,production,OP,2903.25478050825,223.57158012500003,2415.64425223525,222.10783919624998,72.98985075887501,487.61052827299994,,76.64761625,941.5845569999999,801.5638787780001,71.3264454,0.8512925077402265,0.07041728763040239
2015-03-08,NO 15/9-F-15 D,7289,15/9-F-15 D,3420717,VOLVE,369304,MÆRSK INSPIRER,24.0,10.360017291666667,%,production,OP,2900.622244759149,223.57400344680852,2414.0353231997874,223.42570345314894,71.85418283897872,486.5869215593617,,82.51167621276596,941.9619455999999,801.122445028,71.51513969999999,0.850482812782538,0.07056414075591137
2015-03-09,NO 15/9-F-15 D,7289,15/9-F-15 D,3420717,VOLVE,369304,MÆRSK INSPIRER,24.0,10.560605416666666,%,production,OP,2900.595644751375,223.56568062499997,2412.55868965025,221.45916882775,73.44237838375,488.036955101125,,79.03369062499999,954.9189542,805.2892264810001,71.6409359,0.843306359078028,0.0697873904785246
2015-03-10,NO 15/9-F-15 D,7289,15/9-F-15 D,3420717,VOLVE,369304,MÆRSK INSPIRER,24.0,10.5170575,%,production,OP,2904.696122827875,223.531515125,2419.66008855225,217.52807096225,70.394338338,485.036034275625,,80.1253655,946.0503221,788.760534293,71.1377511,0.8337405694679589,0.06993569131832798
2015-03-11,NO 15/9-F-15 D,7289,15/9-F-15 D,3420717,VOLVE,369304,MÆRSK INSPIRER,24.0,10.517509583333334,%,production,OP,2901.3216808063753,223.54069587499998,2413.611127681,218.8405016945,73.18333145087499,487.71055312537504,,79.374806,944.2891753,785.576560941,71.3893435,0.8319237173204097,0.07028734208570721
2015-03-12,NO 15/9-F-15 D,7289,15/9-F-15 D,3420717,VOLVE,369304,MÆRSK INSPIRER,24.0,10.599757916666666,%,production,OP,2901.472858748375,223.52113175,2418.19283579825,216.473276064,68.845377822375,483.28002295012493,,77.53480025,947.1824879000001,789.0395204230001,73.90526750000001,0.833038543789361,0.0723789577430085
2015-03-13,NO 15/9-F-15 D,7289,15/9-F-15 D,3420717,VOLVE,369304,MÆRSK INSPIRER,24.0,10.646068958333334,%,production,OP,2896.8651616345,223.53611862500003,2412.062535803625,216.633857303,70.338329497,484.80262583087506,,75.358022375,937.6848748000001,790.3002552130001,71.7667321,0.842820734824761,0.07109477225995388
2015-03-14,NO 15/9-F-15 D,7289,15/9-F-15 D,3420717,VOLVE,369304,MÆRSK INSPIRER,24.0,10.5228275,%,production,OP,2901.571835096875,223.500717125,2416.48405851475,214.5381428085,70.800686468,485.08777658212495,,74.00316875,935.7979318,783.37186422,71.2635473,0.8371164731184972,0.0707638498532259
2015-03-15,NO 15/9-F-15 D,7289,15/9-F-15 D,3420717,VOLVE,369304,MÆRSK INSPIRER,24.0,10.643696458333334,%,production,OP,2903.0536158238747,223.47324199999997,2421.85878607,211.886688022375,66.673802410625,481.19482975387496,,73.57472975,934.9802565000001,774.828531996,71.9554264,0.828711116207404,0.07145980386032855
2015-03-16,NO 15/9-F-15 D,7289,15/9-F-15 D,3420717,VOLVE,369304,MÆRSK INSPIRER,24.0,10.405034791666667,%,production,OP,2901.5776607898747,223.48117399999998,2415.883365508,211.13627349687502,71.00422312799999,485.69429528187504,,70.884876125,930.2000009,767.3887841469999,71.9554264,0.8249718161734307,0.07180066528588464
2015-03-17,NO 15/9-F-15 D,7289,15/9-F-15 D,3420717,VOLVE,369304,MÆRSK INSPIRER,24.0,10.673899791666667,%,production,OP,2899.7977816485,223.46741487499997,2420.39775182025,208.8737562375,64.64541274275,479.40002982825,,70.366387625,957.3719801000001,782.9343150870001,71.5780378,0.8177953098284958,0.06956415428815942
2015-03-18,NO 15/9-F-15 D,7289,15/9-F-15 D,3420717,VOLVE,369304,MÆRSK INSPIRER,24.0,10.536312083333334,%,production,OP,2891.5872288145,223.507976,2409.5854287800003,215.631448317375,66.316404605625,482.0018000345,,85.40599475,954.8560561,779.40602341,70.8232606,0.8162549930231311,0.06905010118354081
2015-03-19,NO 15/9-F-15 D,7289,15/9-F-15 D,3420717,VOLVE,369304,MÆRSK INSPIRER,24.0,10.492832083333333,%,production,OP,2896.3062667663753,223.47443,2416.3276773345,212.817898458125,64.9275781285,479.97858943187504,,85.63792512500001,954.1012789,784.066857516,70.8232606,0.8217857735396439,0.06910095121202822
2015-03-20,NO 15/9-F-15 D,7289,15/9-F-15 D,3420717,VOLVE,369304,MÆRSK INSPIRER,24.0,10.462699791666667,%,production,OP,2899.419090452125,223.45552775000002,2420.02972998175,209.667890655125,64.274843674375,479.389360470375,,83.90333225,977.8767607,800.228629971,76.5469877,0.8183328023852076,0.07259603913147221
2015-03-21,NO 15/9-F-15 D,7289,15/9-F-15 D,3420717,VOLVE,369304,MÆRSK INSPIRER,24.0,10.548623958333334,%,production,OP,2893.4612043800003,223.480139375,2414.34812014825,210.505421651,64.098525812375,479.11308423175,,85.92969987500001,993.6012857000001,811.0829561630001,72.332815,0.8163062667452021,0.06785861804449164
2015-03-22,NO 15/9-F-15 D,7289,15/9-F-15 D,3420717,VOLVE,369304,MÆRSK INSPIRER,8.29167,4.394221666666667,%,production,OP,2895.1263848573903,223.48705091202618,2412.605267130917,211.2887216917328,64.91693797374855,482.52111772647356,,80.20543605749143,183.15926720000002,155.918638264,14.026276300000001,0.8512735426799086,0.07113237639553428
2015-03-23,NO 15/9-F-15 D,7289,15/9-F-15 D,3420717,VOLVE,369304,MÆRSK INSPIRER,0.0,1.2167839583333333,%,production,OP,3585.863237256,219.11585,2443.105499382,85.16341284,728.2482712679999,1142.757737874,,50.087317999999996,0.0,0.0,0.0,,
2015-03-24,NO 15/9-F-15 D,7289,15/9-F-15 D,3420717,VOLVE,369304,MÆRSK INSPIRER,0.0,1.220065,%,production,OP,3671.910656706,218.257916,2482.140881664,70.726185282,775.319774016,1189.769775042,,51.992564,0.0,0.0,0.0,,
2015-03-25,NO 15/9-F-15 D,7289,15/9-F-15 D,3420717,VOLVE,369304,MÆRSK INSPIRER,9.375,3.623861041666667,%,production,OP,3327.32654903192,220.18518032,2512.3861798746398,83.88701849096,384.37289468168,814.94036915728,,59.24739824,199.89016180000002,169.491490062,15.535830700000002,0.8479231220573257,0.07211678832116789
2015-03-26,NO 15/9-F-15 D,7289,15/9-F-15 D,3420717,VOLVE,369304,MÆRSK INSPIRER,24.0,8.272523125,%,production,OP,3034.9035612787497,222.76424075,2377.751119743875,140.416355065125,220.639483549125,657.152441534875,,63.076547375000004,833.9030098000001,687.960726642,62.4578133,0.8249888998565886,0.06967932074942108
2015-03-27,NO 15/9-F-15 D,7289,15/9-F-15 D,3420717,VOLVE,369304,MÆRSK INSPIRER,24.0,9.5553925,%,production,OP,2951.55911834275,223.462892375,2414.557400917375,187.686191234875,119.05351163949999,537.001717425375,,78.48317075,928.6275483999999,750.640787672,67.1122727,0.8083335336813275,0.06739940622828629
2015-03-28,NO 15/9-F-15 D,7289,15/9-F-15 D,3420717,VOLVE,369304,MÆRSK INSPIRER,24.0,10.357173333333334,%,production,OP,2896.434280931125,223.767749375,2399.761137833625,230.90058060549998,81.110794281875,496.67314309750003,,73.747527125,934.6028679000001,702.695078923,70.445872,0.7518648862076747,0.07009199574441453
2015-03-29,NO 15/9-F-15 D,7289,15/9-F-15 D,3420717,VOLVE,369304,MÆRSK INSPIRER,24.0,9.700157391304348,%,production,OP,2894.8196489671363,223.76284086363637,2397.815501684318,238.98172987663636,81.28232781272727,497.00414728281817,,81.97689036363636,873.5917109,705.0943596410001,65.4769221,0.8071211652347194,0.06972538513060951
2015-03-30,NO 15/9-F-15 D,7289,15/9-F-15 D,3420717,VOLVE,369304,MÆRSK INSPIRER,24.0,9.947732291666666,%,production,OP,2894.340152146851,223.7667305957447,2396.4534033271916,240.49574102093615,78.61130884634044,497.8867488196596,,80.518712,913.4691062999999,740.635426868,70.1942796,0.8107941711000369,0.07136006138499905
2015-03-31,NO 15/9-F-15 D,7289,15/9-F-15 D,3420717,VOLVE,369304,MÆRSK INSPIRER,24.0,9.980376458333334,%,production,OP,2898.584067405,223.756740125,2400.0466542015,240.307805718,82.31483328212501,498.5374132035,,77.40688399999999,912.7143291000001,728.2410266090001,68.43313280000001,0.7978849497488403,0.0697480607731265
2015-04-01,NO 15/9-F-15 D,7289,15/9-F-15 D,3420717,VOLVE,369304,MÆRSK INSPIRER,24.0,9.857406666666666,%,production,OP,2914.9978123945,223.68349999999998,2417.3044871131247,232.632542817625,82.1958265815,497.693325281375,,77.977346375,869.5662325000001,714.823559491,67.1751708,0.8220461337785445,0.07171154233532531
2015-04-02,NO 15/9-F-15 D,7289,15/9-F-15 D,3420717,VOLVE,369304,MÆRSK INSPIRER,24.0,9.705324583333333,%,production,OP,2918.38834759075,223.67194362499998,2418.98099042,232.65600573575,84.442425920375,499.40735717074995,,80.35331000000001,877.3026987999999,717.8726306890001,66.48329170000001,0.8182724522230777,0.07044318560479841
2015-04-03,NO 15/9-F-15 D,7289,15/9-F-15 D,3420717,VOLVE,369304,MÆRSK INSPIRER,24.0,9.931889375,%,production,OP,2907.66577285625,223.709564,2413.023889970375,238.452721352,79.130977235875,494.64188288587496,,83.127611375,884.0327955000001,712.463124943,67.1122727,0.8059238622929571,0.07055944980822641
2015-04-04,NO 15/9-F-15 D,7289,15/9-F-15 D,3420717,VOLVE,369304,MÆRSK INSPIRER,24.0,9.689124583333333,%,production,OP,2907.426022020625,223.713668375,2409.301686106,239.46233691325,83.45918612375,498.124335914625,,83.729767625,867.2390028,708.118357402,65.8543107,0.8165204229926731,0.07057633973710818
2015-04-05,NO 15/9-F-15 D,7289,15/9-F-15 D,3420717,VOLVE,369304,MÆRSK INSPIRER,24.0,9.8915325,%,production,OP,2897.402379364875,223.73834,2404.3715906694997,240.61066621337503,78.378804124625,493.030788695375,,83.346264875,874.7238767,716.2244936400001,66.2945974,0.8188006669510867,0.07044983624089299
2015-04-06,NO 15/9-F-15 D,7289,15/9-F-15 D,3420717,VOLVE,369304,MÆRSK INSPIRER,24.0,9.890306666666667,%,production,OP,2891.02214868,223.76242399999998,2398.7186107328753,243.650251752375,77.628057220375,492.303537947125,,83.82847212499999,874.4093862000001,713.870415738,67.1751708,0.8164029652521586,0.07134268537074148
2015-04-07,NO 15/9-F-15 D,7289,15/9-F-15 D,3420717,VOLVE,369304,MÆRSK INSPIRER,24.0,9.923466875,%,production,OP,2889.952792570875,223.088568125,2400.210658941625,241.43480536725002,75.251766714875,489.74213362924996,,83.96722774999999,870.8241945,710.337886297,62.583609499999994,0.8157075685119817,0.06704851752021564
2015-04-08,NO 15/9-F-15 D,7289,15/9-F-15 D,3420717,VOLVE,369304,MÆRSK INSPIRER,24.0,9.687821875,%,production,OP,2909.1376728695,223.661226875,2414.72137544125,234.57020517325003,75.427570900625,494.41629742825006,,83.301671375,860.9491928,700.837172556,61.765934200000004,0.8140284913639564,0.06693933197000683
2015-04-09,NO 15/9-F-15 D,7289,15/9-F-15 D,3420717,VOLVE,369304,MÆRSK INSPIRER,24.0,10.223244166666667,%,production,OP,2900.495103201125,223.67143512500002,2413.307052492375,232.86100788387503,61.730741181249996,487.18805070875,,80.435760125,889.379134,724.664000646,63.8415715,0.8147976188589106,0.06697459584295612
2015-04-10,NO 15/9-F-15 D,7289,15/9-F-15 D,3420717,VOLVE,369304,MÆRSK INSPIRER,24.0,10.016740625,%,production,OP,2900.90514073525,223.66703524999997,2410.718202754625,232.446168987625,64.85670289250001,490.18693798062503,,79.216412375,868.1824743000001,713.354467971,63.212590500000005,0.8216642112548572,0.06786871961102106
2015-04-11,NO 15/9-F-15 D,7289,15/9-F-15 D,3420717,VOLVE,369304,MÆRSK INSPIRER,24.0,10.136208333333334,%,production,OP,2900.976967783125,223.64631837500002,2414.1003106387498,227.890401521,61.35228869325,486.876657144375,,77.1450005,878.5606608,716.212486642,63.4641829,0.81521119553638,0.06736996728316752
2015-04-12,NO 15/9-F-15 D,7289,15/9-F-15 D,3420717,VOLVE,369304,MÆRSK INSPIRER,24.0,10.137731458333333,%,production,OP,2897.03342384425,223.653018875,2411.3898827975,228.24776608812502,60.387402246875,485.64354104675,,78.0295865,880.3218076,723.115804198,63.4012848,0.821422118542551,0.0671820847773927
2015-04-13,NO 15/9-F-15 D,7289,15/9-F-15 D,3420717,VOLVE,369304,MÆRSK INSPIRER,24.0,10.140717291666666,%,production,OP,2895.9578099497503,223.64291450000002,2410.83758413675,227.113260722375,60.118661941,485.12022581299993,,80.4694895,878.9380494000001,740.039667879,64.2818582,0.8419702257561635,0.06815150706855161
2015-04-14,NO 15/9-F-15 D,7289,15/9-F-15 D,3420717,VOLVE,369304,MÆRSK INSPIRER,24.0,9.944408333333334,%,production,OP,2909.898312574,223.56299825000002,2425.727998033875,220.803630305625,58.969151185499996,484.17031454012505,,79.366032125,871.138685,733.622280595,65.7285145,0.8421417774541834,0.07015777106411548
2015-04-15,NO 15/9-F-15 D,7289,15/9-F-15 D,3420717,VOLVE,369304,MÆRSK INSPIRER,24.0,10.064482708333333,%,production,OP,2894.5570333314895,223.61451493617022,2413.161605030042,226.21104715021278,55.7939461159149,481.39542830144677,,84.8824209787234,893.0272238,743.1960957650001,68.3073366,0.832221096914112,0.07105469772310913
2015-04-16,NO 15/9-F-15 D,7289,15/9-F-15 D,3420717,VOLVE,369304,MÆRSK INSPIRER,24.0,9.951598541666666,%,production,OP,2908.318051045,223.553295125,2424.2891032305,220.368715732875,58.39959300275,484.0289478145,,84.04399550000001,879.2525399,732.812161377,68.3073366,0.833449012794828,0.07208762031198142
2015-04-17,NO 15/9-F-15 D,7289,15/9-F-15 D,3420717,VOLVE,369304,MÆRSK INSPIRER,24.0,10.021078125,%,production,OP,2896.156787041915,223.5985470212766,2415.7432876018725,225.09141859442553,54.50259565404256,480.41349944004253,,87.57571846808511,907.4937868000001,757.8612312340001,70.3200758,0.8351145123608686,0.07191560530039881
2015-04-18,NO 15/9-F-15 D,7289,15/9-F-15 D,3420717,VOLVE,369304,MÆRSK INSPIRER,24.0,9.784632708333334,%,production,OP,2897.504662206894,223.59487923404257,2416.6310775435322,224.06382745034043,59.54807576285106,480.87358466336167,,86.12965859574469,884.9762669999999,739.8705104659999,70.5716682,0.8360342961219772,0.07385466034755135
2015-04-19,NO 15/9-F-15 D,7289,15/9-F-15 D,3420717,VOLVE,369304,MÆRSK INSPIRER,24.0,9.615492916666666,%,production,OP,2896.4435425974893,223.60366629787234,2417.8392409976173,224.63865933306383,63.964961179659575,478.6043015998724,,87.2398139574468,883.0264258999999,716.1111334530001,70.3829739,0.8109736157931218,0.07382240401108325
2015-04-20,NO 15/9-F-15 D,7289,15/9-F-15 D,3420717,VOLVE,369304,MÆRSK INSPIRER,24.0,9.863007916666668,%,production,OP,2899.735176600125,223.5924845,2422.5490823445,224.34534042225,62.204538024499996,477.18609425562505,,87.9433145,885.4165537000001,721.7498316020001,70.445872,0.8151528549877844,0.07369875633348685
2015-04-21,NO 15/9-F-15 D,7289,15/9-F-15 D,3420717,VOLVE,369304,MÆRSK INSPIRER,24.0,9.890640208333334,%,production,OP,2897.864325394875,223.60650987499997,2420.56082287825,224.351422953375,62.117503138,477.30350251662503,,87.615315875,894.2851858,739.030020606,67.04937460000001,0.8263918852070511,0.0697461397539911
2015-04-22,NO 15/9-F-15 D,7289,15/9-F-15 D,3420717,VOLVE,369304,MÆRSK INSPIRER,24.0,9.874326875,%,production,OP,2896.096904413375,223.621176125,2418.559065813125,225.276614312125,62.427848198499994,477.53783860025004,,87.58876212499999,893.7191029,734.103973103,68.49603090000001,0.8214034708678934,0.07118577591842071
2015-04-23,NO 15/9-F-15 D,7289,15/9-F-15 D,3420717,VOLVE,369304,MÆRSK INSPIRER,24.0,9.936017083333333,%,production,OP,2894.950765791375,223.62883325,2418.499125838,225.45490529525,61.39224666225,476.451639953375,,86.09841875000001,937.3074862000001,761.304061337,68.0557442,0.81222445413666,0.0676926926926927
2015-04-24,NO 15/9-F-15 D,7289,15/9-F-15 D,3420717,VOLVE,369304,MÆRSK INSPIRER,24.0,9.757249583333333,%,production,OP,2899.2329976332503,223.618834625,2420.9812306293747,224.678172416,63.76460603362501,478.251767003875,,87.05731812500001,921.8345536,749.1155457790001,67.04937460000001,0.8126355676878372,0.0678030784887419
2015-04-25,NO 15/9-F-15 D,7289,15/9-F-15 D,3420717,VOLVE,369304,MÆRSK INSPIRER,24.0,9.933571875,%,production,OP,2906.4468342231253,223.58237225,2432.468264402375,219.653158673375,59.120510425000006,473.97856982074995,,85.55862275,924.2246814,750.9515570320001,68.6847252,0.8125205614445086,0.06917521854808058
2015-04-26,NO 15/9-F-15 D,7289,15/9-F-15 D,3420717,VOLVE,369304,MÆRSK INSPIRER,24.0,9.898348541666667,%,production,OP,2894.1314400861247,223.65095075000002,2417.46673931075,224.58058903662499,61.98760045762499,476.664700775375,,85.64318937499999,920.3878973000001,747.027034421,67.36386510000001,0.8116436956770487,0.06819918492103923
2015-04-27,NO 15/9-F-15 D,7289,15/9-F-15 D,3420717,VOLVE,369304,MÆRSK INSPIRER,24.0,9.976819583333333,%,production,OP,2899.75019105475,223.623420875,2425.417459589375,222.51591569575,59.652186495125,474.332731465375,,84.433775,929.9484085,752.618410872,67.99284610000001,0.8093120048304271,0.06813311483675785
2015-04-28,NO 15/9-F-15 D,7289,15/9-F-15 D,3420717,VOLVE,369304,MÆRSK INSPIRER,24.0,10.067690208333334,%,production,OP,2895.90821904025,223.63998275,2422.047785692125,223.044352583875,58.80621912225,473.86043334812496,,80.24683025,932.2127401,753.262904147,67.7412537,0.8080375559619537,0.0677443703610517
2015-04-29,NO 15/9-F-15 D,7289,15/9-F-15 D,3420717,VOLVE,369304,MÆRSK INSPIRER,24.0,9.989593958333334,%,production,OP,2897.207720239125,223.63506387500001,2423.256707638375,223.55890812675,58.342094500625,473.95101260074995,,80.69320175,928.375956,747.622440263,65.9801069,0.8053013818714194,0.06635460813460686
2015-04-30,NO 15/9-F-15 D,7289,15/9-F-15 D,3420717,VOLVE,369304,MÆRSK INSPIRER,24.0,10.004769791666666,%,production,OP,2900.6951075815,223.61906525,2426.970925347875,222.349324444625,57.304263005125,473.72418223362496,,85.709294375,933.0304154,751.342137614,65.2253297,0.8052707877608595,0.06533929809085755
2015-05-01,NO 15/9-F-15 D,7289,15/9-F-15 D,3420717,VOLVE,369304,MÆRSK INSPIRER,24.0,9.972887916666666,%,production,OP,2908.750726593625,223.577357,2437.661256322,218.553619552125,55.67536842175,471.08947027162503,,87.17799275,930.5144914,745.359474287,65.0366354,0.801018663519763,0.06532726813242355
2015-05-02,NO 15/9-F-15 D,7289,15/9-F-15 D,3420717,VOLVE,369304,MÆRSK INSPIRER,24.0,10.068530416666666,%,production,OP,2901.2516183875,223.61004837500002,2430.002116812625,221.09320169425,56.025423678,471.24950157487496,,87.455196875,929.0049369999999,743.1568964480001,65.2253297,0.7999493510205105,0.06560384639716582
2015-05-03,NO 15/9-F-15 D,7289,15/9-F-15 D,3420717,VOLVE,369304,MÆRSK INSPIRER,24.0,10.1614525,%,production,OP,2890.44293338375,223.65595962499998,2418.7402847508747,224.256072554875,58.886313336125,471.702648632875,,80.103802625,922.5893308000001,746.5524048530001,65.414024,0.8091925409603924,0.06620830150241915
2015-05-04,NO 15/9-F-15 D,7289,15/9-F-15 D,3420717,VOLVE,369304,MÆRSK INSPIRER,24.0,9.980300833333333,%,production,OP,2893.334679876375,223.63986725,2420.51731147825,222.42473513975,57.2957269145,472.817368398125,,78.730149125,894.410982,730.0943420650001,65.09953349999999,0.8162850823146536,0.06784660766961652
2015-05-05,NO 15/9-F-15 D,7289,15/9-F-15 D,3420717,VOLVE,369304,MÆRSK INSPIRER,17.16667,8.172239375,%,production,OP,2925.085001484389,223.17839387235847,2440.5324505991557,193.51220081736525,70.39788954489198,484.55255088523336,,80.1015661983891,561.9945235,461.60409405200005,40.8208669,0.8213676019068895,0.06771702838063438
2015-05-06,NO 15/9-F-15 D,7289,15/9-F-15 D,3420717,VOLVE,369304,MÆRSK INSPIRER,24.0,11.436753125,%,production,OP,2906.71564100475,223.54693175,2450.8376141567496,206.889995970875,40.44153173525,455.878026848,,74.313309125,961.9635414,788.998202224,71.2635473,0.8201955357639918,0.06897181469531868
2015-05-07,NO 15/9-F-15 D,7289,15/9-F-15 D,3420717,VOLVE,369304,MÆRSK INSPIRER,24.0,10.202910208333334,%,production,OP,2898.2345348898752,223.60748675,2430.423029175125,219.95255638650002,52.6352208605,467.81150571475,,78.972353375,891.8950580000001,726.730263743,65.6656164,0.8148158880626962,0.06857593273778245
2015-05-08,NO 15/9-F-15 D,7289,15/9-F-15 D,3420717,VOLVE,369304,MÆRSK INSPIRER,24.0,10.18997375,%,production,OP,2898.97875810575,223.598159375,2431.91856736075,220.66550880525,51.720647492,467.06019074499994,,80.435327375,880.4476037999999,737.287593308,65.5398202,0.8374008744255499,0.06928191489361703
2015-05-09,NO 15/9-F-15 D,7289,15/9-F-15 D,3420717,VOLVE,369304,MÆRSK INSPIRER,24.0,10.231977083333334,%,production,OP,2886.7843921365,223.64547499999998,2418.7584628468753,224.218731313125,52.992147292,468.025929289625,,76.405322375,885.4794518,723.2831958760001,65.9172088,0.8168266292410425,0.06928467539336242
2015-05-10,NO 15/9-F-15 D,7289,15/9-F-15 D,3420717,VOLVE,369304,MÆRSK INSPIRER,24.0,10.03576375,%,production,OP,2891.00535448825,223.61917025,2421.510975881125,223.313047565375,54.263284497,469.49437860712493,,80.794248875,873.9690995,715.7791752730001,64.9108392,0.8189982639918267,0.06913646412541033
2015-05-11,NO 15/9-F-15 D,7289,15/9-F-15 D,3420717,VOLVE,369304,MÆRSK INSPIRER,24.0,9.946110625,%,production,OP,2898.723337122875,223.570382,2430.309113912625,217.510394456,53.300860675,468.41422321025004,,77.297428625,868.9372515,710.776141724,64.2189601,0.8179832784208815,0.0688190887031545
2015-05-12,NO 15/9-F-15 D,7289,15/9-F-15 D,3420717,VOLVE,369304,MÆRSK INSPIRER,24.0,9.877381875,%,production,OP,2904.6743459765,223.53418625,2437.468709312125,214.00153242475,51.96159791275,467.20563666437505,,77.46462762499999,863.5909130000001,705.364517096,63.8415715,0.8167808466692376,0.0688368938623262
2015-05-13,NO 15/9-F-15 D,7289,15/9-F-15 D,3420717,VOLVE,369304,MÆRSK INSPIRER,24.0,9.996735208333334,%,production,OP,2893.2535945695,223.577745125,2426.700181704625,216.76345479925,52.181345590875,466.553412864875,,80.32629912499999,862.9619319999999,703.6439849120001,63.967367700000004,0.8153824158630443,0.06900997489312616
2015-05-14,NO 15/9-F-15 D,7289,15/9-F-15 D,3420717,VOLVE,369304,MÆRSK INSPIRER,24.0,9.844315208333333,%,production,OP,2898.598967037875,223.54635875,2432.006832048625,214.73908691424998,53.087265025375004,466.59213498925004,,83.723496875,807.8002983,657.67272104,57.48886340000001,0.8141526097775149,0.06643890383077707
2015-05-15,NO 15/9-F-15 D,7289,15/9-F-15 D,3420717,VOLVE,369304,MÆRSK INSPIRER,24.0,9.90906375,%,production,OP,2900.0932240545,223.52614925,2434.9238937155,212.8277338475,51.683375747625,465.16933033899994,,82.956513125,810.0017318,658.0972037340001,57.42596530000001,0.8124639465542438,0.06620259589587413
2015-05-16,NO 15/9-F-15 D,7289,15/9-F-15 D,3420717,VOLVE,369304,MÆRSK INSPIRER,24.0,9.878497083333333,%,production,OP,2898.0044713839998,223.52808349999998,2432.7351192142496,212.58576816075,51.7423185865,465.26935216975005,,81.528816875,813.7756178,659.109323036,57.3001691,0.8099398760777176,0.06578092281031121
2015-05-17,NO 15/9-F-15 D,7289,15/9-F-15 D,3420717,VOLVE,369304,MÆRSK INSPIRER,24.0,9.896111875,%,production,OP,2898.9612236158746,223.51417550000002,2434.860983483,211.516472484125,50.472435355875,464.100240132875,,83.481711875,812.1402672,660.218557763,57.237271,0.812936612586915,0.06583707133555201
2015-05-18,NO 15/9-F-15 D,7289,15/9-F-15 D,3420717,VOLVE,369304,MÆRSK INSPIRER,24.0,10.017814166666666,%,production,OP,2896.638044213,223.513245125,2433.4964569141252,210.71432471699998,49.638787148125004,463.141587298875,,78.02758212500001,811.5741843000001,663.712947328,57.48886340000001,0.8178093391431204,0.06615039444162987
2015-05-19,NO 15/9-F-15 D,7289,15/9-F-15 D,3420717,VOLVE,369304,MÆRSK INSPIRER,24.0,9.911965,%,production,OP,2894.144463289875,223.520312,2429.45607593725,211.410165673375,50.747481793125004,464.68838735262506,,79.68118325,811.9515729000001,659.3950189590001,57.1114748,0.8121112649660588,0.06571614677571108
2015-05-20,NO 15/9-F-15 D,7289,15/9-F-15 D,3420717,VOLVE,369304,MÆRSK INSPIRER,24.0,9.717209583333334,%,production,OP,2916.774313359125,223.40073462499998,2454.2232059744997,203.55184668725,48.858035507625,462.55110738462497,,85.7127815,803.7748199,651.637791957,56.4195957,0.8107218288302092,0.0655893536121673
2015-05-21,NO 15/9-F-15 D,7289,15/9-F-15 D,3420717,VOLVE,369304,MÆRSK INSPIRER,24.0,9.675745833333334,%,production,OP,2929.552088640125,223.328057375,2467.94610325275,197.3088128855,48.150733527625,461.605985387375,,81.7203485,791.1951999,649.573294595,57.1114748,0.8210025726610831,0.06732408986431379
2015-05-22,NO 15/9-F-15 D,7289,15/9-F-15 D,3420717,VOLVE,369304,MÆRSK INSPIRER,24.0,9.678434583333333,%,production,OP,2930.372278530125,223.32094625000002,2468.5646812578752,195.2360023085,47.7835305495,461.80759727225,,81.448176125,781.3830963,640.5182523679999,62.520711399999996,0.8197237122238472,0.07408511589774167
2015-05-23,NO 15/9-F-15 D,7289,15/9-F-15 D,3420717,VOLVE,369304,MÆRSK INSPIRER,24.0,9.689968125,%,production,OP,2924.36582285775,223.352280875,2461.3771751082504,197.29287683524998,47.837294323125,462.9886477495,,83.091415625,741.2541085,630.7660979630001,56.8598824,0.8509444881721018,0.07124280873197257
2015-05-24,NO 15/9-F-15 D,7289,15/9-F-15 D,3420717,VOLVE,369304,MÆRSK INSPIRER,24.0,9.75920625,%,production,OP,2928.993677232,223.330337,2463.9467831380002,194.986292196875,45.315663655125,465.04689409400004,,80.881124,795.660965,655.7625489170001,64.2818582,0.8241733323149768,0.07475131655939146
2015-05-25,NO 15/9-F-15 D,7289,15/9-F-15 D,3420717,VOLVE,369304,MÆRSK INSPIRER,24.0,9.742015,%,production,OP,2931.385538171125,223.305656,2470.0935389023753,193.81823168550002,45.712832088375,461.29199926875,,83.875514375,749.2421672,619.1362609590001,59.8160931,0.8263499947857714,0.07393298608411723
2015-05-26,NO 15/9-F-15 D,7289,15/9-F-15 D,3420717,VOLVE,369304,MÆRSK INSPIRER,24.0,9.744736458333334,%,production,OP,2918.92629353275,223.367410625,2456.3548808281253,198.40249005425,47.66645466725,462.571412704625,,84.0722915,773.5208338,638.3216780280001,59.124214,0.8252158831872436,0.07100770509140353
2015-05-27,NO 15/9-F-15 D,7289,15/9-F-15 D,3420717,VOLVE,369304,MÆRSK INSPIRER,24.0,9.548530208333334,%,production,OP,2910.655436649957,223.40190008510638,2448.2404185621704,200.73014486948935,47.96787153306383,462.41501808778725,,82.991518625,765.0924884,629.052275572,59.6273988,0.8221911535002857,0.07230018303843808
2015-05-28,NO 15/9-F-15 D,7289,15/9-F-15 D,3420717,VOLVE,369304,MÆRSK INSPIRER,24.0,9.645591666666666,%,production,OP,2899.5922839538753,223.4435605106383,2437.7516286897476,203.54915589804256,47.256651469787236,461.84065526412763,,81.96672429787233,783.3958355,648.352112269,66.3574955,0.8276175119761663,0.07809030347890451
2015-05-29,NO 15/9-F-15 D,7289,15/9-F-15 D,3420717,VOLVE,369304,MÆRSK INSPIRER,24.0,9.773806458333333,%,production,OP,2902.73137462575,223.417146125,2441.589299324625,202.7552556885,46.642096597625,461.142075301125,,81.618771875,783.2700393,646.864303958,61.765934200000004,0.8258509473132608,0.0730926684034239
2015-05-30,NO 15/9-F-15 D,7289,15/9-F-15 D,3420717,VOLVE,369304,MÆRSK INSPIRER,24.0,9.794415,%,production,OP,2909.759308759125,223.36657250000002,2451.3509670928747,199.171260951625,43.999915178625,458.40834166625,,85.6863635,777.5463122,644.321645558,64.15606199999999,0.8286601523900843,0.07622179046480346
2015-05-31,NO 15/9-F-15 D,7289,15/9-F-15 D,3420717,VOLVE,369304,MÆRSK INSPIRER,24.0,9.635754583333334,%,production,OP,2911.5606095502126,223.34634327659575,2454.072627985787,197.24421825778725,42.90336675893617,457.4879815644255,,80.20959531914893,783.4587336000001,651.2853512510001,59.061315900000004,0.8312950297437338,0.07010078387458007
2015-06-01,NO 15/9-F-15 D,7289,15/9-F-15 D,3420717,VOLVE,369304,MÆRSK INSPIRER,24.0,9.839590625,%,production,OP,2907.3903940402497,223.359146375,2449.424705328375,195.87517873125,43.553445911874995,457.965688711875,,78.402344,782.5781602000001,654.6406008980001,63.3383867,0.8365178511124007,0.0748754554241951
2015-06-02,NO 15/9-F-15 D,7289,15/9-F-15 D,3420717,VOLVE,369304,MÆRSK INSPIRER,24.0,9.885280625,%,production,OP,2905.988199894125,223.35751999999997,2448.3127986960003,195.153291367375,42.498004385875,457.67540119812503,,75.746950625,783.2700393,657.0949725480001,63.527080999999995,0.838912430680023,0.07502042635371017
2015-06-03,NO 15/9-F-15 D,7289,15/9-F-15 D,3420717,VOLVE,369304,MÆRSK INSPIRER,24.0,9.847999583333333,%,production,OP,2908.923950311625,223.331199875,2453.31583616,194.32597648562498,41.141530447625,455.608114151625,,83.432774,776.4770445,647.342818143,62.4578133,0.83369215191654,0.0744489428699955
2015-06-04,NO 15/9-F-15 D,7289,15/9-F-15 D,3420717,VOLVE,369304,MÆRSK INSPIRER,24.0,9.893282291666667,%,production,OP,2899.620629818,223.36655825,2443.498374086125,197.4375099375,41.934247723125004,456.122255731875,,85.478342,776.6028407,644.777911482,60.5708703,0.8302543818933523,0.07235161532682194
2015-06-05,NO 15/9-F-15 D,7289,15/9-F-15 D,3420717,VOLVE,369304,MÆRSK INSPIRER,24.0,9.839345208333333,%,production,OP,2906.796152202875,223.323191375,2450.6435744641253,193.48816750025,41.97887410275,456.15257773875004,,75.941052875,774.4643053,633.561962762,58.054946300000005,0.8180647686746267,0.06973405862798429
2015-06-06,NO 15/9-F-15 D,7289,15/9-F-15 D,3420717,VOLVE,369304,MÆRSK INSPIRER,24.0,9.80394875,%,production,OP,2916.3783686839997,223.259706875,2463.184254917875,188.858273529125,38.904814844125,453.194113766125,,79.975531625,771.3194003,630.679223801,57.992048200000006,0.8176628560823197,0.06992794842624195
2015-06-07,NO 15/9-F-15 D,7289,15/9-F-15 D,3420717,VOLVE,369304,MÆRSK INSPIRER,22.98334,9.4617825,%,production,OP,2935.3059497630275,223.1239754658139,2475.787282190213,181.13784272790886,39.9627672507742,459.518667572815,,81.75937960607814,787.4842120000001,661.49377158,70.1313815,0.8400089316076346,0.08177484415108177
2015-06-08,NO 15/9-F-15 D,7289,15/9-F-15 D,3420717,VOLVE,369304,MÆRSK INSPIRER,24.0,11.128601458333334,%,production,OP,2909.2947520451253,223.25741675,2459.58851814625,188.47160524275,34.736797405625,449.706233898875,,84.80191025,815.0335798000001,665.6054621010002,62.080424699999995,0.8166601703261503,0.07077805665112942
2015-06-09,NO 15/9-F-15 D,7289,15/9-F-15 D,3420717,VOLVE,369304,MÆRSK INSPIRER,24.0,10.222913125,%,production,OP,2902.664759881,223.316623625,2451.263333924625,194.061578254875,36.5449952165,451.401425956375,,88.02256324999999,783.2700393,639.006783208,58.369436799999995,0.8158192591907045,0.06935206636275315
2015-06-10,NO 15/9-F-15 D,7289,15/9-F-15 D,3420717,VOLVE,369304,MÆRSK INSPIRER,24.0,10.015396875,%,production,OP,2893.878584462875,223.36425387499997,2438.16994689075,198.203893751125,41.022363600874996,455.708637572125,,88.725968,771.4451965000001,628.910310478,56.6711881,0.8152365369974793,0.06843384475163299
2015-06-11,NO 15/9-F-15 D,7289,15/9-F-15 D,3420717,VOLVE,369304,MÆRSK INSPIRER,24.0,9.952736875,%,production,OP,2916.454758385625,223.231033625,2466.928386714875,189.1094038045,36.193099790625,449.52637167075,,87.3266165,761.9475834,622.579091062,61.4514437,0.8170891339846462,0.07463142617065159
2015-06-12,NO 15/9-F-15 D,7289,15/9-F-15 D,3420717,VOLVE,369304,MÆRSK INSPIRER,24.0,10.226905625,%,production,OP,2901.7252641495,223.29022212499999,2453.627063535,193.08296456612499,32.87926250175,448.0982006145,,87.914529125,772.0741775,632.452021741,57.237271,0.8191596613021033,0.06901782328403488
2015-06-13,NO 15/9-F-15 D,7289,15/9-F-15 D,3420717,VOLVE,369304,MÆRSK INSPIRER,24.0,9.959357083333334,%,production,OP,2891.416313618,223.344100625,2438.8196869145,197.37364789312502,37.200515608874994,452.59662670349996,,90.218849375,754.3998114,610.7306560650001,56.1680033,0.8095583360918641,0.06929463800729417
2015-06-14,NO 15/9-F-15 D,7289,15/9-F-15 D,3420717,VOLVE,369304,MÆRSK INSPIRER,24.0,10.037080416666667,%,production,OP,2900.33133414775,223.28280875000002,2451.189479366375,190.739676248875,33.981916918375,449.141854781375,,84.754109,742.8894591000001,607.097479729,59.1871121,0.8172110564935057,0.07379234629861982
2015-06-15,NO 15/9-F-15 D,7289,15/9-F-15 D,3420717,VOLVE,369304,MÆRSK INSPIRER,24.0,10.198610625,%,production,OP,2906.144704961,223.239650375,2459.7772669735,186.992559086375,31.415418140750003,446.3674379875,,85.375725125,749.9340463000001,610.205173329,58.1178444,0.8136784512446263,0.07192340624270258
2015-06-16,NO 15/9-F-15 D,7289,15/9-F-15 D,3420717,VOLVE,369304,MÆRSK INSPIRER,24.0,10.443897291666667,%,production,OP,2894.72194115175,223.28924,2448.004046031875,191.7563473045,31.658124125624997,446.71789511987504,,87.305098625,749.5566577000001,609.5500856440001,59.501602600000005,0.8132141571717775,0.07354427427505247
2015-06-17,NO 15/9-F-15 D,7289,15/9-F-15 D,3420717,VOLVE,369304,MÆRSK INSPIRER,24.0,10.130002083333334,%,production,OP,2907.9525099606253,223.22363487500002,2458.844597092875,186.181143995375,33.814473569,449.10791286775003,,85.08201875,736.9141396,605.069356508,59.124214,0.8210852852361256,0.07427307206068268
2015-06-18,NO 15/9-F-15 D,7289,15/9-F-15 D,3420717,VOLVE,369304,MÆRSK INSPIRER,24.0,11.210189791666666,%,production,OP,2911.137187888875,223.18780175,2466.33771643825,182.58383597875002,24.509001678375,444.799471450625,,84.790184375,766.8536352,626.369417813,60.382176,0.8168043927308751,0.07299270072992702
2015-06-19,NO 15/9-F-15 D,7289,15/9-F-15 D,3420717,VOLVE,369304,MÆRSK INSPIRER,24.0,13.376450625,%,production,OP,2918.976515961875,223.12972249999999,2479.0660881505,178.39922679737498,17.63281959575,439.91042781137503,,84.65171675,777.7350065,648.0946681060001,60.5708703,0.8333103983869602,0.07225390156062425
2015-06-20,NO 15/9-F-15 D,7289,15/9-F-15 D,3420717,VOLVE,369304,MÆRSK INSPIRER,24.0,9.671682083333334,%,production,OP,2896.864711412375,223.264943,2440.6228960225,188.493533175375,40.895721253875,456.241815389875,,88.8001535,730.4356353,606.8216719220001,57.048576700000005,0.830766795314922,0.07244408945686902
2015-06-21,NO 15/9-F-15 D,7289,15/9-F-15 D,3420717,VOLVE,369304,MÆRSK INSPIRER,24.0,11.328583541666667,%,production,OP,2914.838862833,223.13773925,2476.340304411,178.541076983,23.338115947625,438.498558422,,79.203583625,773.017649,646.531286337,62.206220900000005,0.8363732537974692,0.0744784998870397
2015-06-22,NO 15/9-F-15 D,7289,15/9-F-15 D,3420717,VOLVE,369304,MÆRSK INSPIRER,24.0,10.581256041666666,%,production,OP,2895.44311843375,223.24862000000002,2447.9906572115,186.226728230125,31.835269912875003,447.45246122225,,87.24770824999999,767.7971067,637.6192686449999,61.3256475,0.8304528150483586,0.07396449704142014
2015-06-23,NO 15/9-F-15 D,7289,15/9-F-15 D,3420717,VOLVE,369304,MÆRSK INSPIRER,24.0,10.398320833333333,%,production,OP,2908.8015140666253,223.174171625,2465.12826872925,180.676181381,28.167700050125,443.67324533737496,,85.47772062499999,753.3305437,625.683606339,61.703036100000006,0.830556535336986,0.07570612748881
2015-06-24,NO 15/9-F-15 D,7289,15/9-F-15 D,3420717,VOLVE,369304,MÆRSK INSPIRER,24.0,10.613051875,%,production,OP,2901.28372617475,223.20868662499998,2457.5829659201254,183.1735786165,28.2113534665,443.700760254625,,85.70185925,761.8846853,629.780817833,62.8352019,0.8266091050051981,0.07618974984746797
2015-06-25,NO 15/9-F-15 D,7289,15/9-F-15 D,3420717,VOLVE,369304,MÆRSK INSPIRER,24.0,10.512765208333333,%,production,OP,2903.6885589500002,223.20804162500002,2457.2660065225,184.81483164612501,30.72138713775,446.4225524275,,89.00878925,756.8528373,625.742581888,63.967367700000004,0.8267691564984769,0.07793103448275862
2015-06-26,NO 15/9-F-15 D,7289,15/9-F-15 D,3420717,VOLVE,369304,MÆRSK INSPIRER,24.0,10.757166875,%,production,OP,2903.989963022125,223.2018545,2461.27482662625,182.602325302125,27.27411186725,442.715136395875,,78.104680625,747.7955109000001,614.3797240160001,64.2818582,0.8215878740386806,0.07915730772209743
2015-06-27,NO 15/9-F-15 D,7289,15/9-F-15 D,3420717,VOLVE,369304,MÆRSK INSPIRER,24.0,10.455726458333332,%,production,OP,2905.79188189625,223.21366475,2456.802888102,184.154676081,30.7496393315,448.98899379425,,85.602261125,749.1792691,614.4242205380001,64.4705525,0.8201297685080325,0.07923623995052566
2015-06-28,NO 15/9-F-15 D,7289,15/9-F-15 D,3420717,VOLVE,369304,MÆRSK INSPIRER,24.0,10.373932916666666,%,production,OP,2929.157428155625,223.094730875,2485.07703697925,175.65517129149998,28.72420179125,444.080391176375,,83.2557005,789.9372379,648.44498993,65.9172088,0.8208816584642237,0.07701918130374072
2015-06-29,NO 15/9-F-15 D,7289,15/9-F-15 D,3420717,VOLVE,369304,MÆRSK INSPIRER,24.0,10.417713125,%,production,OP,2940.64543187025,223.0486055,2496.654619788625,173.300766415875,24.55392417725,443.990812081625,,87.944798375,789.7485436000001,637.3325132809999,63.3383867,0.8070068864904455,0.0742461107424611
2015-06-30,NO 15/9-F-15 D,7289,15/9-F-15 D,3420717,VOLVE,369304,MÆRSK INSPIRER,24.0,10.596578125,%,production,OP,2916.22978329625,223.1889965,2470.292954065875,182.93989218225002,30.17615303625,445.936829230375,,85.16886575,802.9571446,642.776627433,61.8917304,0.8005117480500217,0.07156363636363636
2015-07-01,NO 15/9-F-15 D,7289,15/9-F-15 D,3420717,VOLVE,369304,MÆRSK INSPIRER,24.0,9.654814375,%,production,OP,2928.179769300375,223.161506375,2478.374634593625,179.50518687175,34.854979202624996,449.80513470675,,80.15162562500001,713.8305369,592.9285157950001,63.4012848,0.8306292392168465,0.08157319737800438
2015-07-02,NO 15/9-F-15 D,7289,15/9-F-15 D,3420717,VOLVE,369304,MÆRSK INSPIRER,24.0,10.382680416666666,%,production,OP,2896.9257149995,223.324341125,2448.032950896625,190.894945471125,34.046081125250005,448.892764102875,,80.9607665,860.9491928,713.617209339,63.4012848,0.8288726156048265,0.06859009254218836
2015-07-03,NO 15/9-F-15 D,7289,15/9-F-15 D,3420717,VOLVE,369304,MÆRSK INSPIRER,24.0,9.905070625,%,production,OP,2910.9080308705,223.27568375,2460.23922509,188.70120039675,34.508268885250004,450.6688057805,,87.216870125,841.3249856,695.715128468,62.206220900000005,0.8269279296059932,0.0688478941872607
2015-07-04,NO 15/9-F-15 D,7289,15/9-F-15 D,3420717,VOLVE,369304,MÆRSK INSPIRER,24.0,10.018847708333332,%,production,OP,2933.2398943255002,223.158981875,2489.27577830075,180.394967807125,28.482502007500003,443.96411602475,,86.494007,832.2047611,686.717296055,61.577239899999995,0.825178283223595,0.06889514426460239
2015-07-05,NO 15/9-F-15 D,7289,15/9-F-15 D,3420717,VOLVE,369304,MÆRSK INSPIRER,24.0,10.452399791666666,%,production,OP,2906.35615223525,223.29784512499998,2462.491922068125,189.909678164125,28.326090610999998,443.864230167125,,87.416850125,840.8846989,695.176579293,60.759564600000004,0.8267204531160961,0.06738751307987444
2015-07-06,NO 15/9-F-15 D,7289,15/9-F-15 D,3420717,VOLVE,369304,MÆRSK INSPIRER,24.0,9.7430875,%,production,OP,2903.814726901875,223.3332725,2453.325514424875,192.503018036625,34.922382591499996,450.48921247699997,,89.659908875,809.4356489,668.5482360520001,58.998417800000006,0.8259436521736324,0.06793655392192367
2015-07-07,NO 15/9-F-15 D,7289,15/9-F-15 D,3420717,VOLVE,369304,MÆRSK INSPIRER,24.0,10.145630208333333,%,production,OP,2913.05502234125,223.26796774999997,2470.383787135,187.761212140375,27.028357062749997,442.67123520625,,85.166601875,819.5622430000001,674.015657906,61.577239899999995,0.8224093577551497,0.06988364622742521
2015-07-08,NO 15/9-F-15 D,7289,15/9-F-15 D,3420717,VOLVE,369304,MÆRSK INSPIRER,24.0,10.363447916666667,%,production,OP,2894.5055112178748,223.3619195,2447.6212121876247,193.375923196375,31.193361941124998,446.88429903025,,87.157322,816.2286437000001,675.202584973,57.92915010000001,0.8272223600390659,0.0662685278457332
2015-07-09,NO 15/9-F-15 D,7289,15/9-F-15 D,3420717,VOLVE,369304,MÆRSK INSPIRER,24.0,10.353872291666667,%,production,OP,2891.1856185925,223.37240112499998,2444.868390947625,193.67643891075,30.79368858075,446.317227644875,,83.872669625,809.8759355999999,667.607452444,55.7906147,0.8243329911382048,0.06444815810506431
2015-07-10,NO 15/9-F-15 D,7289,15/9-F-15 D,3420717,VOLVE,369304,MÆRSK INSPIRER,24.0,10.102233541666667,%,production,OP,2895.1475385759572,223.34198,2450.285071708723,193.61733631148937,29.3499884292766,444.862466867234,,86.10189417021277,795.9754555,655.23953821,56.1680033,0.8231906319252077,0.06591378801299086
2015-07-11,NO 15/9-F-15 D,7289,15/9-F-15 D,3420717,VOLVE,369304,MÆRSK INSPIRER,24.0,10.034503541666666,%,production,OP,2907.0575777332338,223.27366808510638,2463.237063858,188.72096452442554,28.316916700340425,443.82051387523404,,83.082278375,780.6912172000001,650.061343749,55.28742989999999,0.8326740834622007,0.0661349785569182
2015-07-12,NO 15/9-F-15 D,7289,15/9-F-15 D,3420717,VOLVE,369304,MÆRSK INSPIRER,24.0,10.176739583333333,%,production,OP,2924.004379096875,223.1799005,2482.1834624035,182.297594420875,26.3422487605,441.820916693375,,85.100859875,779.9993381,644.146837793,54.5955508,0.8258299800126458,0.06541563041676086
2015-07-13,NO 15/9-F-15 D,7289,15/9-F-15 D,3420717,VOLVE,369304,MÆRSK INSPIRER,24.0,10.467418541666667,%,production,OP,2918.73866875,223.19473850000003,2479.831426481875,184.387882076875,23.616353220875,438.907242268125,,89.82657837500001,832.5192516000001,689.2419439580001,84.72374070000001,0.8278991057964863,0.0923678255502983
2015-07-14,NO 15/9-F-15 D,7289,15/9-F-15 D,3420717,VOLVE,369304,MÆRSK INSPIRER,24.0,10.452591458333334,%,production,OP,2884.28820959425,223.376622875,2438.557781524375,197.90322091225,30.587776923499998,445.730428069875,,92.354482625,818.5558733999999,677.788680454,83.71737110000001,0.8280298297032537,0.09278494248867203
2015-07-15,NO 15/9-F-15 D,7289,15/9-F-15 D,3420717,VOLVE,369304,MÆRSK INSPIRER,24.0,10.158761041666667,%,production,OP,2900.6697501045,223.2922865,2456.28732031475,191.94011649375,28.921438363125,444.38242978975,,91.07554325,798.9316662,662.7153070530001,81.2014471,0.8295018649155655,0.09226041592224683
2015-07-16,NO 15/9-F-15 D,7289,15/9-F-15 D,3420717,VOLVE,369304,MÆRSK INSPIRER,24.0,10.345439375,%,production,OP,2930.399382506375,223.118874125,2493.5392458513747,180.35425141025001,21.425708333750002,436.860136655,,91.10757575,794.8432897,659.266473451,81.4530395,0.8294295013798617,0.09295147861039334
2015-07-17,NO 15/9-F-15 D,7289,15/9-F-15 D,3420717,VOLVE,369304,MÆRSK INSPIRER,24.0,11.100082916666667,%,production,OP,2920.6915449875,223.160228,2483.9079158775,180.368057214875,21.5294044605,436.78362911,,82.44751775,811.4483881,673.4177800350001,83.71737110000001,0.829896010529767,0.09352164137155707
2015-07-18,NO 15/9-F-15 D,7289,15/9-F-15 D,3420717,VOLVE,369304,MÆRSK INSPIRER,12.18361,6.021317083333333,%,production,OP,2907.00959891137,223.24872817454926,2463.1497580928276,185.27397120079442,28.385287162591357,443.8598408185426,,82.40798336651945,322.1640682,270.393004049,35.5374265,0.8393021777994795,0.09934939335326184
2015-07-19,NO 15/9-F-15 D,7289,15/9-F-15 D,3420717,VOLVE,369304,MÆRSK INSPIRER,0.0,1.1446927083333334,%,production,OP,3488.583494934,219.24653,2389.885545738,85.77837396,683.897536362,1098.697949196,,62.087522,0.0,0.0,0.0,,
2015-07-20,NO 15/9-F-15 D,7289,15/9-F-15 D,3420717,VOLVE,369304,MÆRSK INSPIRER,0.0,1.060025625,%,production,OP,3621.339822132,218.42936600000002,2447.2856395800004,71.19407787,759.190243074,1174.0541825520002,,60.789164,0.0,0.0,0.0,,
2015-07-21,NO 15/9-F-15 D,7289,15/9-F-15 D,3420717,VOLVE,369304,MÆRSK INSPIRER,0.0,0.976684375,%,production,OP,3672.884731914,217.93316,2469.843979872,64.59586413599999,787.9823166059999,1203.0407520420001,,58.749566,0.0,0.0,0.0,,
2015-07-22,NO 15/9-F-15 D,7289,15/9-F-15 D,3420717,VOLVE,369304,MÆRSK INSPIRER,0.0,0.9498229166666666,%,production,OP,3713.6623106520005,217.585886,2486.501304096,61.058677392,812.189738958,1227.161006556,,64.53446,0.0,0.0,0.0,,
2015-07-23,NO 15/9-F-15 D,7289,15/9-F-15 D,3420717,VOLVE,369304,MÆRSK INSPIRER,0.0,0.9222047916666667,%,production,OP,3748.650552582,217.31891000000002,2499.9941892360002,58.43363463000001,833.736004086,1248.6563633459998,,63.418982,0.0,0.0,0.0,,
2015-07-24,NO 15/9-F-15 D,7289,15/9-F-15 D,3420717,VOLVE,369304,MÆRSK INSPIRER,0.0,0.903876875,%,production,OP,3779.4770741400002,217.10193800000002,2511.7299390059998,56.39294997,852.94164597,1267.7471351339998,,63.589154,0.0,0.0,0.0,,
2015-07-25,NO 15/9-F-15 D,7289,15/9-F-15 D,3420717,VOLVE,369304,MÆRSK INSPIRER,0.0,0.869505625,%,production,OP,3806.997599526,216.919904,2521.847934924,54.873531881999995,870.229015266,1285.149664602,,65.60168,0.0,0.0,0.0,,
2015-07-26,NO 15/9-F-15 D,7289,15/9-F-15 D,3420717,VOLVE,369304,MÆRSK INSPIRER,0.0,0.836385625,%,production,OP,3831.9247004340004,216.76188199999999,2530.9059931379998,53.845502538,885.954180264,1301.018707296,,62.828312000000004,0.0,0.0,0.0,,
2015-07-27,NO 15/9-F-15 D,7289,15/9-F-15 D,3420717,VOLVE,369304,MÆRSK INSPIRER,0.0,0.8125804166666667,%,production,OP,3854.9600707080003,216.62243600000002,2538.8646633119997,52.798763292000004,901.223635866,1316.0954073960002,,64.615316,0.0,0.0,0.0,,
2015-07-28,NO 15/9-F-15 D,7289,15/9-F-15 D,3420717,VOLVE,369304,MÆRSK INSPIRER,0.0,0.7747095833333333,%,production,OP,3876.4844350979997,216.498524,2546.295975318,51.792634686,916.454801436,1330.18845978,,65.366438,0.0,0.0,0.0,,
2015-07-29,NO 15/9-F-15 D,7289,15/9-F-15 D,3420717,VOLVE,369304,MÆRSK INSPIRER,0.0,0.7673614583333334,%,production,OP,3896.7590070419997,216.386564,2553.1965932820003,51.14982627,931.313364384,1343.56241376,,63.777308000000005,0.0,0.0,0.0,,
2015-07-30,NO 15/9-F-15 D,7289,15/9-F-15 D,3420717,VOLVE,369304,MÆRSK INSPIRER,0.0,0.8090402083333333,%,production,OP,3916.0477557000004,216.284648,2559.72562389,50.325720354,943.3825565159999,1356.32213181,,59.491562,0.0,0.0,0.0,,
2015-07-31,NO 15/9-F-15 D,7289,15/9-F-15 D,3420717,VOLVE,369304,MÆRSK INSPIRER,0.0,0.8691541666666667,%,production,OP,3933.3085830420005,216.19013,2565.294793014,49.89234681,954.9394744319999,1368.0137900280001,,59.776682,0.0,0.0,0.0,,
2015-08-01,NO 15/9-F-15 D,7289,15/9-F-15 D,3420717,VOLVE,369304,MÆRSK INSPIRER,0.0,0.8720702083333334,%,production,OP,3948.7703590319998,216.103136,2570.190405666,49.576018932000004,965.4912790080001,1378.5799533660002,,58.82318600000001,0.0,0.0,0.0,,
2015-08-02,NO 15/9-F-15 D,7289,15/9-F-15 D,3420717,VOLVE,369304,MÆRSK INSPIRER,0.0,0.8894852083333333,%,production,OP,3963.3481284120003,216.022694,2667.683643924,49.418652702,882.355642446,1295.664484488,,62.428856,0.0,0.0,0.0,,
2015-08-03,NO 15/9-F-15 D,7289,15/9-F-15 D,3420717,VOLVE,369304,MÆRSK INSPIRER,0.0,0.8996914583333333,%,production,OP,3977.5279135200003,215.94750800000003,2584.46257998,48.759019878000004,991.8639736619999,1393.06533354,,58.707644,0.0,0.0,0.0,,
2015-08-04,NO 15/9-F-15 D,7289,15/9-F-15 D,3420717,VOLVE,369304,MÆRSK INSPIRER,0.0,1.1470854166666666,%,production,OP,3991.0779436320004,215.87595800000003,3602.365515858,47.288479595999995,253.428233274,388.71242777400005,,58.48988,0.0,0.0,0.0,,
2015-08-05,NO 15/9-F-15 D,7289,15/9-F-15 D,3420717,VOLVE,369304,MÆRSK INSPIRER,0.0,1.005004375,%,production,OP,4000.491344946,215.543858,3380.5182918180003,48.341745552,388.59451188,619.973053128,,74.675228,0.0,0.0,0.0,,
2015-08-06,NO 15/9-F-15 D,7289,15/9-F-15 D,3420717,VOLVE,369304,MÆRSK INSPIRER,0.0,3.344101875,%,production,OP,4010.1581276459997,215.519702,3951.620355732,46.639144470000005,4.430330748,58.537771914000004,,60.296071999999995,0.0,0.0,0.0,,
2015-08-07,NO 15/9-F-15 D,7289,15/9-F-15 D,3420717,VOLVE,369304,MÆRSK INSPIRER,0.0,1.22834125,%,production,OP,4028.590136838,215.605994,3865.952065614,46.525724754,49.062584412,162.63807122400002,,64.994864,0.0,0.0,0.0,,
2015-08-08,NO 15/9-F-15 D,7289,15/9-F-15 D,3420717,VOLVE,369304,MÆRSK INSPIRER,0.0,1.14222,%,production,OP,4040.2381386180004,215.568914,3468.59682342,46.633197912,449.39516667,571.641315198,,64.348322,0.0,0.0,0.0,,
2015-08-09,NO 15/9-F-15 D,7289,15/9-F-15 D,3420717,VOLVE,369304,MÆRSK INSPIRER,0.0,1.0856508333333332,%,production,OP,4047.6523361400004,215.47731199999998,3496.4317911900002,46.364007384000004,428.374229178,551.22054495,,60.322226,0.0,0.0,0.0,,
2015-08-10,NO 15/9-F-15 D,7289,15/9-F-15 D,3420717,VOLVE,369304,MÆRSK INSPIRER,0.0,1.0225914583333333,%,production,OP,4056.65992113,215.438234,3805.5444638040003,46.395335592,127.060975014,251.115457326,,60.346292,0.0,0.0,0.0,,
2015-08-11,NO 15/9-F-15 D,7289,15/9-F-15 D,3420717,VOLVE,369304,MÆRSK INSPIRER,0.0,0.9429375,%,production,OP,4066.7666040839995,215.416652,3779.8134172620003,46.252908276,161.65717923,286.953186822,,61.622978,0.0,0.0,0.0,,
2015-08-12,NO 15/9-F-15 D,7289,15/9-F-15 D,3420717,VOLVE,369304,MÆRSK INSPIRER,0.0,0.8987572916666666,%,production,OP,4114.6192814999995,215.402522,3478.425178452,46.305412032,508.76589181800006,636.194103048,,62.521285999999996,0.0,0.0,0.0,,
2015-08-13,NO 15/9-F-15 D,7289,15/9-F-15 D,3420717,VOLVE,369304,MÆRSK INSPIRER,0.0,0.8664872916666667,%,production,OP,4179.69203058,215.37309199999999,3637.55376519,46.61811396,413.215582608,542.13826539,,61.220588,0.0,0.0,0.0,,
2015-08-14,NO 15/9-F-15 D,7289,15/9-F-15 D,3420717,VOLVE,369304,MÆRSK INSPIRER,0.0,0.7845752083333334,%,production,OP,4248.410164752,215.32658,3407.313337128,46.458282084000004,711.2271917400001,841.0968276240001,,59.533736,0.0,0.0,0.0,,
2015-08-15,NO 15/9-F-15 D,7289,15/9-F-15 D,3420717,VOLVE,369304,MÆRSK INSPIRER,5.35764,1.6505189583333333,%,production,OP,4087.9418309746047,219.32757441333123,2743.8183016813978,100.98842324529281,937.6480695644526,1344.1235292932065,,76.18194859775573,364.80898,311.513793876,0.0,0.8539093359927709,0.0
2015-08-16,NO 15/9-F-15 D,7289,15/9-F-15 D,3420717,VOLVE,369304,MÆRSK INSPIRER,24.0,6.952950833333333,%,production,OP,3800.4343459932497,222.9541505,2847.961282032375,293.52052559175,536.6577567867499,952.4730639608749,,95.49999725,1995.5680186999998,1683.9140184229998,667.5375353,0.8438269217803835,0.2506613131790269
2015-08-17,NO 15/9-F-15 D,7289,15/9-F-15 D,3420717,VOLVE,369304,MÆRSK INSPIRER,24.0,8.139001666666667,%,production,OP,3632.493655273,223.678734875,2861.9898529388747,264.30028779725,353.45897781775,770.503802334125,,113.93165975000001,1803.4772213,1533.962858165,1099.7103804,0.8505584878190332,0.3787941157354247
2015-08-18,NO 15/9-F-15 D,7289,15/9-F-15 D,3420717,VOLVE,369304,MÆRSK INSPIRER,24.0,8.290083958333334,%,production,OP,3552.4411277364998,223.674153125,2798.460416957375,249.637758814375,337.52069156525,753.9807107791249,,106.1962055,1817.5034976,1535.962729626,1062.9778900000001,0.845094786147167,0.369027862695432
2015-08-19,NO 15/9-F-15 D,7289,15/9-F-15 D,3420717,VOLVE,369304,MÆRSK INSPIRER,24.0,8.768617708333334,%,production,OP,3488.085891157404,223.671116893617,2753.4405306585954,313.0685346893617,318.63363349161705,734.6453604988085,,105.52507451063829,1847.1285027000001,1561.6057927370002,1190.2207463,0.8454234724083121,0.3918616690826258
2015-08-20,NO 15/9-F-15 D,7289,15/9-F-15 D,3420717,VOLVE,369304,MÆRSK INSPIRER,24.0,9.53823625,%,production,OP,3413.8125926432504,223.69700412499998,2692.8180826962503,390.6710088395,305.38532292225,720.994509947,,110.59197725,1857.6953835000002,1566.063920465,1158.8345944,0.8430143792005605,0.3841614712566984
2015-08-21,NO 15/9-F-15 D,7289,15/9-F-15 D,3420717,VOLVE,369304,MÆRSK INSPIRER,24.0,9.28719125,%,production,OP,3366.6263947963403,223.671146,2647.433530941447,411.6643086205532,303.45001826989363,719.1928638548936,,110.82843875,2036.8291723,1722.512985523,1042.6618037,0.8456835796287854,0.3385825163398693
2015-08-22,NO 15/9-F-15 D,7289,15/9-F-15 D,3420717,VOLVE,369304,MÆRSK INSPIRER,24.0,9.24765375,%,production,OP,3334.302192334851,223.62793527659576,2623.621155070468,413.1793601389787,295.0181636781702,710.681037264383,,112.37238442553192,2033.1181844,1705.716254762,981.5877486,0.8389656183540454,0.3255998330899228
2015-08-23,NO 15/9-F-15 D,7289,15/9-F-15 D,3420717,VOLVE,369304,MÆRSK INSPIRER,24.0,9.416066875,%,production,OP,3306.0501382225,223.597867625,2603.21201087825,406.06464718575,286.9653579275,702.83812734425,,107.552849375,2037.7097457000002,1700.5998610260003,955.4850371,0.8345643262562917,0.31921913087332937
2015-08-24,NO 15/9-F-15 D,7289,15/9-F-15 D,3420717,VOLVE,369304,MÆRSK INSPIRER,24.0,9.405961875,%,production,OP,3281.755514794625,223.56860375000002,2588.5881496305,393.994968572125,277.28876703275,693.167365164125,,109.15425875000001,2032.8036939,1707.750381482,945.9245258999999,0.8400960636812034,0.3175598631698973
2015-08-25,NO 15/9-F-15 D,7289,15/9-F-15 D,3420717,VOLVE,369304,MÆRSK INSPIRER,24.0,9.4102325,%,production,OP,3256.3599985574997,223.552609625,2575.252207693,395.54205870187496,265.07481186862503,681.1077908645,,115.5208205,2027.8976421000002,1698.0783914460003,941.0813722,0.8373590245351566,0.3169713789377794
2015-08-26,NO 15/9-F-15 D,7289,15/9-F-15 D,3420717,VOLVE,369304,MÆRSK INSPIRER,13.525,6.421661666666667,%,production,OP,3256.530991322074,223.4971812569316,2575.4771388878266,49.63755847497227,265.55351463004433,681.0538524342477,,111.87581605545287,1285.5113678,1098.692229609,669.3615802,0.8546732896569255,0.3424066924066924
2015-08-27,NO 15/9-F-15 D,7289,15/9-F-15 D,3420717,VOLVE,369304,MÆRSK INSPIRER,0.0,1.040010625,%,production,OP,3809.522856144,218.936804,3809.336627352,0.0,0.13909144199999998,0.186228792,,60.26333,0.0,0.0,0.0,,
2015-08-28,NO 15/9-F-15 D,7289,15/9-F-15 D,3420717,VOLVE,369304,MÆRSK INSPIRER,0.0,0.9968820833333333,%,production,OP,3901.693634916,217.899986,3901.014421962,0.0,0.6792129539999999,0.6792129539999999,,58.135604,0.0,0.0,0.0,,
2015-08-29,NO 15/9-F-15 D,7289,15/9-F-15 D,3420717,VOLVE,369304,MÆRSK INSPIRER,0.0,0.9668079166666667,%,production,OP,3767.3632103040004,209.067098,3766.274555076,0.0,1.088655228,1.088655228,,58.910054,0.0,0.0,0.0,,
2015-08-30,NO 15/9-F-15 D,7289,15/9-F-15 D,3420717,VOLVE,369304,MÆRSK INSPIRER,0.0,0.8197445833333333,%,production,OP,3991.0654703640002,216.964346,3989.8082809800003,0.0,1.257189384,1.257189384,,59.249066,0.0,0.0,0.0,,
2015-08-31,NO 15/9-F-15 D,7289,15/9-F-15 D,3420717,VOLVE,369304,MÆRSK INSPIRER,17.40833,6.197321666666666,%,production,OP,3511.924209778843,222.44518842255172,2631.1813788564837,0.010151967649969871,459.55922901172323,880.7428309223594,,100.14443144769315,1362.8131326999999,1324.291361884,962.1522357,0.9717336369222678,0.4138350827832486
2015-09-01,NO 15/9-F-15 D,7289,15/9-F-15 D,3420717,VOLVE,369304,MÆRSK INSPIRER,24.0,9.016755416666667,%,production,OP,3353.7292776715,223.576692875,2655.181679551375,164.63244645925,285.78938075862504,698.547598120125,,118.19564,1967.1380775,1777.4245188470002,1006.998581,0.9035585956964935,0.3385851750026435
2015-09-02,NO 15/9-F-15 D,7289,15/9-F-15 D,3420717,VOLVE,369304,MÆRSK INSPIRER,24.0,9.239886458333334,%,production,OP,3284.18415495325,223.551759125,2604.4328259405,234.91171527400002,263.937889202875,679.75132901275,,114.984955625,1859.8339189,1602.6001559380002,927.2437901999999,0.861689928144691,0.33269391347520927
2015-09-03,NO 15/9-F-15 D,7289,15/9-F-15 D,3420717,VOLVE,369304,MÆRSK INSPIRER,24.0,9.21173625,%,production,OP,3254.989875939125,223.52274575,2579.1793200351253,241.82961088974997,244.70012442350003,675.810555904,,117.54392975,1805.1125719000001,1601.852543739,938.5025501000001,0.8873975887569963,0.342067858780376
2015-09-04,NO 15/9-F-15 D,7289,15/9-F-15 D,3420717,VOLVE,369304,MÆRSK INSPIRER,24.0,8.9516875,%,production,OP,3295.573185341,223.422406625,2607.642544075125,205.378107772375,265.62813486025004,687.930641265875,,113.56596687499999,1732.4652664,1509.115435245,971.1466640000001,0.8710797639140478,0.3592034245300577
2015-09-05,NO 15/9-F-15 D,7289,15/9-F-15 D,3420717,VOLVE,369304,MÆRSK INSPIRER,24.0,9.75361125,%,production,OP,3194.949374372,223.566167,2535.9069879834997,256.513218728625,246.30146480850001,659.0423863885,,112.905683375,1769.5122473,1502.8915725170002,930.7660837999999,0.849325329513926,0.344692646339475
2015-09-06,NO 15/9-F-15 D,7289,15/9-F-15 D,3420717,VOLVE,369304,MÆRSK INSPIRER,24.0,9.742502708333333,%,production,OP,3197.91778855575,223.5236375,2546.922463937375,237.159070019125,238.3510134545,650.995324618375,,112.58858075,1711.0799124000002,1442.0863689100001,848.5582671,0.8427931147220917,0.3315149281238481
2015-09-07,NO 15/9-F-15 D,7289,15/9-F-15 D,3420717,VOLVE,369304,MÆRSK INSPIRER,24.0,9.679681666666667,%,production,OP,3191.148136884125,223.52803475000002,2547.3819201483752,235.299598253625,231.3517454775,643.76621673575,,115.04795449999999,1697.5568209,1427.1726179529999,887.4292929000001,0.8407215595860588,0.3433013771959706
2015-09-08,NO 15/9-F-15 D,7289,15/9-F-15 D,3420717,VOLVE,369304,MÆRSK INSPIRER,24.0,9.66851,%,production,OP,3184.342591329125,223.529909,2550.849929809625,235.57167141187497,221.093089894125,633.4926615195001,,116.67803975,1683.4047484,1417.0468340220002,901.958754,0.8417742883099498,0.34887115609186453
2015-09-09,NO 15/9-F-15 D,7289,15/9-F-15 D,3420717,VOLVE,369304,MÆRSK INSPIRER,24.0,9.669232916666667,%,production,OP,3181.48940681475,223.53175025,2560.73097896,236.29024707475,208.30862473537502,620.7584278547499,,117.103505375,1684.4740161,1413.5602136910002,904.0343912999999,0.8391700911859499,0.3492491616853769
2015-09-10,NO 15/9-F-15 D,7289,15/9-F-15 D,3420717,VOLVE,369304,MÆRSK INSPIRER,24.0,9.651739791666667,%,production,OP,3179.63534980125,223.53002337499998,2568.21847506125,233.75263503212497,199.081778548875,611.41687474,,110.718843875,1678.5615947000001,1408.7867256920001,923.5328023000001,0.8392821151992249,0.3549190234469422
2015-09-11,NO 15/9-F-15 D,7289,15/9-F-15 D,3420717,VOLVE,369304,MÆRSK INSPIRER,24.0,9.628977708333334,%,production,OP,3178.804327385625,223.524461,2574.2037159045003,229.0938180665,192.001307421625,604.600611481125,,103.69395875000001,1515.7184138,1280.4135534280001,869.1888439,0.8447568768515017,0.3644539388664715
2015-09-12,NO 15/9-F-15 D,7289,15/9-F-15 D,3420717,VOLVE,369304,MÆRSK INSPIRER,24.0,9.612193125,%,production,OP,3176.20094665325,223.525694375,2579.3598651505,225.2919853185,184.36592997124998,596.84108150275,,100.28833475,1535.6571115000002,1278.602615612,860.9491928,0.8326094451925441,0.35923680550087916
2015-09-13,NO 15/9-F-15 D,7289,15/9-F-15 D,3420717,VOLVE,369304,MÆRSK INSPIRER,24.0,9.621376041666666,%,production,OP,3198.53277384875,223.4974805,2626.99165573575,217.65957208225,158.812189362625,571.5411181129999,,106.41861837500001,1522.8258991,1265.492033237,862.0813586,0.8310155704502491,0.3614737452857557
2015-09-14,NO 15/9-F-15 D,7289,15/9-F-15 D,3420717,VOLVE,369304,MÆRSK INSPIRER,24.0,9.610709583333334,%,production,OP,3202.4000368645,223.48625525,2638.729148983375,213.933107726625,150.8218132775,563.670887881125,,105.11817875,1482.508217,1248.624319929,858.2445745,0.842237706078765,0.3666532312239688
2015-09-15,NO 15/9-F-15 D,7289,15/9-F-15 D,3420717,VOLVE,369304,MÆRSK INSPIRER,24.0,9.604683125,%,production,OP,3204.838871985875,223.49240074999997,2639.7624389765,217.33662684549998,151.83409089037502,565.076433009375,,106.80309575000001,1534.71364,1276.832289701,854.4077904000001,0.8319677732850541,0.35762426284751475
2015-09-16,NO 15/9-F-15 D,7289,15/9-F-15 D,3420717,VOLVE,369304,MÆRSK INSPIRER,24.0,9.598744791666666,%,production,OP,3201.8630034532503,223.489929125,2640.1071671078753,221.14080739612498,148.60149603287502,561.755836345375,,108.06734524999999,1549.4946935,1283.2500301320001,850.6339044000001,0.8281732331934573,0.3544118032443198
2015-09-17,NO 15/9-F-15 D,7289,15/9-F-15 D,3420717,VOLVE,369304,MÆRSK INSPIRER,24.0,9.593342083333333,%,production,OP,3198.6008873195,223.49221325000002,2637.516558784375,219.423019626875,147.588018834875,561.084328535125,,112.396504625,1534.3362514,1279.5836579779998,857.0495106,0.8339656035699137,0.3583903208837454
2015-09-18,NO 15/9-F-15 D,7289,15/9-F-15 D,3420717,VOLVE,369304,MÆRSK INSPIRER,24.0,9.613399166666667,%,production,OP,3194.9078542228754,223.49437662500003,2634.844768462,219.982932782625,146.67071089575,560.0630857608751,,111.905115875,1596.6053704,1311.491548869,798.8687681,0.821424989031842,0.33349087567283703
2015-09-19,NO 15/9-F-15 D,7289,15/9-F-15 D,3420717,VOLVE,369304,MÆRSK INSPIRER,24.0,9.621448958333334,%,production,OP,3189.91063943025,223.49954262499998,2631.14304215025,223.181069028625,144.47089235512502,558.7675972799999,,113.310373625,1550.6268593,1270.4050143010002,783.7732241,0.8192847987132762,0.3357493129277362
2015-09-20,NO 15/9-F-15 D,7289,15/9-F-15 D,3420717,VOLVE,369304,MÆRSK INSPIRER,24.0,9.620071875,%,production,OP,3190.65479314875,223.49354712500002,2634.9482319236254,222.734031696375,140.51946197499998,555.706561225125,,114.21701637499999,1484.4580581,1252.340838957,742.19758,0.8436350438623416,0.3333239174034632
2015-09-21,NO 15/9-F-15 D,7289,15/9-F-15 D,3420717,VOLVE,369304,MÆRSK INSPIRER,24.0,9.675700625,%,production,OP,3183.3741967761252,223.50214925,2630.9476578345,224.003358948,138.466294982125,552.426538941625,,109.45145937499998,1572.9556848000002,1331.0209311160002,769.9985402,0.8461909918875039,0.32864429530201333
2015-09-22,NO 15/9-F-15 D,7289,15/9-F-15 D,3420717,VOLVE,369304,MÆRSK INSPIRER,23.15805,9.192737916666667,%,production,OP,3215.2808323758127,221.98971251513404,2669.9868387590022,180.12766805842736,120.00384656421016,545.2939936168101,,106.25837419330384,1296.3927391000002,1137.5546443710002,640.3655561,0.8774768710604853,0.3306378280072746
2015-09-23,NO 15/9-F-15 D,7289,15/9-F-15 D,3420717,VOLVE,369304,MÆRSK INSPIRER,24.0,10.797477291666667,%,production,OP,3193.2530431618748,223.47188975,2640.76474220525,220.68823444687501,130.637742023875,552.488300956625,,114.148849625,1612.2669973,1365.012742454,845.9165469000001,0.8466418680900454,0.34412261399109567
2015-09-24,NO 15/9-F-15 D,7289,15/9-F-15 D,3420717,VOLVE,369304,MÆRSK INSPIRER,24.0,10.330390416666667,%,production,OP,3206.11004242875,223.44457100000002,2655.1188780973753,207.581337727625,132.582550522625,550.991164331375,,107.169983,1401.1180755999999,1185.6995280279998,748.1728995000001,0.8462523956235798,0.34810219191712277
2015-09-25,NO 15/9-F-15 D,7289,15/9-F-15 D,3420717,VOLVE,369304,MÆRSK INSPIRER,24.0,10.310014166666667,%,production,OP,3210.7634265126253,223.43513000000002,2662.261921035125,203.96766459,127.11101916725,548.5015054775,,107.737392125,1315.9540482,1127.515028308,766.7907371,0.8568042553235409,0.3681635611391297
2015-09-26,NO 15/9-F-15 D,7289,15/9-F-15 D,3420717,VOLVE,369304,MÆRSK INSPIRER,24.0,10.29744875,%,production,OP,3214.4722475998747,223.42951775,2667.15803225525,205.35071372012501,125.80345325125002,547.3142153446249,,111.27803600000001,1319.6021380000002,1119.210423456,764.0861188,0.8481423235281237,0.36669886500845206
2015-09-27,NO 15/9-F-15 D,7289,15/9-F-15 D,3420717,VOLVE,369304,MÆRSK INSPIRER,24.0,10.287021666666666,%,production,OP,3219.744898619375,223.41822875,2672.50598216975,203.888845501875,125.90097921975001,547.238916449625,,112.408289,1302.8712434,1119.1913535180001,763.1426473,0.8590191541854397,0.3693792431576704
2015-09-28,NO 15/9-F-15 D,7289,15/9-F-15 D,3420717,VOLVE,369304,MÆRSK INSPIRER,24.0,10.270892291666666,%,production,OP,3222.885859677125,223.411842125,2678.4763112936253,200.46725102225,122.048074966,544.4095483835,,108.65113475000001,1298.0280897,1108.2561566630002,759.3058632,0.8537998256410153,0.3690727322755205
2015-09-29,NO 15/9-F-15 D,7289,15/9-F-15 D,3420717,VOLVE,369304,MÆRSK INSPIRER,24.0,10.043482083333334,%,production,OP,3231.309251983021,223.38896191489363,2694.3339721691486,194.59110909982977,115.07918216361702,536.9752798138724,,104.16283910638298,1295.8266562000001,1108.9483247829999,726.1585645,0.8557844673723418,0.35913148971910286
2015-09-30,NO 15/9-F-15 D,7289,15/9-F-15 D,3420717,VOLVE,369304,MÆRSK INSPIRER,24.0,10.031439166666667,%,production,OP,3202.7197656778726,223.4712318723404,2661.2730293853724,219.56760007570213,119.6124618612234,541.4467362925,,111.6320639574468,1342.6228426,1144.5081088010002,713.5789445,0.8524420056675417,0.34703741090820106
2015-10-01,NO 15/9-F-15 D,7289,15/9-F-15 D,3420717,VOLVE,369304,MÆRSK INSPIRER,24.0,10.312658125,%,production,OP,3184.948569158,223.49354675,2648.82812981525,229.97484535425,132.54172232562502,536.12043934275,,113.29146424999999,1362.6873365000001,1163.745085332,736.7254452999999,0.8540074117963301,0.3509197675115345
2015-10-02,NO 15/9-F-15 D,7289,15/9-F-15 D,3420717,VOLVE,369304,MÆRSK INSPIRER,24.0,10.204935625,%,production,OP,3189.0359092090002,223.475315,2654.44193438375,221.28482106525001,163.322278924125,534.59397482525,,112.16025725,1330.9866941,1134.8671957010001,711.1888167,0.8526510450717811,0.3482505851915732
2015-10-03,NO 15/9-F-15 D,7289,15/9-F-15 D,3420717,VOLVE,369304,MÆRSK INSPIRER,24.0,10.183565208333333,%,production,OP,3184.94448996425,223.483696625,2651.994820009875,223.42797205062502,161.51051559575,532.9496699543749,,112.79910425,1319.4763418,1128.2820635920002,732.1967821,0.855098365805349,0.3568778932523989
2015-10-04,NO 15/9-F-15 D,7289,15/9-F-15 D,3420717,VOLVE,369304,MÆRSK INSPIRER,24.0,9.78538375,%,production,OP,3196.4386945034043,223.4490815319149,2664.305391054766,216.180385709617,160.59247378748935,532.1333034486383,,114.16403165957448,1315.3250672000001,1117.7455697,724.7119082,0.8497865642288733,0.3552444965160017
2015-10-05,NO 15/9-F-15 D,7289,15/9-F-15 D,3420717,VOLVE,369304,MÆRSK INSPIRER,24.0,9.658255208333333,%,production,OP,3192.0862368177445,223.46221157446809,2670.6224193095745,215.5395368495745,150.18110302646807,521.4638175081702,,101.96195727659575,1304.4436959,1116.3725341640002,728.2342018,0.8558227063942072,0.35826345267196835
2015-10-06,NO 15/9-F-15 D,7289,15/9-F-15 D,3420717,VOLVE,369304,MÆRSK INSPIRER,24.0,9.989435416666666,%,production,OP,3189.8806226075003,223.46563550000002,2696.7282407005,212.507281451375,121.919967130875,493.152381907,,93.3121265,1297.7764973,1112.9515991750002,727.1649341,0.8575834140088646,0.3591041809032739
2015-10-07,NO 15/9-F-15 D,7289,15/9-F-15 D,3420717,VOLVE,369304,MÆRSK INSPIRER,24.0,9.982987916666668,%,production,OP,3189.406429931375,223.46154462500002,2692.73851726675,211.23713231775,125.42748756062498,496.667912664625,,90.3072515,1301.6132814,1108.7071253820002,722.8249652000001,0.851794570035032,0.35704964891567764
2015-10-08,NO 15/9-F-15 D,7289,15/9-F-15 D,3420717,VOLVE,369304,MÆRSK INSPIRER,24.0,9.953471875,%,production,OP,3208.707192570375,223.41178175,2719.8852585753752,201.26722019775,117.09234708462499,488.82193399499994,,97.30877637500001,1282.6180551999998,1101.007108194,721.6927994,0.8584060576180794,0.36007029435762256
2015-10-09,NO 15/9-F-15 D,7289,15/9-F-15 D,3420717,VOLVE,369304,MÆRSK INSPIRER,24.0,9.933624791666666,%,production,OP,3192.6503286879997,223.464005,2686.329641576875,220.81970837225,133.06556634375,506.32068711112504,,112.1542505,1338.5973642,1135.905447881,710.3082433000001,0.8485788768603046,0.34667689946277824
2015-10-10,NO 15/9-F-15 D,7289,15/9-F-15 D,3420717,VOLVE,369304,MÆRSK INSPIRER,24.0,10.199845,%,production,OP,3176.9902615789997,223.49582149999998,2663.6644596465003,231.87128368,140.82412033724998,513.3258019325,,110.049256625,1334.7605801,1134.736884458,715.0256008,0.8501426408419896,0.348829359599865
2015-10-11,NO 15/9-F-15 D,7289,15/9-F-15 D,3420717,VOLVE,369304,MÆRSK INSPIRER,24.0,10.349423541666667,%,production,OP,3170.7368877764998,223.49951562500002,2658.340305028875,229.920598120625,139.755543807375,512.3965827476251,,102.433803875,1338.9747528,1137.684955614,714.1450274,0.8496687134951033,0.3478340787941915
2015-10-12,NO 15/9-F-15 D,7289,15/9-F-15 D,3420717,VOLVE,369304,MÆRSK INSPIRER,24.0,10.063459791666666,%,production,OP,3177.02969378525,223.479397625,2666.5309423325,222.373992991125,137.52838560375,510.49875145275,,102.10577375,1323.6905145,1132.811880161,715.2771932,0.8557981399367353,0.35080359070857886
2015-10-13,NO 15/9-F-15 D,7289,15/9-F-15 D,3420717,VOLVE,369304,MÆRSK INSPIRER,23.16667,9.472024583333333,%,production,OP,3190.7099644770565,223.41212687612853,2688.8179288855567,211.2559561411324,122.67444907253113,501.89203559149996,,105.93115967505472,1177.6411263,1017.9991995500001,704.9619048,0.8644392394382704,0.37446126090007015
2015-10-14,NO 15/9-F-15 D,7289,15/9-F-15 D,3420717,VOLVE,369304,MÆRSK INSPIRER,24.0,9.70539,%,production,OP,3188.91388994825,223.44220512500002,2674.98290487425,219.136515187625,129.155314669125,513.930985074,,110.4996755,1295.7637581,1093.928982873,724.3974177,0.8442348970132074,0.3585839716047077
2015-10-15,NO 15/9-F-15 D,7289,15/9-F-15 D,3420717,VOLVE,369304,MÆRSK INSPIRER,24.0,10.313150208333333,%,production,OP,3187.7541086893752,223.445490125,2677.94135373875,216.3193786595,105.937220688125,509.81275495062505,,107.375663,1289.8513367,1107.112666677,713.2015559,0.8583257893188491,0.35605727563901274
2015-10-16,NO 15/9-F-15 D,7289,15/9-F-15 D,3420717,VOLVE,369304,MÆRSK INSPIRER,24.0,10.458562916666667,%,production,OP,3175.827491933,223.47472475,2668.616138550375,226.174266580625,130.661712575,507.21135338262496,,114.96495125,1327.6530948000002,1124.9522405290002,750.1856387,0.8473239319330361,0.36104131981232024
2015-10-17,NO 15/9-F-15 D,7289,15/9-F-15 D,3420717,VOLVE,369304,MÆRSK INSPIRER,24.0,10.437518958333333,%,production,OP,3177.4367006295,223.467617,2672.7390763655,222.48683557675,128.49827137775,504.69762426399996,,114.24488037500001,1313.5639204000001,1107.209428955,732.6999668999999,0.8429048725834659,0.35806719331140685
2015-10-18,NO 15/9-F-15 D,7289,15/9-F-15 D,3420717,VOLVE,369304,MÆRSK INSPIRER,24.0,10.44460625,%,production,OP,3171.315504791,223.47777125000002,2666.32731502375,225.182671990875,130.567960616125,504.98818976725,,114.936734,1318.6586665,1101.851129524,727.9826094,0.835584793484539,0.3556962414333569
2015-10-19,NO 15/9-F-15 D,7289,15/9-F-15 D,3420717,VOLVE,369304,MÆRSK INSPIRER,24.0,10.436389166666666,%,production,OP,3173.86295826625,223.45600100000001,2677.155027200125,220.364406895625,118.96046976250001,496.70793106612496,,113.890232,1278.0264939,1077.284811616,716.8496457,0.8429283874456931,0.3593454407869845
2015-10-20,NO 15/9-F-15 D,7289,15/9-F-15 D,3420717,VOLVE,369304,MÆRSK INSPIRER,24.0,10.373383958333333,%,production,OP,3179.962703588875,223.44001699999998,2685.722358406,214.054141937625,115.42762811525,494.240345182875,,111.13441624999999,1280.2279274,1077.895402779,695.2755974,0.841955857788609,0.35194854814060117
2015-10-21,NO 15/9-F-15 D,7289,15/9-F-15 D,3420717,VOLVE,369304,MÆRSK INSPIRER,24.0,10.353136041666666,%,production,OP,3194.797785489,223.39459137499998,2719.03171901025,199.582220081375,98.59490460325,475.76606647874996,,102.867071,1271.2963972,1070.393501058,709.6163642,0.8419700578209112,0.3582269638661333
2015-10-22,NO 15/9-F-15 D,7289,15/9-F-15 D,3420717,VOLVE,369304,MÆRSK INSPIRER,24.0,10.329172708333333,%,production,OP,3218.3952384455,223.339869125,2749.370782958375,183.46163617099998,92.2151966595,469.024455487125,,99.019728125,1270.6045181,1067.301699073,674.7708168,0.8399952021806053,0.3468589349801158
2015-10-23,NO 15/9-F-15 D,7289,15/9-F-15 D,3420717,VOLVE,369304,MÆRSK INSPIRER,24.0,11.000735,%,production,OP,3215.98390313325,223.35342724999998,2752.587689538875,190.97329318574998,87.73142545175,463.396213594375,,102.034641125,1255.5089741000002,1060.845818766,693.9547373,0.8449527965552437,0.3559721236368329
2015-10-24,NO 15/9-F-15 D,7289,15/9-F-15 D,3420717,VOLVE,369304,MÆRSK INSPIRER,24.0,11.088715208333333,%,production,OP,3196.659852830375,223.413085625,2722.968428033375,206.5806571115,94.3132438485,473.691424797,,102.354915125,1240.4763282000001,1055.112830368,744.1474211,0.8505707093169824,0.3749564225271765
2015-10-25,NO 15/9-F-15 D,7289,15/9-F-15 D,3420717,VOLVE,369304,MÆRSK INSPIRER,24.0,10.8531994,%,production,OP,3192.99205948824,223.42132076000001,2716.69066717896,207.72833458668,98.1281130954,476.30139230928,,103.89471728000001,1311.0479964,1100.225240736,747.7955109000001,0.8391952420941893,0.3632114379983503
2015-10-26,NO 15/9-F-15 D,7289,15/9-F-15 D,3420717,VOLVE,369304,MÆRSK INSPIRER,24.0,10.956504583333333,%,production,OP,3262.097735075375,223.19216262499998,2816.852229472,156.401654781,70.37533836,445.245505603375,,94.640286125,1147.0726497,1056.0659741210002,741.4428028,0.9206618032407962,0.3926061615320566
2015-10-27,NO 15/9-F-15 D,7289,15/9-F-15 D,3420717,VOLVE,369304,MÆRSK INSPIRER,24.0,11.367511666666667,%,production,OP,3225.1863768925,223.36536124999998,2751.997046456875,193.750918945375,96.68116143112499,473.189330435625,,97.778105375,1146.6952611,1052.9678154900002,749.5566577000001,0.9182629868723021,0.3952832692052541
2015-10-28,NO 15/9-F-15 D,7289,15/9-F-15 D,3420717,VOLVE,369304,MÆRSK INSPIRER,24.0,11.780431875,%,production,OP,3169.952993646,223.496765,2689.379808846625,232.103658729,100.9671521745,480.57318479937504,,95.09153375,1245.3194819,1123.437593046,789.3082569,0.9021280156413813,0.38793743044392237
2015-10-29,NO 15/9-F-15 D,7289,15/9-F-15 D,3420717,VOLVE,369304,MÆRSK INSPIRER,24.0,11.784138541666668,%,production,OP,3147.106254355875,223.535525375,2661.8111157364997,243.119600013125,103.044401518625,485.29513861937505,,96.996818,1352.8123348000001,1170.274773362,886.4229233000001,0.8650680831757891,0.3958596668632903
2015-10-30,NO 15/9-F-15 D,7289,15/9-F-15 D,3420717,VOLVE,369304,MÆRSK INSPIRER,24.0,11.778878958333333,%,production,OP,3215.7607440405,223.346338625,2740.55487475025,188.96383097687502,72.63503342162501,475.20586929025,,94.825697375,1243.1809465000001,1093.6545876540001,791.258098,0.8797227714380836,0.38893182872159526
2015-10-31,NO 15/9-F-15 D,7289,15/9-F-15 D,3420717,VOLVE,369304,MÆRSK INSPIRER,24.0,11.758419791666666,%,production,OP,3170.832597748375,223.514382125,2693.207434185625,235.975578068875,99.01253245937501,477.62516356275,,103.288107125,1304.0034092,1257.166592712,870.0065192,0.9640822898486636,0.4001851637541951
2015-11-01,NO 15/9-F-15 D,7289,15/9-F-15 D,3420717,VOLVE,369304,MÆRSK INSPIRER,24.0,11.755763541666667,%,production,OP,3185.14539176725,223.4816255,2713.19560744725,228.57636176362502,93.602566713375,471.94978431999994,,106.60373,1316.3943348999999,1249.9076561270003,835.0351756,0.9494933417667357,0.3881303902938167
2015-11-02,NO 15/9-F-15 D,7289,15/9-F-15 D,3420717,VOLVE,369304,MÆRSK INSPIRER,23.16667,12.462886458333333,%,production,OP,3189.7957719262376,223.46199672514436,2723.850093256612,225.4177133521054,79.70926823913271,465.94567866962586,,106.51690013265265,1251.2319033,1183.02832412,693.766043,0.9454908566508575,0.35669242958315817
2015-11-03,NO 15/9-F-15 D,7289,15/9-F-15 D,3420717,VOLVE,369304,MÆRSK INSPIRER,24.0,12.689533958333334,%,production,OP,3252.55258788975,223.186326875,2801.71266144225,216.963042195375,63.208965455625005,450.83992644750003,,97.337083625,1261.106905,1097.723900535,704.0184333000001,0.87044476259925,0.35825624939986556
2015-11-04,NO 15/9-F-15 D,7289,15/9-F-15 D,3420717,VOLVE,369304,MÆRSK INSPIRER,24.0,17.483957083333333,%,production,OP,3336.4013037787504,222.98640162499998,2907.235865116125,200.811755553375,36.74707545325,429.165438662625,,89.71645400000001,1306.8967218,1112.750305385,710.1824471,0.8514447138962898,0.35208456765100254
2015-11-05,NO 15/9-F-15 D,7289,15/9-F-15 D,3420717,VOLVE,369304,MÆRSK INSPIRER,23.62514,13.264799375,%,production,OP,3236.245413244129,223.47491278389208,2738.3804356948604,317.54977708374855,101.51079476421087,497.86497754926893,,100.52463914214435,1301.0471985,1096.059165577,716.0948685,0.8424438151365037,0.35500467726847523
2015-11-06,NO 15/9-F-15 D,7289,15/9-F-15 D,3420717,VOLVE,369304,MÆRSK INSPIRER,13.65028,14.140404375,%,production,OP,3436.6259460247998,222.2098754839139,3028.4152266013857,117.78988003830123,37.17761643061137,408.21071942341405,,80.60937437520403,692.6338772,594.530390587,418.52395740000003,0.8583616975109748,0.3766557228574663
2015-11-07,NO 15/9-F-15 D,7289,15/9-F-15 D,3420717,VOLVE,369304,MÆRSK INSPIRER,10.225,15.528827916666666,%,production,OP,3070.783290224523,223.68789392176038,2720.902913868088,269.9263564841076,55.11150165068948,349.88037635643525,,120.94707886552567,510.6696739,440.66883359800005,312.4148627,0.8629234437059844,0.37956594834173923
2015-11-08,NO 15/9-F-15 D,7289,15/9-F-15 D,3420717,VOLVE,369304,MÆRSK INSPIRER,24.0,23.120338125,%,production,OP,3006.5220329138747,223.888508,2586.25073535225,229.206841949625,54.794319982625005,420.271297561625,,121.33870512499999,1168.3322075,1008.6757656030001,744.3990135,0.8633467083487896,0.38918119039789545
2015-11-09,NO 15/9-F-15 D,7289,15/9-F-15 D,3420717,VOLVE,369304,MÆRSK INSPIRER,24.0,21.604165,%,production,OP,2996.4405593772503,223.852662875,2570.44633126025,188.09994838937502,63.435850212,425.994228117,,114.5860475,1750.3283267999998,1509.6154913970001,1476.3442032,0.8624756100227906,0.45754385964912286
2015-11-10,NO 15/9-F-15 D,7289,15/9-F-15 D,3420717,VOLVE,369304,MÆRSK INSPIRER,24.0,20.674588541666665,%,production,OP,3016.770650659,223.80467825,2579.4334719355,151.46521997525,56.829233338875,437.3371787235,,117.55105437499999,1733.6603303,1503.7080483810003,1492.3203206,0.8673602447376715,0.46259431846984733
2015-11-11,NO 15/9-F-15 D,7289,15/9-F-15 D,3420717,VOLVE,369304,MÆRSK INSPIRER,24.0,26.11306875,%,production,OP,2902.0710589145,224.00205987500001,2497.474628381125,242.364362974125,30.973653544125,404.59643053337504,,124.254378875,1828.0074803,1558.16225634,1538.1101374,0.8523828666632618,0.45693891660593833
2015-11-12,NO 15/9-F-15 D,7289,15/9-F-15 D,3420717,VOLVE,369304,MÆRSK INSPIRER,24.0,27.063140625,%,production,OP,2902.65660753675,223.99046900000002,2505.41259740225,207.73323179475,23.574280114375,397.2440101345,,117.540323,1478.5456367,1266.112159369,1074.2995480000002,0.8563226781385422,0.4208244019020869
2015-11-13,NO 15/9-F-15 D,7289,15/9-F-15 D,3420717,VOLVE,369304,MÆRSK INSPIRER,24.0,26.95368708333333,%,production,OP,2923.4448936617873,223.94976302127662,2523.8272746818297,171.4499073745532,21.650684966082448,399.61761897995746,,113.24505238297873,1467.9158578,1259.7717581310003,1063.2294824,0.8582043387820947,0.4200586451965609
2015-11-14,NO 15/9-F-15 D,7289,15/9-F-15 D,3420717,VOLVE,369304,MÆRSK INSPIRER,24.0,26.820064583333334,%,production,OP,2922.687887300625,223.956397625,2525.9369973012504,165.442087856375,23.242239786375002,396.750889999375,,115.985792375,1499.0504173000002,1288.473780556,1077.2557587000001,0.8595266481275006,0.4181396484375
2015-11-15,NO 15/9-F-15 D,7289,15/9-F-15 D,3420717,VOLVE,369304,MÆRSK INSPIRER,24.0,26.344861041666668,%,production,OP,2937.2375736978747,223.93298280851064,2540.231095433322,160.58710738148937,19.503414155744682,397.0064782645532,,119.39954421276596,1505.9063102,1274.18262776,1140.2167568,0.8461234401699103,0.43090087948657
2015-11-16,NO 15/9-F-15 D,7289,15/9-F-15 D,3420717,VOLVE,369304,MÆRSK INSPIRER,24.0,27.25294375,%,production,OP,2947.7245325941276,223.91152527659577,2549.803312007234,141.58665415059576,16.89725102106383,397.9212205868936,,110.05756297872341,1510.5607696,1280.2472211909999,1081.0296447,0.8475310937209182,0.4171298206441279
2015-11-17,NO 15/9-F-15 D,7289,15/9-F-15 D,3420717,VOLVE,369304,MÆRSK INSPIRER,24.0,28.091776666666668,%,production,OP,2988.32351979375,223.83892325,2586.24842683075,133.863353906,13.930464786,402.075092963,,106.05915949999999,1499.3020097,1270.4410352950001,1040.2087778,0.8473549872378324,0.40960990712074297
2015-11-18,NO 15/9-F-15 D,7289,15/9-F-15 D,3420717,VOLVE,369304,MÆRSK INSPIRER,10.65833,13.410883541666667,%,production,OP,3174.03087074702,223.35671115034532,2773.149989687706,71.90890677842187,9.606634233299989,400.88088105931394,,100.39714009665303,645.2087098,561.1216249460001,453.3695048,0.8696745974181518,0.4126875071567618
2015-11-19,NO 15/9-F-15 D,7289,15/9-F-15 D,3420717,VOLVE,369304,MÆRSK INSPIRER,0.0,1.2400402083333333,%,production,OP,3672.556800996,219.124364,2378.350963674,0.359259126,997.247784222,1294.205837322,,56.830748,0.0,0.0,0.0,,
2015-11-20,NO 15/9-F-15 D,7289,15/9-F-15 D,3420717,VOLVE,369304,MÆRSK INSPIRER,12.49166,7.623890416666667,%,production,OP,3372.010982633723,222.46577653305485,2751.6878643219698,9.526151237385584,227.76193294679638,620.3231183117533,,81.90872143395353,599.6704854000001,519.414611099,419.0271422,0.8661667094596681,0.411336132378365
2015-11-21,NO 15/9-F-15 D,7289,15/9-F-15 D,3420717,VOLVE,369304,MÆRSK INSPIRER,24.0,24.79944625,%,production,OP,3401.47149052075,222.98133762499998,2993.465422077875,31.53075961025,12.234127532625001,408.006068442875,,87.2325605,276.3742514,238.592116699,183.9769425,0.8632935792331919,0.3996447602131439
2015-11-22,NO 15/9-F-15 D,7289,15/9-F-15 D,3420717,VOLVE,369304,MÆRSK INSPIRER,8.90833,9.123425833333334,%,production,OP,3447.798001942346,222.76032457010461,3033.260896380497,27.296788219479794,12.844554789719089,414.5371055618495,,84.55586618178492,91.01355070000001,78.25243114200002,63.212590500000005,0.8597887956260123,0.40986949429037517
2015-11-23,NO 15/9-F-15 D,7289,15/9-F-15 D,3420717,VOLVE,369304,MÆRSK INSPIRER,0.0,0.0,%,production,OP,3813.411760038,218.440796,2456.959384104,143.94223791000002,963.8962961220001,1356.452375934,,54.876812,0.0,0.0,0.0,,
2015-11-24,NO 15/9-F-15 D,7289,15/9-F-15 D,3420717,VOLVE,369304,MÆRSK INSPIRER,0.0,0.0,%,production,OP,3879.266554014,217.967036,2488.622339808,123.975871716,996.7105634700001,1390.644214206,,53.746034,0.0,0.0,0.0,,
2015-11-25,NO 15/9-F-15 D,7289,15/9-F-15 D,3420717,VOLVE,369304,MÆRSK INSPIRER,0.0,0.0,%,production,OP,3916.273434828,217.596146,2505.673152126,114.310394358,1016.237464524,1410.600282702,,52.445174,0.0,0.0,0.0,,
2015-11-26,NO 15/9-F-15 D,7289,15/9-F-15 D,3420717,VOLVE,369304,MÆRSK INSPIRER,0.0,0.0,%,production,OP,3948.187306272,217.319252,2518.746732408,109.16314077599999,1036.979929056,1429.440573864,,53.384702000000004,0.0,0.0,0.0,,
2015-11-27,NO 15/9-F-15 D,7289,15/9-F-15 D,3420717,VOLVE,369304,MÆRSK INSPIRER,0.0,0.0,%,production,OP,3976.2756554280004,217.09830200000002,2529.5356741140004,105.892823952,1169.070241758,1446.739981314,,55.23746,0.0,0.0,0.0,,
2015-11-28,NO 15/9-F-15 D,7289,15/9-F-15 D,3420717,VOLVE,369304,MÆRSK INSPIRER,0.0,0.0,%,production,OP,4001.194924284,216.91544000000002,2540.2969135619996,101.740386012,1186.792434978,1460.898010722,,50.768978000000004,0.0,0.0,0.0,,
2015-11-29,NO 15/9-F-15 D,7289,15/9-F-15 D,3420717,VOLVE,369304,MÆRSK INSPIRER,0.0,0.0,%,production,OP,4023.575738064,216.75875,2548.964094366,99.125350872,1200.42948789,1474.611643698,,49.809866,0.0,0.0,0.0,,
2015-11-30,NO 15/9-F-15 D,7289,15/9-F-15 D,3420717,VOLVE,369304,MÆRSK INSPIRER,0.0,0.0,%,production,OP,4043.845233678,216.62151799999998,2556.7653983100004,97.046231142,1213.113641142,1487.079835368,,48.837236000000004,0.0,0.0,0.0,,
2015-12-01,NO 15/9-F-15 D,7289,15/9-F-15 D,3420717,VOLVE,369304,MÆRSK INSPIRER,0.0,0.0,%,production,OP,4062.0889835460002,216.49899200000002,2562.74749062,95.955400344,1227.60743352,1499.341492926,,49.974638,0.0,0.0,0.0,,
2015-12-02,NO 15/9-F-15 D,7289,15/9-F-15 D,3420717,VOLVE,369304,MÆRSK INSPIRER,0.0,0.0,%,production,OP,4078.7763306360002,216.388742,2567.497630158,95.811087534,1251.757275786,1511.278700478,,53.709944,0.0,0.0,0.0,,
2015-12-03,NO 15/9-F-15 D,7289,15/9-F-15 D,3420717,VOLVE,369304,MÆRSK INSPIRER,0.0,0.0,%,production,OP,4094.52934293,216.29044399999998,2573.233447944,94.020448386,1261.799271792,1521.2958949860001,,54.05936,0.0,0.0,0.0,,
2015-12-04,NO 15/9-F-15 D,7289,15/9-F-15 D,3420717,VOLVE,369304,MÆRSK INSPIRER,0.0,0.0,%,production,OP,4110.51615648,216.1994,2578.960418412,92.60110651800001,1277.516024586,1531.5557380680002,,51.3212,0.0,0.0,0.0,,
2015-12-05,NO 15/9-F-15 D,7289,15/9-F-15 D,3420717,VOLVE,369304,MÆRSK INSPIRER,0.0,0.0,%,production,OP,4127.3753736,216.115394,2583.70403124,92.574564564,1298.3079470760001,1543.67134236,,54.04136,0.0,0.0,0.0,,
2015-12-06,NO 15/9-F-15 D,7289,15/9-F-15 D,3420717,VOLVE,369304,MÆRSK INSPIRER,0.0,0.0,%,production,OP,4144.350040968,216.03812,2589.8347875,91.204100502,1320.297158256,1554.515253468,,53.820536,0.0,0.0,0.0,,
2015-12-07,NO 15/9-F-15 D,7289,15/9-F-15 D,3420717,VOLVE,369304,MÆRSK INSPIRER,0.0,0.0,%,production,OP,4161.078433812,215.9654,2595.063262362,90.469047918,1341.904774458,1566.01517145,,51.836144000000004,0.0,0.0,0.0,,
2015-12-08,NO 15/9-F-15 D,7289,15/9-F-15 D,3420717,VOLVE,369304,MÆRSK INSPIRER,0.0,0.0,%,production,OP,4177.401155369999,215.896298,2599.488951894,90.353017518,1353.634432632,1577.912203476,,51.304028,0.0,0.0,0.0,,
2015-12-09,NO 15/9-F-15 D,7289,15/9-F-15 D,3420717,VOLVE,369304,MÆRSK INSPIRER,13.175,8.76609125,%,production,OP,3544.1094823231083,222.88458022390893,2824.2177408289754,302.45306817512335,337.36536496079316,719.8917414941328,,91.90955691081595,1337.5280965000002,1170.8136756840001,1267.2709188,0.8753563224187567,0.48651389660251604
2015-12-10,NO 15/9-F-15 D,7289,15/9-F-15 D,3420717,VOLVE,369304,MÆRSK INSPIRER,24.0,18.363910625,%,production,OP,3366.905910474125,224.164260125,2847.422130462,276.61544020425004,138.542663532375,519.4837800121251,,114.05151275,1951.1619601,1649.0859549890001,2215.8371649,0.8451814809389181,0.5317584905660377
2015-12-11,NO 15/9-F-15 D,7289,15/9-F-15 D,3420717,VOLVE,369304,MÆRSK INSPIRER,24.0,18.956419583333332,%,production,OP,3303.7881255744996,224.167834625,2838.42575570075,280.893200041125,82.0980951425,465.36236987375,,119.764860875,1547.7964448,1323.407434943,1868.2622643,0.8550267959260013,0.5469057833588039
2015-12-12,NO 15/9-F-15 D,7289,15/9-F-15 D,3420717,VOLVE,369304,MÆRSK INSPIRER,24.0,18.957775625,%,production,OP,3278.7171620786253,224.0361035,2818.527022539125,264.912200097625,76.68876091612499,460.1901395395,,120.83145649999999,1519.618096,1293.977576551,1750.0138363,0.8515149825848087,0.5352326722197642
2015-12-13,NO 15/9-F-15 D,7289,15/9-F-15 D,3420717,VOLVE,369304,MÆRSK INSPIRER,24.0,20.008796666666665,%,production,OP,3235.955529976375,223.983615875,2788.5184548686248,269.0834053505,64.865178550625,447.43707510775,,120.3505475,1497.2263724,1272.208182883,1716.1117603999999,0.8497099746137227,0.5340588787973692
2015-12-14,NO 15/9-F-15 D,7289,15/9-F-15 D,3420717,VOLVE,369304,MÆRSK INSPIRER,24.0,20.649365,%,production,OP,3188.331033593875,223.891884125,2743.037855812875,267.249572073125,63.820753869375,445.29317778100005,,115.26407225,1485.5273258,1265.7332326380001,1719.3195635000002,0.8520430493975368,0.5364747904931997
2015-12-15,NO 15/9-F-15 D,7289,15/9-F-15 D,3420717,VOLVE,369304,MÆRSK INSPIRER,24.0,20.037114375,%,production,OP,3175.383264712,223.789127375,2721.34901530925,236.29577060525003,74.13458432525,454.03424940275,,105.7569095,1476.1555089,1254.725993795,1509.6801962000002,0.8499958075081095,0.5056139537823092
2015-12-16,NO 15/9-F-15 D,7289,15/9-F-15 D,3420717,VOLVE,369304,MÆRSK INSPIRER,24.0,19.17622,%,production,OP,3166.4466395635004,223.72000137499998,2706.33408931075,214.005076790875,80.825746265875,460.11255025275,,103.36396249999999,1455.0846454,1244.324402057,1495.7797161,0.8551560254523458,0.5068954492166684
2015-12-17,NO 15/9-F-15 D,7289,15/9-F-15 D,3420717,VOLVE,369304,MÆRSK INSPIRER,24.0,18.612365625,%,production,OP,3168.66530397925,223.671723875,2706.5160062438754,196.75644170575,83.16213621325,462.149297735375,,110.31925025000001,1321.0487943,1122.94389354,1267.9627979,0.8500396793708349,0.48974782566444774
2015-12-18,NO 15/9-F-15 D,7289,15/9-F-15 D,3420717,VOLVE,369304,MÆRSK INSPIRER,24.0,18.579150208333335,%,production,OP,3168.78853793325,223.64925762500002,2707.05118135575,186.931425569375,83.23097789562499,461.7373565775,,105.92314175,1301.0471985,1111.280507571,1269.1578618,0.8541431155243366,0.4937963438807724
2015-12-19,NO 15/9-F-15 D,7289,15/9-F-15 D,3420717,VOLVE,369304,MÆRSK INSPIRER,24.0,18.59179375,%,production,OP,3173.4344283871246,223.62140525,2711.0680510685,175.306744691125,84.42573144225,462.36637731862504,,106.48876700000001,1291.2350949,1101.1010452960002,1248.9046736,0.8527502463687879,0.49166769840287233
2015-12-20,NO 15/9-F-15 D,7289,15/9-F-15 D,3420717,VOLVE,369304,MÆRSK INSPIRER,24.0,18.583380208333335,%,production,OP,3173.6031438406253,223.605858125,2714.0660832205,168.629696760875,81.95613315675,459.537060620125,,104.799723125,1272.2398687,1090.478030389,1241.6713921,0.8571324144269052,0.49392013610888713
2015-12-21,NO 15/9-F-15 D,7289,15/9-F-15 D,3420717,VOLVE,369304,MÆRSK INSPIRER,24.0,18.599074791666666,%,production,OP,3169.04029972825,223.599927875,2711.490147908,166.39857720687502,80.37370814424999,457.55015182025,,102.756174125,1265.8242625,1081.0765509550001,1233.8091296,0.8540494782584404,0.4935960343222365
2015-12-22,NO 15/9-F-15 D,7289,15/9-F-15 D,3420717,VOLVE,369304,MÆRSK INSPIRER,24.0,18.58789625,%,production,OP,3167.314042344125,223.58888525,2713.0158993219998,164.422023515875,76.7964002635,454.298143022125,,103.87808,1251.9866805000001,1071.088494354,1227.9596063,0.8555110937172625,0.49515572689459264
2015-12-23,NO 15/9-F-15 D,7289,15/9-F-15 D,3420717,VOLVE,369304,MÆRSK INSPIRER,24.0,18.189290833333335,%,production,OP,3163.0109349308937,223.58384982978723,2712.229544431532,161.55348940365957,78.33629519693618,450.7813904993617,,101.3814875319149,1251.9866805000001,1076.321779747,1242.0487807,0.8596910785961032,0.4980076667002925
2015-12-24,NO 15/9-F-15 D,7289,15/9-F-15 D,3420717,VOLVE,369304,MÆRSK INSPIRER,24.0,18.666877291666665,%,production,OP,3148.60848241925,223.59761375,2702.382550152125,250.01155497825002,75.11704756425,446.225932267125,,101.50870549999999,1238.2748947,1068.7976297650002,1225.1920899,0.8631343769784984,0.49734463565337284
2015-12-25,NO 15/9-F-15 D,7289,15/9-F-15 D,3420717,VOLVE,369304,MÆRSK INSPIRER,24.0,19.173494375,%,production,OP,3131.07680869875,223.60930775,2692.9776788854997,301.09502636325,66.871253517875,438.09912981325,,107.030162375,1235.6331745,1059.010513807,1215.191292,0.8570589845449315,0.495829590658283
2015-12-26,NO 15/9-F-15 D,7289,15/9-F-15 D,3420717,VOLVE,369304,MÆRSK INSPIRER,24.0,19.543674375,%,production,OP,3109.54300475225,223.62960012499997,2677.937782178,306.8804531885,60.584756662125,431.60522257425,,108.524083625,1224.2486184,1056.5971072090001,1218.1475027,0.8630576267996057,0.4987509979140378
2015-12-27,NO 15/9-F-15 D,7289,15/9-F-15 D,3420717,VOLVE,369304,MÆRSK INSPIRER,24.0,19.923657291666668,%,production,OP,3103.2777136607497,223.621170125,2676.089155024625,299.45341376025,55.55207403525,427.188558636125,,101.81588487500001,1197.2653335,1051.085188833,1193.8059380000002,0.8779049717912842,0.4992766013415758
2015-12-28,NO 15/9-F-15 D,7289,15/9-F-15 D,3420717,VOLVE,369304,MÆRSK INSPIRER,24.0,20.63686,%,production,OP,3071.3742879100855,223.6586681702128,2652.108324781404,311.445985325617,48.43311332017021,419.2659631286808,,99.21377587234042,1212.0463869999999,1049.054593583,1210.2223421,0.865523469097227,0.4996234841993197
2015-12-29,NO 15/9-F-15 D,7289,15/9-F-15 D,3420717,VOLVE,369304,MÆRSK INSPIRER,24.0,22.273890416666667,%,production,OP,3054.1560927395,223.667157125,2643.61658813975,309.56449620025,39.66114268975,410.53950459975,,98.03458325,1203.8067359,1045.376214431,1199.6554613,0.8683920626590009,0.4991363969433686
2015-12-30,NO 15/9-F-15 D,7289,15/9-F-15 D,3420717,VOLVE,369304,MÆRSK INSPIRER,24.0,23.204469375,%,production,OP,3045.3013052825,223.667019875,2641.108717952,303.9888305825,33.191139526125,404.1925873305,,100.275764375,1204.498615,1043.509832536,1193.1140589,0.8663437380008943,0.49762585587239955
2015-12-31,NO 15/9-F-15 D,7289,15/9-F-15 D,3420717,VOLVE,369304,MÆRSK INSPIRER,24.0,25.667597916666665,%,production,OP,3023.397506376375,223.689437,2627.6081004736247,311.903783886,24.694970610625,395.78940590275,,104.60178125,1198.5861936000001,1040.767646081,1197.5798240000001,0.8683294131354993,0.499790004199916
2016-01-01,NO 15/9-F-15 D,7289,15/9-F-15 D,3420717,VOLVE,369304,MÆRSK INSPIRER,24.0,26.406402916666668,%,production,OP,3024.9383538288753,223.674724625,2632.5493003819997,305.1615836775,21.259153342125,392.38905344687504,,107.4857975,1195.2525943,1032.7388490360001,1194.2462247,0.8640339740411305,0.4997894182679652
2016-01-02,NO 15/9-F-15 D,7289,15/9-F-15 D,3420717,VOLVE,369304,MÆRSK INSPIRER,24.0,27.121335208333335,%,production,OP,3037.99531215175,223.644172625,2645.614879401,285.777940886375,20.263757548125,392.38043275075,,91.317331625,1170.9739276999999,1020.6576901660001,1182.9245667,0.8716314394554903,0.5025384779820437
2016-01-03,NO 15/9-F-15 D,7289,15/9-F-15 D,3420717,VOLVE,369304,MÆRSK INSPIRER,21.16667,19.626548958333334,%,production,OP,3099.440820716991,223.16449791064252,2596.6051612579795,247.67054660246396,19.039342472535374,502.8356594590117,,76.65073770739563,841.2620875,730.3295379670001,886.234229,0.8681355653828868,0.5130165665392318
2016-01-04,NO 15/9-F-15 D,7289,15/9-F-15 D,3420717,VOLVE,369304,MÆRSK INSPIRER,9.65833,2.7813666666666665,%,production,OP,3400.4065897153964,220.85120825723496,2532.567241306645,62.906100811604894,141.1469110695079,867.8393484087514,,44.66603905067646,120.4498615,109.710059608,149.82327420000001,0.9108359133148526,0.5543402373749128
2016-01-05,NO 15/9-F-15 D,7289,15/9-F-15 D,3420717,VOLVE,369304,MÆRSK INSPIRER,0.0,1.2267291666666666,%,production,OP,3683.798551338,218.15049199999999,2521.4485002720003,29.038638131999996,952.5669428279999,1162.3500510659999,,38.972318,0.0,0.0,0.0,,
2016-01-06,NO 15/9-F-15 D,7289,15/9-F-15 D,3420717,VOLVE,369304,MÆRSK INSPIRER,0.0,1.2414829166666668,%,production,OP,3811.832441256,217.9553,2504.764489056,23.3293623,1080.349046778,1307.0679522,,36.878108,0.0,0.0,0.0,,
2016-01-07,NO 15/9-F-15 D,7289,15/9-F-15 D,3420717,VOLVE,369304,MÆRSK INSPIRER,0.0,1.2051079166666667,%,production,OP,3860.74911744,217.59737,2506.627792242,20.63745702,1128.408113268,1354.121325198,,37.5242,0.0,0.0,0.0,,
2016-01-08,NO 15/9-F-15 D,7289,15/9-F-15 D,3420717,VOLVE,369304,MÆRSK INSPIRER,0.0,1.1754175,%,production,OP,3901.9198941960003,217.3127,2517.9770157420003,18.729337091999998,1158.27999471,1383.942878454,,39.739712,0.0,0.0,0.0,,
2016-01-09,NO 15/9-F-15 D,7289,15/9-F-15 D,3420717,VOLVE,369304,MÆRSK INSPIRER,0.0,1.1301464583333334,%,production,OP,3938.968690992,217.081166,2538.475816434,17.432407296,1174.417212666,1400.492874558,,40.154936,0.0,0.0,0.0,,
2016-01-10,NO 15/9-F-15 D,7289,15/9-F-15 D,3420717,VOLVE,369304,MÆRSK INSPIRER,0.0,1.0910616666666666,%,production,OP,3972.4520186339996,216.88788200000002,2547.856729236,16.813675187999998,1198.21620801,1424.595289398,,41.861678,0.0,0.0,0.0,,
2016-01-11,NO 15/9-F-15 D,7289,15/9-F-15 D,3420717,VOLVE,369304,MÆRSK INSPIRER,0.0,1.0678583333333334,%,production,OP,4002.9964412820004,216.722552,2554.253630226,16.519248047999998,1222.415943348,1448.742811056,,45.295142,0.0,0.0,0.0,,
2016-01-12,NO 15/9-F-15 D,7289,15/9-F-15 D,3420717,VOLVE,369304,MÆRSK INSPIRER,0.0,1.06113,%,production,OP,4031.0952331740004,216.578894,2565.3561440880003,15.855409122000001,1239.5207098019998,1465.739089086,,47.240942000000004,0.0,0.0,0.0,,
2016-01-13,NO 15/9-F-15 D,7289,15/9-F-15 D,3420717,VOLVE,369304,MÆRSK INSPIRER,0.0,1.01631875,%,production,OP,4056.5757990899997,216.44987,2559.7837841279998,15.40593636,1307.00050953,1496.792014962,,52.62044,0.0,0.0,0.0,,
2016-01-14,NO 15/9-F-15 D,7289,15/9-F-15 D,3420717,VOLVE,369304,MÆRSK INSPIRER,0.0,1.02859625,%,production,OP,4077.8604156660003,216.335714,2566.446539772,14.930791871999999,1291.9826948579998,1511.413875894,,50.18945,0.0,0.0,0.0,,
2016-01-15,NO 15/9-F-15 D,7289,15/9-F-15 D,3420717,VOLVE,369304,MÆRSK INSPIRER,0.0,0.980550625,%,production,OP,4096.685912952,216.230774,2572.951494072,14.47986873,1299.13872474,1523.73441888,,48.599996,0.0,0.0,0.0,,
2016-01-16,NO 15/9-F-15 D,7289,15/9-F-15 D,3420717,VOLVE,369304,MÆRSK INSPIRER,0.0,0.9993191666666666,%,production,OP,4113.636358974,216.136292,2579.1966853139998,13.952800638000001,1310.0935899180001,1534.43967366,,47.174594,0.0,0.0,0.0,,
2016-01-17,NO 15/9-F-15 D,7289,15/9-F-15 D,3420717,VOLVE,369304,MÆRSK INSPIRER,0.0,0.9661285416666666,%,production,OP,4129.2753714,216.0482,2583.2291768279997,13.825892388,1321.730858886,1546.0461945719999,,50.128034,0.0,0.0,0.0,,
2016-01-18,NO 15/9-F-15 D,7289,15/9-F-15 D,3420717,VOLVE,369304,MÆRSK INSPIRER,0.0,0.9224579166666667,%,production,OP,4143.66531657,215.97645200000002,2588.520163068,97.388085708,1330.68594012,1555.145153502,,46.390028,0.0,0.0,0.0,,
2016-01-19,NO 15/9-F-15 D,7289,15/9-F-15 D,3420717,VOLVE,369304,MÆRSK INSPIRER,0.0,0.9161829166666666,%,production,OP,4157.00518662,215.89894399999997,2592.581662182,211.84206768599998,1340.1438681,1564.423524438,,48.228512,0.0,0.0,0.0,,
2016-01-20,NO 15/9-F-15 D,7289,15/9-F-15 D,3420717,VOLVE,369304,MÆRSK INSPIRER,9.075,3.041345833333333,%,production,OP,3829.060389322463,220.433533553719,2896.466589119537,287.5373531382149,577.2179999274546,932.5938002029256,,66.18167882644627,587.0908654,534.669148911,775.6593692,0.9107093644639084,0.569186744207514
2016-01-21,NO 15/9-F-15 D,7289,15/9-F-15 D,3420717,VOLVE,369304,MÆRSK INSPIRER,24.0,18.874195625,%,production,OP,3373.31915543375,223.98554037499997,2882.559710164375,292.718172354125,100.948910624375,490.75944526937496,,113.4712085,1718.3131939,1498.4500426979998,2145.0768024000004,0.8720471029481047,0.5552317535776501
2016-01-22,NO 15/9-F-15 D,7289,15/9-F-15 D,3420717,VOLVE,369304,MÆRSK INSPIRER,24.0,19.772148125,%,production,OP,3384.11690819825,223.913449625,2944.74186096925,250.23781123662502,45.941058446250004,439.37504722899996,,102.70983012500001,1223.8083317,1083.1982581309999,1941.1611622,0.8851044972265568,0.6133269739064767
2016-01-23,NO 15/9-F-15 D,7289,15/9-F-15 D,3420717,VOLVE,369304,MÆRSK INSPIRER,24.0,20.780070208333335,%,production,OP,3311.3742414724998,224.017447625,2885.246131195,299.82954866187504,43.389652685499996,426.1281102775,,111.623788625,1262.9309499,1102.4539514530002,2002.9899945,0.8729328800915785,0.6133002079963024
2016-01-24,NO 15/9-F-15 D,7289,15/9-F-15 D,3420717,VOLVE,369304,MÆRSK INSPIRER,24.0,23.49728125,%,production,OP,3230.124077759125,224.023998125,2823.14379057125,336.71177837975,31.482286702,406.98028718787504,,115.6114265,1279.7247426000001,1111.991039335,2000.9772553,0.8689298583660908,0.6099235031346459
2016-01-25,NO 15/9-F-15 D,7289,15/9-F-15 D,3420717,VOLVE,369304,MÆRSK INSPIRER,22.5,17.913889375,%,production,OP,3222.7320696238867,223.82451316347198,2813.1036430219597,290.3508956857197,71.42081861537297,409.62842660192706,,110.15511071963999,1361.2406802,1015.505275436,1857.2550967999998,0.7460144926662029,0.5770568692593315
2016-01-26,NO 15/9-F-15 D,7289,15/9-F-15 D,3420717,VOLVE,369304,MÆRSK INSPIRER,24.0,11.38109125,%,production,OP,3237.934785000125,223.379068625,2752.3187890868753,240.43687140825,128.2544806295,485.61599591324995,,102.173289125,1204.1212264,1073.23139035,1938.8339325,0.8912984563511719,0.6168824671296202
2016-01-27,NO 15/9-F-15 D,7289,15/9-F-15 D,3420717,VOLVE,369304,MÆRSK INSPIRER,24.0,13.044436458333333,%,production,OP,3073.776389200625,223.85950925,2680.14116925775,333.919594430875,164.911351511625,393.635219942875,,120.52595375000001,1293.9397132,1121.113179492,1625.0982097,0.8664338593638274,0.5567239113103062
2016-01-28,NO 15/9-F-15 D,7289,15/9-F-15 D,3420717,VOLVE,369304,MÆRSK INSPIRER,24.0,12.346725833333334,%,production,OP,3149.0170846815,223.646174375,2725.07531951875,246.778225865875,195.050510793,423.94176516275,,105.470105,1234.1865182,1083.421447035,1320.231119,0.8778425554470621,0.5168423126169605
2016-01-29,NO 15/9-F-15 D,7289,15/9-F-15 D,3420717,VOLVE,369304,MÆRSK INSPIRER,24.0,12.810490416666667,%,production,OP,3115.8428148877497,223.667334875,2695.6601566955,260.131406174,191.24776551425,420.18265819224996,,103.504845875,1240.2876339,1082.039582824,1319.3505456,0.8724102000610942,0.5154441577589385
2016-01-30,NO 15/9-F-15 D,7289,15/9-F-15 D,3420717,VOLVE,369304,MÆRSK INSPIRER,24.0,13.029064375,%,production,OP,3082.718894431375,223.68562475,2673.3127741745,267.600902455125,180.59894260275,409.406120256875,,103.82226499999999,1233.9349258,1075.149684854,1313.1865318,0.8713179782612488,0.5155570920584749
2016-01-31,NO 15/9-F-15 D,7289,15/9-F-15 D,3420717,VOLVE,369304,MÆRSK INSPIRER,24.0,12.981472708333333,%,production,OP,3093.52656719075,223.65409625,2682.525059150125,255.54813285499998,182.2757933965,411.00150804062497,,111.756098375,1215.8831711,1060.441818598,1297.9022935,0.8721576577448856,0.5163138667867687
2016-02-01,NO 15/9-F-15 D,7289,15/9-F-15 D,3420717,VOLVE,369304,MÆRSK INSPIRER,24.0,12.902181875,%,production,OP,3082.740000482,223.65690462499998,2674.898042536125,252.97775128925,179.078294713375,407.84195794587504,,106.01262275,1203.9954301999999,1056.203348304,1298.845765,0.8772486355106434,0.5189485323683153
2016-02-02,NO 15/9-F-15 D,7289,15/9-F-15 D,3420717,VOLVE,369304,MÆRSK INSPIRER,24.0,12.864044375,%,production,OP,3074.819720053625,223.65223887500002,2670.6806003775,247.914323628,175.084262442375,404.139119676125,,102.82510775,1204.5615131,1050.08966744,1290.7948082,0.8717609321067724,0.5172787538124166
2016-02-03,NO 15/9-F-15 D,7289,15/9-F-15 D,3420717,VOLVE,369304,MÆRSK INSPIRER,24.0,12.923337291666666,%,production,OP,3066.995690468,223.65070550000002,2666.9203210165,250.303042077125,171.49517324575,400.0753694515,,107.14289562500001,1183.9938344,1042.525964994,1274.8186908,0.8805163799880005,0.5184692520208738
2016-02-04,NO 15/9-F-15 D,7289,15/9-F-15 D,3420717,VOLVE,369304,MÆRSK INSPIRER,22.75,11.310253958333334,%,production,OP,3096.4551103486087,223.53099234285713,2694.1890469135583,226.13808242202197,173.19751770877582,402.26606343505057,,107.86636686813186,1035.3656241,915.710524147,1149.2740832,0.8844320333147904,0.5260703077764662
2016-02-05,NO 15/9-F-15 D,7289,15/9-F-15 D,3420717,VOLVE,369304,MÆRSK INSPIRER,24.0,11.90900125,%,production,OP,3067.296169922875,223.64419625,2672.3416269211248,241.65700962649998,165.445302865375,394.95454300175,,107.854061,1212.1092851,1073.132862337,1327.8417891000001,0.8853433230226148,0.5227824278143728
2016-02-06,NO 15/9-F-15 D,7289,15/9-F-15 D,3420717,VOLVE,369304,MÆRSK INSPIRER,24.0,11.9735675,%,production,OP,3039.42143454625,223.669171625,2649.56742476075,272.00056975262504,156.204279214375,389.8540097855,,106.367567375,1191.4158102,1036.703983552,1295.8266562000001,0.8701445579927054,0.5209892777665386
2016-02-07,NO 15/9-F-15 D,7289,15/9-F-15 D,3420717,VOLVE,369304,MÆRSK INSPIRER,24.0,12.42847875,%,production,OP,3016.745761533875,223.68891237500003,2639.36849763875,361.40612955725,145.68487552324999,377.377263895125,,103.92427025,1164.8728119999998,1037.367546765,1286.2032469,0.8905414703463782,0.5247504426595498
2016-02-08,NO 15/9-F-15 D,7289,15/9-F-15 D,3420717,VOLVE,369304,MÆRSK INSPIRER,24.0,12.339449791666667,%,production,OP,3008.9333289449996,223.68951687499998,2635.66138679125,360.825315821375,141.17716398062498,373.27194215375,,108.8693945,1162.4826842,1036.953305334,1277.2088186,0.8920161301564788,0.523512426523667
2016-02-09,NO 15/9-F-15 D,7289,15/9-F-15 D,3420717,VOLVE,369304,MÆRSK INSPIRER,24.0,12.329327291666667,%,production,OP,3007.02813395,223.683023,2637.1054757680004,357.10450794775,137.96734613237498,369.922658182,,112.316235875,1168.1435132,1047.3930369480001,1285.3226735,0.8966304440443134,0.5238803291716871
2016-02-10,NO 15/9-F-15 D,7289,15/9-F-15 D,3420717,VOLVE,369304,MÆRSK INSPIRER,24.0,12.338862083333334,%,production,OP,3001.9502115536247,223.68421512499998,2635.1657435992497,356.828920639625,134.992646968625,366.784467954375,,115.671837125,1153.6140521,1004.507924709,1262.9309499,0.8707486900670357,0.5226184279021344
2016-02-11,NO 15/9-F-15 D,7289,15/9-F-15 D,3420717,VOLVE,369304,MÆRSK INSPIRER,24.0,12.354496666666666,%,production,OP,2996.807717031,223.685342,2632.754311595,354.31714349074997,132.000026547,364.053405436,,113.58926075000001,1169.275679,1022.260271252,1238.0862004,0.8742679674362747,0.5142916862622146
2016-02-12,NO 15/9-F-15 D,7289,15/9-F-15 D,3420717,VOLVE,369304,MÆRSK INSPIRER,24.0,12.487276041666666,%,production,OP,2986.278015641875,223.6965125,2625.484354364,354.93993061950005,125.343407823375,360.793661277875,,107.64210237500001,1104.9938208,961.6743719320001,1242.6777617,0.8702984159999748,0.5293235097119893
2016-02-13,NO 15/9-F-15 D,7289,15/9-F-15 D,3420717,VOLVE,369304,MÆRSK INSPIRER,24.0,12.564792708333334,%,production,OP,2989.98659802075,223.6861895,2632.752163219625,351.52204971699996,122.170018686125,357.23443480112496,,115.217093,1072.9786879,936.9742113110001,1240.7279206,0.8732458732659606,0.5362511893434824
2016-02-14,NO 15/9-F-15 D,7289,15/9-F-15 D,3420717,VOLVE,369304,MÆRSK INSPIRER,24.0,12.589395833333333,%,production,OP,2989.269466694625,223.684475375,2633.7794280925,348.36242710325,120.513279828375,355.490038602125,,114.282552125,1093.1689780000002,962.465421212,1215.0025977,0.8804360904687143,0.5263918031446712
2016-02-15,NO 15/9-F-15 D,7289,15/9-F-15 D,3420717,VOLVE,369304,MÆRSK INSPIRER,24.0,12.57159375,%,production,OP,2986.311090349125,223.6864145,2631.729911222625,345.906646708875,119.71212013262499,354.5811791265,,112.930035875,1089.5208882,954.7205543550001,1210.6626288,0.8762755856221318,0.5263330598851518
2016-02-16,NO 15/9-F-15 D,7289,15/9-F-15 D,3420717,VOLVE,369304,MÆRSK INSPIRER,24.0,12.56762875,%,production,OP,2978.7275428323746,223.694797625,2623.93623688175,343.565624610375,120.088439353375,354.791305950625,,105.310289,1077.7589435,948.7905099310001,1206.0081694,0.8803364756592252,0.528078437852874
2016-02-17,NO 15/9-F-15 D,7289,15/9-F-15 D,3420717,VOLVE,369304,MÆRSK INSPIRER,24.0,12.821694375,%,production,OP,2975.96636679925,223.696106375,2624.88042217525,339.439973376,116.47835288462501,351.085944624,,104.166273875,1074.7398347,941.2963774440001,1193.176957,0.8758365020561009,0.526111434672879
2016-02-18,NO 15/9-F-15 D,7289,15/9-F-15 D,3420717,VOLVE,369304,MÆRSK INSPIRER,24.0,13.041153958333334,%,production,OP,2981.36146615025,223.686383,2633.197049154875,342.26818415975,113.702975214,348.16441699537495,,112.80611,1055.3672199,931.6745342820002,1187.3274337,0.8827965439084604,0.52942001346197
2016-02-19,NO 15/9-F-15 D,7289,15/9-F-15 D,3420717,VOLVE,369304,MÆRSK INSPIRER,24.0,14.033778333333334,%,production,OP,2964.8012750835,223.703857625,2621.5906551511252,344.096663117625,108.751749553875,343.21061993237504,,105.97322975,1020.7732649,901.227965677,1211.2916098,0.8828875095639274,0.5426776002479782
2016-02-20,NO 15/9-F-15 D,7289,15/9-F-15 D,3420717,VOLVE,369304,MÆRSK INSPIRER,24.0,22.682403541666666,%,production,OP,2801.949139858,223.893656375,2515.118204961875,281.95059051525,52.43652484375,286.83093489612503,,117.5093195,1060.1474755000002,924.8877552360001,1239.9731434,0.8724142410467872,0.5390904864776176
2016-02-21,NO 15/9-F-15 D,7289,15/9-F-15 D,3420717,VOLVE,369304,MÆRSK INSPIRER,24.0,13.77461625,%,production,OP,2968.6271176637497,223.639308125,2651.707499731875,159.24180702675,83.415000901375,316.919617931875,,104.16748475,1004.3568608,896.383495131,1242.6777617,0.8924950185703954,0.5530300909727082
2016-02-22,NO 15/9-F-15 D,7289,15/9-F-15 D,3420717,VOLVE,369304,MÆRSK INSPIRER,24.0,14.092683125,%,production,OP,2975.315971082875,223.67500175,2648.9569930566254,220.819484772,91.33001161575001,326.35897802625,,107.55653299999999,1023.7294756,922.189712156,1279.6618445,0.900813871375064,0.5555555555555555
2016-02-23,NO 15/9-F-15 D,7289,15/9-F-15 D,3420717,VOLVE,369304,MÆRSK INSPIRER,24.0,14.55131625,%,production,OP,2962.9479070005,223.72441550000002,2632.46460423325,236.283959073125,95.850610389,330.48330276725,,106.959092,1023.0375965000001,918.7377002310001,1292.4301588,0.8980488140163869,0.5581723847553853
2016-02-24,NO 15/9-F-15 D,7289,15/9-F-15 D,3420717,VOLVE,369304,MÆRSK INSPIRER,24.0,14.713051041666667,%,production,OP,2963.133921257125,223.74418962500002,2632.7982550873753,244.460004949625,95.5214103885,330.33566616975,,109.318077125,1019.7668953,911.6461553239999,1313.4381242,0.893975044224011,0.5629330098396009
2016-02-25,NO 15/9-F-15 D,7289,15/9-F-15 D,3420717,VOLVE,369304,MÆRSK INSPIRER,24.0,14.6971525,%,production,OP,2972.4026683175002,223.74566112500003,2641.86547789,246.28628718612498,95.265379037375,330.5371904275,,110.59742862499999,1041.3409436,926.0838641250001,1340.1069186,0.8893185942765808,0.5627278009613862
2016-02-26,NO 15/9-F-15 D,7289,15/9-F-15 D,3420717,VOLVE,369304,MÆRSK INSPIRER,24.0,14.818342708333333,%,production,OP,2959.11260069075,223.78208525,2630.08725011575,264.61802979575,102.210402802375,329.025350575,,117.18920525000001,1131.9771057,1026.957832646,1382.1228494000002,0.9072249142450125,0.5497485677115909
2016-02-27,NO 15/9-F-15 D,7289,15/9-F-15 D,3420717,VOLVE,369304,MÆRSK INSPIRER,24.0,15.021875833333333,%,production,OP,2956.685555950125,223.79779287499997,2629.851415306125,271.037523475875,98.192348612625,326.834140644,,117.907364,1125.0583147,1023.024834507,1385.2677544,0.9093082741935848,0.551827816892586
2016-02-28,NO 15/9-F-15 D,7289,15/9-F-15 D,3420717,VOLVE,369304,MÆRSK INSPIRER,24.0,14.914765208333334,%,production,OP,2956.188970011125,223.81113424999998,2629.183630137875,276.42808434612505,105.50959125325,327.00533987325,,118.9255355,1138.2669157,1025.4283529890001,1389.0416404,0.9008680994285004,0.5496130011697071
2016-02-29,NO 15/9-F-15 D,7289,15/9-F-15 D,3420717,VOLVE,369304,MÆRSK INSPIRER,24.0,15.279753333333334,%,production,OP,2944.362039685125,223.840011875,2617.1181757560003,283.251324537125,99.920301128375,327.243863929125,,112.56352475,1129.9014683999999,1019.391305024,1494.6475503,0.9021948670157158,0.5694873822704725
2016-03-01,NO 15/9-F-15 D,7289,15/9-F-15 D,3420717,VOLVE,369304,MÆRSK INSPIRER,24.0,18.271072083333333,%,production,OP,2919.428998262375,223.874457125,2613.4748181743753,293.42005353887504,79.169696338625,305.954180088,,106.02129875,1149.6514718,1016.6508843040001,1433.5734952,0.8843122539670549,0.554954954954955
2016-03-02,NO 15/9-F-15 D,7289,15/9-F-15 D,3420717,VOLVE,369304,MÆRSK INSPIRER,24.0,19.86501270833333,%,production,OP,2919.836011149875,223.882540625,2619.623692097875,303.27977606,71.55322217425001,300.212319052,,118.550519,1133.9898449,1004.6767289750001,1431.8752465,0.8859662487220922,0.5580477521204099
2016-03-03,NO 15/9-F-15 D,7289,15/9-F-15 D,3420717,VOLVE,369304,MÆRSK INSPIRER,24.0,18.776760625,%,production,OP,2912.998986305625,223.89081012499997,2604.18428519775,300.10266428075,80.12201886825,308.814701107875,,119.41926575,1121.473123,1000.125723586,1423.9500859,0.8917964265702693,0.5594158491684994
2016-03-04,NO 15/9-F-15 D,7289,15/9-F-15 D,3420717,VOLVE,369304,MÆRSK INSPIRER,24.0,18.306749375,%,production,OP,2919.720905367125,223.882972625,2607.39864152675,290.769260488625,84.572077805875,312.322263840375,,111.41288525,1112.7931852,990.905055416,1411.6849564,0.8904665023069015,0.5591987243372534
2016-03-05,NO 15/9-F-15 D,7289,15/9-F-15 D,3420717,VOLVE,369304,MÆRSK INSPIRER,24.0,17.75457,%,production,OP,2933.40491131,223.867338125,2619.6170415012502,283.169583537625,84.806271873125,313.78786980875,,116.25359412499999,1096.942864,980.454376245,1413.5090013,0.8938062395244316,0.5630496329516699
2016-03-06,NO 15/9-F-15 D,7289,15/9-F-15 D,3420717,VOLVE,369304,MÆRSK INSPIRER,24.0,17.564814166666668,%,production,OP,2936.5110572045,223.867046375,2619.140921028375,281.981359722625,88.333916325375,317.370136176125,,116.872403,1095.1188191,974.9760068340001,1410.2383001,0.8902924411757103,0.5628891343643302
2016-03-07,NO 15/9-F-15 D,7289,15/9-F-15 D,3420717,VOLVE,369304,MÆRSK INSPIRER,24.0,17.519630833333334,%,production,OP,2937.378991791125,223.870544,2620.7409439848752,281.701049614625,87.6343406405,316.63804780625,,117.532823,1083.734263,968.342140439,1400.6148908,0.8935236002951767,0.563775381031951
2016-03-08,NO 15/9-F-15 D,7289,15/9-F-15 D,3420717,VOLVE,369304,MÆRSK INSPIRER,24.0,17.081365416666667,%,production,OP,2926.257629032375,223.8880085,2608.9585070870003,287.676442982,88.5036258935,317.29912194537496,,114.72359037499999,1071.154643,961.2128088030001,1390.2996024,0.8973613801560117,0.5648285378443296
2016-03-09,NO 15/9-F-15 D,7289,15/9-F-15 D,3420717,VOLVE,369304,MÆRSK INSPIRER,24.0,16.807043958333335,%,production,OP,2929.5683721772502,223.88548062499999,2614.126238221625,284.095551454,86.582685210625,315.442133955625,,111.356329625,1057.1283667,950.3814371660001,1382.1857475,0.89902179063908,0.5666288484348408
2016-03-10,NO 15/9-F-15 D,7289,15/9-F-15 D,3420717,VOLVE,369304,MÆRSK INSPIRER,24.0,16.807005625,%,production,OP,2931.380377235625,223.8837125,2617.19073705875,283.423599464875,85.50669361300001,314.189640176875,,110.58538250000001,1056.6251819000001,940.880723425,1376.9023071,0.8904583569862768,0.5658051176014474
2016-03-11,NO 15/9-F-15 D,7289,15/9-F-15 D,3420717,VOLVE,369304,MÆRSK INSPIRER,24.0,16.808621458333334,%,production,OP,2927.5443245845,223.88986325000002,2611.73503599675,283.5070718555,87.193470444875,315.80928858775,,109.01780375000001,1043.1649885,935.0414377800001,1368.4110636,0.896350479634603,0.5674343392191127
2016-03-12,NO 15/9-F-15 D,7289,15/9-F-15 D,3420717,VOLVE,369304,MÆRSK INSPIRER,24.0,16.768704791666668,%,production,OP,2930.6159604998747,223.88779325000002,2617.391451521,279.99125404349996,84.50605832125001,313.224508978875,,107.06377437500001,1040.4603702,933.218492966,1449.1722240000001,0.8969284363868797,0.5820827648931333
2016-03-13,NO 15/9-F-15 D,7289,15/9-F-15 D,3420717,VOLVE,369304,MÆRSK INSPIRER,24.0,16.721314166666666,%,production,OP,2934.4907503835,223.884734,2621.860353312125,281.359400519125,83.93569638625,312.630397071375,,112.6441955,1003.4133893000001,915.4929855949999,1366.2096301000001,0.9123786819644344,0.5765514678558158
2016-03-14,NO 15/9-F-15 D,7289,15/9-F-15 D,3420717,VOLVE,369304,MÆRSK INSPIRER,24.0,16.61510625,%,production,OP,2948.775322424875,223.86519425,2637.892044036625,276.78253002350004,82.032269041875,310.88327838825,,117.84329375,1032.157821,926.9554309210001,1395.6459409,0.8980752866096823,0.5748594523174176
2016-03-15,NO 15/9-F-15 D,7289,15/9-F-15 D,3420717,VOLVE,369304,MÆRSK INSPIRER,24.0,16.597085625,%,production,OP,2943.151576710125,223.87823862500002,2628.512844496,281.44260096349996,85.935851990125,314.638732214125,,118.550755625,1023.4778832000001,921.52297062,1391.0543796,0.900383863439014,0.5761175367302283
2016-03-16,NO 15/9-F-15 D,7289,15/9-F-15 D,3420717,VOLVE,369304,MÆRSK INSPIRER,11.16666,6.90833375,%,production,OP,3027.3953346388425,223.35636166299145,2641.7853103785465,216.13330312415894,147.29084867722102,385.61002426029603,,106.87277708270871,340.7819058,309.158656533,456.011225,0.907203848770189,0.5723081780865172
2016-03-17,NO 15/9-F-15 D,7289,15/9-F-15 D,3420717,VOLVE,369304,MÆRSK INSPIRER,24.0,13.832200208333333,%,production,OP,3108.412185769,223.61986324999998,2817.658710249375,302.43820817312496,78.553556784875,290.753475519625,,108.683435,981.5877486,886.021809004,1297.2104144,0.9026414706863427,0.5692520011040574
2016-03-18,NO 15/9-F-15 D,7289,15/9-F-15 D,3420717,VOLVE,369304,MÆRSK INSPIRER,24.0,13.85641625,%,production,OP,3019.1326065754997,223.839486125,2693.627699920375,325.777989036125,96.23183672875,325.504906655125,,116.630872625,967.4356761,887.250407417,1371.5559686000001,0.917115658783384,0.5863877161373598
2016-03-19,NO 15/9-F-15 D,7289,15/9-F-15 D,3420717,VOLVE,369304,MÆRSK INSPIRER,24.0,13.903813125,%,production,OP,3001.169109404625,223.85487949999998,2673.7167201126254,332.13318555787504,97.172707299625,327.45238929199996,,115.3262225,958.3783497000001,884.1797942520001,1386.2112259,0.9225790571424884,0.5912383302929499
2016-03-20,NO 15/9-F-15 D,7289,15/9-F-15 D,3420717,VOLVE,369304,MÆRSK INSPIRER,24.0,13.88684,%,production,OP,2997.6068613028747,223.84194725000003,2669.8888862815,328.4312991,97.452147179625,327.71797502137497,,114.52025525,964.7310578,879.64679936,1382.3115437000001,0.9118052044120685,0.5889588637277234
2016-03-21,NO 15/9-F-15 D,7289,15/9-F-15 D,3420717,VOLVE,369304,MÆRSK INSPIRER,24.0,13.87573375,%,production,OP,2987.8121581085,223.85006337500002,2657.6197260286253,331.98227049725,99.07446368537501,330.192432079875,,115.568764625,954.2270751000001,875.455297617,1366.2725282000001,0.9174496516201398,0.5887837801208902
2016-03-22,NO 15/9-F-15 D,7289,15/9-F-15 D,3420717,VOLVE,369304,MÆRSK INSPIRER,24.0,13.872669166666666,%,production,OP,2984.3641123236252,223.849388375,2653.99516899775,332.602667520625,98.90953734962501,330.36894332587497,,117.37606587500001,924.0988851999999,838.334957006,1355.8314436,0.9071918280959311,0.5946810858530126
2016-03-23,NO 15/9-F-15 D,7289,15/9-F-15 D,3420717,VOLVE,369304,MÆRSK INSPIRER,24.0,13.942948958333334,%,production,OP,2985.0620865472497,223.844381,2652.886601261,332.314072116875,95.025975688625,332.17548528624997,,118.2204965,917.5574828,827.09499429,1358.59896,0.9014094591284391,0.5968829446225268
2016-03-24,NO 15/9-F-15 D,7289,15/9-F-15 D,3420717,VOLVE,369304,MÆRSK INSPIRER,11.49166,7.239373125,%,production,OP,2989.2439039407177,223.8395810209735,2654.6290583307273,327.7430611369314,92.98941017046484,334.61484560999054,,113.37147212909363,441.29306959999997,401.813834923,650.1147616000001,0.9105373789060748,0.5956662056247118
2016-03-25,NO 15/9-F-15 D,7289,15/9-F-15 D,3420717,VOLVE,369304,MÆRSK INSPIRER,0.0,1.1567275,%,production,OP,3650.83634523,219.393374,3369.690044814,41.268242292000004,48.296783772000005,281.146300416,,56.083676,0.0,0.0,0.0,,
2016-03-26,NO 15/9-F-15 D,7289,15/9-F-15 D,3420717,VOLVE,369304,MÆRSK INSPIRER,0.0,1.1308872916666666,%,production,OP,3784.8779991839997,218.651306,3016.308003612,28.367692344,536.068280052,768.569995572,,48.369506,0.0,0.0,0.0,,
2016-03-27,NO 15/9-F-15 D,7289,15/9-F-15 D,3420717,VOLVE,369304,MÆRSK INSPIRER,0.0,1.0642126086956523,%,production,OP,3842.7365581440004,218.145668,2452.7934576300004,23.782025898,1157.721888486,1389.943100514,,48.615674,0.0,0.0,0.0,,
2016-03-28,NO 15/9-F-15 D,7289,15/9-F-15 D,3420717,VOLVE,369304,MÆRSK INSPIRER,0.0,1.127838125,%,production,OP,3886.291904658,217.801886,2472.3322518,21.166410606,1182.022570272,1413.959652858,,45.873734,0.0,0.0,0.0,,
2016-03-29,NO 15/9-F-15 D,7289,15/9-F-15 D,3420717,VOLVE,369304,MÆRSK INSPIRER,0.0,1.095433125,%,production,OP,3924.904356132,217.523426,2488.954621866,19.653809304,1204.364513868,1435.949734266,,51.741608,0.0,0.0,0.0,,
2016-03-30,NO 15/9-F-15 D,7289,15/9-F-15 D,3420717,VOLVE,369304,MÆRSK INSPIRER,0.0,1.1124016666666667,%,production,OP,3959.0156983139996,217.298624,2502.310301058,18.473345022,1225.44709251,1456.705397256,,53.193290000000005,0.0,0.0,0.0,,
2016-03-31,NO 15/9-F-15 D,7289,15/9-F-15 D,3420717,VOLVE,369304,MÆRSK INSPIRER,0.0,1.1855633333333333,%,production,OP,3989.079610068,217.10825599999998,3206.551447452,17.369460804000003,558.329292444,782.5281626159999,,53.483936,0.0,0.0,0.0,,
2016-04-01,NO 15/9-F-15 D,7289,15/9-F-15 D,3420717,VOLVE,369304,MÆRSK INSPIRER,0.0,1.1619116666666667,%,production,OP,4016.045945256,216.944888,3216.893817156,16.754499684000002,575.7428448,799.1521281,,47.717186,0.0,0.0,0.0,,
2016-04-02,NO 15/9-F-15 D,7289,15/9-F-15 D,3420717,VOLVE,369304,MÆRSK INSPIRER,0.0,1.0789533333333334,%,production,OP,4039.807810872,216.80074399999998,3050.348422212,16.507645008,765.8525636039999,989.45938866,,49.252784,0.0,0.0,0.0,,
2016-04-03,NO 15/9-F-15 D,7289,15/9-F-15 D,3420717,VOLVE,369304,MÆRSK INSPIRER,0.0,1.0575497916666667,%,production,OP,4060.8930001979998,216.67553600000002,3079.223892594,15.858890033999998,757.713466158,981.6691076040001,,47.688584,0.0,0.0,0.0,,
2016-04-04,NO 15/9-F-15 D,7289,15/9-F-15 D,3420717,VOLVE,369304,MÆRSK INSPIRER,0.0,0.998890625,%,production,OP,4081.5123274679995,216.560768,3102.777918756,15.45887523,752.3019533400001,978.734408712,,48.531308,0.0,0.0,0.0,,
2016-04-05,NO 15/9-F-15 D,7289,15/9-F-15 D,3420717,VOLVE,369304,MÆRSK INSPIRER,0.0,0.9860029166666666,%,production,OP,4100.219763822,216.456152,3124.185817632,15.17532594,744.092657502,976.03394619,,48.889436,0.0,0.0,0.0,,
2016-04-06,NO 15/9-F-15 D,7289,15/9-F-15 D,3420717,VOLVE,369304,MÆRSK INSPIRER,0.50834,1.10443125,%,production,OP,3739.302598208957,217.956510828776,2718.614199660504,18.024220791729316,786.8934856113684,1020.688398548453,,48.62506908750049,1.0692677000000002,1.019182242,1.8240448999999999,0.9531591031880977,0.6304347826086957
2016-04-07,NO 15/9-F-15 D,7289,15/9-F-15 D,3420717,VOLVE,369304,MÆRSK INSPIRER,24.0,15.829332916666667,%,production,OP,3408.1387695373746,223.701580625,2912.7937424275,218.39899091437502,164.728053695875,495.34502710987493,,109.73182475000002,1653.7797433,1496.326922934,1833.5425131,0.9047921459892754,0.5257737536974244
2016-04-08,NO 15/9-F-15 D,7289,15/9-F-15 D,3420717,VOLVE,369304,MÆRSK INSPIRER,24.0,22.997198958333332,%,production,OP,3367.0516887722497,223.938072125,2975.011058904125,319.13739096825003,22.2458680075,392.04062986812505,,117.61733562500001,1001.9667330000001,928.202039831,1784.5448932000002,0.9263800975226588,0.6404225542864882
2016-04-09,NO 15/9-F-15 D,7289,15/9-F-15 D,3420717,VOLVE,369304,MÆRSK INSPIRER,24.0,26.218679583333333,%,production,OP,3338.720216647125,223.9314155,2959.36934212375,330.41746760175,16.725177835,379.350874523375,,103.71613249999999,977.8138626000001,904.9854497570001,1766.9963233,0.9255191446669105,0.6437590228923669
2016-04-10,NO 15/9-F-15 D,7289,15/9-F-15 D,3420717,VOLVE,369304,MÆRSK INSPIRER,24.0,28.832565416666668,%,production,OP,3319.32781718675,223.8665645,2944.424593365875,326.778110651625,13.43607859,374.903223820875,,101.003730125,973.1594032,891.6696889750001,1750.0767344,0.9162627274041224,0.6426459719142646
2016-04-11,NO 15/9-F-15 D,7289,15/9-F-15 D,3420717,VOLVE,369304,MÆRSK INSPIRER,24.0,30.782332708333332,%,production,OP,3300.7557284813747,223.792667,2923.01786385875,318.983170249875,12.020534904625,377.737864622625,,108.23791775,951.7111511,890.120433086,1746.2399503,0.9352842320458128,0.6472467011703268
2016-04-12,NO 15/9-F-15 D,7289,15/9-F-15 D,3420717,VOLVE,369304,MÆRSK INSPIRER,24.0,30.626849791666668,%,production,OP,3202.795304695625,223.88050850000002,2829.279831653375,371.428179816625,12.103303256625,373.51547304225,,116.325039875,1208.3982972000001,1128.2997209420002,1736.1762542999998,0.9337150867858738,0.5896187119512976
2016-04-13,NO 15/9-F-15 D,7289,15/9-F-15 D,3420717,VOLVE,369304,MÆRSK INSPIRER,24.0,27.80546,%,production,OP,3178.794573580125,223.83593224999998,2801.505154367,360.586341543375,14.8762213245,377.28941921312503,,116.793689,1205.5678827,1121.256557174,1719.7598502,0.9300650533778524,0.5878862155711797
2016-04-14,NO 15/9-F-15 D,7289,15/9-F-15 D,3420717,VOLVE,369304,MÆRSK INSPIRER,24.0,23.291385833333333,%,production,OP,3177.10374777075,223.780117625,2792.90881858275,342.35511026775004,21.770061783625,384.194929188,,117.28396212499999,1240.7279206,1137.569829692,1407.3449875000001,0.9168567989844911,0.5314600603311086
2016-04-15,NO 15/9-F-15 D,7289,15/9-F-15 D,3420717,VOLVE,369304,MÆRSK INSPIRER,24.0,21.434664791666666,%,production,OP,3189.7908652368747,223.71284825,2797.4650544012497,319.265601538625,26.227405859125,392.325810835625,,113.554242125,1205.4420865,1126.0469962290001,1403.8226939,0.934136122207643,0.5380146562530133
2016-04-16,NO 15/9-F-15 D,7289,15/9-F-15 D,3420717,VOLVE,369304,MÆRSK INSPIRER,24.0,23.00141,%,production,OP,3177.700866195125,223.70549825,2784.2363861945,317.541268929625,21.227631750125,393.464480000625,,113.32594325,1275.2589775000001,1391.3462079500002,1448.9835297,1.0910303181535532,0.5318849279645363
2016-04-17,NO 15/9-F-15 D,7289,15/9-F-15 D,3420717,VOLVE,369304,MÆRSK INSPIRER,24.0,23.027925833333335,%,production,OP,3152.845979103,223.712671625,2762.9950574182503,323.997635499625,23.021135398625,389.85092168475,,110.83524162500001,1321.4261829,1387.707028115,1460.0535953,1.0501585681233743,0.5249197232146895
2016-04-18,NO 15/9-F-15 D,7289,15/9-F-15 D,3420717,VOLVE,369304,MÆRSK INSPIRER,24.0,23.021920833333333,%,production,OP,3167.689370471875,223.65442775000002,2776.624248062,306.742893710375,20.687410524500002,391.065122409875,,106.8331685,1131.2852266000002,1134.127705883,1505.5289216,1.0025126106274214,0.5709651257096513
2016-04-19,NO 15/9-F-15 D,7289,15/9-F-15 D,3420717,VOLVE,369304,MÆRSK INSPIRER,24.0,23.178127083333333,%,production,OP,3163.879554590625,223.65064475000003,2770.693127544125,304.60169469475,21.381317640875,393.1864270465,,109.65729462499999,1350.8624937000002,1246.4990812830001,1431.560756,0.9227431267773601,0.5145014354499626
2016-04-20,NO 15/9-F-15 D,7289,15/9-F-15 D,3420717,VOLVE,369304,MÆRSK INSPIRER,24.0,23.258923125,%,production,OP,3160.461419871625,223.647857375,2766.7356418275003,310.5825964845,21.890552102125003,393.725778044125,,112.7053415,1306.9596199,1260.5536255890001,1417.0312949,0.9644931690280144,0.5202041193313014
2016-04-21,NO 15/9-F-15 D,7289,15/9-F-15 D,3420717,VOLVE,369304,MÆRSK INSPIRER,24.0,23.276176875,%,production,OP,3155.880449030875,223.64610050000002,2761.938301485375,310.71433933450004,22.081044407,393.9421475455,,112.37130575,1265.7613644,1114.9387573440001,1411.0559754,0.8808443587409596,0.5271394332440434
2016-04-22,NO 15/9-F-15 D,7289,15/9-F-15 D,3420717,VOLVE,369304,MÆRSK INSPIRER,24.0,23.338640625,%,production,OP,3150.33239200075,223.64562575,2756.776368849125,311.717056525875,22.15887542375,393.556023151625,,112.0060175,1199.4038689,1013.4665578050001,1454.5185625,0.8449752281810404,0.5480637057401526
2016-04-23,NO 15/9-F-15 D,7289,15/9-F-15 D,3420717,VOLVE,369304,MÆRSK INSPIRER,24.0,23.342403958333332,%,production,OP,3149.951059904125,223.63375587500002,2756.07059278975,306.52226069612504,22.99318234575,393.880467114375,,108.5321315,1250.9174128,1129.703833414,1460.1793915,0.9031002541449313,0.5385936013734542
2016-04-24,NO 15/9-F-15 D,7289,15/9-F-15 D,3420717,VOLVE,369304,MÆRSK INSPIRER,24.0,23.145037916666666,%,production,OP,3161.13954806225,223.60093662499997,2767.320858071,295.665595309,22.650243016375,393.81868999125004,,109.14479075,1219.7828533000002,1105.872061266,1476.6586937000002,0.9066138766208871,0.5476323769535806
2016-04-25,NO 15/9-F-15 D,7289,15/9-F-15 D,3420717,VOLVE,369304,MÆRSK INSPIRER,24.0,23.100570416666667,%,production,OP,3171.521624940375,223.57024175,2776.53379873925,286.089005093625,23.668751219999997,394.987826201125,,107.831813375,1250.1626356,1126.347171179,1410.1125039,0.9009605143401392,0.5300626551601845
2016-04-26,NO 15/9-F-15 D,7289,15/9-F-15 D,3420717,VOLVE,369304,MÆRSK INSPIRER,24.0,23.076907291666668,%,production,OP,3167.752767186,223.568954,2774.18212843425,285.59553445,21.350188860125,393.57063875175004,,109.44807612499999,1276.6427357,1147.5363443260003,1397.0296991,0.8988703826343327,0.5225134092406136
2016-04-27,NO 15/9-F-15 D,7289,15/9-F-15 D,3420717,VOLVE,369304,MÆRSK INSPIRER,24.0,23.071666041666667,%,production,OP,3186.213835345625,223.512365375,2793.46804885125,271.81650142250004,19.689697144125002,392.745786494375,,109.63030512499999,1258.7796753,1139.3892430360002,1374.4492812,0.9051538290562675,0.5219634539591544
2016-04-28,NO 15/9-F-15 D,7289,15/9-F-15 D,3420717,VOLVE,369304,MÆRSK INSPIRER,24.0,23.099636875,%,production,OP,3186.9567411330004,223.497638,2794.6354415835003,268.327672765,19.99611711375,392.3212995495,,107.229617,1272.3027668,1123.4393587810002,1360.1085144,0.8829968684313957,0.5166778170696741
2016-04-29,NO 15/9-F-15 D,7289,15/9-F-15 D,3420717,VOLVE,369304,MÆRSK INSPIRER,24.0,23.089947291666668,%,production,OP,3206.5970588813752,223.43581587499997,2815.9033546165,249.8290065255,18.347648443625,390.693704264875,,102.31044237500001,891.7063637000001,791.122381429,1013.8544739,0.8872005557371575,0.5320504357010827
2016-04-30,NO 15/9-F-15 D,7289,15/9-F-15 D,3420717,VOLVE,369304,MÆRSK INSPIRER,24.0,23.074926666666666,%,production,OP,3255.384125482625,223.313031125,2867.140650887,215.2249944305,17.251263898875,388.243474595625,,101.6353175,891.0144846,788.295792841,1005.6148228,0.8847171471010226,0.5302115805531604
2016-05-01,NO 15/9-F-15 D,7289,15/9-F-15 D,3420717,VOLVE,369304,MÆRSK INSPIRER,15.15833,21.707690416666665,%,production,OP,3321.6000743459763,223.12505429949738,2936.249371669468,173.44181749578934,13.291254981917715,385.35070267650775,,90.54453341811929,547.7795529,496.07159439900005,628.1633247000001,0.9056044384511017,0.5341784338896022
2016-05-02,NO 15/9-F-15 D,7289,15/9-F-15 D,3420717,VOLVE,369304,MÆRSK INSPIRER,0.0,1.1989545833333333,%,production,OP,3638.881152966,218.672168,2660.968239486,36.051225432,924.512387526,977.9129134799999,,53.013218,0.0,0.0,0.0,,
2016-05-03,NO 15/9-F-15 D,7289,15/9-F-15 D,3420717,VOLVE,369304,MÆRSK INSPIRER,0.0,1.0204664583333334,%,production,OP,3791.3491596299996,218.247368,2487.0246012,27.678471768,1232.4501073019999,1304.32455843,,52.790144,0.0,0.0,0.0,,
2016-05-04,NO 15/9-F-15 D,7289,15/9-F-15 D,3420717,VOLVE,369304,MÆRSK INSPIRER,14.00834,5.919332291666667,%,production,OP,3407.6299537250457,222.69340377235847,3003.2319514451774,81.54468574428603,154.4337979895673,404.398002279868,,82.37296063577269,679.3623781,607.928081473,683.2620603,0.8948509677165475,0.5014309453471196
2016-05-05,NO 15/9-F-15 D,7289,15/9-F-15 D,3420717,VOLVE,369304,MÆRSK INSPIRER,24.0,13.844335416666667,%,production,OP,3190.8257234533753,223.73091875,2914.004770446375,311.61664490550004,88.27960865925,276.82095300699996,,111.25765437499999,931.7724533999999,825.9656301840001,1669.6300645,0.8864456414976479,0.6418191929205251
2016-05-06,NO 15/9-F-15 D,7289,15/9-F-15 D,3420717,VOLVE,369304,MÆRSK INSPIRER,24.0,13.819360625,%,production,OP,3086.9234977053748,223.727478875,2753.4863842679997,349.484069411375,88.769610477375,333.437113437375,,112.074786125,1116.3783769000001,984.395143618,1471.2494571,0.8817755377451004,0.5685707340787555
2016-05-07,NO 15/9-F-15 D,7289,15/9-F-15 D,3420717,VOLVE,369304,MÆRSK INSPIRER,24.0,15.131819791666667,%,production,OP,3026.192104603625,223.697348375,2685.5351838453753,349.697341747125,77.380936641375,340.65692075825,,116.895981125,1112.2900004,989.1382609750001,1469.6770046,0.8892809075144861,0.5692082825822168
2016-05-08,NO 15/9-F-15 D,7289,15/9-F-15 D,3420717,VOLVE,369304,MÆRSK INSPIRER,24.0,16.427128333333332,%,production,OP,2993.3479443195,223.69139074999998,2658.992414006625,340.49685923875,61.73695364225,334.35553031287503,,106.34819300000001,1109.522484,982.134296524,1465.0225452,0.8851864749808891,0.5690413368513633
2016-05-09,NO 15/9-F-15 D,7289,15/9-F-15 D,3420717,VOLVE,369304,MÆRSK INSPIRER,24.0,16.384772916666666,%,production,OP,2979.692169419,223.66399287500002,2648.581979177875,328.75355238462504,58.216189430125,331.110190241125,,106.54377425,1095.1817172,972.127876279,1475.3378336,0.8876407093102265,0.5739453851424097
2016-05-10,NO 15/9-F-15 D,7289,15/9-F-15 D,3420717,VOLVE,369304,MÆRSK INSPIRER,24.0,16.3748375,%,production,OP,2972.21547864875,223.64621674999998,2644.7297306167497,320.434251266875,54.723393379,327.485748032,,115.59313999999999,1082.2247086,961.1824381610002,1955.2503366,0.8881542165161024,0.6437091029570116
2016-05-11,NO 15/9-F-15 D,7289,15/9-F-15 D,3420717,VOLVE,369304,MÆRSK INSPIRER,24.0,16.454935625,%,production,OP,2966.86373357325,223.632153875,2643.75891876375,311.56486936112503,50.501219355625004,323.1048148095,,118.3815095,1078.6395169,960.2925077210001,1273.8752193,0.8902812224800292,0.541495107213518
2016-05-12,NO 15/9-F-15 D,7289,15/9-F-15 D,3420717,VOLVE,369304,MÆRSK INSPIRER,24.0,16.441371875,%,production,OP,2966.032825979375,223.62329225000002,2646.32713080275,303.922681168,47.900307290875006,319.705695176625,,117.6187985,1069.6450886,954.370938825,1273.7494231,0.8922314036650456,0.5435488633008562
2016-05-13,NO 15/9-F-15 D,7289,15/9-F-15 D,3420717,VOLVE,369304,MÆRSK INSPIRER,24.0,16.511956041666668,%,production,OP,2959.848967681625,223.623490625,2643.821832017875,295.33972816087504,46.646882851625,316.02713566375,,112.686291125,1062.0973166,947.19675752,1274.2526079000002,0.8918172965093055,0.5454031498182798
2016-05-14,NO 15/9-F-15 D,7289,15/9-F-15 D,3420717,VOLVE,369304,MÆRSK INSPIRER,24.0,16.539038125,%,production,OP,2954.9451543393748,223.6118465,2643.72992325025,291.257899553875,45.503929022375,311.215231089125,,109.744318625,1052.7254997,940.3898490949999,1267.5854093,0.8932906530363206,0.5462998102466794
2016-05-15,NO 15/9-F-15 D,7289,15/9-F-15 D,3420717,VOLVE,369304,MÆRSK INSPIRER,24.0,16.53864875,%,production,OP,2954.7194933411247,223.60589825,2647.5357022405,289.76732891975,44.004042718375004,307.183791100625,,111.495092,979.8894998999999,887.4492291780001,1188.6482938,0.9056625561030773,0.5481335383008963
2016-05-16,NO 15/9-F-15 D,7289,15/9-F-15 D,3420717,VOLVE,369304,MÆRSK INSPIRER,24.0,16.500880833333333,%,production,OP,2956.423357462375,223.598832125,2653.9029338946248,287.411219847625,42.757138945875,302.52042356775,,115.36978512499999,1060.7135584,686.606761044,1283.6873229,0.6473064811952535,0.5475545300888043
2016-05-17,NO 15/9-F-15 D,7289,15/9-F-15 D,3420717,VOLVE,369304,MÆRSK INSPIRER,24.0,16.51458,%,production,OP,2955.342044783125,223.59910175,2655.672838651875,286.20239157175,42.275265299000004,299.66920613125,,115.556939,1043.5423771,938.3098132650001,1261.8616822000001,0.8991583225135132,0.5473494666193763
2016-05-18,NO 15/9-F-15 D,7289,15/9-F-15 D,3420717,VOLVE,369304,MÆRSK INSPIRER,24.0,16.583569791666665,%,production,OP,2952.13685304275,223.59792275,2654.697742134625,285.72858264200005,41.70790685925,297.439110908125,,112.10818887500001,1037.8815481,936.414473316,1256.6411398999999,0.9022363631285759,0.5476699561403509
2016-05-19,NO 15/9-F-15 D,7289,15/9-F-15 D,3420717,VOLVE,369304,MÆRSK INSPIRER,24.0,16.680962291666667,%,production,OP,2947.6987567185,223.60057625000002,2653.636305704625,282.948799442125,41.036081778375,294.06245101387503,,111.250039625,1028.2581387999999,930.174012679,1252.3640691,0.9046113787774477,0.5491326291403514
2016-05-20,NO 15/9-F-15 D,7289,15/9-F-15 D,3420717,VOLVE,369304,MÆRSK INSPIRER,24.0,16.72026125,%,production,OP,2949.8988200107497,223.592149625,2658.2460303288753,280.42903916,40.512814890625,291.652789681875,,111.46715449999999,1026.8743806,916.803514112,1250.5400242,0.8928098036454217,0.5491051701281485
2016-05-21,NO 15/9-F-15 D,7289,15/9-F-15 D,3420717,VOLVE,369304,MÆRSK INSPIRER,24.0,16.727184583333333,%,production,OP,2980.64043390625,223.531020875,2689.791722809875,260.22563857125,34.998128687,290.848711096375,,104.835749375,1012.2820214,901.8650428650001,1265.6355682,0.8909227110619907,0.5556107797658494
2016-05-22,NO 15/9-F-15 D,7289,15/9-F-15 D,3420717,VOLVE,369304,MÆRSK INSPIRER,24.0,16.72951958333333,%,production,OP,2992.348194363875,223.51027737500002,2699.51169517475,256.07540037424997,33.92261752775,292.836499189125,,110.4758435,1016.9364808,909.358469058,1288.7191708999999,0.8942136369644533,0.558938265542734
2016-05-23,NO 15/9-F-15 D,7289,15/9-F-15 D,3420717,VOLVE,369304,MÆRSK INSPIRER,24.0,18.248925208333333,%,production,OP,2964.54655813925,223.56183312500002,2671.35532319675,272.067015286375,34.026534233125005,293.1912349425,,114.93356750000001,1022.0312269000001,914.696992257,1292.6817512,0.8949794959117212,0.5584630852422487
2016-05-24,NO 15/9-F-15 D,7289,15/9-F-15 D,3420717,VOLVE,369304,MÆRSK INSPIRER,24.0,18.955236875,%,production,OP,2935.4570358422498,223.602717125,2651.984513247,284.33323851975,33.479154777875,283.47252259525,,112.905477875,1029.3903046,920.8820088150001,1290.4174196,0.8945897437540331,0.5562605064801258
2016-05-25,NO 15/9-F-15 D,7289,15/9-F-15 D,3420717,VOLVE,369304,MÆRSK INSPIRER,24.0,18.957883125,%,production,OP,2927.0755919847497,223.6144385,2646.5213789875,285.826051199625,33.16329525175,280.55421299725,,115.287520625,1033.7302735,921.1436907420001,1283.8760172,0.8910870798271151,0.5539664016066437
2016-05-26,NO 15/9-F-15 D,7289,15/9-F-15 D,3420717,VOLVE,369304,MÆRSK INSPIRER,24.0,18.943680208333333,%,production,OP,2928.979774735375,223.60676225,2651.74263216575,284.95813474274996,31.3230228915,277.237142569625,,117.58933025,1033.9818659,921.609491635,1285.5742659,0.8913207494531941,0.5542328759694126
2016-05-27,NO 15/9-F-15 D,7289,15/9-F-15 D,3420717,VOLVE,369304,MÆRSK INSPIRER,24.0,18.95074125,%,production,OP,2926.753791943875,223.605617,2649.7029385987503,283.3573201205,31.707896332624998,277.050853345125,,118.059522125,1024.1068642,915.348901619,1283.8131191000002,0.8938021349305589,0.5562641375739242
2016-05-28,NO 15/9-F-15 D,7289,15/9-F-15 D,3420717,VOLVE,369304,MÆRSK INSPIRER,24.0,18.992215833333333,%,production,OP,2928.151094079125,223.596306125,2652.174516048625,278.93457365125,31.654310834875,275.97657803050004,,117.24219012500001,1027.6291578,919.122277314,1292.4930569,0.8944104693192075,0.557079729986174
2016-05-29,NO 15/9-F-15 D,7289,15/9-F-15 D,3420717,VOLVE,369304,MÆRSK INSPIRER,24.0,19.08526125,%,production,OP,2942.8085134941252,223.56196362500003,2668.37009064825,267.78417307625,29.8455207855,274.438422845875,,111.39393837499999,1017.8799523000001,915.856373858,1294.8202866000001,0.8997685550133218,0.5598738067393728
2016-05-30,NO 15/9-F-15 D,7289,15/9-F-15 D,3420717,VOLVE,369304,MÆRSK INSPIRER,24.0,19.119932708333334,%,production,OP,2961.318849249375,223.529422625,2692.1482428229997,258.404187913125,27.055554709375002,269.170606426375,,114.540896,1014.6092511,903.477865214,1286.3919412,0.890468783164045,0.5590574857174097
2016-05-31,NO 15/9-F-15 D,7289,15/9-F-15 D,3420717,VOLVE,369304,MÆRSK INSPIRER,24.0,24.461597708333333,%,production,OP,2832.278159924625,223.72808975,2566.8783873953753,328.48475164625,29.314624294625,265.39977252925,,121.808511125,1208.5240933999999,1079.367672622,1499.6165002,0.8931287994311825,0.553743961352657
2016-06-01,NO 15/9-F-15 D,7289,15/9-F-15 D,3420717,VOLVE,369304,MÆRSK INSPIRER,24.0,29.60099479166667,%,production,OP,2844.85191810725,223.680747875,2602.14374557575,309.75583758175,12.394642295875,242.7081725315,,118.006975625,1210.6626288,1068.031653922,1495.087837,0.8821876784787065,0.5525593937421545
2016-06-02,NO 15/9-F-15 D,7289,15/9-F-15 D,3420717,VOLVE,369304,MÆRSK INSPIRER,24.0,29.75179375,%,production,OP,2812.0927259181253,223.73008324999998,2570.681205193125,320.75405703525,11.90991019175,241.411520725,,119.59505675,1201.1650157,1075.9424998690001,1507.2900683999999,0.8957491150722333,0.5565128538584798
2016-06-03,NO 15/9-F-15 D,7289,15/9-F-15 D,3420717,VOLVE,369304,MÆRSK INSPIRER,17.675,43.01703729166667,%,production,OP,2992.5679129796945,223.32955704667611,2757.4600030730326,220.43788733225176,8.468990992777934,235.10790990666194,,106.2483699943423,849.753331,765.787968796,1100.9054443,0.9011885459687594,0.5643762293231871
2016-06-04,NO 15/9-F-15 D,7289,15/9-F-15 D,3420717,VOLVE,369304,MÆRSK INSPIRER,0.0,30.103069583333333,%,production,OP,3405.025362678,219.073298,2340.753923238,44.61731475,902.702153238,1064.27143944,,68.10764,0.0,0.0,0.0,,
2016-06-05,NO 15/9-F-15 D,7289,15/9-F-15 D,3420717,VOLVE,369304,MÆRSK INSPIRER,0.0,1.2394375,%,production,OP,3605.26613082,218.540552,2341.884204372,31.603345086,1106.021207892,1263.381926448,,61.188764,0.0,0.0,0.0,,
2016-06-06,NO 15/9-F-15 D,7289,15/9-F-15 D,3420717,VOLVE,369304,MÆRSK INSPIRER,0.0,1.2593995833333334,%,production,OP,3678.139603692,218.10648199999997,2378.5862153099997,26.599098972,1144.1493774839998,1299.553388382,,60.693224,0.0,0.0,0.0,,
2016-06-07,NO 15/9-F-15 D,7289,15/9-F-15 D,3420717,VOLVE,369304,MÆRSK INSPIRER,0.0,1.242246875,%,production,OP,3721.1366989440003,217.76811800000002,2399.746244244,23.906613540000002,1166.395305924,1321.3904547,,60.162296000000005,0.0,0.0,0.0,,
2016-06-08,NO 15/9-F-15 D,7289,15/9-F-15 D,3420717,VOLVE,369304,MÆRSK INSPIRER,11.24166,5.515671458333333,%,production,OP,3492.6639203610594,220.3417516368668,2689.7183740388728,29.175397603615277,511.7897363576988,802.9455463221865,,68.32764986288501,414.0581923,379.47834661400003,512.0534321,0.9164855415758913,0.5529068187992393
2016-06-09,NO 15/9-F-15 D,7289,15/9-F-15 D,3420717,VOLVE,369304,MÆRSK INSPIRER,24.0,18.701348958333334,%,production,OP,3307.829065552,222.93241400000002,3004.22329845725,102.741471525875,116.34964676775,303.60576709475,,94.207315625,673.1983643,613.8973252139999,1261.4213955,0.9119114926138271,0.6520254893035958
2016-06-10,NO 15/9-F-15 D,7289,15/9-F-15 D,3420717,VOLVE,369304,MÆRSK INSPIRER,24.0,19.830467916666667,%,production,OP,3261.822416691875,223.22402225000002,2986.1748482995,170.438568394125,84.252284124,275.647568392375,,104.28727625,525.7023198,485.204554915,1147.0097516,0.9229644546738787,0.6857185831390539
2016-06-11,NO 15/9-F-15 D,7289,15/9-F-15 D,3420717,VOLVE,369304,MÆRSK INSPIRER,24.0,20.781145625,%,production,OP,3252.659245209,223.27097562499998,3001.06269079375,190.745713455625,65.035803671125,251.59655441524998,,106.44448175,528.2182438,479.76997573200003,1128.8950988,0.9082798282023292,0.6812419342594701
2016-06-12,NO 15/9-F-15 D,7289,15/9-F-15 D,3420717,VOLVE,369304,MÆRSK INSPIRER,24.0,21.477323958333333,%,production,OP,3237.953216912625,223.322006375,2990.826080986375,206.45067586887498,57.83630167025,247.12713592625,,99.229611875,503.3734943,455.215664822,1067.4436551000001,0.9043298266132007,0.6795467285977417
2016-06-13,NO 15/9-F-15 D,7289,15/9-F-15 D,3420717,VOLVE,369304,MÆRSK INSPIRER,24.0,21.527854166666668,%,production,OP,3223.239873262125,223.3408595,2965.4271382264997,215.6563374425,61.293938092874996,257.812735035625,,102.981622625,527.1489761,480.13018567200004,1132.2286981,0.9108054979526689,0.6823212796603745
2016-06-14,NO 15/9-F-15 D,7289,15/9-F-15 D,3420717,VOLVE,369304,MÆRSK INSPIRER,24.0,22.861161458333335,%,production,OP,3182.183202131,223.428108875,2922.801748173875,237.10761778862502,62.968580078749994,259.381453957125,,109.324963625,529.7906963,478.94996839800007,1133.6753544,0.9040362009807533,0.6815139713389042
2016-06-15,NO 15/9-F-15 D,7289,15/9-F-15 D,3420717,VOLVE,369304,MÆRSK INSPIRER,24.0,24.741549375,%,production,OP,3085.552586442875,223.6160465,2821.018920417125,295.650520421875,66.352579500125,264.53366602575,,117.25807999999999,808.9953622,732.7701368840001,1637.8036259,0.9057779205201976,0.6693658260713091
2016-06-16,NO 15/9-F-15 D,7289,15/9-F-15 D,3420717,VOLVE,369304,MÆRSK INSPIRER,24.0,24.7528,%,production,OP,3079.617380688,223.62286999999998,2814.18536742,298.843402062,67.36028841599999,265.432013268,,117.831956,815.4738665000001,736.696778377,1648.5592010000003,0.9033971640794449,0.6690491384811742
2016-06-17,NO 15/9-F-15 D,7289,15/9-F-15 D,3420717,VOLVE,369304,MÆRSK INSPIRER,24.0,25.331705625,%,production,OP,2942.49618926925,223.73258825,2685.373617556625,338.4999941845,66.36659379687501,257.122571712625,,122.51658425000001,1005.2374341999999,899.256345976,1482.5711151,0.8945710887613899,0.5959345688064117
2016-06-18,NO 15/9-F-15 D,7289,15/9-F-15 D,3420717,VOLVE,369304,MÆRSK INSPIRER,24.0,25.40309166666667,%,production,OP,2904.333328400625,223.713141125,2642.483025521,327.674699308125,70.99646963825,261.850302879625,,117.96490924999999,1006.6840905000001,904.3211802500001,1479.0488215,0.8983167497966931,0.5950151821862347
2016-06-19,NO 15/9-F-15 D,7289,15/9-F-15 D,3420717,VOLVE,369304,MÆRSK INSPIRER,24.0,25.476171041666667,%,production,OP,2897.92607230175,223.692266375,2636.3203276631248,320.99007012075,65.0465334615,261.605744638625,,119.231026625,1007.6904601000001,902.833371939,1485.024141,0.895943156839458,0.5957457545860563
2016-06-20,NO 15/9-F-15 D,7289,15/9-F-15 D,3420717,VOLVE,369304,MÆRSK INSPIRER,24.0,25.491825833333333,%,production,OP,2843.147869666875,220.718247875,2584.75713402825,320.38653074325003,66.49807980875,258.390735638625,,114.700182125,1009.8918936,903.1271902430001,1482.1937265000001,0.8942810571769105,0.5947603543575377
2016-06-21,NO 15/9-F-15 D,7289,15/9-F-15 D,3420717,VOLVE,369304,MÆRSK INSPIRER,24.0,25.447331041666665,%,production,OP,2870.210673254625,223.70759149999998,2614.3513069813753,319.87448617075,67.25722078725,255.85936627325,,120.984783125,1006.8098867,902.123193322,1489.1754156,0.8960213891809015,0.5966282791119623
2016-06-22,NO 15/9-F-15 D,7289,15/9-F-15 D,3420717,VOLVE,369304,MÆRSK INSPIRER,24.0,25.527841041666665,%,production,OP,2878.4935849425,223.6946645,2625.381377384,307.5551941375,61.16351569300001,253.1122075585,,114.824637125,1004.5455551000001,902.2630395340001,1489.5528042,0.8981803114386205,0.5972309787405745
2016-06-23,NO 15/9-F-15 D,7289,15/9-F-15 D,3420717,VOLVE,369304,MÆRSK INSPIRER,24.0,26.377113333333334,%,production,OP,2936.5703717032497,223.572435125,2677.2781372675,271.0393636455,40.25187037725,259.29223443575,,111.84802099999999,776.9173312,699.78903226,1290.1658272,0.9007252176742276,0.6241480038948394
2016-06-24,NO 15/9-F-15 D,7289,15/9-F-15 D,3420717,VOLVE,369304,MÆRSK INSPIRER,24.0,27.698713958333332,%,production,OP,2906.66138470625,223.65269525000002,2653.2040048375,297.20488662462503,34.62637212,253.45737986875,,120.796844375,921.2684707,825.673930762,1276.9572262000002,0.8962359583788154,0.5809036023920571
2016-06-25,NO 15/9-F-15 D,7289,15/9-F-15 D,3420717,VOLVE,369304,MÆRSK INSPIRER,24.0,27.68973375,%,production,OP,2900.528347119375,223.65366612500003,2646.2925845641253,296.74758483225,34.82150261925,254.23576255525,,119.90517200000001,914.0980873000001,822.3843664570002,1277.3346148,0.8996675278974737,0.582876496082202
2016-06-26,NO 15/9-F-15 D,7289,15/9-F-15 D,3420717,VOLVE,369304,MÆRSK INSPIRER,24.0,27.847908333333333,%,production,OP,2900.305846740875,223.64926775,2647.771845255875,291.236204286375,33.410430938874995,252.53400148499998,,118.38440712500001,916.6140112999999,825.70359511,1278.3409844,0.9008193033607844,0.5823996332062928
2016-06-27,NO 15/9-F-15 D,7289,15/9-F-15 D,3420717,VOLVE,369304,MÆRSK INSPIRER,24.0,27.931483958333335,%,production,OP,2897.00734117725,223.65198500000002,2645.556075556875,289.842745658125,33.22561324575,251.45126562037498,,116.055617,903.7199008,813.895065724,1274.6299965,0.9006054475546191,0.5851355643461439
2016-06-28,NO 15/9-F-15 D,7289,15/9-F-15 D,3420717,VOLVE,369304,MÆRSK INSPIRER,24.0,27.8822075,%,production,OP,2876.095517585625,223.680425,2625.48778693,301.044241911875,36.56745797675,250.607730655625,,117.5941565,910.7644880000001,822.3518769330001,1273.3720345,0.9029248370661109,0.5830093592512599
2016-06-29,NO 15/9-F-15 D,7289,15/9-F-15 D,3420717,VOLVE,369304,MÆRSK INSPIRER,24.0,27.971563958333334,%,production,OP,2859.50536106375,223.70408825,2614.895979060625,308.036965049125,37.472860713375,244.60938200312498,,114.4707935,911.7079594999999,822.94551704,1275.9508566000002,0.9026415843636167,0.5832494752882321
2016-06-30,NO 15/9-F-15 D,7289,15/9-F-15 D,3420717,VOLVE,369304,MÆRSK INSPIRER,24.0,28.263192083333333,%,production,OP,2851.6053527175,223.69702850000002,2607.68229959525,304.838272824125,36.347027411374995,243.92305312225002,,118.129382375,903.845697,820.0433549940001,1278.5296787,0.9072824683636239,0.585843156468859
2016-07-01,NO 15/9-F-15 D,7289,15/9-F-15 D,3420717,VOLVE,369304,MÆRSK INSPIRER,24.0,31.058441875,%,production,OP,2803.6113115975004,223.77004325,2573.65623975725,330.45570626612505,25.187132890625,229.95507184024999,,120.40293125000001,917.3058904000001,819.430998096,1276.9572262000002,0.8933017946049374,0.581952645760477
2016-07-02,NO 15/9-F-15 D,7289,15/9-F-15 D,3420717,VOLVE,369304,MÆRSK INSPIRER,24.0,31.575767291666665,%,production,OP,2828.008259334375,223.731632375,2598.654400220375,309.198260142125,18.2713191745,229.353859114,,120.236035625,905.7955380999999,819.3487148449999,1282.6809533,0.9045625424073834,0.5861068000229925
2016-07-03,NO 15/9-F-15 D,7289,15/9-F-15 D,3420717,VOLVE,369304,MÆRSK INSPIRER,24.0,31.540612083333333,%,production,OP,2827.916613448125,223.72805524999998,2599.14466189825,306.10748827562503,17.389950443125002,228.771951549875,,120.179288375,913.4062082,814.6419716290001,1276.3911433,0.8918726020423824,0.5828809421226482
2016-07-04,NO 15/9-F-15 D,7289,15/9-F-15 D,3420717,VOLVE,369304,MÆRSK INSPIRER,24.0,31.522096041666668,%,production,OP,2818.33653023425,223.73844125,2590.59839444025,309.709229016125,18.55962450225,227.73813579400002,,122.1861485,897.8074794,814.3456812960001,1282.1148704,0.9070382013750019,0.5881470367591898
2016-07-05,NO 15/9-F-15 D,7289,15/9-F-15 D,3420717,VOLVE,369304,MÆRSK INSPIRER,24.0,31.523456666666668,%,production,OP,2831.2457915271248,223.71220625,2604.8643653581253,299.2084264485,17.4644244345,226.381426169,,121.713965375,908.6259526000001,815.4330209090001,1275.3218755999999,0.8974353182139121,0.5839525372962386
2016-07-06,NO 15/9-F-15 D,7289,15/9-F-15 D,3420717,VOLVE,369304,MÆRSK INSPIRER,18.375,24.922565416666668,%,production,OP,2832.6749280850613,223.71301804081634,2604.1247482087347,295.9478318571021,18.89567199832653,228.55017987632652,,119.72164057142857,668.606803,619.3167190760001,979.323417,0.9262794160890405,0.5942748091603053
2016-07-07,NO 15/9-F-15 D,7289,15/9-F-15 D,3420717,VOLVE,369304,MÆRSK INSPIRER,0.0,8.073307291666667,%,production,OP,3379.0287515580003,219.61722200000003,3349.492052934,53.811563646,2.067371652,29.536698624,,92.356718,0.0,0.0,0.0,,
2016-07-08,NO 15/9-F-15 D,7289,15/9-F-15 D,3420717,VOLVE,369304,MÆRSK INSPIRER,0.0,1.2684854166666666,%,production,OP,3590.747391906,218.794028,3587.686654992,15.55677588,2.314516404,3.060736914,,63.610645999999996,0.0,0.0,0.0,,
2016-07-09,NO 15/9-F-15 D,7289,15/9-F-15 D,3420717,VOLVE,369304,MÆRSK INSPIRER,0.0,1.308374375,%,production,OP,3658.243580928,218.260238,3580.62344943,0.413938452,70.910093466,77.62013149799999,,62.632598,0.0,0.0,0.0,,
2016-07-10,NO 15/9-F-15 D,7289,15/9-F-15 D,3420717,VOLVE,369304,MÆRSK INSPIRER,0.0,1.27829375,%,production,OP,5766.54481149,114.38837600000001,4161.283372506,0.0,1592.25472122,1605.261438984,,58.286984000000004,0.0,0.0,0.0,,
2016-07-11,NO 15/9-F-15 D,7289,15/9-F-15 D,3420717,VOLVE,369304,MÆRSK INSPIRER,0.0,1.28252625,%,production,OP,4912.733227596,171.112244,4175.453585106,0.0,718.390038408,737.27964249,,52.126124,0.0,0.0,0.0,,
2016-07-12,NO 15/9-F-15 D,7289,15/9-F-15 D,3420717,VOLVE,369304,MÆRSK INSPIRER,0.0,1.1978722916666666,%,production,OP,4956.350650374,193.30505599999998,4956.350650374,0.0,24.650368404,0.0,,32.0,0.0,0.0,0.0,,
2016-07-13,NO 15/9-F-15 D,7289,15/9-F-15 D,3420717,VOLVE,369304,MÆRSK INSPIRER,0.0,1.1926172916666666,%,production,OP,5016.962610726,194.061794,5016.962610726,0.0,30.03446904,0.0,,32.0,0.0,0.0,0.0,,
2016-07-14,NO 15/9-F-15 D,7289,15/9-F-15 D,3420717,VOLVE,369304,MÆRSK INSPIRER,0.0,1.1621397916666667,%,production,OP,5016.962610726,194.061794,5016.962610726,0.0,38.071314696,0.0,,32.0,0.0,0.0,0.0,,
2016-07-15,NO 15/9-F-15 D,7289,15/9-F-15 D,3420717,VOLVE,369304,MÆRSK INSPIRER,0.0,1.2085464583333334,%,production,OP,5016.962610726,194.061794,5016.962610726,0.0,45.997931472,0.0,,32.0,0.0,0.0,0.0,,
2016-07-16,NO 15/9-F-15 D,7289,15/9-F-15 D,3420717,VOLVE,369304,MÆRSK INSPIRER,0.0,1.1610254166666667,%,production,OP,5016.962610726,194.061794,5016.962610726,0.0,52.36887066,0.0,,32.0,0.0,0.0,0.0,,
2016-07-17,NO 15/9-F-15 D,7289,15/9-F-15 D,3420717,VOLVE,369304,MÆRSK INSPIRER,0.0,1.186383125,%,production,OP,5016.962610726,194.061794,5016.962610726,0.0,60.519426108,0.0,,32.0,0.0,0.0,0.0,,
2016-07-18,NO 15/9-F-15 D,7289,15/9-F-15 D,3420717,VOLVE,369304,MÆRSK INSPIRER,0.0,1.1812170833333333,%,production,OP,5016.962610726,194.061794,5016.962610726,0.0,71.238459498,0.0,,32.0,0.0,0.0,0.0,,
2016-07-19,NO 15/9-F-15 D,7289,15/9-F-15 D,3420717,VOLVE,369304,MÆRSK INSPIRER,0.0,1.0886954166666667,%,production,OP,5016.962610726,194.061794,5016.962610726,0.0,76.69580432400001,0.0,,32.0,0.0,0.0,0.0,,
2016-07-20,NO 15/9-F-15 D,7289,15/9-F-15 D,3420717,VOLVE,369304,MÆRSK INSPIRER,0.0,1.0375477083333333,%,production,OP,5016.962610726,194.061794,5016.962610726,0.0,80.994875682,0.0,,32.0,0.0,0.0,0.0,,
2016-07-21,NO 15/9-F-15 D,7289,15/9-F-15 D,3420717,VOLVE,369304,MÆRSK INSPIRER,0.0,1.0764691666666666,%,production,OP,5016.962610726,194.061794,5016.962610726,0.0,84.577314282,0.0,,32.0,0.0,0.0,0.0,,
2016-07-22,NO 15/9-F-15 D,7289,15/9-F-15 D,3420717,VOLVE,369304,MÆRSK INSPIRER,0.0,1.1356414583333334,%,production,OP,5016.962610726,194.061794,5016.962610726,0.0,88.067363676,0.0,,32.0,0.0,0.0,0.0,,
2016-07-23,NO 15/9-F-15 D,7289,15/9-F-15 D,3420717,VOLVE,369304,MÆRSK INSPIRER,0.0,1.1362454166666667,%,production,OP,5016.962610726,194.061794,5016.962610726,0.0,90.863551278,0.0,,32.0,0.0,0.0,0.0,,
2016-07-24,NO 15/9-F-15 D,7289,15/9-F-15 D,3420717,VOLVE,369304,MÆRSK INSPIRER,0.0,1.148926875,%,production,OP,5016.962610726,194.061794,5016.962610726,0.0,93.25363248,0.0,,32.0,0.0,0.0,0.0,,
2016-07-25,NO 15/9-F-15 D,7289,15/9-F-15 D,3420717,VOLVE,369304,MÆRSK INSPIRER,0.0,1.1307379166666667,%,production,OP,5016.962610726,194.061794,5016.962610726,0.0,95.197431756,0.0,,32.0,0.0,0.0,0.0,,
2016-07-26,NO 15/9-F-15 D,7289,15/9-F-15 D,3420717,VOLVE,369304,MÆRSK INSPIRER,0.0,1.1634858333333333,%,production,OP,5016.962610726,194.061794,5016.962610726,0.0,97.212879804,0.0,,32.0,0.0,0.0,0.0,,
2016-07-27,NO 15/9-F-15 D,7289,15/9-F-15 D,3420717,VOLVE,369304,MÆRSK INSPIRER,0.0,1.24692125,%,production,OP,5016.962610726,194.061794,5016.962610726,0.0,99.124335606,0.0,,32.0,0.0,0.0,0.0,,
2016-07-28,NO 15/9-F-15 D,7289,15/9-F-15 D,3420717,VOLVE,369304,MÆRSK INSPIRER,0.0,1.22759625,%,production,OP,5016.962610726,194.061794,5016.962610726,0.0,101.15573783399999,0.0,,32.0,0.0,0.0,0.0,,
2016-07-29,NO 15/9-F-15 D,7289,15/9-F-15 D,3420717,VOLVE,369304,MÆRSK INSPIRER,0.0,1.20307625,%,production,OP,5016.962610726,194.061794,5016.962610726,0.0,103.556551848,0.0,,32.0,0.0,0.0,0.0,,
2016-07-30,NO 15/9-F-15 D,7289,15/9-F-15 D,3420717,VOLVE,369304,MÆRSK INSPIRER,0.0,1.250810625,%,production,OP,5016.962610726,194.061794,5016.962610726,0.0,105.679328016,0.0,,32.0,0.0,0.0,0.0,,
2016-07-31,NO 15/9-F-15 D,7289,15/9-F-15 D,3420717,VOLVE,369304,MÆRSK INSPIRER,0.0,1.2808202083333333,%,production,OP,5016.962610726,194.061794,5016.962610726,0.0,107.352921498,0.0,,32.0,0.0,0.0,0.0,,
2016-08-01,NO 15/9-F-15 D,7289,15/9-F-15 D,3420717,VOLVE,369304,MÆRSK INSPIRER,0.0,1.264546875,%,production,OP,5012.560852464,193.919612,5012.560852464,0.0,109.39853744999999,0.0,,32.0,0.0,0.0,0.0,,
2016-08-02,NO 15/9-F-15 D,7289,15/9-F-15 D,3420717,VOLVE,369304,MÆRSK INSPIRER,0.0,1.2973416666666666,%,production,OP,5016.962610726,194.061794,5016.962610726,0.0,112.066946574,0.0,,32.0,0.0,0.0,0.0,,
2016-08-03,NO 15/9-F-15 D,7289,15/9-F-15 D,3420717,VOLVE,369304,MÆRSK INSPIRER,0.0,1.2770647916666666,%,production,OP,5016.962610726,194.061794,5016.962610726,0.0,114.577554354,0.0,,32.0,0.0,0.0,0.0,,
2016-08-04,NO 15/9-F-15 D,7289,15/9-F-15 D,3420717,VOLVE,369304,MÆRSK INSPIRER,0.0,1.2264947916666666,%,production,OP,5016.962610726,194.061794,5016.962610726,0.0,118.480381896,0.0,,32.0,0.0,0.0,0.0,,
2016-08-05,NO 15/9-F-15 D,7289,15/9-F-15 D,3420717,VOLVE,369304,MÆRSK INSPIRER,0.0,1.2570083333333333,%,production,OP,5016.962610726,194.061794,5016.962610726,0.0,122.43353762400001,0.0,,32.0,0.0,0.0,0.0,,
2016-08-06,NO 15/9-F-15 D,7289,15/9-F-15 D,3420717,VOLVE,369304,MÆRSK INSPIRER,0.0,1.2533127083333333,%,production,OP,5016.962610726,194.061794,5016.962610726,0.0,126.34042623,0.0,,32.0,0.0,0.0,0.0,,
2016-08-07,NO 15/9-F-15 D,7289,15/9-F-15 D,3420717,VOLVE,369304,MÆRSK INSPIRER,0.0,1.223225625,%,production,OP,5016.962610726,194.061794,5016.962610726,0.0,129.703277298,0.0,,32.0,0.0,0.0,0.0,,
2016-08-08,NO 15/9-F-15 D,7289,15/9-F-15 D,3420717,VOLVE,369304,MÆRSK INSPIRER,0.0,1.31568625,%,production,OP,5016.962610726,194.061794,5016.962610726,0.0,132.21025912800002,0.0,,32.0,0.0,0.0,0.0,,
2016-08-09,NO 15/9-F-15 D,7289,15/9-F-15 D,3420717,VOLVE,369304,MÆRSK INSPIRER,0.0,1.3232210416666668,%,production,OP,5016.962610726,194.061794,5016.962610726,0.0,134.299821594,0.0,,32.0,0.0,0.0,0.0,,
2016-08-10,NO 15/9-F-15 D,7289,15/9-F-15 D,3420717,VOLVE,369304,MÆRSK INSPIRER,0.0,1.3185447916666666,%,production,OP,5016.962610726,194.061794,5016.962610726,0.0,137.65121466,0.0,,32.0,0.0,0.0,0.0,,
2016-08-11,NO 15/9-F-15 D,7289,15/9-F-15 D,3420717,VOLVE,369304,MÆRSK INSPIRER,0.0,1.318005625,%,production,OP,5016.962610726,194.061794,5016.962610726,0.0,140.93052383999998,0.0,,32.0,0.0,0.0,0.0,,
2016-08-12,NO 15/9-F-15 D,7289,15/9-F-15 D,3420717,VOLVE,369304,MÆRSK INSPIRER,0.0,1.1539858333333333,%,production,OP,5016.962610726,194.061794,5016.962610726,0.0,144.66873325199998,0.0,,32.0,0.0,0.0,0.0,,
2016-08-13,NO 15/9-F-15 D,7289,15/9-F-15 D,3420717,VOLVE,369304,MÆRSK INSPIRER,0.0,1.12249125,%,production,OP,5016.962610726,194.061794,5016.962610726,0.0,148.42115638799999,0.0,,32.0,0.0,0.0,0.0,,
2016-08-14,NO 15/9-F-15 D,7289,15/9-F-15 D,3420717,VOLVE,369304,MÆRSK INSPIRER,0.0,1.158074375,%,production,OP,5016.962610726,194.061794,5016.962610726,0.0,151.85493103800002,0.0,,32.0,0.0,0.0,0.0,,
2016-08-15,NO 15/9-F-15 D,7289,15/9-F-15 D,3420717,VOLVE,369304,MÆRSK INSPIRER,0.0,1.1511535416666667,%,production,OP,5016.962610726,194.061794,5016.962610726,0.0,155.290591182,0.0,,32.0,0.0,0.0,0.0,,
2016-08-16,NO 15/9-F-15 D,7289,15/9-F-15 D,3420717,VOLVE,369304,MÆRSK INSPIRER,0.0,1.1740233333333334,%,production,OP,5016.962610726,194.061794,5016.962610726,0.0,157.989458286,0.0,,32.0,0.0,0.0,0.0,,
2016-08-17,NO 15/9-F-15 D,7289,15/9-F-15 D,3420717,VOLVE,369304,MÆRSK INSPIRER,0.0,1.1806129166666666,%,production,OP,5016.962610726,194.061794,5016.962610726,0.0,160.55082936600002,0.0,,32.0,0.0,0.0,0.0,,
2016-08-18,NO 15/9-F-15 D,7289,15/9-F-15 D,3420717,VOLVE,369304,MÆRSK INSPIRER,0.0,1.2027197916666668,%,production,OP,5016.962610726,194.061794,5016.962610726,0.0,162.489407274,0.0,,32.0,0.0,0.0,0.0,,
2016-08-19,NO 15/9-F-15 D,7289,15/9-F-15 D,3420717,VOLVE,369304,MÆRSK INSPIRER,0.0,1.1842135416666666,%,production,OP,5016.962610726,194.061794,5016.962610726,0.0,164.83061067,0.0,,32.0,0.0,0.0,0.0,,
2016-08-20,NO 15/9-F-15 D,7289,15/9-F-15 D,3420717,VOLVE,369304,MÆRSK INSPIRER,0.0,1.1615489583333334,%,production,OP,5016.962610726,194.061794,5016.962610726,0.0,166.40659357799998,0.0,,32.0,0.0,0.0,0.0,,
2016-08-21,NO 15/9-F-15 D,7289,15/9-F-15 D,3420717,VOLVE,369304,MÆRSK INSPIRER,0.0,1.13554625,%,production,OP,5016.962610726,194.061794,5016.962610726,0.0,168.306301302,0.0,,32.0,0.0,0.0,0.0,,
2016-08-22,NO 15/9-F-15 D,7289,15/9-F-15 D,3420717,VOLVE,369304,MÆRSK INSPIRER,0.0,1.139040625,%,production,OP,5016.962610726,194.061794,5016.962610726,0.0,170.97732111,0.0,,32.0,0.0,0.0,0.0,,
2016-08-23,NO 15/9-F-15 D,7289,15/9-F-15 D,3420717,VOLVE,369304,MÆRSK INSPIRER,0.0,1.160454375,%,production,OP,5016.962610726,194.061794,5016.962610726,0.0,173.175952152,0.0,,32.0,0.0,0.0,0.0,,
2016-08-24,NO 15/9-F-15 D,7289,15/9-F-15 D,3420717,VOLVE,369304,MÆRSK INSPIRER,0.0,1.1391745833333333,%,production,OP,5016.962610726,194.061794,5016.962610726,0.0,175.12366745399999,0.0,,32.0,0.0,0.0,0.0,,
2016-08-25,NO 15/9-F-15 D,7289,15/9-F-15 D,3420717,VOLVE,369304,MÆRSK INSPIRER,0.0,1.1769583333333333,%,production,OP,5016.962610726,194.061794,5016.962610726,0.0,177.124176588,0.0,,32.0,0.0,0.0,0.0,,
2016-08-26,NO 15/9-F-15 D,7289,15/9-F-15 D,3420717,VOLVE,369304,MÆRSK INSPIRER,0.0,1.160825625,%,production,OP,5016.962610726,194.061794,5016.962610726,0.0,178.121022762,0.0,,32.0,0.0,0.0,0.0,,
2016-08-27,NO 15/9-F-15 D,7289,15/9-F-15 D,3420717,VOLVE,369304,MÆRSK INSPIRER,0.0,1.1334741666666666,%,production,OP,5016.962610726,194.061794,5016.962610726,0.0,180.799149432,0.0,,32.0,0.0,0.0,0.0,,
2016-08-28,NO 15/9-F-15 D,7289,15/9-F-15 D,3420717,VOLVE,369304,MÆRSK INSPIRER,0.0,1.1763797916666667,%,production,OP,5016.962610726,194.061794,5016.962610726,0.0,181.773369678,0.0,,32.0,0.0,0.0,0.0,,
2016-08-29,NO 15/9-F-15 D,7289,15/9-F-15 D,3420717,VOLVE,369304,MÆRSK INSPIRER,0.0,1.1758283333333333,%,production,OP,5016.962610726,194.061794,5016.962610726,0.0,184.148366928,0.0,,32.0,0.0,0.0,0.0,,
2016-08-30,NO 15/9-F-15 D,7289,15/9-F-15 D,3420717,VOLVE,369304,MÆRSK INSPIRER,0.0,1.11560375,%,production,OP,5016.962610726,194.061794,5016.962610726,0.0,185.303159484,0.0,,32.0,0.0,0.0,0.0,,
2016-08-31,NO 15/9-F-15 D,7289,15/9-F-15 D,3420717,VOLVE,369304,MÆRSK INSPIRER,0.0,1.105250625,%,production,OP,5016.962610726,194.061794,5016.962610726,0.0,186.69508917,0.0,,32.0,0.0,0.0,0.0,,
2016-09-01,NO 15/9-F-15 D,7289,15/9-F-15 D,3420717,VOLVE,369304,MÆRSK INSPIRER,0.0,1.1385441666666667,%,production,OP,5016.962610726,194.061794,5016.962610726,0.0,188.085858552,0.0,,32.0,0.0,0.0,0.0,,
2016-09-02,NO 15/9-F-15 D,7289,15/9-F-15 D,3420717,VOLVE,369304,MÆRSK INSPIRER,0.0,1.1709277083333334,%,production,OP,5016.962610726,194.061794,5016.962610726,0.0,189.619490364,0.0,,32.0,0.0,0.0,0.0,,
2016-09-03,NO 15/9-F-15 D,7289,15/9-F-15 D,3420717,VOLVE,369304,MÆRSK INSPIRER,0.0,1.10104875,%,production,OP,5016.962610726,194.061794,5016.962610726,0.0,191.506289706,0.0,,32.0,0.0,0.0,0.0,,
2016-09-04,NO 15/9-F-15 D,7289,15/9-F-15 D,3420717,VOLVE,369304,MÆRSK INSPIRER,0.0,1.1822275,%,production,OP,5016.962610726,194.061794,5016.962610726,0.0,192.439899312,0.0,,32.0,0.0,0.0,0.0,,
2016-09-05,NO 15/9-F-15 D,7289,15/9-F-15 D,3420717,VOLVE,369304,MÆRSK INSPIRER,0.0,1.1407847916666667,%,production,OP,5016.962610726,194.061794,5016.962610726,0.0,193.458066072,0.0,,32.0,0.0,0.0,0.0,,
2016-09-06,NO 15/9-F-15 D,7289,15/9-F-15 D,3420717,VOLVE,369304,MÆRSK INSPIRER,0.0,1.0254689583333334,%,production,OP,5016.962610726,194.061794,5016.962610726,0.0,194.923530024,0.0,,32.0,0.0,0.0,0.0,,
2016-09-07,NO 15/9-F-15 D,7289,15/9-F-15 D,3420717,VOLVE,369304,MÆRSK INSPIRER,0.0,1.0138585416666666,%,production,OP,5016.962610726,194.061794,5016.962610726,0.0,196.951886454,0.0,,32.0,0.0,0.0,0.0,,
2016-09-08,NO 15/9-F-15 D,7289,15/9-F-15 D,3420717,VOLVE,369304,MÆRSK INSPIRER,0.0,0.970228125,%,production,OP,5016.962610726,194.061794,5016.962610726,0.0,197.75858781,0.0,,32.0,0.0,0.0,0.0,,
2016-09-09,NO 15/9-F-15 D,7289,15/9-F-15 D,3420717,VOLVE,369304,MÆRSK INSPIRER,0.0,0.9857172916666667,%,production,OP,5016.962610726,194.061794,5016.962610726,0.0,198.565579242,0.0,,32.0,0.0,0.0,0.0,,
2016-09-10,NO 15/9-F-15 D,7289,15/9-F-15 D,3420717,VOLVE,369304,MÆRSK INSPIRER,0.0,0.9934677083333333,%,production,OP,5016.962610726,194.061794,5016.962610726,0.0,199.631318466,0.0,,32.0,0.0,0.0,0.0,,
2016-09-11,NO 15/9-F-15 D,7289,15/9-F-15 D,3420717,VOLVE,369304,MÆRSK INSPIRER,0.0,1.057880625,%,production,OP,5016.962610726,194.061794,5016.962610726,0.0,200.31270699,0.0,,32.0,0.0,0.0,0.0,,
2016-09-12,NO 15/9-F-15 D,7289,15/9-F-15 D,3420717,VOLVE,369304,MÆRSK INSPIRER,0.0,1.0313677083333332,%,production,OP,5016.962610726,194.061794,5016.962610726,0.0,201.257484522,0.0,,32.0,0.0,0.0,0.0,,
2016-09-13,NO 15/9-F-15 D,7289,15/9-F-15 D,3420717,VOLVE,369304,MÆRSK INSPIRER,0.0,0.9992510416666667,%,production,OP,5016.962610726,194.061794,5016.962610726,0.0,202.677261504,0.0,,32.0,0.0,0.0,0.0,,
2016-09-14,NO 15/9-F-15 D,7289,15/9-F-15 D,3420717,VOLVE,369304,MÆRSK INSPIRER,0.0,1.0494895833333333,%,production,OP,5016.962610726,194.061794,5016.962610726,0.0,203.969260008,0.0,,32.0,0.0,0.0,0.0,,
2016-09-15,NO 15/9-F-15 D,7289,15/9-F-15 D,3420717,VOLVE,369304,MÆRSK INSPIRER,0.0,0.9748458333333333,%,production,OP,5016.962610726,194.061794,5016.962610726,0.0,205.58338791,0.0,,32.0,0.0,0.0,0.0,,
2016-09-16,NO 15/9-F-15 D,7289,15/9-F-15 D,3420717,VOLVE,369304,MÆRSK INSPIRER,0.0,0.968741875,%,production,OP,5016.962610726,194.061794,5016.962610726,0.0,206.429249526,0.0,,32.0,0.0,0.0,0.0,,
2016-09-17,NO 15/9-F-15 D,7289,15/9-F-15 D,3420717,VOLVE,369304,MÆRSK INSPIRER,0.0,0.9904995833333333,%,production,OP,5016.962610726,194.061794,5016.962610726,0.0,206.83651623,0.0,,32.0,0.0,0.0,0.0,,
