DATEPRD,WELL_BORE_CODE,NPD_WELL_BORE_CODE,NPD_WELL_BORE_NAME,NPD_FIELD_CODE,NPD_FIELD_NAME,NPD_FACILITY_CODE,NPD_FACILITY_NAME,ON_STREAM_HRS,AVG_CHOKE_SIZE_P,AVG_CHOKE_UOM,FLOW_KIND,WELL_TYPE,AVG_DOWNHOLE_PRESSURE_PSI,AVG_DOWNHOLE_TEMPERATURE_F,AVG_DP_TUBING_PSI,AVG_ANNULUS_PRESS_PSI,DP_CHOKE_SIZE_PSI,AVG_WHP_P_PSI,BORE_WI_VOL_STB_D,AVG_WHT_P,BORE_OIL_VOL_STB_D,BORE_GAS_VOL_MSCF_D,BORE_WAT_VOL_STB_D,GOR_MSCF_STB,WCUT
2007-09-01,NO 15/9-F-4 AH,5693,15/9-F-4,3420717,VOLVE,369304,MÆRSK INSPIRER,,,,injection,WI,,,,,,,,,,,,,
2007-09-02,NO 15/9-F-4 AH,5693,15/9-F-4,3420717,VOLVE,369304,MÆRSK INSPIRER,,,,injection,WI,,,,,,,,,,,,,
2007-09-03,NO 15/9-F-4 AH,5693,15/9-F-4,3420717,VOLVE,369304,MÆRSK INSPIRER,,,,injection,WI,,,,,,,,,,,,,
2007-09-04,NO 15/9-F-4 AH,5693,15/9-F-4,3420717,VOLVE,369304,MÆRSK INSPIRER,,,,injection,WI,,,,,,,,,,,,,
2007-09-05,NO 15/9-F-4 AH,5693,15/9-F-4,3420717,VOLVE,369304,MÆRSK INSPIRER,,,,injection,WI,,,,,,,,,,,,,
2007-09-06,NO 15/9-F-4 AH,5693,15/9-F-4,3420717,VOLVE,369304,MÆRSK INSPIRER,,,,injection,WI,,,,,,,,,,,,,
2007-09-07,NO 15/9-F-4 AH,5693,15/9-F-4,3420717,VOLVE,369304,MÆRSK INSPIRER,,,,injection,WI,,,,,,,,,,,,,
2007-09-08,NO 15/9-F-4 AH,5693,15/9-F-4,3420717,VOLVE,369304,MÆRSK INSPIRER,,,,injection,WI,,,,,,,,,,,,,
2007-09-09,NO 15/9-F-4 AH,5693,15/9-F-4,3420717,VOLVE,369304,MÆRSK INSPIRER,,,,injection,WI,,,,,,,,,,,,,
2007-09-10,NO 15/9-F-4 AH,5693,15/9-F-4,3420717,VOLVE,369304,MÆRSK INSPIRER,,,,injection,WI,,,,,,,,,,,,,
2007-09-11,NO 15/9-F-4 AH,5693,15/9-F-4,3420717,VOLVE,369304,MÆRSK INSPIRER,,,,injection,WI,,,,,,,,,,,,,
2007-09-12,NO 15/9-F-4 AH,5693,15/9-F-4,3420717,VOLVE,369304,MÆRSK INSPIRER,,,,injection,WI,,,,,,,,,,,,,
2007-09-13,NO 15/9-F-4 AH,5693,15/9-F-4,3420717,VOLVE,369304,MÆRSK INSPIRER,,,,injection,WI,,,,,,,,,,,,,
2007-09-14,NO 15/9-F-4 AH,5693,15/9-F-4,3420717,VOLVE,369304,MÆRSK INSPIRER,,,,injection,WI,,,,,,,,,,,,,
2007-09-15,NO 15/9-F-4 AH,5693,15/9-F-4,3420717,VOLVE,369304,MÆRSK INSPIRER,,,,injection,WI,,,,,,,,,,,,,
2007-09-16,NO 15/9-F-4 AH,5693,15/9-F-4,3420717,VOLVE,369304,MÆRSK INSPIRER,,,,injection,WI,,,,,,,,,,,,,
2007-09-17,NO 15/9-F-4 AH,5693,15/9-F-4,3420717,VOLVE,369304,MÆRSK INSPIRER,,,,injection,WI,,,,,,,,,,,,,
2007-09-18,NO 15/9-F-4 AH,5693,15/9-F-4,3420717,VOLVE,369304,MÆRSK INSPIRER,,,,injection,WI,,,,,,,,,,,,,
2007-09-19,NO 15/9-F-4 AH,5693,15/9-F-4,3420717,VOLVE,369304,MÆRSK INSPIRER,,,,injection,WI,,,,,,,,,,,,,
2007-09-20,NO 15/9-F-4 AH,5693,15/9-F-4,3420717,VOLVE,369304,MÆRSK INSPIRER,,,,injection,WI,,,,,,,,,,,,,
2007-09-21,NO 15/9-F-4 AH,5693,15/9-F-4,3420717,VOLVE,369304,MÆRSK INSPIRER,,,,injection,WI,,,,,,,,,,,,,
2007-09-22,NO 15/9-F-4 AH,5693,15/9-F-4,3420717,VOLVE,369304,MÆRSK INSPIRER,,,,injection,WI,,,,,,,,,,,,,
2007-09-23,NO 15/9-F-4 AH,5693,15/9-F-4,3420717,VOLVE,369304,MÆRSK INSPIRER,,,,injection,WI,,,,,,,,,,,,,
2007-09-24,NO 15/9-F-4 AH,5693,15/9-F-4,3420717,VOLVE,369304,MÆRSK INSPIRER,,,,injection,WI,,,,,,,,,,,,,
2007-09-25,NO 15/9-F-4 AH,5693,15/9-F-4,3420717,VOLVE,369304,MÆRSK INSPIRER,,,,injection,WI,,,,,,,,,,,,,
2007-09-26,NO 15/9-F-4 AH,5693,15/9-F-4,3420717,VOLVE,369304,MÆRSK INSPIRER,,,,injection,WI,,,,,,,,,,,,,
2007-09-27,NO 15/9-F-4 AH,5693,15/9-F-4,3420717,VOLVE,369304,MÆRSK INSPIRER,,,,injection,WI,,,,,,,,,,,,,
2007-09-28,NO 15/9-F-4 AH,5693,15/9-F-4,3420717,VOLVE,369304,MÆRSK INSPIRER,,,,injection,WI,,,,,,,,,,,,,
2007-09-29,NO 15/9-F-4 AH,5693,15/9-F-4,3420717,VOLVE,369304,MÆRSK INSPIRER,,,,injection,WI,,,,,,,,,,,,,
2007-09-30,NO 15/9-F-4 AH,5693,15/9-F-4,3420717,VOLVE,369304,MÆRSK INSPIRER,,,,injection,WI,,,,,,,,,,,,,
2007-10-01,NO 15/9-F-4 AH,5693,15/9-F-4,3420717,VOLVE,369304,MÆRSK INSPIRER,,,,injection,WI,,,,,,,,,,,,,
2007-10-02,NO 15/9-F-4 AH,5693,15/9-F-4,3420717,VOLVE,369304,MÆRSK INSPIRER,,,,injection,WI,,,,,,,,,,,,,
2007-10-03,NO 15/9-F-4 AH,5693,15/9-F-4,3420717,VOLVE,369304,MÆRSK INSPIRER,,,,injection,WI,,,,,,,,,,,,,
2007-10-04,NO 15/9-F-4 AH,5693,15/9-F-4,3420717,VOLVE,369304,MÆRSK INSPIRER,,,,injection,WI,,,,,,,,,,,,,
2007-10-05,NO 15/9-F-4 AH,5693,15/9-F-4,3420717,VOLVE,369304,MÆRSK INSPIRER,,,,injection,WI,,,,,,,,,,,,,
2007-10-06,NO 15/9-F-4 AH,5693,15/9-F-4,3420717,VOLVE,369304,MÆRSK INSPIRER,,,,injection,WI,,,,,,,,,,,,,
2007-10-07,NO 15/9-F-4 AH,5693,15/9-F-4,3420717,VOLVE,369304,MÆRSK INSPIRER,,,,injection,WI,,,,,,,,,,,,,
2007-10-08,NO 15/9-F-4 AH,5693,15/9-F-4,3420717,VOLVE,369304,MÆRSK INSPIRER,,,,injection,WI,,,,,,,,,,,,,
2007-10-09,NO 15/9-F-4 AH,5693,15/9-F-4,3420717,VOLVE,369304,MÆRSK INSPIRER,,,,injection,WI,,,,,,,,,,,,,
2007-10-10,NO 15/9-F-4 AH,5693,15/9-F-4,3420717,VOLVE,369304,MÆRSK INSPIRER,,,,injection,WI,,,,,,,,,,,,,
2007-10-11,NO 15/9-F-4 AH,5693,15/9-F-4,3420717,VOLVE,369304,MÆRSK INSPIRER,,,,injection,WI,,,,,,,,,,,,,
2007-10-12,NO 15/9-F-4 AH,5693,15/9-F-4,3420717,VOLVE,369304,MÆRSK INSPIRER,,,,injection,WI,,,,,,,,,,,,,
2007-10-13,NO 15/9-F-4 AH,5693,15/9-F-4,3420717,VOLVE,369304,MÆRSK INSPIRER,,,,injection,WI,,,,,,,,,,,,,
2007-10-14,NO 15/9-F-4 AH,5693,15/9-F-4,3420717,VOLVE,369304,MÆRSK INSPIRER,,,,injection,WI,,,,,,,,,,,,,
2007-10-15,NO 15/9-F-4 AH,5693,15/9-F-4,3420717,VOLVE,369304,MÆRSK INSPIRER,,,,injection,WI,,,,,,,,,,,,,
2007-10-16,NO 15/9-F-4 AH,5693,15/9-F-4,3420717,VOLVE,369304,MÆRSK INSPIRER,,,,injection,WI,,,,,,,,,,,,,
2007-10-17,NO 15/9-F-4 AH,5693,15/9-F-4,3420717,VOLVE,369304,MÆRSK INSPIRER,,,,injection,WI,,,,,,,,,,,,,
2007-10-18,NO 15/9-F-4 AH,5693,15/9-F-4,3420717,VOLVE,369304,MÆRSK INSPIRER,,,,injection,WI,,,,,,,,,,,,,
2007-10-19,NO 15/9-F-4 AH,5693,15/9-F-4,3420717,VOLVE,369304,MÆRSK INSPIRER,,,,injection,WI,,,,,,,,,,,,,
2007-10-20,NO 15/9-F-4 AH,5693,15/9-F-4,3420717,VOLVE,369304,MÆRSK INSPIRER,,,,injection,WI,,,,,,,,,,,,,
2007-10-21,NO 15/9-F-4 AH,5693,15/9-F-4,3420717,VOLVE,369304,MÆRSK INSPIRER,,,,injection,WI,,,,,,,,,,,,,
2007-10-22,NO 15/9-F-4 AH,5693,15/9-F-4,3420717,VOLVE,369304,MÆRSK INSPIRER,,,,injection,WI,,,,,,,,,,,,,
2007-10-23,NO 15/9-F-4 AH,5693,15/9-F-4,3420717,VOLVE,369304,MÆRSK INSPIRER,,,,injection,WI,,,,,,,,,,,,,
2007-10-24,NO 15/9-F-4 AH,5693,15/9-F-4,3420717,VOLVE,369304,MÆRSK INSPIRER,,,,injection,WI,,,,,,,,,,,,,
2007-10-25,NO 15/9-F-4 AH,5693,15/9-F-4,3420717,VOLVE,369304,MÆRSK INSPIRER,,,,injection,WI,,,,,,,,,,,,,
2007-10-26,NO 15/9-F-4 AH,5693,15/9-F-4,3420717,VOLVE,369304,MÆRSK INSPIRER,,,,injection,WI,,,,,,,,,,,,,
2007-10-27,NO 15/9-F-4 AH,5693,15/9-F-4,3420717,VOLVE,369304,MÆRSK INSPIRER,,,,injection,WI,,,,,,,,,,,,,
2007-10-28,NO 15/9-F-4 AH,5693,15/9-F-4,3420717,VOLVE,369304,MÆRSK INSPIRER,,,,injection,WI,,,,,,,,,,,,,
2007-10-29,NO 15/9-F-4 AH,5693,15/9-F-4,3420717,VOLVE,369304,MÆRSK INSPIRER,,,,injection,WI,,,,,,,,,,,,,
2007-10-30,NO 15/9-F-4 AH,5693,15/9-F-4,3420717,VOLVE,369304,MÆRSK INSPIRER,,,,injection,WI,,,,,,,,,,,,,
2007-10-31,NO 15/9-F-4 AH,5693,15/9-F-4,3420717,VOLVE,369304,MÆRSK INSPIRER,,,,injection,WI,,,,,,,,,,,,,
2007-11-01,NO 15/9-F-4 AH,5693,15/9-F-4,3420717,VOLVE,369304,MÆRSK INSPIRER,,,,injection,WI,,,,,,,,,,,,,
2007-11-02,NO 15/9-F-4 AH,5693,15/9-F-4,3420717,VOLVE,369304,MÆRSK INSPIRER,,,,injection,WI,,,,,,,,,,,,,
2007-11-03,NO 15/9-F-4 AH,5693,15/9-F-4,3420717,VOLVE,369304,MÆRSK INSPIRER,,,,injection,WI,,,,,,,,,,,,,
2007-11-04,NO 15/9-F-4 AH,5693,15/9-F-4,3420717,VOLVE,369304,MÆRSK INSPIRER,,,,injection,WI,,,,,,,,,,,,,
2007-11-05,NO 15/9-F-4 AH,5693,15/9-F-4,3420717,VOLVE,369304,MÆRSK INSPIRER,,,,injection,WI,,,,,,,,,,,,,
2007-11-06,NO 15/9-F-4 AH,5693,15/9-F-4,3420717,VOLVE,369304,MÆRSK INSPIRER,,,,injection,WI,,,,,,,,,,,,,
2007-11-07,NO 15/9-F-4 AH,5693,15/9-F-4,3420717,VOLVE,369304,MÆRSK INSPIRER,,,,injection,WI,,,,,,,,,,,,,
2007-11-08,NO 15/9-F-4 AH,5693,15/9-F-4,3420717,VOLVE,369304,MÆRSK INSPIRER,,,,injection,WI,,,,,,,,,,,,,
2007-11-09,NO 15/9-F-4 AH,5693,15/9-F-4,3420717,VOLVE,369304,MÆRSK INSPIRER,,,,injection,WI,,,,,,,,,,,,,
2007-11-10,NO 15/9-F-4 AH,5693,15/9-F-4,3420717,VOLVE,369304,MÆRSK INSPIRER,,,,injection,WI,,,,,,,,,,,,,
2007-11-11,NO 15/9-F-4 AH,5693,15/9-F-4,3420717,VOLVE,369304,MÆRSK INSPIRER,,,,injection,WI,,,,,,,,,,,,,
2007-11-12,NO 15/9-F-4 AH,5693,15/9-F-4,3420717,VOLVE,369304,MÆRSK INSPIRER,,,,injection,WI,,,,,,,,,,,,,
2007-11-13,NO 15/9-F-4 AH,5693,15/9-F-4,3420717,VOLVE,369304,MÆRSK INSPIRER,,,,injection,WI,,,,,,,,,,,,,
2007-11-14,NO 15/9-F-4 AH,5693,15/9-F-4,3420717,VOLVE,369304,MÆRSK INSPIRER,,,,injection,WI,,,,,,,,,,,,,
2007-11-15,NO 15/9-F-4 AH,5693,15/9-F-4,3420717,VOLVE,369304,MÆRSK INSPIRER,,,,injection,WI,,,,,,,,,,,,,
2007-11-16,NO 15/9-F-4 AH,5693,15/9-F-4,3420717,VOLVE,369304,MÆRSK INSPIRER,,,,injection,WI,,,,,,,,,,,,,
2007-11-17,NO 15/9-F-4 AH,5693,15/9-F-4,3420717,VOLVE,369304,MÆRSK INSPIRER,,,,injection,WI,,,,,,,,,,,,,
2007-11-18,NO 15/9-F-4 AH,5693,15/9-F-4,3420717,VOLVE,369304,MÆRSK INSPIRER,,,,injection,WI,,,,,,,,,,,,,
2007-11-19,NO 15/9-F-4 AH,5693,15/9-F-4,3420717,VOLVE,369304,MÆRSK INSPIRER,,,,injection,WI,,,,,,,,,,,,,
2007-11-20,NO 15/9-F-4 AH,5693,15/9-F-4,3420717,VOLVE,369304,MÆRSK INSPIRER,,,,injection,WI,,,,,,,,,,,,,
2007-11-21,NO 15/9-F-4 AH,5693,15/9-F-4,3420717,VOLVE,369304,MÆRSK INSPIRER,,,,injection,WI,,,,,,,,,,,,,
2007-11-22,NO 15/9-F-4 AH,5693,15/9-F-4,3420717,VOLVE,369304,MÆRSK INSPIRER,,,,injection,WI,,,,,,,,,,,,,
2007-11-23,NO 15/9-F-4 AH,5693,15/9-F-4,3420717,VOLVE,369304,MÆRSK INSPIRER,,,,injection,WI,,,,,,,,,,,,,
2007-11-24,NO 15/9-F-4 AH,5693,15/9-F-4,3420717,VOLVE,369304,MÆRSK INSPIRER,,,,injection,WI,,,,,,,,,,,,,
2007-11-25,NO 15/9-F-4 AH,5693,15/9-F-4,3420717,VOLVE,369304,MÆRSK INSPIRER,,,,injection,WI,,,,,,,,,,,,,
2007-11-26,NO 15/9-F-4 AH,5693,15/9-F-4,3420717,VOLVE,369304,MÆRSK INSPIRER,,,,injection,WI,,,,,,,,,,,,,
2007-11-27,NO 15/9-F-4 AH,5693,15/9-F-4,3420717,VOLVE,369304,MÆRSK INSPIRER,,,,injection,WI,,,,,,,,,,,,,
2007-11-28,NO 15/9-F-4 AH,5693,15/9-F-4,3420717,VOLVE,369304,MÆRSK INSPIRER,,,,injection,WI,,,,,,,,,,,,,
2007-11-29,NO 15/9-F-4 AH,5693,15/9-F-4,3420717,VOLVE,369304,MÆRSK INSPIRER,,,,injection,WI,,,,,,,,,,,,,
2007-11-30,NO 15/9-F-4 AH,5693,15/9-F-4,3420717,VOLVE,369304,MÆRSK INSPIRER,,,,injection,WI,,,,,,,,,,,,,
2007-12-01,NO 15/9-F-4 AH,5693,15/9-F-4,3420717,VOLVE,369304,MÆRSK INSPIRER,,,,injection,WI,,,,,,,,,,,,,
2007-12-02,NO 15/9-F-4 AH,5693,15/9-F-4,3420717,VOLVE,369304,MÆRSK INSPIRER,,,,injection,WI,,,,,,,,,,,,,
2007-12-03,NO 15/9-F-4 AH,5693,15/9-F-4,3420717,VOLVE,369304,MÆRSK INSPIRER,,,,injection,WI,,,,,,,,,,,,,
2007-12-04,NO 15/9-F-4 AH,5693,15/9-F-4,3420717,VOLVE,369304,MÆRSK INSPIRER,,,,injection,WI,,,,,,,,,,,,,
2007-12-05,NO 15/9-F-4 AH,5693,15/9-F-4,3420717,VOLVE,369304,MÆRSK INSPIRER,,,,injection,WI,,,,,,,,,,,,,
2007-12-06,NO 15/9-F-4 AH,5693,15/9-F-4,3420717,VOLVE,369304,MÆRSK INSPIRER,,,,injection,WI,,,,,,,,,,,,,
2007-12-07,NO 15/9-F-4 AH,5693,15/9-F-4,3420717,VOLVE,369304,MÆRSK INSPIRER,,,,injection,WI,,,,,,,,,,,,,
2007-12-08,NO 15/9-F-4 AH,5693,15/9-F-4,3420717,VOLVE,369304,MÆRSK INSPIRER,,,,injection,WI,,,,,,,,,,,,,
2007-12-09,NO 15/9-F-4 AH,5693,15/9-F-4,3420717,VOLVE,369304,MÆRSK INSPIRER,,,,injection,WI,,,,,,,,,,,,,
2007-12-10,NO 15/9-F-4 AH,5693,15/9-F-4,3420717,VOLVE,369304,MÆRSK INSPIRER,,,,injection,WI,,,,,,,,,,,,,
2007-12-11,NO 15/9-F-4 AH,5693,15/9-F-4,3420717,VOLVE,369304,MÆRSK INSPIRER,,,,injection,WI,,,,,,,,,,,,,
2007-12-12,NO 15/9-F-4 AH,5693,15/9-F-4,3420717,VOLVE,369304,MÆRSK INSPIRER,,,,injection,WI,,,,,,,,,,,,,
2007-12-13,NO 15/9-F-4 AH,5693,15/9-F-4,3420717,VOLVE,369304,MÆRSK INSPIRER,,,,injection,WI,,,,,,,,,,,,,
2007-12-14,NO 15/9-F-4 AH,5693,15/9-F-4,3420717,VOLVE,369304,MÆRSK INSPIRER,,,,injection,WI,,,,,,,,,,,,,
2007-12-15,NO 15/9-F-4 AH,5693,15/9-F-4,3420717,VOLVE,369304,MÆRSK INSPIRER,,,,injection,WI,,,,,,,,,,,,,
2007-12-16,NO 15/9-F-4 AH,5693,15/9-F-4,3420717,VOLVE,369304,MÆRSK INSPIRER,,,,injection,WI,,,,,,,,,,,,,
2007-12-17,NO 15/9-F-4 AH,5693,15/9-F-4,3420717,VOLVE,369304,MÆRSK INSPIRER,,,,injection,WI,,,,,,,,,,,,,
2007-12-18,NO 15/9-F-4 AH,5693,15/9-F-4,3420717,VOLVE,369304,MÆRSK INSPIRER,,,,injection,WI,,,,,,,,,,,,,
2007-12-19,NO 15/9-F-4 AH,5693,15/9-F-4,3420717,VOLVE,369304,MÆRSK INSPIRER,,,,injection,WI,,,,,,,,,,,,,
2007-12-20,NO 15/9-F-4 AH,5693,15/9-F-4,3420717,VOLVE,369304,MÆRSK INSPIRER,,,,injection,WI,,,,,,,,,,,,,
2007-12-21,NO 15/9-F-4 AH,5693,15/9-F-4,3420717,VOLVE,369304,MÆRSK INSPIRER,,,,injection,WI,,,,,,,,,,,,,
2007-12-22,NO 15/9-F-4 AH,5693,15/9-F-4,3420717,VOLVE,369304,MÆRSK INSPIRER,,,,injection,WI,,,,,,,,,,,,,
2007-12-23,NO 15/9-F-4 AH,5693,15/9-F-4,3420717,VOLVE,369304,MÆRSK INSPIRER,,,,injection,WI,,,,,,,,,,,,,
2007-12-24,NO 15/9-F-4 AH,5693,15/9-F-4,3420717,VOLVE,369304,MÆRSK INSPIRER,,,,injection,WI,,,,,,,,,,,,,
2007-12-25,NO 15/9-F-4 AH,5693,15/9-F-4,3420717,VOLVE,369304,MÆRSK INSPIRER,,,,injection,WI,,,,,,,,,,,,,
2007-12-26,NO 15/9-F-4 AH,5693,15/9-F-4,3420717,VOLVE,369304,MÆRSK INSPIRER,,,,injection,WI,,,,,,,,,,,,,
2007-12-27,NO 15/9-F-4 AH,5693,15/9-F-4,3420717,VOLVE,369304,MÆRSK INSPIRER,,,,injection,WI,,,,,,,,,,,,,
2007-12-28,NO 15/9-F-4 AH,5693,15/9-F-4,3420717,VOLVE,369304,MÆRSK INSPIRER,,,,injection,WI,,,,,,,,,,,,,
2007-12-29,NO 15/9-F-4 AH,5693,15/9-F-4,3420717,VOLVE,369304,MÆRSK INSPIRER,,,,injection,WI,,,,,,,,,,,,,
2007-12-30,NO 15/9-F-4 AH,5693,15/9-F-4,3420717,VOLVE,369304,MÆRSK INSPIRER,,,,injection,WI,,,,,,,,,,,,,
2007-12-31,NO 15/9-F-4 AH,5693,15/9-F-4,3420717,VOLVE,369304,MÆRSK INSPIRER,,,,injection,WI,,,,,,,,,,,,,
2008-01-01,NO 15/9-F-4 AH,5693,15/9-F-4,3420717,VOLVE,369304,MÆRSK INSPIRER,0.0,,,injection,WI,,,,,0.0,,,,,,,,
2008-01-02,NO 15/9-F-4 AH,5693,15/9-F-4,3420717,VOLVE,369304,MÆRSK INSPIRER,0.0,,,injection,WI,,,,,0.0,,,,,,,,
2008-01-03,NO 15/9-F-4 AH,5693,15/9-F-4,3420717,VOLVE,369304,MÆRSK INSPIRER,0.0,,,injection,WI,,,,,0.0,,,,,,,,
2008-01-04,NO 15/9-F-4 AH,5693,15/9-F-4,3420717,VOLVE,369304,MÆRSK INSPIRER,0.0,,,injection,WI,,,,,0.0,,,,,,,,
2008-01-05,NO 15/9-F-4 AH,5693,15/9-F-4,3420717,VOLVE,369304,MÆRSK INSPIRER,0.0,,,injection,WI,,,,,0.0,,,,,,,,
2008-01-06,NO 15/9-F-4 AH,5693,15/9-F-4,3420717,VOLVE,369304,MÆRSK INSPIRER,0.0,,,injection,WI,,,,,0.0,,,,,,,,
2008-01-07,NO 15/9-F-4 AH,5693,15/9-F-4,3420717,VOLVE,369304,MÆRSK INSPIRER,0.0,,,injection,WI,,,,,0.0,,,,,,,,
2008-01-08,NO 15/9-F-4 AH,5693,15/9-F-4,3420717,VOLVE,369304,MÆRSK INSPIRER,0.0,,,injection,WI,,,,,0.0,,,,,,,,
2008-01-09,NO 15/9-F-4 AH,5693,15/9-F-4,3420717,VOLVE,369304,MÆRSK INSPIRER,0.0,,,injection,WI,,,,,0.0,,,,,,,,
2008-01-10,NO 15/9-F-4 AH,5693,15/9-F-4,3420717,VOLVE,369304,MÆRSK INSPIRER,0.0,,,injection,WI,,,,,0.0,,,,,,,,
2008-01-11,NO 15/9-F-4 AH,5693,15/9-F-4,3420717,VOLVE,369304,MÆRSK INSPIRER,0.0,,,injection,WI,,,,,0.0,,,,,,,,
2008-01-12,NO 15/9-F-4 AH,5693,15/9-F-4,3420717,VOLVE,369304,MÆRSK INSPIRER,0.0,,,injection,WI,,,,,0.0,,,,,,,,
2008-01-13,NO 15/9-F-4 AH,5693,15/9-F-4,3420717,VOLVE,369304,MÆRSK INSPIRER,0.0,,,injection,WI,,,,,0.0,,,,,,,,
2008-01-14,NO 15/9-F-4 AH,5693,15/9-F-4,3420717,VOLVE,369304,MÆRSK INSPIRER,0.0,,,injection,WI,,,,,0.0,,,,,,,,
2008-01-15,NO 15/9-F-4 AH,5693,15/9-F-4,3420717,VOLVE,369304,MÆRSK INSPIRER,0.0,,,injection,WI,,,,,0.0,,,,,,,,
2008-01-16,NO 15/9-F-4 AH,5693,15/9-F-4,3420717,VOLVE,369304,MÆRSK INSPIRER,0.0,,,injection,WI,,,,,0.0,,,,,,,,
2008-01-17,NO 15/9-F-4 AH,5693,15/9-F-4,3420717,VOLVE,369304,MÆRSK INSPIRER,0.0,,,injection,WI,,,,,0.0,,,,,,,,
2008-01-18,NO 15/9-F-4 AH,5693,15/9-F-4,3420717,VOLVE,369304,MÆRSK INSPIRER,0.0,,,injection,WI,,,,,0.0,,,,,,,,
2008-01-19,NO 15/9-F-4 AH,5693,15/9-F-4,3420717,VOLVE,369304,MÆRSK INSPIRER,0.0,,,injection,WI,,,,,0.0,,,,,,,,
2008-01-20,NO 15/9-F-4 AH,5693,15/9-F-4,3420717,VOLVE,369304,MÆRSK INSPIRER,0.0,,,injection,WI,,,,,0.0,,,,,,,,
2008-01-21,NO 15/9-F-4 AH,5693,15/9-F-4,3420717,VOLVE,369304,MÆRSK INSPIRER,0.0,,,injection,WI,,,,,0.0,,,,,,,,
2008-01-22,NO 15/9-F-4 AH,5693,15/9-F-4,3420717,VOLVE,369304,MÆRSK INSPIRER,,,,injection,WI,,,,,,,,,,,,,
2008-01-23,NO 15/9-F-4 AH,5693,15/9-F-4,3420717,VOLVE,369304,MÆRSK INSPIRER,,,,injection,WI,,,,,,,,,,,,,
2008-01-24,NO 15/9-F-4 AH,5693,15/9-F-4,3420717,VOLVE,369304,MÆRSK INSPIRER,,,,injection,WI,,,,,,,,,,,,,
2008-01-25,NO 15/9-F-4 AH,5693,15/9-F-4,3420717,VOLVE,369304,MÆRSK INSPIRER,,,,injection,WI,,,,,,,,,,,,,
2008-01-26,NO 15/9-F-4 AH,5693,15/9-F-4,3420717,VOLVE,369304,MÆRSK INSPIRER,,,,injection,WI,,,,,,,,,,,,,
2008-01-27,NO 15/9-F-4 AH,5693,15/9-F-4,3420717,VOLVE,369304,MÆRSK INSPIRER,0.0,,,injection,WI,,,,,,,,,,,,,
2008-01-28,NO 15/9-F-4 AH,5693,15/9-F-4,3420717,VOLVE,369304,MÆRSK INSPIRER,,,,injection,WI,,,,,,,,,,,,,
2008-01-29,NO 15/9-F-4 AH,5693,15/9-F-4,3420717,VOLVE,369304,MÆRSK INSPIRER,,,,injection,WI,,,,,,,,,,,,,
2008-01-30,NO 15/9-F-4 AH,5693,15/9-F-4,3420717,VOLVE,369304,MÆRSK INSPIRER,,,,injection,WI,,,,,,,,,,,,,
2008-01-31,NO 15/9-F-4 AH,5693,15/9-F-4,3420717,VOLVE,369304,MÆRSK INSPIRER,,,,injection,WI,,,,,,,,,,,,,
2008-02-01,NO 15/9-F-4 AH,5693,15/9-F-4,3420717,VOLVE,369304,MÆRSK INSPIRER,0.0,,,injection,WI,,,,,0.0,,,,,,,,
2008-02-02,NO 15/9-F-4 AH,5693,15/9-F-4,3420717,VOLVE,369304,MÆRSK INSPIRER,0.0,,,injection,WI,,,,,0.0,,,,,,,,
2008-02-03,NO 15/9-F-4 AH,5693,15/9-F-4,3420717,VOLVE,369304,MÆRSK INSPIRER,0.0,,,injection,WI,,,,,0.0,,,,,,,,
2008-02-04,NO 15/9-F-4 AH,5693,15/9-F-4,3420717,VOLVE,369304,MÆRSK INSPIRER,0.0,,,injection,WI,,,,,0.0,,,,,,,,
2008-02-05,NO 15/9-F-4 AH,5693,15/9-F-4,3420717,VOLVE,369304,MÆRSK INSPIRER,0.0,,,injection,WI,,,,,0.0,,,,,,,,
2008-02-06,NO 15/9-F-4 AH,5693,15/9-F-4,3420717,VOLVE,369304,MÆRSK INSPIRER,0.0,,,injection,WI,,,,,0.0,,,,,,,,
2008-02-07,NO 15/9-F-4 AH,5693,15/9-F-4,3420717,VOLVE,369304,MÆRSK INSPIRER,0.0,,,injection,WI,,,,,0.0,,,,,,,,
2008-02-08,NO 15/9-F-4 AH,5693,15/9-F-4,3420717,VOLVE,369304,MÆRSK INSPIRER,0.0,,,injection,WI,,,,,0.0,,,,,,,,
2008-02-09,NO 15/9-F-4 AH,5693,15/9-F-4,3420717,VOLVE,369304,MÆRSK INSPIRER,0.0,,,injection,WI,,,,,0.0,,,,,,,,
2008-02-10,NO 15/9-F-4 AH,5693,15/9-F-4,3420717,VOLVE,369304,MÆRSK INSPIRER,0.0,,,injection,WI,,,,,0.0,,,,,,,,
2008-02-11,NO 15/9-F-4 AH,5693,15/9-F-4,3420717,VOLVE,369304,MÆRSK INSPIRER,0.0,,,injection,WI,,,,,0.0,,,,,,,,
2008-02-12,NO 15/9-F-4 AH,5693,15/9-F-4,3420717,VOLVE,369304,MÆRSK INSPIRER,0.0,,,injection,WI,,,,,0.0,,,,,,,,
2008-02-13,NO 15/9-F-4 AH,5693,15/9-F-4,3420717,VOLVE,369304,MÆRSK INSPIRER,0.0,,,injection,WI,,,,,0.0,,,,,,,,
2008-02-14,NO 15/9-F-4 AH,5693,15/9-F-4,3420717,VOLVE,369304,MÆRSK INSPIRER,0.0,,,injection,WI,,,,,0.0,,,,,,,,
2008-02-15,NO 15/9-F-4 AH,5693,15/9-F-4,3420717,VOLVE,369304,MÆRSK INSPIRER,0.0,,,injection,WI,,,,,0.0,,,,,,,,
2008-02-16,NO 15/9-F-4 AH,5693,15/9-F-4,3420717,VOLVE,369304,MÆRSK INSPIRER,0.0,,,injection,WI,,,,,0.0,,,,,,,,
2008-02-17,NO 15/9-F-4 AH,5693,15/9-F-4,3420717,VOLVE,369304,MÆRSK INSPIRER,0.0,,,injection,WI,,,,,0.0,,,,,,,,
2008-02-18,NO 15/9-F-4 AH,5693,15/9-F-4,3420717,VOLVE,369304,MÆRSK INSPIRER,0.0,,,injection,WI,,,,,0.0,,,,,,,,
2008-02-19,NO 15/9-F-4 AH,5693,15/9-F-4,3420717,VOLVE,369304,MÆRSK INSPIRER,0.0,,,injection,WI,,,,,0.0,,,,,,,,
2008-02-20,NO 15/9-F-4 AH,5693,15/9-F-4,3420717,VOLVE,369304,MÆRSK INSPIRER,0.0,,,injection,WI,,,,,0.0,,,,,,,,
2008-02-21,NO 15/9-F-4 AH,5693,15/9-F-4,3420717,VOLVE,369304,MÆRSK INSPIRER,,,,injection,WI,,,,,,,,,,,,,
2008-02-22,NO 15/9-F-4 AH,5693,15/9-F-4,3420717,VOLVE,369304,MÆRSK INSPIRER,0.0,,,injection,WI,,,,,0.0,,,,,,,,
2008-02-23,NO 15/9-F-4 AH,5693,15/9-F-4,3420717,VOLVE,369304,MÆRSK INSPIRER,0.0,,,injection,WI,,,,,0.0,,,,,,,,
2008-02-24,NO 15/9-F-4 AH,5693,15/9-F-4,3420717,VOLVE,369304,MÆRSK INSPIRER,0.0,,,injection,WI,,,,,0.0,,,,,,,,
2008-02-25,NO 15/9-F-4 AH,5693,15/9-F-4,3420717,VOLVE,369304,MÆRSK INSPIRER,0.0,,,injection,WI,,,,,0.0,,,,,,,,
2008-02-26,NO 15/9-F-4 AH,5693,15/9-F-4,3420717,VOLVE,369304,MÆRSK INSPIRER,0.0,,,injection,WI,,,,,0.0,,,,,,,,
2008-02-27,NO 15/9-F-4 AH,5693,15/9-F-4,3420717,VOLVE,369304,MÆRSK INSPIRER,0.0,,,injection,WI,,,,,0.0,,,,,,,,
2008-02-28,NO 15/9-F-4 AH,5693,15/9-F-4,3420717,VOLVE,369304,MÆRSK INSPIRER,0.0,,,injection,WI,,,,,0.0,,,,,,,,
2008-02-29,NO 15/9-F-4 AH,5693,15/9-F-4,3420717,VOLVE,369304,MÆRSK INSPIRER,0.0,,,injection,WI,,,,,0.0,,,,,,,,
2008-03-01,NO 15/9-F-4 AH,5693,15/9-F-4,3420717,VOLVE,369304,MÆRSK INSPIRER,0.0,,,injection,WI,,,,,0.0,,,,,,,,
2008-03-02,NO 15/9-F-4 AH,5693,15/9-F-4,3420717,VOLVE,369304,MÆRSK INSPIRER,0.0,,,injection,WI,,,,,0.0,,,,,,,,
2008-03-03,NO 15/9-F-4 AH,5693,15/9-F-4,3420717,VOLVE,369304,MÆRSK INSPIRER,0.0,,,injection,WI,,,,,0.0,,,,,,,,
2008-03-04,NO 15/9-F-4 AH,5693,15/9-F-4,3420717,VOLVE,369304,MÆRSK INSPIRER,0.0,,,injection,WI,,,,,0.0,,,,,,,,
2008-03-05,NO 15/9-F-4 AH,5693,15/9-F-4,3420717,VOLVE,369304,MÆRSK INSPIRER,0.0,,,injection,WI,,,,,0.0,,,,,,,,
2008-03-06,NO 15/9-F-4 AH,5693,15/9-F-4,3420717,VOLVE,369304,MÆRSK INSPIRER,0.0,,,injection,WI,,,,,0.0,,,,,,,,
2008-03-07,NO 15/9-F-4 AH,5693,15/9-F-4,3420717,VOLVE,369304,MÆRSK INSPIRER,0.0,,,injection,WI,,,,,0.0,,,,,,,,
2008-03-08,NO 15/9-F-4 AH,5693,15/9-F-4,3420717,VOLVE,369304,MÆRSK INSPIRER,0.0,,,injection,WI,,,,,0.0,,,,,,,,
2008-03-09,NO 15/9-F-4 AH,5693,15/9-F-4,3420717,VOLVE,369304,MÆRSK INSPIRER,0.0,,,injection,WI,,,,,0.0,,,,,,,,
2008-03-10,NO 15/9-F-4 AH,5693,15/9-F-4,3420717,VOLVE,369304,MÆRSK INSPIRER,0.0,,,injection,WI,,,,,0.0,,,,,,,,
2008-03-11,NO 15/9-F-4 AH,5693,15/9-F-4,3420717,VOLVE,369304,MÆRSK INSPIRER,0.0,,,injection,WI,,,,,0.0,,,,,,,,
2008-03-12,NO 15/9-F-4 AH,5693,15/9-F-4,3420717,VOLVE,369304,MÆRSK INSPIRER,0.0,,,injection,WI,,,,,0.0,,,,,,,,
2008-03-13,NO 15/9-F-4 AH,5693,15/9-F-4,3420717,VOLVE,369304,MÆRSK INSPIRER,0.0,,,injection,WI,,,,,0.0,,,,,,,,
2008-03-14,NO 15/9-F-4 AH,5693,15/9-F-4,3420717,VOLVE,369304,MÆRSK INSPIRER,0.0,,,injection,WI,,,,,0.0,,,,,,,,
2008-03-15,NO 15/9-F-4 AH,5693,15/9-F-4,3420717,VOLVE,369304,MÆRSK INSPIRER,0.0,,,injection,WI,,,,,0.0,,,,,,,,
2008-03-16,NO 15/9-F-4 AH,5693,15/9-F-4,3420717,VOLVE,369304,MÆRSK INSPIRER,0.0,,,injection,WI,,,,,0.0,,,,,,,,
2008-03-17,NO 15/9-F-4 AH,5693,15/9-F-4,3420717,VOLVE,369304,MÆRSK INSPIRER,0.0,,,injection,WI,,,,,0.0,,,,,,,,
2008-03-18,NO 15/9-F-4 AH,5693,15/9-F-4,3420717,VOLVE,369304,MÆRSK INSPIRER,0.0,,,injection,WI,,,,,0.0,,,,,,,,
2008-03-19,NO 15/9-F-4 AH,5693,15/9-F-4,3420717,VOLVE,369304,MÆRSK INSPIRER,0.0,,,injection,WI,,,,,0.0,,,,,,,,
2008-03-20,NO 15/9-F-4 AH,5693,15/9-F-4,3420717,VOLVE,369304,MÆRSK INSPIRER,0.0,,,injection,WI,,,,,0.0,,,,,,,,
2008-03-21,NO 15/9-F-4 AH,5693,15/9-F-4,3420717,VOLVE,369304,MÆRSK INSPIRER,0.0,,,injection,WI,,,,,0.0,,,,,,,,
2008-03-22,NO 15/9-F-4 AH,5693,15/9-F-4,3420717,VOLVE,369304,MÆRSK INSPIRER,0.0,,,injection,WI,,,,,0.0,,,,,,,,
2008-03-23,NO 15/9-F-4 AH,5693,15/9-F-4,3420717,VOLVE,369304,MÆRSK INSPIRER,0.0,,,injection,WI,,,,,0.0,,,,,,,,
2008-03-24,NO 15/9-F-4 AH,5693,15/9-F-4,3420717,VOLVE,369304,MÆRSK INSPIRER,0.0,,,injection,WI,,,,,0.0,,,,,,,,
2008-03-25,NO 15/9-F-4 AH,5693,15/9-F-4,3420717,VOLVE,369304,MÆRSK INSPIRER,0.0,,,injection,WI,,,,,0.0,,,,,,,,
2008-03-26,NO 15/9-F-4 AH,5693,15/9-F-4,3420717,VOLVE,369304,MÆRSK INSPIRER,0.0,,,injection,WI,,,,,0.0,,,,,,,,
2008-03-27,NO 15/9-F-4 AH,5693,15/9-F-4,3420717,VOLVE,369304,MÆRSK INSPIRER,0.0,,,injection,WI,,,,,0.0,,,,,,,,
2008-03-28,NO 15/9-F-4 AH,5693,15/9-F-4,3420717,VOLVE,369304,MÆRSK INSPIRER,0.0,,,injection,WI,,,,,0.0,,,,,,,,
2008-03-29,NO 15/9-F-4 AH,5693,15/9-F-4,3420717,VOLVE,369304,MÆRSK INSPIRER,0.0,,,injection,WI,,,,,0.0,,,,,,,,
2008-03-30,NO 15/9-F-4 AH,5693,15/9-F-4,3420717,VOLVE,369304,MÆRSK INSPIRER,0.0,,,injection,WI,,,,,0.0,,,,,,,,
2008-03-31,NO 15/9-F-4 AH,5693,15/9-F-4,3420717,VOLVE,369304,MÆRSK INSPIRER,0.0,,,injection,WI,,,,,0.0,,,,,,,,
2008-04-01,NO 15/9-F-4 AH,5693,15/9-F-4,3420717,VOLVE,369304,MÆRSK INSPIRER,0.0,,,injection,WI,,,,,0.0,,,,,,,,
2008-04-02,NO 15/9-F-4 AH,5693,15/9-F-4,3420717,VOLVE,369304,MÆRSK INSPIRER,0.0,,,injection,WI,,,,,0.0,,,,,,,,
2008-04-03,NO 15/9-F-4 AH,5693,15/9-F-4,3420717,VOLVE,369304,MÆRSK INSPIRER,0.0,,,injection,WI,,,,,0.0,,,,,,,,
2008-04-04,NO 15/9-F-4 AH,5693,15/9-F-4,3420717,VOLVE,369304,MÆRSK INSPIRER,0.0,,,injection,WI,,,,,0.0,,,,,,,,
2008-04-05,NO 15/9-F-4 AH,5693,15/9-F-4,3420717,VOLVE,369304,MÆRSK INSPIRER,0.0,,,injection,WI,,,,,0.0,,,,,,,,
2008-04-06,NO 15/9-F-4 AH,5693,15/9-F-4,3420717,VOLVE,369304,MÆRSK INSPIRER,0.0,,,injection,WI,,,,,0.0,,,,,,,,
2008-04-07,NO 15/9-F-4 AH,5693,15/9-F-4,3420717,VOLVE,369304,MÆRSK INSPIRER,0.0,,,injection,WI,,,,,0.0,,,,,,,,
2008-04-08,NO 15/9-F-4 AH,5693,15/9-F-4,3420717,VOLVE,369304,MÆRSK INSPIRER,0.0,,,injection,WI,,,,,0.0,,,,,,,,
2008-04-09,NO 15/9-F-4 AH,5693,15/9-F-4,3420717,VOLVE,369304,MÆRSK INSPIRER,0.0,,,injection,WI,,,,,0.0,,,,,,,,
2008-04-10,NO 15/9-F-4 AH,5693,15/9-F-4,3420717,VOLVE,369304,MÆRSK INSPIRER,0.0,,,injection,WI,,,,,0.0,,,,,,,,
2008-04-11,NO 15/9-F-4 AH,5693,15/9-F-4,3420717,VOLVE,369304,MÆRSK INSPIRER,0.0,,,injection,WI,,,,,0.0,,,,,,,,
2008-04-12,NO 15/9-F-4 AH,5693,15/9-F-4,3420717,VOLVE,369304,MÆRSK INSPIRER,0.0,,,injection,WI,,,,,0.0,,,,,,,,
2008-04-13,NO 15/9-F-4 AH,5693,15/9-F-4,3420717,VOLVE,369304,MÆRSK INSPIRER,0.0,,,injection,WI,,,,,0.0,,,,,,,,
2008-04-14,NO 15/9-F-4 AH,5693,15/9-F-4,3420717,VOLVE,369304,MÆRSK INSPIRER,0.0,,,injection,WI,,,,,0.0,,,,,,,,
2008-04-15,NO 15/9-F-4 AH,5693,15/9-F-4,3420717,VOLVE,369304,MÆRSK INSPIRER,0.0,,,injection,WI,,,,,0.0,,,,,,,,
2008-04-16,NO 15/9-F-4 AH,5693,15/9-F-4,3420717,VOLVE,369304,MÆRSK INSPIRER,0.0,,,injection,WI,,,,,0.0,,,,,,,,
2008-04-17,NO 15/9-F-4 AH,5693,15/9-F-4,3420717,VOLVE,369304,MÆRSK INSPIRER,0.0,,,injection,WI,,,,,0.0,,,,,,,,
2008-04-18,NO 15/9-F-4 AH,5693,15/9-F-4,3420717,VOLVE,369304,MÆRSK INSPIRER,0.0,,,injection,WI,,,,,0.0,,,,,,,,
2008-04-19,NO 15/9-F-4 AH,5693,15/9-F-4,3420717,VOLVE,369304,MÆRSK INSPIRER,0.0,,,injection,WI,,,,,0.0,,,,,,,,
2008-04-20,NO 15/9-F-4 AH,5693,15/9-F-4,3420717,VOLVE,369304,MÆRSK INSPIRER,0.0,,,injection,WI,,,,,0.0,,,,,,,,
2008-04-21,NO 15/9-F-4 AH,5693,15/9-F-4,3420717,VOLVE,369304,MÆRSK INSPIRER,0.0,,,injection,WI,,,,,0.0,,,,,,,,
2008-04-22,NO 15/9-F-4 AH,5693,15/9-F-4,3420717,VOLVE,369304,MÆRSK INSPIRER,0.0,,,injection,WI,,,,,0.0,,,,,,,,
2008-04-23,NO 15/9-F-4 AH,5693,15/9-F-4,3420717,VOLVE,369304,MÆRSK INSPIRER,10.0,,,injection,WI,,,,,0.0,,1044.5921621135249,,,,,,
2008-04-24,NO 15/9-F-4 AH,5693,15/9-F-4,3420717,VOLVE,369304,MÆRSK INSPIRER,24.0,,,injection,WI,,,,,0.0,,22423.58393150326,,,,,,
2008-04-25,NO 15/9-F-4 AH,5693,15/9-F-4,3420717,VOLVE,369304,MÆRSK INSPIRER,24.0,,,injection,WI,,,,,0.0,,43506.12917588425,,,,,,
2008-04-26,NO 15/9-F-4 AH,5693,15/9-F-4,3420717,VOLVE,369304,MÆRSK INSPIRER,18.65,,,injection,WI,,,,,0.0,,41624.80257682511,,,,,,
2008-04-27,NO 15/9-F-4 AH,5693,15/9-F-4,3420717,VOLVE,369304,MÆRSK INSPIRER,15.95833,,,injection,WI,,,,,0.0,,28348.17367,,,,,,
2008-04-28,NO 15/9-F-4 AH,5693,15/9-F-4,3420717,VOLVE,369304,MÆRSK INSPIRER,0.0,,,injection,WI,,,,,0.0,,,,,,,,
2008-04-29,NO 15/9-F-4 AH,5693,15/9-F-4,3420717,VOLVE,369304,MÆRSK INSPIRER,5.0,,,injection,WI,,,,,0.0,,9120.2245,,,,,,
2008-04-30,NO 15/9-F-4 AH,5693,15/9-F-4,3420717,VOLVE,369304,MÆRSK INSPIRER,21.04167,,,injection,WI,,,,,0.0,,41071.24153281139,,,,,,
2008-05-01,NO 15/9-F-4 AH,5693,15/9-F-4,3420717,VOLVE,369304,MÆRSK INSPIRER,24.0,,,injection,WI,,,,,0.0,,44022.59191024611,,,,,,
2008-05-02,NO 15/9-F-4 AH,5693,15/9-F-4,3420717,VOLVE,369304,MÆRSK INSPIRER,23.23,,,injection,WI,,,,,0.0,,42522.532243137284,,,,,,
2008-05-03,NO 15/9-F-4 AH,5693,15/9-F-4,3420717,VOLVE,369304,MÆRSK INSPIRER,23.83333,,,injection,WI,,,,,0.0,,46478.07404001808,,,,,,
2008-05-04,NO 15/9-F-4 AH,5693,15/9-F-4,3420717,VOLVE,369304,MÆRSK INSPIRER,24.0,,,injection,WI,,,,,0.0,,50318.48,,,,,,
2008-05-05,NO 15/9-F-4 AH,5693,15/9-F-4,3420717,VOLVE,369304,MÆRSK INSPIRER,22.75,,,injection,WI,,,,,0.0,,40833.36340016085,,,,,,
2008-05-06,NO 15/9-F-4 AH,5693,15/9-F-4,3420717,VOLVE,369304,MÆRSK INSPIRER,24.0,,,injection,WI,,,,,0.0,,44078.98848,,,,,,
2008-05-07,NO 15/9-F-4 AH,5693,15/9-F-4,3420717,VOLVE,369304,MÆRSK INSPIRER,24.0,,,injection,WI,,,,,0.0,,44078.98848,,,,,,
2008-05-08,NO 15/9-F-4 AH,5693,15/9-F-4,3420717,VOLVE,369304,MÆRSK INSPIRER,24.0,,,injection,WI,,,,,0.0,,44078.98848,,,,,,
2008-05-09,NO 15/9-F-4 AH,5693,15/9-F-4,3420717,VOLVE,369304,MÆRSK INSPIRER,24.0,,,injection,WI,,,,,0.0,,44078.98848,,,,,,
2008-05-10,NO 15/9-F-4 AH,5693,15/9-F-4,3420717,VOLVE,369304,MÆRSK INSPIRER,24.0,,,injection,WI,,,,,0.0,,44078.68500715052,,,,,,
2008-05-11,NO 15/9-F-4 AH,5693,15/9-F-4,3420717,VOLVE,369304,MÆRSK INSPIRER,24.0,,,injection,WI,,,,,0.0,,44077.46574320654,,,,,,
2008-05-12,NO 15/9-F-4 AH,5693,15/9-F-4,3420717,VOLVE,369304,MÆRSK INSPIRER,24.0,,,injection,WI,,,,,0.0,,44078.98848,,,,,,
2008-05-13,NO 15/9-F-4 AH,5693,15/9-F-4,3420717,VOLVE,369304,MÆRSK INSPIRER,24.0,,,injection,WI,,,,,0.0,,44078.98848,,,,,,
2008-05-14,NO 15/9-F-4 AH,5693,15/9-F-4,3420717,VOLVE,369304,MÆRSK INSPIRER,24.0,,,injection,WI,,,,,0.0,,44058.288711358866,,,,,,
2008-05-15,NO 15/9-F-4 AH,5693,15/9-F-4,3420717,VOLVE,369304,MÆRSK INSPIRER,24.0,,,injection,WI,,,,,0.0,,49060.518000000004,,,,,,
2008-05-16,NO 15/9-F-4 AH,5693,15/9-F-4,3420717,VOLVE,369304,MÆRSK INSPIRER,24.0,,,injection,WI,,,,,0.0,,49689.499,,,,,,
2008-05-17,NO 15/9-F-4 AH,5693,15/9-F-4,3420717,VOLVE,369304,MÆRSK INSPIRER,24.0,,,injection,WI,,,,,0.0,,50318.48,,,,,,
2008-05-18,NO 15/9-F-4 AH,5693,15/9-F-4,3420717,VOLVE,369304,MÆRSK INSPIRER,24.0,,,injection,WI,,,,,0.0,,50318.48,,,,,,
2008-05-19,NO 15/9-F-4 AH,5693,15/9-F-4,3420717,VOLVE,369304,MÆRSK INSPIRER,24.0,,,injection,WI,,,,,0.0,,50318.48,,,,,,
2008-05-20,NO 15/9-F-4 AH,5693,15/9-F-4,3420717,VOLVE,369304,MÆRSK INSPIRER,24.0,,,injection,WI,,,,,0.0,,50318.48,,,,,,
2008-05-21,NO 15/9-F-4 AH,5693,15/9-F-4,3420717,VOLVE,369304,MÆRSK INSPIRER,24.0,,,injection,WI,,,,,0.0,,50318.48,,,,,,
2008-05-22,NO 15/9-F-4 AH,5693,15/9-F-4,3420717,VOLVE,369304,MÆRSK INSPIRER,24.0,,,injection,WI,,,,,0.0,,47613.8617,,,,,,
2008-05-23,NO 15/9-F-4 AH,5693,15/9-F-4,3420717,VOLVE,369304,MÆRSK INSPIRER,24.0,,,injection,WI,,,,,0.0,,43135.51698,,,,,,
2008-05-24,NO 15/9-F-4 AH,5693,15/9-F-4,3420717,VOLVE,369304,MÆRSK INSPIRER,24.0,,,injection,WI,,,,,0.0,,43739.33874,,,,,,
2008-05-25,NO 15/9-F-4 AH,5693,15/9-F-4,3420717,VOLVE,369304,MÆRSK INSPIRER,24.0,,,injection,WI,,,,,0.0,,48494.4351,,,,,,
2008-05-26,NO 15/9-F-4 AH,5693,15/9-F-4,3420717,VOLVE,369304,MÆRSK INSPIRER,24.0,,,injection,WI,,,,,0.0,,49840.45444,,,,,,
2008-05-27,NO 15/9-F-4 AH,5693,15/9-F-4,3420717,VOLVE,369304,MÆRSK INSPIRER,24.0,,,injection,WI,,,,,0.0,,48934.7218,,,,,,
2008-05-28,NO 15/9-F-4 AH,5693,15/9-F-4,3420717,VOLVE,369304,MÆRSK INSPIRER,24.0,,,injection,WI,,,,,0.0,,48934.7218,,,,,,
2008-05-29,NO 15/9-F-4 AH,5693,15/9-F-4,3420717,VOLVE,369304,MÆRSK INSPIRER,24.0,,,injection,WI,,,,,0.0,,49640.438482,,,,,,
2008-05-30,NO 15/9-F-4 AH,5693,15/9-F-4,3420717,VOLVE,369304,MÆRSK INSPIRER,20.19167,,,injection,WI,,,,,0.0,,40629.027695000004,,,,,,
2008-05-31,NO 15/9-F-4 AH,5693,15/9-F-4,3420717,VOLVE,369304,MÆRSK INSPIRER,0.0,,,injection,WI,,,,,0.0,,,,,,,,
2008-06-01,NO 15/9-F-4 AH,5693,15/9-F-4,3420717,VOLVE,369304,MÆRSK INSPIRER,0.0,,,injection,WI,,,,,0.0,,,,,,,,
2008-06-02,NO 15/9-F-4 AH,5693,15/9-F-4,3420717,VOLVE,369304,MÆRSK INSPIRER,16.0,,,injection,WI,,,,,0.0,,31449.05,,,,,,
2008-06-03,NO 15/9-F-4 AH,5693,15/9-F-4,3420717,VOLVE,369304,MÆRSK INSPIRER,14.15,,,injection,WI,,,,,0.0,,26920.3868,,,,,,
2008-06-04,NO 15/9-F-4 AH,5693,15/9-F-4,3420717,VOLVE,369304,MÆRSK INSPIRER,24.0,,,injection,WI,,,,,0.0,,49217.76325,,,,,,
2008-06-05,NO 15/9-F-4 AH,5693,15/9-F-4,3420717,VOLVE,369304,MÆRSK INSPIRER,24.0,,,injection,WI,,,,,0.0,,50318.48,,,,,,
2008-06-06,NO 15/9-F-4 AH,5693,15/9-F-4,3420717,VOLVE,369304,MÆRSK INSPIRER,24.0,,,injection,WI,,,,,0.0,,50318.48,,,,,,
2008-06-07,NO 15/9-F-4 AH,5693,15/9-F-4,3420717,VOLVE,369304,MÆRSK INSPIRER,24.0,,,injection,WI,,,,,0.0,,50318.48,,,,,,
2008-06-08,NO 15/9-F-4 AH,5693,15/9-F-4,3420717,VOLVE,369304,MÆRSK INSPIRER,24.0,,,injection,WI,,,,,0.0,,50318.48,,,,,,
2008-06-09,NO 15/9-F-4 AH,5693,15/9-F-4,3420717,VOLVE,369304,MÆRSK INSPIRER,24.0,,,injection,WI,,,,,0.0,,50318.48,,,,,,
2008-06-10,NO 15/9-F-4 AH,5693,15/9-F-4,3420717,VOLVE,369304,MÆRSK INSPIRER,19.0,,,injection,WI,,,,,0.0,,38902.47485,,,,,,
2008-06-11,NO 15/9-F-4 AH,5693,15/9-F-4,3420717,VOLVE,369304,MÆRSK INSPIRER,0.0,,,injection,WI,,,,,0.0,,,,,,,,
2008-06-12,NO 15/9-F-4 AH,5693,15/9-F-4,3420717,VOLVE,369304,MÆRSK INSPIRER,6.5,,,injection,WI,,,,,0.0,,12661.38753,,,,,,
2008-06-13,NO 15/9-F-4 AH,5693,15/9-F-4,3420717,VOLVE,369304,MÆRSK INSPIRER,24.0,,,injection,WI,,,,,0.0,,51890.9325,,,,,,
2008-06-14,NO 15/9-F-4 AH,5693,15/9-F-4,3420717,VOLVE,369304,MÆRSK INSPIRER,19.5,,,injection,WI,,,,,0.0,,41474.3935,,,,,,
2008-06-15,NO 15/9-F-4 AH,5693,15/9-F-4,3420717,VOLVE,369304,MÆRSK INSPIRER,24.0,,,injection,WI,,,,,0.0,,56608.29,,,,,,
2008-06-16,NO 15/9-F-4 AH,5693,15/9-F-4,3420717,VOLVE,369304,MÆRSK INSPIRER,24.0,,,injection,WI,,,,,0.0,,56388.97990175239,,,,,,
2008-06-17,NO 15/9-F-4 AH,5693,15/9-F-4,3420717,VOLVE,369304,MÆRSK INSPIRER,24.0,,,injection,WI,,,,,0.0,,56458.04650228353,,,,,,
2008-06-18,NO 15/9-F-4 AH,5693,15/9-F-4,3420717,VOLVE,369304,MÆRSK INSPIRER,24.0,,,injection,WI,,,,,0.0,,56462.83295858788,,,,,,
2008-06-19,NO 15/9-F-4 AH,5693,15/9-F-4,3420717,VOLVE,369304,MÆRSK INSPIRER,24.0,,,injection,WI,,,,,0.0,,56539.10209,,,,,,
2008-06-20,NO 15/9-F-4 AH,5693,15/9-F-4,3420717,VOLVE,369304,MÆRSK INSPIRER,21.16667,,,injection,WI,,,,,0.0,,47029.36290532706,,,,,,
2008-06-21,NO 15/9-F-4 AH,5693,15/9-F-4,3420717,VOLVE,369304,MÆRSK INSPIRER,24.0,,,injection,WI,,,,,0.0,,56155.42368,,,,,,
2008-06-22,NO 15/9-F-4 AH,5693,15/9-F-4,3420717,VOLVE,369304,MÆRSK INSPIRER,24.0,,,injection,WI,,,,,0.0,,56488.78361,,,,,,
2008-06-23,NO 15/9-F-4 AH,5693,15/9-F-4,3420717,VOLVE,369304,MÆRSK INSPIRER,24.0,,,injection,WI,,,,,0.0,,56696.34734,,,,,,
2008-06-24,NO 15/9-F-4 AH,5693,15/9-F-4,3420717,VOLVE,369304,MÆRSK INSPIRER,24.0,,,injection,WI,,,,,0.0,,56664.898290000005,,,,,,
2008-06-25,NO 15/9-F-4 AH,5693,15/9-F-4,3420717,VOLVE,369304,MÆRSK INSPIRER,21.66667,,,injection,WI,,,,,0.0,,53040.282253807505,,,,,,
2008-06-26,NO 15/9-F-4 AH,5693,15/9-F-4,3420717,VOLVE,369304,MÆRSK INSPIRER,18.5,,,injection,WI,,,,,0.0,,39097.45896,,,,,,
2008-06-27,NO 15/9-F-4 AH,5693,15/9-F-4,3420717,VOLVE,369304,MÆRSK INSPIRER,24.0,,,injection,WI,,,,,0.0,,56045.945130151864,,,,,,
2008-06-28,NO 15/9-F-4 AH,5693,15/9-F-4,3420717,VOLVE,369304,MÆRSK INSPIRER,7.83333,,,injection,WI,,,,,0.0,,15850.3212,,,,,,
2008-06-29,NO 15/9-F-4 AH,5693,15/9-F-4,3420717,VOLVE,369304,MÆRSK INSPIRER,22.5,,,injection,WI,,,,,0.0,,51891.64948723529,,,,,,
2008-06-30,NO 15/9-F-4 AH,5693,15/9-F-4,3420717,VOLVE,369304,MÆRSK INSPIRER,24.0,,,injection,WI,,,,,0.0,,56678.22737100017,,,,,,
2008-07-01,NO 15/9-F-4 AH,5693,15/9-F-4,3420717,VOLVE,369304,MÆRSK INSPIRER,20.66666,,,injection,WI,,,,,0.0,,47098.09728,,,,,,
2008-07-02,NO 15/9-F-4 AH,5693,15/9-F-4,3420717,VOLVE,369304,MÆRSK INSPIRER,24.0,,,injection,WI,,,,,0.0,,57419.67549,,,,,,
2008-07-03,NO 15/9-F-4 AH,5693,15/9-F-4,3420717,VOLVE,369304,MÆRSK INSPIRER,24.0,,,injection,WI,,,,,0.0,,53610.90521309492,,,,,,
2008-07-04,NO 15/9-F-4 AH,5693,15/9-F-4,3420717,VOLVE,369304,MÆRSK INSPIRER,24.0,,,injection,WI,,,,,0.0,,50958.775982939136,,,,,,
2008-07-05,NO 15/9-F-4 AH,5693,15/9-F-4,3420717,VOLVE,369304,MÆRSK INSPIRER,24.0,,,injection,WI,,,,,0.0,,57664.97808,,,,,,
2008-07-06,NO 15/9-F-4 AH,5693,15/9-F-4,3420717,VOLVE,369304,MÆRSK INSPIRER,24.0,,,injection,WI,,,,,0.0,,55539.022300000004,,,,,,
2008-07-07,NO 15/9-F-4 AH,5693,15/9-F-4,3420717,VOLVE,369304,MÆRSK INSPIRER,24.0,,,injection,WI,,,,,0.0,,58237.350790000004,,,,,,
2008-07-08,NO 15/9-F-4 AH,5693,15/9-F-4,3420717,VOLVE,369304,MÆRSK INSPIRER,24.0,,,injection,WI,,,,,0.0,,58239.237732999994,,,,,,
2008-07-09,NO 15/9-F-4 AH,5693,15/9-F-4,3420717,VOLVE,369304,MÆRSK INSPIRER,24.0,,,injection,WI,,,,,0.0,,58180.7425,,,,,,
2008-07-10,NO 15/9-F-4 AH,5693,15/9-F-4,3420717,VOLVE,369304,MÆRSK INSPIRER,9.75,,,injection,WI,,,,,0.0,,22486.07075,,,,,,
2008-07-11,NO 15/9-F-4 AH,5693,15/9-F-4,3420717,VOLVE,369304,MÆRSK INSPIRER,4.33333,,,injection,WI,,,,,0.0,,6893.63176,,,,,,
2008-07-12,NO 15/9-F-4 AH,5693,15/9-F-4,3420717,VOLVE,369304,MÆRSK INSPIRER,1.58334,,,injection,WI,,,,,0.0,,1855.49395,,,,,,
2008-07-13,NO 15/9-F-4 AH,5693,15/9-F-4,3420717,VOLVE,369304,MÆRSK INSPIRER,0.0,,,injection,WI,,,,,0.0,,0.0,,,,,,
2008-07-14,NO 15/9-F-4 AH,5693,15/9-F-4,3420717,VOLVE,369304,MÆRSK INSPIRER,0.0,,,injection,WI,,,,,0.0,,0.0,,,,,,
2008-07-15,NO 15/9-F-4 AH,5693,15/9-F-4,3420717,VOLVE,369304,MÆRSK INSPIRER,9.975,,,injection,WI,,,,,0.0,,14309.31775,,,,,,
2008-07-16,NO 15/9-F-4 AH,5693,15/9-F-4,3420717,VOLVE,369304,MÆRSK INSPIRER,24.0,,,injection,WI,,,,,0.0,,56608.29,,,,,,
2008-07-17,NO 15/9-F-4 AH,5693,15/9-F-4,3420717,VOLVE,369304,MÆRSK INSPIRER,24.0,,,injection,WI,,,,,0.0,,57017.12765,,,,,,
2008-07-18,NO 15/9-F-4 AH,5693,15/9-F-4,3420717,VOLVE,369304,MÆRSK INSPIRER,24.0,,,injection,WI,,,,,0.0,,56903.91107,,,,,,
2008-07-19,NO 15/9-F-4 AH,5693,15/9-F-4,3420717,VOLVE,369304,MÆRSK INSPIRER,24.0,,,injection,WI,,,,,0.0,,57740.4558,,,,,,
2008-07-20,NO 15/9-F-4 AH,5693,15/9-F-4,3420717,VOLVE,369304,MÆRSK INSPIRER,24.0,,,injection,WI,,,,,0.0,,56910.17419679145,,,,,,
2008-07-21,NO 15/9-F-4 AH,5693,15/9-F-4,3420717,VOLVE,369304,MÆRSK INSPIRER,24.0,,,injection,WI,,,,,,,57583.21055,,,,,,
2008-07-22,NO 15/9-F-4 AH,5693,15/9-F-4,3420717,VOLVE,369304,MÆRSK INSPIRER,24.0,,,injection,WI,,,,,0.0,,57459.87496036256,,,,,,
2008-07-23,NO 15/9-F-4 AH,5693,15/9-F-4,3420717,VOLVE,369304,MÆRSK INSPIRER,22.5,,,injection,WI,,,,,0.0,,53450.80538,,,,,,
2008-07-24,NO 15/9-F-4 AH,5693,15/9-F-4,3420717,VOLVE,369304,MÆRSK INSPIRER,24.0,,,injection,WI,,,,,0.0,,57891.131665807756,,,,,,
2008-07-25,NO 15/9-F-4 AH,5693,15/9-F-4,3420717,VOLVE,369304,MÆRSK INSPIRER,24.0,,,injection,WI,,,,,0.0,,57719.06818035802,,,,,,
2008-07-26,NO 15/9-F-4 AH,5693,15/9-F-4,3420717,VOLVE,369304,MÆRSK INSPIRER,24.0,,,injection,WI,,,,,0.0,,56960.194969601136,,,,,,
2008-07-27,NO 15/9-F-4 AH,5693,15/9-F-4,3420717,VOLVE,369304,MÆRSK INSPIRER,24.0,,,injection,WI,,,,,0.0,,58211.32537633377,,,,,,
2008-07-28,NO 15/9-F-4 AH,5693,15/9-F-4,3420717,VOLVE,369304,MÆRSK INSPIRER,24.0,,,injection,WI,,,,,0.0,,58333.26837714005,,,,,,
2008-07-29,NO 15/9-F-4 AH,5693,15/9-F-4,3420717,VOLVE,369304,MÆRSK INSPIRER,24.0,,,injection,WI,,,,,0.0,,58332.3735253472,,,,,,
2008-07-30,NO 15/9-F-4 AH,5693,15/9-F-4,3420717,VOLVE,369304,MÆRSK INSPIRER,24.0,,,injection,WI,,,,,0.0,,58161.87307,,,,,,
2008-07-31,NO 15/9-F-4 AH,5693,15/9-F-4,3420717,VOLVE,369304,MÆRSK INSPIRER,24.0,,,injection,WI,,,,,0.0,,57646.10865,,,,,,
2008-08-01,NO 15/9-F-4 AH,5693,15/9-F-4,3420717,VOLVE,369304,MÆRSK INSPIRER,24.0,,,injection,WI,,,,,0.0,,57709.00675,,,,,,
2008-08-02,NO 15/9-F-4 AH,5693,15/9-F-4,3420717,VOLVE,369304,MÆRSK INSPIRER,24.0,,,injection,WI,,,,,0.0,,57709.00675,,,,,,
2008-08-03,NO 15/9-F-4 AH,5693,15/9-F-4,3420717,VOLVE,369304,MÆRSK INSPIRER,24.0,,,injection,WI,,,,,0.0,,58004.62782,,,,,,
2008-08-04,NO 15/9-F-4 AH,5693,15/9-F-4,3420717,VOLVE,369304,MÆRSK INSPIRER,24.0,,,injection,WI,,,,,0.0,,58029.78706,,,,,,
2008-08-05,NO 15/9-F-4 AH,5693,15/9-F-4,3420717,VOLVE,369304,MÆRSK INSPIRER,24.0,,,injection,WI,,,,,0.0,,48890.69313,,,,,,
2008-08-06,NO 15/9-F-4 AH,5693,15/9-F-4,3420717,VOLVE,369304,MÆRSK INSPIRER,7.69167,,,injection,WI,,,,,0.0,,17535.99028,,,,,,
2008-08-07,NO 15/9-F-4 AH,5693,15/9-F-4,3420717,VOLVE,369304,MÆRSK INSPIRER,0.0,,,injection,WI,,,,,0.0,,0.5545096496,,,,,,
2008-08-08,NO 15/9-F-4 AH,5693,15/9-F-4,3420717,VOLVE,369304,MÆRSK INSPIRER,18.00001,,,injection,WI,,,,,0.0,,8742.8359,,,,,,
2008-08-09,NO 15/9-F-4 AH,5693,15/9-F-4,3420717,VOLVE,369304,MÆRSK INSPIRER,24.0,,,injection,WI,,,,,0.0,,57152.109797772995,,,,,,
2008-08-10,NO 15/9-F-4 AH,5693,15/9-F-4,3420717,VOLVE,369304,MÆRSK INSPIRER,24.0,,,injection,WI,,,,,0.0,,58549.83925658077,,,,,,
2008-08-11,NO 15/9-F-4 AH,5693,15/9-F-4,3420717,VOLVE,369304,MÆRSK INSPIRER,23.8,,,injection,WI,,,,,0.0,,55928.13351897336,,,,,,
2008-08-12,NO 15/9-F-4 AH,5693,15/9-F-4,3420717,VOLVE,369304,MÆRSK INSPIRER,24.0,,,injection,WI,,,,,0.0,,56664.898290000005,,,,,,
2008-08-13,NO 15/9-F-4 AH,5693,15/9-F-4,3420717,VOLVE,369304,MÆRSK INSPIRER,24.0,,,injection,WI,,,,,0.0,,56674.51622061341,,,,,,
2008-08-14,NO 15/9-F-4 AH,5693,15/9-F-4,3420717,VOLVE,369304,MÆRSK INSPIRER,24.0,,,injection,WI,,,,,0.0,,56672.47550617306,,,,,,
2008-08-15,NO 15/9-F-4 AH,5693,15/9-F-4,3420717,VOLVE,369304,MÆRSK INSPIRER,24.0,,,injection,WI,,,,,0.0,,56865.94273807554,,,,,,
2008-08-16,NO 15/9-F-4 AH,5693,15/9-F-4,3420717,VOLVE,369304,MÆRSK INSPIRER,24.0,,,injection,WI,,,,,0.0,,56883.07520821575,,,,,,
2008-08-17,NO 15/9-F-4 AH,5693,15/9-F-4,3420717,VOLVE,369304,MÆRSK INSPIRER,24.0,,,injection,WI,,,,,0.0,,42986.302763826825,,,,,,
2008-08-18,NO 15/9-F-4 AH,5693,15/9-F-4,3420717,VOLVE,369304,MÆRSK INSPIRER,24.0,,,injection,WI,,,,,0.0,,56251.56277328221,,,,,,
2008-08-19,NO 15/9-F-4 AH,5693,15/9-F-4,3420717,VOLVE,369304,MÆRSK INSPIRER,24.0,,,injection,WI,,,,,0.0,,56932.73934093617,,,,,,
2008-08-20,NO 15/9-F-4 AH,5693,15/9-F-4,3420717,VOLVE,369304,MÆRSK INSPIRER,24.0,,,injection,WI,,,,,0.0,,57146.02786861425,,,,,,
2008-08-21,NO 15/9-F-4 AH,5693,15/9-F-4,3420717,VOLVE,369304,MÆRSK INSPIRER,24.0,,,injection,WI,,,,,0.0,,44468.9567,,,,,,
2008-08-22,NO 15/9-F-4 AH,5693,15/9-F-4,3420717,VOLVE,369304,MÆRSK INSPIRER,24.0,,,injection,WI,,,,,0.0,,57677.5577,,,,,,
2008-08-23,NO 15/9-F-4 AH,5693,15/9-F-4,3420717,VOLVE,369304,MÆRSK INSPIRER,24.0,,,injection,WI,,,,,0.0,,56318.95874,,,,,,
2008-08-24,NO 15/9-F-4 AH,5693,15/9-F-4,3420717,VOLVE,369304,MÆRSK INSPIRER,24.0,,,injection,WI,,,,,0.0,,58595.86996,,,,,,
2008-08-25,NO 15/9-F-4 AH,5693,15/9-F-4,3420717,VOLVE,369304,MÆRSK INSPIRER,24.0,,,injection,WI,,,,,0.0,,57847.38257,,,,,,
2008-08-26,NO 15/9-F-4 AH,5693,15/9-F-4,3420717,VOLVE,369304,MÆRSK INSPIRER,23.0,,,injection,WI,,,,,0.0,,47056.49092852343,,,,,,
2008-08-27,NO 15/9-F-4 AH,5693,15/9-F-4,3420717,VOLVE,369304,MÆRSK INSPIRER,4.0,,,injection,WI,,,,,0.0,,1159.5822680458314,,,,,,
2008-08-28,NO 15/9-F-4 AH,5693,15/9-F-4,3420717,VOLVE,369304,MÆRSK INSPIRER,18.20834,,,injection,WI,,,,,0.0,,10012.332553545404,,,,,,
2008-08-29,NO 15/9-F-4 AH,5693,15/9-F-4,3420717,VOLVE,369304,MÆRSK INSPIRER,16.54167,,,injection,WI,,,,,0.0,,6593.540796987551,,,,,,
2008-08-30,NO 15/9-F-4 AH,5693,15/9-F-4,3420717,VOLVE,369304,MÆRSK INSPIRER,24.0,,,injection,WI,,,,,0.0,,14937.581555725128,,,,,,
2008-08-31,NO 15/9-F-4 AH,5693,15/9-F-4,3420717,VOLVE,369304,MÆRSK INSPIRER,23.83333,,,injection,WI,,,,,0.0,,15475.407117394545,,,,,,
2008-09-01,NO 15/9-F-4 AH,5693,15/9-F-4,3420717,VOLVE,369304,MÆRSK INSPIRER,24.0,,,injection,WI,,,,,0.0,,17488.843861254674,,,,,,
2008-09-02,NO 15/9-F-4 AH,5693,15/9-F-4,3420717,VOLVE,369304,MÆRSK INSPIRER,21.9186,,,injection,WI,,,,,0.0,,16328.34676,,,,,,
2008-09-03,NO 15/9-F-4 AH,5693,15/9-F-4,3420717,VOLVE,369304,MÆRSK INSPIRER,24.0,,,injection,WI,,,,,0.0,,17830.747168106936,,,,,,
2008-09-04,NO 15/9-F-4 AH,5693,15/9-F-4,3420717,VOLVE,369304,MÆRSK INSPIRER,24.0,,,injection,WI,,,,,0.0,,18068.715620813964,,,,,,
2008-09-05,NO 15/9-F-4 AH,5693,15/9-F-4,3420717,VOLVE,369304,MÆRSK INSPIRER,24.0,,,injection,WI,,,,,0.0,,19577.794344760074,,,,,,
2008-09-06,NO 15/9-F-4 AH,5693,15/9-F-4,3420717,VOLVE,369304,MÆRSK INSPIRER,21.04167,,,injection,WI,,,,,0.0,,20028.428928119596,,,,,,
2008-09-07,NO 15/9-F-4 AH,5693,15/9-F-4,3420717,VOLVE,369304,MÆRSK INSPIRER,0.0,,,injection,WI,,,,,0.0,,,,,,,,
2008-09-08,NO 15/9-F-4 AH,5693,15/9-F-4,3420717,VOLVE,369304,MÆRSK INSPIRER,23.125,,,injection,WI,,,,,0.0,,12142.054275820772,,,,,,
2008-09-09,NO 15/9-F-4 AH,5693,15/9-F-4,3420717,VOLVE,369304,MÆRSK INSPIRER,21.14,,,injection,WI,,,,,0.0,,15661.459630365314,,,,,,
2008-09-10,NO 15/9-F-4 AH,5693,15/9-F-4,3420717,VOLVE,369304,MÆRSK INSPIRER,24.0,,,injection,WI,,,,,0.0,,18876.528328384942,,,,,,
2008-09-11,NO 15/9-F-4 AH,5693,15/9-F-4,3420717,VOLVE,369304,MÆRSK INSPIRER,24.0,,,injection,WI,,,,,0.0,,18789.98877850491,,,,,,
2008-09-12,NO 15/9-F-4 AH,5693,15/9-F-4,3420717,VOLVE,369304,MÆRSK INSPIRER,24.0,,,injection,WI,,,,,0.0,,18371.190231587098,,,,,,
2008-09-13,NO 15/9-F-4 AH,5693,15/9-F-4,3420717,VOLVE,369304,MÆRSK INSPIRER,24.0,,,injection,WI,,,,,0.0,,18975.884740725534,,,,,,
2008-09-14,NO 15/9-F-4 AH,5693,15/9-F-4,3420717,VOLVE,369304,MÆRSK INSPIRER,24.0,,,injection,WI,,,,,0.0,,22146.421010000002,,,,,,
2008-09-15,NO 15/9-F-4 AH,5693,15/9-F-4,3420717,VOLVE,369304,MÆRSK INSPIRER,16.21203,,,injection,WI,,,,,0.0,,14334.476990000001,,,,,,
2008-09-16,NO 15/9-F-4 AH,5693,15/9-F-4,3420717,VOLVE,369304,MÆRSK INSPIRER,0.0,,,injection,WI,,,,,0.0,,,,,,,,
2008-09-17,NO 15/9-F-4 AH,5693,15/9-F-4,3420717,VOLVE,369304,MÆRSK INSPIRER,0.0,,,injection,WI,,,,,0.0,,,,,,,,
2008-09-18,NO 15/9-F-4 AH,5693,15/9-F-4,3420717,VOLVE,369304,MÆRSK INSPIRER,0.0,,,injection,WI,,,,,0.0,,,,,,,,
2008-09-19,NO 15/9-F-4 AH,5693,15/9-F-4,3420717,VOLVE,369304,MÆRSK INSPIRER,10.95833,,,injection,WI,,,,,0.0,,842.8345400000001,,,,,,
2008-09-20,NO 15/9-F-4 AH,5693,15/9-F-4,3420717,VOLVE,369304,MÆRSK INSPIRER,24.0,,,injection,WI,,,,,0.0,,17212.070754657296,,,,,,
2008-09-21,NO 15/9-F-4 AH,5693,15/9-F-4,3420717,VOLVE,369304,MÆRSK INSPIRER,4.33333,,,injection,WI,,,,,0.0,,4383.99757,,,,,,
2008-09-22,NO 15/9-F-4 AH,5693,15/9-F-4,3420717,VOLVE,369304,MÆRSK INSPIRER,18.375,,,injection,WI,,,,,0.0,,38701.20093,,,,,,
2008-09-23,NO 15/9-F-4 AH,5693,15/9-F-4,3420717,VOLVE,369304,MÆRSK INSPIRER,23.45833,,,injection,WI,,,,,0.0,,26048.589685895808,,,,,,
2008-09-24,NO 15/9-F-4 AH,5693,15/9-F-4,3420717,VOLVE,369304,MÆRSK INSPIRER,22.08333,,,injection,WI,,,,,0.0,,18062.202703390998,,,,,,
2008-09-25,NO 15/9-F-4 AH,5693,15/9-F-4,3420717,VOLVE,369304,MÆRSK INSPIRER,22.16667,,,injection,WI,,,,,0.0,,22893.56743301825,,,,,,
2008-09-26,NO 15/9-F-4 AH,5693,15/9-F-4,3420717,VOLVE,369304,MÆRSK INSPIRER,24.0,,,injection,WI,,,,,0.0,,52492.4475979787,,,,,,
2008-09-27,NO 15/9-F-4 AH,5693,15/9-F-4,3420717,VOLVE,369304,MÆRSK INSPIRER,17.33333,,,injection,WI,,,,,0.0,,47166.92382643814,,,,,,
2008-09-28,NO 15/9-F-4 AH,5693,15/9-F-4,3420717,VOLVE,369304,MÆRSK INSPIRER,24.0,,,injection,WI,,,,,0.0,,48654.923389139774,,,,,,
2008-09-29,NO 15/9-F-4 AH,5693,15/9-F-4,3420717,VOLVE,369304,MÆRSK INSPIRER,24.0,,,injection,WI,,,,,0.0,,47898.00613894386,,,,,,
2008-09-30,NO 15/9-F-4 AH,5693,15/9-F-4,3420717,VOLVE,369304,MÆRSK INSPIRER,24.0,,,injection,WI,,,,,0.0,,47092.5888989595,,,,,,
2008-10-01,NO 15/9-F-4 AH,5693,15/9-F-4,3420717,VOLVE,369304,MÆRSK INSPIRER,24.0,,,injection,WI,,,,,0.0,,49806.05512710158,,,,,,
2008-10-02,NO 15/9-F-4 AH,5693,15/9-F-4,3420717,VOLVE,369304,MÆRSK INSPIRER,23.75,,,injection,WI,,,,,0.0,,46379.75145229814,,,,,,
2008-10-03,NO 15/9-F-4 AH,5693,15/9-F-4,3420717,VOLVE,369304,MÆRSK INSPIRER,24.0,,,injection,WI,,,,,0.0,,52160.86540939408,,,,,,
2008-10-04,NO 15/9-F-4 AH,5693,15/9-F-4,3420717,VOLVE,369304,MÆRSK INSPIRER,14.0,,,injection,WI,,,,,0.0,,27090.21167,,,,,,
2008-10-05,NO 15/9-F-4 AH,5693,15/9-F-4,3420717,VOLVE,369304,MÆRSK INSPIRER,24.0,,,injection,WI,,,,,0.0,,53335.74415990338,,,,,,
2008-10-06,NO 15/9-F-4 AH,5693,15/9-F-4,3420717,VOLVE,369304,MÆRSK INSPIRER,19.0,,,injection,WI,,,,,0.0,,40028.35084,,,,,,
2008-10-07,NO 15/9-F-4 AH,5693,15/9-F-4,3420717,VOLVE,369304,MÆRSK INSPIRER,24.0,,,injection,WI,,,,,0.0,,50510.93968034235,,,,,,
2008-10-08,NO 15/9-F-4 AH,5693,15/9-F-4,3420717,VOLVE,369304,MÆRSK INSPIRER,24.0,,,injection,WI,,,,,0.0,,56693.24168734553,,,,,,
2008-10-09,NO 15/9-F-4 AH,5693,15/9-F-4,3420717,VOLVE,369304,MÆRSK INSPIRER,23.16666,,,injection,WI,,,,,0.0,,48577.086010227715,,,,,,
2008-10-10,NO 15/9-F-4 AH,5693,15/9-F-4,3420717,VOLVE,369304,MÆRSK INSPIRER,23.08333,,,injection,WI,,,,,0.0,,48258.7614032281,,,,,,
2008-10-11,NO 15/9-F-4 AH,5693,15/9-F-4,3420717,VOLVE,369304,MÆRSK INSPIRER,21.58334,,,injection,WI,,,,,0.0,,42393.3194,,,,,,
2008-10-12,NO 15/9-F-4 AH,5693,15/9-F-4,3420717,VOLVE,369304,MÆRSK INSPIRER,24.0,,,injection,WI,,,,,0.0,,50346.51963490271,,,,,,
2008-10-13,NO 15/9-F-4 AH,5693,15/9-F-4,3420717,VOLVE,369304,MÆRSK INSPIRER,24.0,,,injection,WI,,,,,0.0,,57887.686839080176,,,,,,
2008-10-14,NO 15/9-F-4 AH,5693,15/9-F-4,3420717,VOLVE,369304,MÆRSK INSPIRER,24.0,,,injection,WI,,,,,0.0,,57911.15413853546,,,,,,
2008-10-15,NO 15/9-F-4 AH,5693,15/9-F-4,3420717,VOLVE,369304,MÆRSK INSPIRER,24.0,,,injection,WI,,,,,0.0,,57187.387766989734,,,,,,
2008-10-16,NO 15/9-F-4 AH,5693,15/9-F-4,3420717,VOLVE,369304,MÆRSK INSPIRER,24.0,,,injection,WI,,,,,0.0,,57196.37188000134,,,,,,
2008-10-17,NO 15/9-F-4 AH,5693,15/9-F-4,3420717,VOLVE,369304,MÆRSK INSPIRER,23.66667,,,injection,WI,,,,,0.0,,37294.5478216,,,,,,
2008-10-18,NO 15/9-F-4 AH,5693,15/9-F-4,3420717,VOLVE,369304,MÆRSK INSPIRER,24.0,,,injection,WI,,,,,0.0,,39785.08229200025,,,,,,
2008-10-19,NO 15/9-F-4 AH,5693,15/9-F-4,3420717,VOLVE,369304,MÆRSK INSPIRER,24.0,,,injection,WI,,,,,0.0,,50394.064822884684,,,,,,
2008-10-20,NO 15/9-F-4 AH,5693,15/9-F-4,3420717,VOLVE,369304,MÆRSK INSPIRER,22.0,,,injection,WI,,,,,0.0,,46251.56516574881,,,,,,
2008-10-21,NO 15/9-F-4 AH,5693,15/9-F-4,3420717,VOLVE,369304,MÆRSK INSPIRER,24.0,,,injection,WI,,,,,0.0,,39021.98124,,,,,,
2008-10-22,NO 15/9-F-4 AH,5693,15/9-F-4,3420717,VOLVE,369304,MÆRSK INSPIRER,24.0,,,injection,WI,,,,,0.0,,46192.36464,,,,,,
2008-10-23,NO 15/9-F-4 AH,5693,15/9-F-4,3420717,VOLVE,369304,MÆRSK INSPIRER,20.0,,,injection,WI,,,,,0.0,,45808.68623,,,,,,
2008-10-24,NO 15/9-F-4 AH,5693,15/9-F-4,3420717,VOLVE,369304,MÆRSK INSPIRER,24.0,,,injection,WI,,,,,0.0,,51890.9325,,,,,,
2008-10-25,NO 15/9-F-4 AH,5693,15/9-F-4,3420717,VOLVE,369304,MÆRSK INSPIRER,24.0,,,injection,WI,,,,,0.0,,53268.400890000004,,,,,,
2008-10-26,NO 15/9-F-4 AH,5693,15/9-F-4,3420717,VOLVE,369304,MÆRSK INSPIRER,25.0,,,injection,WI,,,,,0.0,,55243.40123,,,,,,
2008-10-27,NO 15/9-F-4 AH,5693,15/9-F-4,3420717,VOLVE,369304,MÆRSK INSPIRER,21.66666,,,injection,WI,,,,,0.0,,50054.30798,,,,,,
2008-10-28,NO 15/9-F-4 AH,5693,15/9-F-4,3420717,VOLVE,369304,MÆRSK INSPIRER,24.0,,,injection,WI,,,,,0.0,,50236.71247,,,,,,
2008-10-29,NO 15/9-F-4 AH,5693,15/9-F-4,3420717,VOLVE,369304,MÆRSK INSPIRER,17.5,,,injection,WI,,,,,0.0,,36996.66242,,,,,,
2008-10-30,NO 15/9-F-4 AH,5693,15/9-F-4,3420717,VOLVE,369304,MÆRSK INSPIRER,15.50001,,,injection,WI,,,,,0.0,,27995.94431,,,,,,
2008-10-31,NO 15/9-F-4 AH,5693,15/9-F-4,3420717,VOLVE,369304,MÆRSK INSPIRER,24.0,,,injection,WI,,,,,0.0,,42493.956360000004,,,,,,
2008-11-01,NO 15/9-F-4 AH,5693,15/9-F-4,3420717,VOLVE,369304,MÆRSK INSPIRER,21.33333,,,injection,WI,,,,,0.0,,39770.46863,,,,,,
2008-11-02,NO 15/9-F-4 AH,5693,15/9-F-4,3420717,VOLVE,369304,MÆRSK INSPIRER,24.0,,,injection,WI,,,,,0.0,,41468.71733,,,,,,
2008-11-03,NO 15/9-F-4 AH,5693,15/9-F-4,3420717,VOLVE,369304,MÆRSK INSPIRER,24.0,,,injection,WI,,,,,0.0,,45274.05238,,,,,,
2008-11-04,NO 15/9-F-4 AH,5693,15/9-F-4,3420717,VOLVE,369304,MÆRSK INSPIRER,24.0,,,injection,WI,,,,,0.0,,45582.25307,,,,,,
2008-11-05,NO 15/9-F-4 AH,5693,15/9-F-4,3420717,VOLVE,369304,MÆRSK INSPIRER,24.0,,,injection,WI,,,,,0.0,,43229.86413,,,,,,
2008-11-06,NO 15/9-F-4 AH,5693,15/9-F-4,3420717,VOLVE,369304,MÆRSK INSPIRER,24.0,,,injection,WI,,,,,0.0,,43865.13494,,,,,,
2008-11-07,NO 15/9-F-4 AH,5693,15/9-F-4,3420717,VOLVE,369304,MÆRSK INSPIRER,24.0,,,injection,WI,,,,,0.0,,46682.96982,,,,,,
2008-11-08,NO 15/9-F-4 AH,5693,15/9-F-4,3420717,VOLVE,369304,MÆRSK INSPIRER,24.0,,,injection,WI,,,,,0.0,,46594.91248,,,,,,
2008-11-09,NO 15/9-F-4 AH,5693,15/9-F-4,3420717,VOLVE,369304,MÆRSK INSPIRER,24.0,,,injection,WI,,,,,0.0,,46645.23096,,,,,,
2008-11-10,NO 15/9-F-4 AH,5693,15/9-F-4,3420717,VOLVE,369304,MÆRSK INSPIRER,24.0,,,injection,WI,,,,,0.0,,47016.329750000004,,,,,,
2008-11-11,NO 15/9-F-4 AH,5693,15/9-F-4,3420717,VOLVE,369304,MÆRSK INSPIRER,24.0,,,injection,WI,,,,,0.0,,46939.594068,,,,,,
2008-11-12,NO 15/9-F-4 AH,5693,15/9-F-4,3420717,VOLVE,369304,MÆRSK INSPIRER,24.0,,,injection,WI,,,,,0.0,,46876.066987,,,,,,
2008-11-13,NO 15/9-F-4 AH,5693,15/9-F-4,3420717,VOLVE,369304,MÆRSK INSPIRER,24.0,,,injection,WI,,,,,0.0,,44884.713141,,,,,,
2008-11-14,NO 15/9-F-4 AH,5693,15/9-F-4,3420717,VOLVE,369304,MÆRSK INSPIRER,24.0,,,injection,WI,,,,,0.0,,46618.184777,,,,,,
2008-11-15,NO 15/9-F-4 AH,5693,15/9-F-4,3420717,VOLVE,369304,MÆRSK INSPIRER,20.16667,,,injection,WI,,,,,0.0,,37754.584525,,,,,,
2008-11-16,NO 15/9-F-4 AH,5693,15/9-F-4,3420717,VOLVE,369304,MÆRSK INSPIRER,24.0,,,injection,WI,,,,,0.0,,44973.399462,,,,,,
2008-11-17,NO 15/9-F-4 AH,5693,15/9-F-4,3420717,VOLVE,369304,MÆRSK INSPIRER,24.0,,,injection,WI,,,,,0.0,,45135.67656,,,,,,
2008-11-18,NO 15/9-F-4 AH,5693,15/9-F-4,3420717,VOLVE,369304,MÆRSK INSPIRER,23.66667,,,injection,WI,,,,,0.0,,43273.055624978624,,,,,,
2008-11-19,NO 15/9-F-4 AH,5693,15/9-F-4,3420717,VOLVE,369304,MÆRSK INSPIRER,22.5,,,injection,WI,,,,,0.0,,43666.66864487755,,,,,,
2008-11-20,NO 15/9-F-4 AH,5693,15/9-F-4,3420717,VOLVE,369304,MÆRSK INSPIRER,24.0,,,injection,WI,,,,,0.0,,55317.44067094069,,,,,,
2008-11-21,NO 15/9-F-4 AH,5693,15/9-F-4,3420717,VOLVE,369304,MÆRSK INSPIRER,24.0,,,injection,WI,,,,,0.0,,51381.392483838266,,,,,,
2008-11-22,NO 15/9-F-4 AH,5693,15/9-F-4,3420717,VOLVE,369304,MÆRSK INSPIRER,24.0,,,injection,WI,,,,,0.0,,42365.51184991365,,,,,,
2008-11-23,NO 15/9-F-4 AH,5693,15/9-F-4,3420717,VOLVE,369304,MÆRSK INSPIRER,24.0,,,injection,WI,,,,,0.0,,21837.628294254504,,,,,,
2008-11-24,NO 15/9-F-4 AH,5693,15/9-F-4,3420717,VOLVE,369304,MÆRSK INSPIRER,24.0,,,injection,WI,,,,,0.0,,56359.19860797766,,,,,,
2008-11-25,NO 15/9-F-4 AH,5693,15/9-F-4,3420717,VOLVE,369304,MÆRSK INSPIRER,24.0,,,injection,WI,,,,,0.0,,54343.9584,,,,,,
2008-11-26,NO 15/9-F-4 AH,5693,15/9-F-4,3420717,VOLVE,369304,MÆRSK INSPIRER,24.0,,,injection,WI,,,,,0.0,,51729.552093038124,,,,,,
2008-11-27,NO 15/9-F-4 AH,5693,15/9-F-4,3420717,VOLVE,369304,MÆRSK INSPIRER,24.0,,,injection,WI,,,,,0.0,,55559.149692000006,,,,,,
2008-11-28,NO 15/9-F-4 AH,5693,15/9-F-4,3420717,VOLVE,369304,MÆRSK INSPIRER,24.0,,,injection,WI,,,,,0.0,,53935.12075,,,,,,
2008-11-29,NO 15/9-F-4 AH,5693,15/9-F-4,3420717,VOLVE,369304,MÆRSK INSPIRER,24.0,,,injection,WI,,,,,0.0,,54428.870835,,,,,,
2008-11-30,NO 15/9-F-4 AH,5693,15/9-F-4,3420717,VOLVE,369304,MÆRSK INSPIRER,24.0,,,injection,WI,,,,,0.0,,53621.259231,,,,,,
2008-12-01,NO 15/9-F-4 AH,5693,15/9-F-4,3420717,VOLVE,369304,MÆRSK INSPIRER,24.0,,,injection,WI,,,,,0.0,,52314.236713,,,,,,
2008-12-02,NO 15/9-F-4 AH,5693,15/9-F-4,3420717,VOLVE,369304,MÆRSK INSPIRER,24.0,,,injection,WI,,,,,0.0,,55419.51591,,,,,,
2008-12-03,NO 15/9-F-4 AH,5693,15/9-F-4,3420717,VOLVE,369304,MÆRSK INSPIRER,24.0,,,injection,WI,,,,,0.0,,55645.94907,,,,,,
2008-12-04,NO 15/9-F-4 AH,5693,15/9-F-4,3420717,VOLVE,369304,MÆRSK INSPIRER,24.0,,,injection,WI,,,,,0.0,,55683.68793,,,,,,
2008-12-05,NO 15/9-F-4 AH,5693,15/9-F-4,3420717,VOLVE,369304,MÆRSK INSPIRER,24.0,,,injection,WI,,,,,0.0,,55174.21332,,,,,,
2008-12-06,NO 15/9-F-4 AH,5693,15/9-F-4,3420717,VOLVE,369304,MÆRSK INSPIRER,24.0,,,injection,WI,,,,,0.0,,55469.83439,,,,,,
2008-12-07,NO 15/9-F-4 AH,5693,15/9-F-4,3420717,VOLVE,369304,MÆRSK INSPIRER,24.0,,,injection,WI,,,,,0.0,,55067.286550000004,,,,,,
2008-12-08,NO 15/9-F-4 AH,5693,15/9-F-4,3420717,VOLVE,369304,MÆRSK INSPIRER,24.0,,,injection,WI,,,,,0.0,,38518.79644,,,,,,
2008-12-09,NO 15/9-F-4 AH,5693,15/9-F-4,3420717,VOLVE,369304,MÆRSK INSPIRER,24.0,,,injection,WI,,,,,0.0,,52544.08127593932,,,,,,
2008-12-10,NO 15/9-F-4 AH,5693,15/9-F-4,3420717,VOLVE,369304,MÆRSK INSPIRER,24.0,,,injection,WI,,,,,0.0,,51744.57363218197,,,,,,
2008-12-11,NO 15/9-F-4 AH,5693,15/9-F-4,3420717,VOLVE,369304,MÆRSK INSPIRER,24.0,,,injection,WI,,,,,0.0,,48486.69542327615,,,,,,
2008-12-12,NO 15/9-F-4 AH,5693,15/9-F-4,3420717,VOLVE,369304,MÆRSK INSPIRER,22.83333,,,injection,WI,,,,,0.0,,53488.54424,,,,,,
2008-12-13,NO 15/9-F-4 AH,5693,15/9-F-4,3420717,VOLVE,369304,MÆRSK INSPIRER,24.0,,,injection,WI,,,,,0.0,,55891.25166,,,,,,
2008-12-14,NO 15/9-F-4 AH,5693,15/9-F-4,3420717,VOLVE,369304,MÆRSK INSPIRER,23.83333,,,injection,WI,,,,,0.0,,52387.82749,,,,,,
2008-12-15,NO 15/9-F-4 AH,5693,15/9-F-4,3420717,VOLVE,369304,MÆRSK INSPIRER,24.0,,,injection,WI,,,,,0.0,,55224.531800000004,,,,,,
2008-12-16,NO 15/9-F-4 AH,5693,15/9-F-4,3420717,VOLVE,369304,MÆRSK INSPIRER,24.0,,,injection,WI,,,,,0.0,,54438.305550000005,,,,,,
2008-12-17,NO 15/9-F-4 AH,5693,15/9-F-4,3420717,VOLVE,369304,MÆRSK INSPIRER,24.0,,,injection,WI,,,,,0.0,,53953.99018,,,,,,
2008-12-18,NO 15/9-F-4 AH,5693,15/9-F-4,3420717,VOLVE,369304,MÆRSK INSPIRER,24.0,,,injection,WI,,,,,0.0,,54910.041300000004,,,,,,
2008-12-19,NO 15/9-F-4 AH,5693,15/9-F-4,3420717,VOLVE,369304,MÆRSK INSPIRER,24.0,,,injection,WI,,,,,0.0,,54947.78016,,,,,,
2008-12-20,NO 15/9-F-4 AH,5693,15/9-F-4,3420717,VOLVE,369304,MÆRSK INSPIRER,24.0,,,injection,WI,,,,,0.0,,54658.4489,,,,,,
2008-12-21,NO 15/9-F-4 AH,5693,15/9-F-4,3420717,VOLVE,369304,MÆRSK INSPIRER,24.0,,,injection,WI,,,,,0.0,,52173.97395,,,,,,
2008-12-22,NO 15/9-F-4 AH,5693,15/9-F-4,3420717,VOLVE,369304,MÆRSK INSPIRER,24.0,,,injection,WI,,,,,0.0,,54538.94251,,,,,,
2008-12-23,NO 15/9-F-4 AH,5693,15/9-F-4,3420717,VOLVE,369304,MÆRSK INSPIRER,24.0,,,injection,WI,,,,,0.0,,51712.301896000004,,,,,,
2008-12-24,NO 15/9-F-4 AH,5693,15/9-F-4,3420717,VOLVE,369304,MÆRSK INSPIRER,24.0,,,injection,WI,,,,,0.0,,54150.23225200001,,,,,,
2008-12-25,NO 15/9-F-4 AH,5693,15/9-F-4,3420717,VOLVE,369304,MÆRSK INSPIRER,24.0,,,injection,WI,,,,,0.0,,55069.173492999995,,,,,,
2008-12-26,NO 15/9-F-4 AH,5693,15/9-F-4,3420717,VOLVE,369304,MÆRSK INSPIRER,24.0,,,injection,WI,,,,,0.0,,54270.996604,,,,,,
2008-12-27,NO 15/9-F-4 AH,5693,15/9-F-4,3420717,VOLVE,369304,MÆRSK INSPIRER,24.0,,,injection,WI,,,,,0.0,,53286.641339,,,,,,
2008-12-28,NO 15/9-F-4 AH,5693,15/9-F-4,3420717,VOLVE,369304,MÆRSK INSPIRER,24.0,,,injection,WI,,,,,0.0,,53171.537816000004,,,,,,
2008-12-29,NO 15/9-F-4 AH,5693,15/9-F-4,3420717,VOLVE,369304,MÆRSK INSPIRER,24.0,,,injection,WI,,,,,0.0,,53268.400890000004,,,,,,
2008-12-30,NO 15/9-F-4 AH,5693,15/9-F-4,3420717,VOLVE,369304,MÆRSK INSPIRER,24.0,,,injection,WI,,,,,0.0,,53792.971044,,,,,,
2008-12-31,NO 15/9-F-4 AH,5693,15/9-F-4,3420717,VOLVE,369304,MÆRSK INSPIRER,24.0,,,injection,WI,,,,,0.0,,54021.88252541922,,,,,,
2009-01-01,NO 15/9-F-4 AH,5693,15/9-F-4,3420717,VOLVE,369304,MÆRSK INSPIRER,24.0,,,injection,WI,,,,,0.0,,53595.47101,,,,,,
2009-01-02,NO 15/9-F-4 AH,5693,15/9-F-4,3420717,VOLVE,369304,MÆRSK INSPIRER,24.0,,,injection,WI,,,,,0.0,,53213.947618633334,,,,,,
2009-01-03,NO 15/9-F-4 AH,5693,15/9-F-4,3420717,VOLVE,369304,MÆRSK INSPIRER,14.58333,,,injection,WI,,,,,0.0,,26205.680914173434,,,,,,
2009-01-04,NO 15/9-F-4 AH,5693,15/9-F-4,3420717,VOLVE,369304,MÆRSK INSPIRER,24.0,,,injection,WI,,,,,0.0,,54163.32263077955,,,,,,
2009-01-05,NO 15/9-F-4 AH,5693,15/9-F-4,3420717,VOLVE,369304,MÆRSK INSPIRER,24.0,,,injection,WI,,,,,0.0,,55076.721265,,,,,,
2009-01-06,NO 15/9-F-4 AH,5693,15/9-F-4,3420717,VOLVE,369304,MÆRSK INSPIRER,17.16666,,,injection,WI,,,,,0.0,,36648.835927,,,,,,
2009-01-07,NO 15/9-F-4 AH,5693,15/9-F-4,3420717,VOLVE,369304,MÆRSK INSPIRER,24.0,,,injection,WI,,,,,0.0,,48709.60282503914,,,,,,
2009-01-08,NO 15/9-F-4 AH,5693,15/9-F-4,3420717,VOLVE,369304,MÆRSK INSPIRER,24.0,,,injection,WI,,,,,0.0,,54246.466345,,,,,,
2009-01-09,NO 15/9-F-4 AH,5693,15/9-F-4,3420717,VOLVE,369304,MÆRSK INSPIRER,24.0,,,injection,WI,,,,,0.0,,54187.97111200001,,,,,,
2009-01-10,NO 15/9-F-4 AH,5693,15/9-F-4,3420717,VOLVE,369304,MÆRSK INSPIRER,24.0,,,injection,WI,,,,,0.0,,54090.479057000004,,,,,,
2009-01-11,NO 15/9-F-4 AH,5693,15/9-F-4,3420717,VOLVE,369304,MÆRSK INSPIRER,24.0,,,injection,WI,,,,,0.0,,53129.396089,,,,,,
2009-01-12,NO 15/9-F-4 AH,5693,15/9-F-4,3420717,VOLVE,369304,MÆRSK INSPIRER,23.83333,,,injection,WI,,,,,0.0,,51670.4746595,,,,,,
2009-01-13,NO 15/9-F-4 AH,5693,15/9-F-4,3420717,VOLVE,369304,MÆRSK INSPIRER,24.0,,,injection,WI,,,,,0.0,,54086.07619,,,,,,
2009-01-14,NO 15/9-F-4 AH,5693,15/9-F-4,3420717,VOLVE,369304,MÆRSK INSPIRER,24.0,,,injection,WI,,,,,0.0,,54048.33733,,,,,,
2009-01-15,NO 15/9-F-4 AH,5693,15/9-F-4,3420717,VOLVE,369304,MÆRSK INSPIRER,24.0,,,injection,WI,,,,,0.0,,53633.20987,,,,,,
2009-01-16,NO 15/9-F-4 AH,5693,15/9-F-4,3420717,VOLVE,369304,MÆRSK INSPIRER,24.0,,,injection,WI,,,,,0.0,,53972.85961,,,,,,
2009-01-17,NO 15/9-F-4 AH,5693,15/9-F-4,3420717,VOLVE,369304,MÆRSK INSPIRER,24.0,,,injection,WI,,,,,0.0,,53482.25443,,,,,,
2009-01-18,NO 15/9-F-4 AH,5693,15/9-F-4,3420717,VOLVE,369304,MÆRSK INSPIRER,24.0,,,injection,WI,,,,,0.0,,54733.92662,,,,,,
2009-01-19,NO 15/9-F-4 AH,5693,15/9-F-4,3420717,VOLVE,369304,MÆRSK INSPIRER,24.0,,,injection,WI,,,,,0.0,,55023.257880000005,,,,,,
2009-01-20,NO 15/9-F-4 AH,5693,15/9-F-4,3420717,VOLVE,369304,MÆRSK INSPIRER,24.0,,,injection,WI,,,,,0.0,,54966.64959,,,,,,
2009-01-21,NO 15/9-F-4 AH,5693,15/9-F-4,3420717,VOLVE,369304,MÆRSK INSPIRER,22.175,,,injection,WI,,,,,0.0,,51205.34321,,,,,,
2009-01-22,NO 15/9-F-4 AH,5693,15/9-F-4,3420717,VOLVE,369304,MÆRSK INSPIRER,21.075,,,injection,WI,,,,,0.0,,42405.899020000004,,,,,,
2009-01-23,NO 15/9-F-4 AH,5693,15/9-F-4,3420717,VOLVE,369304,MÆRSK INSPIRER,24.0,,,injection,WI,,,,,0.0,,53343.87861,,,,,,
2009-01-24,NO 15/9-F-4 AH,5693,15/9-F-4,3420717,VOLVE,369304,MÆRSK INSPIRER,24.0,,,injection,WI,,,,,0.0,,53724.097624500006,,,,,,
2009-01-25,NO 15/9-F-4 AH,5693,15/9-F-4,3420717,VOLVE,369304,MÆRSK INSPIRER,24.0,,,injection,WI,,,,,0.0,,54369.746621000006,,,,,,
2009-01-26,NO 15/9-F-4 AH,5693,15/9-F-4,3420717,VOLVE,369304,MÆRSK INSPIRER,24.0,,,injection,WI,,,,,0.0,,53738.24969700001,,,,,,
2009-01-27,NO 15/9-F-4 AH,5693,15/9-F-4,3420717,VOLVE,369304,MÆRSK INSPIRER,24.0,,,injection,WI,,,,,0.0,,53475.96462,,,,,,
2009-01-28,NO 15/9-F-4 AH,5693,15/9-F-4,3420717,VOLVE,369304,MÆRSK INSPIRER,14.175,,,injection,WI,,,,,0.0,,32197.53739,,,,,,
2009-01-29,NO 15/9-F-4 AH,5693,15/9-F-4,3420717,VOLVE,369304,MÆRSK INSPIRER,10.325,,,injection,WI,,,,,0.0,,21693.55469,,,,,,
2009-01-30,NO 15/9-F-4 AH,5693,15/9-F-4,3420717,VOLVE,369304,MÆRSK INSPIRER,24.0,,,injection,WI,,,,,0.0,,53425.646140000004,,,,,,
2009-01-31,NO 15/9-F-4 AH,5693,15/9-F-4,3420717,VOLVE,369304,MÆRSK INSPIRER,24.0,,,injection,WI,,,,,0.0,,52979.06963,,,,,,
2009-02-01,NO 15/9-F-4 AH,5693,15/9-F-4,3420717,VOLVE,369304,MÆRSK INSPIRER,16.0,,,injection,WI,,,,,0.0,,35776.43928,,,,,,
2009-02-02,NO 15/9-F-4 AH,5693,15/9-F-4,3420717,VOLVE,369304,MÆRSK INSPIRER,24.0,,,injection,WI,,,,,0.0,,52809.24476,,,,,,
2009-02-03,NO 15/9-F-4 AH,5693,15/9-F-4,3420717,VOLVE,369304,MÆRSK INSPIRER,24.0,,,injection,WI,,,,,0.0,,53728.814982,,,,,,
2009-02-04,NO 15/9-F-4 AH,5693,15/9-F-4,3420717,VOLVE,369304,MÆRSK INSPIRER,8.66667,,,injection,WI,,,,,0.0,,19938.6977,,,,,,
2009-02-05,NO 15/9-F-4 AH,5693,15/9-F-4,3420717,VOLVE,369304,MÆRSK INSPIRER,24.0,,,injection,WI,,,,,0.0,,53752.087279,,,,,,
2009-02-06,NO 15/9-F-4 AH,5693,15/9-F-4,3420717,VOLVE,369304,MÆRSK INSPIRER,24.0,,,injection,WI,,,,,0.0,,54622.596982999996,,,,,,
2009-02-07,NO 15/9-F-4 AH,5693,15/9-F-4,3420717,VOLVE,369304,MÆRSK INSPIRER,24.0,,,injection,WI,,,,,0.0,,54150.23225200001,,,,,,
2009-02-08,NO 15/9-F-4 AH,5693,15/9-F-4,3420717,VOLVE,369304,MÆRSK INSPIRER,24.0,,,injection,WI,,,,,0.0,,54214.388313999996,,,,,,
2009-02-09,NO 15/9-F-4 AH,5693,15/9-F-4,3420717,VOLVE,369304,MÆRSK INSPIRER,24.0,,,injection,WI,,,,,0.0,,40097.53875,,,,,,
2009-02-10,NO 15/9-F-4 AH,5693,15/9-F-4,3420717,VOLVE,369304,MÆRSK INSPIRER,24.0,,,injection,WI,,,,,0.0,,52768.55419306604,,,,,,
2009-02-11,NO 15/9-F-4 AH,5693,15/9-F-4,3420717,VOLVE,369304,MÆRSK INSPIRER,24.0,,,injection,WI,,,,,0.0,,51331.453900500004,,,,,,
2009-02-12,NO 15/9-F-4 AH,5693,15/9-F-4,3420717,VOLVE,369304,MÆRSK INSPIRER,24.0,,,injection,WI,,,,,0.0,,51211.63302,,,,,,
2009-02-13,NO 15/9-F-4 AH,5693,15/9-F-4,3420717,VOLVE,369304,MÆRSK INSPIRER,18.33333,,,injection,WI,,,,,0.0,,42839.89591,,,,,,
2009-02-14,NO 15/9-F-4 AH,5693,15/9-F-4,3420717,VOLVE,369304,MÆRSK INSPIRER,24.0,,,injection,WI,,,,,0.0,,53270.916814,,,,,,
2009-02-15,NO 15/9-F-4 AH,5693,15/9-F-4,3420717,VOLVE,369304,MÆRSK INSPIRER,24.0,,,injection,WI,,,,,0.0,,54941.49035,,,,,,
2009-02-16,NO 15/9-F-4 AH,5693,15/9-F-4,3420717,VOLVE,369304,MÆRSK INSPIRER,20.66667,,,injection,WI,,,,,0.0,,48991.33009,,,,,,
2009-02-17,NO 15/9-F-4 AH,5693,15/9-F-4,3420717,VOLVE,369304,MÆRSK INSPIRER,24.0,,,injection,WI,,,,,0.0,,53005.486832,,,,,,
2009-02-18,NO 15/9-F-4 AH,5693,15/9-F-4,3420717,VOLVE,369304,MÆRSK INSPIRER,24.0,,,injection,WI,,,,,0.0,,51580.84486700001,,,,,,
2009-02-19,NO 15/9-F-4 AH,5693,15/9-F-4,3420717,VOLVE,369304,MÆRSK INSPIRER,24.0,,,injection,WI,,,,,0.0,,53055.176331,,,,,,
2009-02-20,NO 15/9-F-4 AH,5693,15/9-F-4,3420717,VOLVE,369304,MÆRSK INSPIRER,24.0,,,injection,WI,,,,,0.0,,52060.75737,,,,,,
2009-02-21,NO 15/9-F-4 AH,5693,15/9-F-4,3420717,VOLVE,369304,MÆRSK INSPIRER,24.0,,,injection,WI,,,,,0.0,,52494.75426,,,,,,
2009-02-22,NO 15/9-F-4 AH,5693,15/9-F-4,3420717,VOLVE,369304,MÆRSK INSPIRER,24.0,,,injection,WI,,,,,0.0,,50861.290603,,,,,,
2009-02-23,NO 15/9-F-4 AH,5693,15/9-F-4,3420717,VOLVE,369304,MÆRSK INSPIRER,24.0,,,injection,WI,,,,,0.0,,48522.110263999995,,,,,,
2009-02-24,NO 15/9-F-4 AH,5693,15/9-F-4,3420717,VOLVE,369304,MÆRSK INSPIRER,24.0,,,injection,WI,,,,,0.0,,51607.89105,,,,,,
2009-02-25,NO 15/9-F-4 AH,5693,15/9-F-4,3420717,VOLVE,369304,MÆRSK INSPIRER,24.0,,,injection,WI,,,,,0.0,,50947.461,,,,,,
2009-02-26,NO 15/9-F-4 AH,5693,15/9-F-4,3420717,VOLVE,369304,MÆRSK INSPIRER,24.0,,,injection,WI,,,,,0.0,,50658.129740000004,,,,,,
2009-02-27,NO 15/9-F-4 AH,5693,15/9-F-4,3420717,VOLVE,369304,MÆRSK INSPIRER,24.0,,,injection,WI,,,,,0.0,,50714.73803,,,,,,
2009-02-28,NO 15/9-F-4 AH,5693,15/9-F-4,3420717,VOLVE,369304,MÆRSK INSPIRER,24.0,,,injection,WI,,,,,0.0,,50934.88138,,,,,,
2009-03-01,NO 15/9-F-4 AH,5693,15/9-F-4,3420717,VOLVE,369304,MÆRSK INSPIRER,24.0,,,injection,WI,,,,,0.0,,50658.129740000004,,,,,,
2009-03-02,NO 15/9-F-4 AH,5693,15/9-F-4,3420717,VOLVE,369304,MÆRSK INSPIRER,24.0,,,injection,WI,,,,,0.0,,50475.72525,,,,,,
2009-03-03,NO 15/9-F-4 AH,5693,15/9-F-4,3420717,VOLVE,369304,MÆRSK INSPIRER,24.0,,,injection,WI,,,,,0.0,,52642.367944913036,,,,,,
2009-03-04,NO 15/9-F-4 AH,5693,15/9-F-4,3420717,VOLVE,369304,MÆRSK INSPIRER,20.91667,,,injection,WI,,,,,0.0,,49785.104112,,,,,,
2009-03-05,NO 15/9-F-4 AH,5693,15/9-F-4,3420717,VOLVE,369304,MÆRSK INSPIRER,11.49999,,,injection,WI,,,,,0.0,,25958.674851000003,,,,,,
2009-03-06,NO 15/9-F-4 AH,5693,15/9-F-4,3420717,VOLVE,369304,MÆRSK INSPIRER,24.0,,,injection,WI,,,,,0.0,,48242.8427,,,,,,
2009-03-07,NO 15/9-F-4 AH,5693,15/9-F-4,3420717,VOLVE,369304,MÆRSK INSPIRER,11.35833,,,injection,WI,,,,,0.0,,15825.16196,,,,,,
2009-03-08,NO 15/9-F-4 AH,5693,15/9-F-4,3420717,VOLVE,369304,MÆRSK INSPIRER,0.0,,,injection,WI,,,,,0.0,,,,,,,,
2009-03-09,NO 15/9-F-4 AH,5693,15/9-F-4,3420717,VOLVE,369304,MÆRSK INSPIRER,11.75,,,injection,WI,,,,,0.0,,25215.84829,,,,,,
2009-03-10,NO 15/9-F-4 AH,5693,15/9-F-4,3420717,VOLVE,369304,MÆRSK INSPIRER,0.0,,,injection,WI,,,,,0.0,,,,,,,,
2009-03-11,NO 15/9-F-4 AH,5693,15/9-F-4,3420717,VOLVE,369304,MÆRSK INSPIRER,0.0,,,injection,WI,,,,,0.0,,,,,,,,
2009-03-12,NO 15/9-F-4 AH,5693,15/9-F-4,3420717,VOLVE,369304,MÆRSK INSPIRER,0.0,,,injection,WI,,,,,0.0,,,,,,,,
2009-03-13,NO 15/9-F-4 AH,5693,15/9-F-4,3420717,VOLVE,369304,MÆRSK INSPIRER,0.0,,,injection,WI,,,,,0.0,,,,,,,,
2009-03-14,NO 15/9-F-4 AH,5693,15/9-F-4,3420717,VOLVE,369304,MÆRSK INSPIRER,0.0,,,injection,WI,,,,,0.0,,,,,,,,
2009-03-15,NO 15/9-F-4 AH,5693,15/9-F-4,3420717,VOLVE,369304,MÆRSK INSPIRER,0.0,,,injection,WI,,,,,0.0,,,,,,,,
2009-03-16,NO 15/9-F-4 AH,5693,15/9-F-4,3420717,VOLVE,369304,MÆRSK INSPIRER,0.0,,,injection,WI,,,,,0.0,,,,,,,,
2009-03-17,NO 15/9-F-4 AH,5693,15/9-F-4,3420717,VOLVE,369304,MÆRSK INSPIRER,0.0,,,injection,WI,,,,,0.0,,,,,,,,
2009-03-18,NO 15/9-F-4 AH,5693,15/9-F-4,3420717,VOLVE,369304,MÆRSK INSPIRER,0.0,,,injection,WI,,,,,0.0,,,,,,,,
2009-03-19,NO 15/9-F-4 AH,5693,15/9-F-4,3420717,VOLVE,369304,MÆRSK INSPIRER,0.0,,,injection,WI,,,,,0.0,,,,,,,,
2009-03-20,NO 15/9-F-4 AH,5693,15/9-F-4,3420717,VOLVE,369304,MÆRSK INSPIRER,0.0,,,injection,WI,,,,,0.0,,,,,,,,
2009-03-21,NO 15/9-F-4 AH,5693,15/9-F-4,3420717,VOLVE,369304,MÆRSK INSPIRER,0.0,,,injection,WI,,,,,0.0,,,,,,,,
2009-03-22,NO 15/9-F-4 AH,5693,15/9-F-4,3420717,VOLVE,369304,MÆRSK INSPIRER,0.0,,,injection,WI,,,,,0.0,,,,,,,,
2009-03-23,NO 15/9-F-4 AH,5693,15/9-F-4,3420717,VOLVE,369304,MÆRSK INSPIRER,0.0,,,injection,WI,,,,,0.0,,,,,,,,
2009-03-24,NO 15/9-F-4 AH,5693,15/9-F-4,3420717,VOLVE,369304,MÆRSK INSPIRER,0.0,,,injection,WI,,,,,0.0,,,,,,,,
2009-03-25,NO 15/9-F-4 AH,5693,15/9-F-4,3420717,VOLVE,369304,MÆRSK INSPIRER,0.0,,,injection,WI,,,,,0.0,,,,,,,,
2009-03-26,NO 15/9-F-4 AH,5693,15/9-F-4,3420717,VOLVE,369304,MÆRSK INSPIRER,0.0,,,injection,WI,,,,,0.0,,,,,,,,
2009-03-27,NO 15/9-F-4 AH,5693,15/9-F-4,3420717,VOLVE,369304,MÆRSK INSPIRER,0.0,,,injection,WI,,,,,0.0,,,,,,,,
2009-03-28,NO 15/9-F-4 AH,5693,15/9-F-4,3420717,VOLVE,369304,MÆRSK INSPIRER,8.225,,,injection,WI,,,,,0.0,,18963.77715,,,,,,
2009-03-29,NO 15/9-F-4 AH,5693,15/9-F-4,3420717,VOLVE,369304,MÆRSK INSPIRER,6.525,,,injection,WI,,,,,0.0,,17422.7737,,,,,,
2009-03-30,NO 15/9-F-4 AH,5693,15/9-F-4,3420717,VOLVE,369304,MÆRSK INSPIRER,0.80833,,,injection,WI,,,,,0.0,,1239.09257,,,,,,
2009-03-31,NO 15/9-F-4 AH,5693,15/9-F-4,3420717,VOLVE,369304,MÆRSK INSPIRER,24.0,,,injection,WI,,,,,0.0,,28431.199162,,,,,,
2009-04-01,NO 15/9-F-4 AH,5693,15/9-F-4,3420717,VOLVE,369304,MÆRSK INSPIRER,24.0,,,injection,WI,,,,,0.0,,26039.8134,,,,,,
2009-04-02,NO 15/9-F-4 AH,5693,15/9-F-4,3420717,VOLVE,369304,MÆRSK INSPIRER,24.0,,,injection,WI,,,,,0.0,,25821.2425025,,,,,,
2009-04-03,NO 15/9-F-4 AH,5693,15/9-F-4,3420717,VOLVE,369304,MÆRSK INSPIRER,24.0,,,injection,WI,,,,,0.0,,26017.4845745,,,,,,
2009-04-04,NO 15/9-F-4 AH,5693,15/9-F-4,3420717,VOLVE,369304,MÆRSK INSPIRER,24.0,,,injection,WI,,,,,0.0,,27198.396402,,,,,,
2009-04-05,NO 15/9-F-4 AH,5693,15/9-F-4,3420717,VOLVE,369304,MÆRSK INSPIRER,22.525,,,injection,WI,,,,,0.0,,23832.719071,,,,,,
2009-04-06,NO 15/9-F-4 AH,5693,15/9-F-4,3420717,VOLVE,369304,MÆRSK INSPIRER,0.5,,,injection,WI,,,,,0.0,,4943.17391268045,,,,,,
2009-04-07,NO 15/9-F-4 AH,5693,15/9-F-4,3420717,VOLVE,369304,MÆRSK INSPIRER,0.0,,,injection,WI,,,,,0.0,,0.0,,,,,,
2009-04-08,NO 15/9-F-4 AH,5693,15/9-F-4,3420717,VOLVE,369304,MÆRSK INSPIRER,20.85833,,,injection,WI,,,,,0.0,,38311.232710000004,,,,,,
2009-04-09,NO 15/9-F-4 AH,5693,15/9-F-4,3420717,VOLVE,369304,MÆRSK INSPIRER,16.33333,,,injection,WI,,,,,0.0,,20171.42067,,,,,,
2009-04-10,NO 15/9-F-4 AH,5693,15/9-F-4,3420717,VOLVE,369304,MÆRSK INSPIRER,0.30833,,,injection,WI,,,,,0.0,,1277.7370368438,,,,,,
2009-04-11,NO 15/9-F-4 AH,5693,15/9-F-4,3420717,VOLVE,369304,MÆRSK INSPIRER,0.0,,,injection,WI,,,,,0.0,,,,,,,,
2009-04-12,NO 15/9-F-4 AH,5693,15/9-F-4,3420717,VOLVE,369304,MÆRSK INSPIRER,12.85833,,,injection,WI,,,,,0.0,,15259.07906,,,,,,
2009-04-13,NO 15/9-F-4 AH,5693,15/9-F-4,3420717,VOLVE,369304,MÆRSK INSPIRER,24.0,,,injection,WI,,,,,0.0,,28819.90942,,,,,,
2009-04-14,NO 15/9-F-4 AH,5693,15/9-F-4,3420717,VOLVE,369304,MÆRSK INSPIRER,24.0,,,injection,WI,,,,,0.0,,23301.230126,,,,,,
2009-04-15,NO 15/9-F-4 AH,5693,15/9-F-4,3420717,VOLVE,369304,MÆRSK INSPIRER,3.975,,,injection,WI,,,,,0.0,,4433.687069,,,,,,
2009-04-16,NO 15/9-F-4 AH,5693,15/9-F-4,3420717,VOLVE,369304,MÆRSK INSPIRER,20.52501,,,injection,WI,,,,,0.0,,20152.55124,,,,,,
2009-04-17,NO 15/9-F-4 AH,5693,15/9-F-4,3420717,VOLVE,369304,MÆRSK INSPIRER,24.0,,,injection,WI,,,,,0.0,,28681.5336,,,,,,
2009-04-18,NO 15/9-F-4 AH,5693,15/9-F-4,3420717,VOLVE,369304,MÆRSK INSPIRER,13.14166,,,injection,WI,,,,,0.0,,14466.563,,,,,,
2009-04-19,NO 15/9-F-4 AH,5693,15/9-F-4,3420717,VOLVE,369304,MÆRSK INSPIRER,6.19167,,,injection,WI,,,,,0.0,,7780.49497,,,,,,
2009-04-20,NO 15/9-F-4 AH,5693,15/9-F-4,3420717,VOLVE,369304,MÆRSK INSPIRER,24.0,,,injection,WI,,,,,0.0,,26417.202,,,,,,
2009-04-21,NO 15/9-F-4 AH,5693,15/9-F-4,3420717,VOLVE,369304,MÆRSK INSPIRER,24.0,,,injection,WI,,,,,0.0,,26285.115990000002,,,,,,
2009-04-22,NO 15/9-F-4 AH,5693,15/9-F-4,3420717,VOLVE,369304,MÆRSK INSPIRER,18.58334,,,injection,WI,,,,,0.0,,20246.898390000002,,,,,,
2009-04-23,NO 15/9-F-4 AH,5693,15/9-F-4,3420717,VOLVE,369304,MÆRSK INSPIRER,24.0,,,injection,WI,,,,,0.0,,26410.91219,,,,,,
2009-04-24,NO 15/9-F-4 AH,5693,15/9-F-4,3420717,VOLVE,369304,MÆRSK INSPIRER,24.0,,,injection,WI,,,,,0.0,,26153.02998,,,,,,
2009-04-25,NO 15/9-F-4 AH,5693,15/9-F-4,3420717,VOLVE,369304,MÆRSK INSPIRER,24.0,,,injection,WI,,,,,0.0,,26341.724280000002,,,,,,
2009-04-26,NO 15/9-F-4 AH,5693,15/9-F-4,3420717,VOLVE,369304,MÆRSK INSPIRER,24.0,,,injection,WI,,,,,0.0,,26725.40269,,,,,,
2009-04-27,NO 15/9-F-4 AH,5693,15/9-F-4,3420717,VOLVE,369304,MÆRSK INSPIRER,24.0,,,injection,WI,,,,,0.0,,33065.53117,,,,,,
2009-04-28,NO 15/9-F-4 AH,5693,15/9-F-4,3420717,VOLVE,369304,MÆRSK INSPIRER,24.0,,,injection,WI,,,,,0.0,,37814.33772,,,,,,
2009-04-29,NO 15/9-F-4 AH,5693,15/9-F-4,3420717,VOLVE,369304,MÆRSK INSPIRER,24.0,,,injection,WI,,,,,0.0,,40113.89225600001,,,,,,
2009-04-30,NO 15/9-F-4 AH,5693,15/9-F-4,3420717,VOLVE,369304,MÆRSK INSPIRER,24.0,,,injection,WI,,,,,0.0,,44155.724162,,,,,,
2009-05-01,NO 15/9-F-4 AH,5693,15/9-F-4,3420717,VOLVE,369304,MÆRSK INSPIRER,24.0,,,injection,WI,,,,,0.0,,43297.794078,,,,,,
2009-05-02,NO 15/9-F-4 AH,5693,15/9-F-4,3420717,VOLVE,369304,MÆRSK INSPIRER,24.0,,,injection,WI,,,,,0.0,,43420.445373,,,,,,
2009-05-03,NO 15/9-F-4 AH,5693,15/9-F-4,3420717,VOLVE,369304,MÆRSK INSPIRER,24.0,,,injection,WI,,,,,0.0,,43728.017082,,,,,,
2009-05-04,NO 15/9-F-4 AH,5693,15/9-F-4,3420717,VOLVE,369304,MÆRSK INSPIRER,5.80833,,,injection,WI,,,,,0.0,,10884.516205,,,,,,
2009-05-05,NO 15/9-F-4 AH,5693,15/9-F-4,3420717,VOLVE,369304,MÆRSK INSPIRER,11.69167,,,injection,WI,,,,,0.0,,20872.105504,,,,,,
2009-05-06,NO 15/9-F-4 AH,5693,15/9-F-4,3420717,VOLVE,369304,MÆRSK INSPIRER,24.0,,,injection,WI,,,,,0.0,,39416.352327,,,,,,
2009-05-07,NO 15/9-F-4 AH,5693,15/9-F-4,3420717,VOLVE,369304,MÆRSK INSPIRER,21.0,,,injection,WI,,,,,0.0,,42778.150103192005,,,,,,
2009-05-08,NO 15/9-F-4 AH,5693,15/9-F-4,3420717,VOLVE,369304,MÆRSK INSPIRER,24.0,,,injection,WI,,,,,0.0,,49759.03678068125,,,,,,
2009-05-09,NO 15/9-F-4 AH,5693,15/9-F-4,3420717,VOLVE,369304,MÆRSK INSPIRER,24.0,,,injection,WI,,,,,0.0,,49771.26653,,,,,,
2009-05-10,NO 15/9-F-4 AH,5693,15/9-F-4,3420717,VOLVE,369304,MÆRSK INSPIRER,24.0,,,injection,WI,,,,,0.0,,49949.588684338356,,,,,,
2009-05-11,NO 15/9-F-4 AH,5693,15/9-F-4,3420717,VOLVE,369304,MÆRSK INSPIRER,24.0,,,injection,WI,,,,,0.0,,49764.70482068634,,,,,,
2009-05-12,NO 15/9-F-4 AH,5693,15/9-F-4,3420717,VOLVE,369304,MÆRSK INSPIRER,24.0,,,injection,WI,,,,,0.0,,50524.156787,,,,,,
2009-05-13,NO 15/9-F-4 AH,5693,15/9-F-4,3420717,VOLVE,369304,MÆRSK INSPIRER,24.0,,,injection,WI,,,,,0.0,,51683.36877,,,,,,
2009-05-14,NO 15/9-F-4 AH,5693,15/9-F-4,3420717,VOLVE,369304,MÆRSK INSPIRER,24.0,,,injection,WI,,,,,0.0,,52860.0664248,,,,,,
2009-05-15,NO 15/9-F-4 AH,5693,15/9-F-4,3420717,VOLVE,369304,MÆRSK INSPIRER,24.0,,,injection,WI,,,,,0.0,,53057.692255,,,,,,
2009-05-16,NO 15/9-F-4 AH,5693,15/9-F-4,3420717,VOLVE,369304,MÆRSK INSPIRER,24.0,,,injection,WI,,,,,0.0,,52991.5234538,,,,,,
2009-05-17,NO 15/9-F-4 AH,5693,15/9-F-4,3420717,VOLVE,369304,MÆRSK INSPIRER,24.0,,,injection,WI,,,,,0.0,,53083.165985499996,,,,,,
2009-05-18,NO 15/9-F-4 AH,5693,15/9-F-4,3420717,VOLVE,369304,MÆRSK INSPIRER,24.0,,,injection,WI,,,,,0.0,,52783.3307428,,,,,,
2009-05-19,NO 15/9-F-4 AH,5693,15/9-F-4,3420717,VOLVE,369304,MÆRSK INSPIRER,24.0,,,injection,WI,,,,,0.0,,51010.3591,,,,,,
2009-05-20,NO 15/9-F-4 AH,5693,15/9-F-4,3420717,VOLVE,369304,MÆRSK INSPIRER,24.0,,,injection,WI,,,,,0.0,,53142.60469,,,,,,
2009-05-21,NO 15/9-F-4 AH,5693,15/9-F-4,3420717,VOLVE,369304,MÆRSK INSPIRER,24.0,,,injection,WI,,,,,0.0,,53067.12697,,,,,,
2009-05-22,NO 15/9-F-4 AH,5693,15/9-F-4,3420717,VOLVE,369304,MÆRSK INSPIRER,24.0,,,injection,WI,,,,,0.0,,51941.250980000004,,,,,,
2009-05-23,NO 15/9-F-4 AH,5693,15/9-F-4,3420717,VOLVE,369304,MÆRSK INSPIRER,24.0,,,injection,WI,,,,,0.0,,52645.7097,,,,,,
2009-05-24,NO 15/9-F-4 AH,5693,15/9-F-4,3420717,VOLVE,369304,MÆRSK INSPIRER,24.0,,,injection,WI,,,,,0.0,,53148.8945,,,,,,
2009-05-25,NO 15/9-F-4 AH,5693,15/9-F-4,3420717,VOLVE,369304,MÆRSK INSPIRER,24.0,,,injection,WI,,,,,0.0,,52790.37533,,,,,,
2009-05-26,NO 15/9-F-4 AH,5693,15/9-F-4,3420717,VOLVE,369304,MÆRSK INSPIRER,24.0,,,injection,WI,,,,,0.0,,53013.663585,,,,,,
2009-05-27,NO 15/9-F-4 AH,5693,15/9-F-4,3420717,VOLVE,369304,MÆRSK INSPIRER,24.0,,,injection,WI,,,,,0.0,,53444.51557,,,,,,
2009-05-28,NO 15/9-F-4 AH,5693,15/9-F-4,3420717,VOLVE,369304,MÆRSK INSPIRER,24.0,,,injection,WI,,,,,0.0,,53262.11108,,,,,,
2009-05-29,NO 15/9-F-4 AH,5693,15/9-F-4,3420717,VOLVE,369304,MÆRSK INSPIRER,24.0,,,injection,WI,,,,,0.0,,43003.43097,,,,,,
2009-05-30,NO 15/9-F-4 AH,5693,15/9-F-4,3420717,VOLVE,369304,MÆRSK INSPIRER,24.0,,,injection,WI,,,,,0.0,,37216.80577,,,,,,
2009-05-31,NO 15/9-F-4 AH,5693,15/9-F-4,3420717,VOLVE,369304,MÆRSK INSPIRER,24.0,,,injection,WI,,,,,0.0,,37798.35545693148,,,,,,
2009-06-01,NO 15/9-F-4 AH,5693,15/9-F-4,3420717,VOLVE,369304,MÆRSK INSPIRER,23.5,,,injection,WI,,,,,0.0,,37757.72943,,,,,,
2009-06-02,NO 15/9-F-4 AH,5693,15/9-F-4,3420717,VOLVE,369304,MÆRSK INSPIRER,24.0,,,injection,WI,,,,,0.0,,40607.01336,,,,,,
2009-06-03,NO 15/9-F-4 AH,5693,15/9-F-4,3420717,VOLVE,369304,MÆRSK INSPIRER,24.0,,,injection,WI,,,,,0.0,,29198.853725880876,,,,,,
2009-06-04,NO 15/9-F-4 AH,5693,15/9-F-4,3420717,VOLVE,369304,MÆRSK INSPIRER,24.0,,,injection,WI,,,,,0.0,,24322.69527,,,,,,
2009-06-05,NO 15/9-F-4 AH,5693,15/9-F-4,3420717,VOLVE,369304,MÆRSK INSPIRER,24.0,,,injection,WI,,,,,0.0,,24379.30356,,,,,,
2009-06-06,NO 15/9-F-4 AH,5693,15/9-F-4,3420717,VOLVE,369304,MÆRSK INSPIRER,18.48333,,,injection,WI,,,,,0.0,,17986.340676,,,,,,
2009-06-07,NO 15/9-F-4 AH,5693,15/9-F-4,3420717,VOLVE,369304,MÆRSK INSPIRER,24.0,,,injection,WI,,,,,0.0,,23901.278000000002,,,,,,
2009-06-08,NO 15/9-F-4 AH,5693,15/9-F-4,3420717,VOLVE,369304,MÆRSK INSPIRER,24.0,,,injection,WI,,,,,0.0,,23913.85762,,,,,,
2009-06-09,NO 15/9-F-4 AH,5693,15/9-F-4,3420717,VOLVE,369304,MÆRSK INSPIRER,24.0,,,injection,WI,,,,,0.0,,23551.564564,,,,,,
2009-06-10,NO 15/9-F-4 AH,5693,15/9-F-4,3420717,VOLVE,369304,MÆRSK INSPIRER,24.0,,,injection,WI,,,,,0.0,,25118.356235,,,,,,
2009-06-11,NO 15/9-F-4 AH,5693,15/9-F-4,3420717,VOLVE,369304,MÆRSK INSPIRER,20.83333,,,injection,WI,,,,,0.0,,21569.016452,,,,,,
2009-06-12,NO 15/9-F-4 AH,5693,15/9-F-4,3420717,VOLVE,369304,MÆRSK INSPIRER,24.0,,,injection,WI,,,,,0.0,,23780.513648,,,,,,
2009-06-13,NO 15/9-F-4 AH,5693,15/9-F-4,3420717,VOLVE,369304,MÆRSK INSPIRER,21.33333,,,injection,WI,,,,,0.0,,20875.879390000002,,,,,,
2009-06-14,NO 15/9-F-4 AH,5693,15/9-F-4,3420717,VOLVE,369304,MÆRSK INSPIRER,13.05833,,,injection,WI,,,,,0.0,,16313.880196999999,,,,,,
2009-06-15,NO 15/9-F-4 AH,5693,15/9-F-4,3420717,VOLVE,369304,MÆRSK INSPIRER,17.44167,,,injection,WI,,,,,0.0,,18475.687894000002,,,,,,
2009-06-16,NO 15/9-F-4 AH,5693,15/9-F-4,3420717,VOLVE,369304,MÆRSK INSPIRER,24.0,,,injection,WI,,,,,0.0,,24593.1571,,,,,,
2009-06-17,NO 15/9-F-4 AH,5693,15/9-F-4,3420717,VOLVE,369304,MÆRSK INSPIRER,24.0,,,injection,WI,,,,,0.0,,26090.13188,,,,,,
2009-06-18,NO 15/9-F-4 AH,5693,15/9-F-4,3420717,VOLVE,369304,MÆRSK INSPIRER,24.0,,,injection,WI,,,,,0.0,,28546.125856164494,,,,,,
2009-06-19,NO 15/9-F-4 AH,5693,15/9-F-4,3420717,VOLVE,369304,MÆRSK INSPIRER,24.0,,,injection,WI,,,,,0.0,,29663.70927679636,,,,,,
2009-06-20,NO 15/9-F-4 AH,5693,15/9-F-4,3420717,VOLVE,369304,MÆRSK INSPIRER,24.0,,,injection,WI,,,,,0.0,,29861.658386195453,,,,,,
2009-06-21,NO 15/9-F-4 AH,5693,15/9-F-4,3420717,VOLVE,369304,MÆRSK INSPIRER,24.0,,,injection,WI,,,,,0.0,,28957.26354160888,,,,,,
2009-06-22,NO 15/9-F-4 AH,5693,15/9-F-4,3420717,VOLVE,369304,MÆRSK INSPIRER,24.0,,,injection,WI,,,,,0.0,,30159.63895,,,,,,
2009-06-23,NO 15/9-F-4 AH,5693,15/9-F-4,3420717,VOLVE,369304,MÆRSK INSPIRER,24.0,,,injection,WI,,,,,0.0,,29223.086241000005,,,,,,
2009-06-24,NO 15/9-F-4 AH,5693,15/9-F-4,3420717,VOLVE,369304,MÆRSK INSPIRER,24.0,,,injection,WI,,,,,0.0,,28640.649835,,,,,,
2009-06-25,NO 15/9-F-4 AH,5693,15/9-F-4,3420717,VOLVE,369304,MÆRSK INSPIRER,24.0,,,injection,WI,,,,,0.0,,29225.2247764,,,,,,
2009-06-26,NO 15/9-F-4 AH,5693,15/9-F-4,3420717,VOLVE,369304,MÆRSK INSPIRER,24.0,,,injection,WI,,,,,0.0,,34713.461390000004,,,,,,
2009-06-27,NO 15/9-F-4 AH,5693,15/9-F-4,3420717,VOLVE,369304,MÆRSK INSPIRER,24.0,,,injection,WI,,,,,0.0,,34081.335485,,,,,,
2009-06-28,NO 15/9-F-4 AH,5693,15/9-F-4,3420717,VOLVE,369304,MÆRSK INSPIRER,24.0,,,injection,WI,,,,,0.0,,30311.223371000004,,,,,,
2009-06-29,NO 15/9-F-4 AH,5693,15/9-F-4,3420717,VOLVE,369304,MÆRSK INSPIRER,24.0,,,injection,WI,,,,,0.0,,31449.05,,,,,,
2009-06-30,NO 15/9-F-4 AH,5693,15/9-F-4,3420717,VOLVE,369304,MÆRSK INSPIRER,24.0,,,injection,WI,,,,,0.0,,30332.03330959441,,,,,,
2009-07-01,NO 15/9-F-4 AH,5693,15/9-F-4,3420717,VOLVE,369304,MÆRSK INSPIRER,24.0,,,injection,WI,,,,,0.0,,30033.84275,,,,,,
2009-07-02,NO 15/9-F-4 AH,5693,15/9-F-4,3420717,VOLVE,369304,MÆRSK INSPIRER,24.0,,,injection,WI,,,,,0.0,,29901.75674,,,,,,
2009-07-03,NO 15/9-F-4 AH,5693,15/9-F-4,3420717,VOLVE,369304,MÆRSK INSPIRER,24.0,,,injection,WI,,,,,0.0,,29840.116602,,,,,,
2009-07-04,NO 15/9-F-4 AH,5693,15/9-F-4,3420717,VOLVE,369304,MÆRSK INSPIRER,24.0,,,injection,WI,,,,,0.0,,29713.06244,,,,,,
2009-07-05,NO 15/9-F-4 AH,5693,15/9-F-4,3420717,VOLVE,369304,MÆRSK INSPIRER,24.0,,,injection,WI,,,,,0.0,,29480.33947,,,,,,
2009-07-06,NO 15/9-F-4 AH,5693,15/9-F-4,3420717,VOLVE,369304,MÆRSK INSPIRER,24.0,,,injection,WI,,,,,0.0,,24797.575925,,,,,,
2009-07-07,NO 15/9-F-4 AH,5693,15/9-F-4,3420717,VOLVE,369304,MÆRSK INSPIRER,24.0,,,injection,WI,,,,,0.0,,24712.66349,,,,,,
2009-07-08,NO 15/9-F-4 AH,5693,15/9-F-4,3420717,VOLVE,369304,MÆRSK INSPIRER,24.0,,,injection,WI,,,,,0.0,,23750.32256,,,,,,
2009-07-09,NO 15/9-F-4 AH,5693,15/9-F-4,3420717,VOLVE,369304,MÆRSK INSPIRER,24.0,,,injection,WI,,,,,0.0,,23542.75883,,,,,,
2009-07-10,NO 15/9-F-4 AH,5693,15/9-F-4,3420717,VOLVE,369304,MÆRSK INSPIRER,24.0,,,injection,WI,,,,,0.0,,23429.542250000002,,,,,,
2009-07-11,NO 15/9-F-4 AH,5693,15/9-F-4,3420717,VOLVE,369304,MÆRSK INSPIRER,24.0,,,injection,WI,,,,,0.0,,26404.62238,,,,,,
2009-07-12,NO 15/9-F-4 AH,5693,15/9-F-4,3420717,VOLVE,369304,MÆRSK INSPIRER,24.0,,,injection,WI,,,,,0.0,,28914.25657,,,,,,
2009-07-13,NO 15/9-F-4 AH,5693,15/9-F-4,3420717,VOLVE,369304,MÆRSK INSPIRER,24.0,,,injection,WI,,,,,0.0,,28926.83619,,,,,,
2009-07-14,NO 15/9-F-4 AH,5693,15/9-F-4,3420717,VOLVE,369304,MÆRSK INSPIRER,24.0,,,injection,WI,,,,,0.0,,29373.4127,,,,,,
2009-07-15,NO 15/9-F-4 AH,5693,15/9-F-4,3420717,VOLVE,369304,MÆRSK INSPIRER,24.0,,,injection,WI,,,,,0.0,,29779.105445,,,,,,
2009-07-16,NO 15/9-F-4 AH,5693,15/9-F-4,3420717,VOLVE,369304,MÆRSK INSPIRER,21.5,,,injection,WI,,,,,0.0,,23574.20788,,,,,,
2009-07-17,NO 15/9-F-4 AH,5693,15/9-F-4,3420717,VOLVE,369304,MÆRSK INSPIRER,24.0,,,injection,WI,,,,,0.0,,54517.557156,,,,,,
2009-07-18,NO 15/9-F-4 AH,5693,15/9-F-4,3420717,VOLVE,369304,MÆRSK INSPIRER,24.0,,,injection,WI,,,,,0.0,,52879.061651,,,,,,
2009-07-19,NO 15/9-F-4 AH,5693,15/9-F-4,3420717,VOLVE,369304,MÆRSK INSPIRER,17.33333,,,injection,WI,,,,,0.0,,33317.438060500004,,,,,,
2009-07-20,NO 15/9-F-4 AH,5693,15/9-F-4,3420717,VOLVE,369304,MÆRSK INSPIRER,24.0,,,injection,WI,,,,,0.0,,53494.83405,,,,,,
2009-07-21,NO 15/9-F-4 AH,5693,15/9-F-4,3420717,VOLVE,369304,MÆRSK INSPIRER,24.0,,,injection,WI,,,,,0.0,,52737.540926,,,,,,
2009-07-22,NO 15/9-F-4 AH,5693,15/9-F-4,3420717,VOLVE,369304,MÆRSK INSPIRER,24.0,,,injection,WI,,,,,0.0,,50589.570811000005,,,,,,
2009-07-23,NO 15/9-F-4 AH,5693,15/9-F-4,3420717,VOLVE,369304,MÆRSK INSPIRER,24.0,,,injection,WI,,,,,0.0,,51614.809841,,,,,,
2009-07-24,NO 15/9-F-4 AH,5693,15/9-F-4,3420717,VOLVE,369304,MÆRSK INSPIRER,24.0,,,injection,WI,,,,,0.0,,52187.182551000005,,,,,,
2009-07-25,NO 15/9-F-4 AH,5693,15/9-F-4,3420717,VOLVE,369304,MÆRSK INSPIRER,24.0,,,injection,WI,,,,,0.0,,51531.784349,,,,,,
2009-07-26,NO 15/9-F-4 AH,5693,15/9-F-4,3420717,VOLVE,369304,MÆRSK INSPIRER,24.0,,,injection,WI,,,,,0.0,,52255.741480000004,,,,,,
2009-07-27,NO 15/9-F-4 AH,5693,15/9-F-4,3420717,VOLVE,369304,MÆRSK INSPIRER,24.0,,,injection,WI,,,,,0.0,,52055.72552200001,,,,,,
2009-07-28,NO 15/9-F-4 AH,5693,15/9-F-4,3420717,VOLVE,369304,MÆRSK INSPIRER,24.0,,,injection,WI,,,,,0.0,,52123.65547,,,,,,
2009-07-29,NO 15/9-F-4 AH,5693,15/9-F-4,3420717,VOLVE,369304,MÆRSK INSPIRER,24.0,,,injection,WI,,,,,0.0,,52306.71967196335,,,,,,
2009-07-30,NO 15/9-F-4 AH,5693,15/9-F-4,3420717,VOLVE,369304,MÆRSK INSPIRER,24.0,,,injection,WI,,,,,0.0,,52455.302741083215,,,,,,
2009-07-31,NO 15/9-F-4 AH,5693,15/9-F-4,3420717,VOLVE,369304,MÆRSK INSPIRER,24.0,,,injection,WI,,,,,0.0,,52548.14028950963,,,,,,
2009-08-01,NO 15/9-F-4 AH,5693,15/9-F-4,3420717,VOLVE,369304,MÆRSK INSPIRER,24.0,,,injection,WI,,,,,0.0,,38248.33461,,,,,,
2009-08-02,NO 15/9-F-4 AH,5693,15/9-F-4,3420717,VOLVE,369304,MÆRSK INSPIRER,24.0,,,injection,WI,,,,,0.0,,46248.005517910686,,,,,,
2009-08-03,NO 15/9-F-4 AH,5693,15/9-F-4,3420717,VOLVE,369304,MÆRSK INSPIRER,24.0,,,injection,WI,,,,,0.0,,28653.952287827466,,,,,,
2009-08-04,NO 15/9-F-4 AH,5693,15/9-F-4,3420717,VOLVE,369304,MÆRSK INSPIRER,24.0,,,injection,WI,,,,,0.0,,25278.74639,,,,,,
2009-08-05,NO 15/9-F-4 AH,5693,15/9-F-4,3420717,VOLVE,369304,MÆRSK INSPIRER,24.0,,,injection,WI,,,,,0.0,,27336.4577315,,,,,,
2009-08-06,NO 15/9-F-4 AH,5693,15/9-F-4,3420717,VOLVE,369304,MÆRSK INSPIRER,24.0,,,injection,WI,,,,,0.0,,28139.980958999997,,,,,,
2009-08-07,NO 15/9-F-4 AH,5693,15/9-F-4,3420717,VOLVE,369304,MÆRSK INSPIRER,22.90833,,,injection,WI,,,,,0.0,,29826.27902,,,,,,
2009-08-08,NO 15/9-F-4 AH,5693,15/9-F-4,3420717,VOLVE,369304,MÆRSK INSPIRER,8.25834,,,injection,WI,,,,,0.0,,7837.10326,,,,,,
2009-08-09,NO 15/9-F-4 AH,5693,15/9-F-4,3420717,VOLVE,369304,MÆRSK INSPIRER,24.0,,,injection,WI,,,,,0.0,,27656.294570000002,,,,,,
2009-08-10,NO 15/9-F-4 AH,5693,15/9-F-4,3420717,VOLVE,369304,MÆRSK INSPIRER,24.0,,,injection,WI,,,,,0.0,,34178.82754,,,,,,
2009-08-11,NO 15/9-F-4 AH,5693,15/9-F-4,3420717,VOLVE,369304,MÆRSK INSPIRER,24.0,,,injection,WI,,,,,0.0,,33681.93255,,,,,,
2009-08-12,NO 15/9-F-4 AH,5693,15/9-F-4,3420717,VOLVE,369304,MÆRSK INSPIRER,24.0,,,injection,WI,,,,,0.0,,34542.67043270192,,,,,,
2009-08-13,NO 15/9-F-4 AH,5693,15/9-F-4,3420717,VOLVE,369304,MÆRSK INSPIRER,24.0,,,injection,WI,,,,,0.0,,31700.6424,,,,,,
2009-08-14,NO 15/9-F-4 AH,5693,15/9-F-4,3420717,VOLVE,369304,MÆRSK INSPIRER,24.0,,,injection,WI,,,,,0.0,,25259.87696,,,,,,
2009-08-15,NO 15/9-F-4 AH,5693,15/9-F-4,3420717,VOLVE,369304,MÆRSK INSPIRER,24.0,,,injection,WI,,,,,0.0,,38946.50352,,,,,,
2009-08-16,NO 15/9-F-4 AH,5693,15/9-F-4,3420717,VOLVE,369304,MÆRSK INSPIRER,24.0,,,injection,WI,,,,,0.0,,48475.56567,,,,,,
2009-08-17,NO 15/9-F-4 AH,5693,15/9-F-4,3420717,VOLVE,369304,MÆRSK INSPIRER,24.0,,,injection,WI,,,,,0.0,,50777.63613,,,,,,
2009-08-18,NO 15/9-F-4 AH,5693,15/9-F-4,3420717,VOLVE,369304,MÆRSK INSPIRER,24.0,,,injection,WI,,,,,0.0,,52438.14597,,,,,,
2009-08-19,NO 15/9-F-4 AH,5693,15/9-F-4,3420717,VOLVE,369304,MÆRSK INSPIRER,24.0,,,injection,WI,,,,,0.0,,51991.56946,,,,,,
2009-08-20,NO 15/9-F-4 AH,5693,15/9-F-4,3420717,VOLVE,369304,MÆRSK INSPIRER,24.0,,,injection,WI,,,,,0.0,,51916.09174,,,,,,
2009-08-21,NO 15/9-F-4 AH,5693,15/9-F-4,3420717,VOLVE,369304,MÆRSK INSPIRER,24.0,,,injection,WI,,,,,0.0,,51658.20953,,,,,,
2009-08-22,NO 15/9-F-4 AH,5693,15/9-F-4,3420717,VOLVE,369304,MÆRSK INSPIRER,24.0,,,injection,WI,,,,,0.0,,42776.99781,,,,,,
2009-08-23,NO 15/9-F-4 AH,5693,15/9-F-4,3420717,VOLVE,369304,MÆRSK INSPIRER,24.0,,,injection,WI,,,,,0.0,,50029.148740000004,,,,,,
2009-08-24,NO 15/9-F-4 AH,5693,15/9-F-4,3420717,VOLVE,369304,MÆRSK INSPIRER,24.0,,,injection,WI,,,,,0.0,,51620.47067,,,,,,
2009-08-25,NO 15/9-F-4 AH,5693,15/9-F-4,3420717,VOLVE,369304,MÆRSK INSPIRER,24.0,,,injection,WI,,,,,0.0,,47865.4541,,,,,,
2009-08-26,NO 15/9-F-4 AH,5693,15/9-F-4,3420717,VOLVE,369304,MÆRSK INSPIRER,13.99166,,,injection,WI,,,,,0.0,,23781.77161,,,,,,
2009-08-27,NO 15/9-F-4 AH,5693,15/9-F-4,3420717,VOLVE,369304,MÆRSK INSPIRER,22.17501,,,injection,WI,,,,,0.0,,42959.4023,,,,,,
2009-08-28,NO 15/9-F-4 AH,5693,15/9-F-4,3420717,VOLVE,369304,MÆRSK INSPIRER,24.0,,,injection,WI,,,,,0.0,,47852.87448,,,,,,
2009-08-29,NO 15/9-F-4 AH,5693,15/9-F-4,3420717,VOLVE,369304,MÆRSK INSPIRER,24.0,,,injection,WI,,,,,0.0,,52211.712810000005,,,,,,
2009-08-30,NO 15/9-F-4 AH,5693,15/9-F-4,3420717,VOLVE,369304,MÆRSK INSPIRER,24.0,,,injection,WI,,,,,0.0,,53073.41678,,,,,,
2009-08-31,NO 15/9-F-4 AH,5693,15/9-F-4,3420717,VOLVE,369304,MÆRSK INSPIRER,13.49166,,,injection,WI,,,,,0.0,,30203.66762,,,,,,
2009-09-01,NO 15/9-F-4 AH,5693,15/9-F-4,3420717,VOLVE,369304,MÆRSK INSPIRER,0.0,,,injection,WI,,,,,0.0,,,,,,,,
2009-09-02,NO 15/9-F-4 AH,5693,15/9-F-4,3420717,VOLVE,369304,MÆRSK INSPIRER,0.0,,,injection,WI,,,,,0.0,,,,,,,,
2009-09-03,NO 15/9-F-4 AH,5693,15/9-F-4,3420717,VOLVE,369304,MÆRSK INSPIRER,0.0,,,injection,WI,,,,,0.0,,,,,,,,
2009-09-04,NO 15/9-F-4 AH,5693,15/9-F-4,3420717,VOLVE,369304,MÆRSK INSPIRER,0.0,,,injection,WI,,,,,0.0,,,,,,,,
2009-09-05,NO 15/9-F-4 AH,5693,15/9-F-4,3420717,VOLVE,369304,MÆRSK INSPIRER,19.34167,,,injection,WI,,,,,0.0,,40277.427316,,,,,,
2009-09-06,NO 15/9-F-4 AH,5693,15/9-F-4,3420717,VOLVE,369304,MÆRSK INSPIRER,24.0,,,injection,WI,,,,,0.0,,42793.980297,,,,,,
2009-09-07,NO 15/9-F-4 AH,5693,15/9-F-4,3420717,VOLVE,369304,MÆRSK INSPIRER,24.0,,,injection,WI,,,,,0.0,,44712.372347,,,,,,
2009-09-08,NO 15/9-F-4 AH,5693,15/9-F-4,3420717,VOLVE,369304,MÆRSK INSPIRER,24.0,,,injection,WI,,,,,0.0,,48440.736097407025,,,,,,
2009-09-09,NO 15/9-F-4 AH,5693,15/9-F-4,3420717,VOLVE,369304,MÆRSK INSPIRER,24.0,,,injection,WI,,,,,0.0,,49344.817412,,,,,,
2009-09-10,NO 15/9-F-4 AH,5693,15/9-F-4,3420717,VOLVE,369304,MÆRSK INSPIRER,24.0,,,injection,WI,,,,,0.0,,47305.66101,,,,,,
2009-09-11,NO 15/9-F-4 AH,5693,15/9-F-4,3420717,VOLVE,369304,MÆRSK INSPIRER,24.0,,,injection,WI,,,,,0.0,,36351.96625715942,,,,,,
2009-09-12,NO 15/9-F-4 AH,5693,15/9-F-4,3420717,VOLVE,369304,MÆRSK INSPIRER,24.0,,,injection,WI,,,,,0.0,,47959.801250000004,,,,,,
2009-09-13,NO 15/9-F-4 AH,5693,15/9-F-4,3420717,VOLVE,369304,MÆRSK INSPIRER,24.0,,,injection,WI,,,,,0.0,,53626.87646899595,,,,,,
2009-09-14,NO 15/9-F-4 AH,5693,15/9-F-4,3420717,VOLVE,369304,MÆRSK INSPIRER,24.0,,,injection,WI,,,,,0.0,,50765.68542548114,,,,,,
2009-09-15,NO 15/9-F-4 AH,5693,15/9-F-4,3420717,VOLVE,369304,MÆRSK INSPIRER,23.5,,,injection,WI,,,,,0.0,,52704.20493299999,,,,,,
2009-09-16,NO 15/9-F-4 AH,5693,15/9-F-4,3420717,VOLVE,369304,MÆRSK INSPIRER,24.0,,,injection,WI,,,,,0.0,,50318.48,,,,,,
2009-09-17,NO 15/9-F-4 AH,5693,15/9-F-4,3420717,VOLVE,369304,MÆRSK INSPIRER,24.0,,,injection,WI,,,,,0.0,,45808.68623,,,,,,
2009-09-18,NO 15/9-F-4 AH,5693,15/9-F-4,3420717,VOLVE,369304,MÆRSK INSPIRER,24.0,,,injection,WI,,,,,0.0,,50318.48,,,,,,
2009-09-19,NO 15/9-F-4 AH,5693,15/9-F-4,3420717,VOLVE,369304,MÆRSK INSPIRER,24.0,,,injection,WI,,,,,0.0,,48915.37806329016,,,,,,
2009-09-20,NO 15/9-F-4 AH,5693,15/9-F-4,3420717,VOLVE,369304,MÆRSK INSPIRER,24.0,,,injection,WI,,,,,0.0,,49925.61948294224,,,,,,
2009-09-21,NO 15/9-F-4 AH,5693,15/9-F-4,3420717,VOLVE,369304,MÆRSK INSPIRER,24.0,,,injection,WI,,,,,0.0,,49326.576963,,,,,,
2009-09-22,NO 15/9-F-4 AH,5693,15/9-F-4,3420717,VOLVE,369304,MÆRSK INSPIRER,24.0,,,injection,WI,,,,,0.0,,50362.50867,,,,,,
2009-09-23,NO 15/9-F-4 AH,5693,15/9-F-4,3420717,VOLVE,369304,MÆRSK INSPIRER,24.0,,,injection,WI,,,,,0.0,,50287.03095,,,,,,
2009-09-24,NO 15/9-F-4 AH,5693,15/9-F-4,3420717,VOLVE,369304,MÆRSK INSPIRER,24.0,,,injection,WI,,,,,0.0,,49922.22197,,,,,,
2009-09-25,NO 15/9-F-4 AH,5693,15/9-F-4,3420717,VOLVE,369304,MÆRSK INSPIRER,24.0,,,injection,WI,,,,,0.0,,49305.82059,,,,,,
2009-09-26,NO 15/9-F-4 AH,5693,15/9-F-4,3420717,VOLVE,369304,MÆRSK INSPIRER,10.825,,,injection,WI,,,,,0.0,,21404.223430000002,,,,,,
2009-09-27,NO 15/9-F-4 AH,5693,15/9-F-4,3420717,VOLVE,369304,MÆRSK INSPIRER,0.0,,,injection,WI,,,,,0.0,,,,,,,,
2009-09-28,NO 15/9-F-4 AH,5693,15/9-F-4,3420717,VOLVE,369304,MÆRSK INSPIRER,0.0,,,injection,WI,,,,,0.0,,,,,,,,
2009-09-29,NO 15/9-F-4 AH,5693,15/9-F-4,3420717,VOLVE,369304,MÆRSK INSPIRER,0.0,,,injection,WI,,,,,0.0,,,,,,,,
2009-09-30,NO 15/9-F-4 AH,5693,15/9-F-4,3420717,VOLVE,369304,MÆRSK INSPIRER,0.0,,,injection,WI,,,,,0.0,,,,,,,,
2009-10-01,NO 15/9-F-4 AH,5693,15/9-F-4,3420717,VOLVE,369304,MÆRSK INSPIRER,12.31852,,,injection,WI,,,,,0.0,,17680.65591,,,,,,
2009-10-02,NO 15/9-F-4 AH,5693,15/9-F-4,3420717,VOLVE,369304,MÆRSK INSPIRER,24.0,,,injection,WI,,,,,0.0,,44995.270099738664,,,,,,
2009-10-03,NO 15/9-F-4 AH,5693,15/9-F-4,3420717,VOLVE,369304,MÆRSK INSPIRER,24.0,,,injection,WI,,,,,0.0,,46966.01127,,,,,,
2009-10-04,NO 15/9-F-4 AH,5693,15/9-F-4,3420717,VOLVE,369304,MÆRSK INSPIRER,24.0,,,injection,WI,,,,,0.0,,46708.9005051965,,,,,,
2009-10-05,NO 15/9-F-4 AH,5693,15/9-F-4,3420717,VOLVE,369304,MÆRSK INSPIRER,23.16,,,injection,WI,,,,,0.0,,44689.10005,,,,,,
2009-10-06,NO 15/9-F-4 AH,5693,15/9-F-4,3420717,VOLVE,369304,MÆRSK INSPIRER,24.0,,,injection,WI,,,,,0.0,,35315.26674174417,,,,,,
2009-10-07,NO 15/9-F-4 AH,5693,15/9-F-4,3420717,VOLVE,369304,MÆRSK INSPIRER,24.0,,,injection,WI,,,,,0.0,,45451.35100928158,,,,,,
2009-10-08,NO 15/9-F-4 AH,5693,15/9-F-4,3420717,VOLVE,369304,MÆRSK INSPIRER,24.0,,,injection,WI,,,,,0.0,,40619.195737876806,,,,,,
2009-10-09,NO 15/9-F-4 AH,5693,15/9-F-4,3420717,VOLVE,369304,MÆRSK INSPIRER,24.0,,,injection,WI,,,,,0.0,,34852.91227349784,,,,,,
2009-10-10,NO 15/9-F-4 AH,5693,15/9-F-4,3420717,VOLVE,369304,MÆRSK INSPIRER,24.0,,,injection,WI,,,,,0.0,,34846.88073095871,,,,,,
2009-10-11,NO 15/9-F-4 AH,5693,15/9-F-4,3420717,VOLVE,369304,MÆRSK INSPIRER,24.0,,,injection,WI,,,,,0.0,,35597.23520912514,,,,,,
2009-10-12,NO 15/9-F-4 AH,5693,15/9-F-4,3420717,VOLVE,369304,MÆRSK INSPIRER,24.0,,,injection,WI,,,,,0.0,,31722.87594012001,,,,,,
2009-10-13,NO 15/9-F-4 AH,5693,15/9-F-4,3420717,VOLVE,369304,MÆRSK INSPIRER,19.66666,,,injection,WI,,,,,0.0,,27523.172932044803,,,,,,
2009-10-14,NO 15/9-F-4 AH,5693,15/9-F-4,3420717,VOLVE,369304,MÆRSK INSPIRER,24.0,,,injection,WI,,,,,0.0,,25913.564916797804,,,,,,
2009-10-15,NO 15/9-F-4 AH,5693,15/9-F-4,3420717,VOLVE,369304,MÆRSK INSPIRER,18.33334,,,injection,WI,,,,,0.0,,31626.136526819162,,,,,,
2009-10-16,NO 15/9-F-4 AH,5693,15/9-F-4,3420717,VOLVE,369304,MÆRSK INSPIRER,24.0,,,injection,WI,,,,,0.0,,41263.068875973295,,,,,,
2009-10-17,NO 15/9-F-4 AH,5693,15/9-F-4,3420717,VOLVE,369304,MÆRSK INSPIRER,6.15833,,,injection,WI,,,,,0.0,,10497.69289,,,,,,
2009-10-18,NO 15/9-F-4 AH,5693,15/9-F-4,3420717,VOLVE,369304,MÆRSK INSPIRER,21.34167,,,injection,WI,,,,,0.0,,37556.45551,,,,,,
2009-10-19,NO 15/9-F-4 AH,5693,15/9-F-4,3420717,VOLVE,369304,MÆRSK INSPIRER,17.33334,,,injection,WI,,,,,0.0,,28750.72151,,,,,,
2009-10-20,NO 15/9-F-4 AH,5693,15/9-F-4,3420717,VOLVE,369304,MÆRSK INSPIRER,24.0,,,injection,WI,,,,,0.0,,40877.64590854717,,,,,,
2009-10-21,NO 15/9-F-4 AH,5693,15/9-F-4,3420717,VOLVE,369304,MÆRSK INSPIRER,19.83333,,,injection,WI,,,,,0.0,,41270.2596785639,,,,,,
2009-10-22,NO 15/9-F-4 AH,5693,15/9-F-4,3420717,VOLVE,369304,MÆRSK INSPIRER,24.0,,,injection,WI,,,,,0.0,,40657.86142627748,,,,,,
2009-10-23,NO 15/9-F-4 AH,5693,15/9-F-4,3420717,VOLVE,369304,MÆRSK INSPIRER,24.0,,,injection,WI,,,,,0.0,,36566.930515192165,,,,,,
2009-10-24,NO 15/9-F-4 AH,5693,15/9-F-4,3420717,VOLVE,369304,MÆRSK INSPIRER,19.58334,,,injection,WI,,,,,0.0,,34510.4671900899,,,,,,
2009-10-25,NO 15/9-F-4 AH,5693,15/9-F-4,3420717,VOLVE,369304,MÆRSK INSPIRER,23.83333,,,injection,WI,,,,,0.0,,38164.60581583486,,,,,,
2009-10-26,NO 15/9-F-4 AH,5693,15/9-F-4,3420717,VOLVE,369304,MÆRSK INSPIRER,24.0,,,injection,WI,,,,,0.0,,42679.35910414872,,,,,,
2009-10-27,NO 15/9-F-4 AH,5693,15/9-F-4,3420717,VOLVE,369304,MÆRSK INSPIRER,24.0,,,injection,WI,,,,,0.0,,43099.33195859353,,,,,,
2009-10-28,NO 15/9-F-4 AH,5693,15/9-F-4,3420717,VOLVE,369304,MÆRSK INSPIRER,24.0,,,injection,WI,,,,,0.0,,41981.037785500535,,,,,,
2009-10-29,NO 15/9-F-4 AH,5693,15/9-F-4,3420717,VOLVE,369304,MÆRSK INSPIRER,22.16667,,,injection,WI,,,,,0.0,,39569.19471,,,,,,
2009-10-30,NO 15/9-F-4 AH,5693,15/9-F-4,3420717,VOLVE,369304,MÆRSK INSPIRER,24.0,,,injection,WI,,,,,0.0,,42325.74012463203,,,,,,
2009-10-31,NO 15/9-F-4 AH,5693,15/9-F-4,3420717,VOLVE,369304,MÆRSK INSPIRER,24.0,,,injection,WI,,,,,0.0,,41125.23349217302,,,,,,
2009-11-01,NO 15/9-F-4 AH,5693,15/9-F-4,3420717,VOLVE,369304,MÆRSK INSPIRER,24.0,,,injection,WI,,,,,0.0,,43375.07115015424,,,,,,
2009-11-02,NO 15/9-F-4 AH,5693,15/9-F-4,3420717,VOLVE,369304,MÆRSK INSPIRER,24.0,,,injection,WI,,,,,0.0,,43703.79808735163,,,,,,
2009-11-03,NO 15/9-F-4 AH,5693,15/9-F-4,3420717,VOLVE,369304,MÆRSK INSPIRER,24.0,,,injection,WI,,,,,0.0,,43437.42786,,,,,,
2009-11-04,NO 15/9-F-4 AH,5693,15/9-F-4,3420717,VOLVE,369304,MÆRSK INSPIRER,21.16666,,,injection,WI,,,,,0.0,,29121.8203,,,,,,
2009-11-05,NO 15/9-F-4 AH,5693,15/9-F-4,3420717,VOLVE,369304,MÆRSK INSPIRER,24.0,,,injection,WI,,,,,0.0,,42003.35118,,,,,,
2009-11-06,NO 15/9-F-4 AH,5693,15/9-F-4,3420717,VOLVE,369304,MÆRSK INSPIRER,24.0,,,injection,WI,,,,,0.0,,43204.70489,,,,,,
2009-11-07,NO 15/9-F-4 AH,5693,15/9-F-4,3420717,VOLVE,369304,MÆRSK INSPIRER,24.0,,,injection,WI,,,,,0.0,,44028.67,,,,,,
2009-11-08,NO 15/9-F-4 AH,5693,15/9-F-4,3420717,VOLVE,369304,MÆRSK INSPIRER,24.0,,,injection,WI,,,,,0.0,,43387.10938,,,,,,
2009-11-09,NO 15/9-F-4 AH,5693,15/9-F-4,3420717,VOLVE,369304,MÆRSK INSPIRER,22.0,,,injection,WI,,,,,0.0,,37751.43962,,,,,,
2009-11-10,NO 15/9-F-4 AH,5693,15/9-F-4,3420717,VOLVE,369304,MÆRSK INSPIRER,24.0,,,injection,WI,,,,,0.0,,41643.549017176956,,,,,,
2009-11-11,NO 15/9-F-4 AH,5693,15/9-F-4,3420717,VOLVE,369304,MÆRSK INSPIRER,24.0,,,injection,WI,,,,,0.0,,42986.1913843955,,,,,,
2009-11-12,NO 15/9-F-4 AH,5693,15/9-F-4,3420717,VOLVE,369304,MÆRSK INSPIRER,24.0,,,injection,WI,,,,,0.0,,43096.76674213879,,,,,,
2009-11-13,NO 15/9-F-4 AH,5693,15/9-F-4,3420717,VOLVE,369304,MÆRSK INSPIRER,24.0,,,injection,WI,,,,,0.0,,45992.72968462,,,,,,
2009-11-14,NO 15/9-F-4 AH,5693,15/9-F-4,3420717,VOLVE,369304,MÆRSK INSPIRER,24.0,,,injection,WI,,,,,0.0,,43827.39608,,,,,,
2009-11-15,NO 15/9-F-4 AH,5693,15/9-F-4,3420717,VOLVE,369304,MÆRSK INSPIRER,24.0,,,injection,WI,,,,,0.0,,45516.210065,,,,,,
2009-11-16,NO 15/9-F-4 AH,5693,15/9-F-4,3420717,VOLVE,369304,MÆRSK INSPIRER,24.0,,,injection,WI,,,,,0.0,,43984.64133,,,,,,
2009-11-17,NO 15/9-F-4 AH,5693,15/9-F-4,3420717,VOLVE,369304,MÆRSK INSPIRER,24.0,,,injection,WI,,,,,0.0,,42637.2272875306,,,,,,
2009-11-18,NO 15/9-F-4 AH,5693,15/9-F-4,3420717,VOLVE,369304,MÆRSK INSPIRER,24.0,,,injection,WI,,,,,0.0,,43984.64133,,,,,,
2009-11-19,NO 15/9-F-4 AH,5693,15/9-F-4,3420717,VOLVE,369304,MÆRSK INSPIRER,24.0,,,injection,WI,,,,,0.0,,42839.89591,,,,,,
2009-11-20,NO 15/9-F-4 AH,5693,15/9-F-4,3420717,VOLVE,369304,MÆRSK INSPIRER,21.5,,,injection,WI,,,,,0.0,,37392.92045,,,,,,
2009-11-21,NO 15/9-F-4 AH,5693,15/9-F-4,3420717,VOLVE,369304,MÆRSK INSPIRER,24.0,,,injection,WI,,,,,0.0,,42173.17605,,,,,,
2009-11-22,NO 15/9-F-4 AH,5693,15/9-F-4,3420717,VOLVE,369304,MÆRSK INSPIRER,24.0,,,injection,WI,,,,,0.0,,40984.40196,,,,,,
2009-11-23,NO 15/9-F-4 AH,5693,15/9-F-4,3420717,VOLVE,369304,MÆRSK INSPIRER,21.58333,,,injection,WI,,,,,0.0,,34009.00267,,,,,,
2009-11-24,NO 15/9-F-4 AH,5693,15/9-F-4,3420717,VOLVE,369304,MÆRSK INSPIRER,20.5,,,injection,WI,,,,,0.0,,38963.87075018498,,,,,,
2009-11-25,NO 15/9-F-4 AH,5693,15/9-F-4,3420717,VOLVE,369304,MÆRSK INSPIRER,24.0,,,injection,WI,,,,,0.0,,41800.16879929792,,,,,,
2009-11-26,NO 15/9-F-4 AH,5693,15/9-F-4,3420717,VOLVE,369304,MÆRSK INSPIRER,24.0,,,injection,WI,,,,,0.0,,50459.22659746161,,,,,,
2009-11-27,NO 15/9-F-4 AH,5693,15/9-F-4,3420717,VOLVE,369304,MÆRSK INSPIRER,24.0,,,injection,WI,,,,,0.0,,48909.56256,,,,,,
2009-11-28,NO 15/9-F-4 AH,5693,15/9-F-4,3420717,VOLVE,369304,MÆRSK INSPIRER,24.0,,,injection,WI,,,,,0.0,,47551.11543732377,,,,,,
2009-11-29,NO 15/9-F-4 AH,5693,15/9-F-4,3420717,VOLVE,369304,MÆRSK INSPIRER,23.5,,,injection,WI,,,,,0.0,,45718.23793535206,,,,,,
2009-11-30,NO 15/9-F-4 AH,5693,15/9-F-4,3420717,VOLVE,369304,MÆRSK INSPIRER,24.0,,,injection,WI,,,,,0.0,,47846.584670000004,,,,,,
2009-12-01,NO 15/9-F-4 AH,5693,15/9-F-4,3420717,VOLVE,369304,MÆRSK INSPIRER,24.0,,,injection,WI,,,,,0.0,,47883.39112987598,,,,,,
2009-12-02,NO 15/9-F-4 AH,5693,15/9-F-4,3420717,VOLVE,369304,MÆRSK INSPIRER,24.0,,,injection,WI,,,,,0.0,,48995.1054514846,,,,,,
2009-12-03,NO 15/9-F-4 AH,5693,15/9-F-4,3420717,VOLVE,369304,MÆRSK INSPIRER,24.0,,,injection,WI,,,,,0.0,,47023.590156305625,,,,,,
2009-12-04,NO 15/9-F-4 AH,5693,15/9-F-4,3420717,VOLVE,369304,MÆRSK INSPIRER,24.0,,,injection,WI,,,,,0.0,,48799.67025989819,,,,,,
2009-12-05,NO 15/9-F-4 AH,5693,15/9-F-4,3420717,VOLVE,369304,MÆRSK INSPIRER,24.0,,,injection,WI,,,,,0.0,,49039.9027873713,,,,,,
2009-12-06,NO 15/9-F-4 AH,5693,15/9-F-4,3420717,VOLVE,369304,MÆRSK INSPIRER,24.0,,,injection,WI,,,,,0.0,,51183.871420906835,,,,,,
2009-12-07,NO 15/9-F-4 AH,5693,15/9-F-4,3420717,VOLVE,369304,MÆRSK INSPIRER,24.0,,,injection,WI,,,,,0.0,,51135.15581774195,,,,,,
2009-12-08,NO 15/9-F-4 AH,5693,15/9-F-4,3420717,VOLVE,369304,MÆRSK INSPIRER,24.0,,,injection,WI,,,,,0.0,,51693.378187560455,,,,,,
2009-12-09,NO 15/9-F-4 AH,5693,15/9-F-4,3420717,VOLVE,369304,MÆRSK INSPIRER,24.0,,,injection,WI,,,,,0.0,,51600.00210560184,,,,,,
2009-12-10,NO 15/9-F-4 AH,5693,15/9-F-4,3420717,VOLVE,369304,MÆRSK INSPIRER,24.0,,,injection,WI,,,,,0.0,,51134.399057941424,,,,,,
2009-12-11,NO 15/9-F-4 AH,5693,15/9-F-4,3420717,VOLVE,369304,MÆRSK INSPIRER,24.0,,,injection,WI,,,,,0.0,,50734.20346011919,,,,,,
2009-12-12,NO 15/9-F-4 AH,5693,15/9-F-4,3420717,VOLVE,369304,MÆRSK INSPIRER,24.0,,,injection,WI,,,,,0.0,,50408.5279561037,,,,,,
2009-12-13,NO 15/9-F-4 AH,5693,15/9-F-4,3420717,VOLVE,369304,MÆRSK INSPIRER,24.0,,,injection,WI,,,,,0.0,,50097.238408552315,,,,,,
2009-12-14,NO 15/9-F-4 AH,5693,15/9-F-4,3420717,VOLVE,369304,MÆRSK INSPIRER,24.0,,,injection,WI,,,,,0.0,,49638.233442342265,,,,,,
2009-12-15,NO 15/9-F-4 AH,5693,15/9-F-4,3420717,VOLVE,369304,MÆRSK INSPIRER,24.0,,,injection,WI,,,,,0.0,,49412.576142199156,,,,,,
2009-12-16,NO 15/9-F-4 AH,5693,15/9-F-4,3420717,VOLVE,369304,MÆRSK INSPIRER,24.0,,,injection,WI,,,,,0.0,,48225.74141683438,,,,,,
2009-12-17,NO 15/9-F-4 AH,5693,15/9-F-4,3420717,VOLVE,369304,MÆRSK INSPIRER,23.0,,,injection,WI,,,,,0.0,,43586.1025426281,,,,,,
2009-12-18,NO 15/9-F-4 AH,5693,15/9-F-4,3420717,VOLVE,369304,MÆRSK INSPIRER,20.5,,,injection,WI,,,,,0.0,,19890.411253940965,,,,,,
2009-12-19,NO 15/9-F-4 AH,5693,15/9-F-4,3420717,VOLVE,369304,MÆRSK INSPIRER,24.0,,,injection,WI,,,,,0.0,,17264.708156566587,,,,,,
2009-12-20,NO 15/9-F-4 AH,5693,15/9-F-4,3420717,VOLVE,369304,MÆRSK INSPIRER,24.0,,,injection,WI,,,,,0.0,,27595.312757584405,,,,,,
2009-12-21,NO 15/9-F-4 AH,5693,15/9-F-4,3420717,VOLVE,369304,MÆRSK INSPIRER,24.0,,,injection,WI,,,,,0.0,,31572.402100388692,,,,,,
2009-12-22,NO 15/9-F-4 AH,5693,15/9-F-4,3420717,VOLVE,369304,MÆRSK INSPIRER,24.0,,,injection,WI,,,,,0.0,,45431.29763,,,,,,
2009-12-23,NO 15/9-F-4 AH,5693,15/9-F-4,3420717,VOLVE,369304,MÆRSK INSPIRER,24.0,,,injection,WI,,,,,0.0,,44991.79696231419,,,,,,
2009-12-24,NO 15/9-F-4 AH,5693,15/9-F-4,3420717,VOLVE,369304,MÆRSK INSPIRER,24.0,,,injection,WI,,,,,0.0,,45066.48865,,,,,,
2009-12-25,NO 15/9-F-4 AH,5693,15/9-F-4,3420717,VOLVE,369304,MÆRSK INSPIRER,24.0,,,injection,WI,,,,,0.0,,39078.92649870849,,,,,,
2009-12-26,NO 15/9-F-4 AH,5693,15/9-F-4,3420717,VOLVE,369304,MÆRSK INSPIRER,24.0,,,injection,WI,,,,,0.0,,43538.06482,,,,,,
2009-12-27,NO 15/9-F-4 AH,5693,15/9-F-4,3420717,VOLVE,369304,MÆRSK INSPIRER,24.0,,,injection,WI,,,,,0.0,,43808.52665,,,,,,
2009-12-28,NO 15/9-F-4 AH,5693,15/9-F-4,3420717,VOLVE,369304,MÆRSK INSPIRER,24.0,,,injection,WI,,,,,0.0,,45506.77535,,,,,,
2009-12-29,NO 15/9-F-4 AH,5693,15/9-F-4,3420717,VOLVE,369304,MÆRSK INSPIRER,24.0,,,injection,WI,,,,,0.0,,45417.043055873415,,,,,,
2009-12-30,NO 15/9-F-4 AH,5693,15/9-F-4,3420717,VOLVE,369304,MÆRSK INSPIRER,24.0,,,injection,WI,,,,,0.0,,45176.887499950164,,,,,,
2009-12-31,NO 15/9-F-4 AH,5693,15/9-F-4,3420717,VOLVE,369304,MÆRSK INSPIRER,24.0,,,injection,WI,,,,,0.0,,45867.45722006379,,,,,,
2010-01-01,NO 15/9-F-4 AH,5693,15/9-F-4,3420717,VOLVE,369304,MÆRSK INSPIRER,24.0,,,injection,WI,,,,,0.0,,44109.283524145154,,,,,,
2010-01-02,NO 15/9-F-4 AH,5693,15/9-F-4,3420717,VOLVE,369304,MÆRSK INSPIRER,24.0,,,injection,WI,,,,,0.0,,41936.965540221005,,,,,,
2010-01-03,NO 15/9-F-4 AH,5693,15/9-F-4,3420717,VOLVE,369304,MÆRSK INSPIRER,24.0,,,injection,WI,,,,,0.0,,41114.568996142574,,,,,,
2010-01-04,NO 15/9-F-4 AH,5693,15/9-F-4,3420717,VOLVE,369304,MÆRSK INSPIRER,24.0,,,injection,WI,,,,,0.0,,40267.28885774589,,,,,,
2010-01-05,NO 15/9-F-4 AH,5693,15/9-F-4,3420717,VOLVE,369304,MÆRSK INSPIRER,24.0,,,injection,WI,,,,,0.0,,40524.23463690196,,,,,,
2010-01-06,NO 15/9-F-4 AH,5693,15/9-F-4,3420717,VOLVE,369304,MÆRSK INSPIRER,24.0,,,injection,WI,,,,,0.0,,40733.211309820355,,,,,,
2010-01-07,NO 15/9-F-4 AH,5693,15/9-F-4,3420717,VOLVE,369304,MÆRSK INSPIRER,24.0,,,injection,WI,,,,,0.0,,39969.8537659202,,,,,,
2010-01-08,NO 15/9-F-4 AH,5693,15/9-F-4,3420717,VOLVE,369304,MÆRSK INSPIRER,24.0,,,injection,WI,,,,,0.0,,41079.03175964725,,,,,,
2010-01-09,NO 15/9-F-4 AH,5693,15/9-F-4,3420717,VOLVE,369304,MÆRSK INSPIRER,17.16667,,,injection,WI,,,,,0.0,,26561.86763,,,,,,
2010-01-10,NO 15/9-F-4 AH,5693,15/9-F-4,3420717,VOLVE,369304,MÆRSK INSPIRER,24.0,,,injection,WI,,,,,0.0,,43049.64086093349,,,,,,
2010-01-11,NO 15/9-F-4 AH,5693,15/9-F-4,3420717,VOLVE,369304,MÆRSK INSPIRER,24.0,,,injection,WI,,,,,0.0,,43610.32306275056,,,,,,
2010-01-12,NO 15/9-F-4 AH,5693,15/9-F-4,3420717,VOLVE,369304,MÆRSK INSPIRER,24.0,,,injection,WI,,,,,0.0,,45796.397511091745,,,,,,
2010-01-13,NO 15/9-F-4 AH,5693,15/9-F-4,3420717,VOLVE,369304,MÆRSK INSPIRER,24.0,,,injection,WI,,,,,0.0,,50456.96033436579,,,,,,
2010-01-14,NO 15/9-F-4 AH,5693,15/9-F-4,3420717,VOLVE,369304,MÆRSK INSPIRER,24.0,,,injection,WI,,,,,0.0,,50895.94859481769,,,,,,
2010-01-15,NO 15/9-F-4 AH,5693,15/9-F-4,3420717,VOLVE,369304,MÆRSK INSPIRER,24.0,,,injection,WI,,,,,0.0,,51814.1798473064,,,,,,
2010-01-16,NO 15/9-F-4 AH,5693,15/9-F-4,3420717,VOLVE,369304,MÆRSK INSPIRER,24.0,,,injection,WI,,,,,0.0,,50971.85378602981,,,,,,
2010-01-17,NO 15/9-F-4 AH,5693,15/9-F-4,3420717,VOLVE,369304,MÆRSK INSPIRER,24.0,,,injection,WI,,,,,0.0,,50604.65061606085,,,,,,
2010-01-18,NO 15/9-F-4 AH,5693,15/9-F-4,3420717,VOLVE,369304,MÆRSK INSPIRER,24.0,,,injection,WI,,,,,0.0,,44673.68437432666,,,,,,
2010-01-19,NO 15/9-F-4 AH,5693,15/9-F-4,3420717,VOLVE,369304,MÆRSK INSPIRER,24.0,,,injection,WI,,,,,0.0,,43292.76223,,,,,,
2010-01-20,NO 15/9-F-4 AH,5693,15/9-F-4,3420717,VOLVE,369304,MÆRSK INSPIRER,24.0,,,injection,WI,,,,,0.0,,44456.37708,,,,,,
2010-01-21,NO 15/9-F-4 AH,5693,15/9-F-4,3420717,VOLVE,369304,MÆRSK INSPIRER,24.0,,,injection,WI,,,,,0.0,,45614.312522473716,,,,,,
2010-01-22,NO 15/9-F-4 AH,5693,15/9-F-4,3420717,VOLVE,369304,MÆRSK INSPIRER,24.0,,,injection,WI,,,,,0.0,,43656.03848944355,,,,,,
2010-01-23,NO 15/9-F-4 AH,5693,15/9-F-4,3420717,VOLVE,369304,MÆRSK INSPIRER,24.0,,,injection,WI,,,,,0.0,,42414.57097367243,,,,,,
2010-01-24,NO 15/9-F-4 AH,5693,15/9-F-4,3420717,VOLVE,369304,MÆRSK INSPIRER,24.0,,,injection,WI,,,,,0.0,,43773.15961576328,,,,,,
2010-01-25,NO 15/9-F-4 AH,5693,15/9-F-4,3420717,VOLVE,369304,MÆRSK INSPIRER,24.0,,,injection,WI,,,,,0.0,,44752.569774484684,,,,,,
2010-01-26,NO 15/9-F-4 AH,5693,15/9-F-4,3420717,VOLVE,369304,MÆRSK INSPIRER,22.0,,,injection,WI,,,,,0.0,,41109.75533780771,,,,,,
2010-01-27,NO 15/9-F-4 AH,5693,15/9-F-4,3420717,VOLVE,369304,MÆRSK INSPIRER,24.0,,,injection,WI,,,,,0.0,,51749.38442349914,,,,,,
2010-01-28,NO 15/9-F-4 AH,5693,15/9-F-4,3420717,VOLVE,369304,MÆRSK INSPIRER,24.0,,,injection,WI,,,,,0.0,,52061.54590120329,,,,,,
2010-01-29,NO 15/9-F-4 AH,5693,15/9-F-4,3420717,VOLVE,369304,MÆRSK INSPIRER,24.0,,,injection,WI,,,,,0.0,,52974.42002816785,,,,,,
2010-01-30,NO 15/9-F-4 AH,5693,15/9-F-4,3420717,VOLVE,369304,MÆRSK INSPIRER,24.0,,,injection,WI,,,,,0.0,,53288.02516664999,,,,,,
2010-01-31,NO 15/9-F-4 AH,5693,15/9-F-4,3420717,VOLVE,369304,MÆRSK INSPIRER,24.0,,,injection,WI,,,,,0.0,,53295.47223748151,,,,,,
2010-02-01,NO 15/9-F-4 AH,5693,15/9-F-4,3420717,VOLVE,369304,MÆRSK INSPIRER,24.0,,,injection,WI,,,,,0.0,,53432.43022292545,,,,,,
2010-02-02,NO 15/9-F-4 AH,5693,15/9-F-4,3420717,VOLVE,369304,MÆRSK INSPIRER,24.0,,,injection,WI,,,,,0.0,,52395.51291842298,,,,,,
2010-02-03,NO 15/9-F-4 AH,5693,15/9-F-4,3420717,VOLVE,369304,MÆRSK INSPIRER,24.0,,,injection,WI,,,,,0.0,,49047.309399,,,,,,
2010-02-04,NO 15/9-F-4 AH,5693,15/9-F-4,3420717,VOLVE,369304,MÆRSK INSPIRER,24.0,,,injection,WI,,,,,0.0,,49424.779780944154,,,,,,
2010-02-05,NO 15/9-F-4 AH,5693,15/9-F-4,3420717,VOLVE,369304,MÆRSK INSPIRER,24.0,,,injection,WI,,,,,0.0,,50790.4911978148,,,,,,
2010-02-06,NO 15/9-F-4 AH,5693,15/9-F-4,3420717,VOLVE,369304,MÆRSK INSPIRER,24.0,,,injection,WI,,,,,0.0,,51002.62064585796,,,,,,
2010-02-07,NO 15/9-F-4 AH,5693,15/9-F-4,3420717,VOLVE,369304,MÆRSK INSPIRER,24.0,,,injection,WI,,,,,0.0,,49596.4000968643,,,,,,
2010-02-08,NO 15/9-F-4 AH,5693,15/9-F-4,3420717,VOLVE,369304,MÆRSK INSPIRER,24.0,,,injection,WI,,,,,0.0,,49526.71590644115,,,,,,
2010-02-09,NO 15/9-F-4 AH,5693,15/9-F-4,3420717,VOLVE,369304,MÆRSK INSPIRER,24.0,,,injection,WI,,,,,0.0,,46859.084500000004,,,,,,
2010-02-10,NO 15/9-F-4 AH,5693,15/9-F-4,3420717,VOLVE,369304,MÆRSK INSPIRER,24.0,,,injection,WI,,,,,0.0,,45801.37409786939,,,,,,
2010-02-11,NO 15/9-F-4 AH,5693,15/9-F-4,3420717,VOLVE,369304,MÆRSK INSPIRER,24.0,,,injection,WI,,,,,0.0,,46015.619071090965,,,,,,
2010-02-12,NO 15/9-F-4 AH,5693,15/9-F-4,3420717,VOLVE,369304,MÆRSK INSPIRER,24.0,,,injection,WI,,,,,0.0,,44006.36116954392,,,,,,
2010-02-13,NO 15/9-F-4 AH,5693,15/9-F-4,3420717,VOLVE,369304,MÆRSK INSPIRER,24.0,,,injection,WI,,,,,0.0,,29389.904207052157,,,,,,
2010-02-14,NO 15/9-F-4 AH,5693,15/9-F-4,3420717,VOLVE,369304,MÆRSK INSPIRER,13.59167,,,injection,WI,,,,,0.0,,26260.79951939554,,,,,,
2010-02-15,NO 15/9-F-4 AH,5693,15/9-F-4,3420717,VOLVE,369304,MÆRSK INSPIRER,11.075,,,injection,WI,,,,,0.0,,19743.71359,,,,,,
2010-02-16,NO 15/9-F-4 AH,5693,15/9-F-4,3420717,VOLVE,369304,MÆRSK INSPIRER,24.0,,,injection,WI,,,,,0.0,,49794.79861449828,,,,,,
2010-02-17,NO 15/9-F-4 AH,5693,15/9-F-4,3420717,VOLVE,369304,MÆRSK INSPIRER,24.0,,,injection,WI,,,,,0.0,,48775.25261732548,,,,,,
2010-02-18,NO 15/9-F-4 AH,5693,15/9-F-4,3420717,VOLVE,369304,MÆRSK INSPIRER,19.83334,,,injection,WI,,,,,0.0,,44893.5094663647,,,,,,
2010-02-19,NO 15/9-F-4 AH,5693,15/9-F-4,3420717,VOLVE,369304,MÆRSK INSPIRER,24.0,,,injection,WI,,,,,0.0,,45695.94137002547,,,,,,
2010-02-20,NO 15/9-F-4 AH,5693,15/9-F-4,3420717,VOLVE,369304,MÆRSK INSPIRER,24.0,,,injection,WI,,,,,0.0,,46320.7236571543,,,,,,
2010-02-21,NO 15/9-F-4 AH,5693,15/9-F-4,3420717,VOLVE,369304,MÆRSK INSPIRER,24.0,,,injection,WI,,,,,0.0,,44189.43033259491,,,,,,
2010-02-22,NO 15/9-F-4 AH,5693,15/9-F-4,3420717,VOLVE,369304,MÆRSK INSPIRER,24.0,,,injection,WI,,,,,0.0,,43088.37334973711,,,,,,
2010-02-23,NO 15/9-F-4 AH,5693,15/9-F-4,3420717,VOLVE,369304,MÆRSK INSPIRER,20.33333,,,injection,WI,,,,,0.0,,34241.725640000004,,,,,,
2010-02-24,NO 15/9-F-4 AH,5693,15/9-F-4,3420717,VOLVE,369304,MÆRSK INSPIRER,24.0,,,injection,WI,,,,,0.0,,46594.65689881216,,,,,,
2010-02-25,NO 15/9-F-4 AH,5693,15/9-F-4,3420717,VOLVE,369304,MÆRSK INSPIRER,18.5,,,injection,WI,,,,,0.0,,44776.127943248386,,,,,,
2010-02-26,NO 15/9-F-4 AH,5693,15/9-F-4,3420717,VOLVE,369304,MÆRSK INSPIRER,14.35833,,,injection,WI,,,,,0.0,,29973.1131530913,,,,,,
2010-02-27,NO 15/9-F-4 AH,5693,15/9-F-4,3420717,VOLVE,369304,MÆRSK INSPIRER,18.475,,,injection,WI,,,,,0.0,,26920.244337458713,,,,,,
2010-02-28,NO 15/9-F-4 AH,5693,15/9-F-4,3420717,VOLVE,369304,MÆRSK INSPIRER,0.0,,,injection,WI,,,,,0.0,,0.0,,,,,,
2010-03-01,NO 15/9-F-4 AH,5693,15/9-F-4,3420717,VOLVE,369304,MÆRSK INSPIRER,0.0,,,injection,WI,,,,,0.0,,,,,,,,
2010-03-02,NO 15/9-F-4 AH,5693,15/9-F-4,3420717,VOLVE,369304,MÆRSK INSPIRER,0.0,,,injection,WI,,,,,0.0,,,,,,,,
2010-03-03,NO 15/9-F-4 AH,5693,15/9-F-4,3420717,VOLVE,369304,MÆRSK INSPIRER,23.15834,,,injection,WI,,,,,0.0,,40697.9754506864,,,,,,
2010-03-04,NO 15/9-F-4 AH,5693,15/9-F-4,3420717,VOLVE,369304,MÆRSK INSPIRER,24.0,,,injection,WI,,,,,0.0,,46836.4034281051,,,,,,
2010-03-05,NO 15/9-F-4 AH,5693,15/9-F-4,3420717,VOLVE,369304,MÆRSK INSPIRER,24.0,,,injection,WI,,,,,0.0,,47133.65318674801,,,,,,
2010-03-06,NO 15/9-F-4 AH,5693,15/9-F-4,3420717,VOLVE,369304,MÆRSK INSPIRER,21.825,,,injection,WI,,,,,0.0,,35571.81118301478,,,,,,
2010-03-07,NO 15/9-F-4 AH,5693,15/9-F-4,3420717,VOLVE,369304,MÆRSK INSPIRER,0.0,,,injection,WI,,,,,0.0,,,,,,,,
2010-03-08,NO 15/9-F-4 AH,5693,15/9-F-4,3420717,VOLVE,369304,MÆRSK INSPIRER,0.0,,,injection,WI,,,,,0.0,,,,,,,,
2010-03-09,NO 15/9-F-4 AH,5693,15/9-F-4,3420717,VOLVE,369304,MÆRSK INSPIRER,11.425,,,injection,WI,,,,,0.0,,9082.48564,,,,,,
2010-03-10,NO 15/9-F-4 AH,5693,15/9-F-4,3420717,VOLVE,369304,MÆRSK INSPIRER,24.0,,,injection,WI,,,,,0.0,,20693.42230408463,,,,,,
2010-03-11,NO 15/9-F-4 AH,5693,15/9-F-4,3420717,VOLVE,369304,MÆRSK INSPIRER,23.5,,,injection,WI,,,,,0.0,,18388.085933623246,,,,,,
2010-03-12,NO 15/9-F-4 AH,5693,15/9-F-4,3420717,VOLVE,369304,MÆRSK INSPIRER,15.5,,,injection,WI,,,,,0.0,,15724.525,,,,,,
2010-03-13,NO 15/9-F-4 AH,5693,15/9-F-4,3420717,VOLVE,369304,MÆRSK INSPIRER,24.0,,,injection,WI,,,,,0.0,,47599.31152183831,,,,,,
2010-03-14,NO 15/9-F-4 AH,5693,15/9-F-4,3420717,VOLVE,369304,MÆRSK INSPIRER,24.0,,,injection,WI,,,,,0.0,,48334.997396514154,,,,,,
2010-03-15,NO 15/9-F-4 AH,5693,15/9-F-4,3420717,VOLVE,369304,MÆRSK INSPIRER,24.0,,,injection,WI,,,,,0.0,,48733.42714590341,,,,,,
2010-03-16,NO 15/9-F-4 AH,5693,15/9-F-4,3420717,VOLVE,369304,MÆRSK INSPIRER,24.0,,,injection,WI,,,,,0.0,,48849.4961953601,,,,,,
2010-03-17,NO 15/9-F-4 AH,5693,15/9-F-4,3420717,VOLVE,369304,MÆRSK INSPIRER,24.0,,,injection,WI,,,,,0.0,,36742.86932031117,,,,,,
2010-03-18,NO 15/9-F-4 AH,5693,15/9-F-4,3420717,VOLVE,369304,MÆRSK INSPIRER,24.0,,,injection,WI,,,,,0.0,,25775.203400874045,,,,,,
2010-03-19,NO 15/9-F-4 AH,5693,15/9-F-4,3420717,VOLVE,369304,MÆRSK INSPIRER,24.0,,,injection,WI,,,,,0.0,,25032.580790894426,,,,,,
2010-03-20,NO 15/9-F-4 AH,5693,15/9-F-4,3420717,VOLVE,369304,MÆRSK INSPIRER,24.0,,,injection,WI,,,,,0.0,,24664.583861317617,,,,,,
2010-03-21,NO 15/9-F-4 AH,5693,15/9-F-4,3420717,VOLVE,369304,MÆRSK INSPIRER,24.0,,,injection,WI,,,,,0.0,,24483.49504887625,,,,,,
2010-03-22,NO 15/9-F-4 AH,5693,15/9-F-4,3420717,VOLVE,369304,MÆRSK INSPIRER,24.0,,,injection,WI,,,,,0.0,,24458.57781062638,,,,,,
2010-03-23,NO 15/9-F-4 AH,5693,15/9-F-4,3420717,VOLVE,369304,MÆRSK INSPIRER,24.0,,,injection,WI,,,,,0.0,,41520.54285502789,,,,,,
2010-03-24,NO 15/9-F-4 AH,5693,15/9-F-4,3420717,VOLVE,369304,MÆRSK INSPIRER,24.0,,,injection,WI,,,,,0.0,,56392.72081342347,,,,,,
2010-03-25,NO 15/9-F-4 AH,5693,15/9-F-4,3420717,VOLVE,369304,MÆRSK INSPIRER,24.0,,,injection,WI,,,,,0.0,,56743.4317543225,,,,,,
2010-03-26,NO 15/9-F-4 AH,5693,15/9-F-4,3420717,VOLVE,369304,MÆRSK INSPIRER,24.0,,,injection,WI,,,,,0.0,,55456.56807213099,,,,,,
2010-03-27,NO 15/9-F-4 AH,5693,15/9-F-4,3420717,VOLVE,369304,MÆRSK INSPIRER,24.0,,,injection,WI,,,,,0.0,,54812.78697754159,,,,,,
2010-03-28,NO 15/9-F-4 AH,5693,15/9-F-4,3420717,VOLVE,369304,MÆRSK INSPIRER,23.0,,,injection,WI,,,,,0.0,,49895.03921471465,,,,,,
2010-03-29,NO 15/9-F-4 AH,5693,15/9-F-4,3420717,VOLVE,369304,MÆRSK INSPIRER,24.0,,,injection,WI,,,,,0.0,,52626.797849162685,,,,,,
2010-03-30,NO 15/9-F-4 AH,5693,15/9-F-4,3420717,VOLVE,369304,MÆRSK INSPIRER,24.0,,,injection,WI,,,,,0.0,,52979.59979939528,,,,,,
2010-03-31,NO 15/9-F-4 AH,5693,15/9-F-4,3420717,VOLVE,369304,MÆRSK INSPIRER,24.0,,,injection,WI,,,,,0.0,,53364.14111367068,,,,,,
2010-04-01,NO 15/9-F-4 AH,5693,15/9-F-4,3420717,VOLVE,369304,MÆRSK INSPIRER,12.00001,,,injection,WI,,,,,0.0,,15655.33709,,,,,,
2010-04-02,NO 15/9-F-4 AH,5693,15/9-F-4,3420717,VOLVE,369304,MÆRSK INSPIRER,24.0,,,injection,WI,,,,,0.0,,50847.856725902966,,,,,,
2010-04-03,NO 15/9-F-4 AH,5693,15/9-F-4,3420717,VOLVE,369304,MÆRSK INSPIRER,22.66667,,,injection,WI,,,,,0.0,,48834.50460853682,,,,,,
2010-04-04,NO 15/9-F-4 AH,5693,15/9-F-4,3420717,VOLVE,369304,MÆRSK INSPIRER,24.0,,,injection,WI,,,,,0.0,,51202.284782025235,,,,,,
2010-04-05,NO 15/9-F-4 AH,5693,15/9-F-4,3420717,VOLVE,369304,MÆRSK INSPIRER,24.0,,,injection,WI,,,,,0.0,,51104.70625,,,,,,
2010-04-06,NO 15/9-F-4 AH,5693,15/9-F-4,3420717,VOLVE,369304,MÆRSK INSPIRER,24.0,,,injection,WI,,,,,0.0,,52026.69780380948,,,,,,
2010-04-07,NO 15/9-F-4 AH,5693,15/9-F-4,3420717,VOLVE,369304,MÆRSK INSPIRER,24.0,,,injection,WI,,,,,0.0,,50388.363442431306,,,,,,
2010-04-08,NO 15/9-F-4 AH,5693,15/9-F-4,3420717,VOLVE,369304,MÆRSK INSPIRER,24.0,,,injection,WI,,,,,0.0,,50594.57536646611,,,,,,
2010-04-09,NO 15/9-F-4 AH,5693,15/9-F-4,3420717,VOLVE,369304,MÆRSK INSPIRER,24.0,,,injection,WI,,,,,0.0,,33676.97683883968,,,,,,
2010-04-10,NO 15/9-F-4 AH,5693,15/9-F-4,3420717,VOLVE,369304,MÆRSK INSPIRER,22.94167,,,injection,WI,,,,,0.0,,24686.856288494633,,,,,,
2010-04-11,NO 15/9-F-4 AH,5693,15/9-F-4,3420717,VOLVE,369304,MÆRSK INSPIRER,20.725,,,injection,WI,,,,,0.0,,28900.35838787477,,,,,,
2010-04-12,NO 15/9-F-4 AH,5693,15/9-F-4,3420717,VOLVE,369304,MÆRSK INSPIRER,24.0,,,injection,WI,,,,,0.0,,41884.15613297425,,,,,,
2010-04-13,NO 15/9-F-4 AH,5693,15/9-F-4,3420717,VOLVE,369304,MÆRSK INSPIRER,24.0,,,injection,WI,,,,,0.0,,51721.09930779515,,,,,,
2010-04-14,NO 15/9-F-4 AH,5693,15/9-F-4,3420717,VOLVE,369304,MÆRSK INSPIRER,24.0,,,injection,WI,,,,,0.0,,54480.913501303985,,,,,,
2010-04-15,NO 15/9-F-4 AH,5693,15/9-F-4,3420717,VOLVE,369304,MÆRSK INSPIRER,24.0,,,injection,WI,,,,,0.0,,53988.587494806845,,,,,,
2010-04-16,NO 15/9-F-4 AH,5693,15/9-F-4,3420717,VOLVE,369304,MÆRSK INSPIRER,24.0,,,injection,WI,,,,,0.0,,54246.466345,,,,,,
2010-04-17,NO 15/9-F-4 AH,5693,15/9-F-4,3420717,VOLVE,369304,MÆRSK INSPIRER,22.16667,,,injection,WI,,,,,0.0,,52816.249151120894,,,,,,
2010-04-18,NO 15/9-F-4 AH,5693,15/9-F-4,3420717,VOLVE,369304,MÆRSK INSPIRER,24.0,,,injection,WI,,,,,0.0,,51441.49516557903,,,,,,
2010-04-19,NO 15/9-F-4 AH,5693,15/9-F-4,3420717,VOLVE,369304,MÆRSK INSPIRER,17.66667,,,injection,WI,,,,,0.0,,37914.97468,,,,,,
2010-04-20,NO 15/9-F-4 AH,5693,15/9-F-4,3420717,VOLVE,369304,MÆRSK INSPIRER,19.83333,,,injection,WI,,,,,0.0,,42575.72389,,,,,,
2010-04-21,NO 15/9-F-4 AH,5693,15/9-F-4,3420717,VOLVE,369304,MÆRSK INSPIRER,24.0,,,injection,WI,,,,,0.0,,50139.51784176962,,,,,,
2010-04-22,NO 15/9-F-4 AH,5693,15/9-F-4,3420717,VOLVE,369304,MÆRSK INSPIRER,4.60833,,,injection,WI,,,,,0.0,,9283.75956,,,,,,
2010-04-23,NO 15/9-F-4 AH,5693,15/9-F-4,3420717,VOLVE,369304,MÆRSK INSPIRER,23.225,,,injection,WI,,,,,0.0,,53236.95184,,,,,,
2010-04-24,NO 15/9-F-4 AH,5693,15/9-F-4,3420717,VOLVE,369304,MÆRSK INSPIRER,24.0,,,injection,WI,,,,,0.0,,56312.4635454271,,,,,,
2010-04-25,NO 15/9-F-4 AH,5693,15/9-F-4,3420717,VOLVE,369304,MÆRSK INSPIRER,24.0,,,injection,WI,,,,,0.0,,55986.736302482845,,,,,,
2010-04-26,NO 15/9-F-4 AH,5693,15/9-F-4,3420717,VOLVE,369304,MÆRSK INSPIRER,24.0,,,injection,WI,,,,,0.0,,56823.37365124548,,,,,,
2010-04-27,NO 15/9-F-4 AH,5693,15/9-F-4,3420717,VOLVE,369304,MÆRSK INSPIRER,24.0,,,injection,WI,,,,,0.0,,54565.404609450015,,,,,,
2010-04-28,NO 15/9-F-4 AH,5693,15/9-F-4,3420717,VOLVE,369304,MÆRSK INSPIRER,24.0,,,injection,WI,,,,,0.0,,55355.94253075689,,,,,,
2010-04-29,NO 15/9-F-4 AH,5693,15/9-F-4,3420717,VOLVE,369304,MÆRSK INSPIRER,24.0,,,injection,WI,,,,,0.0,,54957.44320165488,,,,,,
2010-04-30,NO 15/9-F-4 AH,5693,15/9-F-4,3420717,VOLVE,369304,MÆRSK INSPIRER,24.0,,,injection,WI,,,,,0.0,,54670.230586841135,,,,,,
2010-05-01,NO 15/9-F-4 AH,5693,15/9-F-4,3420717,VOLVE,369304,MÆRSK INSPIRER,24.0,,,injection,WI,,,,,0.0,,55458.688824403594,,,,,,
2010-05-02,NO 15/9-F-4 AH,5693,15/9-F-4,3420717,VOLVE,369304,MÆRSK INSPIRER,24.0,,,injection,WI,,,,,0.0,,49701.75048192268,,,,,,
2010-05-03,NO 15/9-F-4 AH,5693,15/9-F-4,3420717,VOLVE,369304,MÆRSK INSPIRER,24.0,,,injection,WI,,,,,0.0,,43926.047605127285,,,,,,
2010-05-04,NO 15/9-F-4 AH,5693,15/9-F-4,3420717,VOLVE,369304,MÆRSK INSPIRER,24.0,,,injection,WI,,,,,0.0,,45963.25321076239,,,,,,
2010-05-05,NO 15/9-F-4 AH,5693,15/9-F-4,3420717,VOLVE,369304,MÆRSK INSPIRER,24.0,,,injection,WI,,,,,0.0,,46893.797270821284,,,,,,
2010-05-06,NO 15/9-F-4 AH,5693,15/9-F-4,3420717,VOLVE,369304,MÆRSK INSPIRER,24.0,,,injection,WI,,,,,0.0,,50940.10893936928,,,,,,
2010-05-07,NO 15/9-F-4 AH,5693,15/9-F-4,3420717,VOLVE,369304,MÆRSK INSPIRER,24.0,,,injection,WI,,,,,0.0,,49186.95224356791,,,,,,
2010-05-08,NO 15/9-F-4 AH,5693,15/9-F-4,3420717,VOLVE,369304,MÆRSK INSPIRER,24.0,,,injection,WI,,,,,0.0,,50727.23866046942,,,,,,
2010-05-09,NO 15/9-F-4 AH,5693,15/9-F-4,3420717,VOLVE,369304,MÆRSK INSPIRER,24.0,,,injection,WI,,,,,0.0,,50993.41875996851,,,,,,
2010-05-10,NO 15/9-F-4 AH,5693,15/9-F-4,3420717,VOLVE,369304,MÆRSK INSPIRER,24.0,,,injection,WI,,,,,0.0,,51445.4814886014,,,,,,
2010-05-11,NO 15/9-F-4 AH,5693,15/9-F-4,3420717,VOLVE,369304,MÆRSK INSPIRER,24.0,,,injection,WI,,,,,0.0,,51061.118207398045,,,,,,
2010-05-12,NO 15/9-F-4 AH,5693,15/9-F-4,3420717,VOLVE,369304,MÆRSK INSPIRER,24.0,,,injection,WI,,,,,0.0,,50490.89561522108,,,,,,
2010-05-13,NO 15/9-F-4 AH,5693,15/9-F-4,3420717,VOLVE,369304,MÆRSK INSPIRER,24.0,,,injection,WI,,,,,0.0,,51847.979801589165,,,,,,
2010-05-14,NO 15/9-F-4 AH,5693,15/9-F-4,3420717,VOLVE,369304,MÆRSK INSPIRER,24.0,,,injection,WI,,,,,0.0,,55000.17428647264,,,,,,
2010-05-15,NO 15/9-F-4 AH,5693,15/9-F-4,3420717,VOLVE,369304,MÆRSK INSPIRER,24.0,,,injection,WI,,,,,0.0,,53218.08241,,,,,,
2010-05-16,NO 15/9-F-4 AH,5693,15/9-F-4,3420717,VOLVE,369304,MÆRSK INSPIRER,24.0,,,injection,WI,,,,,0.0,,53646.61708354414,,,,,,
2010-05-17,NO 15/9-F-4 AH,5693,15/9-F-4,3420717,VOLVE,369304,MÆRSK INSPIRER,24.0,,,injection,WI,,,,,0.0,,52576.08423936735,,,,,,
2010-05-18,NO 15/9-F-4 AH,5693,15/9-F-4,3420717,VOLVE,369304,MÆRSK INSPIRER,24.0,,,injection,WI,,,,,0.0,,52337.04766160915,,,,,,
2010-05-19,NO 15/9-F-4 AH,5693,15/9-F-4,3420717,VOLVE,369304,MÆRSK INSPIRER,24.0,,,injection,WI,,,,,0.0,,52971.11801681782,,,,,,
2010-05-20,NO 15/9-F-4 AH,5693,15/9-F-4,3420717,VOLVE,369304,MÆRSK INSPIRER,24.0,,,injection,WI,,,,,0.0,,53661.29260320498,,,,,,
2010-05-21,NO 15/9-F-4 AH,5693,15/9-F-4,3420717,VOLVE,369304,MÆRSK INSPIRER,24.0,,,injection,WI,,,,,0.0,,53672.62464332261,,,,,,
2010-05-22,NO 15/9-F-4 AH,5693,15/9-F-4,3420717,VOLVE,369304,MÆRSK INSPIRER,24.0,,,injection,WI,,,,,0.0,,53185.01099916802,,,,,,
2010-05-23,NO 15/9-F-4 AH,5693,15/9-F-4,3420717,VOLVE,369304,MÆRSK INSPIRER,24.0,,,injection,WI,,,,,0.0,,53923.8890022132,,,,,,
2010-05-24,NO 15/9-F-4 AH,5693,15/9-F-4,3420717,VOLVE,369304,MÆRSK INSPIRER,24.0,,,injection,WI,,,,,0.0,,54576.010027129654,,,,,,
2010-05-25,NO 15/9-F-4 AH,5693,15/9-F-4,3420717,VOLVE,369304,MÆRSK INSPIRER,24.0,,,injection,WI,,,,,0.0,,55534.70650231568,,,,,,
2010-05-26,NO 15/9-F-4 AH,5693,15/9-F-4,3420717,VOLVE,369304,MÆRSK INSPIRER,24.0,,,injection,WI,,,,,0.0,,52210.84874604088,,,,,,
2010-05-27,NO 15/9-F-4 AH,5693,15/9-F-4,3420717,VOLVE,369304,MÆRSK INSPIRER,24.0,,,injection,WI,,,,,0.0,,52698.401929396845,,,,,,
2010-05-28,NO 15/9-F-4 AH,5693,15/9-F-4,3420717,VOLVE,369304,MÆRSK INSPIRER,24.0,,,injection,WI,,,,,0.0,,44457.493775488154,,,,,,
2010-05-29,NO 15/9-F-4 AH,5693,15/9-F-4,3420717,VOLVE,369304,MÆRSK INSPIRER,24.0,,,injection,WI,,,,,0.0,,46671.41425313874,,,,,,
2010-05-30,NO 15/9-F-4 AH,5693,15/9-F-4,3420717,VOLVE,369304,MÆRSK INSPIRER,24.0,,,injection,WI,,,,,0.0,,46486.398481688004,,,,,,
2010-05-31,NO 15/9-F-4 AH,5693,15/9-F-4,3420717,VOLVE,369304,MÆRSK INSPIRER,24.0,,,injection,WI,,,,,0.0,,52878.79315211488,,,,,,
2010-06-01,NO 15/9-F-4 AH,5693,15/9-F-4,3420717,VOLVE,369304,MÆRSK INSPIRER,24.0,,,injection,WI,,,,,0.0,,52448.477763909745,,,,,,
2010-06-02,NO 15/9-F-4 AH,5693,15/9-F-4,3420717,VOLVE,369304,MÆRSK INSPIRER,24.0,,,injection,WI,,,,,0.0,,37237.909155748835,,,,,,
2010-06-03,NO 15/9-F-4 AH,5693,15/9-F-4,3420717,VOLVE,369304,MÆRSK INSPIRER,24.0,,,injection,WI,,,,,0.0,,49081.79985386607,,,,,,
2010-06-04,NO 15/9-F-4 AH,5693,15/9-F-4,3420717,VOLVE,369304,MÆRSK INSPIRER,24.0,,,injection,WI,,,,,0.0,,51181.36696532706,,,,,,
2010-06-05,NO 15/9-F-4 AH,5693,15/9-F-4,3420717,VOLVE,369304,MÆRSK INSPIRER,24.0,,,injection,WI,,,,,0.0,,50090.150087517155,,,,,,
2010-06-06,NO 15/9-F-4 AH,5693,15/9-F-4,3420717,VOLVE,369304,MÆRSK INSPIRER,24.0,,,injection,WI,,,,,0.0,,50053.675888164806,,,,,,
2010-06-07,NO 15/9-F-4 AH,5693,15/9-F-4,3420717,VOLVE,369304,MÆRSK INSPIRER,24.0,,,injection,WI,,,,,0.0,,47576.60088914679,,,,,,
2010-06-08,NO 15/9-F-4 AH,5693,15/9-F-4,3420717,VOLVE,369304,MÆRSK INSPIRER,24.0,,,injection,WI,,,,,0.0,,45062.82058088061,,,,,,
2010-06-09,NO 15/9-F-4 AH,5693,15/9-F-4,3420717,VOLVE,369304,MÆRSK INSPIRER,24.0,,,injection,WI,,,,,0.0,,42786.34547665035,,,,,,
2010-06-10,NO 15/9-F-4 AH,5693,15/9-F-4,3420717,VOLVE,369304,MÆRSK INSPIRER,24.0,,,injection,WI,,,,,0.0,,46128.47991778264,,,,,,
2010-06-11,NO 15/9-F-4 AH,5693,15/9-F-4,3420717,VOLVE,369304,MÆRSK INSPIRER,24.0,,,injection,WI,,,,,0.0,,44104.73912069563,,,,,,
2010-06-12,NO 15/9-F-4 AH,5693,15/9-F-4,3420717,VOLVE,369304,MÆRSK INSPIRER,24.0,,,injection,WI,,,,,0.0,,43234.15084910647,,,,,,
2010-06-13,NO 15/9-F-4 AH,5693,15/9-F-4,3420717,VOLVE,369304,MÆRSK INSPIRER,24.0,,,injection,WI,,,,,0.0,,45606.91314412651,,,,,,
2010-06-14,NO 15/9-F-4 AH,5693,15/9-F-4,3420717,VOLVE,369304,MÆRSK INSPIRER,23.0,,,injection,WI,,,,,0.0,,44121.54144013083,,,,,,
2010-06-15,NO 15/9-F-4 AH,5693,15/9-F-4,3420717,VOLVE,369304,MÆRSK INSPIRER,24.0,,,injection,WI,,,,,0.0,,44109.679378579014,,,,,,
2010-06-16,NO 15/9-F-4 AH,5693,15/9-F-4,3420717,VOLVE,369304,MÆRSK INSPIRER,24.0,,,injection,WI,,,,,0.0,,44837.45582111098,,,,,,
2010-06-17,NO 15/9-F-4 AH,5693,15/9-F-4,3420717,VOLVE,369304,MÆRSK INSPIRER,24.0,,,injection,WI,,,,,0.0,,43873.33253585789,,,,,,
2010-06-18,NO 15/9-F-4 AH,5693,15/9-F-4,3420717,VOLVE,369304,MÆRSK INSPIRER,24.0,,,injection,WI,,,,,0.0,,43380.81957,,,,,,
2010-06-19,NO 15/9-F-4 AH,5693,15/9-F-4,3420717,VOLVE,369304,MÆRSK INSPIRER,20.66667,,,injection,WI,,,,,0.0,,34134.79887,,,,,,
2010-06-20,NO 15/9-F-4 AH,5693,15/9-F-4,3420717,VOLVE,369304,MÆRSK INSPIRER,24.0,,,injection,WI,,,,,0.0,,41364.433128013974,,,,,,
2010-06-21,NO 15/9-F-4 AH,5693,15/9-F-4,3420717,VOLVE,369304,MÆRSK INSPIRER,24.0,,,injection,WI,,,,,0.0,,41235.30046160892,,,,,,
2010-06-22,NO 15/9-F-4 AH,5693,15/9-F-4,3420717,VOLVE,369304,MÆRSK INSPIRER,24.0,,,injection,WI,,,,,0.0,,44716.85704049697,,,,,,
2010-06-23,NO 15/9-F-4 AH,5693,15/9-F-4,3420717,VOLVE,369304,MÆRSK INSPIRER,24.0,,,injection,WI,,,,,0.0,,44408.66335839361,,,,,,
2010-06-24,NO 15/9-F-4 AH,5693,15/9-F-4,3420717,VOLVE,369304,MÆRSK INSPIRER,24.0,,,injection,WI,,,,,0.0,,35575.16536,,,,,,
2010-06-25,NO 15/9-F-4 AH,5693,15/9-F-4,3420717,VOLVE,369304,MÆRSK INSPIRER,24.0,,,injection,WI,,,,,0.0,,44173.33563,,,,,,
2010-06-26,NO 15/9-F-4 AH,5693,15/9-F-4,3420717,VOLVE,369304,MÆRSK INSPIRER,24.0,,,injection,WI,,,,,0.0,,39389.42256576235,,,,,,
2010-06-27,NO 15/9-F-4 AH,5693,15/9-F-4,3420717,VOLVE,369304,MÆRSK INSPIRER,24.0,,,injection,WI,,,,,0.0,,43584.725117675705,,,,,,
2010-06-28,NO 15/9-F-4 AH,5693,15/9-F-4,3420717,VOLVE,369304,MÆRSK INSPIRER,24.0,,,injection,WI,,,,,0.0,,42266.537729604104,,,,,,
2010-06-29,NO 15/9-F-4 AH,5693,15/9-F-4,3420717,VOLVE,369304,MÆRSK INSPIRER,24.0,,,injection,WI,,,,,0.0,,43237.99358755993,,,,,,
2010-06-30,NO 15/9-F-4 AH,5693,15/9-F-4,3420717,VOLVE,369304,MÆRSK INSPIRER,24.0,,,injection,WI,,,,,0.0,,44145.09703792397,,,,,,
2010-07-01,NO 15/9-F-4 AH,5693,15/9-F-4,3420717,VOLVE,369304,MÆRSK INSPIRER,24.0,,,injection,WI,,,,,0.0,,41815.34616979489,,,,,,
2010-07-02,NO 15/9-F-4 AH,5693,15/9-F-4,3420717,VOLVE,369304,MÆRSK INSPIRER,24.0,,,injection,WI,,,,,0.0,,40070.09914200526,,,,,,
2010-07-03,NO 15/9-F-4 AH,5693,15/9-F-4,3420717,VOLVE,369304,MÆRSK INSPIRER,24.0,,,injection,WI,,,,,0.0,,33907.947214870896,,,,,,
2010-07-04,NO 15/9-F-4 AH,5693,15/9-F-4,3420717,VOLVE,369304,MÆRSK INSPIRER,24.0,,,injection,WI,,,,,0.0,,39058.10200837657,,,,,,
2010-07-05,NO 15/9-F-4 AH,5693,15/9-F-4,3420717,VOLVE,369304,MÆRSK INSPIRER,24.0,,,injection,WI,,,,,0.0,,40258.54496830271,,,,,,
2010-07-06,NO 15/9-F-4 AH,5693,15/9-F-4,3420717,VOLVE,369304,MÆRSK INSPIRER,24.0,,,injection,WI,,,,,0.0,,39710.43979062863,,,,,,
2010-07-07,NO 15/9-F-4 AH,5693,15/9-F-4,3420717,VOLVE,369304,MÆRSK INSPIRER,24.0,,,injection,WI,,,,,0.0,,39133.951011929734,,,,,,
2010-07-08,NO 15/9-F-4 AH,5693,15/9-F-4,3420717,VOLVE,369304,MÆRSK INSPIRER,24.0,,,injection,WI,,,,,0.0,,42232.71003856961,,,,,,
2010-07-09,NO 15/9-F-4 AH,5693,15/9-F-4,3420717,VOLVE,369304,MÆRSK INSPIRER,24.0,,,injection,WI,,,,,0.0,,43352.06367250052,,,,,,
2010-07-10,NO 15/9-F-4 AH,5693,15/9-F-4,3420717,VOLVE,369304,MÆRSK INSPIRER,23.5,,,injection,WI,,,,,0.0,,36695.582191964255,,,,,,
2010-07-11,NO 15/9-F-4 AH,5693,15/9-F-4,3420717,VOLVE,369304,MÆRSK INSPIRER,24.0,,,injection,WI,,,,,0.0,,38802.96765649956,,,,,,
2010-07-12,NO 15/9-F-4 AH,5693,15/9-F-4,3420717,VOLVE,369304,MÆRSK INSPIRER,24.0,,,injection,WI,,,,,0.0,,40778.308277841315,,,,,,
2010-07-13,NO 15/9-F-4 AH,5693,15/9-F-4,3420717,VOLVE,369304,MÆRSK INSPIRER,24.0,,,injection,WI,,,,,0.0,,40935.48289327502,,,,,,
2010-07-14,NO 15/9-F-4 AH,5693,15/9-F-4,3420717,VOLVE,369304,MÆRSK INSPIRER,24.0,,,injection,WI,,,,,0.0,,40388.54995666328,,,,,,
2010-07-15,NO 15/9-F-4 AH,5693,15/9-F-4,3420717,VOLVE,369304,MÆRSK INSPIRER,24.0,,,injection,WI,,,,,0.0,,39625.79033258474,,,,,,
2010-07-16,NO 15/9-F-4 AH,5693,15/9-F-4,3420717,VOLVE,369304,MÆRSK INSPIRER,24.0,,,injection,WI,,,,,0.0,,38477.09271047124,,,,,,
2010-07-17,NO 15/9-F-4 AH,5693,15/9-F-4,3420717,VOLVE,369304,MÆRSK INSPIRER,24.0,,,injection,WI,,,,,0.0,,37869.911498741756,,,,,,
2010-07-18,NO 15/9-F-4 AH,5693,15/9-F-4,3420717,VOLVE,369304,MÆRSK INSPIRER,24.0,,,injection,WI,,,,,0.0,,40842.58203529019,,,,,,
2010-07-19,NO 15/9-F-4 AH,5693,15/9-F-4,3420717,VOLVE,369304,MÆRSK INSPIRER,24.0,,,injection,WI,,,,,0.0,,40380.44084532832,,,,,,
2010-07-20,NO 15/9-F-4 AH,5693,15/9-F-4,3420717,VOLVE,369304,MÆRSK INSPIRER,24.0,,,injection,WI,,,,,0.0,,41329.75836992151,,,,,,
2010-07-21,NO 15/9-F-4 AH,5693,15/9-F-4,3420717,VOLVE,369304,MÆRSK INSPIRER,24.0,,,injection,WI,,,,,0.0,,41526.93713615123,,,,,,
2010-07-22,NO 15/9-F-4 AH,5693,15/9-F-4,3420717,VOLVE,369304,MÆRSK INSPIRER,24.0,,,injection,WI,,,,,0.0,,41034.72668132605,,,,,,
2010-07-23,NO 15/9-F-4 AH,5693,15/9-F-4,3420717,VOLVE,369304,MÆRSK INSPIRER,24.0,,,injection,WI,,,,,0.0,,40920.69392771819,,,,,,
2010-07-24,NO 15/9-F-4 AH,5693,15/9-F-4,3420717,VOLVE,369304,MÆRSK INSPIRER,24.0,,,injection,WI,,,,,0.0,,41659.85246284124,,,,,,
2010-07-25,NO 15/9-F-4 AH,5693,15/9-F-4,3420717,VOLVE,369304,MÆRSK INSPIRER,24.0,,,injection,WI,,,,,0.0,,41651.84508394152,,,,,,
2010-07-26,NO 15/9-F-4 AH,5693,15/9-F-4,3420717,VOLVE,369304,MÆRSK INSPIRER,24.0,,,injection,WI,,,,,0.0,,41214.216693515395,,,,,,
2010-07-27,NO 15/9-F-4 AH,5693,15/9-F-4,3420717,VOLVE,369304,MÆRSK INSPIRER,24.0,,,injection,WI,,,,,0.0,,40873.592043448414,,,,,,
2010-07-28,NO 15/9-F-4 AH,5693,15/9-F-4,3420717,VOLVE,369304,MÆRSK INSPIRER,24.0,,,injection,WI,,,,,0.0,,40411.40589313844,,,,,,
2010-07-29,NO 15/9-F-4 AH,5693,15/9-F-4,3420717,VOLVE,369304,MÆRSK INSPIRER,24.0,,,injection,WI,,,,,0.0,,40224.72361163105,,,,,,
2010-07-30,NO 15/9-F-4 AH,5693,15/9-F-4,3420717,VOLVE,369304,MÆRSK INSPIRER,24.0,,,injection,WI,,,,,0.0,,39962.71659140662,,,,,,
2010-07-31,NO 15/9-F-4 AH,5693,15/9-F-4,3420717,VOLVE,369304,MÆRSK INSPIRER,24.0,,,injection,WI,,,,,0.0,,40496.373033760916,,,,,,
2010-08-01,NO 15/9-F-4 AH,5693,15/9-F-4,3420717,VOLVE,369304,MÆRSK INSPIRER,24.0,,,injection,WI,,,,,0.0,,40424.608870000004,,,,,,
2010-08-02,NO 15/9-F-4 AH,5693,15/9-F-4,3420717,VOLVE,369304,MÆRSK INSPIRER,24.0,,,injection,WI,,,,,0.0,,40094.70288433133,,,,,,
2010-08-03,NO 15/9-F-4 AH,5693,15/9-F-4,3420717,VOLVE,369304,MÆRSK INSPIRER,24.0,,,injection,WI,,,,,0.0,,40369.24210594025,,,,,,
2010-08-04,NO 15/9-F-4 AH,5693,15/9-F-4,3420717,VOLVE,369304,MÆRSK INSPIRER,24.0,,,injection,WI,,,,,0.0,,40346.77457964673,,,,,,
2010-08-05,NO 15/9-F-4 AH,5693,15/9-F-4,3420717,VOLVE,369304,MÆRSK INSPIRER,21.83333,,,injection,WI,,,,,0.0,,35870.78643,,,,,,
2010-08-06,NO 15/9-F-4 AH,5693,15/9-F-4,3420717,VOLVE,369304,MÆRSK INSPIRER,24.0,,,injection,WI,,,,,0.0,,41956.20534437247,,,,,,
2010-08-07,NO 15/9-F-4 AH,5693,15/9-F-4,3420717,VOLVE,369304,MÆRSK INSPIRER,22.0,,,injection,WI,,,,,0.0,,38317.96262080117,,,,,,
2010-08-08,NO 15/9-F-4 AH,5693,15/9-F-4,3420717,VOLVE,369304,MÆRSK INSPIRER,24.0,,,injection,WI,,,,,0.0,,40487.3910317668,,,,,,
2010-08-09,NO 15/9-F-4 AH,5693,15/9-F-4,3420717,VOLVE,369304,MÆRSK INSPIRER,24.0,,,injection,WI,,,,,0.0,,42931.77929162867,,,,,,
2010-08-10,NO 15/9-F-4 AH,5693,15/9-F-4,3420717,VOLVE,369304,MÆRSK INSPIRER,24.0,,,injection,WI,,,,,0.0,,42219.846045776496,,,,,,
2010-08-11,NO 15/9-F-4 AH,5693,15/9-F-4,3420717,VOLVE,369304,MÆRSK INSPIRER,24.0,,,injection,WI,,,,,0.0,,41486.62019572466,,,,,,
2010-08-12,NO 15/9-F-4 AH,5693,15/9-F-4,3420717,VOLVE,369304,MÆRSK INSPIRER,24.0,,,injection,WI,,,,,0.0,,41026.5972250765,,,,,,
2010-08-13,NO 15/9-F-4 AH,5693,15/9-F-4,3420717,VOLVE,369304,MÆRSK INSPIRER,24.0,,,injection,WI,,,,,0.0,,40552.469493092925,,,,,,
2010-08-14,NO 15/9-F-4 AH,5693,15/9-F-4,3420717,VOLVE,369304,MÆRSK INSPIRER,24.0,,,injection,WI,,,,,0.0,,40563.0701056198,,,,,,
2010-08-15,NO 15/9-F-4 AH,5693,15/9-F-4,3420717,VOLVE,369304,MÆRSK INSPIRER,24.0,,,injection,WI,,,,,0.0,,39495.787532553906,,,,,,
2010-08-16,NO 15/9-F-4 AH,5693,15/9-F-4,3420717,VOLVE,369304,MÆRSK INSPIRER,1.75833,,,injection,WI,,,,,0.0,,0.0,,,,,,
2010-08-17,NO 15/9-F-4 AH,5693,15/9-F-4,3420717,VOLVE,369304,MÆRSK INSPIRER,0.0,,,injection,WI,,,,,0.0,,,,,,,,
2010-08-18,NO 15/9-F-4 AH,5693,15/9-F-4,3420717,VOLVE,369304,MÆRSK INSPIRER,0.0,,,injection,WI,,,,,0.0,,,,,,,,
2010-08-19,NO 15/9-F-4 AH,5693,15/9-F-4,3420717,VOLVE,369304,MÆRSK INSPIRER,0.0,,,injection,WI,,,,,0.0,,,,,,,,
2010-08-20,NO 15/9-F-4 AH,5693,15/9-F-4,3420717,VOLVE,369304,MÆRSK INSPIRER,0.0,,,injection,WI,,,,,0.0,,,,,,,,
2010-08-21,NO 15/9-F-4 AH,5693,15/9-F-4,3420717,VOLVE,369304,MÆRSK INSPIRER,0.0,,,injection,WI,,,,,0.0,,,,,,,,
2010-08-22,NO 15/9-F-4 AH,5693,15/9-F-4,3420717,VOLVE,369304,MÆRSK INSPIRER,0.0,,,injection,WI,,,,,0.0,,,,,,,,
2010-08-23,NO 15/9-F-4 AH,5693,15/9-F-4,3420717,VOLVE,369304,MÆRSK INSPIRER,0.0,,,injection,WI,,,,,0.0,,,,,,,,
2010-08-24,NO 15/9-F-4 AH,5693,15/9-F-4,3420717,VOLVE,369304,MÆRSK INSPIRER,0.0,,,injection,WI,,,,,0.0,,,,,,,,
2010-08-25,NO 15/9-F-4 AH,5693,15/9-F-4,3420717,VOLVE,369304,MÆRSK INSPIRER,0.0,,,injection,WI,,,,,0.0,,,,,,,,
2010-08-26,NO 15/9-F-4 AH,5693,15/9-F-4,3420717,VOLVE,369304,MÆRSK INSPIRER,0.0,,,injection,WI,,,,,0.0,,,,,,,,
2010-08-27,NO 15/9-F-4 AH,5693,15/9-F-4,3420717,VOLVE,369304,MÆRSK INSPIRER,0.0,,,injection,WI,,,,,0.0,,,,,,,,
2010-08-28,NO 15/9-F-4 AH,5693,15/9-F-4,3420717,VOLVE,369304,MÆRSK INSPIRER,0.0,,,injection,WI,,,,,0.0,,,,,,,,
2010-08-29,NO 15/9-F-4 AH,5693,15/9-F-4,3420717,VOLVE,369304,MÆRSK INSPIRER,16.34167,,,injection,WI,,,,,0.0,,26107.752696944863,,,,,,
2010-08-30,NO 15/9-F-4 AH,5693,15/9-F-4,3420717,VOLVE,369304,MÆRSK INSPIRER,24.0,,,injection,WI,,,,,0.0,,25885.181258116387,,,,,,
2010-08-31,NO 15/9-F-4 AH,5693,15/9-F-4,3420717,VOLVE,369304,MÆRSK INSPIRER,22.33333,,,injection,WI,,,,,0.0,,25136.3398163637,,,,,,
2010-09-01,NO 15/9-F-4 AH,5693,15/9-F-4,3420717,VOLVE,369304,MÆRSK INSPIRER,18.33333,,,injection,WI,,,,,0.0,,24646.915084400865,,,,,,
2010-09-02,NO 15/9-F-4 AH,5693,15/9-F-4,3420717,VOLVE,369304,MÆRSK INSPIRER,24.0,,,injection,WI,,,,,0.0,,37481.223008725865,,,,,,
2010-09-03,NO 15/9-F-4 AH,5693,15/9-F-4,3420717,VOLVE,369304,MÆRSK INSPIRER,24.0,,,injection,WI,,,,,0.0,,36952.17517960856,,,,,,
2010-09-04,NO 15/9-F-4 AH,5693,15/9-F-4,3420717,VOLVE,369304,MÆRSK INSPIRER,24.0,,,injection,WI,,,,,0.0,,35961.52339023638,,,,,,
2010-09-05,NO 15/9-F-4 AH,5693,15/9-F-4,3420717,VOLVE,369304,MÆRSK INSPIRER,24.0,,,injection,WI,,,,,0.0,,37609.90219555445,,,,,,
2010-09-06,NO 15/9-F-4 AH,5693,15/9-F-4,3420717,VOLVE,369304,MÆRSK INSPIRER,24.0,,,injection,WI,,,,,0.0,,37603.51036614663,,,,,,
2010-09-07,NO 15/9-F-4 AH,5693,15/9-F-4,3420717,VOLVE,369304,MÆRSK INSPIRER,24.0,,,injection,WI,,,,,0.0,,36570.64253566931,,,,,,
2010-09-08,NO 15/9-F-4 AH,5693,15/9-F-4,3420717,VOLVE,369304,MÆRSK INSPIRER,24.0,,,injection,WI,,,,,0.0,,38946.05862863493,,,,,,
2010-09-09,NO 15/9-F-4 AH,5693,15/9-F-4,3420717,VOLVE,369304,MÆRSK INSPIRER,24.0,,,injection,WI,,,,,0.0,,39836.78592968297,,,,,,
2010-09-10,NO 15/9-F-4 AH,5693,15/9-F-4,3420717,VOLVE,369304,MÆRSK INSPIRER,24.0,,,injection,WI,,,,,0.0,,39288.410304593046,,,,,,
2010-09-11,NO 15/9-F-4 AH,5693,15/9-F-4,3420717,VOLVE,369304,MÆRSK INSPIRER,24.0,,,injection,WI,,,,,0.0,,35204.01928111182,,,,,,
2010-09-12,NO 15/9-F-4 AH,5693,15/9-F-4,3420717,VOLVE,369304,MÆRSK INSPIRER,24.0,,,injection,WI,,,,,0.0,,26574.454446590942,,,,,,
2010-09-13,NO 15/9-F-4 AH,5693,15/9-F-4,3420717,VOLVE,369304,MÆRSK INSPIRER,24.0,,,injection,WI,,,,,0.0,,29748.063329982477,,,,,,
2010-09-14,NO 15/9-F-4 AH,5693,15/9-F-4,3420717,VOLVE,369304,MÆRSK INSPIRER,24.0,,,injection,WI,,,,,0.0,,26934.453265565146,,,,,,
2010-09-15,NO 15/9-F-4 AH,5693,15/9-F-4,3420717,VOLVE,369304,MÆRSK INSPIRER,24.0,,,injection,WI,,,,,0.0,,23564.245447320245,,,,,,
2010-09-16,NO 15/9-F-4 AH,5693,15/9-F-4,3420717,VOLVE,369304,MÆRSK INSPIRER,24.0,,,injection,WI,,,,,0.0,,26014.654160000002,,,,,,
2010-09-17,NO 15/9-F-4 AH,5693,15/9-F-4,3420717,VOLVE,369304,MÆRSK INSPIRER,24.0,,,injection,WI,,,,,0.0,,33732.25103,,,,,,
2010-09-18,NO 15/9-F-4 AH,5693,15/9-F-4,3420717,VOLVE,369304,MÆRSK INSPIRER,19.66667,,,injection,WI,,,,,0.0,,24486.230330000002,,,,,,
2010-09-19,NO 15/9-F-4 AH,5693,15/9-F-4,3420717,VOLVE,369304,MÆRSK INSPIRER,24.0,,,injection,WI,,,,,0.0,,27558.393182027463,,,,,,
2010-09-20,NO 15/9-F-4 AH,5693,15/9-F-4,3420717,VOLVE,369304,MÆRSK INSPIRER,24.0,,,injection,WI,,,,,0.0,,27071.34224,,,,,,
2010-09-21,NO 15/9-F-4 AH,5693,15/9-F-4,3420717,VOLVE,369304,MÆRSK INSPIRER,24.0,,,injection,WI,,,,,0.0,,28509.482830449477,,,,,,
2010-09-22,NO 15/9-F-4 AH,5693,15/9-F-4,3420717,VOLVE,369304,MÆRSK INSPIRER,24.0,,,injection,WI,,,,,0.0,,24730.738628379055,,,,,,
2010-09-23,NO 15/9-F-4 AH,5693,15/9-F-4,3420717,VOLVE,369304,MÆRSK INSPIRER,7.49166,,,injection,WI,,,,,0.0,,23097.039259438927,,,,,,
2010-09-24,NO 15/9-F-4 AH,5693,15/9-F-4,3420717,VOLVE,369304,MÆRSK INSPIRER,0.0,,,injection,WI,,,,,0.0,,,,,,,,
2010-09-25,NO 15/9-F-4 AH,5693,15/9-F-4,3420717,VOLVE,369304,MÆRSK INSPIRER,0.0,,,injection,WI,,,,,0.0,,0.0,,,,,,
2010-09-26,NO 15/9-F-4 AH,5693,15/9-F-4,3420717,VOLVE,369304,MÆRSK INSPIRER,22.0,,,injection,WI,,,,,0.0,,34582.065462402104,,,,,,
2010-09-27,NO 15/9-F-4 AH,5693,15/9-F-4,3420717,VOLVE,369304,MÆRSK INSPIRER,24.0,,,injection,WI,,,,,0.0,,42803.247809194545,,,,,,
2010-09-28,NO 15/9-F-4 AH,5693,15/9-F-4,3420717,VOLVE,369304,MÆRSK INSPIRER,24.0,,,injection,WI,,,,,0.0,,43069.155241499,,,,,,
2010-09-29,NO 15/9-F-4 AH,5693,15/9-F-4,3420717,VOLVE,369304,MÆRSK INSPIRER,24.0,,,injection,WI,,,,,0.0,,43623.379867048476,,,,,,
2010-09-30,NO 15/9-F-4 AH,5693,15/9-F-4,3420717,VOLVE,369304,MÆRSK INSPIRER,11.66667,,,injection,WI,,,,,0.0,,27402.371991637076,,,,,,
2010-10-01,NO 15/9-F-4 AH,5693,15/9-F-4,3420717,VOLVE,369304,MÆRSK INSPIRER,24.0,,,injection,WI,,,,,0.0,,30752.12997632832,,,,,,
2010-10-02,NO 15/9-F-4 AH,5693,15/9-F-4,3420717,VOLVE,369304,MÆRSK INSPIRER,24.0,,,injection,WI,,,,,0.0,,53422.42282203533,,,,,,
2010-10-03,NO 15/9-F-4 AH,5693,15/9-F-4,3420717,VOLVE,369304,MÆRSK INSPIRER,24.0,,,injection,WI,,,,,0.0,,55810.37525717703,,,,,,
2010-10-04,NO 15/9-F-4 AH,5693,15/9-F-4,3420717,VOLVE,369304,MÆRSK INSPIRER,23.24999,,,injection,WI,,,,,0.0,,45223.19360794176,,,,,,
2010-10-05,NO 15/9-F-4 AH,5693,15/9-F-4,3420717,VOLVE,369304,MÆRSK INSPIRER,24.0,,,injection,WI,,,,,0.0,,39435.12874119312,,,,,,
2010-10-06,NO 15/9-F-4 AH,5693,15/9-F-4,3420717,VOLVE,369304,MÆRSK INSPIRER,24.0,,,injection,WI,,,,,0.0,,44153.10019216797,,,,,,
2010-10-07,NO 15/9-F-4 AH,5693,15/9-F-4,3420717,VOLVE,369304,MÆRSK INSPIRER,24.0,,,injection,WI,,,,,0.0,,38314.646010365344,,,,,,
2010-10-08,NO 15/9-F-4 AH,5693,15/9-F-4,3420717,VOLVE,369304,MÆRSK INSPIRER,21.16667,,,injection,WI,,,,,0.0,,29847.772746028564,,,,,,
2010-10-09,NO 15/9-F-4 AH,5693,15/9-F-4,3420717,VOLVE,369304,MÆRSK INSPIRER,24.0,,,injection,WI,,,,,0.0,,37540.8895851799,,,,,,
2010-10-10,NO 15/9-F-4 AH,5693,15/9-F-4,3420717,VOLVE,369304,MÆRSK INSPIRER,24.0,,,injection,WI,,,,,0.0,,39212.99851883674,,,,,,
2010-10-11,NO 15/9-F-4 AH,5693,15/9-F-4,3420717,VOLVE,369304,MÆRSK INSPIRER,24.0,,,injection,WI,,,,,0.0,,38836.52993589733,,,,,,
2010-10-12,NO 15/9-F-4 AH,5693,15/9-F-4,3420717,VOLVE,369304,MÆRSK INSPIRER,24.0,,,injection,WI,,,,,0.0,,40165.82373418771,,,,,,
2010-10-13,NO 15/9-F-4 AH,5693,15/9-F-4,3420717,VOLVE,369304,MÆRSK INSPIRER,24.0,,,injection,WI,,,,,0.0,,40844.53373581527,,,,,,
2010-10-14,NO 15/9-F-4 AH,5693,15/9-F-4,3420717,VOLVE,369304,MÆRSK INSPIRER,24.0,,,injection,WI,,,,,0.0,,40875.44647075147,,,,,,
2010-10-15,NO 15/9-F-4 AH,5693,15/9-F-4,3420717,VOLVE,369304,MÆRSK INSPIRER,24.0,,,injection,WI,,,,,0.0,,41684.01596170976,,,,,,
2010-10-16,NO 15/9-F-4 AH,5693,15/9-F-4,3420717,VOLVE,369304,MÆRSK INSPIRER,24.0,,,injection,WI,,,,,0.0,,41241.922726068355,,,,,,
2010-10-17,NO 15/9-F-4 AH,5693,15/9-F-4,3420717,VOLVE,369304,MÆRSK INSPIRER,24.0,,,injection,WI,,,,,0.0,,40797.329828206544,,,,,,
2010-10-18,NO 15/9-F-4 AH,5693,15/9-F-4,3420717,VOLVE,369304,MÆRSK INSPIRER,16.66667,,,injection,WI,,,,,0.0,,37400.68978504997,,,,,,
2010-10-19,NO 15/9-F-4 AH,5693,15/9-F-4,3420717,VOLVE,369304,MÆRSK INSPIRER,24.0,,,injection,WI,,,,,0.0,,41418.39885,,,,,,
2010-10-20,NO 15/9-F-4 AH,5693,15/9-F-4,3420717,VOLVE,369304,MÆRSK INSPIRER,24.0,,,injection,WI,,,,,0.0,,42942.95695360136,,,,,,
2010-10-21,NO 15/9-F-4 AH,5693,15/9-F-4,3420717,VOLVE,369304,MÆRSK INSPIRER,24.0,,,injection,WI,,,,,0.0,,45968.55667634498,,,,,,
2010-10-22,NO 15/9-F-4 AH,5693,15/9-F-4,3420717,VOLVE,369304,MÆRSK INSPIRER,24.0,,,injection,WI,,,,,0.0,,46911.069583093435,,,,,,
2010-10-23,NO 15/9-F-4 AH,5693,15/9-F-4,3420717,VOLVE,369304,MÆRSK INSPIRER,24.0,,,injection,WI,,,,,0.0,,45247.36541460099,,,,,,
2010-10-24,NO 15/9-F-4 AH,5693,15/9-F-4,3420717,VOLVE,369304,MÆRSK INSPIRER,24.0,,,injection,WI,,,,,0.0,,41590.12258218995,,,,,,
2010-10-25,NO 15/9-F-4 AH,5693,15/9-F-4,3420717,VOLVE,369304,MÆRSK INSPIRER,24.0,,,injection,WI,,,,,0.0,,40589.157093905174,,,,,,
2010-10-26,NO 15/9-F-4 AH,5693,15/9-F-4,3420717,VOLVE,369304,MÆRSK INSPIRER,24.0,,,injection,WI,,,,,0.0,,39402.48906947143,,,,,,
2010-10-27,NO 15/9-F-4 AH,5693,15/9-F-4,3420717,VOLVE,369304,MÆRSK INSPIRER,24.0,,,injection,WI,,,,,0.0,,39946.13731267667,,,,,,
2010-10-28,NO 15/9-F-4 AH,5693,15/9-F-4,3420717,VOLVE,369304,MÆRSK INSPIRER,24.0,,,injection,WI,,,,,0.0,,39861.30233013494,,,,,,
2010-10-29,NO 15/9-F-4 AH,5693,15/9-F-4,3420717,VOLVE,369304,MÆRSK INSPIRER,24.0,,,injection,WI,,,,,0.0,,39806.541843481835,,,,,,
2010-10-30,NO 15/9-F-4 AH,5693,15/9-F-4,3420717,VOLVE,369304,MÆRSK INSPIRER,15.49166,,,injection,WI,,,,,0.0,,25555.49803,,,,,,
2010-10-31,NO 15/9-F-4 AH,5693,15/9-F-4,3420717,VOLVE,369304,MÆRSK INSPIRER,0.0,,,injection,WI,,,,,0.0,,,,,,,,
2010-11-01,NO 15/9-F-4 AH,5693,15/9-F-4,3420717,VOLVE,369304,MÆRSK INSPIRER,0.0,,,injection,WI,,,,,0.0,,,,,,,,
2010-11-02,NO 15/9-F-4 AH,5693,15/9-F-4,3420717,VOLVE,369304,MÆRSK INSPIRER,23.675,,,injection,WI,,,,,0.0,,43206.57983125629,,,,,,
2010-11-03,NO 15/9-F-4 AH,5693,15/9-F-4,3420717,VOLVE,369304,MÆRSK INSPIRER,24.0,,,injection,WI,,,,,0.0,,46394.326797562084,,,,,,
2010-11-04,NO 15/9-F-4 AH,5693,15/9-F-4,3420717,VOLVE,369304,MÆRSK INSPIRER,0.24167,,,injection,WI,,,,,0.0,,69.18791,,,,,,
2010-11-05,NO 15/9-F-4 AH,5693,15/9-F-4,3420717,VOLVE,369304,MÆRSK INSPIRER,12.84167,,,injection,WI,,,,,0.0,,24649.76539,,,,,,
2010-11-06,NO 15/9-F-4 AH,5693,15/9-F-4,3420717,VOLVE,369304,MÆRSK INSPIRER,24.0,,,injection,WI,,,,,0.0,,48211.39365,,,,,,
2010-11-07,NO 15/9-F-4 AH,5693,15/9-F-4,3420717,VOLVE,369304,MÆRSK INSPIRER,24.0,,,injection,WI,,,,,0.0,,46790.78982819451,,,,,,
2010-11-08,NO 15/9-F-4 AH,5693,15/9-F-4,3420717,VOLVE,369304,MÆRSK INSPIRER,21.66667,,,injection,WI,,,,,0.0,,38613.14359,,,,,,
2010-11-09,NO 15/9-F-4 AH,5693,15/9-F-4,3420717,VOLVE,369304,MÆRSK INSPIRER,24.0,,,injection,WI,,,,,0.0,,43135.51698,,,,,,
2010-11-10,NO 15/9-F-4 AH,5693,15/9-F-4,3420717,VOLVE,369304,MÆRSK INSPIRER,24.0,,,injection,WI,,,,,0.0,,44016.09038,,,,,,
2010-11-11,NO 15/9-F-4 AH,5693,15/9-F-4,3420717,VOLVE,369304,MÆRSK INSPIRER,24.0,,,injection,WI,,,,,0.0,,43720.46931,,,,,,
2010-11-12,NO 15/9-F-4 AH,5693,15/9-F-4,3420717,VOLVE,369304,MÆRSK INSPIRER,24.0,,,injection,WI,,,,,0.0,,22548.96885,,,,,,
2010-11-13,NO 15/9-F-4 AH,5693,15/9-F-4,3420717,VOLVE,369304,MÆRSK INSPIRER,24.0,,,injection,WI,,,,,0.0,,24498.80995,,,,,,
2010-11-14,NO 15/9-F-4 AH,5693,15/9-F-4,3420717,VOLVE,369304,MÆRSK INSPIRER,24.0,,,injection,WI,,,,,0.0,,25517.148764905534,,,,,,
2010-11-15,NO 15/9-F-4 AH,5693,15/9-F-4,3420717,VOLVE,369304,MÆRSK INSPIRER,14.25,,,injection,WI,,,,,0.0,,15265.36887,,,,,,
2010-11-16,NO 15/9-F-4 AH,5693,15/9-F-4,3420717,VOLVE,369304,MÆRSK INSPIRER,24.0,,,injection,WI,,,,,0.0,,25524.351876283567,,,,,,
2010-11-17,NO 15/9-F-4 AH,5693,15/9-F-4,3420717,VOLVE,369304,MÆRSK INSPIRER,21.58333,,,injection,WI,,,,,0.0,,23110.164742346944,,,,,,
2010-11-18,NO 15/9-F-4 AH,5693,15/9-F-4,3420717,VOLVE,369304,MÆRSK INSPIRER,24.0,,,injection,WI,,,,,0.0,,25090.05209,,,,,,
2010-11-19,NO 15/9-F-4 AH,5693,15/9-F-4,3420717,VOLVE,369304,MÆRSK INSPIRER,24.0,,,injection,WI,,,,,0.0,,25008.28456,,,,,,
2010-11-20,NO 15/9-F-4 AH,5693,15/9-F-4,3420717,VOLVE,369304,MÆRSK INSPIRER,24.0,,,injection,WI,,,,,0.0,,25171.819620000002,,,,,,
2010-11-21,NO 15/9-F-4 AH,5693,15/9-F-4,3420717,VOLVE,369304,MÆRSK INSPIRER,24.0,,,injection,WI,,,,,0.0,,24871.058185742597,,,,,,
2010-11-22,NO 15/9-F-4 AH,5693,15/9-F-4,3420717,VOLVE,369304,MÆRSK INSPIRER,22.58333,,,injection,WI,,,,,0.0,,28285.27557,,,,,,
2010-11-23,NO 15/9-F-4 AH,5693,15/9-F-4,3420717,VOLVE,369304,MÆRSK INSPIRER,24.0,,,injection,WI,,,,,0.0,,50538.40404529133,,,,,,
2010-11-24,NO 15/9-F-4 AH,5693,15/9-F-4,3420717,VOLVE,369304,MÆRSK INSPIRER,24.0,,,injection,WI,,,,,0.0,,52027.752760881354,,,,,,
2010-11-25,NO 15/9-F-4 AH,5693,15/9-F-4,3420717,VOLVE,369304,MÆRSK INSPIRER,24.0,,,injection,WI,,,,,0.0,,52761.05231702339,,,,,,
2010-11-26,NO 15/9-F-4 AH,5693,15/9-F-4,3420717,VOLVE,369304,MÆRSK INSPIRER,24.0,,,injection,WI,,,,,0.0,,52622.178577318504,,,,,,
2010-11-27,NO 15/9-F-4 AH,5693,15/9-F-4,3420717,VOLVE,369304,MÆRSK INSPIRER,24.0,,,injection,WI,,,,,0.0,,52166.144323751636,,,,,,
2010-11-28,NO 15/9-F-4 AH,5693,15/9-F-4,3420717,VOLVE,369304,MÆRSK INSPIRER,24.0,,,injection,WI,,,,,0.0,,51449.25569826454,,,,,,
2010-11-29,NO 15/9-F-4 AH,5693,15/9-F-4,3420717,VOLVE,369304,MÆRSK INSPIRER,24.0,,,injection,WI,,,,,0.0,,52725.734897594164,,,,,,
2010-11-30,NO 15/9-F-4 AH,5693,15/9-F-4,3420717,VOLVE,369304,MÆRSK INSPIRER,24.0,,,injection,WI,,,,,0.0,,45341.04318467551,,,,,,
2010-12-01,NO 15/9-F-4 AH,5693,15/9-F-4,3420717,VOLVE,369304,MÆRSK INSPIRER,24.0,,,injection,WI,,,,,0.0,,38383.4132604933,,,,,,
2010-12-02,NO 15/9-F-4 AH,5693,15/9-F-4,3420717,VOLVE,369304,MÆRSK INSPIRER,24.0,,,injection,WI,,,,,0.0,,40346.66747335507,,,,,,
2010-12-03,NO 15/9-F-4 AH,5693,15/9-F-4,3420717,VOLVE,369304,MÆRSK INSPIRER,24.0,,,injection,WI,,,,,0.0,,41193.56722107786,,,,,,
2010-12-04,NO 15/9-F-4 AH,5693,15/9-F-4,3420717,VOLVE,369304,MÆRSK INSPIRER,24.0,,,injection,WI,,,,,0.0,,41494.46259421846,,,,,,
2010-12-05,NO 15/9-F-4 AH,5693,15/9-F-4,3420717,VOLVE,369304,MÆRSK INSPIRER,24.0,,,injection,WI,,,,,0.0,,41308.5534823638,,,,,,
2010-12-06,NO 15/9-F-4 AH,5693,15/9-F-4,3420717,VOLVE,369304,MÆRSK INSPIRER,24.0,,,injection,WI,,,,,0.0,,41292.06681715497,,,,,,
2010-12-07,NO 15/9-F-4 AH,5693,15/9-F-4,3420717,VOLVE,369304,MÆRSK INSPIRER,24.0,,,injection,WI,,,,,0.0,,41435.399746487645,,,,,,
2010-12-08,NO 15/9-F-4 AH,5693,15/9-F-4,3420717,VOLVE,369304,MÆRSK INSPIRER,24.0,,,injection,WI,,,,,0.0,,36465.59931479266,,,,,,
2010-12-09,NO 15/9-F-4 AH,5693,15/9-F-4,3420717,VOLVE,369304,MÆRSK INSPIRER,13.025,,,injection,WI,,,,,0.0,,18775.08285,,,,,,
2010-12-10,NO 15/9-F-4 AH,5693,15/9-F-4,3420717,VOLVE,369304,MÆRSK INSPIRER,11.975,,,injection,WI,,,,,0.0,,19341.16575,,,,,,
2010-12-11,NO 15/9-F-4 AH,5693,15/9-F-4,3420717,VOLVE,369304,MÆRSK INSPIRER,24.0,,,injection,WI,,,,,0.0,,41356.78901709081,,,,,,
2010-12-12,NO 15/9-F-4 AH,5693,15/9-F-4,3420717,VOLVE,369304,MÆRSK INSPIRER,24.0,,,injection,WI,,,,,0.0,,41707.52616684188,,,,,,
2010-12-13,NO 15/9-F-4 AH,5693,15/9-F-4,3420717,VOLVE,369304,MÆRSK INSPIRER,24.0,,,injection,WI,,,,,0.0,,41903.4095584955,,,,,,
2010-12-14,NO 15/9-F-4 AH,5693,15/9-F-4,3420717,VOLVE,369304,MÆRSK INSPIRER,24.0,,,injection,WI,,,,,0.0,,42920.720581756475,,,,,,
2010-12-15,NO 15/9-F-4 AH,5693,15/9-F-4,3420717,VOLVE,369304,MÆRSK INSPIRER,24.0,,,injection,WI,,,,,0.0,,42331.190154581,,,,,,
2010-12-16,NO 15/9-F-4 AH,5693,15/9-F-4,3420717,VOLVE,369304,MÆRSK INSPIRER,24.0,,,injection,WI,,,,,0.0,,41647.226772603746,,,,,,
2010-12-17,NO 15/9-F-4 AH,5693,15/9-F-4,3420717,VOLVE,369304,MÆRSK INSPIRER,24.0,,,injection,WI,,,,,0.0,,39820.33060214209,,,,,,
2010-12-18,NO 15/9-F-4 AH,5693,15/9-F-4,3420717,VOLVE,369304,MÆRSK INSPIRER,23.16667,,,injection,WI,,,,,0.0,,38891.58217711586,,,,,,
2010-12-19,NO 15/9-F-4 AH,5693,15/9-F-4,3420717,VOLVE,369304,MÆRSK INSPIRER,24.0,,,injection,WI,,,,,0.0,,38796.54741418544,,,,,,
2010-12-20,NO 15/9-F-4 AH,5693,15/9-F-4,3420717,VOLVE,369304,MÆRSK INSPIRER,24.0,,,injection,WI,,,,,0.0,,38108.8480724521,,,,,,
2010-12-21,NO 15/9-F-4 AH,5693,15/9-F-4,3420717,VOLVE,369304,MÆRSK INSPIRER,24.0,,,injection,WI,,,,,0.0,,39538.25298297083,,,,,,
2010-12-22,NO 15/9-F-4 AH,5693,15/9-F-4,3420717,VOLVE,369304,MÆRSK INSPIRER,24.0,,,injection,WI,,,,,0.0,,39116.679898652605,,,,,,
2010-12-23,NO 15/9-F-4 AH,5693,15/9-F-4,3420717,VOLVE,369304,MÆRSK INSPIRER,24.0,,,injection,WI,,,,,0.0,,38838.438492256944,,,,,,
2010-12-24,NO 15/9-F-4 AH,5693,15/9-F-4,3420717,VOLVE,369304,MÆRSK INSPIRER,24.0,,,injection,WI,,,,,0.0,,38744.388713990724,,,,,,
2010-12-25,NO 15/9-F-4 AH,5693,15/9-F-4,3420717,VOLVE,369304,MÆRSK INSPIRER,24.0,,,injection,WI,,,,,0.0,,38869.57249484668,,,,,,
2010-12-26,NO 15/9-F-4 AH,5693,15/9-F-4,3420717,VOLVE,369304,MÆRSK INSPIRER,24.0,,,injection,WI,,,,,0.0,,38805.6649366879,,,,,,
2010-12-27,NO 15/9-F-4 AH,5693,15/9-F-4,3420717,VOLVE,369304,MÆRSK INSPIRER,24.0,,,injection,WI,,,,,0.0,,38709.39200280076,,,,,,
2010-12-28,NO 15/9-F-4 AH,5693,15/9-F-4,3420717,VOLVE,369304,MÆRSK INSPIRER,20.66667,,,injection,WI,,,,,0.0,,32449.12979,,,,,,
2010-12-29,NO 15/9-F-4 AH,5693,15/9-F-4,3420717,VOLVE,369304,MÆRSK INSPIRER,24.0,,,injection,WI,,,,,0.0,,23964.1761,,,,,,
2010-12-30,NO 15/9-F-4 AH,5693,15/9-F-4,3420717,VOLVE,369304,MÆRSK INSPIRER,24.0,,,injection,WI,,,,,0.0,,43228.657055183656,,,,,,
2010-12-31,NO 15/9-F-4 AH,5693,15/9-F-4,3420717,VOLVE,369304,MÆRSK INSPIRER,24.0,,,injection,WI,,,,,0.0,,45380.02324302148,,,,,,
2011-01-01,NO 15/9-F-4 AH,5693,15/9-F-4,3420717,VOLVE,369304,MÆRSK INSPIRER,24.0,,,injection,WI,,,,,0.0,,38226.07107665893,,,,,,
2011-01-02,NO 15/9-F-4 AH,5693,15/9-F-4,3420717,VOLVE,369304,MÆRSK INSPIRER,24.0,,,injection,WI,,,,,0.0,,38229.702815573684,,,,,,
2011-01-03,NO 15/9-F-4 AH,5693,15/9-F-4,3420717,VOLVE,369304,MÆRSK INSPIRER,24.0,,,injection,WI,,,,,0.0,,39547.553621498046,,,,,,
2011-01-04,NO 15/9-F-4 AH,5693,15/9-F-4,3420717,VOLVE,369304,MÆRSK INSPIRER,24.0,,,injection,WI,,,,,0.0,,40455.82633443731,,,,,,
2011-01-05,NO 15/9-F-4 AH,5693,15/9-F-4,3420717,VOLVE,369304,MÆRSK INSPIRER,24.0,,,injection,WI,,,,,0.0,,39331.52000845488,,,,,,
2011-01-06,NO 15/9-F-4 AH,5693,15/9-F-4,3420717,VOLVE,369304,MÆRSK INSPIRER,24.0,,,injection,WI,,,,,0.0,,38135.200423890245,,,,,,
2011-01-07,NO 15/9-F-4 AH,5693,15/9-F-4,3420717,VOLVE,369304,MÆRSK INSPIRER,24.0,,,injection,WI,,,,,0.0,,38177.83971417256,,,,,,
2011-01-08,NO 15/9-F-4 AH,5693,15/9-F-4,3420717,VOLVE,369304,MÆRSK INSPIRER,24.0,,,injection,WI,,,,,0.0,,37912.40528868387,,,,,,
2011-01-09,NO 15/9-F-4 AH,5693,15/9-F-4,3420717,VOLVE,369304,MÆRSK INSPIRER,24.0,,,injection,WI,,,,,0.0,,38411.37429897855,,,,,,
2011-01-10,NO 15/9-F-4 AH,5693,15/9-F-4,3420717,VOLVE,369304,MÆRSK INSPIRER,20.08333,,,injection,WI,,,,,0.0,,33376.876765,,,,,,
2011-01-11,NO 15/9-F-4 AH,5693,15/9-F-4,3420717,VOLVE,369304,MÆRSK INSPIRER,15.0,,,injection,WI,,,,,0.0,,21272.13742,,,,,,
2011-01-12,NO 15/9-F-4 AH,5693,15/9-F-4,3420717,VOLVE,369304,MÆRSK INSPIRER,24.0,,,injection,WI,,,,,0.0,,37141.328050000004,,,,,,
2011-01-13,NO 15/9-F-4 AH,5693,15/9-F-4,3420717,VOLVE,369304,MÆRSK INSPIRER,24.0,,,injection,WI,,,,,0.0,,35870.63007318566,,,,,,
2011-01-14,NO 15/9-F-4 AH,5693,15/9-F-4,3420717,VOLVE,369304,MÆRSK INSPIRER,24.0,,,injection,WI,,,,,0.0,,40111.139929491146,,,,,,
2011-01-15,NO 15/9-F-4 AH,5693,15/9-F-4,3420717,VOLVE,369304,MÆRSK INSPIRER,24.0,,,injection,WI,,,,,0.0,,40991.472144105945,,,,,,
2011-01-16,NO 15/9-F-4 AH,5693,15/9-F-4,3420717,VOLVE,369304,MÆRSK INSPIRER,24.0,,,injection,WI,,,,,0.0,,40273.11577966196,,,,,,
2011-01-17,NO 15/9-F-4 AH,5693,15/9-F-4,3420717,VOLVE,369304,MÆRSK INSPIRER,24.0,,,injection,WI,,,,,0.0,,40233.20193612338,,,,,,
2011-01-18,NO 15/9-F-4 AH,5693,15/9-F-4,3420717,VOLVE,369304,MÆRSK INSPIRER,24.0,,,injection,WI,,,,,0.0,,40395.91938634223,,,,,,
2011-01-19,NO 15/9-F-4 AH,5693,15/9-F-4,3420717,VOLVE,369304,MÆRSK INSPIRER,24.0,,,injection,WI,,,,,0.0,,40407.833706931,,,,,,
2011-01-20,NO 15/9-F-4 AH,5693,15/9-F-4,3420717,VOLVE,369304,MÆRSK INSPIRER,24.0,,,injection,WI,,,,,0.0,,40201.925545339014,,,,,,
2011-01-21,NO 15/9-F-4 AH,5693,15/9-F-4,3420717,VOLVE,369304,MÆRSK INSPIRER,24.0,,,injection,WI,,,,,0.0,,40152.96251808364,,,,,,
2011-01-22,NO 15/9-F-4 AH,5693,15/9-F-4,3420717,VOLVE,369304,MÆRSK INSPIRER,24.0,,,injection,WI,,,,,0.0,,39959.35959008229,,,,,,
2011-01-23,NO 15/9-F-4 AH,5693,15/9-F-4,3420717,VOLVE,369304,MÆRSK INSPIRER,24.0,,,injection,WI,,,,,0.0,,39800.690542000135,,,,,,
2011-01-24,NO 15/9-F-4 AH,5693,15/9-F-4,3420717,VOLVE,369304,MÆRSK INSPIRER,24.0,,,injection,WI,,,,,0.0,,39871.43852798858,,,,,,
2011-01-25,NO 15/9-F-4 AH,5693,15/9-F-4,3420717,VOLVE,369304,MÆRSK INSPIRER,24.0,,,injection,WI,,,,,0.0,,40124.38293182072,,,,,,
2011-01-26,NO 15/9-F-4 AH,5693,15/9-F-4,3420717,VOLVE,369304,MÆRSK INSPIRER,24.0,,,injection,WI,,,,,0.0,,40330.69418636957,,,,,,
2011-01-27,NO 15/9-F-4 AH,5693,15/9-F-4,3420717,VOLVE,369304,MÆRSK INSPIRER,24.0,,,injection,WI,,,,,0.0,,40143.37423999324,,,,,,
2011-01-28,NO 15/9-F-4 AH,5693,15/9-F-4,3420717,VOLVE,369304,MÆRSK INSPIRER,24.0,,,injection,WI,,,,,0.0,,39942.300525955914,,,,,,
2011-01-29,NO 15/9-F-4 AH,5693,15/9-F-4,3420717,VOLVE,369304,MÆRSK INSPIRER,24.0,,,injection,WI,,,,,0.0,,39430.66916369371,,,,,,
2011-01-30,NO 15/9-F-4 AH,5693,15/9-F-4,3420717,VOLVE,369304,MÆRSK INSPIRER,24.0,,,injection,WI,,,,,0.0,,35373.39376533564,,,,,,
2011-01-31,NO 15/9-F-4 AH,5693,15/9-F-4,3420717,VOLVE,369304,MÆRSK INSPIRER,24.0,,,injection,WI,,,,,0.0,,35467.89437490624,,,,,,
2011-02-01,NO 15/9-F-4 AH,5693,15/9-F-4,3420717,VOLVE,369304,MÆRSK INSPIRER,23.275,,,injection,WI,,,,,0.0,,39784.80620639424,,,,,,
2011-02-02,NO 15/9-F-4 AH,5693,15/9-F-4,3420717,VOLVE,369304,MÆRSK INSPIRER,0.0,,,injection,WI,,,,,0.0,,,,,,,,
2011-02-03,NO 15/9-F-4 AH,5693,15/9-F-4,3420717,VOLVE,369304,MÆRSK INSPIRER,0.0,,,injection,WI,,,,,0.0,,,,,,,,
2011-02-04,NO 15/9-F-4 AH,5693,15/9-F-4,3420717,VOLVE,369304,MÆRSK INSPIRER,0.0,,,injection,WI,,,,,0.0,,,,,,,,
2011-02-05,NO 15/9-F-4 AH,5693,15/9-F-4,3420717,VOLVE,369304,MÆRSK INSPIRER,11.89167,,,injection,WI,,,,,0.0,,12780.89392,,,,,,
2011-02-06,NO 15/9-F-4 AH,5693,15/9-F-4,3420717,VOLVE,369304,MÆRSK INSPIRER,21.33333,,,injection,WI,,,,,0.0,,25528.334461991373,,,,,,
2011-02-07,NO 15/9-F-4 AH,5693,15/9-F-4,3420717,VOLVE,369304,MÆRSK INSPIRER,24.0,,,injection,WI,,,,,0.0,,25223.237111949413,,,,,,
2011-02-08,NO 15/9-F-4 AH,5693,15/9-F-4,3420717,VOLVE,369304,MÆRSK INSPIRER,24.0,,,injection,WI,,,,,0.0,,27914.17678,,,,,,
2011-02-09,NO 15/9-F-4 AH,5693,15/9-F-4,3420717,VOLVE,369304,MÆRSK INSPIRER,12.33333,,,injection,WI,,,,,0.0,,6245.78133,,,,,,
2011-02-10,NO 15/9-F-4 AH,5693,15/9-F-4,3420717,VOLVE,369304,MÆRSK INSPIRER,24.0,,,injection,WI,,,,,0.0,,27983.364690000002,,,,,,
2011-02-11,NO 15/9-F-4 AH,5693,15/9-F-4,3420717,VOLVE,369304,MÆRSK INSPIRER,24.0,,,injection,WI,,,,,0.0,,27541.687789986256,,,,,,
2011-02-12,NO 15/9-F-4 AH,5693,15/9-F-4,3420717,VOLVE,369304,MÆRSK INSPIRER,24.0,,,injection,WI,,,,,0.0,,28131.652700201626,,,,,,
2011-02-13,NO 15/9-F-4 AH,5693,15/9-F-4,3420717,VOLVE,369304,MÆRSK INSPIRER,17.66666,,,injection,WI,,,,,0.0,,20536.22965,,,,,,
2011-02-14,NO 15/9-F-4 AH,5693,15/9-F-4,3420717,VOLVE,369304,MÆRSK INSPIRER,7.10833,,,injection,WI,,,,,0.0,,8428.3454,,,,,,
2011-02-15,NO 15/9-F-4 AH,5693,15/9-F-4,3420717,VOLVE,369304,MÆRSK INSPIRER,12.14166,,,injection,WI,,,,,0.0,,23870.210136677575,,,,,,
2011-02-16,NO 15/9-F-4 AH,5693,15/9-F-4,3420717,VOLVE,369304,MÆRSK INSPIRER,24.0,,,injection,WI,,,,,0.0,,33023.35073839209,,,,,,
2011-02-17,NO 15/9-F-4 AH,5693,15/9-F-4,3420717,VOLVE,369304,MÆRSK INSPIRER,24.0,,,injection,WI,,,,,0.0,,48559.19866854036,,,,,,
2011-02-18,NO 15/9-F-4 AH,5693,15/9-F-4,3420717,VOLVE,369304,MÆRSK INSPIRER,24.0,,,injection,WI,,,,,0.0,,49293.12426388583,,,,,,
2011-02-19,NO 15/9-F-4 AH,5693,15/9-F-4,3420717,VOLVE,369304,MÆRSK INSPIRER,24.0,,,injection,WI,,,,,0.0,,49647.08971758637,,,,,,
2011-02-20,NO 15/9-F-4 AH,5693,15/9-F-4,3420717,VOLVE,369304,MÆRSK INSPIRER,23.0,,,injection,WI,,,,,0.0,,47116.104965882274,,,,,,
2011-02-21,NO 15/9-F-4 AH,5693,15/9-F-4,3420717,VOLVE,369304,MÆRSK INSPIRER,24.0,,,injection,WI,,,,,0.0,,49585.05510104845,,,,,,
2011-02-22,NO 15/9-F-4 AH,5693,15/9-F-4,3420717,VOLVE,369304,MÆRSK INSPIRER,24.0,,,injection,WI,,,,,0.0,,49110.893104014525,,,,,,
2011-02-23,NO 15/9-F-4 AH,5693,15/9-F-4,3420717,VOLVE,369304,MÆRSK INSPIRER,24.0,,,injection,WI,,,,,0.0,,49317.26530551189,,,,,,
2011-02-24,NO 15/9-F-4 AH,5693,15/9-F-4,3420717,VOLVE,369304,MÆRSK INSPIRER,24.0,,,injection,WI,,,,,0.0,,47178.34552736053,,,,,,
2011-02-25,NO 15/9-F-4 AH,5693,15/9-F-4,3420717,VOLVE,369304,MÆRSK INSPIRER,24.0,,,injection,WI,,,,,0.0,,39105.01822400702,,,,,,
2011-02-26,NO 15/9-F-4 AH,5693,15/9-F-4,3420717,VOLVE,369304,MÆRSK INSPIRER,24.0,,,injection,WI,,,,,0.0,,38486.67412611685,,,,,,
2011-02-27,NO 15/9-F-4 AH,5693,15/9-F-4,3420717,VOLVE,369304,MÆRSK INSPIRER,24.0,,,injection,WI,,,,,0.0,,38612.75729607734,,,,,,
2011-02-28,NO 15/9-F-4 AH,5693,15/9-F-4,3420717,VOLVE,369304,MÆRSK INSPIRER,24.0,,,injection,WI,,,,,0.0,,38571.76560317925,,,,,,
2011-03-01,NO 15/9-F-4 AH,5693,15/9-F-4,3420717,VOLVE,369304,MÆRSK INSPIRER,24.0,,,injection,WI,,,,,0.0,,38312.549291718824,,,,,,
2011-03-02,NO 15/9-F-4 AH,5693,15/9-F-4,3420717,VOLVE,369304,MÆRSK INSPIRER,24.0,,,injection,WI,,,,,0.0,,38741.38634394759,,,,,,
2011-03-03,NO 15/9-F-4 AH,5693,15/9-F-4,3420717,VOLVE,369304,MÆRSK INSPIRER,24.0,,,injection,WI,,,,,0.0,,38208.537669132165,,,,,,
2011-03-04,NO 15/9-F-4 AH,5693,15/9-F-4,3420717,VOLVE,369304,MÆRSK INSPIRER,24.0,,,injection,WI,,,,,0.0,,39099.681739542684,,,,,,
2011-03-05,NO 15/9-F-4 AH,5693,15/9-F-4,3420717,VOLVE,369304,MÆRSK INSPIRER,24.0,,,injection,WI,,,,,0.0,,39115.98028570705,,,,,,
2011-03-06,NO 15/9-F-4 AH,5693,15/9-F-4,3420717,VOLVE,369304,MÆRSK INSPIRER,19.41667,,,injection,WI,,,,,0.0,,29341.96365,,,,,,
2011-03-07,NO 15/9-F-4 AH,5693,15/9-F-4,3420717,VOLVE,369304,MÆRSK INSPIRER,24.0,,,injection,WI,,,,,0.0,,37124.77823640915,,,,,,
2011-03-08,NO 15/9-F-4 AH,5693,15/9-F-4,3420717,VOLVE,369304,MÆRSK INSPIRER,24.0,,,injection,WI,,,,,0.0,,39075.27575801565,,,,,,
2011-03-09,NO 15/9-F-4 AH,5693,15/9-F-4,3420717,VOLVE,369304,MÆRSK INSPIRER,24.0,,,injection,WI,,,,,0.0,,39577.197717481766,,,,,,
2011-03-10,NO 15/9-F-4 AH,5693,15/9-F-4,3420717,VOLVE,369304,MÆRSK INSPIRER,24.0,,,injection,WI,,,,,0.0,,38272.77740132969,,,,,,
2011-03-11,NO 15/9-F-4 AH,5693,15/9-F-4,3420717,VOLVE,369304,MÆRSK INSPIRER,24.0,,,injection,WI,,,,,0.0,,37770.30905,,,,,,
2011-03-12,NO 15/9-F-4 AH,5693,15/9-F-4,3420717,VOLVE,369304,MÆRSK INSPIRER,24.0,,,injection,WI,,,,,0.0,,37458.896505214056,,,,,,
2011-03-13,NO 15/9-F-4 AH,5693,15/9-F-4,3420717,VOLVE,369304,MÆRSK INSPIRER,24.0,,,injection,WI,,,,,0.0,,39833.36673,,,,,,
2011-03-14,NO 15/9-F-4 AH,5693,15/9-F-4,3420717,VOLVE,369304,MÆRSK INSPIRER,24.0,,,injection,WI,,,,,0.0,,39783.04825,,,,,,
2011-03-15,NO 15/9-F-4 AH,5693,15/9-F-4,3420717,VOLVE,369304,MÆRSK INSPIRER,24.0,,,injection,WI,,,,,0.0,,39940.32109261025,,,,,,
2011-03-16,NO 15/9-F-4 AH,5693,15/9-F-4,3420717,VOLVE,369304,MÆRSK INSPIRER,24.0,,,injection,WI,,,,,0.0,,39559.17738431385,,,,,,
2011-03-17,NO 15/9-F-4 AH,5693,15/9-F-4,3420717,VOLVE,369304,MÆRSK INSPIRER,14.5,,,injection,WI,,,,,0.0,,19825.48112,,,,,,
2011-03-18,NO 15/9-F-4 AH,5693,15/9-F-4,3420717,VOLVE,369304,MÆRSK INSPIRER,24.0,,,injection,WI,,,,,0.0,,41343.48464456092,,,,,,
2011-03-19,NO 15/9-F-4 AH,5693,15/9-F-4,3420717,VOLVE,369304,MÆRSK INSPIRER,24.0,,,injection,WI,,,,,0.0,,40266.495862087875,,,,,,
2011-03-20,NO 15/9-F-4 AH,5693,15/9-F-4,3420717,VOLVE,369304,MÆRSK INSPIRER,24.0,,,injection,WI,,,,,0.0,,34402.84391126786,,,,,,
2011-03-21,NO 15/9-F-4 AH,5693,15/9-F-4,3420717,VOLVE,369304,MÆRSK INSPIRER,24.0,,,injection,WI,,,,,0.0,,42744.444374194165,,,,,,
2011-03-22,NO 15/9-F-4 AH,5693,15/9-F-4,3420717,VOLVE,369304,MÆRSK INSPIRER,24.0,,,injection,WI,,,,,0.0,,38032.308442519425,,,,,,
2011-03-23,NO 15/9-F-4 AH,5693,15/9-F-4,3420717,VOLVE,369304,MÆRSK INSPIRER,24.0,,,injection,WI,,,,,0.0,,40660.16415585715,,,,,,
2011-03-24,NO 15/9-F-4 AH,5693,15/9-F-4,3420717,VOLVE,369304,MÆRSK INSPIRER,24.0,,,injection,WI,,,,,0.0,,40056.9897457231,,,,,,
2011-03-25,NO 15/9-F-4 AH,5693,15/9-F-4,3420717,VOLVE,369304,MÆRSK INSPIRER,21.83333,,,injection,WI,,,,,0.0,,41222.785759,,,,,,
2011-03-26,NO 15/9-F-4 AH,5693,15/9-F-4,3420717,VOLVE,369304,MÆRSK INSPIRER,24.0,,,injection,WI,,,,,0.0,,38275.15690590267,,,,,,
2011-03-27,NO 15/9-F-4 AH,5693,15/9-F-4,3420717,VOLVE,369304,MÆRSK INSPIRER,13.66667,,,injection,WI,,,,,0.0,,22978.562873000003,,,,,,
2011-03-28,NO 15/9-F-4 AH,5693,15/9-F-4,3420717,VOLVE,369304,MÆRSK INSPIRER,24.0,,,injection,WI,,,,,0.0,,40644.03673052572,,,,,,
2011-03-29,NO 15/9-F-4 AH,5693,15/9-F-4,3420717,VOLVE,369304,MÆRSK INSPIRER,24.0,,,injection,WI,,,,,0.0,,36778.969549837326,,,,,,
2011-03-30,NO 15/9-F-4 AH,5693,15/9-F-4,3420717,VOLVE,369304,MÆRSK INSPIRER,24.0,,,injection,WI,,,,,0.0,,37847.498146057624,,,,,,
2011-03-31,NO 15/9-F-4 AH,5693,15/9-F-4,3420717,VOLVE,369304,MÆRSK INSPIRER,22.83334,,,injection,WI,,,,,0.0,,36321.38727954291,,,,,,
2011-04-01,NO 15/9-F-4 AH,5693,15/9-F-4,3420717,VOLVE,369304,MÆRSK INSPIRER,24.0,,,injection,WI,,,,,0.0,,38792.86155407639,,,,,,
2011-04-02,NO 15/9-F-4 AH,5693,15/9-F-4,3420717,VOLVE,369304,MÆRSK INSPIRER,24.0,,,injection,WI,,,,,0.0,,38763.55677237613,,,,,,
2011-04-03,NO 15/9-F-4 AH,5693,15/9-F-4,3420717,VOLVE,369304,MÆRSK INSPIRER,24.0,,,injection,WI,,,,,0.0,,39005.83682825043,,,,,,
2011-04-04,NO 15/9-F-4 AH,5693,15/9-F-4,3420717,VOLVE,369304,MÆRSK INSPIRER,24.0,,,injection,WI,,,,,0.0,,38879.04790884851,,,,,,
2011-04-05,NO 15/9-F-4 AH,5693,15/9-F-4,3420717,VOLVE,369304,MÆRSK INSPIRER,21.0,,,injection,WI,,,,,0.0,,35165.343486249214,,,,,,
2011-04-06,NO 15/9-F-4 AH,5693,15/9-F-4,3420717,VOLVE,369304,MÆRSK INSPIRER,13.0,,,injection,WI,,,,,0.0,,18058.04451,,,,,,
2011-04-07,NO 15/9-F-4 AH,5693,15/9-F-4,3420717,VOLVE,369304,MÆRSK INSPIRER,24.0,,,injection,WI,,,,,0.0,,20968.418218314622,,,,,,
2011-04-08,NO 15/9-F-4 AH,5693,15/9-F-4,3420717,VOLVE,369304,MÆRSK INSPIRER,24.0,,,injection,WI,,,,,0.0,,45814.97604,,,,,,
2011-04-09,NO 15/9-F-4 AH,5693,15/9-F-4,3420717,VOLVE,369304,MÆRSK INSPIRER,24.0,,,injection,WI,,,,,0.0,,54035.93727752361,,,,,,
2011-04-10,NO 15/9-F-4 AH,5693,15/9-F-4,3420717,VOLVE,369304,MÆRSK INSPIRER,24.0,,,injection,WI,,,,,0.0,,53095.37890433549,,,,,,
2011-04-11,NO 15/9-F-4 AH,5693,15/9-F-4,3420717,VOLVE,369304,MÆRSK INSPIRER,17.16667,,,injection,WI,,,,,0.0,,22379.14398,,,,,,
2011-04-12,NO 15/9-F-4 AH,5693,15/9-F-4,3420717,VOLVE,369304,MÆRSK INSPIRER,24.0,,,injection,WI,,,,,0.0,,42036.32987772219,,,,,,
2011-04-13,NO 15/9-F-4 AH,5693,15/9-F-4,3420717,VOLVE,369304,MÆRSK INSPIRER,21.33333,,,injection,WI,,,,,0.0,,36155.742030716756,,,,,,
2011-04-14,NO 15/9-F-4 AH,5693,15/9-F-4,3420717,VOLVE,369304,MÆRSK INSPIRER,24.0,,,injection,WI,,,,,0.0,,36910.9944700577,,,,,,
2011-04-15,NO 15/9-F-4 AH,5693,15/9-F-4,3420717,VOLVE,369304,MÆRSK INSPIRER,24.0,,,injection,WI,,,,,0.0,,38502.79440465167,,,,,,
2011-04-16,NO 15/9-F-4 AH,5693,15/9-F-4,3420717,VOLVE,369304,MÆRSK INSPIRER,24.0,,,injection,WI,,,,,0.0,,38498.61969264716,,,,,,
2011-04-17,NO 15/9-F-4 AH,5693,15/9-F-4,3420717,VOLVE,369304,MÆRSK INSPIRER,24.0,,,injection,WI,,,,,0.0,,38241.432480444615,,,,,,
2011-04-18,NO 15/9-F-4 AH,5693,15/9-F-4,3420717,VOLVE,369304,MÆRSK INSPIRER,24.0,,,injection,WI,,,,,0.0,,38449.60853,,,,,,
2011-04-19,NO 15/9-F-4 AH,5693,15/9-F-4,3420717,VOLVE,369304,MÆRSK INSPIRER,24.0,,,injection,WI,,,,,0.0,,37933.84411,,,,,,
2011-04-20,NO 15/9-F-4 AH,5693,15/9-F-4,3420717,VOLVE,369304,MÆRSK INSPIRER,24.0,,,injection,WI,,,,,0.0,,38034.48107,,,,,,
2011-04-21,NO 15/9-F-4 AH,5693,15/9-F-4,3420717,VOLVE,369304,MÆRSK INSPIRER,24.0,,,injection,WI,,,,,0.0,,30876.67729,,,,,,
2011-04-22,NO 15/9-F-4 AH,5693,15/9-F-4,3420717,VOLVE,369304,MÆRSK INSPIRER,24.0,,,injection,WI,,,,,0.0,,39267.28383,,,,,,
2011-04-23,NO 15/9-F-4 AH,5693,15/9-F-4,3420717,VOLVE,369304,MÆRSK INSPIRER,24.0,,,injection,WI,,,,,0.0,,40500.08659,,,,,,
2011-04-24,NO 15/9-F-4 AH,5693,15/9-F-4,3420717,VOLVE,369304,MÆRSK INSPIRER,24.0,,,injection,WI,,,,,0.0,,39287.411222,,,,,,
2011-04-25,NO 15/9-F-4 AH,5693,15/9-F-4,3420717,VOLVE,369304,MÆRSK INSPIRER,24.0,,,injection,WI,,,,,0.0,,38556.5353,,,,,,
2011-04-26,NO 15/9-F-4 AH,5693,15/9-F-4,3420717,VOLVE,369304,MÆRSK INSPIRER,24.0,,,injection,WI,,,,,0.0,,39708.39246271514,,,,,,
2011-04-27,NO 15/9-F-4 AH,5693,15/9-F-4,3420717,VOLVE,369304,MÆRSK INSPIRER,24.0,,,injection,WI,,,,,0.0,,39497.45703289107,,,,,,
2011-04-28,NO 15/9-F-4 AH,5693,15/9-F-4,3420717,VOLVE,369304,MÆRSK INSPIRER,24.0,,,injection,WI,,,,,0.0,,39685.40878019888,,,,,,
2011-04-29,NO 15/9-F-4 AH,5693,15/9-F-4,3420717,VOLVE,369304,MÆRSK INSPIRER,24.0,,,injection,WI,,,,,0.0,,39642.57729953051,,,,,,
2011-04-30,NO 15/9-F-4 AH,5693,15/9-F-4,3420717,VOLVE,369304,MÆRSK INSPIRER,24.0,,,injection,WI,,,,,0.0,,38751.51941,,,,,,
2011-05-01,NO 15/9-F-4 AH,5693,15/9-F-4,3420717,VOLVE,369304,MÆRSK INSPIRER,24.0,,,injection,WI,,,,,0.0,,38634.00012953463,,,,,,
2011-05-02,NO 15/9-F-4 AH,5693,15/9-F-4,3420717,VOLVE,369304,MÆRSK INSPIRER,24.0,,,injection,WI,,,,,0.0,,38559.42126138457,,,,,,
2011-05-03,NO 15/9-F-4 AH,5693,15/9-F-4,3420717,VOLVE,369304,MÆRSK INSPIRER,24.0,,,injection,WI,,,,,0.0,,37938.115468866294,,,,,,
2011-05-04,NO 15/9-F-4 AH,5693,15/9-F-4,3420717,VOLVE,369304,MÆRSK INSPIRER,24.0,,,injection,WI,,,,,0.0,,39553.40079922306,,,,,,
2011-05-05,NO 15/9-F-4 AH,5693,15/9-F-4,3420717,VOLVE,369304,MÆRSK INSPIRER,24.0,,,injection,WI,,,,,0.0,,39806.85203463462,,,,,,
2011-05-06,NO 15/9-F-4 AH,5693,15/9-F-4,3420717,VOLVE,369304,MÆRSK INSPIRER,24.0,,,injection,WI,,,,,0.0,,38408.59485945747,,,,,,
2011-05-07,NO 15/9-F-4 AH,5693,15/9-F-4,3420717,VOLVE,369304,MÆRSK INSPIRER,24.0,,,injection,WI,,,,,0.0,,37653.856914423755,,,,,,
2011-05-08,NO 15/9-F-4 AH,5693,15/9-F-4,3420717,VOLVE,369304,MÆRSK INSPIRER,24.0,,,injection,WI,,,,,0.0,,38185.199884727044,,,,,,
2011-05-09,NO 15/9-F-4 AH,5693,15/9-F-4,3420717,VOLVE,369304,MÆRSK INSPIRER,24.0,,,injection,WI,,,,,0.0,,38921.29490106037,,,,,,
2011-05-10,NO 15/9-F-4 AH,5693,15/9-F-4,3420717,VOLVE,369304,MÆRSK INSPIRER,24.0,,,injection,WI,,,,,0.0,,38822.760514471694,,,,,,
2011-05-11,NO 15/9-F-4 AH,5693,15/9-F-4,3420717,VOLVE,369304,MÆRSK INSPIRER,21.16667,,,injection,WI,,,,,0.0,,33153.58851,,,,,,
2011-05-12,NO 15/9-F-4 AH,5693,15/9-F-4,3420717,VOLVE,369304,MÆRSK INSPIRER,24.0,,,injection,WI,,,,,0.0,,40295.86629236963,,,,,,
2011-05-13,NO 15/9-F-4 AH,5693,15/9-F-4,3420717,VOLVE,369304,MÆRSK INSPIRER,24.0,,,injection,WI,,,,,0.0,,37475.93702488395,,,,,,
2011-05-14,NO 15/9-F-4 AH,5693,15/9-F-4,3420717,VOLVE,369304,MÆRSK INSPIRER,24.0,,,injection,WI,,,,,0.0,,38971.66276,,,,,,
2011-05-15,NO 15/9-F-4 AH,5693,15/9-F-4,3420717,VOLVE,369304,MÆRSK INSPIRER,24.0,,,injection,WI,,,,,0.0,,38966.7443343092,,,,,,
2011-05-16,NO 15/9-F-4 AH,5693,15/9-F-4,3420717,VOLVE,369304,MÆRSK INSPIRER,24.0,,,injection,WI,,,,,0.0,,37267.12425,,,,,,
2011-05-17,NO 15/9-F-4 AH,5693,15/9-F-4,3420717,VOLVE,369304,MÆRSK INSPIRER,24.0,,,injection,WI,,,,,0.0,,38200.28051401508,,,,,,
2011-05-18,NO 15/9-F-4 AH,5693,15/9-F-4,3420717,VOLVE,369304,MÆRSK INSPIRER,24.0,,,injection,WI,,,,,0.0,,37495.89535465341,,,,,,
2011-05-19,NO 15/9-F-4 AH,5693,15/9-F-4,3420717,VOLVE,369304,MÆRSK INSPIRER,20.08334,,,injection,WI,,,,,0.0,,33597.957383549285,,,,,,
2011-05-20,NO 15/9-F-4 AH,5693,15/9-F-4,3420717,VOLVE,369304,MÆRSK INSPIRER,24.0,,,injection,WI,,,,,0.0,,40200.76122550614,,,,,,
2011-05-21,NO 15/9-F-4 AH,5693,15/9-F-4,3420717,VOLVE,369304,MÆRSK INSPIRER,24.0,,,injection,WI,,,,,0.0,,33751.098150830156,,,,,,
2011-05-22,NO 15/9-F-4 AH,5693,15/9-F-4,3420717,VOLVE,369304,MÆRSK INSPIRER,24.0,,,injection,WI,,,,,0.0,,34300.81368366137,,,,,,
2011-05-23,NO 15/9-F-4 AH,5693,15/9-F-4,3420717,VOLVE,369304,MÆRSK INSPIRER,24.0,,,injection,WI,,,,,0.0,,46697.33571983246,,,,,,
2011-05-24,NO 15/9-F-4 AH,5693,15/9-F-4,3420717,VOLVE,369304,MÆRSK INSPIRER,24.0,,,injection,WI,,,,,0.0,,40909.745689186006,,,,,,
2011-05-25,NO 15/9-F-4 AH,5693,15/9-F-4,3420717,VOLVE,369304,MÆRSK INSPIRER,24.0,,,injection,WI,,,,,0.0,,38194.31025257063,,,,,,
2011-05-26,NO 15/9-F-4 AH,5693,15/9-F-4,3420717,VOLVE,369304,MÆRSK INSPIRER,24.0,,,injection,WI,,,,,0.0,,37895.03637934426,,,,,,
2011-05-27,NO 15/9-F-4 AH,5693,15/9-F-4,3420717,VOLVE,369304,MÆRSK INSPIRER,24.0,,,injection,WI,,,,,0.0,,37796.64709605153,,,,,,
2011-05-28,NO 15/9-F-4 AH,5693,15/9-F-4,3420717,VOLVE,369304,MÆRSK INSPIRER,24.0,,,injection,WI,,,,,0.0,,37713.52353936174,,,,,,
2011-05-29,NO 15/9-F-4 AH,5693,15/9-F-4,3420717,VOLVE,369304,MÆRSK INSPIRER,24.0,,,injection,WI,,,,,0.0,,37929.69555050132,,,,,,
2011-05-30,NO 15/9-F-4 AH,5693,15/9-F-4,3420717,VOLVE,369304,MÆRSK INSPIRER,24.0,,,injection,WI,,,,,0.0,,38088.42015201993,,,,,,
2011-05-31,NO 15/9-F-4 AH,5693,15/9-F-4,3420717,VOLVE,369304,MÆRSK INSPIRER,24.0,,,injection,WI,,,,,0.0,,38208.83954987349,,,,,,
2011-06-01,NO 15/9-F-4 AH,5693,15/9-F-4,3420717,VOLVE,369304,MÆRSK INSPIRER,24.0,,,injection,WI,,,,,0.0,,37995.393715357684,,,,,,
2011-06-02,NO 15/9-F-4 AH,5693,15/9-F-4,3420717,VOLVE,369304,MÆRSK INSPIRER,18.41667,,,injection,WI,,,,,0.0,,33880.52742970893,,,,,,
2011-06-03,NO 15/9-F-4 AH,5693,15/9-F-4,3420717,VOLVE,369304,MÆRSK INSPIRER,24.0,,,injection,WI,,,,,0.0,,37802.74697606594,,,,,,
2011-06-04,NO 15/9-F-4 AH,5693,15/9-F-4,3420717,VOLVE,369304,MÆRSK INSPIRER,24.0,,,injection,WI,,,,,0.0,,38969.89086679754,,,,,,
2011-06-05,NO 15/9-F-4 AH,5693,15/9-F-4,3420717,VOLVE,369304,MÆRSK INSPIRER,24.0,,,injection,WI,,,,,0.0,,39150.849017608794,,,,,,
2011-06-06,NO 15/9-F-4 AH,5693,15/9-F-4,3420717,VOLVE,369304,MÆRSK INSPIRER,24.0,,,injection,WI,,,,,0.0,,39128.90801,,,,,,
2011-06-07,NO 15/9-F-4 AH,5693,15/9-F-4,3420717,VOLVE,369304,MÆRSK INSPIRER,24.0,,,injection,WI,,,,,0.0,,38950.68408939008,,,,,,
2011-06-08,NO 15/9-F-4 AH,5693,15/9-F-4,3420717,VOLVE,369304,MÆRSK INSPIRER,24.0,,,injection,WI,,,,,0.0,,38632.12396569651,,,,,,
2011-06-09,NO 15/9-F-4 AH,5693,15/9-F-4,3420717,VOLVE,369304,MÆRSK INSPIRER,24.0,,,injection,WI,,,,,0.0,,38380.42062,,,,,,
2011-06-10,NO 15/9-F-4 AH,5693,15/9-F-4,3420717,VOLVE,369304,MÆRSK INSPIRER,24.0,,,injection,WI,,,,,0.0,,39886.80017157327,,,,,,
2011-06-11,NO 15/9-F-4 AH,5693,15/9-F-4,3420717,VOLVE,369304,MÆRSK INSPIRER,24.0,,,injection,WI,,,,,0.0,,40079.391629987,,,,,,
2011-06-12,NO 15/9-F-4 AH,5693,15/9-F-4,3420717,VOLVE,369304,MÆRSK INSPIRER,24.0,,,injection,WI,,,,,0.0,,40068.974993092255,,,,,,
2011-06-13,NO 15/9-F-4 AH,5693,15/9-F-4,3420717,VOLVE,369304,MÆRSK INSPIRER,24.0,,,injection,WI,,,,,0.0,,40037.27237857474,,,,,,
2011-06-14,NO 15/9-F-4 AH,5693,15/9-F-4,3420717,VOLVE,369304,MÆRSK INSPIRER,24.0,,,injection,WI,,,,,0.0,,39901.114062539295,,,,,,
2011-06-15,NO 15/9-F-4 AH,5693,15/9-F-4,3420717,VOLVE,369304,MÆRSK INSPIRER,24.0,,,injection,WI,,,,,0.0,,39830.2970681625,,,,,,
2011-06-16,NO 15/9-F-4 AH,5693,15/9-F-4,3420717,VOLVE,369304,MÆRSK INSPIRER,24.0,,,injection,WI,,,,,0.0,,39889.554746689195,,,,,,
2011-06-17,NO 15/9-F-4 AH,5693,15/9-F-4,3420717,VOLVE,369304,MÆRSK INSPIRER,21.83333,,,injection,WI,,,,,0.0,,35770.149470000004,,,,,,
2011-06-18,NO 15/9-F-4 AH,5693,15/9-F-4,3420717,VOLVE,369304,MÆRSK INSPIRER,0.0,,,injection,WI,,,,,0.0,,39397.434795678026,,,,,,
2011-06-19,NO 15/9-F-4 AH,5693,15/9-F-4,3420717,VOLVE,369304,MÆRSK INSPIRER,24.0,,,injection,WI,,,,,0.0,,39980.92379876077,,,,,,
2011-06-20,NO 15/9-F-4 AH,5693,15/9-F-4,3420717,VOLVE,369304,MÆRSK INSPIRER,11.84167,,,injection,WI,,,,,0.0,,18523.49045,,,,,,
2011-06-21,NO 15/9-F-4 AH,5693,15/9-F-4,3420717,VOLVE,369304,MÆRSK INSPIRER,0.0,,,injection,WI,,,,,0.0,,,,,,,,
2011-06-22,NO 15/9-F-4 AH,5693,15/9-F-4,3420717,VOLVE,369304,MÆRSK INSPIRER,0.0,,,injection,WI,,,,,0.0,,,,,,,,
2011-06-23,NO 15/9-F-4 AH,5693,15/9-F-4,3420717,VOLVE,369304,MÆRSK INSPIRER,0.0,,,injection,WI,,,,,0.0,,,,,,,,
2011-06-24,NO 15/9-F-4 AH,5693,15/9-F-4,3420717,VOLVE,369304,MÆRSK INSPIRER,0.0,,,injection,WI,,,,,0.0,,,,,,,,
2011-06-25,NO 15/9-F-4 AH,5693,15/9-F-4,3420717,VOLVE,369304,MÆRSK INSPIRER,0.0,,,injection,WI,,,,,0.0,,,,,,,,
2011-06-26,NO 15/9-F-4 AH,5693,15/9-F-4,3420717,VOLVE,369304,MÆRSK INSPIRER,0.0,,,injection,WI,,,,,0.0,,,,,,,,
2011-06-27,NO 15/9-F-4 AH,5693,15/9-F-4,3420717,VOLVE,369304,MÆRSK INSPIRER,0.0,,,injection,WI,,,,,0.0,,,,,,,,
2011-06-28,NO 15/9-F-4 AH,5693,15/9-F-4,3420717,VOLVE,369304,MÆRSK INSPIRER,0.0,,,injection,WI,,,,,0.0,,,,,,,,
2011-06-29,NO 15/9-F-4 AH,5693,15/9-F-4,3420717,VOLVE,369304,MÆRSK INSPIRER,0.0,,,injection,WI,,,,,0.0,,,,,,,,
2011-06-30,NO 15/9-F-4 AH,5693,15/9-F-4,3420717,VOLVE,369304,MÆRSK INSPIRER,0.0,,,injection,WI,,,,,0.0,,,,,,,,
2011-07-01,NO 15/9-F-4 AH,5693,15/9-F-4,3420717,VOLVE,369304,MÆRSK INSPIRER,22.825,,,injection,WI,,,,,0.0,,32159.79853,,,,,,
2011-07-02,NO 15/9-F-4 AH,5693,15/9-F-4,3420717,VOLVE,369304,MÆRSK INSPIRER,7.59167,,,injection,WI,,,,,0.0,,10736.70567,,,,,,
2011-07-03,NO 15/9-F-4 AH,5693,15/9-F-4,3420717,VOLVE,369304,MÆRSK INSPIRER,6.5,,,injection,WI,,,,,0.0,,10730.415860000001,,,,,,
2011-07-04,NO 15/9-F-4 AH,5693,15/9-F-4,3420717,VOLVE,369304,MÆRSK INSPIRER,8.675,,,injection,WI,,,,,0.0,,13617.43865,,,,,,
2011-07-05,NO 15/9-F-4 AH,5693,15/9-F-4,3420717,VOLVE,369304,MÆRSK INSPIRER,0.0,,,injection,WI,,,,,0.0,,,,,,,,
2011-07-06,NO 15/9-F-4 AH,5693,15/9-F-4,3420717,VOLVE,369304,MÆRSK INSPIRER,0.0,,,injection,WI,,,,,0.0,,,,,,,,
2011-07-07,NO 15/9-F-4 AH,5693,15/9-F-4,3420717,VOLVE,369304,MÆRSK INSPIRER,6.325,,,injection,WI,,,,,0.0,,10007.08771,,,,,,
2011-07-08,NO 15/9-F-4 AH,5693,15/9-F-4,3420717,VOLVE,369304,MÆRSK INSPIRER,16.25833,,,injection,WI,,,,,0.0,,27681.45381,,,,,,
2011-07-09,NO 15/9-F-4 AH,5693,15/9-F-4,3420717,VOLVE,369304,MÆRSK INSPIRER,1.15833,,,injection,WI,,,,,0.0,,1301.9906700000001,,,,,,
2011-07-10,NO 15/9-F-4 AH,5693,15/9-F-4,3420717,VOLVE,369304,MÆRSK INSPIRER,21.66667,,,injection,WI,,,,,0.0,,37644.51285,,,,,,
2011-07-11,NO 15/9-F-4 AH,5693,15/9-F-4,3420717,VOLVE,369304,MÆRSK INSPIRER,17.84167,,,injection,WI,,,,,0.0,,29933.20579,,,,,,
2011-07-12,NO 15/9-F-4 AH,5693,15/9-F-4,3420717,VOLVE,369304,MÆRSK INSPIRER,0.0,,,injection,WI,,,,,0.0,,,,,,,,
2011-07-13,NO 15/9-F-4 AH,5693,15/9-F-4,3420717,VOLVE,369304,MÆRSK INSPIRER,0.0,,,injection,WI,,,,,0.0,,,,,,,,
2011-07-14,NO 15/9-F-4 AH,5693,15/9-F-4,3420717,VOLVE,369304,MÆRSK INSPIRER,0.0,,,injection,WI,,,,,0.0,,,,,,,,
2011-07-15,NO 15/9-F-4 AH,5693,15/9-F-4,3420717,VOLVE,369304,MÆRSK INSPIRER,1.825,,,injection,WI,,,,,0.0,,1484.39516,,,,,,
2011-07-16,NO 15/9-F-4 AH,5693,15/9-F-4,3420717,VOLVE,369304,MÆRSK INSPIRER,11.175,,,injection,WI,,,,,0.0,,17127.15263,,,,,,
2011-07-17,NO 15/9-F-4 AH,5693,15/9-F-4,3420717,VOLVE,369304,MÆRSK INSPIRER,0.0,,,injection,WI,,,,,0.0,,,,,,,,
2011-07-18,NO 15/9-F-4 AH,5693,15/9-F-4,3420717,VOLVE,369304,MÆRSK INSPIRER,0.0,,,injection,WI,,,,,0.0,,,,,,,,
2011-07-19,NO 15/9-F-4 AH,5693,15/9-F-4,3420717,VOLVE,369304,MÆRSK INSPIRER,1.33334,,,injection,WI,,,,,0.0,,6786.921107871601,,,,,,
2011-07-20,NO 15/9-F-4 AH,5693,15/9-F-4,3420717,VOLVE,369304,MÆRSK INSPIRER,22.24166,,,injection,WI,,,,,0.0,,37631.93323,,,,,,
2011-07-21,NO 15/9-F-4 AH,5693,15/9-F-4,3420717,VOLVE,369304,MÆRSK INSPIRER,24.0,,,injection,WI,,,,,0.0,,43273.8928,,,,,,
2011-07-22,NO 15/9-F-4 AH,5693,15/9-F-4,3420717,VOLVE,369304,MÆRSK INSPIRER,7.34167,,,injection,WI,,,,,0.0,,11881.45109,,,,,,
2011-07-23,NO 15/9-F-4 AH,5693,15/9-F-4,3420717,VOLVE,369304,MÆRSK INSPIRER,0.0,,,injection,WI,,,,,0.0,,,,,,,,
2011-07-24,NO 15/9-F-4 AH,5693,15/9-F-4,3420717,VOLVE,369304,MÆRSK INSPIRER,0.0,,,injection,WI,,,,,0.0,,,,,,,,
2011-07-25,NO 15/9-F-4 AH,5693,15/9-F-4,3420717,VOLVE,369304,MÆRSK INSPIRER,17.325,,,injection,WI,,,,,0.0,,28165.76918,,,,,,
2011-07-26,NO 15/9-F-4 AH,5693,15/9-F-4,3420717,VOLVE,369304,MÆRSK INSPIRER,20.50834,,,injection,WI,,,,,0.0,,35405.34049,,,,,,
2011-07-27,NO 15/9-F-4 AH,5693,15/9-F-4,3420717,VOLVE,369304,MÆRSK INSPIRER,0.0,,,injection,WI,,,,,0.0,,,,,,,,
2011-07-28,NO 15/9-F-4 AH,5693,15/9-F-4,3420717,VOLVE,369304,MÆRSK INSPIRER,7.49166,,,injection,WI,,,,,0.0,,10963.13883,,,,,,
2011-07-29,NO 15/9-F-4 AH,5693,15/9-F-4,3420717,VOLVE,369304,MÆRSK INSPIRER,24.0,,,injection,WI,,,,,0.0,,40736.573982456706,,,,,,
2011-07-30,NO 15/9-F-4 AH,5693,15/9-F-4,3420717,VOLVE,369304,MÆRSK INSPIRER,2.00834,,,injection,WI,,,,,0.0,,2698.32849,,,,,,
2011-07-31,NO 15/9-F-4 AH,5693,15/9-F-4,3420717,VOLVE,369304,MÆRSK INSPIRER,0.0,,,injection,WI,,,,,0.0,,,,,,,,
2011-08-01,NO 15/9-F-4 AH,5693,15/9-F-4,3420717,VOLVE,369304,MÆRSK INSPIRER,0.0,,,injection,WI,,,,,0.0,,,,,,,,
2011-08-02,NO 15/9-F-4 AH,5693,15/9-F-4,3420717,VOLVE,369304,MÆRSK INSPIRER,0.0,,,injection,WI,,,,,0.0,,,,,,,,
2011-08-03,NO 15/9-F-4 AH,5693,15/9-F-4,3420717,VOLVE,369304,MÆRSK INSPIRER,0.0,,,injection,WI,,,,,0.0,,,,,,,,
2011-08-04,NO 15/9-F-4 AH,5693,15/9-F-4,3420717,VOLVE,369304,MÆRSK INSPIRER,5.49166,,,injection,WI,,,,,0.0,,7830.813450000001,,,,,,
2011-08-05,NO 15/9-F-4 AH,5693,15/9-F-4,3420717,VOLVE,369304,MÆRSK INSPIRER,24.0,,,injection,WI,,,,,0.0,,42752.502189507824,,,,,,
2011-08-06,NO 15/9-F-4 AH,5693,15/9-F-4,3420717,VOLVE,369304,MÆRSK INSPIRER,19.5,,,injection,WI,,,,,0.0,,41821.70743780214,,,,,,
2011-08-07,NO 15/9-F-4 AH,5693,15/9-F-4,3420717,VOLVE,369304,MÆRSK INSPIRER,24.0,,,injection,WI,,,,,0.0,,44917.84476496933,,,,,,
2011-08-08,NO 15/9-F-4 AH,5693,15/9-F-4,3420717,VOLVE,369304,MÆRSK INSPIRER,24.0,,,injection,WI,,,,,0.0,,42682.033920542715,,,,,,
2011-08-09,NO 15/9-F-4 AH,5693,15/9-F-4,3420717,VOLVE,369304,MÆRSK INSPIRER,21.33334,,,injection,WI,,,,,0.0,,36166.4075,,,,,,
2011-08-10,NO 15/9-F-4 AH,5693,15/9-F-4,3420717,VOLVE,369304,MÆRSK INSPIRER,24.0,,,injection,WI,,,,,0.0,,43433.779662749075,,,,,,
2011-08-11,NO 15/9-F-4 AH,5693,15/9-F-4,3420717,VOLVE,369304,MÆRSK INSPIRER,24.0,,,injection,WI,,,,,0.0,,44835.7340301763,,,,,,
2011-08-12,NO 15/9-F-4 AH,5693,15/9-F-4,3420717,VOLVE,369304,MÆRSK INSPIRER,24.0,,,injection,WI,,,,,0.0,,42198.33529,,,,,,
2011-08-13,NO 15/9-F-4 AH,5693,15/9-F-4,3420717,VOLVE,369304,MÆRSK INSPIRER,24.0,,,injection,WI,,,,,0.0,,41034.72044,,,,,,
2011-08-14,NO 15/9-F-4 AH,5693,15/9-F-4,3420717,VOLVE,369304,MÆRSK INSPIRER,24.0,,,injection,WI,,,,,0.0,,41070.067314085296,,,,,,
2011-08-15,NO 15/9-F-4 AH,5693,15/9-F-4,3420717,VOLVE,369304,MÆRSK INSPIRER,24.0,,,injection,WI,,,,,0.0,,39533.409037803074,,,,,,
2011-08-16,NO 15/9-F-4 AH,5693,15/9-F-4,3420717,VOLVE,369304,MÆRSK INSPIRER,24.0,,,injection,WI,,,,,0.0,,37740.16026752414,,,,,,
2011-08-17,NO 15/9-F-4 AH,5693,15/9-F-4,3420717,VOLVE,369304,MÆRSK INSPIRER,24.0,,,injection,WI,,,,,0.0,,39072.29972,,,,,,
2011-08-18,NO 15/9-F-4 AH,5693,15/9-F-4,3420717,VOLVE,369304,MÆRSK INSPIRER,24.0,,,injection,WI,,,,,0.0,,39423.96537150328,,,,,,
2011-08-19,NO 15/9-F-4 AH,5693,15/9-F-4,3420717,VOLVE,369304,MÆRSK INSPIRER,24.0,,,injection,WI,,,,,0.0,,38778.46930387116,,,,,,
2011-08-20,NO 15/9-F-4 AH,5693,15/9-F-4,3420717,VOLVE,369304,MÆRSK INSPIRER,24.0,,,injection,WI,,,,,0.0,,39391.524085630495,,,,,,
2011-08-21,NO 15/9-F-4 AH,5693,15/9-F-4,3420717,VOLVE,369304,MÆRSK INSPIRER,24.0,,,injection,WI,,,,,0.0,,39669.202689,,,,,,
2011-08-22,NO 15/9-F-4 AH,5693,15/9-F-4,3420717,VOLVE,369304,MÆRSK INSPIRER,24.0,,,injection,WI,,,,,0.0,,40015.77122,,,,,,
2011-08-23,NO 15/9-F-4 AH,5693,15/9-F-4,3420717,VOLVE,369304,MÆRSK INSPIRER,24.0,,,injection,WI,,,,,0.0,,40246.544748565015,,,,,,
2011-08-24,NO 15/9-F-4 AH,5693,15/9-F-4,3420717,VOLVE,369304,MÆRSK INSPIRER,24.0,,,injection,WI,,,,,0.0,,38151.80125046095,,,,,,
2011-08-25,NO 15/9-F-4 AH,5693,15/9-F-4,3420717,VOLVE,369304,MÆRSK INSPIRER,23.15833,,,injection,WI,,,,,0.0,,37015.09128092768,,,,,,
2011-08-26,NO 15/9-F-4 AH,5693,15/9-F-4,3420717,VOLVE,369304,MÆRSK INSPIRER,21.34167,,,injection,WI,,,,,0.0,,37336.941141,,,,,,
2011-08-27,NO 15/9-F-4 AH,5693,15/9-F-4,3420717,VOLVE,369304,MÆRSK INSPIRER,24.0,,,injection,WI,,,,,0.0,,40244.154589315964,,,,,,
2011-08-28,NO 15/9-F-4 AH,5693,15/9-F-4,3420717,VOLVE,369304,MÆRSK INSPIRER,24.0,,,injection,WI,,,,,0.0,,39580.084497852,,,,,,
2011-08-29,NO 15/9-F-4 AH,5693,15/9-F-4,3420717,VOLVE,369304,MÆRSK INSPIRER,24.0,,,injection,WI,,,,,0.0,,39932.03697255354,,,,,,
2011-08-30,NO 15/9-F-4 AH,5693,15/9-F-4,3420717,VOLVE,369304,MÆRSK INSPIRER,24.0,,,injection,WI,,,,,0.0,,38962.22032032709,,,,,,
2011-08-31,NO 15/9-F-4 AH,5693,15/9-F-4,3420717,VOLVE,369304,MÆRSK INSPIRER,24.0,,,injection,WI,,,,,0.0,,36845.01783303622,,,,,,
2011-09-01,NO 15/9-F-4 AH,5693,15/9-F-4,3420717,VOLVE,369304,MÆRSK INSPIRER,24.0,,,injection,WI,,,,,0.0,,39051.41064118164,,,,,,
2011-09-02,NO 15/9-F-4 AH,5693,15/9-F-4,3420717,VOLVE,369304,MÆRSK INSPIRER,24.0,,,injection,WI,,,,,0.0,,40204.847498850926,,,,,,
2011-09-03,NO 15/9-F-4 AH,5693,15/9-F-4,3420717,VOLVE,369304,MÆRSK INSPIRER,24.0,,,injection,WI,,,,,0.0,,40906.01456865249,,,,,,
2011-09-04,NO 15/9-F-4 AH,5693,15/9-F-4,3420717,VOLVE,369304,MÆRSK INSPIRER,24.0,,,injection,WI,,,,,0.0,,40565.04594329075,,,,,,
2011-09-05,NO 15/9-F-4 AH,5693,15/9-F-4,3420717,VOLVE,369304,MÆRSK INSPIRER,24.0,,,injection,WI,,,,,0.0,,39229.336080168396,,,,,,
2011-09-06,NO 15/9-F-4 AH,5693,15/9-F-4,3420717,VOLVE,369304,MÆRSK INSPIRER,24.0,,,injection,WI,,,,,0.0,,39751.599200000004,,,,,,
2011-09-07,NO 15/9-F-4 AH,5693,15/9-F-4,3420717,VOLVE,369304,MÆRSK INSPIRER,24.0,,,injection,WI,,,,,0.0,,38717.54425437006,,,,,,
2011-09-08,NO 15/9-F-4 AH,5693,15/9-F-4,3420717,VOLVE,369304,MÆRSK INSPIRER,24.0,,,injection,WI,,,,,0.0,,38128.65752897075,,,,,,
2011-09-09,NO 15/9-F-4 AH,5693,15/9-F-4,3420717,VOLVE,369304,MÆRSK INSPIRER,24.0,,,injection,WI,,,,,0.0,,37116.43820780381,,,,,,
2011-09-10,NO 15/9-F-4 AH,5693,15/9-F-4,3420717,VOLVE,369304,MÆRSK INSPIRER,24.0,,,injection,WI,,,,,0.0,,37581.61475,,,,,,
2011-09-11,NO 15/9-F-4 AH,5693,15/9-F-4,3420717,VOLVE,369304,MÆRSK INSPIRER,24.0,,,injection,WI,,,,,0.0,,38280.33983120774,,,,,,
2011-09-12,NO 15/9-F-4 AH,5693,15/9-F-4,3420717,VOLVE,369304,MÆRSK INSPIRER,24.0,,,injection,WI,,,,,0.0,,37638.22304,,,,,,
2011-09-13,NO 15/9-F-4 AH,5693,15/9-F-4,3420717,VOLVE,369304,MÆRSK INSPIRER,12.65832,,,injection,WI,,,,,0.0,,28094.036549902004,,,,,,
2011-09-14,NO 15/9-F-4 AH,5693,15/9-F-4,3420717,VOLVE,369304,MÆRSK INSPIRER,9.50834,,,injection,WI,,,,,0.0,,8539.548647760772,,,,,,
2011-09-15,NO 15/9-F-4 AH,5693,15/9-F-4,3420717,VOLVE,369304,MÆRSK INSPIRER,24.0,,,injection,WI,,,,,0.0,,23237.92212825494,,,,,,
2011-09-16,NO 15/9-F-4 AH,5693,15/9-F-4,3420717,VOLVE,369304,MÆRSK INSPIRER,24.0,,,injection,WI,,,,,0.0,,38247.26842299652,,,,,,
2011-09-17,NO 15/9-F-4 AH,5693,15/9-F-4,3420717,VOLVE,369304,MÆRSK INSPIRER,24.0,,,injection,WI,,,,,0.0,,39084.87934,,,,,,
2011-09-18,NO 15/9-F-4 AH,5693,15/9-F-4,3420717,VOLVE,369304,MÆRSK INSPIRER,24.0,,,injection,WI,,,,,0.0,,39116.32839,,,,,,
2011-09-19,NO 15/9-F-4 AH,5693,15/9-F-4,3420717,VOLVE,369304,MÆRSK INSPIRER,24.0,,,injection,WI,,,,,0.0,,39619.51319,,,,,,
2011-09-20,NO 15/9-F-4 AH,5693,15/9-F-4,3420717,VOLVE,369304,MÆRSK INSPIRER,24.0,,,injection,WI,,,,,0.0,,39588.06414,,,,,,
2011-09-21,NO 15/9-F-4 AH,5693,15/9-F-4,3420717,VOLVE,369304,MÆRSK INSPIRER,24.0,,,injection,WI,,,,,0.0,,38765.356992,,,,,,
2011-09-22,NO 15/9-F-4 AH,5693,15/9-F-4,3420717,VOLVE,369304,MÆRSK INSPIRER,24.0,,,injection,WI,,,,,0.0,,37965.29316,,,,,,
2011-09-23,NO 15/9-F-4 AH,5693,15/9-F-4,3420717,VOLVE,369304,MÆRSK INSPIRER,24.0,,,injection,WI,,,,,0.0,,38606.85378,,,,,,
2011-09-24,NO 15/9-F-4 AH,5693,15/9-F-4,3420717,VOLVE,369304,MÆRSK INSPIRER,24.0,,,injection,WI,,,,,0.0,,38606.85378,,,,,,
2011-09-25,NO 15/9-F-4 AH,5693,15/9-F-4,3420717,VOLVE,369304,MÆRSK INSPIRER,24.0,,,injection,WI,,,,,0.0,,38525.08625,,,,,,
2011-09-26,NO 15/9-F-4 AH,5693,15/9-F-4,3420717,VOLVE,369304,MÆRSK INSPIRER,24.0,,,injection,WI,,,,,0.0,,38550.24549,,,,,,
2011-09-27,NO 15/9-F-4 AH,5693,15/9-F-4,3420717,VOLVE,369304,MÆRSK INSPIRER,24.0,,,injection,WI,,,,,0.0,,38550.24549,,,,,,
2011-09-28,NO 15/9-F-4 AH,5693,15/9-F-4,3420717,VOLVE,369304,MÆRSK INSPIRER,24.0,,,injection,WI,,,,,0.0,,38340.794817,,,,,,
2011-09-29,NO 15/9-F-4 AH,5693,15/9-F-4,3420717,VOLVE,369304,MÆRSK INSPIRER,24.0,,,injection,WI,,,,,0.0,,38207.450845,,,,,,
2011-09-30,NO 15/9-F-4 AH,5693,15/9-F-4,3420717,VOLVE,369304,MÆRSK INSPIRER,19.0,,,injection,WI,,,,,0.0,,31700.6424,,,,,,
2011-10-01,NO 15/9-F-4 AH,5693,15/9-F-4,3420717,VOLVE,369304,MÆRSK INSPIRER,24.0,,,injection,WI,,,,,0.0,,38686.105386,,,,,,
2011-10-02,NO 15/9-F-4 AH,5693,15/9-F-4,3420717,VOLVE,369304,MÆRSK INSPIRER,24.0,,,injection,WI,,,,,0.0,,37963.406216999996,,,,,,
2011-10-03,NO 15/9-F-4 AH,5693,15/9-F-4,3420717,VOLVE,369304,MÆRSK INSPIRER,24.0,,,injection,WI,,,,,0.0,,37633.191192,,,,,,
2011-10-04,NO 15/9-F-4 AH,5693,15/9-F-4,3420717,VOLVE,369304,MÆRSK INSPIRER,24.0,,,injection,WI,,,,,0.0,,37703.535290943066,,,,,,
2011-10-05,NO 15/9-F-4 AH,5693,15/9-F-4,3420717,VOLVE,369304,MÆRSK INSPIRER,24.0,,,injection,WI,,,,,0.0,,36984.517708912455,,,,,,
2011-10-06,NO 15/9-F-4 AH,5693,15/9-F-4,3420717,VOLVE,369304,MÆRSK INSPIRER,24.0,,,injection,WI,,,,,0.0,,37296.08539055166,,,,,,
2011-10-07,NO 15/9-F-4 AH,5693,15/9-F-4,3420717,VOLVE,369304,MÆRSK INSPIRER,12.8,,,injection,WI,,,,,0.0,,19039.90346996569,,,,,,
2011-10-08,NO 15/9-F-4 AH,5693,15/9-F-4,3420717,VOLVE,369304,MÆRSK INSPIRER,10.675,,,injection,WI,,,,,0.0,,19144.163813916162,,,,,,
2011-10-09,NO 15/9-F-4 AH,5693,15/9-F-4,3420717,VOLVE,369304,MÆRSK INSPIRER,24.0,,,injection,WI,,,,,0.0,,37698.22864638568,,,,,,
2011-10-10,NO 15/9-F-4 AH,5693,15/9-F-4,3420717,VOLVE,369304,MÆRSK INSPIRER,24.0,,,injection,WI,,,,,0.0,,35850.688516242866,,,,,,
2011-10-11,NO 15/9-F-4 AH,5693,15/9-F-4,3420717,VOLVE,369304,MÆRSK INSPIRER,24.0,,,injection,WI,,,,,0.0,,34672.03354726236,,,,,,
2011-10-12,NO 15/9-F-4 AH,5693,15/9-F-4,3420717,VOLVE,369304,MÆRSK INSPIRER,24.0,,,injection,WI,,,,,0.0,,34440.38961906503,,,,,,
2011-10-13,NO 15/9-F-4 AH,5693,15/9-F-4,3420717,VOLVE,369304,MÆRSK INSPIRER,24.0,,,injection,WI,,,,,0.0,,33667.47403402567,,,,,,
2011-10-14,NO 15/9-F-4 AH,5693,15/9-F-4,3420717,VOLVE,369304,MÆRSK INSPIRER,19.33333,,,injection,WI,,,,,0.0,,25613.482326009176,,,,,,
2011-10-15,NO 15/9-F-4 AH,5693,15/9-F-4,3420717,VOLVE,369304,MÆRSK INSPIRER,22.24167,,,injection,WI,,,,,0.0,,23129.80539303217,,,,,,
2011-10-16,NO 15/9-F-4 AH,5693,15/9-F-4,3420717,VOLVE,369304,MÆRSK INSPIRER,0.0,,,injection,WI,,,,,0.0,,0.0,,,,,,
2011-10-17,NO 15/9-F-4 AH,5693,15/9-F-4,3420717,VOLVE,369304,MÆRSK INSPIRER,0.0,,,injection,WI,,,,,0.0,,0.0,,,,,,
2011-10-18,NO 15/9-F-4 AH,5693,15/9-F-4,3420717,VOLVE,369304,MÆRSK INSPIRER,0.0,,,injection,WI,,,,,0.0,,0.050614625220833334,,,,,,
2011-10-19,NO 15/9-F-4 AH,5693,15/9-F-4,3420717,VOLVE,369304,MÆRSK INSPIRER,0.0,,,injection,WI,,,,,0.0,,0.0,,,,,,
2011-10-20,NO 15/9-F-4 AH,5693,15/9-F-4,3420717,VOLVE,369304,MÆRSK INSPIRER,0.0,,,injection,WI,,,,,0.0,,0.0,,,,,,
2011-10-21,NO 15/9-F-4 AH,5693,15/9-F-4,3420717,VOLVE,369304,MÆRSK INSPIRER,0.0,,,injection,WI,,,,,0.0,,0.0,,,,,,
2011-10-22,NO 15/9-F-4 AH,5693,15/9-F-4,3420717,VOLVE,369304,MÆRSK INSPIRER,0.0,,,injection,WI,,,,,0.0,,0.0,,,,,,
2011-10-23,NO 15/9-F-4 AH,5693,15/9-F-4,3420717,VOLVE,369304,MÆRSK INSPIRER,0.0,,,injection,WI,,,,,0.0,,0.0,,,,,,
2011-10-24,NO 15/9-F-4 AH,5693,15/9-F-4,3420717,VOLVE,369304,MÆRSK INSPIRER,0.0,,,injection,WI,,,,,0.0,,0.0,,,,,,
2011-10-25,NO 15/9-F-4 AH,5693,15/9-F-4,3420717,VOLVE,369304,MÆRSK INSPIRER,0.0,,,injection,WI,,,,,0.0,,0.0,,,,,,
2011-10-26,NO 15/9-F-4 AH,5693,15/9-F-4,3420717,VOLVE,369304,MÆRSK INSPIRER,0.0,,,injection,WI,,,,,0.0,,0.0,,,,,,
2011-10-27,NO 15/9-F-4 AH,5693,15/9-F-4,3420717,VOLVE,369304,MÆRSK INSPIRER,0.0,,,injection,WI,,,,,0.0,,0.0,,,,,,
2011-10-28,NO 15/9-F-4 AH,5693,15/9-F-4,3420717,VOLVE,369304,MÆRSK INSPIRER,0.0,,,injection,WI,,,,,0.0,,0.0,,,,,,
2011-10-29,NO 15/9-F-4 AH,5693,15/9-F-4,3420717,VOLVE,369304,MÆRSK INSPIRER,0.0,,,injection,WI,,,,,0.0,,0.0,,,,,,
2011-10-30,NO 15/9-F-4 AH,5693,15/9-F-4,3420717,VOLVE,369304,MÆRSK INSPIRER,0.0,,,injection,WI,,,,,0.0,,0.0,,,,,,
2011-10-31,NO 15/9-F-4 AH,5693,15/9-F-4,3420717,VOLVE,369304,MÆRSK INSPIRER,0.0,,,injection,WI,,,,,0.0,,0.0,,,,,,
2011-11-01,NO 15/9-F-4 AH,5693,15/9-F-4,3420717,VOLVE,369304,MÆRSK INSPIRER,0.0,,,injection,WI,,,,,0.0,,0.0,,,,,,
2011-11-02,NO 15/9-F-4 AH,5693,15/9-F-4,3420717,VOLVE,369304,MÆRSK INSPIRER,0.0,,,injection,WI,,,,,0.0,,0.0,,,,,,
2011-11-03,NO 15/9-F-4 AH,5693,15/9-F-4,3420717,VOLVE,369304,MÆRSK INSPIRER,0.0,,,injection,WI,,,,,0.0,,0.0,,,,,,
2011-11-04,NO 15/9-F-4 AH,5693,15/9-F-4,3420717,VOLVE,369304,MÆRSK INSPIRER,0.0,,,injection,WI,,,,,0.0,,0.0,,,,,,
2011-11-05,NO 15/9-F-4 AH,5693,15/9-F-4,3420717,VOLVE,369304,MÆRSK INSPIRER,15.85833,,,injection,WI,,,,,0.0,,15135.682540448937,,,,,,
2011-11-06,NO 15/9-F-4 AH,5693,15/9-F-4,3420717,VOLVE,369304,MÆRSK INSPIRER,24.0,,,injection,WI,,,,,0.0,,34495.376512670584,,,,,,
2011-11-07,NO 15/9-F-4 AH,5693,15/9-F-4,3420717,VOLVE,369304,MÆRSK INSPIRER,24.0,,,injection,WI,,,,,0.0,,39091.16915,,,,,,
2011-11-08,NO 15/9-F-4 AH,5693,15/9-F-4,3420717,VOLVE,369304,MÆRSK INSPIRER,24.0,,,injection,WI,,,,,0.0,,36493.905091212124,,,,,,
2011-11-09,NO 15/9-F-4 AH,5693,15/9-F-4,3420717,VOLVE,369304,MÆRSK INSPIRER,24.0,,,injection,WI,,,,,0.0,,37530.002431185836,,,,,,
2011-11-10,NO 15/9-F-4 AH,5693,15/9-F-4,3420717,VOLVE,369304,MÆRSK INSPIRER,24.0,,,injection,WI,,,,,0.0,,37587.90456,,,,,,
2011-11-11,NO 15/9-F-4 AH,5693,15/9-F-4,3420717,VOLVE,369304,MÆRSK INSPIRER,11.80833,,,injection,WI,,,,,0.0,,18271.739284712585,,,,,,
2011-11-12,NO 15/9-F-4 AH,5693,15/9-F-4,3420717,VOLVE,369304,MÆRSK INSPIRER,15.85833,,,injection,WI,,,,,0.0,,22684.262883243347,,,,,,
2011-11-13,NO 15/9-F-4 AH,5693,15/9-F-4,3420717,VOLVE,369304,MÆRSK INSPIRER,24.0,,,injection,WI,,,,,0.0,,39685.70927456125,,,,,,
2011-11-14,NO 15/9-F-4 AH,5693,15/9-F-4,3420717,VOLVE,369304,MÆRSK INSPIRER,24.0,,,injection,WI,,,,,0.0,,40251.259995047534,,,,,,
2011-11-15,NO 15/9-F-4 AH,5693,15/9-F-4,3420717,VOLVE,369304,MÆRSK INSPIRER,24.0,,,injection,WI,,,,,0.0,,40333.15728251745,,,,,,
2011-11-16,NO 15/9-F-4 AH,5693,15/9-F-4,3420717,VOLVE,369304,MÆRSK INSPIRER,24.0,,,injection,WI,,,,,0.0,,40578.597791015854,,,,,,
2011-11-17,NO 15/9-F-4 AH,5693,15/9-F-4,3420717,VOLVE,369304,MÆRSK INSPIRER,24.0,,,injection,WI,,,,,0.0,,40530.52502477825,,,,,,
2011-11-18,NO 15/9-F-4 AH,5693,15/9-F-4,3420717,VOLVE,369304,MÆRSK INSPIRER,24.0,,,injection,WI,,,,,0.0,,40120.556115759195,,,,,,
2011-11-19,NO 15/9-F-4 AH,5693,15/9-F-4,3420717,VOLVE,369304,MÆRSK INSPIRER,24.0,,,injection,WI,,,,,0.0,,40878.98487412734,,,,,,
2011-11-20,NO 15/9-F-4 AH,5693,15/9-F-4,3420717,VOLVE,369304,MÆRSK INSPIRER,24.0,,,injection,WI,,,,,0.0,,40713.94013,,,,,,
2011-11-21,NO 15/9-F-4 AH,5693,15/9-F-4,3420717,VOLVE,369304,MÆRSK INSPIRER,24.0,,,injection,WI,,,,,0.0,,40876.217228,,,,,,
2011-11-22,NO 15/9-F-4 AH,5693,15/9-F-4,3420717,VOLVE,369304,MÆRSK INSPIRER,24.0,,,injection,WI,,,,,0.0,,40979.46548910639,,,,,,
2011-11-23,NO 15/9-F-4 AH,5693,15/9-F-4,3420717,VOLVE,369304,MÆRSK INSPIRER,24.0,,,injection,WI,,,,,0.0,,41566.373693182475,,,,,,
2011-11-24,NO 15/9-F-4 AH,5693,15/9-F-4,3420717,VOLVE,369304,MÆRSK INSPIRER,23.475,,,injection,WI,,,,,0.0,,40519.5738562429,,,,,,
2011-11-25,NO 15/9-F-4 AH,5693,15/9-F-4,3420717,VOLVE,369304,MÆRSK INSPIRER,0.0,,,injection,WI,,,,,0.0,,0.0,,,,,,
2011-11-26,NO 15/9-F-4 AH,5693,15/9-F-4,3420717,VOLVE,369304,MÆRSK INSPIRER,0.0,,,injection,WI,,,,,0.0,,0.0,,,,,,
2011-11-27,NO 15/9-F-4 AH,5693,15/9-F-4,3420717,VOLVE,369304,MÆRSK INSPIRER,0.275,,,injection,WI,,,,,0.0,,213.0115637569896,,,,,,
2011-11-28,NO 15/9-F-4 AH,5693,15/9-F-4,3420717,VOLVE,369304,MÆRSK INSPIRER,22.83333,,,injection,WI,,,,,0.0,,35075.24344086956,,,,,,
2011-11-29,NO 15/9-F-4 AH,5693,15/9-F-4,3420717,VOLVE,369304,MÆRSK INSPIRER,1.05833,,,injection,WI,,,,,0.0,,1242.349952527325,,,,,,
2011-11-30,NO 15/9-F-4 AH,5693,15/9-F-4,3420717,VOLVE,369304,MÆRSK INSPIRER,0.0,,,injection,WI,,,,,0.0,,0.28682057750833334,,,,,,
2011-12-01,NO 15/9-F-4 AH,5693,15/9-F-4,3420717,VOLVE,369304,MÆRSK INSPIRER,0.0,,,injection,WI,,,,,0.0,,0.0790864984875,,,,,,
2011-12-02,NO 15/9-F-4 AH,5693,15/9-F-4,3420717,VOLVE,369304,MÆRSK INSPIRER,19.15834,,,injection,WI,,,,,0.0,,29791.685065,,,,,,
2011-12-03,NO 15/9-F-4 AH,5693,15/9-F-4,3420717,VOLVE,369304,MÆRSK INSPIRER,0.0,,,injection,WI,,,,,0.0,,0.0,,,,,,
2011-12-04,NO 15/9-F-4 AH,5693,15/9-F-4,3420717,VOLVE,369304,MÆRSK INSPIRER,0.0,,,injection,WI,,,,,0.0,,0.0,,,,,,
2011-12-05,NO 15/9-F-4 AH,5693,15/9-F-4,3420717,VOLVE,369304,MÆRSK INSPIRER,16.525,,,injection,WI,,,,,0.0,,26363.167105828496,,,,,,
2011-12-06,NO 15/9-F-4 AH,5693,15/9-F-4,3420717,VOLVE,369304,MÆRSK INSPIRER,4.64167,,,injection,WI,,,,,0.0,,6725.064852,,,,,,
2011-12-07,NO 15/9-F-4 AH,5693,15/9-F-4,3420717,VOLVE,369304,MÆRSK INSPIRER,18.85833,,,injection,WI,,,,,0.0,,30658.98257613677,,,,,,
2011-12-08,NO 15/9-F-4 AH,5693,15/9-F-4,3420717,VOLVE,369304,MÆRSK INSPIRER,14.39167,,,injection,WI,,,,,0.0,,23189.84250612444,,,,,,
2011-12-09,NO 15/9-F-4 AH,5693,15/9-F-4,3420717,VOLVE,369304,MÆRSK INSPIRER,0.0,,,injection,WI,,,,,0.0,,0.13179772704166667,,,,,,
2011-12-10,NO 15/9-F-4 AH,5693,15/9-F-4,3420717,VOLVE,369304,MÆRSK INSPIRER,7.19166,,,injection,WI,,,,,0.0,,9844.201036374228,,,,,,
2011-12-11,NO 15/9-F-4 AH,5693,15/9-F-4,3420717,VOLVE,369304,MÆRSK INSPIRER,24.0,,,injection,WI,,,,,0.0,,38640.87874699401,,,,,,
2011-12-12,NO 15/9-F-4 AH,5693,15/9-F-4,3420717,VOLVE,369304,MÆRSK INSPIRER,24.0,,,injection,WI,,,,,0.0,,40023.10950594682,,,,,,
2011-12-13,NO 15/9-F-4 AH,5693,15/9-F-4,3420717,VOLVE,369304,MÆRSK INSPIRER,4.30833,,,injection,WI,,,,,0.0,,6610.5903100000005,,,,,,
2011-12-14,NO 15/9-F-4 AH,5693,15/9-F-4,3420717,VOLVE,369304,MÆRSK INSPIRER,1.025,,,injection,WI,,,,,0.0,,1226.51295,,,,,,
2011-12-15,NO 15/9-F-4 AH,5693,15/9-F-4,3420717,VOLVE,369304,MÆRSK INSPIRER,24.0,,,injection,WI,,,,,0.0,,37801.7581,,,,,,
2011-12-16,NO 15/9-F-4 AH,5693,15/9-F-4,3420717,VOLVE,369304,MÆRSK INSPIRER,24.0,,,injection,WI,,,,,0.0,,37126.84760224442,,,,,,
2011-12-17,NO 15/9-F-4 AH,5693,15/9-F-4,3420717,VOLVE,369304,MÆRSK INSPIRER,21.14167,,,injection,WI,,,,,0.0,,32517.18814578153,,,,,,
2011-12-18,NO 15/9-F-4 AH,5693,15/9-F-4,3420717,VOLVE,369304,MÆRSK INSPIRER,16.525,,,injection,WI,,,,,0.0,,23199.51778408053,,,,,,
2011-12-19,NO 15/9-F-4 AH,5693,15/9-F-4,3420717,VOLVE,369304,MÆRSK INSPIRER,24.0,,,injection,WI,,,,,0.0,,39846.63012441774,,,,,,
2011-12-20,NO 15/9-F-4 AH,5693,15/9-F-4,3420717,VOLVE,369304,MÆRSK INSPIRER,24.0,,,injection,WI,,,,,0.0,,40524.616849,,,,,,
2011-12-21,NO 15/9-F-4 AH,5693,15/9-F-4,3420717,VOLVE,369304,MÆRSK INSPIRER,24.0,,,injection,WI,,,,,0.0,,40744.14227627221,,,,,,
2011-12-22,NO 15/9-F-4 AH,5693,15/9-F-4,3420717,VOLVE,369304,MÆRSK INSPIRER,24.0,,,injection,WI,,,,,0.0,,38736.423866000005,,,,,,
2011-12-23,NO 15/9-F-4 AH,5693,15/9-F-4,3420717,VOLVE,369304,MÆRSK INSPIRER,24.0,,,injection,WI,,,,,0.0,,36839.279592199644,,,,,,
2011-12-24,NO 15/9-F-4 AH,5693,15/9-F-4,3420717,VOLVE,369304,MÆRSK INSPIRER,18.475,,,injection,WI,,,,,0.0,,27146.98714839131,,,,,,
2011-12-25,NO 15/9-F-4 AH,5693,15/9-F-4,3420717,VOLVE,369304,MÆRSK INSPIRER,0.0,,,injection,WI,,,,,0.0,,6.15421348979375,,,,,,
2011-12-26,NO 15/9-F-4 AH,5693,15/9-F-4,3420717,VOLVE,369304,MÆRSK INSPIRER,0.0,,,injection,WI,,,,,0.0,,0.0,,,,,,
2011-12-27,NO 15/9-F-4 AH,5693,15/9-F-4,3420717,VOLVE,369304,MÆRSK INSPIRER,19.44168,,,injection,WI,,,,,0.0,,28724.894815018455,,,,,,
2011-12-28,NO 15/9-F-4 AH,5693,15/9-F-4,3420717,VOLVE,369304,MÆRSK INSPIRER,10.475,,,injection,WI,,,,,0.0,,17364.907448,,,,,,
2011-12-29,NO 15/9-F-4 AH,5693,15/9-F-4,3420717,VOLVE,369304,MÆRSK INSPIRER,2.525,,,injection,WI,,,,,0.0,,2900.2313910000003,,,,,,
2011-12-30,NO 15/9-F-4 AH,5693,15/9-F-4,3420717,VOLVE,369304,MÆRSK INSPIRER,24.0,,,injection,WI,,,,,0.0,,36821.95784988315,,,,,,
2011-12-31,NO 15/9-F-4 AH,5693,15/9-F-4,3420717,VOLVE,369304,MÆRSK INSPIRER,24.0,,,injection,WI,,,,,0.0,,37953.342521000006,,,,,,
2012-01-01,NO 15/9-F-4 AH,5693,15/9-F-4,3420717,VOLVE,369304,MÆRSK INSPIRER,24.0,,,injection,WI,,,,,0.0,,38279.154679,,,,,,
2012-01-02,NO 15/9-F-4 AH,5693,15/9-F-4,3420717,VOLVE,369304,MÆRSK INSPIRER,24.0,,,injection,WI,,,,,0.0,,36765.558623994904,,,,,,
2012-01-03,NO 15/9-F-4 AH,5693,15/9-F-4,3420717,VOLVE,369304,MÆRSK INSPIRER,11.225,,,injection,WI,,,,,0.0,,0.0,,,,,,
2012-01-04,NO 15/9-F-4 AH,5693,15/9-F-4,3420717,VOLVE,369304,MÆRSK INSPIRER,0.0,,,injection,WI,,,,,0.0,,0.01769664251041667,,,,,,
2012-01-05,NO 15/9-F-4 AH,5693,15/9-F-4,3420717,VOLVE,369304,MÆRSK INSPIRER,0.0,,,injection,WI,,,,,0.0,,0.0,,,,,,
2012-01-06,NO 15/9-F-4 AH,5693,15/9-F-4,3420717,VOLVE,369304,MÆRSK INSPIRER,0.0,,,injection,WI,,,,,0.0,,0.0,,,,,,
2012-01-07,NO 15/9-F-4 AH,5693,15/9-F-4,3420717,VOLVE,369304,MÆRSK INSPIRER,0.0,,,injection,WI,,,,,0.0,,0.0,,,,,,
2012-01-08,NO 15/9-F-4 AH,5693,15/9-F-4,3420717,VOLVE,369304,MÆRSK INSPIRER,0.0,,,injection,WI,,,,,0.0,,0.0,,,,,,
2012-01-09,NO 15/9-F-4 AH,5693,15/9-F-4,3420717,VOLVE,369304,MÆRSK INSPIRER,0.0,,,injection,WI,,,,,0.0,,0.0,,,,,,
2012-01-10,NO 15/9-F-4 AH,5693,15/9-F-4,3420717,VOLVE,369304,MÆRSK INSPIRER,0.0,,,injection,WI,,,,,0.0,,0.0,,,,,,
2012-01-11,NO 15/9-F-4 AH,5693,15/9-F-4,3420717,VOLVE,369304,MÆRSK INSPIRER,0.0,,,injection,WI,,,,,0.0,,0.0,,,,,,
2012-01-12,NO 15/9-F-4 AH,5693,15/9-F-4,3420717,VOLVE,369304,MÆRSK INSPIRER,0.0,,,injection,WI,,,,,0.0,,0.0,,,,,,
2012-01-13,NO 15/9-F-4 AH,5693,15/9-F-4,3420717,VOLVE,369304,MÆRSK INSPIRER,0.0,,,injection,WI,,,,,0.0,,0.0,,,,,,
2012-01-14,NO 15/9-F-4 AH,5693,15/9-F-4,3420717,VOLVE,369304,MÆRSK INSPIRER,4.19167,,,injection,WI,,,,,0.0,,4747.561683908571,,,,,,
2012-01-15,NO 15/9-F-4 AH,5693,15/9-F-4,3420717,VOLVE,369304,MÆRSK INSPIRER,24.0,,,injection,WI,,,,,0.0,,34392.982872946064,,,,,,
2012-01-16,NO 15/9-F-4 AH,5693,15/9-F-4,3420717,VOLVE,369304,MÆRSK INSPIRER,24.0,,,injection,WI,,,,,0.0,,42681.077439619025,,,,,,
2012-01-17,NO 15/9-F-4 AH,5693,15/9-F-4,3420717,VOLVE,369304,MÆRSK INSPIRER,24.0,,,injection,WI,,,,,0.0,,30459.67397541088,,,,,,
2012-01-18,NO 15/9-F-4 AH,5693,15/9-F-4,3420717,VOLVE,369304,MÆRSK INSPIRER,24.0,,,injection,WI,,,,,0.0,,23367.251311911186,,,,,,
2012-01-19,NO 15/9-F-4 AH,5693,15/9-F-4,3420717,VOLVE,369304,MÆRSK INSPIRER,13.5,,,injection,WI,,,,,0.0,,22779.44106521696,,,,,,
2012-01-20,NO 15/9-F-4 AH,5693,15/9-F-4,3420717,VOLVE,369304,MÆRSK INSPIRER,24.0,,,injection,WI,,,,,0.0,,45447.917024613984,,,,,,
2012-01-21,NO 15/9-F-4 AH,5693,15/9-F-4,3420717,VOLVE,369304,MÆRSK INSPIRER,13.00834,,,injection,WI,,,,,0.0,,23571.573657777673,,,,,,
2012-01-22,NO 15/9-F-4 AH,5693,15/9-F-4,3420717,VOLVE,369304,MÆRSK INSPIRER,17.49166,,,injection,WI,,,,,0.0,,27966.070449877727,,,,,,
2012-01-23,NO 15/9-F-4 AH,5693,15/9-F-4,3420717,VOLVE,369304,MÆRSK INSPIRER,24.0,,,injection,WI,,,,,0.0,,43183.19629634569,,,,,,
2012-01-24,NO 15/9-F-4 AH,5693,15/9-F-4,3420717,VOLVE,369304,MÆRSK INSPIRER,24.0,,,injection,WI,,,,,0.0,,43267.51190568894,,,,,,
2012-01-25,NO 15/9-F-4 AH,5693,15/9-F-4,3420717,VOLVE,369304,MÆRSK INSPIRER,15.675,,,injection,WI,,,,,0.0,,25222.267089588953,,,,,,
2012-01-26,NO 15/9-F-4 AH,5693,15/9-F-4,3420717,VOLVE,369304,MÆRSK INSPIRER,15.15833,,,injection,WI,,,,,0.0,,10681.456997122994,,,,,,
2012-01-27,NO 15/9-F-4 AH,5693,15/9-F-4,3420717,VOLVE,369304,MÆRSK INSPIRER,24.0,,,injection,WI,,,,,0.0,,25713.018640019538,,,,,,
2012-01-28,NO 15/9-F-4 AH,5693,15/9-F-4,3420717,VOLVE,369304,MÆRSK INSPIRER,24.0,,,injection,WI,,,,,0.0,,36694.974732597475,,,,,,
2012-01-29,NO 15/9-F-4 AH,5693,15/9-F-4,3420717,VOLVE,369304,MÆRSK INSPIRER,24.0,,,injection,WI,,,,,0.0,,26298.121306961555,,,,,,
2012-01-30,NO 15/9-F-4 AH,5693,15/9-F-4,3420717,VOLVE,369304,MÆRSK INSPIRER,24.0,,,injection,WI,,,,,0.0,,15913.60679291769,,,,,,
2012-01-31,NO 15/9-F-4 AH,5693,15/9-F-4,3420717,VOLVE,369304,MÆRSK INSPIRER,24.0,,,injection,WI,,,,,0.0,,16479.79647161508,,,,,,
2012-02-01,NO 15/9-F-4 AH,5693,15/9-F-4,3420717,VOLVE,369304,MÆRSK INSPIRER,24.0,,,injection,WI,,,,,0.0,,28121.74051,,,,,,
2012-02-02,NO 15/9-F-4 AH,5693,15/9-F-4,3420717,VOLVE,369304,MÆRSK INSPIRER,24.0,,,injection,WI,,,,,0.0,,30397.773844183397,,,,,,
2012-02-03,NO 15/9-F-4 AH,5693,15/9-F-4,3420717,VOLVE,369304,MÆRSK INSPIRER,24.0,,,injection,WI,,,,,0.0,,35744.99023,,,,,,
2012-02-04,NO 15/9-F-4 AH,5693,15/9-F-4,3420717,VOLVE,369304,MÆRSK INSPIRER,24.0,,,injection,WI,,,,,0.0,,35858.20681,,,,,,
2012-02-05,NO 15/9-F-4 AH,5693,15/9-F-4,3420717,VOLVE,369304,MÆRSK INSPIRER,24.0,,,injection,WI,,,,,0.0,,34444.00288035253,,,,,,
2012-02-06,NO 15/9-F-4 AH,5693,15/9-F-4,3420717,VOLVE,369304,MÆRSK INSPIRER,24.0,,,injection,WI,,,,,0.0,,32348.49283,,,,,,
2012-02-07,NO 15/9-F-4 AH,5693,15/9-F-4,3420717,VOLVE,369304,MÆRSK INSPIRER,24.0,,,injection,WI,,,,,0.0,,31532.56945829722,,,,,,
2012-02-08,NO 15/9-F-4 AH,5693,15/9-F-4,3420717,VOLVE,369304,MÆRSK INSPIRER,24.0,,,injection,WI,,,,,0.0,,31450.936943,,,,,,
2012-02-09,NO 15/9-F-4 AH,5693,15/9-F-4,3420717,VOLVE,369304,MÆRSK INSPIRER,19.5,,,injection,WI,,,,,0.0,,24631.524941,,,,,,
2012-02-10,NO 15/9-F-4 AH,5693,15/9-F-4,3420717,VOLVE,369304,MÆRSK INSPIRER,23.58333,,,injection,WI,,,,,0.0,,37316.70375070612,,,,,,
2012-02-11,NO 15/9-F-4 AH,5693,15/9-F-4,3420717,VOLVE,369304,MÆRSK INSPIRER,24.0,,,injection,WI,,,,,0.0,,37245.29125939494,,,,,,
2012-02-12,NO 15/9-F-4 AH,5693,15/9-F-4,3420717,VOLVE,369304,MÆRSK INSPIRER,24.0,,,injection,WI,,,,,0.0,,30306.623959230896,,,,,,
2012-02-13,NO 15/9-F-4 AH,5693,15/9-F-4,3420717,VOLVE,369304,MÆRSK INSPIRER,24.0,,,injection,WI,,,,,0.0,,30515.98154959478,,,,,,
2012-02-14,NO 15/9-F-4 AH,5693,15/9-F-4,3420717,VOLVE,369304,MÆRSK INSPIRER,24.0,,,injection,WI,,,,,0.0,,30816.558143371185,,,,,,
2012-02-15,NO 15/9-F-4 AH,5693,15/9-F-4,3420717,VOLVE,369304,MÆRSK INSPIRER,24.0,,,injection,WI,,,,,0.0,,30871.223897623426,,,,,,
2012-02-16,NO 15/9-F-4 AH,5693,15/9-F-4,3420717,VOLVE,369304,MÆRSK INSPIRER,24.0,,,injection,WI,,,,,0.0,,33769.11306689921,,,,,,
2012-02-17,NO 15/9-F-4 AH,5693,15/9-F-4,3420717,VOLVE,369304,MÆRSK INSPIRER,24.0,,,injection,WI,,,,,0.0,,32404.932251705268,,,,,,
2012-02-18,NO 15/9-F-4 AH,5693,15/9-F-4,3420717,VOLVE,369304,MÆRSK INSPIRER,24.0,,,injection,WI,,,,,0.0,,31472.441528210813,,,,,,
2012-02-19,NO 15/9-F-4 AH,5693,15/9-F-4,3420717,VOLVE,369304,MÆRSK INSPIRER,24.0,,,injection,WI,,,,,0.0,,31484.85506315701,,,,,,
2012-02-20,NO 15/9-F-4 AH,5693,15/9-F-4,3420717,VOLVE,369304,MÆRSK INSPIRER,24.0,,,injection,WI,,,,,0.0,,32256.81277565222,,,,,,
2012-02-21,NO 15/9-F-4 AH,5693,15/9-F-4,3420717,VOLVE,369304,MÆRSK INSPIRER,24.0,,,injection,WI,,,,,0.0,,31761.087428236802,,,,,,
2012-02-22,NO 15/9-F-4 AH,5693,15/9-F-4,3420717,VOLVE,369304,MÆRSK INSPIRER,24.0,,,injection,WI,,,,,0.0,,31325.455319984885,,,,,,
2012-02-23,NO 15/9-F-4 AH,5693,15/9-F-4,3420717,VOLVE,369304,MÆRSK INSPIRER,24.0,,,injection,WI,,,,,0.0,,31104.033678794814,,,,,,
2012-02-24,NO 15/9-F-4 AH,5693,15/9-F-4,3420717,VOLVE,369304,MÆRSK INSPIRER,24.0,,,injection,WI,,,,,0.0,,31189.226935466042,,,,,,
2012-02-25,NO 15/9-F-4 AH,5693,15/9-F-4,3420717,VOLVE,369304,MÆRSK INSPIRER,24.0,,,injection,WI,,,,,0.0,,31695.251635785742,,,,,,
2012-02-26,NO 15/9-F-4 AH,5693,15/9-F-4,3420717,VOLVE,369304,MÆRSK INSPIRER,24.0,,,injection,WI,,,,,0.0,,30668.484579,,,,,,
2012-02-27,NO 15/9-F-4 AH,5693,15/9-F-4,3420717,VOLVE,369304,MÆRSK INSPIRER,24.0,,,injection,WI,,,,,0.0,,31422.38754913546,,,,,,
2012-02-28,NO 15/9-F-4 AH,5693,15/9-F-4,3420717,VOLVE,369304,MÆRSK INSPIRER,24.0,,,injection,WI,,,,,0.0,,31493.114178598207,,,,,,
2012-02-29,NO 15/9-F-4 AH,5693,15/9-F-4,3420717,VOLVE,369304,MÆRSK INSPIRER,24.0,,,injection,WI,,,,,0.0,,31737.523291915066,,,,,,
2012-03-01,NO 15/9-F-4 AH,5693,15/9-F-4,3420717,VOLVE,369304,MÆRSK INSPIRER,24.0,,,injection,WI,,,,,0.0,,32754.60714034261,,,,,,
2012-03-02,NO 15/9-F-4 AH,5693,15/9-F-4,3420717,VOLVE,369304,MÆRSK INSPIRER,24.0,,,injection,WI,,,,,0.0,,32339.10662909076,,,,,,
2012-03-03,NO 15/9-F-4 AH,5693,15/9-F-4,3420717,VOLVE,369304,MÆRSK INSPIRER,24.0,,,injection,WI,,,,,0.0,,32092.033348814457,,,,,,
2012-03-04,NO 15/9-F-4 AH,5693,15/9-F-4,3420717,VOLVE,369304,MÆRSK INSPIRER,24.0,,,injection,WI,,,,,0.0,,32309.04758516869,,,,,,
2012-03-05,NO 15/9-F-4 AH,5693,15/9-F-4,3420717,VOLVE,369304,MÆRSK INSPIRER,24.0,,,injection,WI,,,,,0.0,,32482.217419369135,,,,,,
2012-03-06,NO 15/9-F-4 AH,5693,15/9-F-4,3420717,VOLVE,369304,MÆRSK INSPIRER,24.0,,,injection,WI,,,,,0.0,,33555.501670170066,,,,,,
2012-03-07,NO 15/9-F-4 AH,5693,15/9-F-4,3420717,VOLVE,369304,MÆRSK INSPIRER,24.0,,,injection,WI,,,,,0.0,,34097.06001,,,,,,
2012-03-08,NO 15/9-F-4 AH,5693,15/9-F-4,3420717,VOLVE,369304,MÆRSK INSPIRER,24.0,,,injection,WI,,,,,0.0,,33795.14913,,,,,,
2012-03-09,NO 15/9-F-4 AH,5693,15/9-F-4,3420717,VOLVE,369304,MÆRSK INSPIRER,24.0,,,injection,WI,,,,,0.0,,32700.72219,,,,,,
2012-03-10,NO 15/9-F-4 AH,5693,15/9-F-4,3420717,VOLVE,369304,MÆRSK INSPIRER,24.0,,,injection,WI,,,,,0.0,,32335.913210000002,,,,,,
2012-03-11,NO 15/9-F-4 AH,5693,15/9-F-4,3420717,VOLVE,369304,MÆRSK INSPIRER,24.0,,,injection,WI,,,,,0.0,,32361.07245,,,,,,
2012-03-12,NO 15/9-F-4 AH,5693,15/9-F-4,3420717,VOLVE,369304,MÆRSK INSPIRER,24.0,,,injection,WI,,,,,0.0,,32323.333590000002,,,,,,
2012-03-13,NO 15/9-F-4 AH,5693,15/9-F-4,3420717,VOLVE,369304,MÆRSK INSPIRER,21.58334,,,injection,WI,,,,,0.0,,27190.642737000784,,,,,,
2012-03-14,NO 15/9-F-4 AH,5693,15/9-F-4,3420717,VOLVE,369304,MÆRSK INSPIRER,24.0,,,injection,WI,,,,,0.0,,28070.671888914123,,,,,,
2012-03-15,NO 15/9-F-4 AH,5693,15/9-F-4,3420717,VOLVE,369304,MÆRSK INSPIRER,22.58333,,,injection,WI,,,,,0.0,,27687.096465380233,,,,,,
2012-03-16,NO 15/9-F-4 AH,5693,15/9-F-4,3420717,VOLVE,369304,MÆRSK INSPIRER,24.0,,,injection,WI,,,,,0.0,,33156.850166977376,,,,,,
2012-03-17,NO 15/9-F-4 AH,5693,15/9-F-4,3420717,VOLVE,369304,MÆRSK INSPIRER,24.0,,,injection,WI,,,,,0.0,,32332.68960637313,,,,,,
2012-03-18,NO 15/9-F-4 AH,5693,15/9-F-4,3420717,VOLVE,369304,MÆRSK INSPIRER,24.0,,,injection,WI,,,,,0.0,,32355.870178287674,,,,,,
2012-03-19,NO 15/9-F-4 AH,5693,15/9-F-4,3420717,VOLVE,369304,MÆRSK INSPIRER,24.0,,,injection,WI,,,,,0.0,,24382.528986361394,,,,,,
2012-03-20,NO 15/9-F-4 AH,5693,15/9-F-4,3420717,VOLVE,369304,MÆRSK INSPIRER,24.0,,,injection,WI,,,,,0.0,,30901.472833530144,,,,,,
2012-03-21,NO 15/9-F-4 AH,5693,15/9-F-4,3420717,VOLVE,369304,MÆRSK INSPIRER,24.0,,,injection,WI,,,,,0.0,,30288.718783311433,,,,,,
2012-03-22,NO 15/9-F-4 AH,5693,15/9-F-4,3420717,VOLVE,369304,MÆRSK INSPIRER,24.0,,,injection,WI,,,,,0.0,,30603.03274013813,,,,,,
2012-03-23,NO 15/9-F-4 AH,5693,15/9-F-4,3420717,VOLVE,369304,MÆRSK INSPIRER,24.0,,,injection,WI,,,,,0.0,,30758.60025146024,,,,,,
2012-03-24,NO 15/9-F-4 AH,5693,15/9-F-4,3420717,VOLVE,369304,MÆRSK INSPIRER,23.375,,,injection,WI,,,,,0.0,,28203.247012885,,,,,,
2012-03-25,NO 15/9-F-4 AH,5693,15/9-F-4,3420717,VOLVE,369304,MÆRSK INSPIRER,19.54167,,,injection,WI,,,,,0.0,,22391.31532980025,,,,,,
2012-03-26,NO 15/9-F-4 AH,5693,15/9-F-4,3420717,VOLVE,369304,MÆRSK INSPIRER,24.0,,,injection,WI,,,,,0.0,,22262.61315103839,,,,,,
2012-03-27,NO 15/9-F-4 AH,5693,15/9-F-4,3420717,VOLVE,369304,MÆRSK INSPIRER,24.0,,,injection,WI,,,,,0.0,,22937.37934875917,,,,,,
2012-03-28,NO 15/9-F-4 AH,5693,15/9-F-4,3420717,VOLVE,369304,MÆRSK INSPIRER,24.0,,,injection,WI,,,,,0.0,,30891.590872417455,,,,,,
2012-03-29,NO 15/9-F-4 AH,5693,15/9-F-4,3420717,VOLVE,369304,MÆRSK INSPIRER,24.0,,,injection,WI,,,,,0.0,,25708.7350815426,,,,,,
2012-03-30,NO 15/9-F-4 AH,5693,15/9-F-4,3420717,VOLVE,369304,MÆRSK INSPIRER,24.0,,,injection,WI,,,,,0.0,,32359.910867544855,,,,,,
2012-03-31,NO 15/9-F-4 AH,5693,15/9-F-4,3420717,VOLVE,369304,MÆRSK INSPIRER,24.0,,,injection,WI,,,,,0.0,,32526.05936587627,,,,,,
2012-04-01,NO 15/9-F-4 AH,5693,15/9-F-4,3420717,VOLVE,369304,MÆRSK INSPIRER,24.0,,,injection,WI,,,,,0.0,,32210.77065229671,,,,,,
2012-04-02,NO 15/9-F-4 AH,5693,15/9-F-4,3420717,VOLVE,369304,MÆRSK INSPIRER,24.0,,,injection,WI,,,,,0.0,,32247.801830049084,,,,,,
2012-04-03,NO 15/9-F-4 AH,5693,15/9-F-4,3420717,VOLVE,369304,MÆRSK INSPIRER,24.0,,,injection,WI,,,,,0.0,,32481.207821000004,,,,,,
2012-04-04,NO 15/9-F-4 AH,5693,15/9-F-4,3420717,VOLVE,369304,MÆRSK INSPIRER,24.0,,,injection,WI,,,,,0.0,,32048.468893,,,,,,
2012-04-05,NO 15/9-F-4 AH,5693,15/9-F-4,3420717,VOLVE,369304,MÆRSK INSPIRER,24.0,,,injection,WI,,,,,0.0,,32026.86554204766,,,,,,
2012-04-06,NO 15/9-F-4 AH,5693,15/9-F-4,3420717,VOLVE,369304,MÆRSK INSPIRER,24.0,,,injection,WI,,,,,0.0,,32739.090031000003,,,,,,
2012-04-07,NO 15/9-F-4 AH,5693,15/9-F-4,3420717,VOLVE,369304,MÆRSK INSPIRER,24.0,,,injection,WI,,,,,0.0,,31372.943299,,,,,,
2012-04-08,NO 15/9-F-4 AH,5693,15/9-F-4,3420717,VOLVE,369304,MÆRSK INSPIRER,24.0,,,injection,WI,,,,,0.0,,32016.390862,,,,,,
2012-04-09,NO 15/9-F-4 AH,5693,15/9-F-4,3420717,VOLVE,369304,MÆRSK INSPIRER,24.0,,,injection,WI,,,,,0.0,,31376.271861210495,,,,,,
2012-04-10,NO 15/9-F-4 AH,5693,15/9-F-4,3420717,VOLVE,369304,MÆRSK INSPIRER,24.0,,,injection,WI,,,,,0.0,,31405.217020403248,,,,,,
2012-04-11,NO 15/9-F-4 AH,5693,15/9-F-4,3420717,VOLVE,369304,MÆRSK INSPIRER,24.0,,,injection,WI,,,,,0.0,,30762.537719693817,,,,,,
2012-04-12,NO 15/9-F-4 AH,5693,15/9-F-4,3420717,VOLVE,369304,MÆRSK INSPIRER,24.0,,,injection,WI,,,,,0.0,,30568.551941440783,,,,,,
2012-04-13,NO 15/9-F-4 AH,5693,15/9-F-4,3420717,VOLVE,369304,MÆRSK INSPIRER,24.0,,,injection,WI,,,,,0.0,,30752.446678744836,,,,,,
2012-04-14,NO 15/9-F-4 AH,5693,15/9-F-4,3420717,VOLVE,369304,MÆRSK INSPIRER,24.0,,,injection,WI,,,,,0.0,,30615.728010088376,,,,,,
2012-04-15,NO 15/9-F-4 AH,5693,15/9-F-4,3420717,VOLVE,369304,MÆRSK INSPIRER,24.0,,,injection,WI,,,,,0.0,,30514.937151541442,,,,,,
2012-04-16,NO 15/9-F-4 AH,5693,15/9-F-4,3420717,VOLVE,369304,MÆRSK INSPIRER,24.0,,,injection,WI,,,,,0.0,,30545.340704081736,,,,,,
2012-04-17,NO 15/9-F-4 AH,5693,15/9-F-4,3420717,VOLVE,369304,MÆRSK INSPIRER,24.0,,,injection,WI,,,,,0.0,,30663.608393314487,,,,,,
2012-04-18,NO 15/9-F-4 AH,5693,15/9-F-4,3420717,VOLVE,369304,MÆRSK INSPIRER,24.0,,,injection,WI,,,,,0.0,,32485.05664615502,,,,,,
2012-04-19,NO 15/9-F-4 AH,5693,15/9-F-4,3420717,VOLVE,369304,MÆRSK INSPIRER,24.0,,,injection,WI,,,,,0.0,,28473.96987,,,,,,
2012-04-20,NO 15/9-F-4 AH,5693,15/9-F-4,3420717,VOLVE,369304,MÆRSK INSPIRER,24.0,,,injection,WI,,,,,0.0,,33279.38471,,,,,,
2012-04-21,NO 15/9-F-4 AH,5693,15/9-F-4,3420717,VOLVE,369304,MÆRSK INSPIRER,24.0,,,injection,WI,,,,,0.0,,23269.68485501077,,,,,,
2012-04-22,NO 15/9-F-4 AH,5693,15/9-F-4,3420717,VOLVE,369304,MÆRSK INSPIRER,24.0,,,injection,WI,,,,,0.0,,33537.89047210774,,,,,,
2012-04-23,NO 15/9-F-4 AH,5693,15/9-F-4,3420717,VOLVE,369304,MÆRSK INSPIRER,24.0,,,injection,WI,,,,,0.0,,34078.19058,,,,,,
2012-04-24,NO 15/9-F-4 AH,5693,15/9-F-4,3420717,VOLVE,369304,MÆRSK INSPIRER,24.0,,,injection,WI,,,,,0.0,,33904.573451202916,,,,,,
2012-04-25,NO 15/9-F-4 AH,5693,15/9-F-4,3420717,VOLVE,369304,MÆRSK INSPIRER,24.0,,,injection,WI,,,,,0.0,,25535.726339859273,,,,,,
2012-04-26,NO 15/9-F-4 AH,5693,15/9-F-4,3420717,VOLVE,369304,MÆRSK INSPIRER,24.0,,,injection,WI,,,,,0.0,,32973.61031289712,,,,,,
2012-04-27,NO 15/9-F-4 AH,5693,15/9-F-4,3420717,VOLVE,369304,MÆRSK INSPIRER,24.0,,,injection,WI,,,,,0.0,,31968.969889117045,,,,,,
2012-04-28,NO 15/9-F-4 AH,5693,15/9-F-4,3420717,VOLVE,369304,MÆRSK INSPIRER,24.0,,,injection,WI,,,,,0.0,,25593.24190743385,,,,,,
2012-04-29,NO 15/9-F-4 AH,5693,15/9-F-4,3420717,VOLVE,369304,MÆRSK INSPIRER,24.0,,,injection,WI,,,,,0.0,,25064.496804251088,,,,,,
2012-04-30,NO 15/9-F-4 AH,5693,15/9-F-4,3420717,VOLVE,369304,MÆRSK INSPIRER,24.0,,,injection,WI,,,,,0.0,,32388.983481875002,,,,,,
2012-05-01,NO 15/9-F-4 AH,5693,15/9-F-4,3420717,VOLVE,369304,MÆRSK INSPIRER,24.0,,,injection,WI,,,,,0.0,,31733.422574283697,,,,,,
2012-05-02,NO 15/9-F-4 AH,5693,15/9-F-4,3420717,VOLVE,369304,MÆRSK INSPIRER,24.0,,,injection,WI,,,,,0.0,,31147.479014780514,,,,,,
2012-05-03,NO 15/9-F-4 AH,5693,15/9-F-4,3420717,VOLVE,369304,MÆRSK INSPIRER,24.0,,,injection,WI,,,,,0.0,,28178.96323581437,,,,,,
2012-05-04,NO 15/9-F-4 AH,5693,15/9-F-4,3420717,VOLVE,369304,MÆRSK INSPIRER,24.0,,,injection,WI,,,,,0.0,,23874.689743996296,,,,,,
2012-05-05,NO 15/9-F-4 AH,5693,15/9-F-4,3420717,VOLVE,369304,MÆRSK INSPIRER,24.0,,,injection,WI,,,,,0.0,,28249.981184379158,,,,,,
2012-05-06,NO 15/9-F-4 AH,5693,15/9-F-4,3420717,VOLVE,369304,MÆRSK INSPIRER,24.0,,,injection,WI,,,,,0.0,,33768.73760848466,,,,,,
2012-05-07,NO 15/9-F-4 AH,5693,15/9-F-4,3420717,VOLVE,369304,MÆRSK INSPIRER,24.0,,,injection,WI,,,,,0.0,,33826.999447601585,,,,,,
2012-05-08,NO 15/9-F-4 AH,5693,15/9-F-4,3420717,VOLVE,369304,MÆRSK INSPIRER,24.0,,,injection,WI,,,,,0.0,,24407.143425295606,,,,,,
2012-05-09,NO 15/9-F-4 AH,5693,15/9-F-4,3420717,VOLVE,369304,MÆRSK INSPIRER,24.0,,,injection,WI,,,,,0.0,,34682.01234,,,,,,
2012-05-10,NO 15/9-F-4 AH,5693,15/9-F-4,3420717,VOLVE,369304,MÆRSK INSPIRER,24.0,,,injection,WI,,,,,0.0,,28058.374099575696,,,,,,
2012-05-11,NO 15/9-F-4 AH,5693,15/9-F-4,3420717,VOLVE,369304,MÆRSK INSPIRER,24.0,,,injection,WI,,,,,0.0,,21791.046745,,,,,,
2012-05-12,NO 15/9-F-4 AH,5693,15/9-F-4,3420717,VOLVE,369304,MÆRSK INSPIRER,21.125,,,injection,WI,,,,,0.0,,28684.049524,,,,,,
2012-05-13,NO 15/9-F-4 AH,5693,15/9-F-4,3420717,VOLVE,369304,MÆRSK INSPIRER,20.875,,,injection,WI,,,,,0.0,,29237.25743976391,,,,,,
2012-05-14,NO 15/9-F-4 AH,5693,15/9-F-4,3420717,VOLVE,369304,MÆRSK INSPIRER,24.0,,,injection,WI,,,,,0.0,,32896.335281,,,,,,
2012-05-15,NO 15/9-F-4 AH,5693,15/9-F-4,3420717,VOLVE,369304,MÆRSK INSPIRER,24.0,,,injection,WI,,,,,0.0,,35298.328925498936,,,,,,
2012-05-16,NO 15/9-F-4 AH,5693,15/9-F-4,3420717,VOLVE,369304,MÆRSK INSPIRER,24.0,,,injection,WI,,,,,0.0,,35635.76778680092,,,,,,
2012-05-17,NO 15/9-F-4 AH,5693,15/9-F-4,3420717,VOLVE,369304,MÆRSK INSPIRER,24.0,,,injection,WI,,,,,0.0,,35779.05493679981,,,,,,
2012-05-18,NO 15/9-F-4 AH,5693,15/9-F-4,3420717,VOLVE,369304,MÆRSK INSPIRER,24.0,,,injection,WI,,,,,0.0,,31809.409776755958,,,,,,
2012-05-19,NO 15/9-F-4 AH,5693,15/9-F-4,3420717,VOLVE,369304,MÆRSK INSPIRER,24.0,,,injection,WI,,,,,0.0,,27071.772254654043,,,,,,
2012-05-20,NO 15/9-F-4 AH,5693,15/9-F-4,3420717,VOLVE,369304,MÆRSK INSPIRER,24.0,,,injection,WI,,,,,0.0,,27557.09262884112,,,,,,
2012-05-21,NO 15/9-F-4 AH,5693,15/9-F-4,3420717,VOLVE,369304,MÆRSK INSPIRER,24.0,,,injection,WI,,,,,0.0,,32883.03747083854,,,,,,
2012-05-22,NO 15/9-F-4 AH,5693,15/9-F-4,3420717,VOLVE,369304,MÆRSK INSPIRER,19.08334,,,injection,WI,,,,,0.0,,24213.432522222593,,,,,,
2012-05-23,NO 15/9-F-4 AH,5693,15/9-F-4,3420717,VOLVE,369304,MÆRSK INSPIRER,24.0,,,injection,WI,,,,,0.0,,32893.65507764582,,,,,,
2012-05-24,NO 15/9-F-4 AH,5693,15/9-F-4,3420717,VOLVE,369304,MÆRSK INSPIRER,24.0,,,injection,WI,,,,,0.0,,26922.29050665403,,,,,,
2012-05-25,NO 15/9-F-4 AH,5693,15/9-F-4,3420717,VOLVE,369304,MÆRSK INSPIRER,24.0,,,injection,WI,,,,,0.0,,26839.778930131964,,,,,,
2012-05-26,NO 15/9-F-4 AH,5693,15/9-F-4,3420717,VOLVE,369304,MÆRSK INSPIRER,24.0,,,injection,WI,,,,,0.0,,33831.369046748194,,,,,,
2012-05-27,NO 15/9-F-4 AH,5693,15/9-F-4,3420717,VOLVE,369304,MÆRSK INSPIRER,24.0,,,injection,WI,,,,,0.0,,33077.379125231,,,,,,
2012-05-28,NO 15/9-F-4 AH,5693,15/9-F-4,3420717,VOLVE,369304,MÆRSK INSPIRER,24.0,,,injection,WI,,,,,0.0,,32708.228197661603,,,,,,
2012-05-29,NO 15/9-F-4 AH,5693,15/9-F-4,3420717,VOLVE,369304,MÆRSK INSPIRER,24.0,,,injection,WI,,,,,0.0,,22511.94936998385,,,,,,
2012-05-30,NO 15/9-F-4 AH,5693,15/9-F-4,3420717,VOLVE,369304,MÆRSK INSPIRER,24.0,,,injection,WI,,,,,0.0,,34317.25653379166,,,,,,
2012-05-31,NO 15/9-F-4 AH,5693,15/9-F-4,3420717,VOLVE,369304,MÆRSK INSPIRER,24.0,,,injection,WI,,,,,0.0,,34111.90261977387,,,,,,
2012-06-01,NO 15/9-F-4 AH,5693,15/9-F-4,3420717,VOLVE,369304,MÆRSK INSPIRER,24.0,,,injection,WI,,,,,0.0,,25693.87385,,,,,,
2012-06-02,NO 15/9-F-4 AH,5693,15/9-F-4,3420717,VOLVE,369304,MÆRSK INSPIRER,24.0,,,injection,WI,,,,,0.0,,28835.16712054331,,,,,,
2012-06-03,NO 15/9-F-4 AH,5693,15/9-F-4,3420717,VOLVE,369304,MÆRSK INSPIRER,24.0,,,injection,WI,,,,,0.0,,33983.84343,,,,,,
2012-06-04,NO 15/9-F-4 AH,5693,15/9-F-4,3420717,VOLVE,369304,MÆRSK INSPIRER,24.0,,,injection,WI,,,,,0.0,,33845.46761,,,,,,
2012-06-05,NO 15/9-F-4 AH,5693,15/9-F-4,3420717,VOLVE,369304,MÆRSK INSPIRER,24.0,,,injection,WI,,,,,0.0,,32076.334116712922,,,,,,
2012-06-06,NO 15/9-F-4 AH,5693,15/9-F-4,3420717,VOLVE,369304,MÆRSK INSPIRER,24.0,,,injection,WI,,,,,0.0,,24778.794021637284,,,,,,
2012-06-07,NO 15/9-F-4 AH,5693,15/9-F-4,3420717,VOLVE,369304,MÆRSK INSPIRER,24.0,,,injection,WI,,,,,0.0,,32567.47344965453,,,,,,
2012-06-08,NO 15/9-F-4 AH,5693,15/9-F-4,3420717,VOLVE,369304,MÆRSK INSPIRER,24.0,,,injection,WI,,,,,0.0,,34258.19713759409,,,,,,
2012-06-09,NO 15/9-F-4 AH,5693,15/9-F-4,3420717,VOLVE,369304,MÆRSK INSPIRER,24.0,,,injection,WI,,,,,0.0,,34519.75259532371,,,,,,
2012-06-10,NO 15/9-F-4 AH,5693,15/9-F-4,3420717,VOLVE,369304,MÆRSK INSPIRER,24.0,,,injection,WI,,,,,0.0,,27887.629986947966,,,,,,
2012-06-11,NO 15/9-F-4 AH,5693,15/9-F-4,3420717,VOLVE,369304,MÆRSK INSPIRER,24.0,,,injection,WI,,,,,0.0,,26829.962956988435,,,,,,
2012-06-12,NO 15/9-F-4 AH,5693,15/9-F-4,3420717,VOLVE,369304,MÆRSK INSPIRER,24.0,,,injection,WI,,,,,0.0,,33873.28880897405,,,,,,
2012-06-13,NO 15/9-F-4 AH,5693,15/9-F-4,3420717,VOLVE,369304,MÆRSK INSPIRER,22.66667,,,injection,WI,,,,,0.0,,31260.011218899694,,,,,,
2012-06-14,NO 15/9-F-4 AH,5693,15/9-F-4,3420717,VOLVE,369304,MÆRSK INSPIRER,24.0,,,injection,WI,,,,,0.0,,34801.67795785053,,,,,,
2012-06-15,NO 15/9-F-4 AH,5693,15/9-F-4,3420717,VOLVE,369304,MÆRSK INSPIRER,24.0,,,injection,WI,,,,,0.0,,28003.245792696056,,,,,,
2012-06-16,NO 15/9-F-4 AH,5693,15/9-F-4,3420717,VOLVE,369304,MÆRSK INSPIRER,24.0,,,injection,WI,,,,,0.0,,22112.83042383648,,,,,,
2012-06-17,NO 15/9-F-4 AH,5693,15/9-F-4,3420717,VOLVE,369304,MÆRSK INSPIRER,24.0,,,injection,WI,,,,,0.0,,34513.51351133099,,,,,,
2012-06-18,NO 15/9-F-4 AH,5693,15/9-F-4,3420717,VOLVE,369304,MÆRSK INSPIRER,24.0,,,injection,WI,,,,,0.0,,35128.84222320246,,,,,,
2012-06-19,NO 15/9-F-4 AH,5693,15/9-F-4,3420717,VOLVE,369304,MÆRSK INSPIRER,24.0,,,injection,WI,,,,,0.0,,34688.18645287618,,,,,,
2012-06-20,NO 15/9-F-4 AH,5693,15/9-F-4,3420717,VOLVE,369304,MÆRSK INSPIRER,15.5,,,injection,WI,,,,,0.0,,20385.654769712542,,,,,,
2012-06-21,NO 15/9-F-4 AH,5693,15/9-F-4,3420717,VOLVE,369304,MÆRSK INSPIRER,24.0,,,injection,WI,,,,,0.0,,30948.355703994963,,,,,,
2012-06-22,NO 15/9-F-4 AH,5693,15/9-F-4,3420717,VOLVE,369304,MÆRSK INSPIRER,24.0,,,injection,WI,,,,,0.0,,27112.57554415585,,,,,,
2012-06-23,NO 15/9-F-4 AH,5693,15/9-F-4,3420717,VOLVE,369304,MÆRSK INSPIRER,24.0,,,injection,WI,,,,,0.0,,26878.030058465905,,,,,,
2012-06-24,NO 15/9-F-4 AH,5693,15/9-F-4,3420717,VOLVE,369304,MÆRSK INSPIRER,24.0,,,injection,WI,,,,,0.0,,26264.983816434025,,,,,,
2012-06-25,NO 15/9-F-4 AH,5693,15/9-F-4,3420717,VOLVE,369304,MÆRSK INSPIRER,24.0,,,injection,WI,,,,,0.0,,28874.630767,,,,,,
2012-06-26,NO 15/9-F-4 AH,5693,15/9-F-4,3420717,VOLVE,369304,MÆRSK INSPIRER,24.0,,,injection,WI,,,,,0.0,,33293.04366663751,,,,,,
2012-06-27,NO 15/9-F-4 AH,5693,15/9-F-4,3420717,VOLVE,369304,MÆRSK INSPIRER,24.0,,,injection,WI,,,,,0.0,,33297.38215743216,,,,,,
2012-06-28,NO 15/9-F-4 AH,5693,15/9-F-4,3420717,VOLVE,369304,MÆRSK INSPIRER,24.0,,,injection,WI,,,,,0.0,,32956.91970453017,,,,,,
2012-06-29,NO 15/9-F-4 AH,5693,15/9-F-4,3420717,VOLVE,369304,MÆRSK INSPIRER,24.0,,,injection,WI,,,,,0.0,,32892.13224257408,,,,,,
2012-06-30,NO 15/9-F-4 AH,5693,15/9-F-4,3420717,VOLVE,369304,MÆRSK INSPIRER,24.0,,,injection,WI,,,,,0.0,,27966.382203,,,,,,
2012-07-01,NO 15/9-F-4 AH,5693,15/9-F-4,3420717,VOLVE,369304,MÆRSK INSPIRER,24.0,,,injection,WI,,,,,0.0,,24678.069535,,,,,,
2012-07-02,NO 15/9-F-4 AH,5693,15/9-F-4,3420717,VOLVE,369304,MÆRSK INSPIRER,24.0,,,injection,WI,,,,,0.0,,31303.126408,,,,,,
2012-07-03,NO 15/9-F-4 AH,5693,15/9-F-4,3420717,VOLVE,369304,MÆRSK INSPIRER,24.0,,,injection,WI,,,,,0.0,,31980.538945,,,,,,
2012-07-04,NO 15/9-F-4 AH,5693,15/9-F-4,3420717,VOLVE,369304,MÆRSK INSPIRER,24.0,,,injection,WI,,,,,0.0,,32270.047855441942,,,,,,
2012-07-05,NO 15/9-F-4 AH,5693,15/9-F-4,3420717,VOLVE,369304,MÆRSK INSPIRER,24.0,,,injection,WI,,,,,0.0,,27097.759442,,,,,,
2012-07-06,NO 15/9-F-4 AH,5693,15/9-F-4,3420717,VOLVE,369304,MÆRSK INSPIRER,24.0,,,injection,WI,,,,,0.0,,26521.895432749152,,,,,,
2012-07-07,NO 15/9-F-4 AH,5693,15/9-F-4,3420717,VOLVE,369304,MÆRSK INSPIRER,24.0,,,injection,WI,,,,,0.0,,26398.717671479513,,,,,,
2012-07-08,NO 15/9-F-4 AH,5693,15/9-F-4,3420717,VOLVE,369304,MÆRSK INSPIRER,24.0,,,injection,WI,,,,,0.0,,30943.734127197495,,,,,,
2012-07-09,NO 15/9-F-4 AH,5693,15/9-F-4,3420717,VOLVE,369304,MÆRSK INSPIRER,24.0,,,injection,WI,,,,,0.0,,35434.472560069546,,,,,,
2012-07-10,NO 15/9-F-4 AH,5693,15/9-F-4,3420717,VOLVE,369304,MÆRSK INSPIRER,24.0,,,injection,WI,,,,,0.0,,35258.02647915328,,,,,,
2012-07-11,NO 15/9-F-4 AH,5693,15/9-F-4,3420717,VOLVE,369304,MÆRSK INSPIRER,24.0,,,injection,WI,,,,,0.0,,31876.75708,,,,,,
2012-07-12,NO 15/9-F-4 AH,5693,15/9-F-4,3420717,VOLVE,369304,MÆRSK INSPIRER,24.0,,,injection,WI,,,,,0.0,,27543.07799,,,,,,
2012-07-13,NO 15/9-F-4 AH,5693,15/9-F-4,3420717,VOLVE,369304,MÆRSK INSPIRER,24.0,,,injection,WI,,,,,0.0,,27624.84552,,,,,,
2012-07-14,NO 15/9-F-4 AH,5693,15/9-F-4,3420717,VOLVE,369304,MÆRSK INSPIRER,24.0,,,injection,WI,,,,,0.0,,33254.9849186943,,,,,,
2012-07-15,NO 15/9-F-4 AH,5693,15/9-F-4,3420717,VOLVE,369304,MÆRSK INSPIRER,24.0,,,injection,WI,,,,,0.0,,33612.60783008061,,,,,,
2012-07-16,NO 15/9-F-4 AH,5693,15/9-F-4,3420717,VOLVE,369304,MÆRSK INSPIRER,24.0,,,injection,WI,,,,,0.0,,32753.290175993683,,,,,,
2012-07-17,NO 15/9-F-4 AH,5693,15/9-F-4,3420717,VOLVE,369304,MÆRSK INSPIRER,24.0,,,injection,WI,,,,,0.0,,28897.763240213324,,,,,,
2012-07-18,NO 15/9-F-4 AH,5693,15/9-F-4,3420717,VOLVE,369304,MÆRSK INSPIRER,24.0,,,injection,WI,,,,,0.0,,28636.045004821655,,,,,,
2012-07-19,NO 15/9-F-4 AH,5693,15/9-F-4,3420717,VOLVE,369304,MÆRSK INSPIRER,24.0,,,injection,WI,,,,,0.0,,28014.31347078901,,,,,,
2012-07-20,NO 15/9-F-4 AH,5693,15/9-F-4,3420717,VOLVE,369304,MÆRSK INSPIRER,24.0,,,injection,WI,,,,,0.0,,30316.359840816713,,,,,,
2012-07-21,NO 15/9-F-4 AH,5693,15/9-F-4,3420717,VOLVE,369304,MÆRSK INSPIRER,24.0,,,injection,WI,,,,,0.0,,33639.225555154546,,,,,,
2012-07-22,NO 15/9-F-4 AH,5693,15/9-F-4,3420717,VOLVE,369304,MÆRSK INSPIRER,24.0,,,injection,WI,,,,,0.0,,33766.72621242117,,,,,,
2012-07-23,NO 15/9-F-4 AH,5693,15/9-F-4,3420717,VOLVE,369304,MÆRSK INSPIRER,24.0,,,injection,WI,,,,,0.0,,27220.580446556818,,,,,,
2012-07-24,NO 15/9-F-4 AH,5693,15/9-F-4,3420717,VOLVE,369304,MÆRSK INSPIRER,24.0,,,injection,WI,,,,,0.0,,28057.23046666584,,,,,,
2012-07-25,NO 15/9-F-4 AH,5693,15/9-F-4,3420717,VOLVE,369304,MÆRSK INSPIRER,24.0,,,injection,WI,,,,,0.0,,27996.590315419067,,,,,,
2012-07-26,NO 15/9-F-4 AH,5693,15/9-F-4,3420717,VOLVE,369304,MÆRSK INSPIRER,24.0,,,injection,WI,,,,,0.0,,28001.535466250483,,,,,,
2012-07-27,NO 15/9-F-4 AH,5693,15/9-F-4,3420717,VOLVE,369304,MÆRSK INSPIRER,24.0,,,injection,WI,,,,,0.0,,28698.544380661984,,,,,,
2012-07-28,NO 15/9-F-4 AH,5693,15/9-F-4,3420717,VOLVE,369304,MÆRSK INSPIRER,24.0,,,injection,WI,,,,,0.0,,36821.98160308854,,,,,,
2012-07-29,NO 15/9-F-4 AH,5693,15/9-F-4,3420717,VOLVE,369304,MÆRSK INSPIRER,24.0,,,injection,WI,,,,,0.0,,37319.77136573461,,,,,,
2012-07-30,NO 15/9-F-4 AH,5693,15/9-F-4,3420717,VOLVE,369304,MÆRSK INSPIRER,24.0,,,injection,WI,,,,,0.0,,33205.249197453064,,,,,,
2012-07-31,NO 15/9-F-4 AH,5693,15/9-F-4,3420717,VOLVE,369304,MÆRSK INSPIRER,24.0,,,injection,WI,,,,,0.0,,27038.45327690047,,,,,,
2012-08-01,NO 15/9-F-4 AH,5693,15/9-F-4,3420717,VOLVE,369304,MÆRSK INSPIRER,24.0,,,injection,WI,,,,,0.0,,26534.376629016046,,,,,,
2012-08-02,NO 15/9-F-4 AH,5693,15/9-F-4,3420717,VOLVE,369304,MÆRSK INSPIRER,24.0,,,injection,WI,,,,,0.0,,26038.24262478267,,,,,,
2012-08-03,NO 15/9-F-4 AH,5693,15/9-F-4,3420717,VOLVE,369304,MÆRSK INSPIRER,24.0,,,injection,WI,,,,,0.0,,29592.29028470447,,,,,,
2012-08-04,NO 15/9-F-4 AH,5693,15/9-F-4,3420717,VOLVE,369304,MÆRSK INSPIRER,24.0,,,injection,WI,,,,,0.0,,37019.11751736688,,,,,,
2012-08-05,NO 15/9-F-4 AH,5693,15/9-F-4,3420717,VOLVE,369304,MÆRSK INSPIRER,24.0,,,injection,WI,,,,,0.0,,38000.22945625453,,,,,,
2012-08-06,NO 15/9-F-4 AH,5693,15/9-F-4,3420717,VOLVE,369304,MÆRSK INSPIRER,24.0,,,injection,WI,,,,,0.0,,29942.46319394572,,,,,,
2012-08-07,NO 15/9-F-4 AH,5693,15/9-F-4,3420717,VOLVE,369304,MÆRSK INSPIRER,24.0,,,injection,WI,,,,,0.0,,27041.780133,,,,,,
2012-08-08,NO 15/9-F-4 AH,5693,15/9-F-4,3420717,VOLVE,369304,MÆRSK INSPIRER,24.0,,,injection,WI,,,,,0.0,,27348.09388,,,,,,
2012-08-09,NO 15/9-F-4 AH,5693,15/9-F-4,3420717,VOLVE,369304,MÆRSK INSPIRER,23.66667,,,injection,WI,,,,,0.0,,26378.205178,,,,,,
2012-08-10,NO 15/9-F-4 AH,5693,15/9-F-4,3420717,VOLVE,369304,MÆRSK INSPIRER,24.0,,,injection,WI,,,,,0.0,,26615.331015,,,,,,
2012-08-11,NO 15/9-F-4 AH,5693,15/9-F-4,3420717,VOLVE,369304,MÆRSK INSPIRER,24.0,,,injection,WI,,,,,0.0,,35963.875618,,,,,,
2012-08-12,NO 15/9-F-4 AH,5693,15/9-F-4,3420717,VOLVE,369304,MÆRSK INSPIRER,24.0,,,injection,WI,,,,,0.0,,30501.804613999997,,,,,,
2012-08-13,NO 15/9-F-4 AH,5693,15/9-F-4,3420717,VOLVE,369304,MÆRSK INSPIRER,4.45833,,,injection,WI,,,,,0.0,,4917.373458,,,,,,
2012-08-14,NO 15/9-F-4 AH,5693,15/9-F-4,3420717,VOLVE,369304,MÆRSK INSPIRER,0.0,,,injection,WI,,,,,0.0,,0.0,,,,,,
2012-08-15,NO 15/9-F-4 AH,5693,15/9-F-4,3420717,VOLVE,369304,MÆRSK INSPIRER,0.0,,,injection,WI,,,,,0.0,,0.0,,,,,,
2012-08-16,NO 15/9-F-4 AH,5693,15/9-F-4,3420717,VOLVE,369304,MÆRSK INSPIRER,0.0,,,injection,WI,,,,,0.0,,0.0,,,,,,
2012-08-17,NO 15/9-F-4 AH,5693,15/9-F-4,3420717,VOLVE,369304,MÆRSK INSPIRER,0.0,,,injection,WI,,,,,0.0,,0.0,,,,,,
2012-08-18,NO 15/9-F-4 AH,5693,15/9-F-4,3420717,VOLVE,369304,MÆRSK INSPIRER,0.0,,,injection,WI,,,,,0.0,,0.0,,,,,,
2012-08-19,NO 15/9-F-4 AH,5693,15/9-F-4,3420717,VOLVE,369304,MÆRSK INSPIRER,0.0,,,injection,WI,,,,,0.0,,0.0,,,,,,
2012-08-20,NO 15/9-F-4 AH,5693,15/9-F-4,3420717,VOLVE,369304,MÆRSK INSPIRER,0.0,,,injection,WI,,,,,0.0,,0.0,,,,,,
2012-08-21,NO 15/9-F-4 AH,5693,15/9-F-4,3420717,VOLVE,369304,MÆRSK INSPIRER,0.0,,,injection,WI,,,,,0.0,,0.0,,,,,,
2012-08-22,NO 15/9-F-4 AH,5693,15/9-F-4,3420717,VOLVE,369304,MÆRSK INSPIRER,0.0,,,injection,WI,,,,,0.0,,0.0,,,,,,
2012-08-23,NO 15/9-F-4 AH,5693,15/9-F-4,3420717,VOLVE,369304,MÆRSK INSPIRER,0.0,,,injection,WI,,,,,0.0,,0.0,,,,,,
2012-08-24,NO 15/9-F-4 AH,5693,15/9-F-4,3420717,VOLVE,369304,MÆRSK INSPIRER,0.0,,,injection,WI,,,,,0.0,,0.0,,,,,,
2012-08-25,NO 15/9-F-4 AH,5693,15/9-F-4,3420717,VOLVE,369304,MÆRSK INSPIRER,0.0,,,injection,WI,,,,,0.0,,0.0,,,,,,
2012-08-26,NO 15/9-F-4 AH,5693,15/9-F-4,3420717,VOLVE,369304,MÆRSK INSPIRER,0.0,,,injection,WI,,,,,0.0,,0.0,,,,,,
2012-08-27,NO 15/9-F-4 AH,5693,15/9-F-4,3420717,VOLVE,369304,MÆRSK INSPIRER,0.0,,,injection,WI,,,,,0.0,,0.0,,,,,,
2012-08-28,NO 15/9-F-4 AH,5693,15/9-F-4,3420717,VOLVE,369304,MÆRSK INSPIRER,0.0,,,injection,WI,,,,,0.0,,0.0,,,,,,
2012-08-29,NO 15/9-F-4 AH,5693,15/9-F-4,3420717,VOLVE,369304,MÆRSK INSPIRER,0.0,,,injection,WI,,,,,0.0,,0.0,,,,,,
2012-08-30,NO 15/9-F-4 AH,5693,15/9-F-4,3420717,VOLVE,369304,MÆRSK INSPIRER,0.0,,,injection,WI,,,,,0.0,,0.0,,,,,,
2012-08-31,NO 15/9-F-4 AH,5693,15/9-F-4,3420717,VOLVE,369304,MÆRSK INSPIRER,0.0,,,injection,WI,,,,,0.0,,0.0,,,,,,
2012-09-01,NO 15/9-F-4 AH,5693,15/9-F-4,3420717,VOLVE,369304,MÆRSK INSPIRER,0.0,,,injection,WI,,,,,0.0,,0.0,,,,,,
2012-09-02,NO 15/9-F-4 AH,5693,15/9-F-4,3420717,VOLVE,369304,MÆRSK INSPIRER,0.0,,,injection,WI,,,,,0.0,,0.0,,,,,,
2012-09-03,NO 15/9-F-4 AH,5693,15/9-F-4,3420717,VOLVE,369304,MÆRSK INSPIRER,0.0,,,injection,WI,,,,,0.0,,0.0,,,,,,
2012-09-04,NO 15/9-F-4 AH,5693,15/9-F-4,3420717,VOLVE,369304,MÆRSK INSPIRER,0.0,,,injection,WI,,,,,0.0,,0.0,,,,,,
2012-09-05,NO 15/9-F-4 AH,5693,15/9-F-4,3420717,VOLVE,369304,MÆRSK INSPIRER,0.0,,,injection,WI,,,,,0.0,,0.0,,,,,,
2012-09-06,NO 15/9-F-4 AH,5693,15/9-F-4,3420717,VOLVE,369304,MÆRSK INSPIRER,0.0,,,injection,WI,,,,,0.0,,0.0,,,,,,
2012-09-07,NO 15/9-F-4 AH,5693,15/9-F-4,3420717,VOLVE,369304,MÆRSK INSPIRER,0.0,,,injection,WI,,,,,0.0,,0.0,,,,,,
2012-09-08,NO 15/9-F-4 AH,5693,15/9-F-4,3420717,VOLVE,369304,MÆRSK INSPIRER,0.0,,,injection,WI,,,,,0.0,,0.0,,,,,,
2012-09-09,NO 15/9-F-4 AH,5693,15/9-F-4,3420717,VOLVE,369304,MÆRSK INSPIRER,0.0,,,injection,WI,,,,,0.0,,0.0,,,,,,
2012-09-10,NO 15/9-F-4 AH,5693,15/9-F-4,3420717,VOLVE,369304,MÆRSK INSPIRER,0.0,,,injection,WI,,,,,0.0,,0.0,,,,,,
2012-09-11,NO 15/9-F-4 AH,5693,15/9-F-4,3420717,VOLVE,369304,MÆRSK INSPIRER,0.0,,,injection,WI,,,,,0.0,,0.0,,,,,,
2012-09-12,NO 15/9-F-4 AH,5693,15/9-F-4,3420717,VOLVE,369304,MÆRSK INSPIRER,0.70833,,,injection,WI,,,,,0.0,,1398.9020274643897,,,,,,
2012-09-13,NO 15/9-F-4 AH,5693,15/9-F-4,3420717,VOLVE,369304,MÆRSK INSPIRER,2.625,,,injection,WI,,,,,0.0,,4239.33194,,,,,,
2012-09-14,NO 15/9-F-4 AH,5693,15/9-F-4,3420717,VOLVE,369304,MÆRSK INSPIRER,0.0,,,injection,WI,,,,,0.0,,0.0,,,,,,
2012-09-15,NO 15/9-F-4 AH,5693,15/9-F-4,3420717,VOLVE,369304,MÆRSK INSPIRER,0.0,,,injection,WI,,,,,0.0,,0.0,,,,,,
2012-09-16,NO 15/9-F-4 AH,5693,15/9-F-4,3420717,VOLVE,369304,MÆRSK INSPIRER,0.0,,,injection,WI,,,,,0.0,,0.0,,,,,,
2012-09-17,NO 15/9-F-4 AH,5693,15/9-F-4,3420717,VOLVE,369304,MÆRSK INSPIRER,0.0,,,injection,WI,,,,,0.0,,0.0,,,,,,
2012-09-18,NO 15/9-F-4 AH,5693,15/9-F-4,3420717,VOLVE,369304,MÆRSK INSPIRER,0.0,,,injection,WI,,,,,0.0,,0.0,,,,,,
2012-09-19,NO 15/9-F-4 AH,5693,15/9-F-4,3420717,VOLVE,369304,MÆRSK INSPIRER,0.0,,,injection,WI,,,,,0.0,,0.0,,,,,,
2012-09-20,NO 15/9-F-4 AH,5693,15/9-F-4,3420717,VOLVE,369304,MÆRSK INSPIRER,0.0,,,injection,WI,,,,,0.0,,0.0,,,,,,
2012-09-21,NO 15/9-F-4 AH,5693,15/9-F-4,3420717,VOLVE,369304,MÆRSK INSPIRER,0.0,,,injection,WI,,,,,0.0,,0.0,,,,,,
2012-09-22,NO 15/9-F-4 AH,5693,15/9-F-4,3420717,VOLVE,369304,MÆRSK INSPIRER,0.0,,,injection,WI,,,,,0.0,,0.0,,,,,,
2012-09-23,NO 15/9-F-4 AH,5693,15/9-F-4,3420717,VOLVE,369304,MÆRSK INSPIRER,0.0,,,injection,WI,,,,,0.0,,0.0,,,,,,
2012-09-24,NO 15/9-F-4 AH,5693,15/9-F-4,3420717,VOLVE,369304,MÆRSK INSPIRER,0.0,,,injection,WI,,,,,0.0,,0.0,,,,,,
2012-09-25,NO 15/9-F-4 AH,5693,15/9-F-4,3420717,VOLVE,369304,MÆRSK INSPIRER,0.0,,,injection,WI,,,,,0.0,,0.0,,,,,,
2012-09-26,NO 15/9-F-4 AH,5693,15/9-F-4,3420717,VOLVE,369304,MÆRSK INSPIRER,0.0,,,injection,WI,,,,,0.0,,0.0,,,,,,
2012-09-27,NO 15/9-F-4 AH,5693,15/9-F-4,3420717,VOLVE,369304,MÆRSK INSPIRER,0.0,,,injection,WI,,,,,0.0,,0.0,,,,,,
2012-09-28,NO 15/9-F-4 AH,5693,15/9-F-4,3420717,VOLVE,369304,MÆRSK INSPIRER,0.0,,,injection,WI,,,,,0.0,,0.0,,,,,,
2012-09-29,NO 15/9-F-4 AH,5693,15/9-F-4,3420717,VOLVE,369304,MÆRSK INSPIRER,4.325,,,injection,WI,,,,,0.0,,3598.4007216310442,,,,,,
2012-09-30,NO 15/9-F-4 AH,5693,15/9-F-4,3420717,VOLVE,369304,MÆRSK INSPIRER,24.0,,,injection,WI,,,,,0.0,,28659.519265,,,,,,
2012-10-01,NO 15/9-F-4 AH,5693,15/9-F-4,3420717,VOLVE,369304,MÆRSK INSPIRER,24.0,,,injection,WI,,,,,0.0,,37060.818482,,,,,,
2012-10-02,NO 15/9-F-4 AH,5693,15/9-F-4,3420717,VOLVE,369304,MÆRSK INSPIRER,24.0,,,injection,WI,,,,,0.0,,37339.178499798116,,,,,,
2012-10-03,NO 15/9-F-4 AH,5693,15/9-F-4,3420717,VOLVE,369304,MÆRSK INSPIRER,24.0,,,injection,WI,,,,,0.0,,35370.33158968241,,,,,,
2012-10-04,NO 15/9-F-4 AH,5693,15/9-F-4,3420717,VOLVE,369304,MÆRSK INSPIRER,24.0,,,injection,WI,,,,,0.0,,33661.46676884275,,,,,,
2012-10-05,NO 15/9-F-4 AH,5693,15/9-F-4,3420717,VOLVE,369304,MÆRSK INSPIRER,24.0,,,injection,WI,,,,,0.0,,33892.41852048449,,,,,,
2012-10-06,NO 15/9-F-4 AH,5693,15/9-F-4,3420717,VOLVE,369304,MÆRSK INSPIRER,24.0,,,injection,WI,,,,,0.0,,34148.22398067435,,,,,,
2012-10-07,NO 15/9-F-4 AH,5693,15/9-F-4,3420717,VOLVE,369304,MÆRSK INSPIRER,24.0,,,injection,WI,,,,,0.0,,27629.843940280603,,,,,,
2012-10-08,NO 15/9-F-4 AH,5693,15/9-F-4,3420717,VOLVE,369304,MÆRSK INSPIRER,24.0,,,injection,WI,,,,,0.0,,27036.23866362777,,,,,,
2012-10-09,NO 15/9-F-4 AH,5693,15/9-F-4,3420717,VOLVE,369304,MÆRSK INSPIRER,24.0,,,injection,WI,,,,,0.0,,32663.658226613,,,,,,
2012-10-10,NO 15/9-F-4 AH,5693,15/9-F-4,3420717,VOLVE,369304,MÆRSK INSPIRER,24.0,,,injection,WI,,,,,0.0,,31614.932417092,,,,,,
2012-10-11,NO 15/9-F-4 AH,5693,15/9-F-4,3420717,VOLVE,369304,MÆRSK INSPIRER,24.0,,,injection,WI,,,,,0.0,,31246.32522787258,,,,,,
2012-10-12,NO 15/9-F-4 AH,5693,15/9-F-4,3420717,VOLVE,369304,MÆRSK INSPIRER,24.0,,,injection,WI,,,,,0.0,,33254.45998032434,,,,,,
2012-10-13,NO 15/9-F-4 AH,5693,15/9-F-4,3420717,VOLVE,369304,MÆRSK INSPIRER,17.16667,,,injection,WI,,,,,0.0,,19820.321249469336,,,,,,
2012-10-14,NO 15/9-F-4 AH,5693,15/9-F-4,3420717,VOLVE,369304,MÆRSK INSPIRER,4.84167,,,injection,WI,,,,,0.0,,4805.524432076988,,,,,,
2012-10-15,NO 15/9-F-4 AH,5693,15/9-F-4,3420717,VOLVE,369304,MÆRSK INSPIRER,0.0,,,injection,WI,,,,,0.0,,0.0,,,,,,
2012-10-16,NO 15/9-F-4 AH,5693,15/9-F-4,3420717,VOLVE,369304,MÆRSK INSPIRER,0.0,,,injection,WI,,,,,0.0,,0.0,,,,,,
2012-10-17,NO 15/9-F-4 AH,5693,15/9-F-4,3420717,VOLVE,369304,MÆRSK INSPIRER,0.0,,,injection,WI,,,,,0.0,,0.0,,,,,,
2012-10-18,NO 15/9-F-4 AH,5693,15/9-F-4,3420717,VOLVE,369304,MÆRSK INSPIRER,0.0,,,injection,WI,,,,,0.0,,0.0,,,,,,
2012-10-19,NO 15/9-F-4 AH,5693,15/9-F-4,3420717,VOLVE,369304,MÆRSK INSPIRER,6.90833,,,injection,WI,,,,,0.0,,8947.707375107782,,,,,,
2012-10-20,NO 15/9-F-4 AH,5693,15/9-F-4,3420717,VOLVE,369304,MÆRSK INSPIRER,24.0,,,injection,WI,,,,,0.0,,35610.185975088716,,,,,,
2012-10-21,NO 15/9-F-4 AH,5693,15/9-F-4,3420717,VOLVE,369304,MÆRSK INSPIRER,24.0,,,injection,WI,,,,,0.0,,37189.40997839417,,,,,,
2012-10-22,NO 15/9-F-4 AH,5693,15/9-F-4,3420717,VOLVE,369304,MÆRSK INSPIRER,19.74999,,,injection,WI,,,,,0.0,,33517.14930210266,,,,,,
2012-10-23,NO 15/9-F-4 AH,5693,15/9-F-4,3420717,VOLVE,369304,MÆRSK INSPIRER,7.675,,,injection,WI,,,,,0.0,,12338.07888279789,,,,,,
2012-10-24,NO 15/9-F-4 AH,5693,15/9-F-4,3420717,VOLVE,369304,MÆRSK INSPIRER,0.0,,,injection,WI,,,,,0.0,,0.0,,,,,,
2012-10-25,NO 15/9-F-4 AH,5693,15/9-F-4,3420717,VOLVE,369304,MÆRSK INSPIRER,0.0,,,injection,WI,,,,,0.0,,0.0,,,,,,
2012-10-26,NO 15/9-F-4 AH,5693,15/9-F-4,3420717,VOLVE,369304,MÆRSK INSPIRER,18.83333,,,injection,WI,,,,,0.0,,18722.97560700297,,,,,,
2012-10-27,NO 15/9-F-4 AH,5693,15/9-F-4,3420717,VOLVE,369304,MÆRSK INSPIRER,14.825,,,injection,WI,,,,,0.0,,29584.952855744265,,,,,,
2012-10-28,NO 15/9-F-4 AH,5693,15/9-F-4,3420717,VOLVE,369304,MÆRSK INSPIRER,9.99166,,,injection,WI,,,,,0.0,,15370.408696999999,,,,,,
2012-10-29,NO 15/9-F-4 AH,5693,15/9-F-4,3420717,VOLVE,369304,MÆRSK INSPIRER,24.0,,,injection,WI,,,,,0.0,,28252.68552618959,,,,,,
2012-10-30,NO 15/9-F-4 AH,5693,15/9-F-4,3420717,VOLVE,369304,MÆRSK INSPIRER,24.0,,,injection,WI,,,,,0.0,,28067.014043356736,,,,,,
2012-10-31,NO 15/9-F-4 AH,5693,15/9-F-4,3420717,VOLVE,369304,MÆRSK INSPIRER,24.0,,,injection,WI,,,,,0.0,,27563.205382,,,,,,
2012-11-01,NO 15/9-F-4 AH,5693,15/9-F-4,3420717,VOLVE,369304,MÆRSK INSPIRER,24.0,,,injection,WI,,,,,0.0,,27203.42825,,,,,,
2012-11-02,NO 15/9-F-4 AH,5693,15/9-F-4,3420717,VOLVE,369304,MÆRSK INSPIRER,24.0,,,injection,WI,,,,,0.0,,27077.63205,,,,,,
2012-11-03,NO 15/9-F-4 AH,5693,15/9-F-4,3420717,VOLVE,369304,MÆRSK INSPIRER,24.0,,,injection,WI,,,,,0.0,,27294.702570981095,,,,,,
2012-11-04,NO 15/9-F-4 AH,5693,15/9-F-4,3420717,VOLVE,369304,MÆRSK INSPIRER,24.0,,,injection,WI,,,,,0.0,,27532.385313000002,,,,,,
2012-11-05,NO 15/9-F-4 AH,5693,15/9-F-4,3420717,VOLVE,369304,MÆRSK INSPIRER,24.0,,,injection,WI,,,,,0.0,,39380.44560872,,,,,,
2012-11-06,NO 15/9-F-4 AH,5693,15/9-F-4,3420717,VOLVE,369304,MÆRSK INSPIRER,24.0,,,injection,WI,,,,,0.0,,44737.72687904861,,,,,,
2012-11-07,NO 15/9-F-4 AH,5693,15/9-F-4,3420717,VOLVE,369304,MÆRSK INSPIRER,24.0,,,injection,WI,,,,,0.0,,46311.32627348703,,,,,,
2012-11-08,NO 15/9-F-4 AH,5693,15/9-F-4,3420717,VOLVE,369304,MÆRSK INSPIRER,24.0,,,injection,WI,,,,,0.0,,46170.27650194192,,,,,,
2012-11-09,NO 15/9-F-4 AH,5693,15/9-F-4,3420717,VOLVE,369304,MÆRSK INSPIRER,24.0,,,injection,WI,,,,,0.0,,45998.58184832982,,,,,,
2012-11-10,NO 15/9-F-4 AH,5693,15/9-F-4,3420717,VOLVE,369304,MÆRSK INSPIRER,24.0,,,injection,WI,,,,,0.0,,42026.25510510471,,,,,,
2012-11-11,NO 15/9-F-4 AH,5693,15/9-F-4,3420717,VOLVE,369304,MÆRSK INSPIRER,24.0,,,injection,WI,,,,,0.0,,35611.508840065646,,,,,,
2012-11-12,NO 15/9-F-4 AH,5693,15/9-F-4,3420717,VOLVE,369304,MÆRSK INSPIRER,24.0,,,injection,WI,,,,,0.0,,34552.260823120174,,,,,,
2012-11-13,NO 15/9-F-4 AH,5693,15/9-F-4,3420717,VOLVE,369304,MÆRSK INSPIRER,24.0,,,injection,WI,,,,,0.0,,34037.935796000005,,,,,,
2012-11-14,NO 15/9-F-4 AH,5693,15/9-F-4,3420717,VOLVE,369304,MÆRSK INSPIRER,24.0,,,injection,WI,,,,,0.0,,33737.85356687545,,,,,,
2012-11-15,NO 15/9-F-4 AH,5693,15/9-F-4,3420717,VOLVE,369304,MÆRSK INSPIRER,24.0,,,injection,WI,,,,,0.0,,34354.94222,,,,,,
2012-11-16,NO 15/9-F-4 AH,5693,15/9-F-4,3420717,VOLVE,369304,MÆRSK INSPIRER,24.0,,,injection,WI,,,,,0.0,,34669.43272,,,,,,
2012-11-17,NO 15/9-F-4 AH,5693,15/9-F-4,3420717,VOLVE,369304,MÆRSK INSPIRER,24.0,,,injection,WI,,,,,0.0,,34258.90336794391,,,,,,
2012-11-18,NO 15/9-F-4 AH,5693,15/9-F-4,3420717,VOLVE,369304,MÆRSK INSPIRER,24.0,,,injection,WI,,,,,0.0,,34147.37849,,,,,,
2012-11-19,NO 15/9-F-4 AH,5693,15/9-F-4,3420717,VOLVE,369304,MÆRSK INSPIRER,24.0,,,injection,WI,,,,,0.0,,34593.955,,,,,,
2012-11-20,NO 15/9-F-4 AH,5693,15/9-F-4,3420717,VOLVE,369304,MÆRSK INSPIRER,24.0,,,injection,WI,,,,,0.0,,32374.128588626354,,,,,,
2012-11-21,NO 15/9-F-4 AH,5693,15/9-F-4,3420717,VOLVE,369304,MÆRSK INSPIRER,24.0,,,injection,WI,,,,,0.0,,27410.71950674118,,,,,,
2012-11-22,NO 15/9-F-4 AH,5693,15/9-F-4,3420717,VOLVE,369304,MÆRSK INSPIRER,24.0,,,injection,WI,,,,,0.0,,27603.170741703227,,,,,,
2012-11-23,NO 15/9-F-4 AH,5693,15/9-F-4,3420717,VOLVE,369304,MÆRSK INSPIRER,24.0,,,injection,WI,,,,,0.0,,27514.5615468776,,,,,,
2012-11-24,NO 15/9-F-4 AH,5693,15/9-F-4,3420717,VOLVE,369304,MÆRSK INSPIRER,24.0,,,injection,WI,,,,,0.0,,27253.74673,,,,,,
2012-11-25,NO 15/9-F-4 AH,5693,15/9-F-4,3420717,VOLVE,369304,MÆRSK INSPIRER,24.0,,,injection,WI,,,,,0.0,,30173.956052700254,,,,,,
2012-11-26,NO 15/9-F-4 AH,5693,15/9-F-4,3420717,VOLVE,369304,MÆRSK INSPIRER,24.0,,,injection,WI,,,,,0.0,,38826.01842639136,,,,,,
2012-11-27,NO 15/9-F-4 AH,5693,15/9-F-4,3420717,VOLVE,369304,MÆRSK INSPIRER,24.0,,,injection,WI,,,,,0.0,,38447.23003048624,,,,,,
2012-11-28,NO 15/9-F-4 AH,5693,15/9-F-4,3420717,VOLVE,369304,MÆRSK INSPIRER,24.0,,,injection,WI,,,,,0.0,,31214.625109623415,,,,,,
2012-11-29,NO 15/9-F-4 AH,5693,15/9-F-4,3420717,VOLVE,369304,MÆRSK INSPIRER,24.0,,,injection,WI,,,,,0.0,,27688.243122640397,,,,,,
2012-11-30,NO 15/9-F-4 AH,5693,15/9-F-4,3420717,VOLVE,369304,MÆRSK INSPIRER,24.0,,,injection,WI,,,,,0.0,,29818.126387110973,,,,,,
2012-12-01,NO 15/9-F-4 AH,5693,15/9-F-4,3420717,VOLVE,369304,MÆRSK INSPIRER,24.0,,,injection,WI,,,,,0.0,,30826.40072634214,,,,,,
2012-12-02,NO 15/9-F-4 AH,5693,15/9-F-4,3420717,VOLVE,369304,MÆRSK INSPIRER,24.0,,,injection,WI,,,,,0.0,,19669.318731551863,,,,,,
2012-12-03,NO 15/9-F-4 AH,5693,15/9-F-4,3420717,VOLVE,369304,MÆRSK INSPIRER,24.0,,,injection,WI,,,,,0.0,,26189.437401225805,,,,,,
2012-12-04,NO 15/9-F-4 AH,5693,15/9-F-4,3420717,VOLVE,369304,MÆRSK INSPIRER,17.66667,,,injection,WI,,,,,0.0,,29465.842389628106,,,,,,
2012-12-05,NO 15/9-F-4 AH,5693,15/9-F-4,3420717,VOLVE,369304,MÆRSK INSPIRER,24.0,,,injection,WI,,,,,0.0,,37442.07892917,,,,,,
2012-12-06,NO 15/9-F-4 AH,5693,15/9-F-4,3420717,VOLVE,369304,MÆRSK INSPIRER,24.0,,,injection,WI,,,,,0.0,,35742.999042571886,,,,,,
2012-12-07,NO 15/9-F-4 AH,5693,15/9-F-4,3420717,VOLVE,369304,MÆRSK INSPIRER,24.0,,,injection,WI,,,,,0.0,,36390.99343059827,,,,,,
2012-12-08,NO 15/9-F-4 AH,5693,15/9-F-4,3420717,VOLVE,369304,MÆRSK INSPIRER,24.0,,,injection,WI,,,,,0.0,,35997.49731906737,,,,,,
2012-12-09,NO 15/9-F-4 AH,5693,15/9-F-4,3420717,VOLVE,369304,MÆRSK INSPIRER,24.0,,,injection,WI,,,,,0.0,,31332.869094134727,,,,,,
2012-12-10,NO 15/9-F-4 AH,5693,15/9-F-4,3420717,VOLVE,369304,MÆRSK INSPIRER,24.0,,,injection,WI,,,,,0.0,,26757.610086667177,,,,,,
2012-12-11,NO 15/9-F-4 AH,5693,15/9-F-4,3420717,VOLVE,369304,MÆRSK INSPIRER,23.0,,,injection,WI,,,,,0.0,,24702.665543480533,,,,,,
2012-12-12,NO 15/9-F-4 AH,5693,15/9-F-4,3420717,VOLVE,369304,MÆRSK INSPIRER,12.29167,,,injection,WI,,,,,0.0,,12494.108494667304,,,,,,
2012-12-13,NO 15/9-F-4 AH,5693,15/9-F-4,3420717,VOLVE,369304,MÆRSK INSPIRER,9.29167,,,injection,WI,,,,,0.0,,9204.566708687662,,,,,,
2012-12-14,NO 15/9-F-4 AH,5693,15/9-F-4,3420717,VOLVE,369304,MÆRSK INSPIRER,24.0,,,injection,WI,,,,,0.0,,26421.319469492006,,,,,,
2012-12-15,NO 15/9-F-4 AH,5693,15/9-F-4,3420717,VOLVE,369304,MÆRSK INSPIRER,12.25,,,injection,WI,,,,,0.0,,14774.273897253792,,,,,,
2012-12-16,NO 15/9-F-4 AH,5693,15/9-F-4,3420717,VOLVE,369304,MÆRSK INSPIRER,24.0,,,injection,WI,,,,,0.0,,28722.228053512394,,,,,,
2012-12-17,NO 15/9-F-4 AH,5693,15/9-F-4,3420717,VOLVE,369304,MÆRSK INSPIRER,24.0,,,injection,WI,,,,,0.0,,28421.135466000003,,,,,,
2012-12-18,NO 15/9-F-4 AH,5693,15/9-F-4,3420717,VOLVE,369304,MÆRSK INSPIRER,24.0,,,injection,WI,,,,,0.0,,28233.020702541515,,,,,,
2012-12-19,NO 15/9-F-4 AH,5693,15/9-F-4,3420717,VOLVE,369304,MÆRSK INSPIRER,24.0,,,injection,WI,,,,,0.0,,28104.36286175562,,,,,,
2012-12-20,NO 15/9-F-4 AH,5693,15/9-F-4,3420717,VOLVE,369304,MÆRSK INSPIRER,24.0,,,injection,WI,,,,,0.0,,33070.61428519301,,,,,,
2012-12-21,NO 15/9-F-4 AH,5693,15/9-F-4,3420717,VOLVE,369304,MÆRSK INSPIRER,24.0,,,injection,WI,,,,,0.0,,36853.93696706901,,,,,,
2012-12-22,NO 15/9-F-4 AH,5693,15/9-F-4,3420717,VOLVE,369304,MÆRSK INSPIRER,24.0,,,injection,WI,,,,,0.0,,38572.25670499217,,,,,,
2012-12-23,NO 15/9-F-4 AH,5693,15/9-F-4,3420717,VOLVE,369304,MÆRSK INSPIRER,24.0,,,injection,WI,,,,,0.0,,38399.544666750306,,,,,,
2012-12-24,NO 15/9-F-4 AH,5693,15/9-F-4,3420717,VOLVE,369304,MÆRSK INSPIRER,24.0,,,injection,WI,,,,,0.0,,28359.17100311999,,,,,,
2012-12-25,NO 15/9-F-4 AH,5693,15/9-F-4,3420717,VOLVE,369304,MÆRSK INSPIRER,24.0,,,injection,WI,,,,,0.0,,28149.378258803143,,,,,,
2012-12-26,NO 15/9-F-4 AH,5693,15/9-F-4,3420717,VOLVE,369304,MÆRSK INSPIRER,24.0,,,injection,WI,,,,,0.0,,28084.001650000002,,,,,,
2012-12-27,NO 15/9-F-4 AH,5693,15/9-F-4,3420717,VOLVE,369304,MÆRSK INSPIRER,24.0,,,injection,WI,,,,,0.0,,28272.69595,,,,,,
2012-12-28,NO 15/9-F-4 AH,5693,15/9-F-4,3420717,VOLVE,369304,MÆRSK INSPIRER,24.0,,,injection,WI,,,,,0.0,,28071.42203,,,,,,
2012-12-29,NO 15/9-F-4 AH,5693,15/9-F-4,3420717,VOLVE,369304,MÆRSK INSPIRER,24.0,,,injection,WI,,,,,0.0,,37870.94601,,,,,,
2012-12-30,NO 15/9-F-4 AH,5693,15/9-F-4,3420717,VOLVE,369304,MÆRSK INSPIRER,24.0,,,injection,WI,,,,,0.0,,39028.27105,,,,,,
2012-12-31,NO 15/9-F-4 AH,5693,15/9-F-4,3420717,VOLVE,369304,MÆRSK INSPIRER,24.0,,,injection,WI,,,,,0.0,,33688.22236,,,,,,
2013-01-01,NO 15/9-F-4 AH,5693,15/9-F-4,3420717,VOLVE,369304,MÆRSK INSPIRER,24.0,,,injection,WI,,,,,0.0,,27444.587160345574,,,,,,
2013-01-02,NO 15/9-F-4 AH,5693,15/9-F-4,3420717,VOLVE,369304,MÆRSK INSPIRER,24.0,,,injection,WI,,,,,0.0,,28760.875319321647,,,,,,
2013-01-03,NO 15/9-F-4 AH,5693,15/9-F-4,3420717,VOLVE,369304,MÆRSK INSPIRER,24.0,,,injection,WI,,,,,0.0,,28852.297098346302,,,,,,
2013-01-04,NO 15/9-F-4 AH,5693,15/9-F-4,3420717,VOLVE,369304,MÆRSK INSPIRER,24.0,,,injection,WI,,,,,0.0,,28779.654636000003,,,,,,
2013-01-05,NO 15/9-F-4 AH,5693,15/9-F-4,3420717,VOLVE,369304,MÆRSK INSPIRER,24.0,,,injection,WI,,,,,0.0,,32133.39373202947,,,,,,
2013-01-06,NO 15/9-F-4 AH,5693,15/9-F-4,3420717,VOLVE,369304,MÆRSK INSPIRER,24.0,,,injection,WI,,,,,0.0,,38347.52491370001,,,,,,
2013-01-07,NO 15/9-F-4 AH,5693,15/9-F-4,3420717,VOLVE,369304,MÆRSK INSPIRER,24.0,,,injection,WI,,,,,0.0,,38612.001360504,,,,,,
2013-01-08,NO 15/9-F-4 AH,5693,15/9-F-4,3420717,VOLVE,369304,MÆRSK INSPIRER,24.0,,,injection,WI,,,,,0.0,,28278.98576,,,,,,
2013-01-09,NO 15/9-F-4 AH,5693,15/9-F-4,3420717,VOLVE,369304,MÆRSK INSPIRER,24.0,,,injection,WI,,,,,0.0,,28906.50688723674,,,,,,
2013-01-10,NO 15/9-F-4 AH,5693,15/9-F-4,3420717,VOLVE,369304,MÆRSK INSPIRER,24.0,,,injection,WI,,,,,0.0,,29579.605860745345,,,,,,
2013-01-11,NO 15/9-F-4 AH,5693,15/9-F-4,3420717,VOLVE,369304,MÆRSK INSPIRER,24.0,,,injection,WI,,,,,0.0,,29599.68702395222,,,,,,
2013-01-12,NO 15/9-F-4 AH,5693,15/9-F-4,3420717,VOLVE,369304,MÆRSK INSPIRER,24.0,,,injection,WI,,,,,0.0,,29509.288180314652,,,,,,
2013-01-13,NO 15/9-F-4 AH,5693,15/9-F-4,3420717,VOLVE,369304,MÆRSK INSPIRER,14.58334,,,injection,WI,,,,,0.0,,15781.369060907096,,,,,,
2013-01-14,NO 15/9-F-4 AH,5693,15/9-F-4,3420717,VOLVE,369304,MÆRSK INSPIRER,24.0,,,injection,WI,,,,,0.0,,35554.436461676305,,,,,,
2013-01-15,NO 15/9-F-4 AH,5693,15/9-F-4,3420717,VOLVE,369304,MÆRSK INSPIRER,24.0,,,injection,WI,,,,,0.0,,35473.475360009805,,,,,,
2013-01-16,NO 15/9-F-4 AH,5693,15/9-F-4,3420717,VOLVE,369304,MÆRSK INSPIRER,24.0,,,injection,WI,,,,,0.0,,35660.40843196642,,,,,,
2013-01-17,NO 15/9-F-4 AH,5693,15/9-F-4,3420717,VOLVE,369304,MÆRSK INSPIRER,24.0,,,injection,WI,,,,,0.0,,36160.017156559785,,,,,,
2013-01-18,NO 15/9-F-4 AH,5693,15/9-F-4,3420717,VOLVE,369304,MÆRSK INSPIRER,24.0,,,injection,WI,,,,,0.0,,34303.490418447414,,,,,,
2013-01-19,NO 15/9-F-4 AH,5693,15/9-F-4,3420717,VOLVE,369304,MÆRSK INSPIRER,24.0,,,injection,WI,,,,,0.0,,35025.684338803505,,,,,,
2013-01-20,NO 15/9-F-4 AH,5693,15/9-F-4,3420717,VOLVE,369304,MÆRSK INSPIRER,24.0,,,injection,WI,,,,,0.0,,33648.83474555281,,,,,,
2013-01-21,NO 15/9-F-4 AH,5693,15/9-F-4,3420717,VOLVE,369304,MÆRSK INSPIRER,24.0,,,injection,WI,,,,,0.0,,29255.39483022706,,,,,,
2013-01-22,NO 15/9-F-4 AH,5693,15/9-F-4,3420717,VOLVE,369304,MÆRSK INSPIRER,24.0,,,injection,WI,,,,,0.0,,32268.612243000003,,,,,,
2013-01-23,NO 15/9-F-4 AH,5693,15/9-F-4,3420717,VOLVE,369304,MÆRSK INSPIRER,24.0,,,injection,WI,,,,,0.0,,31418.370047000768,,,,,,
2013-01-24,NO 15/9-F-4 AH,5693,15/9-F-4,3420717,VOLVE,369304,MÆRSK INSPIRER,23.66667,,,injection,WI,,,,,0.0,,30214.567202920705,,,,,,
2013-01-25,NO 15/9-F-4 AH,5693,15/9-F-4,3420717,VOLVE,369304,MÆRSK INSPIRER,24.0,,,injection,WI,,,,,0.0,,31607.22889105112,,,,,,
2013-01-26,NO 15/9-F-4 AH,5693,15/9-F-4,3420717,VOLVE,369304,MÆRSK INSPIRER,24.0,,,injection,WI,,,,,0.0,,31754.537243689592,,,,,,
2013-01-27,NO 15/9-F-4 AH,5693,15/9-F-4,3420717,VOLVE,369304,MÆRSK INSPIRER,24.0,,,injection,WI,,,,,0.0,,31758.967007489602,,,,,,
2013-01-28,NO 15/9-F-4 AH,5693,15/9-F-4,3420717,VOLVE,369304,MÆRSK INSPIRER,24.0,,,injection,WI,,,,,0.0,,32668.50284531458,,,,,,
2013-01-29,NO 15/9-F-4 AH,5693,15/9-F-4,3420717,VOLVE,369304,MÆRSK INSPIRER,24.0,,,injection,WI,,,,,0.0,,32479.250116327123,,,,,,
2013-01-30,NO 15/9-F-4 AH,5693,15/9-F-4,3420717,VOLVE,369304,MÆRSK INSPIRER,24.0,,,injection,WI,,,,,0.0,,32508.21696619174,,,,,,
2013-01-31,NO 15/9-F-4 AH,5693,15/9-F-4,3420717,VOLVE,369304,MÆRSK INSPIRER,24.0,,,injection,WI,,,,,0.0,,32522.919408860133,,,,,,
2013-02-01,NO 15/9-F-4 AH,5693,15/9-F-4,3420717,VOLVE,369304,MÆRSK INSPIRER,24.0,,,injection,WI,,,,,0.0,,31990.371092127865,,,,,,
2013-02-02,NO 15/9-F-4 AH,5693,15/9-F-4,3420717,VOLVE,369304,MÆRSK INSPIRER,24.0,,,injection,WI,,,,,0.0,,31914.38523410249,,,,,,
2013-02-03,NO 15/9-F-4 AH,5693,15/9-F-4,3420717,VOLVE,369304,MÆRSK INSPIRER,24.0,,,injection,WI,,,,,0.0,,31765.411434123173,,,,,,
2013-02-04,NO 15/9-F-4 AH,5693,15/9-F-4,3420717,VOLVE,369304,MÆRSK INSPIRER,24.0,,,injection,WI,,,,,0.0,,31743.593899415813,,,,,,
2013-02-05,NO 15/9-F-4 AH,5693,15/9-F-4,3420717,VOLVE,369304,MÆRSK INSPIRER,24.0,,,injection,WI,,,,,0.0,,31739.130917556737,,,,,,
2013-02-06,NO 15/9-F-4 AH,5693,15/9-F-4,3420717,VOLVE,369304,MÆRSK INSPIRER,24.0,,,injection,WI,,,,,0.0,,31732.09145,,,,,,
2013-02-07,NO 15/9-F-4 AH,5693,15/9-F-4,3420717,VOLVE,369304,MÆRSK INSPIRER,24.0,,,injection,WI,,,,,0.0,,31511.9481,,,,,,
2013-02-08,NO 15/9-F-4 AH,5693,15/9-F-4,3420717,VOLVE,369304,MÆRSK INSPIRER,24.0,,,injection,WI,,,,,0.0,,31518.23791,,,,,,
2013-02-09,NO 15/9-F-4 AH,5693,15/9-F-4,3420717,VOLVE,369304,MÆRSK INSPIRER,24.0,,,injection,WI,,,,,0.0,,28907.96676,,,,,,
2013-02-10,NO 15/9-F-4 AH,5693,15/9-F-4,3420717,VOLVE,369304,MÆRSK INSPIRER,24.0,,,injection,WI,,,,,0.0,,27392.12255,,,,,,
2013-02-11,NO 15/9-F-4 AH,5693,15/9-F-4,3420717,VOLVE,369304,MÆRSK INSPIRER,24.0,,,injection,WI,,,,,0.0,,27429.86141,,,,,,
2013-02-12,NO 15/9-F-4 AH,5693,15/9-F-4,3420717,VOLVE,369304,MÆRSK INSPIRER,24.0,,,injection,WI,,,,,0.0,,33125.99218352684,,,,,,
2013-02-13,NO 15/9-F-4 AH,5693,15/9-F-4,3420717,VOLVE,369304,MÆRSK INSPIRER,24.0,,,injection,WI,,,,,0.0,,34197.69697,,,,,,
2013-02-14,NO 15/9-F-4 AH,5693,15/9-F-4,3420717,VOLVE,369304,MÆRSK INSPIRER,24.0,,,injection,WI,,,,,0.0,,34078.819561000004,,,,,,
2013-02-15,NO 15/9-F-4 AH,5693,15/9-F-4,3420717,VOLVE,369304,MÆRSK INSPIRER,24.0,,,injection,WI,,,,,0.0,,28111.047833,,,,,,
2013-02-16,NO 15/9-F-4 AH,5693,15/9-F-4,3420717,VOLVE,369304,MÆRSK INSPIRER,24.0,,,injection,WI,,,,,0.0,,27404.104638049997,,,,,,
2013-02-17,NO 15/9-F-4 AH,5693,15/9-F-4,3420717,VOLVE,369304,MÆRSK INSPIRER,24.0,,,injection,WI,,,,,0.0,,27423.5716,,,,,,
2013-02-18,NO 15/9-F-4 AH,5693,15/9-F-4,3420717,VOLVE,369304,MÆRSK INSPIRER,24.0,,,injection,WI,,,,,0.0,,33572.6156522,,,,,,
2013-02-19,NO 15/9-F-4 AH,5693,15/9-F-4,3420717,VOLVE,369304,MÆRSK INSPIRER,24.0,,,injection,WI,,,,,0.0,,36116.89617035127,,,,,,
2013-02-20,NO 15/9-F-4 AH,5693,15/9-F-4,3420717,VOLVE,369304,MÆRSK INSPIRER,24.0,,,injection,WI,,,,,0.0,,35667.29251369824,,,,,,
2013-02-21,NO 15/9-F-4 AH,5693,15/9-F-4,3420717,VOLVE,369304,MÆRSK INSPIRER,24.0,,,injection,WI,,,,,0.0,,30152.590936163928,,,,,,
2013-02-22,NO 15/9-F-4 AH,5693,15/9-F-4,3420717,VOLVE,369304,MÆRSK INSPIRER,24.0,,,injection,WI,,,,,0.0,,27844.30202405838,,,,,,
2013-02-23,NO 15/9-F-4 AH,5693,15/9-F-4,3420717,VOLVE,369304,MÆRSK INSPIRER,24.0,,,injection,WI,,,,,0.0,,27719.903894196883,,,,,,
2013-02-24,NO 15/9-F-4 AH,5693,15/9-F-4,3420717,VOLVE,369304,MÆRSK INSPIRER,24.0,,,injection,WI,,,,,0.0,,27871.437775263155,,,,,,
2013-02-25,NO 15/9-F-4 AH,5693,15/9-F-4,3420717,VOLVE,369304,MÆRSK INSPIRER,24.0,,,injection,WI,,,,,0.0,,27929.12112614024,,,,,,
2013-02-26,NO 15/9-F-4 AH,5693,15/9-F-4,3420717,VOLVE,369304,MÆRSK INSPIRER,24.0,,,injection,WI,,,,,0.0,,32813.38254637718,,,,,,
2013-02-27,NO 15/9-F-4 AH,5693,15/9-F-4,3420717,VOLVE,369304,MÆRSK INSPIRER,24.0,,,injection,WI,,,,,0.0,,36506.05724,,,,,,
2013-02-28,NO 15/9-F-4 AH,5693,15/9-F-4,3420717,VOLVE,369304,MÆRSK INSPIRER,24.0,,,injection,WI,,,,,0.0,,35485.696899816125,,,,,,
2013-03-01,NO 15/9-F-4 AH,5693,15/9-F-4,3420717,VOLVE,369304,MÆRSK INSPIRER,16.19167,,,injection,WI,,,,,0.0,,22179.856739730945,,,,,,
2013-03-02,NO 15/9-F-4 AH,5693,15/9-F-4,3420717,VOLVE,369304,MÆRSK INSPIRER,23.64167,,,injection,WI,,,,,0.0,,36394.727603,,,,,,
2013-03-03,NO 15/9-F-4 AH,5693,15/9-F-4,3420717,VOLVE,369304,MÆRSK INSPIRER,24.0,,,injection,WI,,,,,0.0,,36799.691483506824,,,,,,
2013-03-04,NO 15/9-F-4 AH,5693,15/9-F-4,3420717,VOLVE,369304,MÆRSK INSPIRER,24.0,,,injection,WI,,,,,0.0,,36037.74304312021,,,,,,
2013-03-05,NO 15/9-F-4 AH,5693,15/9-F-4,3420717,VOLVE,369304,MÆRSK INSPIRER,24.0,,,injection,WI,,,,,0.0,,31769.83031,,,,,,
2013-03-06,NO 15/9-F-4 AH,5693,15/9-F-4,3420717,VOLVE,369304,MÆRSK INSPIRER,24.0,,,injection,WI,,,,,0.0,,32078.235669107024,,,,,,
2013-03-07,NO 15/9-F-4 AH,5693,15/9-F-4,3420717,VOLVE,369304,MÆRSK INSPIRER,1.85833,,,injection,WI,,,,,0.0,,2155.3058824020645,,,,,,
2013-03-08,NO 15/9-F-4 AH,5693,15/9-F-4,3420717,VOLVE,369304,MÆRSK INSPIRER,0.0,,,injection,WI,,,,,0.0,,0.0,,,,,,
2013-03-09,NO 15/9-F-4 AH,5693,15/9-F-4,3420717,VOLVE,369304,MÆRSK INSPIRER,0.0,,,injection,WI,,,,,0.0,,0.0,,,,,,
2013-03-10,NO 15/9-F-4 AH,5693,15/9-F-4,3420717,VOLVE,369304,MÆRSK INSPIRER,8.14167,,,injection,WI,,,,,0.0,,8668.289738861937,,,,,,
2013-03-11,NO 15/9-F-4 AH,5693,15/9-F-4,3420717,VOLVE,369304,MÆRSK INSPIRER,15.19167,,,injection,WI,,,,,0.0,,21692.925709,,,,,,
2013-03-12,NO 15/9-F-4 AH,5693,15/9-F-4,3420717,VOLVE,369304,MÆRSK INSPIRER,0.0,,,injection,WI,,,,,0.0,,0.0,,,,,,
2013-03-13,NO 15/9-F-4 AH,5693,15/9-F-4,3420717,VOLVE,369304,MÆRSK INSPIRER,13.80833,,,injection,WI,,,,,0.0,,11874.513560607707,,,,,,
2013-03-14,NO 15/9-F-4 AH,5693,15/9-F-4,3420717,VOLVE,369304,MÆRSK INSPIRER,15.35833,,,injection,WI,,,,,0.0,,12964.192953330086,,,,,,
2013-03-15,NO 15/9-F-4 AH,5693,15/9-F-4,3420717,VOLVE,369304,MÆRSK INSPIRER,16.975,,,injection,WI,,,,,0.0,,17554.754816935234,,,,,,
2013-03-16,NO 15/9-F-4 AH,5693,15/9-F-4,3420717,VOLVE,369304,MÆRSK INSPIRER,11.35833,,,injection,WI,,,,,0.0,,9754.872603085474,,,,,,
2013-03-17,NO 15/9-F-4 AH,5693,15/9-F-4,3420717,VOLVE,369304,MÆRSK INSPIRER,9.64167,,,injection,WI,,,,,0.0,,9051.73687910012,,,,,,
2013-03-18,NO 15/9-F-4 AH,5693,15/9-F-4,3420717,VOLVE,369304,MÆRSK INSPIRER,24.0,,,injection,WI,,,,,0.0,,23805.706259373183,,,,,,
2013-03-19,NO 15/9-F-4 AH,5693,15/9-F-4,3420717,VOLVE,369304,MÆRSK INSPIRER,24.0,,,injection,WI,,,,,0.0,,23940.544829129154,,,,,,
2013-03-20,NO 15/9-F-4 AH,5693,15/9-F-4,3420717,VOLVE,369304,MÆRSK INSPIRER,1.41,,,injection,WI,,,,,0.0,,1593.5647373460292,,,,,,
2013-03-21,NO 15/9-F-4 AH,5693,15/9-F-4,3420717,VOLVE,369304,MÆRSK INSPIRER,0.0,,,injection,WI,,,,,0.0,,0.0,,,,,,
2013-03-22,NO 15/9-F-4 AH,5693,15/9-F-4,3420717,VOLVE,369304,MÆRSK INSPIRER,6.64167,,,injection,WI,,,,,0.0,,5912.4214,,,,,,
2013-03-23,NO 15/9-F-4 AH,5693,15/9-F-4,3420717,VOLVE,369304,MÆRSK INSPIRER,24.0,,,injection,WI,,,,,0.0,,23894.98819,,,,,,
2013-03-24,NO 15/9-F-4 AH,5693,15/9-F-4,3420717,VOLVE,369304,MÆRSK INSPIRER,24.0,,,injection,WI,,,,,0.0,,22989.25555,,,,,,
2013-03-25,NO 15/9-F-4 AH,5693,15/9-F-4,3420717,VOLVE,369304,MÆRSK INSPIRER,9.8,,,injection,WI,,,,,0.0,,16007.56645,,,,,,
2013-03-26,NO 15/9-F-4 AH,5693,15/9-F-4,3420717,VOLVE,369304,MÆRSK INSPIRER,24.0,,,injection,WI,,,,,0.0,,37427.514405,,,,,,
2013-03-27,NO 15/9-F-4 AH,5693,15/9-F-4,3420717,VOLVE,369304,MÆRSK INSPIRER,24.0,,,injection,WI,,,,,0.0,,37238.191124,,,,,,
2013-03-28,NO 15/9-F-4 AH,5693,15/9-F-4,3420717,VOLVE,369304,MÆRSK INSPIRER,22.33334,,,injection,WI,,,,,0.0,,20505.672842307926,,,,,,
2013-03-29,NO 15/9-F-4 AH,5693,15/9-F-4,3420717,VOLVE,369304,MÆRSK INSPIRER,24.0,,,injection,WI,,,,,0.0,,31914.3701438,,,,,,
2013-03-30,NO 15/9-F-4 AH,5693,15/9-F-4,3420717,VOLVE,369304,MÆRSK INSPIRER,24.0,,,injection,WI,,,,,0.0,,38084.170569,,,,,,
2013-03-31,NO 15/9-F-4 AH,5693,15/9-F-4,3420717,VOLVE,369304,MÆRSK INSPIRER,23.0,,,injection,WI,,,,,0.0,,35682.09213,,,,,,
2013-04-01,NO 15/9-F-4 AH,5693,15/9-F-4,3420717,VOLVE,369304,MÆRSK INSPIRER,23.17,,,injection,WI,,,,,0.0,,24829.806320095366,,,,,,
2013-04-02,NO 15/9-F-4 AH,5693,15/9-F-4,3420717,VOLVE,369304,MÆRSK INSPIRER,0.0,,,injection,WI,,,,,0.0,,0.0,,,,,,
2013-04-03,NO 15/9-F-4 AH,5693,15/9-F-4,3420717,VOLVE,369304,MÆRSK INSPIRER,17.0,,,injection,WI,,,,,0.0,,11106.214810111158,,,,,,
2013-04-04,NO 15/9-F-4 AH,5693,15/9-F-4,3420717,VOLVE,369304,MÆRSK INSPIRER,24.0,,,injection,WI,,,,,0.0,,20494.516134575177,,,,,,
2013-04-05,NO 15/9-F-4 AH,5693,15/9-F-4,3420717,VOLVE,369304,MÆRSK INSPIRER,20.69167,,,injection,WI,,,,,0.0,,13644.585722862776,,,,,,
2013-04-06,NO 15/9-F-4 AH,5693,15/9-F-4,3420717,VOLVE,369304,MÆRSK INSPIRER,0.0,,,injection,WI,,,,,0.0,,0.0,,,,,,
2013-04-07,NO 15/9-F-4 AH,5693,15/9-F-4,3420717,VOLVE,369304,MÆRSK INSPIRER,0.0,,,injection,WI,,,,,0.0,,0.0,,,,,,
2013-04-08,NO 15/9-F-4 AH,5693,15/9-F-4,3420717,VOLVE,369304,MÆRSK INSPIRER,0.0,,,injection,WI,,,,,0.0,,0.0,,,,,,
2013-04-09,NO 15/9-F-4 AH,5693,15/9-F-4,3420717,VOLVE,369304,MÆRSK INSPIRER,0.0,,,injection,WI,,,,,0.0,,0.0,,,,,,
2013-04-10,NO 15/9-F-4 AH,5693,15/9-F-4,3420717,VOLVE,369304,MÆRSK INSPIRER,6.30833,,,injection,WI,,,,,0.0,,5905.013590686648,,,,,,
2013-04-11,NO 15/9-F-4 AH,5693,15/9-F-4,3420717,VOLVE,369304,MÆRSK INSPIRER,24.0,,,injection,WI,,,,,0.0,,37173.43251261615,,,,,,
2013-04-12,NO 15/9-F-4 AH,5693,15/9-F-4,3420717,VOLVE,369304,MÆRSK INSPIRER,24.0,,,injection,WI,,,,,0.0,,36956.614118668906,,,,,,
2013-04-13,NO 15/9-F-4 AH,5693,15/9-F-4,3420717,VOLVE,369304,MÆRSK INSPIRER,24.0,,,injection,WI,,,,,0.0,,38024.254853171864,,,,,,
2013-04-14,NO 15/9-F-4 AH,5693,15/9-F-4,3420717,VOLVE,369304,MÆRSK INSPIRER,24.0,,,injection,WI,,,,,0.0,,38005.87738852327,,,,,,
2013-04-15,NO 15/9-F-4 AH,5693,15/9-F-4,3420717,VOLVE,369304,MÆRSK INSPIRER,23.99907,,,injection,WI,,,,,0.0,,29320.191460891605,,,,,,
2013-04-16,NO 15/9-F-4 AH,5693,15/9-F-4,3420717,VOLVE,369304,MÆRSK INSPIRER,22.00093,,,injection,WI,,,,,0.0,,24290.02457641124,,,,,,
2013-04-17,NO 15/9-F-4 AH,5693,15/9-F-4,3420717,VOLVE,369304,MÆRSK INSPIRER,23.16666,,,injection,WI,,,,,0.0,,26296.437648000003,,,,,,
2013-04-18,NO 15/9-F-4 AH,5693,15/9-F-4,3420717,VOLVE,369304,MÆRSK INSPIRER,24.0,,,injection,WI,,,,,0.0,,33884.95930900929,,,,,,
2013-04-19,NO 15/9-F-4 AH,5693,15/9-F-4,3420717,VOLVE,369304,MÆRSK INSPIRER,24.0,,,injection,WI,,,,,0.0,,37528.24412397298,,,,,,
2013-04-20,NO 15/9-F-4 AH,5693,15/9-F-4,3420717,VOLVE,369304,MÆRSK INSPIRER,24.0,,,injection,WI,,,,,0.0,,37990.42917618695,,,,,,
2013-04-21,NO 15/9-F-4 AH,5693,15/9-F-4,3420717,VOLVE,369304,MÆRSK INSPIRER,24.0,,,injection,WI,,,,,0.0,,37617.466667,,,,,,
2013-04-22,NO 15/9-F-4 AH,5693,15/9-F-4,3420717,VOLVE,369304,MÆRSK INSPIRER,24.0,,,injection,WI,,,,,0.0,,37550.42593302649,,,,,,
2013-04-23,NO 15/9-F-4 AH,5693,15/9-F-4,3420717,VOLVE,369304,MÆRSK INSPIRER,24.0,,,injection,WI,,,,,0.0,,37161.67242209973,,,,,,
2013-04-24,NO 15/9-F-4 AH,5693,15/9-F-4,3420717,VOLVE,369304,MÆRSK INSPIRER,24.0,,,injection,WI,,,,,0.0,,27550.25902545531,,,,,,
2013-04-25,NO 15/9-F-4 AH,5693,15/9-F-4,3420717,VOLVE,369304,MÆRSK INSPIRER,24.0,,,injection,WI,,,,,0.0,,27294.60453642998,,,,,,
2013-04-26,NO 15/9-F-4 AH,5693,15/9-F-4,3420717,VOLVE,369304,MÆRSK INSPIRER,24.0,,,injection,WI,,,,,0.0,,31308.226146636687,,,,,,
2013-04-27,NO 15/9-F-4 AH,5693,15/9-F-4,3420717,VOLVE,369304,MÆRSK INSPIRER,24.0,,,injection,WI,,,,,0.0,,34835.67028728252,,,,,,
2013-04-28,NO 15/9-F-4 AH,5693,15/9-F-4,3420717,VOLVE,369304,MÆRSK INSPIRER,24.0,,,injection,WI,,,,,0.0,,29104.620110882504,,,,,,
2013-04-29,NO 15/9-F-4 AH,5693,15/9-F-4,3420717,VOLVE,369304,MÆRSK INSPIRER,24.0,,,injection,WI,,,,,0.0,,22032.67894913393,,,,,,
2013-04-30,NO 15/9-F-4 AH,5693,15/9-F-4,3420717,VOLVE,369304,MÆRSK INSPIRER,19.16667,,,injection,WI,,,,,0.0,,29889.17712,,,,,,
2013-05-01,NO 15/9-F-4 AH,5693,15/9-F-4,3420717,VOLVE,369304,MÆRSK INSPIRER,24.0,,,injection,WI,,,,,0.0,,36782.808880000004,,,,,,
2013-05-02,NO 15/9-F-4 AH,5693,15/9-F-4,3420717,VOLVE,369304,MÆRSK INSPIRER,24.0,,,injection,WI,,,,,0.0,,36518.63686,,,,,,
2013-05-03,NO 15/9-F-4 AH,5693,15/9-F-4,3420717,VOLVE,369304,MÆRSK INSPIRER,24.0,,,injection,WI,,,,,0.0,,35405.34049,,,,,,
2013-05-04,NO 15/9-F-4 AH,5693,15/9-F-4,3420717,VOLVE,369304,MÆRSK INSPIRER,24.0,,,injection,WI,,,,,0.0,,31738.381260000002,,,,,,
2013-05-05,NO 15/9-F-4 AH,5693,15/9-F-4,3420717,VOLVE,369304,MÆRSK INSPIRER,24.0,,,injection,WI,,,,,0.0,,32493.158460000002,,,,,,
2013-05-06,NO 15/9-F-4 AH,5693,15/9-F-4,3420717,VOLVE,369304,MÆRSK INSPIRER,24.0,,,injection,WI,,,,,0.0,,33335.993,,,,,,
2013-05-07,NO 15/9-F-4 AH,5693,15/9-F-4,3420717,VOLVE,369304,MÆRSK INSPIRER,24.0,,,injection,WI,,,,,0.0,,33356.749373,,,,,,
2013-05-08,NO 15/9-F-4 AH,5693,15/9-F-4,3420717,VOLVE,369304,MÆRSK INSPIRER,24.0,,,injection,WI,,,,,0.0,,33659.289233999996,,,,,,
2013-05-09,NO 15/9-F-4 AH,5693,15/9-F-4,3420717,VOLVE,369304,MÆRSK INSPIRER,24.0,,,injection,WI,,,,,0.0,,33727.848163,,,,,,
2013-05-10,NO 15/9-F-4 AH,5693,15/9-F-4,3420717,VOLVE,369304,MÆRSK INSPIRER,24.0,,,injection,WI,,,,,0.0,,33781.940529,,,,,,
2013-05-11,NO 15/9-F-4 AH,5693,15/9-F-4,3420717,VOLVE,369304,MÆRSK INSPIRER,24.0,,,injection,WI,,,,,0.0,,33523.69299897294,,,,,,
2013-05-12,NO 15/9-F-4 AH,5693,15/9-F-4,3420717,VOLVE,369304,MÆRSK INSPIRER,24.0,,,injection,WI,,,,,0.0,,33660.2956036,,,,,,
2013-05-13,NO 15/9-F-4 AH,5693,15/9-F-4,3420717,VOLVE,369304,MÆRSK INSPIRER,24.0,,,injection,WI,,,,,0.0,,32997.71443858,,,,,,
2013-05-14,NO 15/9-F-4 AH,5693,15/9-F-4,3420717,VOLVE,369304,MÆRSK INSPIRER,15.16667,,,injection,WI,,,,,0.0,,20412.998199960504,,,,,,
2013-05-15,NO 15/9-F-4 AH,5693,15/9-F-4,3420717,VOLVE,369304,MÆRSK INSPIRER,24.0,,,injection,WI,,,,,0.0,,28454.283692446974,,,,,,
2013-05-16,NO 15/9-F-4 AH,5693,15/9-F-4,3420717,VOLVE,369304,MÆRSK INSPIRER,24.0,,,injection,WI,,,,,0.0,,32835.953105,,,,,,
2013-05-17,NO 15/9-F-4 AH,5693,15/9-F-4,3420717,VOLVE,369304,MÆRSK INSPIRER,21.83334,,,injection,WI,,,,,0.0,,24747.694814800612,,,,,,
2013-05-18,NO 15/9-F-4 AH,5693,15/9-F-4,3420717,VOLVE,369304,MÆRSK INSPIRER,24.0,,,injection,WI,,,,,0.0,,28361.115787474828,,,,,,
2013-05-19,NO 15/9-F-4 AH,5693,15/9-F-4,3420717,VOLVE,369304,MÆRSK INSPIRER,24.0,,,injection,WI,,,,,0.0,,27498.893023463006,,,,,,
2013-05-20,NO 15/9-F-4 AH,5693,15/9-F-4,3420717,VOLVE,369304,MÆRSK INSPIRER,24.0,,,injection,WI,,,,,0.0,,33465.563086,,,,,,
2013-05-21,NO 15/9-F-4 AH,5693,15/9-F-4,3420717,VOLVE,369304,MÆRSK INSPIRER,18.05833,,,injection,WI,,,,,0.0,,29626.677509374294,,,,,,
2013-05-22,NO 15/9-F-4 AH,5693,15/9-F-4,3420717,VOLVE,369304,MÆRSK INSPIRER,0.0,,,injection,WI,,,,,0.0,,0.0,,,,,,
2013-05-23,NO 15/9-F-4 AH,5693,15/9-F-4,3420717,VOLVE,369304,MÆRSK INSPIRER,2.74167,,,injection,WI,,,,,0.0,,4252.540541,,,,,,
2013-05-24,NO 15/9-F-4 AH,5693,15/9-F-4,3420717,VOLVE,369304,MÆRSK INSPIRER,24.0,,,injection,WI,,,,,0.0,,38347.53909722155,,,,,,
2013-05-25,NO 15/9-F-4 AH,5693,15/9-F-4,3420717,VOLVE,369304,MÆRSK INSPIRER,24.0,,,injection,WI,,,,,0.0,,39023.94690128253,,,,,,
2013-05-26,NO 15/9-F-4 AH,5693,15/9-F-4,3420717,VOLVE,369304,MÆRSK INSPIRER,24.0,,,injection,WI,,,,,0.0,,39817.04653902697,,,,,,
2013-05-27,NO 15/9-F-4 AH,5693,15/9-F-4,3420717,VOLVE,369304,MÆRSK INSPIRER,24.0,,,injection,WI,,,,,0.0,,40823.92772596483,,,,,,
2013-05-28,NO 15/9-F-4 AH,5693,15/9-F-4,3420717,VOLVE,369304,MÆRSK INSPIRER,24.0,,,injection,WI,,,,,0.0,,40545.373222,,,,,,
2013-05-29,NO 15/9-F-4 AH,5693,15/9-F-4,3420717,VOLVE,369304,MÆRSK INSPIRER,24.0,,,injection,WI,,,,,0.0,,39370.3026951838,,,,,,
2013-05-30,NO 15/9-F-4 AH,5693,15/9-F-4,3420717,VOLVE,369304,MÆRSK INSPIRER,24.0,,,injection,WI,,,,,0.0,,37674.94442102309,,,,,,
2013-05-31,NO 15/9-F-4 AH,5693,15/9-F-4,3420717,VOLVE,369304,MÆRSK INSPIRER,24.0,,,injection,WI,,,,,0.0,,38334.91004455646,,,,,,
2013-06-01,NO 15/9-F-4 AH,5693,15/9-F-4,3420717,VOLVE,369304,MÆRSK INSPIRER,24.0,,,injection,WI,,,,,0.0,,37732.317872961474,,,,,,
2013-06-02,NO 15/9-F-4 AH,5693,15/9-F-4,3420717,VOLVE,369304,MÆRSK INSPIRER,24.0,,,injection,WI,,,,,0.0,,38397.66706804929,,,,,,
2013-06-03,NO 15/9-F-4 AH,5693,15/9-F-4,3420717,VOLVE,369304,MÆRSK INSPIRER,24.0,,,injection,WI,,,,,0.0,,33082.513656999996,,,,,,
2013-06-04,NO 15/9-F-4 AH,5693,15/9-F-4,3420717,VOLVE,369304,MÆRSK INSPIRER,24.0,,,injection,WI,,,,,0.0,,37443.918578040306,,,,,,
2013-06-05,NO 15/9-F-4 AH,5693,15/9-F-4,3420717,VOLVE,369304,MÆRSK INSPIRER,9.00834,,,injection,WI,,,,,0.0,,12641.102041004895,,,,,,
2013-06-06,NO 15/9-F-4 AH,5693,15/9-F-4,3420717,VOLVE,369304,MÆRSK INSPIRER,9.49166,,,injection,WI,,,,,0.0,,16555.5588500704,,,,,,
2013-06-07,NO 15/9-F-4 AH,5693,15/9-F-4,3420717,VOLVE,369304,MÆRSK INSPIRER,24.0,,,injection,WI,,,,,0.0,,40508.14041914656,,,,,,
2013-06-08,NO 15/9-F-4 AH,5693,15/9-F-4,3420717,VOLVE,369304,MÆRSK INSPIRER,24.0,,,injection,WI,,,,,0.0,,39824.104582489235,,,,,,
2013-06-09,NO 15/9-F-4 AH,5693,15/9-F-4,3420717,VOLVE,369304,MÆRSK INSPIRER,18.675,,,injection,WI,,,,,0.0,,30348.33325,,,,,,
2013-06-10,NO 15/9-F-4 AH,5693,15/9-F-4,3420717,VOLVE,369304,MÆRSK INSPIRER,18.99166,,,injection,WI,,,,,0.0,,33854.11014963804,,,,,,
2013-06-11,NO 15/9-F-4 AH,5693,15/9-F-4,3420717,VOLVE,369304,MÆRSK INSPIRER,24.0,,,injection,WI,,,,,0.0,,39883.68521,,,,,,
2013-06-12,NO 15/9-F-4 AH,5693,15/9-F-4,3420717,VOLVE,369304,MÆRSK INSPIRER,24.0,,,injection,WI,,,,,0.0,,34027.8721,,,,,,
2013-06-13,NO 15/9-F-4 AH,5693,15/9-F-4,3420717,VOLVE,369304,MÆRSK INSPIRER,24.0,,,injection,WI,,,,,0.0,,33939.81476,,,,,,
2013-06-14,NO 15/9-F-4 AH,5693,15/9-F-4,3420717,VOLVE,369304,MÆRSK INSPIRER,24.0,,,injection,WI,,,,,0.0,,33505.81787,,,,,,
2013-06-15,NO 15/9-F-4 AH,5693,15/9-F-4,3420717,VOLVE,369304,MÆRSK INSPIRER,24.0,,,injection,WI,,,,,0.0,,32952.31459,,,,,,
2013-06-16,NO 15/9-F-4 AH,5693,15/9-F-4,3420717,VOLVE,369304,MÆRSK INSPIRER,24.0,,,injection,WI,,,,,0.0,,33285.67452,,,,,,
2013-06-17,NO 15/9-F-4 AH,5693,15/9-F-4,3420717,VOLVE,369304,MÆRSK INSPIRER,24.0,,,injection,WI,,,,,0.0,,30599.92565,,,,,,
2013-06-18,NO 15/9-F-4 AH,5693,15/9-F-4,3420717,VOLVE,369304,MÆRSK INSPIRER,24.0,,,injection,WI,,,,,0.0,,28855.132356000002,,,,,,
2013-06-19,NO 15/9-F-4 AH,5693,15/9-F-4,3420717,VOLVE,369304,MÆRSK INSPIRER,24.0,,,injection,WI,,,,,0.0,,30228.780797624768,,,,,,
2013-06-20,NO 15/9-F-4 AH,5693,15/9-F-4,3420717,VOLVE,369304,MÆRSK INSPIRER,24.0,,,injection,WI,,,,,0.0,,37548.195359360914,,,,,,
2013-06-21,NO 15/9-F-4 AH,5693,15/9-F-4,3420717,VOLVE,369304,MÆRSK INSPIRER,20.34167,,,injection,WI,,,,,0.0,,30621.62036437372,,,,,,
2013-06-22,NO 15/9-F-4 AH,5693,15/9-F-4,3420717,VOLVE,369304,MÆRSK INSPIRER,0.0,,,injection,WI,,,,,0.0,,0.0,,,,,,
2013-06-23,NO 15/9-F-4 AH,5693,15/9-F-4,3420717,VOLVE,369304,MÆRSK INSPIRER,0.0,,,injection,WI,,,,,0.0,,0.0,,,,,,
2013-06-24,NO 15/9-F-4 AH,5693,15/9-F-4,3420717,VOLVE,369304,MÆRSK INSPIRER,0.0,,,injection,WI,,,,,0.0,,0.0,,,,,,
2013-06-25,NO 15/9-F-4 AH,5693,15/9-F-4,3420717,VOLVE,369304,MÆRSK INSPIRER,2.40833,,,injection,WI,,,,,0.0,,1883.7199205239624,,,,,,
2013-06-26,NO 15/9-F-4 AH,5693,15/9-F-4,3420717,VOLVE,369304,MÆRSK INSPIRER,24.0,,,injection,WI,,,,,0.0,,33428.20502551155,,,,,,
2013-06-27,NO 15/9-F-4 AH,5693,15/9-F-4,3420717,VOLVE,369304,MÆRSK INSPIRER,17.18981,,,injection,WI,,,,,0.0,,20896.94516399541,,,,,,
2013-06-28,NO 15/9-F-4 AH,5693,15/9-F-4,3420717,VOLVE,369304,MÆRSK INSPIRER,21.22686,,,injection,WI,,,,,0.0,,22921.60312676248,,,,,,
2013-06-29,NO 15/9-F-4 AH,5693,15/9-F-4,3420717,VOLVE,369304,MÆRSK INSPIRER,24.0,,,injection,WI,,,,,0.0,,34648.95356251349,,,,,,
2013-06-30,NO 15/9-F-4 AH,5693,15/9-F-4,3420717,VOLVE,369304,MÆRSK INSPIRER,24.0,,,injection,WI,,,,,0.0,,31660.52940797306,,,,,,
2013-07-01,NO 15/9-F-4 AH,5693,15/9-F-4,3420717,VOLVE,369304,MÆRSK INSPIRER,24.0,,,injection,WI,,,,,0.0,,28351.24990337857,,,,,,
2013-07-02,NO 15/9-F-4 AH,5693,15/9-F-4,3420717,VOLVE,369304,MÆRSK INSPIRER,24.0,,,injection,WI,,,,,0.0,,35239.97696912923,,,,,,
2013-07-03,NO 15/9-F-4 AH,5693,15/9-F-4,3420717,VOLVE,369304,MÆRSK INSPIRER,24.0,,,injection,WI,,,,,0.0,,35990.18983615464,,,,,,
2013-07-04,NO 15/9-F-4 AH,5693,15/9-F-4,3420717,VOLVE,369304,MÆRSK INSPIRER,16.00834,,,injection,WI,,,,,0.0,,24115.145599035728,,,,,,
2013-07-05,NO 15/9-F-4 AH,5693,15/9-F-4,3420717,VOLVE,369304,MÆRSK INSPIRER,6.40833,,,injection,WI,,,,,0.0,,10079.794946906284,,,,,,
2013-07-06,NO 15/9-F-4 AH,5693,15/9-F-4,3420717,VOLVE,369304,MÆRSK INSPIRER,17.66667,,,injection,WI,,,,,0.0,,20304.874011312884,,,,,,
2013-07-07,NO 15/9-F-4 AH,5693,15/9-F-4,3420717,VOLVE,369304,MÆRSK INSPIRER,24.0,,,injection,WI,,,,,0.0,,32622.43010368814,,,,,,
2013-07-08,NO 15/9-F-4 AH,5693,15/9-F-4,3420717,VOLVE,369304,MÆRSK INSPIRER,24.0,,,injection,WI,,,,,0.0,,37836.05534893778,,,,,,
2013-07-09,NO 15/9-F-4 AH,5693,15/9-F-4,3420717,VOLVE,369304,MÆRSK INSPIRER,24.0,,,injection,WI,,,,,0.0,,36862.21374770367,,,,,,
2013-07-10,NO 15/9-F-4 AH,5693,15/9-F-4,3420717,VOLVE,369304,MÆRSK INSPIRER,24.0,,,injection,WI,,,,,0.0,,35973.12329501664,,,,,,
2013-07-11,NO 15/9-F-4 AH,5693,15/9-F-4,3420717,VOLVE,369304,MÆRSK INSPIRER,24.0,,,injection,WI,,,,,0.0,,33066.64625503472,,,,,,
2013-07-12,NO 15/9-F-4 AH,5693,15/9-F-4,3420717,VOLVE,369304,MÆRSK INSPIRER,24.0,,,injection,WI,,,,,0.0,,32958.324676424774,,,,,,
2013-07-13,NO 15/9-F-4 AH,5693,15/9-F-4,3420717,VOLVE,369304,MÆRSK INSPIRER,24.0,,,injection,WI,,,,,0.0,,32975.1966331178,,,,,,
2013-07-14,NO 15/9-F-4 AH,5693,15/9-F-4,3420717,VOLVE,369304,MÆRSK INSPIRER,24.0,,,injection,WI,,,,,0.0,,32815.19695738486,,,,,,
2013-07-15,NO 15/9-F-4 AH,5693,15/9-F-4,3420717,VOLVE,369304,MÆRSK INSPIRER,24.0,,,injection,WI,,,,,0.0,,33695.59711505142,,,,,,
2013-07-16,NO 15/9-F-4 AH,5693,15/9-F-4,3420717,VOLVE,369304,MÆRSK INSPIRER,24.0,,,injection,WI,,,,,0.0,,33612.74464,,,,,,
2013-07-17,NO 15/9-F-4 AH,5693,15/9-F-4,3420717,VOLVE,369304,MÆRSK INSPIRER,24.0,,,injection,WI,,,,,0.0,,33478.4956901372,,,,,,
2013-07-18,NO 15/9-F-4 AH,5693,15/9-F-4,3420717,VOLVE,369304,MÆRSK INSPIRER,24.0,,,injection,WI,,,,,0.0,,35028.776696372086,,,,,,
2013-07-19,NO 15/9-F-4 AH,5693,15/9-F-4,3420717,VOLVE,369304,MÆRSK INSPIRER,24.0,,,injection,WI,,,,,0.0,,36368.231546438255,,,,,,
2013-07-20,NO 15/9-F-4 AH,5693,15/9-F-4,3420717,VOLVE,369304,MÆRSK INSPIRER,24.0,,,injection,WI,,,,,0.0,,35630.45845859127,,,,,,
2013-07-21,NO 15/9-F-4 AH,5693,15/9-F-4,3420717,VOLVE,369304,MÆRSK INSPIRER,24.0,,,injection,WI,,,,,0.0,,35551.116979068625,,,,,,
2013-07-22,NO 15/9-F-4 AH,5693,15/9-F-4,3420717,VOLVE,369304,MÆRSK INSPIRER,2.33333,,,injection,WI,,,,,0.0,,3098.5788104796106,,,,,,
2013-07-23,NO 15/9-F-4 AH,5693,15/9-F-4,3420717,VOLVE,369304,MÆRSK INSPIRER,24.0,,,injection,WI,,,,,0.0,,14793.63312,,,,,,
2013-07-24,NO 15/9-F-4 AH,5693,15/9-F-4,3420717,VOLVE,369304,MÆRSK INSPIRER,24.0,,,injection,WI,,,,,0.0,,15573.56956,,,,,,
2013-07-25,NO 15/9-F-4 AH,5693,15/9-F-4,3420717,VOLVE,369304,MÆRSK INSPIRER,24.0,,,injection,WI,,,,,0.0,,29599.84586,,,,,,
2013-07-26,NO 15/9-F-4 AH,5693,15/9-F-4,3420717,VOLVE,369304,MÆRSK INSPIRER,24.0,,,injection,WI,,,,,0.0,,17045.3851,,,,,,
2013-07-27,NO 15/9-F-4 AH,5693,15/9-F-4,3420717,VOLVE,369304,MÆRSK INSPIRER,24.0,,,injection,WI,,,,,0.0,,30342.04344,,,,,,
2013-07-28,NO 15/9-F-4 AH,5693,15/9-F-4,3420717,VOLVE,369304,MÆRSK INSPIRER,0.3,,,injection,WI,,,,,0.0,,547.21347,,,,,,
2013-07-29,NO 15/9-F-4 AH,5693,15/9-F-4,3420717,VOLVE,369304,MÆRSK INSPIRER,9.99166,,,injection,WI,,,,,0.0,,10548.01137,,,,,,
2013-07-30,NO 15/9-F-4 AH,5693,15/9-F-4,3420717,VOLVE,369304,MÆRSK INSPIRER,24.0,,,injection,WI,,,,,0.0,,38447.65265330316,,,,,,
2013-07-31,NO 15/9-F-4 AH,5693,15/9-F-4,3420717,VOLVE,369304,MÆRSK INSPIRER,24.0,,,injection,WI,,,,,0.0,,7406.034120620127,,,,,,
2013-08-01,NO 15/9-F-4 AH,5693,15/9-F-4,3420717,VOLVE,369304,MÆRSK INSPIRER,0.0,,,injection,WI,,,,,0.0,,0.0,,,,,,
2013-08-02,NO 15/9-F-4 AH,5693,15/9-F-4,3420717,VOLVE,369304,MÆRSK INSPIRER,0.0,,,injection,WI,,,,,0.0,,0.0,,,,,,
2013-08-03,NO 15/9-F-4 AH,5693,15/9-F-4,3420717,VOLVE,369304,MÆRSK INSPIRER,18.05,,,injection,WI,,,,,0.0,,20655.13850805,,,,,,
2013-08-04,NO 15/9-F-4 AH,5693,15/9-F-4,3420717,VOLVE,369304,MÆRSK INSPIRER,24.0,,,injection,WI,,,,,0.0,,38015.0455571,,,,,,
2013-08-05,NO 15/9-F-4 AH,5693,15/9-F-4,3420717,VOLVE,369304,MÆRSK INSPIRER,24.0,,,injection,WI,,,,,0.0,,36682.738002900005,,,,,,
2013-08-06,NO 15/9-F-4 AH,5693,15/9-F-4,3420717,VOLVE,369304,MÆRSK INSPIRER,24.0,,,injection,WI,,,,,0.0,,36444.52673469867,,,,,,
2013-08-07,NO 15/9-F-4 AH,5693,15/9-F-4,3420717,VOLVE,369304,MÆRSK INSPIRER,24.0,,,injection,WI,,,,,0.0,,36639.79353496762,,,,,,
2013-08-08,NO 15/9-F-4 AH,5693,15/9-F-4,3420717,VOLVE,369304,MÆRSK INSPIRER,24.0,,,injection,WI,,,,,0.0,,36555.04905361915,,,,,,
2013-08-09,NO 15/9-F-4 AH,5693,15/9-F-4,3420717,VOLVE,369304,MÆRSK INSPIRER,24.0,,,injection,WI,,,,,0.0,,36189.483794727006,,,,,,
2013-08-10,NO 15/9-F-4 AH,5693,15/9-F-4,3420717,VOLVE,369304,MÆRSK INSPIRER,24.0,,,injection,WI,,,,,0.0,,35997.76763413513,,,,,,
2013-08-11,NO 15/9-F-4 AH,5693,15/9-F-4,3420717,VOLVE,369304,MÆRSK INSPIRER,24.0,,,injection,WI,,,,,0.0,,33826.083169046826,,,,,,
2013-08-12,NO 15/9-F-4 AH,5693,15/9-F-4,3420717,VOLVE,369304,MÆRSK INSPIRER,23.66666,,,injection,WI,,,,,0.0,,35144.3327305799,,,,,,
2013-08-13,NO 15/9-F-4 AH,5693,15/9-F-4,3420717,VOLVE,369304,MÆRSK INSPIRER,24.0,,,injection,WI,,,,,0.0,,34494.54697452685,,,,,,
2013-08-14,NO 15/9-F-4 AH,5693,15/9-F-4,3420717,VOLVE,369304,MÆRSK INSPIRER,24.0,,,injection,WI,,,,,0.0,,36493.248192628365,,,,,,
2013-08-15,NO 15/9-F-4 AH,5693,15/9-F-4,3420717,VOLVE,369304,MÆRSK INSPIRER,24.0,,,injection,WI,,,,,0.0,,37003.44357554305,,,,,,
2013-08-16,NO 15/9-F-4 AH,5693,15/9-F-4,3420717,VOLVE,369304,MÆRSK INSPIRER,24.0,,,injection,WI,,,,,0.0,,36096.41767329481,,,,,,
2013-08-17,NO 15/9-F-4 AH,5693,15/9-F-4,3420717,VOLVE,369304,MÆRSK INSPIRER,24.0,,,injection,WI,,,,,0.0,,35425.76082728,,,,,,
2013-08-18,NO 15/9-F-4 AH,5693,15/9-F-4,3420717,VOLVE,369304,MÆRSK INSPIRER,24.0,,,injection,WI,,,,,0.0,,33163.860076358236,,,,,,
2013-08-19,NO 15/9-F-4 AH,5693,15/9-F-4,3420717,VOLVE,369304,MÆRSK INSPIRER,24.0,,,injection,WI,,,,,0.0,,32968.169832976324,,,,,,
2013-08-20,NO 15/9-F-4 AH,5693,15/9-F-4,3420717,VOLVE,369304,MÆRSK INSPIRER,24.0,,,injection,WI,,,,,0.0,,32803.95047178699,,,,,,
2013-08-21,NO 15/9-F-4 AH,5693,15/9-F-4,3420717,VOLVE,369304,MÆRSK INSPIRER,24.0,,,injection,WI,,,,,0.0,,33376.876670652855,,,,,,
2013-08-22,NO 15/9-F-4 AH,5693,15/9-F-4,3420717,VOLVE,369304,MÆRSK INSPIRER,24.0,,,injection,WI,,,,,0.0,,33945.43874381717,,,,,,
2013-08-23,NO 15/9-F-4 AH,5693,15/9-F-4,3420717,VOLVE,369304,MÆRSK INSPIRER,24.0,,,injection,WI,,,,,0.0,,33615.18552132519,,,,,,
2013-08-24,NO 15/9-F-4 AH,5693,15/9-F-4,3420717,VOLVE,369304,MÆRSK INSPIRER,24.0,,,injection,WI,,,,,0.0,,32807.35998254181,,,,,,
2013-08-25,NO 15/9-F-4 AH,5693,15/9-F-4,3420717,VOLVE,369304,MÆRSK INSPIRER,24.0,,,injection,WI,,,,,0.0,,33057.542082653985,,,,,,
2013-08-26,NO 15/9-F-4 AH,5693,15/9-F-4,3420717,VOLVE,369304,MÆRSK INSPIRER,24.0,,,injection,WI,,,,,0.0,,33187.08470315032,,,,,,
2013-08-27,NO 15/9-F-4 AH,5693,15/9-F-4,3420717,VOLVE,369304,MÆRSK INSPIRER,24.0,,,injection,WI,,,,,0.0,,33125.699361422296,,,,,,
2013-08-28,NO 15/9-F-4 AH,5693,15/9-F-4,3420717,VOLVE,369304,MÆRSK INSPIRER,24.0,,,injection,WI,,,,,0.0,,32111.00379709419,,,,,,
2013-08-29,NO 15/9-F-4 AH,5693,15/9-F-4,3420717,VOLVE,369304,MÆRSK INSPIRER,24.0,,,injection,WI,,,,,0.0,,30626.158559256623,,,,,,
2013-08-30,NO 15/9-F-4 AH,5693,15/9-F-4,3420717,VOLVE,369304,MÆRSK INSPIRER,24.0,,,injection,WI,,,,,0.0,,30574.558381086135,,,,,,
2013-08-31,NO 15/9-F-4 AH,5693,15/9-F-4,3420717,VOLVE,369304,MÆRSK INSPIRER,24.0,,,injection,WI,,,,,0.0,,30629.766303856602,,,,,,
2013-09-01,NO 15/9-F-4 AH,5693,15/9-F-4,3420717,VOLVE,369304,MÆRSK INSPIRER,24.0,,,injection,WI,,,,,0.0,,30118.633010682257,,,,,,
2013-09-02,NO 15/9-F-4 AH,5693,15/9-F-4,3420717,VOLVE,369304,MÆRSK INSPIRER,24.0,,,injection,WI,,,,,0.0,,30125.336954876428,,,,,,
2013-09-03,NO 15/9-F-4 AH,5693,15/9-F-4,3420717,VOLVE,369304,MÆRSK INSPIRER,24.0,,,injection,WI,,,,,0.0,,29618.71529,,,,,,
2013-09-04,NO 15/9-F-4 AH,5693,15/9-F-4,3420717,VOLVE,369304,MÆRSK INSPIRER,24.0,,,injection,WI,,,,,0.0,,32990.05345,,,,,,
2013-09-05,NO 15/9-F-4 AH,5693,15/9-F-4,3420717,VOLVE,369304,MÆRSK INSPIRER,24.0,,,injection,WI,,,,,0.0,,28291.56538,,,,,,
2013-09-06,NO 15/9-F-4 AH,5693,15/9-F-4,3420717,VOLVE,369304,MÆRSK INSPIRER,24.0,,,injection,WI,,,,,0.0,,27392.12255,,,,,,
2013-09-07,NO 15/9-F-4 AH,5693,15/9-F-4,3420717,VOLVE,369304,MÆRSK INSPIRER,24.0,,,injection,WI,,,,,0.0,,33084.4006,,,,,,
2013-09-08,NO 15/9-F-4 AH,5693,15/9-F-4,3420717,VOLVE,369304,MÆRSK INSPIRER,24.0,,,injection,WI,,,,,0.0,,33530.97711,,,,,,
2013-09-09,NO 15/9-F-4 AH,5693,15/9-F-4,3420717,VOLVE,369304,MÆRSK INSPIRER,24.0,,,injection,WI,,,,,0.0,,30115.61028,,,,,,
2013-09-10,NO 15/9-F-4 AH,5693,15/9-F-4,3420717,VOLVE,369304,MÆRSK INSPIRER,24.0,,,injection,WI,,,,,0.0,,28169.708515520917,,,,,,
2013-09-11,NO 15/9-F-4 AH,5693,15/9-F-4,3420717,VOLVE,369304,MÆRSK INSPIRER,24.0,,,injection,WI,,,,,0.0,,29590.43110990524,,,,,,
2013-09-12,NO 15/9-F-4 AH,5693,15/9-F-4,3420717,VOLVE,369304,MÆRSK INSPIRER,18.25,,,injection,WI,,,,,0.0,,23451.28533694375,,,,,,
2013-09-13,NO 15/9-F-4 AH,5693,15/9-F-4,3420717,VOLVE,369304,MÆRSK INSPIRER,0.0,,,injection,WI,,,,,0.0,,0.0,,,,,,
2013-09-14,NO 15/9-F-4 AH,5693,15/9-F-4,3420717,VOLVE,369304,MÆRSK INSPIRER,10.525,,,injection,WI,,,,,0.0,,9677.443050212309,,,,,,
2013-09-15,NO 15/9-F-4 AH,5693,15/9-F-4,3420717,VOLVE,369304,MÆRSK INSPIRER,24.0,,,injection,WI,,,,,0.0,,38510.35424653499,,,,,,
2013-09-16,NO 15/9-F-4 AH,5693,15/9-F-4,3420717,VOLVE,369304,MÆRSK INSPIRER,21.5,,,injection,WI,,,,,0.0,,33233.854431726635,,,,,,
2013-09-17,NO 15/9-F-4 AH,5693,15/9-F-4,3420717,VOLVE,369304,MÆRSK INSPIRER,24.0,,,injection,WI,,,,,0.0,,35816.103349941965,,,,,,
2013-09-18,NO 15/9-F-4 AH,5693,15/9-F-4,3420717,VOLVE,369304,MÆRSK INSPIRER,10.64167,,,injection,WI,,,,,0.0,,15424.582347000856,,,,,,
2013-09-19,NO 15/9-F-4 AH,5693,15/9-F-4,3420717,VOLVE,369304,MÆRSK INSPIRER,0.0,,,injection,WI,,,,,0.0,,0.0,,,,,,
2013-09-20,NO 15/9-F-4 AH,5693,15/9-F-4,3420717,VOLVE,369304,MÆRSK INSPIRER,18.525,,,injection,WI,,,,,0.0,,23231.324584059184,,,,,,
2013-09-21,NO 15/9-F-4 AH,5693,15/9-F-4,3420717,VOLVE,369304,MÆRSK INSPIRER,11.66667,,,injection,WI,,,,,0.0,,15216.28118395193,,,,,,
2013-09-22,NO 15/9-F-4 AH,5693,15/9-F-4,3420717,VOLVE,369304,MÆRSK INSPIRER,24.0,,,injection,WI,,,,,0.0,,35708.580911348174,,,,,,
2013-09-23,NO 15/9-F-4 AH,5693,15/9-F-4,3420717,VOLVE,369304,MÆRSK INSPIRER,24.0,,,injection,WI,,,,,0.0,,35689.29729735968,,,,,,
2013-09-24,NO 15/9-F-4 AH,5693,15/9-F-4,3420717,VOLVE,369304,MÆRSK INSPIRER,24.0,,,injection,WI,,,,,0.0,,35013.09655908541,,,,,,
2013-09-25,NO 15/9-F-4 AH,5693,15/9-F-4,3420717,VOLVE,369304,MÆRSK INSPIRER,24.0,,,injection,WI,,,,,0.0,,34616.454243970824,,,,,,
2013-09-26,NO 15/9-F-4 AH,5693,15/9-F-4,3420717,VOLVE,369304,MÆRSK INSPIRER,24.0,,,injection,WI,,,,,0.0,,34533.75355775922,,,,,,
2013-09-27,NO 15/9-F-4 AH,5693,15/9-F-4,3420717,VOLVE,369304,MÆRSK INSPIRER,13.33333,,,injection,WI,,,,,0.0,,13973.819036938732,,,,,,
2013-09-28,NO 15/9-F-4 AH,5693,15/9-F-4,3420717,VOLVE,369304,MÆRSK INSPIRER,24.0,,,injection,WI,,,,,0.0,,30681.89285132883,,,,,,
2013-09-29,NO 15/9-F-4 AH,5693,15/9-F-4,3420717,VOLVE,369304,MÆRSK INSPIRER,24.0,,,injection,WI,,,,,0.0,,35538.67652504601,,,,,,
2013-09-30,NO 15/9-F-4 AH,5693,15/9-F-4,3420717,VOLVE,369304,MÆRSK INSPIRER,24.0,,,injection,WI,,,,,0.0,,36360.87377649458,,,,,,
2013-10-01,NO 15/9-F-4 AH,5693,15/9-F-4,3420717,VOLVE,369304,MÆRSK INSPIRER,24.0,,,injection,WI,,,,,0.0,,34628.12896604102,,,,,,
2013-10-02,NO 15/9-F-4 AH,5693,15/9-F-4,3420717,VOLVE,369304,MÆRSK INSPIRER,24.0,,,injection,WI,,,,,0.0,,34225.29819335232,,,,,,
2013-10-03,NO 15/9-F-4 AH,5693,15/9-F-4,3420717,VOLVE,369304,MÆRSK INSPIRER,24.0,,,injection,WI,,,,,0.0,,34382.83737010475,,,,,,
2013-10-04,NO 15/9-F-4 AH,5693,15/9-F-4,3420717,VOLVE,369304,MÆRSK INSPIRER,24.0,,,injection,WI,,,,,0.0,,21599.607493293373,,,,,,
2013-10-05,NO 15/9-F-4 AH,5693,15/9-F-4,3420717,VOLVE,369304,MÆRSK INSPIRER,24.0,,,injection,WI,,,,,0.0,,32546.95410945476,,,,,,
2013-10-06,NO 15/9-F-4 AH,5693,15/9-F-4,3420717,VOLVE,369304,MÆRSK INSPIRER,24.0,,,injection,WI,,,,,0.0,,34474.98827831876,,,,,,
2013-10-07,NO 15/9-F-4 AH,5693,15/9-F-4,3420717,VOLVE,369304,MÆRSK INSPIRER,24.0,,,injection,WI,,,,,0.0,,33719.535413824786,,,,,,
2013-10-08,NO 15/9-F-4 AH,5693,15/9-F-4,3420717,VOLVE,369304,MÆRSK INSPIRER,24.0,,,injection,WI,,,,,0.0,,33862.14430216233,,,,,,
2013-10-09,NO 15/9-F-4 AH,5693,15/9-F-4,3420717,VOLVE,369304,MÆRSK INSPIRER,24.0,,,injection,WI,,,,,0.0,,34954.19883852275,,,,,,
2013-10-10,NO 15/9-F-4 AH,5693,15/9-F-4,3420717,VOLVE,369304,MÆRSK INSPIRER,24.0,,,injection,WI,,,,,0.0,,35570.0169329924,,,,,,
2013-10-11,NO 15/9-F-4 AH,5693,15/9-F-4,3420717,VOLVE,369304,MÆRSK INSPIRER,11.5,,,injection,WI,,,,,0.0,,15796.385568202937,,,,,,
2013-10-12,NO 15/9-F-4 AH,5693,15/9-F-4,3420717,VOLVE,369304,MÆRSK INSPIRER,9.75,,,injection,WI,,,,,0.0,,11677.775252737381,,,,,,
2013-10-13,NO 15/9-F-4 AH,5693,15/9-F-4,3420717,VOLVE,369304,MÆRSK INSPIRER,24.0,,,injection,WI,,,,,0.0,,32668.201961770214,,,,,,
2013-10-14,NO 15/9-F-4 AH,5693,15/9-F-4,3420717,VOLVE,369304,MÆRSK INSPIRER,24.0,,,injection,WI,,,,,0.0,,33563.013431697436,,,,,,
2013-10-15,NO 15/9-F-4 AH,5693,15/9-F-4,3420717,VOLVE,369304,MÆRSK INSPIRER,24.0,,,injection,WI,,,,,0.0,,34480.73842,,,,,,
2013-10-16,NO 15/9-F-4 AH,5693,15/9-F-4,3420717,VOLVE,369304,MÆRSK INSPIRER,24.0,,,injection,WI,,,,,0.0,,34977.63341,,,,,,
2013-10-17,NO 15/9-F-4 AH,5693,15/9-F-4,3420717,VOLVE,369304,MÆRSK INSPIRER,24.0,,,injection,WI,,,,,0.0,,35631.77365,,,,,,
2013-10-18,NO 15/9-F-4 AH,5693,15/9-F-4,3420717,VOLVE,369304,MÆRSK INSPIRER,24.0,,,injection,WI,,,,,0.0,,35518.55707,,,,,,
2013-10-19,NO 15/9-F-4 AH,5693,15/9-F-4,3420717,VOLVE,369304,MÆRSK INSPIRER,19.975,,,injection,WI,,,,,0.0,,29549.52738,,,,,,
2013-10-20,NO 15/9-F-4 AH,5693,15/9-F-4,3420717,VOLVE,369304,MÆRSK INSPIRER,17.69167,,,injection,WI,,,,,0.0,,26329.14466,,,,,,
2013-10-21,NO 15/9-F-4 AH,5693,15/9-F-4,3420717,VOLVE,369304,MÆRSK INSPIRER,23.16666,,,injection,WI,,,,,0.0,,33995.68967125777,,,,,,
2013-10-22,NO 15/9-F-4 AH,5693,15/9-F-4,3420717,VOLVE,369304,MÆRSK INSPIRER,24.0,,,injection,WI,,,,,0.0,,35533.0419363471,,,,,,
2013-10-23,NO 15/9-F-4 AH,5693,15/9-F-4,3420717,VOLVE,369304,MÆRSK INSPIRER,24.0,,,injection,WI,,,,,0.0,,35451.256103,,,,,,
2013-10-24,NO 15/9-F-4 AH,5693,15/9-F-4,3420717,VOLVE,369304,MÆRSK INSPIRER,24.0,,,injection,WI,,,,,0.0,,31077.12095508,,,,,,
2013-10-25,NO 15/9-F-4 AH,5693,15/9-F-4,3420717,VOLVE,369304,MÆRSK INSPIRER,24.0,,,injection,WI,,,,,0.0,,35298.12109183126,,,,,,
2013-10-26,NO 15/9-F-4 AH,5693,15/9-F-4,3420717,VOLVE,369304,MÆRSK INSPIRER,24.0,,,injection,WI,,,,,0.0,,36582.792922,,,,,,
2013-10-27,NO 15/9-F-4 AH,5693,15/9-F-4,3420717,VOLVE,369304,MÆRSK INSPIRER,24.14167,,,injection,WI,,,,,0.0,,30282.4789393,,,,,,
2013-10-28,NO 15/9-F-4 AH,5693,15/9-F-4,3420717,VOLVE,369304,MÆRSK INSPIRER,0.0,,,injection,WI,,,,,0.0,,0.0,,,,,,
2013-10-29,NO 15/9-F-4 AH,5693,15/9-F-4,3420717,VOLVE,369304,MÆRSK INSPIRER,0.0,,,injection,WI,,,,,0.0,,0.9330749682208332,,,,,,
2013-10-30,NO 15/9-F-4 AH,5693,15/9-F-4,3420717,VOLVE,369304,MÆRSK INSPIRER,16.19167,,,injection,WI,,,,,0.0,,17617.1066888688,,,,,,
2013-10-31,NO 15/9-F-4 AH,5693,15/9-F-4,3420717,VOLVE,369304,MÆRSK INSPIRER,24.0,,,injection,WI,,,,,0.0,,34408.248734517845,,,,,,
2013-11-01,NO 15/9-F-4 AH,5693,15/9-F-4,3420717,VOLVE,369304,MÆRSK INSPIRER,24.0,,,injection,WI,,,,,0.0,,34471.65559497234,,,,,,
2013-11-02,NO 15/9-F-4 AH,5693,15/9-F-4,3420717,VOLVE,369304,MÆRSK INSPIRER,3.30833,,,injection,WI,,,,,0.0,,4464.374531770298,,,,,,
2013-11-03,NO 15/9-F-4 AH,5693,15/9-F-4,3420717,VOLVE,369304,MÆRSK INSPIRER,8.19167,,,injection,WI,,,,,0.0,,9114.37224063265,,,,,,
2013-11-04,NO 15/9-F-4 AH,5693,15/9-F-4,3420717,VOLVE,369304,MÆRSK INSPIRER,24.0,,,injection,WI,,,,,0.0,,32992.652546254234,,,,,,
2013-11-05,NO 15/9-F-4 AH,5693,15/9-F-4,3420717,VOLVE,369304,MÆRSK INSPIRER,24.0,,,injection,WI,,,,,0.0,,33791.801478216155,,,,,,
2013-11-06,NO 15/9-F-4 AH,5693,15/9-F-4,3420717,VOLVE,369304,MÆRSK INSPIRER,24.0,,,injection,WI,,,,,0.0,,30117.454495534443,,,,,,
2013-11-07,NO 15/9-F-4 AH,5693,15/9-F-4,3420717,VOLVE,369304,MÆRSK INSPIRER,24.0,,,injection,WI,,,,,0.0,,34824.97183151958,,,,,,
2013-11-08,NO 15/9-F-4 AH,5693,15/9-F-4,3420717,VOLVE,369304,MÆRSK INSPIRER,24.0,,,injection,WI,,,,,0.0,,34952.56462795082,,,,,,
2013-11-09,NO 15/9-F-4 AH,5693,15/9-F-4,3420717,VOLVE,369304,MÆRSK INSPIRER,23.16667,,,injection,WI,,,,,0.0,,33533.68940317858,,,,,,
2013-11-10,NO 15/9-F-4 AH,5693,15/9-F-4,3420717,VOLVE,369304,MÆRSK INSPIRER,23.83333,,,injection,WI,,,,,0.0,,34682.3913180874,,,,,,
2013-11-11,NO 15/9-F-4 AH,5693,15/9-F-4,3420717,VOLVE,369304,MÆRSK INSPIRER,24.0,,,injection,WI,,,,,0.0,,34922.62391763126,,,,,,
2013-11-12,NO 15/9-F-4 AH,5693,15/9-F-4,3420717,VOLVE,369304,MÆRSK INSPIRER,23.83333,,,injection,WI,,,,,0.0,,33800.00531540009,,,,,,
2013-11-13,NO 15/9-F-4 AH,5693,15/9-F-4,3420717,VOLVE,369304,MÆRSK INSPIRER,24.0,,,injection,WI,,,,,0.0,,34950.078682757725,,,,,,
2013-11-14,NO 15/9-F-4 AH,5693,15/9-F-4,3420717,VOLVE,369304,MÆRSK INSPIRER,24.0,,,injection,WI,,,,,0.0,,34687.11215594894,,,,,,
2013-11-15,NO 15/9-F-4 AH,5693,15/9-F-4,3420717,VOLVE,369304,MÆRSK INSPIRER,24.0,,,injection,WI,,,,,0.0,,34660.720554786014,,,,,,
2013-11-16,NO 15/9-F-4 AH,5693,15/9-F-4,3420717,VOLVE,369304,MÆRSK INSPIRER,24.0,,,injection,WI,,,,,0.0,,34562.746077910895,,,,,,
2013-11-17,NO 15/9-F-4 AH,5693,15/9-F-4,3420717,VOLVE,369304,MÆRSK INSPIRER,24.0,,,injection,WI,,,,,0.0,,34797.20417717391,,,,,,
2013-11-18,NO 15/9-F-4 AH,5693,15/9-F-4,3420717,VOLVE,369304,MÆRSK INSPIRER,24.0,,,injection,WI,,,,,0.0,,34117.76635018221,,,,,,
2013-11-19,NO 15/9-F-4 AH,5693,15/9-F-4,3420717,VOLVE,369304,MÆRSK INSPIRER,24.0,,,injection,WI,,,,,0.0,,35101.85360506773,,,,,,
2013-11-20,NO 15/9-F-4 AH,5693,15/9-F-4,3420717,VOLVE,369304,MÆRSK INSPIRER,24.0,,,injection,WI,,,,,0.0,,34973.35379182695,,,,,,
2013-11-21,NO 15/9-F-4 AH,5693,15/9-F-4,3420717,VOLVE,369304,MÆRSK INSPIRER,24.0,,,injection,WI,,,,,0.0,,34418.28602904037,,,,,,
2013-11-22,NO 15/9-F-4 AH,5693,15/9-F-4,3420717,VOLVE,369304,MÆRSK INSPIRER,24.0,,,injection,WI,,,,,0.0,,33965.57748630347,,,,,,
2013-11-23,NO 15/9-F-4 AH,5693,15/9-F-4,3420717,VOLVE,369304,MÆRSK INSPIRER,24.0,,,injection,WI,,,,,0.0,,34426.51688226864,,,,,,
2013-11-24,NO 15/9-F-4 AH,5693,15/9-F-4,3420717,VOLVE,369304,MÆRSK INSPIRER,24.0,,,injection,WI,,,,,0.0,,32677.853342379432,,,,,,
2013-11-25,NO 15/9-F-4 AH,5693,15/9-F-4,3420717,VOLVE,369304,MÆRSK INSPIRER,24.0,,,injection,WI,,,,,0.0,,36054.430244506744,,,,,,
2013-11-26,NO 15/9-F-4 AH,5693,15/9-F-4,3420717,VOLVE,369304,MÆRSK INSPIRER,24.0,,,injection,WI,,,,,0.0,,35204.06657,,,,,,
2013-11-27,NO 15/9-F-4 AH,5693,15/9-F-4,3420717,VOLVE,369304,MÆRSK INSPIRER,24.0,,,injection,WI,,,,,0.0,,34807.80854,,,,,,
2013-11-28,NO 15/9-F-4 AH,5693,15/9-F-4,3420717,VOLVE,369304,MÆRSK INSPIRER,24.0,,,injection,WI,,,,,0.0,,36757.64964,,,,,,
2013-11-29,NO 15/9-F-4 AH,5693,15/9-F-4,3420717,VOLVE,369304,MÆRSK INSPIRER,24.0,,,injection,WI,,,,,0.0,,38449.60853,,,,,,
2013-11-30,NO 15/9-F-4 AH,5693,15/9-F-4,3420717,VOLVE,369304,MÆRSK INSPIRER,24.0,,,injection,WI,,,,,0.0,,34757.490060000004,,,,,,
2013-12-01,NO 15/9-F-4 AH,5693,15/9-F-4,3420717,VOLVE,369304,MÆRSK INSPIRER,24.0,,,injection,WI,,,,,0.0,,36833.12736,,,,,,
2013-12-02,NO 15/9-F-4 AH,5693,15/9-F-4,3420717,VOLVE,369304,MÆRSK INSPIRER,24.0,,,injection,WI,,,,,0.0,,29536.94776,,,,,,
2013-12-03,NO 15/9-F-4 AH,5693,15/9-F-4,3420717,VOLVE,369304,MÆRSK INSPIRER,24.0,,,injection,WI,,,,,0.0,,38002.67609799738,,,,,,
2013-12-04,NO 15/9-F-4 AH,5693,15/9-F-4,3420717,VOLVE,369304,MÆRSK INSPIRER,24.0,,,injection,WI,,,,,0.0,,31171.23274956244,,,,,,
2013-12-05,NO 15/9-F-4 AH,5693,15/9-F-4,3420717,VOLVE,369304,MÆRSK INSPIRER,23.39167,,,injection,WI,,,,,0.0,,33297.26326167788,,,,,,
2013-12-06,NO 15/9-F-4 AH,5693,15/9-F-4,3420717,VOLVE,369304,MÆRSK INSPIRER,16.35833,,,injection,WI,,,,,0.0,,21839.540862988746,,,,,,
2013-12-07,NO 15/9-F-4 AH,5693,15/9-F-4,3420717,VOLVE,369304,MÆRSK INSPIRER,24.0,,,injection,WI,,,,,0.0,,35616.837172674146,,,,,,
2013-12-08,NO 15/9-F-4 AH,5693,15/9-F-4,3420717,VOLVE,369304,MÆRSK INSPIRER,24.0,,,injection,WI,,,,,0.0,,35485.53988388211,,,,,,
2013-12-09,NO 15/9-F-4 AH,5693,15/9-F-4,3420717,VOLVE,369304,MÆRSK INSPIRER,14.83333,,,injection,WI,,,,,0.0,,18703.741074498503,,,,,,
2013-12-10,NO 15/9-F-4 AH,5693,15/9-F-4,3420717,VOLVE,369304,MÆRSK INSPIRER,19.05833,,,injection,WI,,,,,0.0,,26168.638067513133,,,,,,
2013-12-11,NO 15/9-F-4 AH,5693,15/9-F-4,3420717,VOLVE,369304,MÆRSK INSPIRER,10.94167,,,injection,WI,,,,,0.0,,870.5027970023938,,,,,,
2013-12-12,NO 15/9-F-4 AH,5693,15/9-F-4,3420717,VOLVE,369304,MÆRSK INSPIRER,24.0,,,injection,WI,,,,,0.0,,21560.50809628567,,,,,,
2013-12-13,NO 15/9-F-4 AH,5693,15/9-F-4,3420717,VOLVE,369304,MÆRSK INSPIRER,9.0,,,injection,WI,,,,,0.0,,11297.756722,,,,,,
2013-12-14,NO 15/9-F-4 AH,5693,15/9-F-4,3420717,VOLVE,369304,MÆRSK INSPIRER,24.0,,,injection,WI,,,,,0.0,,31722.855617481822,,,,,,
2013-12-15,NO 15/9-F-4 AH,5693,15/9-F-4,3420717,VOLVE,369304,MÆRSK INSPIRER,23.16667,,,injection,WI,,,,,0.0,,33079.466170673884,,,,,,
2013-12-16,NO 15/9-F-4 AH,5693,15/9-F-4,3420717,VOLVE,369304,MÆRSK INSPIRER,24.0,,,injection,WI,,,,,0.0,,33939.81476,,,,,,
2013-12-17,NO 15/9-F-4 AH,5693,15/9-F-4,3420717,VOLVE,369304,MÆRSK INSPIRER,24.0,,,injection,WI,,,,,0.0,,34637.068929827925,,,,,,
2013-12-18,NO 15/9-F-4 AH,5693,15/9-F-4,3420717,VOLVE,369304,MÆRSK INSPIRER,24.0,,,injection,WI,,,,,0.0,,34780.91729074482,,,,,,
2013-12-19,NO 15/9-F-4 AH,5693,15/9-F-4,3420717,VOLVE,369304,MÆRSK INSPIRER,24.0,,,injection,WI,,,,,0.0,,35076.517101187026,,,,,,
2013-12-20,NO 15/9-F-4 AH,5693,15/9-F-4,3420717,VOLVE,369304,MÆRSK INSPIRER,19.66666,,,injection,WI,,,,,0.0,,25608.473848584457,,,,,,
2013-12-21,NO 15/9-F-4 AH,5693,15/9-F-4,3420717,VOLVE,369304,MÆRSK INSPIRER,24.0,,,injection,WI,,,,,0.0,,34908.43556603133,,,,,,
2013-12-22,NO 15/9-F-4 AH,5693,15/9-F-4,3420717,VOLVE,369304,MÆRSK INSPIRER,24.0,,,injection,WI,,,,,0.0,,34792.15422107299,,,,,,
2013-12-23,NO 15/9-F-4 AH,5693,15/9-F-4,3420717,VOLVE,369304,MÆRSK INSPIRER,24.0,,,injection,WI,,,,,0.0,,35156.98417234783,,,,,,
2013-12-24,NO 15/9-F-4 AH,5693,15/9-F-4,3420717,VOLVE,369304,MÆRSK INSPIRER,24.0,,,injection,WI,,,,,0.0,,35155.58826171076,,,,,,
2013-12-25,NO 15/9-F-4 AH,5693,15/9-F-4,3420717,VOLVE,369304,MÆRSK INSPIRER,24.0,,,injection,WI,,,,,0.0,,35244.85781058452,,,,,,
2013-12-26,NO 15/9-F-4 AH,5693,15/9-F-4,3420717,VOLVE,369304,MÆRSK INSPIRER,20.89167,,,injection,WI,,,,,0.0,,30043.7432083956,,,,,,
2013-12-27,NO 15/9-F-4 AH,5693,15/9-F-4,3420717,VOLVE,369304,MÆRSK INSPIRER,18.025,,,injection,WI,,,,,0.0,,22410.786746975362,,,,,,
2013-12-28,NO 15/9-F-4 AH,5693,15/9-F-4,3420717,VOLVE,369304,MÆRSK INSPIRER,24.0,,,injection,WI,,,,,0.0,,35218.09176392853,,,,,,
2013-12-29,NO 15/9-F-4 AH,5693,15/9-F-4,3420717,VOLVE,369304,MÆRSK INSPIRER,24.0,,,injection,WI,,,,,0.0,,34998.10528441068,,,,,,
2013-12-30,NO 15/9-F-4 AH,5693,15/9-F-4,3420717,VOLVE,369304,MÆRSK INSPIRER,24.0,,,injection,WI,,,,,0.0,,36660.65919865788,,,,,,
2013-12-31,NO 15/9-F-4 AH,5693,15/9-F-4,3420717,VOLVE,369304,MÆRSK INSPIRER,20.91666,,,injection,WI,,,,,0.0,,30810.18438013221,,,,,,
2014-01-01,NO 15/9-F-4 AH,5693,15/9-F-4,3420717,VOLVE,369304,MÆRSK INSPIRER,24.0,,,injection,WI,,,,,0.0,,34397.373960966455,,,,,,
2014-01-02,NO 15/9-F-4 AH,5693,15/9-F-4,3420717,VOLVE,369304,MÆRSK INSPIRER,24.0,,,injection,WI,,,,,0.0,,34206.06012545048,,,,,,
2014-01-03,NO 15/9-F-4 AH,5693,15/9-F-4,3420717,VOLVE,369304,MÆRSK INSPIRER,24.0,,,injection,WI,,,,,0.0,,34432.45820665596,,,,,,
2014-01-04,NO 15/9-F-4 AH,5693,15/9-F-4,3420717,VOLVE,369304,MÆRSK INSPIRER,14.30833,,,injection,WI,,,,,0.0,,20591.13544043674,,,,,,
2014-01-05,NO 15/9-F-4 AH,5693,15/9-F-4,3420717,VOLVE,369304,MÆRSK INSPIRER,10.025,,,injection,WI,,,,,0.0,,9946.907486695329,,,,,,
2014-01-06,NO 15/9-F-4 AH,5693,15/9-F-4,3420717,VOLVE,369304,MÆRSK INSPIRER,24.0,,,injection,WI,,,,,0.0,,32666.4312780458,,,,,,
2014-01-07,NO 15/9-F-4 AH,5693,15/9-F-4,3420717,VOLVE,369304,MÆRSK INSPIRER,24.0,,,injection,WI,,,,,0.0,,25893.589811580918,,,,,,
2014-01-08,NO 15/9-F-4 AH,5693,15/9-F-4,3420717,VOLVE,369304,MÆRSK INSPIRER,24.0,,,injection,WI,,,,,0.0,,24920.22722,,,,,,
2014-01-09,NO 15/9-F-4 AH,5693,15/9-F-4,3420717,VOLVE,369304,MÆRSK INSPIRER,24.0,,,injection,WI,,,,,0.0,,30901.83653,,,,,,
2014-01-10,NO 15/9-F-4 AH,5693,15/9-F-4,3420717,VOLVE,369304,MÆRSK INSPIRER,24.0,,,injection,WI,,,,,0.0,,36568.95534,,,,,,
2014-01-11,NO 15/9-F-4 AH,5693,15/9-F-4,3420717,VOLVE,369304,MÆRSK INSPIRER,24.0,,,injection,WI,,,,,0.0,,35688.38194,,,,,,
2014-01-12,NO 15/9-F-4 AH,5693,15/9-F-4,3420717,VOLVE,369304,MÆRSK INSPIRER,24.0,,,injection,WI,,,,,0.0,,35310.99334,,,,,,
2014-01-13,NO 15/9-F-4 AH,5693,15/9-F-4,3420717,VOLVE,369304,MÆRSK INSPIRER,24.0,,,injection,WI,,,,,0.0,,35594.03479,,,,,,
2014-01-14,NO 15/9-F-4 AH,5693,15/9-F-4,3420717,VOLVE,369304,MÆRSK INSPIRER,24.0,,,injection,WI,,,,,0.0,,35504.98549847905,,,,,,
2014-01-15,NO 15/9-F-4 AH,5693,15/9-F-4,3420717,VOLVE,369304,MÆRSK INSPIRER,24.0,,,injection,WI,,,,,0.0,,35841.8955885581,,,,,,
2014-01-16,NO 15/9-F-4 AH,5693,15/9-F-4,3420717,VOLVE,369304,MÆRSK INSPIRER,24.0,,,injection,WI,,,,,0.0,,42817.16867352046,,,,,,
2014-01-17,NO 15/9-F-4 AH,5693,15/9-F-4,3420717,VOLVE,369304,MÆRSK INSPIRER,24.0,,,injection,WI,,,,,0.0,,44984.75692212267,,,,,,
2014-01-18,NO 15/9-F-4 AH,5693,15/9-F-4,3420717,VOLVE,369304,MÆRSK INSPIRER,24.0,,,injection,WI,,,,,0.0,,36602.29610408296,,,,,,
2014-01-19,NO 15/9-F-4 AH,5693,15/9-F-4,3420717,VOLVE,369304,MÆRSK INSPIRER,24.0,,,injection,WI,,,,,0.0,,29030.961457659967,,,,,,
2014-01-20,NO 15/9-F-4 AH,5693,15/9-F-4,3420717,VOLVE,369304,MÆRSK INSPIRER,24.0,,,injection,WI,,,,,0.0,,24517.549716877227,,,,,,
2014-01-21,NO 15/9-F-4 AH,5693,15/9-F-4,3420717,VOLVE,369304,MÆRSK INSPIRER,24.0,,,injection,WI,,,,,0.0,,23493.831602246537,,,,,,
2014-01-22,NO 15/9-F-4 AH,5693,15/9-F-4,3420717,VOLVE,369304,MÆRSK INSPIRER,24.0,,,injection,WI,,,,,0.0,,22812.77847342421,,,,,,
2014-01-23,NO 15/9-F-4 AH,5693,15/9-F-4,3420717,VOLVE,369304,MÆRSK INSPIRER,24.0,,,injection,WI,,,,,0.0,,23461.11798856679,,,,,,
2014-01-24,NO 15/9-F-4 AH,5693,15/9-F-4,3420717,VOLVE,369304,MÆRSK INSPIRER,24.0,,,injection,WI,,,,,0.0,,27489.02075651998,,,,,,
2014-01-25,NO 15/9-F-4 AH,5693,15/9-F-4,3420717,VOLVE,369304,MÆRSK INSPIRER,24.0,,,injection,WI,,,,,0.0,,34915.67471408953,,,,,,
2014-01-26,NO 15/9-F-4 AH,5693,15/9-F-4,3420717,VOLVE,369304,MÆRSK INSPIRER,24.0,,,injection,WI,,,,,0.0,,41140.657227975804,,,,,,
2014-01-27,NO 15/9-F-4 AH,5693,15/9-F-4,3420717,VOLVE,369304,MÆRSK INSPIRER,24.0,,,injection,WI,,,,,0.0,,39913.093789289785,,,,,,
2014-01-28,NO 15/9-F-4 AH,5693,15/9-F-4,3420717,VOLVE,369304,MÆRSK INSPIRER,23.83334,,,injection,WI,,,,,0.0,,30353.624114996554,,,,,,
2014-01-29,NO 15/9-F-4 AH,5693,15/9-F-4,3420717,VOLVE,369304,MÆRSK INSPIRER,8.225,,,injection,WI,,,,,0.0,,8014.20571403881,,,,,,
2014-01-30,NO 15/9-F-4 AH,5693,15/9-F-4,3420717,VOLVE,369304,MÆRSK INSPIRER,1.69167,,,injection,WI,,,,,0.0,,1558.9192609398667,,,,,,
2014-01-31,NO 15/9-F-4 AH,5693,15/9-F-4,3420717,VOLVE,369304,MÆRSK INSPIRER,24.0,,,injection,WI,,,,,0.0,,36113.288978730416,,,,,,
2014-02-01,NO 15/9-F-4 AH,5693,15/9-F-4,3420717,VOLVE,369304,MÆRSK INSPIRER,24.0,,,injection,WI,,,,,0.0,,40405.73944,,,,,,
2014-02-02,NO 15/9-F-4 AH,5693,15/9-F-4,3420717,VOLVE,369304,MÆRSK INSPIRER,23.58333,,,injection,WI,,,,,0.0,,34173.87840693263,,,,,,
2014-02-03,NO 15/9-F-4 AH,5693,15/9-F-4,3420717,VOLVE,369304,MÆRSK INSPIRER,24.0,,,injection,WI,,,,,0.0,,29976.470550782105,,,,,,
2014-02-04,NO 15/9-F-4 AH,5693,15/9-F-4,3420717,VOLVE,369304,MÆRSK INSPIRER,24.0,,,injection,WI,,,,,0.0,,29235.03688,,,,,,
2014-02-05,NO 15/9-F-4 AH,5693,15/9-F-4,3420717,VOLVE,369304,MÆRSK INSPIRER,24.0,,,injection,WI,,,,,0.0,,28820.378922867447,,,,,,
2014-02-06,NO 15/9-F-4 AH,5693,15/9-F-4,3420717,VOLVE,369304,MÆRSK INSPIRER,8.0,,,injection,WI,,,,,0.0,,8378.02692,,,,,,
2014-02-07,NO 15/9-F-4 AH,5693,15/9-F-4,3420717,VOLVE,369304,MÆRSK INSPIRER,0.0,,,injection,WI,,,,,0.0,,0.0,,,,,,
2014-02-08,NO 15/9-F-4 AH,5693,15/9-F-4,3420717,VOLVE,369304,MÆRSK INSPIRER,5.0,,,injection,WI,,,,,0.0,,6541.4024,,,,,,
2014-02-09,NO 15/9-F-4 AH,5693,15/9-F-4,3420717,VOLVE,369304,MÆRSK INSPIRER,24.0,,,injection,WI,,,,,0.0,,32436.550170000002,,,,,,
2014-02-10,NO 15/9-F-4 AH,5693,15/9-F-4,3420717,VOLVE,369304,MÆRSK INSPIRER,16.5,,,injection,WI,,,,,0.0,,20102.23276,,,,,,
2014-02-11,NO 15/9-F-4 AH,5693,15/9-F-4,3420717,VOLVE,369304,MÆRSK INSPIRER,18.275,,,injection,WI,,,,,0.0,,18743.18743970222,,,,,,
2014-02-12,NO 15/9-F-4 AH,5693,15/9-F-4,3420717,VOLVE,369304,MÆRSK INSPIRER,24.0,,,injection,WI,,,,,0.0,,34477.27071408854,,,,,,
2014-02-13,NO 15/9-F-4 AH,5693,15/9-F-4,3420717,VOLVE,369304,MÆRSK INSPIRER,24.0,,,injection,WI,,,,,0.0,,38239.00763027266,,,,,,
2014-02-14,NO 15/9-F-4 AH,5693,15/9-F-4,3420717,VOLVE,369304,MÆRSK INSPIRER,24.0,,,injection,WI,,,,,0.0,,38389.60603444952,,,,,,
2014-02-15,NO 15/9-F-4 AH,5693,15/9-F-4,3420717,VOLVE,369304,MÆRSK INSPIRER,24.0,,,injection,WI,,,,,0.0,,33689.63923798078,,,,,,
2014-02-16,NO 15/9-F-4 AH,5693,15/9-F-4,3420717,VOLVE,369304,MÆRSK INSPIRER,24.0,,,injection,WI,,,,,0.0,,36054.775750321925,,,,,,
2014-02-17,NO 15/9-F-4 AH,5693,15/9-F-4,3420717,VOLVE,369304,MÆRSK INSPIRER,24.0,,,injection,WI,,,,,0.0,,36623.78948688009,,,,,,
2014-02-18,NO 15/9-F-4 AH,5693,15/9-F-4,3420717,VOLVE,369304,MÆRSK INSPIRER,16.5,,,injection,WI,,,,,0.0,,25517.75917,,,,,,
2014-02-19,NO 15/9-F-4 AH,5693,15/9-F-4,3420717,VOLVE,369304,MÆRSK INSPIRER,24.0,,,injection,WI,,,,,0.0,,36209.66352449809,,,,,,
2014-02-20,NO 15/9-F-4 AH,5693,15/9-F-4,3420717,VOLVE,369304,MÆRSK INSPIRER,24.0,,,injection,WI,,,,,0.0,,37078.42995,,,,,,
2014-02-21,NO 15/9-F-4 AH,5693,15/9-F-4,3420717,VOLVE,369304,MÆRSK INSPIRER,23.16667,,,injection,WI,,,,,0.0,,27543.07799,,,,,,
2014-02-22,NO 15/9-F-4 AH,5693,15/9-F-4,3420717,VOLVE,369304,MÆRSK INSPIRER,23.125,,,injection,WI,,,,,0.0,,25570.477735355456,,,,,,
2014-02-23,NO 15/9-F-4 AH,5693,15/9-F-4,3420717,VOLVE,369304,MÆRSK INSPIRER,13.125,,,injection,WI,,,,,0.0,,23152.79061,,,,,,
2014-02-24,NO 15/9-F-4 AH,5693,15/9-F-4,3420717,VOLVE,369304,MÆRSK INSPIRER,23.83,,,injection,WI,,,,,0.0,,35751.28004,,,,,,
2014-02-25,NO 15/9-F-4 AH,5693,15/9-F-4,3420717,VOLVE,369304,MÆRSK INSPIRER,24.0,,,injection,WI,,,,,0.0,,36255.86837179019,,,,,,
2014-02-26,NO 15/9-F-4 AH,5693,15/9-F-4,3420717,VOLVE,369304,MÆRSK INSPIRER,24.0,,,injection,WI,,,,,0.0,,36373.7337896725,,,,,,
2014-02-27,NO 15/9-F-4 AH,5693,15/9-F-4,3420717,VOLVE,369304,MÆRSK INSPIRER,24.0,,,injection,WI,,,,,0.0,,37314.16456620251,,,,,,
2014-02-28,NO 15/9-F-4 AH,5693,15/9-F-4,3420717,VOLVE,369304,MÆRSK INSPIRER,24.0,,,injection,WI,,,,,0.0,,37056.88215117373,,,,,,
2014-03-01,NO 15/9-F-4 AH,5693,15/9-F-4,3420717,VOLVE,369304,MÆRSK INSPIRER,24.0,,,injection,WI,,,,,0.0,,33675.908015357505,,,,,,
2014-03-02,NO 15/9-F-4 AH,5693,15/9-F-4,3420717,VOLVE,369304,MÆRSK INSPIRER,24.0,,,injection,WI,,,,,0.0,,30791.55131070899,,,,,,
2014-03-03,NO 15/9-F-4 AH,5693,15/9-F-4,3420717,VOLVE,369304,MÆRSK INSPIRER,24.0,,,injection,WI,,,,,0.0,,30340.946683209546,,,,,,
2014-03-04,NO 15/9-F-4 AH,5693,15/9-F-4,3420717,VOLVE,369304,MÆRSK INSPIRER,24.0,,,injection,WI,,,,,0.0,,32789.99879132322,,,,,,
2014-03-05,NO 15/9-F-4 AH,5693,15/9-F-4,3420717,VOLVE,369304,MÆRSK INSPIRER,24.0,,,injection,WI,,,,,0.0,,37424.3695,,,,,,
2014-03-06,NO 15/9-F-4 AH,5693,15/9-F-4,3420717,VOLVE,369304,MÆRSK INSPIRER,24.0,,,injection,WI,,,,,0.0,,37280.961832,,,,,,
2014-03-07,NO 15/9-F-4 AH,5693,15/9-F-4,3420717,VOLVE,369304,MÆRSK INSPIRER,24.0,,,injection,WI,,,,,0.0,,37830.590632282445,,,,,,
2014-03-08,NO 15/9-F-4 AH,5693,15/9-F-4,3420717,VOLVE,369304,MÆRSK INSPIRER,24.0,,,injection,WI,,,,,0.0,,38376.017753,,,,,,
2014-03-09,NO 15/9-F-4 AH,5693,15/9-F-4,3420717,VOLVE,369304,MÆRSK INSPIRER,24.0,,,injection,WI,,,,,0.0,,38610.627666,,,,,,
2014-03-10,NO 15/9-F-4 AH,5693,15/9-F-4,3420717,VOLVE,369304,MÆRSK INSPIRER,24.0,,,injection,WI,,,,,0.0,,38769.759859,,,,,,
2014-03-11,NO 15/9-F-4 AH,5693,15/9-F-4,3420717,VOLVE,369304,MÆRSK INSPIRER,24.0,,,injection,WI,,,,,0.0,,38593.545805243506,,,,,,
2014-03-12,NO 15/9-F-4 AH,5693,15/9-F-4,3420717,VOLVE,369304,MÆRSK INSPIRER,24.0,,,injection,WI,,,,,0.0,,38006.69940903368,,,,,,
2014-03-13,NO 15/9-F-4 AH,5693,15/9-F-4,3420717,VOLVE,369304,MÆRSK INSPIRER,24.0,,,injection,WI,,,,,0.0,,34793.970958000005,,,,,,
2014-03-14,NO 15/9-F-4 AH,5693,15/9-F-4,3420717,VOLVE,369304,MÆRSK INSPIRER,24.0,,,injection,WI,,,,,0.0,,31053.57244107385,,,,,,
2014-03-15,NO 15/9-F-4 AH,5693,15/9-F-4,3420717,VOLVE,369304,MÆRSK INSPIRER,23.66667,,,injection,WI,,,,,0.0,,34002.34261819661,,,,,,
2014-03-16,NO 15/9-F-4 AH,5693,15/9-F-4,3420717,VOLVE,369304,MÆRSK INSPIRER,24.0,,,injection,WI,,,,,0.0,,34435.175783274935,,,,,,
2014-03-17,NO 15/9-F-4 AH,5693,15/9-F-4,3420717,VOLVE,369304,MÆRSK INSPIRER,24.0,,,injection,WI,,,,,0.0,,32303.752363168333,,,,,,
2014-03-18,NO 15/9-F-4 AH,5693,15/9-F-4,3420717,VOLVE,369304,MÆRSK INSPIRER,24.0,,,injection,WI,,,,,0.0,,31341.510191047597,,,,,,
2014-03-19,NO 15/9-F-4 AH,5693,15/9-F-4,3420717,VOLVE,369304,MÆRSK INSPIRER,24.0,,,injection,WI,,,,,0.0,,31852.172296209563,,,,,,
2014-03-20,NO 15/9-F-4 AH,5693,15/9-F-4,3420717,VOLVE,369304,MÆRSK INSPIRER,24.0,,,injection,WI,,,,,0.0,,34501.19071606668,,,,,,
2014-03-21,NO 15/9-F-4 AH,5693,15/9-F-4,3420717,VOLVE,369304,MÆRSK INSPIRER,24.0,,,injection,WI,,,,,0.0,,35631.43313148,,,,,,
2014-03-22,NO 15/9-F-4 AH,5693,15/9-F-4,3420717,VOLVE,369304,MÆRSK INSPIRER,15.5,,,injection,WI,,,,,0.0,,18240.37772859044,,,,,,
2014-03-23,NO 15/9-F-4 AH,5693,15/9-F-4,3420717,VOLVE,369304,MÆRSK INSPIRER,24.0,,,injection,WI,,,,,0.0,,35269.05130922599,,,,,,
2014-03-24,NO 15/9-F-4 AH,5693,15/9-F-4,3420717,VOLVE,369304,MÆRSK INSPIRER,6.39167,,,injection,WI,,,,,0.0,,8836.467581491746,,,,,,
2014-03-25,NO 15/9-F-4 AH,5693,15/9-F-4,3420717,VOLVE,369304,MÆRSK INSPIRER,9.60833,,,injection,WI,,,,,0.0,,11795.734312786823,,,,,,
2014-03-26,NO 15/9-F-4 AH,5693,15/9-F-4,3420717,VOLVE,369304,MÆRSK INSPIRER,24.0,,,injection,WI,,,,,0.0,,37638.02522940663,,,,,,
2014-03-27,NO 15/9-F-4 AH,5693,15/9-F-4,3420717,VOLVE,369304,MÆRSK INSPIRER,14.66666,,,injection,WI,,,,,0.0,,17014.469955280343,,,,,,
2014-03-28,NO 15/9-F-4 AH,5693,15/9-F-4,3420717,VOLVE,369304,MÆRSK INSPIRER,24.0,,,injection,WI,,,,,0.0,,25675.04352951443,,,,,,
2014-03-29,NO 15/9-F-4 AH,5693,15/9-F-4,3420717,VOLVE,369304,MÆRSK INSPIRER,17.16666,,,injection,WI,,,,,0.0,,16294.778598319506,,,,,,
2014-03-30,NO 15/9-F-4 AH,5693,15/9-F-4,3420717,VOLVE,369304,MÆRSK INSPIRER,23.0,,,injection,WI,,,,,0.0,,32400.27041055235,,,,,,
2014-03-31,NO 15/9-F-4 AH,5693,15/9-F-4,3420717,VOLVE,369304,MÆRSK INSPIRER,24.0,,,injection,WI,,,,,0.0,,33671.863873256705,,,,,,
2014-04-01,NO 15/9-F-4 AH,5693,15/9-F-4,3420717,VOLVE,369304,MÆRSK INSPIRER,24.0,,,injection,WI,,,,,0.0,,34417.84032,,,,,,
2014-04-02,NO 15/9-F-4 AH,5693,15/9-F-4,3420717,VOLVE,369304,MÆRSK INSPIRER,24.0,,,injection,WI,,,,,0.0,,35833.04757,,,,,,
2014-04-03,NO 15/9-F-4 AH,5693,15/9-F-4,3420717,VOLVE,369304,MÆRSK INSPIRER,24.0,,,injection,WI,,,,,0.0,,35782.72909,,,,,,
2014-04-04,NO 15/9-F-4 AH,5693,15/9-F-4,3420717,VOLVE,369304,MÆRSK INSPIRER,24.0,,,injection,WI,,,,,0.0,,36298.49351,,,,,,
2014-04-05,NO 15/9-F-4 AH,5693,15/9-F-4,3420717,VOLVE,369304,MÆRSK INSPIRER,24.0,,,injection,WI,,,,,0.0,,37399.21026,,,,,,
2014-04-06,NO 15/9-F-4 AH,5693,15/9-F-4,3420717,VOLVE,369304,MÆRSK INSPIRER,18.16667,,,injection,WI,,,,,0.0,,27492.75951,,,,,,
2014-04-07,NO 15/9-F-4 AH,5693,15/9-F-4,3420717,VOLVE,369304,MÆRSK INSPIRER,21.0,,,injection,WI,,,,,0.0,,22070.94329,,,,,,
2014-04-08,NO 15/9-F-4 AH,5693,15/9-F-4,3420717,VOLVE,369304,MÆRSK INSPIRER,24.0,,,injection,WI,,,,,0.0,,37709.12367050451,,,,,,
2014-04-09,NO 15/9-F-4 AH,5693,15/9-F-4,3420717,VOLVE,369304,MÆRSK INSPIRER,24.0,,,injection,WI,,,,,0.0,,40313.75096875,,,,,,
2014-04-10,NO 15/9-F-4 AH,5693,15/9-F-4,3420717,VOLVE,369304,MÆRSK INSPIRER,20.375,,,injection,WI,,,,,0.0,,27217.163246509277,,,,,,
2014-04-11,NO 15/9-F-4 AH,5693,15/9-F-4,3420717,VOLVE,369304,MÆRSK INSPIRER,24.0,,,injection,WI,,,,,0.0,,38155.14582941054,,,,,,
2014-04-12,NO 15/9-F-4 AH,5693,15/9-F-4,3420717,VOLVE,369304,MÆRSK INSPIRER,24.0,,,injection,WI,,,,,0.0,,38234.62896855814,,,,,,
2014-04-13,NO 15/9-F-4 AH,5693,15/9-F-4,3420717,VOLVE,369304,MÆRSK INSPIRER,24.0,,,injection,WI,,,,,0.0,,40491.54837341269,,,,,,
2014-04-14,NO 15/9-F-4 AH,5693,15/9-F-4,3420717,VOLVE,369304,MÆRSK INSPIRER,24.0,,,injection,WI,,,,,0.0,,40834.76147029936,,,,,,
2014-04-15,NO 15/9-F-4 AH,5693,15/9-F-4,3420717,VOLVE,369304,MÆRSK INSPIRER,24.0,,,injection,WI,,,,,0.0,,41555.157393431116,,,,,,
2014-04-16,NO 15/9-F-4 AH,5693,15/9-F-4,3420717,VOLVE,369304,MÆRSK INSPIRER,24.0,,,injection,WI,,,,,0.0,,42987.32792030307,,,,,,
2014-04-17,NO 15/9-F-4 AH,5693,15/9-F-4,3420717,VOLVE,369304,MÆRSK INSPIRER,24.0,,,injection,WI,,,,,0.0,,44008.977782919,,,,,,
2014-04-18,NO 15/9-F-4 AH,5693,15/9-F-4,3420717,VOLVE,369304,MÆRSK INSPIRER,24.0,,,injection,WI,,,,,0.0,,44523.86622894256,,,,,,
2014-04-19,NO 15/9-F-4 AH,5693,15/9-F-4,3420717,VOLVE,369304,MÆRSK INSPIRER,24.0,,,injection,WI,,,,,0.0,,44824.013002000735,,,,,,
2014-04-20,NO 15/9-F-4 AH,5693,15/9-F-4,3420717,VOLVE,369304,MÆRSK INSPIRER,24.0,,,injection,WI,,,,,0.0,,39893.608344471024,,,,,,
2014-04-21,NO 15/9-F-4 AH,5693,15/9-F-4,3420717,VOLVE,369304,MÆRSK INSPIRER,24.0,,,injection,WI,,,,,0.0,,35614.62836437192,,,,,,
2014-04-22,NO 15/9-F-4 AH,5693,15/9-F-4,3420717,VOLVE,369304,MÆRSK INSPIRER,24.0,,,injection,WI,,,,,0.0,,36414.80815819191,,,,,,
2014-04-23,NO 15/9-F-4 AH,5693,15/9-F-4,3420717,VOLVE,369304,MÆRSK INSPIRER,24.0,,,injection,WI,,,,,0.0,,40669.40125682034,,,,,,
2014-04-24,NO 15/9-F-4 AH,5693,15/9-F-4,3420717,VOLVE,369304,MÆRSK INSPIRER,24.0,,,injection,WI,,,,,0.0,,38737.681828,,,,,,
2014-04-25,NO 15/9-F-4 AH,5693,15/9-F-4,3420717,VOLVE,369304,MÆRSK INSPIRER,24.0,,,injection,WI,,,,,0.0,,40333.429658808374,,,,,,
2014-04-26,NO 15/9-F-4 AH,5693,15/9-F-4,3420717,VOLVE,369304,MÆRSK INSPIRER,24.0,,,injection,WI,,,,,0.0,,40881.0941121165,,,,,,
2014-04-27,NO 15/9-F-4 AH,5693,15/9-F-4,3420717,VOLVE,369304,MÆRSK INSPIRER,24.0,,,injection,WI,,,,,0.0,,43829.75831380303,,,,,,
2014-04-28,NO 15/9-F-4 AH,5693,15/9-F-4,3420717,VOLVE,369304,MÆRSK INSPIRER,24.0,,,injection,WI,,,,,0.0,,44763.64182792672,,,,,,
2014-04-29,NO 15/9-F-4 AH,5693,15/9-F-4,3420717,VOLVE,369304,MÆRSK INSPIRER,24.0,,,injection,WI,,,,,0.0,,46973.552399698565,,,,,,
2014-04-30,NO 15/9-F-4 AH,5693,15/9-F-4,3420717,VOLVE,369304,MÆRSK INSPIRER,24.0,,,injection,WI,,,,,0.0,,47330.71410290437,,,,,,
2014-05-01,NO 15/9-F-4 AH,5693,15/9-F-4,3420717,VOLVE,369304,MÆRSK INSPIRER,24.0,,,injection,WI,,,,,0.0,,48256.37276270609,,,,,,
2014-05-02,NO 15/9-F-4 AH,5693,15/9-F-4,3420717,VOLVE,369304,MÆRSK INSPIRER,24.0,,,injection,WI,,,,,0.0,,48273.06442592659,,,,,,
2014-05-03,NO 15/9-F-4 AH,5693,15/9-F-4,3420717,VOLVE,369304,MÆRSK INSPIRER,24.0,,,injection,WI,,,,,0.0,,49290.61471618072,,,,,,
2014-05-04,NO 15/9-F-4 AH,5693,15/9-F-4,3420717,VOLVE,369304,MÆRSK INSPIRER,24.0,,,injection,WI,,,,,0.0,,50231.19170851682,,,,,,
2014-05-05,NO 15/9-F-4 AH,5693,15/9-F-4,3420717,VOLVE,369304,MÆRSK INSPIRER,24.0,,,injection,WI,,,,,0.0,,52401.04293903064,,,,,,
2014-05-06,NO 15/9-F-4 AH,5693,15/9-F-4,3420717,VOLVE,369304,MÆRSK INSPIRER,24.0,,,injection,WI,,,,,0.0,,54602.917348159746,,,,,,
2014-05-07,NO 15/9-F-4 AH,5693,15/9-F-4,3420717,VOLVE,369304,MÆRSK INSPIRER,24.0,,,injection,WI,,,,,0.0,,53060.952716913474,,,,,,
2014-05-08,NO 15/9-F-4 AH,5693,15/9-F-4,3420717,VOLVE,369304,MÆRSK INSPIRER,14.825,,,injection,WI,,,,,0.0,,30997.92415298076,,,,,,
2014-05-09,NO 15/9-F-4 AH,5693,15/9-F-4,3420717,VOLVE,369304,MÆRSK INSPIRER,0.0,,,injection,WI,,,,,0.0,,0.0,,,,,,
2014-05-10,NO 15/9-F-4 AH,5693,15/9-F-4,3420717,VOLVE,369304,MÆRSK INSPIRER,0.0,,,injection,WI,,,,,0.0,,0.0,,,,,,
2014-05-11,NO 15/9-F-4 AH,5693,15/9-F-4,3420717,VOLVE,369304,MÆRSK INSPIRER,0.0,,,injection,WI,,,,,0.0,,0.0,,,,,,
2014-05-12,NO 15/9-F-4 AH,5693,15/9-F-4,3420717,VOLVE,369304,MÆRSK INSPIRER,0.0,,,injection,WI,,,,,0.0,,0.18166543732499998,,,,,,
2014-05-13,NO 15/9-F-4 AH,5693,15/9-F-4,3420717,VOLVE,369304,MÆRSK INSPIRER,0.0,,,injection,WI,,,,,0.0,,0.0,,,,,,
2014-05-14,NO 15/9-F-4 AH,5693,15/9-F-4,3420717,VOLVE,369304,MÆRSK INSPIRER,15.50834,,,injection,WI,,,,,0.0,,12906.690120000001,,,,,,
2014-05-15,NO 15/9-F-4 AH,5693,15/9-F-4,3420717,VOLVE,369304,MÆRSK INSPIRER,24.0,,,injection,WI,,,,,0.0,,19611.62758,,,,,,
2014-05-16,NO 15/9-F-4 AH,5693,15/9-F-4,3420717,VOLVE,369304,MÆRSK INSPIRER,24.0,,,injection,WI,,,,,0.0,,19297.13708,,,,,,
2014-05-17,NO 15/9-F-4 AH,5693,15/9-F-4,3420717,VOLVE,369304,MÆRSK INSPIRER,24.0,,,injection,WI,,,,,0.0,,18951.19753,,,,,,
2014-05-18,NO 15/9-F-4 AH,5693,15/9-F-4,3420717,VOLVE,369304,MÆRSK INSPIRER,24.0,,,injection,WI,,,,,0.0,,19278.26765,,,,,,
2014-05-19,NO 15/9-F-4 AH,5693,15/9-F-4,3420717,VOLVE,369304,MÆRSK INSPIRER,24.0,,,injection,WI,,,,,0.0,,19605.337770000002,,,,,,
2014-05-20,NO 15/9-F-4 AH,5693,15/9-F-4,3420717,VOLVE,369304,MÆRSK INSPIRER,24.0,,,injection,WI,,,,,0.0,,19642.920634682458,,,,,,
2014-05-21,NO 15/9-F-4 AH,5693,15/9-F-4,3420717,VOLVE,369304,MÆRSK INSPIRER,24.0,,,injection,WI,,,,,0.0,,26703.943472664567,,,,,,
2014-05-22,NO 15/9-F-4 AH,5693,15/9-F-4,3420717,VOLVE,369304,MÆRSK INSPIRER,24.0,,,injection,WI,,,,,0.0,,54272.38541632442,,,,,,
2014-05-23,NO 15/9-F-4 AH,5693,15/9-F-4,3420717,VOLVE,369304,MÆRSK INSPIRER,24.0,,,injection,WI,,,,,0.0,,51306.047066060484,,,,,,
2014-05-24,NO 15/9-F-4 AH,5693,15/9-F-4,3420717,VOLVE,369304,MÆRSK INSPIRER,24.0,,,injection,WI,,,,,0.0,,50277.94894788915,,,,,,
2014-05-25,NO 15/9-F-4 AH,5693,15/9-F-4,3420717,VOLVE,369304,MÆRSK INSPIRER,24.0,,,injection,WI,,,,,0.0,,26536.05345436111,,,,,,
2014-05-26,NO 15/9-F-4 AH,5693,15/9-F-4,3420717,VOLVE,369304,MÆRSK INSPIRER,24.0,,,injection,WI,,,,,0.0,,42909.964393400005,,,,,,
2014-05-27,NO 15/9-F-4 AH,5693,15/9-F-4,3420717,VOLVE,369304,MÆRSK INSPIRER,24.0,,,injection,WI,,,,,0.0,,41647.92067623634,,,,,,
2014-05-28,NO 15/9-F-4 AH,5693,15/9-F-4,3420717,VOLVE,369304,MÆRSK INSPIRER,24.0,,,injection,WI,,,,,0.0,,42456.8828937584,,,,,,
2014-05-29,NO 15/9-F-4 AH,5693,15/9-F-4,3420717,VOLVE,369304,MÆRSK INSPIRER,24.0,,,injection,WI,,,,,0.0,,42426.76165933995,,,,,,
2014-05-30,NO 15/9-F-4 AH,5693,15/9-F-4,3420717,VOLVE,369304,MÆRSK INSPIRER,24.0,,,injection,WI,,,,,0.0,,42879.608587069495,,,,,,
2014-05-31,NO 15/9-F-4 AH,5693,15/9-F-4,3420717,VOLVE,369304,MÆRSK INSPIRER,24.0,,,injection,WI,,,,,0.0,,44575.285640594404,,,,,,
2014-06-01,NO 15/9-F-4 AH,5693,15/9-F-4,3420717,VOLVE,369304,MÆRSK INSPIRER,24.0,,,injection,WI,,,,,0.0,,45225.513950299806,,,,,,
2014-06-02,NO 15/9-F-4 AH,5693,15/9-F-4,3420717,VOLVE,369304,MÆRSK INSPIRER,20.08333,,,injection,WI,,,,,0.0,,35611.490165881834,,,,,,
2014-06-03,NO 15/9-F-4 AH,5693,15/9-F-4,3420717,VOLVE,369304,MÆRSK INSPIRER,24.0,,,injection,WI,,,,,0.0,,43236.992281256986,,,,,,
2014-06-04,NO 15/9-F-4 AH,5693,15/9-F-4,3420717,VOLVE,369304,MÆRSK INSPIRER,24.0,,,injection,WI,,,,,0.0,,44133.40014689427,,,,,,
2014-06-05,NO 15/9-F-4 AH,5693,15/9-F-4,3420717,VOLVE,369304,MÆRSK INSPIRER,22.74643,,,injection,WI,,,,,0.0,,45190.18347820446,,,,,,
2014-06-06,NO 15/9-F-4 AH,5693,15/9-F-4,3420717,VOLVE,369304,MÆRSK INSPIRER,24.0,,,injection,WI,,,,,0.0,,44247.02217328838,,,,,,
2014-06-07,NO 15/9-F-4 AH,5693,15/9-F-4,3420717,VOLVE,369304,MÆRSK INSPIRER,24.0,,,injection,WI,,,,,0.0,,44327.5208127435,,,,,,
2014-06-08,NO 15/9-F-4 AH,5693,15/9-F-4,3420717,VOLVE,369304,MÆRSK INSPIRER,24.0,,,injection,WI,,,,,0.0,,45295.85470516056,,,,,,
2014-06-09,NO 15/9-F-4 AH,5693,15/9-F-4,3420717,VOLVE,369304,MÆRSK INSPIRER,24.0,,,injection,WI,,,,,0.0,,46010.106224285366,,,,,,
2014-06-10,NO 15/9-F-4 AH,5693,15/9-F-4,3420717,VOLVE,369304,MÆRSK INSPIRER,24.0,,,injection,WI,,,,,0.0,,44348.58662736061,,,,,,
2014-06-11,NO 15/9-F-4 AH,5693,15/9-F-4,3420717,VOLVE,369304,MÆRSK INSPIRER,24.0,,,injection,WI,,,,,0.0,,43678.40889189802,,,,,,
2014-06-12,NO 15/9-F-4 AH,5693,15/9-F-4,3420717,VOLVE,369304,MÆRSK INSPIRER,24.0,,,injection,WI,,,,,0.0,,43821.23506565314,,,,,,
2014-06-13,NO 15/9-F-4 AH,5693,15/9-F-4,3420717,VOLVE,369304,MÆRSK INSPIRER,24.0,,,injection,WI,,,,,0.0,,44228.62570555133,,,,,,
2014-06-14,NO 15/9-F-4 AH,5693,15/9-F-4,3420717,VOLVE,369304,MÆRSK INSPIRER,24.0,,,injection,WI,,,,,0.0,,44038.90044803574,,,,,,
2014-06-15,NO 15/9-F-4 AH,5693,15/9-F-4,3420717,VOLVE,369304,MÆRSK INSPIRER,24.0,,,injection,WI,,,,,0.0,,43803.17451439178,,,,,,
2014-06-16,NO 15/9-F-4 AH,5693,15/9-F-4,3420717,VOLVE,369304,MÆRSK INSPIRER,24.0,,,injection,WI,,,,,0.0,,43751.289379,,,,,,
2014-06-17,NO 15/9-F-4 AH,5693,15/9-F-4,3420717,VOLVE,369304,MÆRSK INSPIRER,24.0,,,injection,WI,,,,,0.0,,43754.66785216322,,,,,,
2014-06-18,NO 15/9-F-4 AH,5693,15/9-F-4,3420717,VOLVE,369304,MÆRSK INSPIRER,24.0,,,injection,WI,,,,,0.0,,43912.131633749406,,,,,,
2014-06-19,NO 15/9-F-4 AH,5693,15/9-F-4,3420717,VOLVE,369304,MÆRSK INSPIRER,24.0,,,injection,WI,,,,,0.0,,44615.371857686405,,,,,,
2014-06-20,NO 15/9-F-4 AH,5693,15/9-F-4,3420717,VOLVE,369304,MÆRSK INSPIRER,24.0,,,injection,WI,,,,,0.0,,44003.65568246391,,,,,,
2014-06-21,NO 15/9-F-4 AH,5693,15/9-F-4,3420717,VOLVE,369304,MÆRSK INSPIRER,24.0,,,injection,WI,,,,,0.0,,44290.70092019205,,,,,,
2014-06-22,NO 15/9-F-4 AH,5693,15/9-F-4,3420717,VOLVE,369304,MÆRSK INSPIRER,24.0,,,injection,WI,,,,,0.0,,45474.85985555266,,,,,,
2014-06-23,NO 15/9-F-4 AH,5693,15/9-F-4,3420717,VOLVE,369304,MÆRSK INSPIRER,24.0,,,injection,WI,,,,,0.0,,44965.0578819082,,,,,,
2014-06-24,NO 15/9-F-4 AH,5693,15/9-F-4,3420717,VOLVE,369304,MÆRSK INSPIRER,24.0,,,injection,WI,,,,,0.0,,45626.28174,,,,,,
2014-06-25,NO 15/9-F-4 AH,5693,15/9-F-4,3420717,VOLVE,369304,MÆRSK INSPIRER,24.0,,,injection,WI,,,,,0.0,,45802.39642,,,,,,
2014-06-26,NO 15/9-F-4 AH,5693,15/9-F-4,3420717,VOLVE,369304,MÆRSK INSPIRER,9.5,,,injection,WI,,,,,0.0,,14856.53122,,,,,,
2014-06-27,NO 15/9-F-4 AH,5693,15/9-F-4,3420717,VOLVE,369304,MÆRSK INSPIRER,21.66667,,,injection,WI,,,,,0.0,,25851.1191,,,,,,
2014-06-28,NO 15/9-F-4 AH,5693,15/9-F-4,3420717,VOLVE,369304,MÆRSK INSPIRER,24.0,,,injection,WI,,,,,0.0,,41820.946690000004,,,,,,
2014-06-29,NO 15/9-F-4 AH,5693,15/9-F-4,3420717,VOLVE,369304,MÆRSK INSPIRER,24.0,,,injection,WI,,,,,0.0,,41638.5422,,,,,,
2014-06-30,NO 15/9-F-4 AH,5693,15/9-F-4,3420717,VOLVE,369304,MÆRSK INSPIRER,24.0,,,injection,WI,,,,,0.0,,44494.11594,,,,,,
2014-07-01,NO 15/9-F-4 AH,5693,15/9-F-4,3420717,VOLVE,369304,MÆRSK INSPIRER,24.0,,,injection,WI,,,,,0.0,,44500.74924307598,,,,,,
2014-07-02,NO 15/9-F-4 AH,5693,15/9-F-4,3420717,VOLVE,369304,MÆRSK INSPIRER,24.0,,,injection,WI,,,,,0.0,,44719.598851229726,,,,,,
2014-07-03,NO 15/9-F-4 AH,5693,15/9-F-4,3420717,VOLVE,369304,MÆRSK INSPIRER,24.0,,,injection,WI,,,,,0.0,,44964.67427032743,,,,,,
2014-07-04,NO 15/9-F-4 AH,5693,15/9-F-4,3420717,VOLVE,369304,MÆRSK INSPIRER,24.0,,,injection,WI,,,,,0.0,,45149.15700134669,,,,,,
2014-07-05,NO 15/9-F-4 AH,5693,15/9-F-4,3420717,VOLVE,369304,MÆRSK INSPIRER,24.0,,,injection,WI,,,,,0.0,,45835.78224664048,,,,,,
2014-07-06,NO 15/9-F-4 AH,5693,15/9-F-4,3420717,VOLVE,369304,MÆRSK INSPIRER,24.0,,,injection,WI,,,,,0.0,,46709.40168511956,,,,,,
2014-07-07,NO 15/9-F-4 AH,5693,15/9-F-4,3420717,VOLVE,369304,MÆRSK INSPIRER,24.0,,,injection,WI,,,,,0.0,,44868.17493472935,,,,,,
2014-07-08,NO 15/9-F-4 AH,5693,15/9-F-4,3420717,VOLVE,369304,MÆRSK INSPIRER,24.0,,,injection,WI,,,,,0.0,,47726.75523011689,,,,,,
2014-07-09,NO 15/9-F-4 AH,5693,15/9-F-4,3420717,VOLVE,369304,MÆRSK INSPIRER,24.0,,,injection,WI,,,,,0.0,,48575.634936646566,,,,,,
2014-07-10,NO 15/9-F-4 AH,5693,15/9-F-4,3420717,VOLVE,369304,MÆRSK INSPIRER,24.0,,,injection,WI,,,,,0.0,,39041.55754898648,,,,,,
2014-07-11,NO 15/9-F-4 AH,5693,15/9-F-4,3420717,VOLVE,369304,MÆRSK INSPIRER,24.0,,,injection,WI,,,,,0.0,,32819.86962185368,,,,,,
2014-07-12,NO 15/9-F-4 AH,5693,15/9-F-4,3420717,VOLVE,369304,MÆRSK INSPIRER,24.0,,,injection,WI,,,,,0.0,,25701.082906558862,,,,,,
2014-07-13,NO 15/9-F-4 AH,5693,15/9-F-4,3420717,VOLVE,369304,MÆRSK INSPIRER,24.0,,,injection,WI,,,,,0.0,,30389.204917598767,,,,,,
2014-07-14,NO 15/9-F-4 AH,5693,15/9-F-4,3420717,VOLVE,369304,MÆRSK INSPIRER,24.0,,,injection,WI,,,,,0.0,,42179.57100203641,,,,,,
2014-07-15,NO 15/9-F-4 AH,5693,15/9-F-4,3420717,VOLVE,369304,MÆRSK INSPIRER,24.0,,,injection,WI,,,,,0.0,,44523.94992796839,,,,,,
2014-07-16,NO 15/9-F-4 AH,5693,15/9-F-4,3420717,VOLVE,369304,MÆRSK INSPIRER,24.0,,,injection,WI,,,,,0.0,,44709.40334308854,,,,,,
2014-07-17,NO 15/9-F-4 AH,5693,15/9-F-4,3420717,VOLVE,369304,MÆRSK INSPIRER,24.0,,,injection,WI,,,,,0.0,,46379.48178324627,,,,,,
2014-07-18,NO 15/9-F-4 AH,5693,15/9-F-4,3420717,VOLVE,369304,MÆRSK INSPIRER,24.0,,,injection,WI,,,,,0.0,,49226.14991623611,,,,,,
2014-07-19,NO 15/9-F-4 AH,5693,15/9-F-4,3420717,VOLVE,369304,MÆRSK INSPIRER,24.0,,,injection,WI,,,,,0.0,,51289.257604156744,,,,,,
2014-07-20,NO 15/9-F-4 AH,5693,15/9-F-4,3420717,VOLVE,369304,MÆRSK INSPIRER,22.16667,,,injection,WI,,,,,0.0,,47120.415668346526,,,,,,
2014-07-21,NO 15/9-F-4 AH,5693,15/9-F-4,3420717,VOLVE,369304,MÆRSK INSPIRER,24.0,,,injection,WI,,,,,0.0,,49782.58004269605,,,,,,
2014-07-22,NO 15/9-F-4 AH,5693,15/9-F-4,3420717,VOLVE,369304,MÆRSK INSPIRER,24.0,,,injection,WI,,,,,0.0,,49820.92624281852,,,,,,
2014-07-23,NO 15/9-F-4 AH,5693,15/9-F-4,3420717,VOLVE,369304,MÆRSK INSPIRER,24.0,,,injection,WI,,,,,0.0,,49999.71468042783,,,,,,
2014-07-24,NO 15/9-F-4 AH,5693,15/9-F-4,3420717,VOLVE,369304,MÆRSK INSPIRER,24.0,,,injection,WI,,,,,0.0,,50485.365734823776,,,,,,
2014-07-25,NO 15/9-F-4 AH,5693,15/9-F-4,3420717,VOLVE,369304,MÆRSK INSPIRER,24.0,,,injection,WI,,,,,0.0,,50918.14902301917,,,,,,
2014-07-26,NO 15/9-F-4 AH,5693,15/9-F-4,3420717,VOLVE,369304,MÆRSK INSPIRER,24.0,,,injection,WI,,,,,0.0,,52427.79344461442,,,,,,
2014-07-27,NO 15/9-F-4 AH,5693,15/9-F-4,3420717,VOLVE,369304,MÆRSK INSPIRER,24.0,,,injection,WI,,,,,0.0,,52835.55252978902,,,,,,
2014-07-28,NO 15/9-F-4 AH,5693,15/9-F-4,3420717,VOLVE,369304,MÆRSK INSPIRER,24.0,,,injection,WI,,,,,0.0,,52478.30540965304,,,,,,
2014-07-29,NO 15/9-F-4 AH,5693,15/9-F-4,3420717,VOLVE,369304,MÆRSK INSPIRER,24.0,,,injection,WI,,,,,0.0,,52353.31799142378,,,,,,
2014-07-30,NO 15/9-F-4 AH,5693,15/9-F-4,3420717,VOLVE,369304,MÆRSK INSPIRER,24.0,,,injection,WI,,,,,0.0,,43757.31738090026,,,,,,
2014-07-31,NO 15/9-F-4 AH,5693,15/9-F-4,3420717,VOLVE,369304,MÆRSK INSPIRER,24.0,,,injection,WI,,,,,0.0,,53880.654331620055,,,,,,
2014-08-01,NO 15/9-F-4 AH,5693,15/9-F-4,3420717,VOLVE,369304,MÆRSK INSPIRER,24.0,,,injection,WI,,,,,0.0,,53183.805654049436,,,,,,
2014-08-02,NO 15/9-F-4 AH,5693,15/9-F-4,3420717,VOLVE,369304,MÆRSK INSPIRER,24.0,,,injection,WI,,,,,0.0,,49808.18399060833,,,,,,
2014-08-03,NO 15/9-F-4 AH,5693,15/9-F-4,3420717,VOLVE,369304,MÆRSK INSPIRER,23.66667,,,injection,WI,,,,,0.0,,39418.58607964038,,,,,,
2014-08-04,NO 15/9-F-4 AH,5693,15/9-F-4,3420717,VOLVE,369304,MÆRSK INSPIRER,24.0,,,injection,WI,,,,,0.0,,46981.04304843037,,,,,,
2014-08-05,NO 15/9-F-4 AH,5693,15/9-F-4,3420717,VOLVE,369304,MÆRSK INSPIRER,24.0,,,injection,WI,,,,,0.0,,46978.59089,,,,,,
2014-08-06,NO 15/9-F-4 AH,5693,15/9-F-4,3420717,VOLVE,369304,MÆRSK INSPIRER,24.0,,,injection,WI,,,,,0.0,,46852.79469,,,,,,
2014-08-07,NO 15/9-F-4 AH,5693,15/9-F-4,3420717,VOLVE,369304,MÆRSK INSPIRER,24.0,,,injection,WI,,,,,0.0,,48978.75047,,,,,,
2014-08-08,NO 15/9-F-4 AH,5693,15/9-F-4,3420717,VOLVE,369304,MÆRSK INSPIRER,24.0,,,injection,WI,,,,,0.0,,48343.479660000005,,,,,,
2014-08-09,NO 15/9-F-4 AH,5693,15/9-F-4,3420717,VOLVE,369304,MÆRSK INSPIRER,24.0,,,injection,WI,,,,,0.0,,49217.76325,,,,,,
2014-08-10,NO 15/9-F-4 AH,5693,15/9-F-4,3420717,VOLVE,369304,MÆRSK INSPIRER,24.0,,,injection,WI,,,,,0.0,,51010.3591,,,,,,
2014-08-11,NO 15/9-F-4 AH,5693,15/9-F-4,3420717,VOLVE,369304,MÆRSK INSPIRER,24.0,,,injection,WI,,,,,0.0,,51513.543900000004,,,,,,
2014-08-12,NO 15/9-F-4 AH,5693,15/9-F-4,3420717,VOLVE,369304,MÆRSK INSPIRER,24.0,,,injection,WI,,,,,0.0,,51769.90413715639,,,,,,
2014-08-13,NO 15/9-F-4 AH,5693,15/9-F-4,3420717,VOLVE,369304,MÆRSK INSPIRER,24.0,,,injection,WI,,,,,0.0,,51146.37825923071,,,,,,
2014-08-14,NO 15/9-F-4 AH,5693,15/9-F-4,3420717,VOLVE,369304,MÆRSK INSPIRER,24.0,,,injection,WI,,,,,0.0,,50495.68312899975,,,,,,
2014-08-15,NO 15/9-F-4 AH,5693,15/9-F-4,3420717,VOLVE,369304,MÆRSK INSPIRER,24.0,,,injection,WI,,,,,0.0,,39554.308093832544,,,,,,
2014-08-16,NO 15/9-F-4 AH,5693,15/9-F-4,3420717,VOLVE,369304,MÆRSK INSPIRER,24.0,,,injection,WI,,,,,0.0,,49912.999077455526,,,,,,
2014-08-17,NO 15/9-F-4 AH,5693,15/9-F-4,3420717,VOLVE,369304,MÆRSK INSPIRER,24.0,,,injection,WI,,,,,0.0,,50727.82247670249,,,,,,
2014-08-18,NO 15/9-F-4 AH,5693,15/9-F-4,3420717,VOLVE,369304,MÆRSK INSPIRER,24.0,,,injection,WI,,,,,0.0,,44470.39407096799,,,,,,
2014-08-19,NO 15/9-F-4 AH,5693,15/9-F-4,3420717,VOLVE,369304,MÆRSK INSPIRER,10.50834,,,injection,WI,,,,,0.0,,8189.320357491255,,,,,,
2014-08-20,NO 15/9-F-4 AH,5693,15/9-F-4,3420717,VOLVE,369304,MÆRSK INSPIRER,0.0,,,injection,WI,,,,,0.0,,0.0,,,,,,
2014-08-21,NO 15/9-F-4 AH,5693,15/9-F-4,3420717,VOLVE,369304,MÆRSK INSPIRER,0.0,,,injection,WI,,,,,0.0,,0.0,,,,,,
2014-08-22,NO 15/9-F-4 AH,5693,15/9-F-4,3420717,VOLVE,369304,MÆRSK INSPIRER,0.0,,,injection,WI,,,,,0.0,,0.0,,,,,,
2014-08-23,NO 15/9-F-4 AH,5693,15/9-F-4,3420717,VOLVE,369304,MÆRSK INSPIRER,0.0,,,injection,WI,,,,,0.0,,0.0,,,,,,
2014-08-24,NO 15/9-F-4 AH,5693,15/9-F-4,3420717,VOLVE,369304,MÆRSK INSPIRER,0.0,,,injection,WI,,,,,0.0,,0.0,,,,,,
2014-08-25,NO 15/9-F-4 AH,5693,15/9-F-4,3420717,VOLVE,369304,MÆRSK INSPIRER,22.625,,,injection,WI,,,,,0.0,,37128.48596015984,,,,,,
2014-08-26,NO 15/9-F-4 AH,5693,15/9-F-4,3420717,VOLVE,369304,MÆRSK INSPIRER,24.0,,,injection,WI,,,,,0.0,,43759.01004346275,,,,,,
2014-08-27,NO 15/9-F-4 AH,5693,15/9-F-4,3420717,VOLVE,369304,MÆRSK INSPIRER,24.0,,,injection,WI,,,,,0.0,,41746.45577960128,,,,,,
2014-08-28,NO 15/9-F-4 AH,5693,15/9-F-4,3420717,VOLVE,369304,MÆRSK INSPIRER,22.5,,,injection,WI,,,,,0.0,,37480.61363358779,,,,,,
2014-08-29,NO 15/9-F-4 AH,5693,15/9-F-4,3420717,VOLVE,369304,MÆRSK INSPIRER,24.0,,,injection,WI,,,,,0.0,,39951.6373439944,,,,,,
2014-08-30,NO 15/9-F-4 AH,5693,15/9-F-4,3420717,VOLVE,369304,MÆRSK INSPIRER,24.0,,,injection,WI,,,,,0.0,,39870.59778743116,,,,,,
2014-08-31,NO 15/9-F-4 AH,5693,15/9-F-4,3420717,VOLVE,369304,MÆRSK INSPIRER,24.0,,,injection,WI,,,,,0.0,,39525.31412702456,,,,,,
2014-09-01,NO 15/9-F-4 AH,5693,15/9-F-4,3420717,VOLVE,369304,MÆRSK INSPIRER,24.0,,,injection,WI,,,,,0.0,,39607.08703219136,,,,,,
2014-09-02,NO 15/9-F-4 AH,5693,15/9-F-4,3420717,VOLVE,369304,MÆRSK INSPIRER,24.0,,,injection,WI,,,,,0.0,,40458.837256001294,,,,,,
2014-09-03,NO 15/9-F-4 AH,5693,15/9-F-4,3420717,VOLVE,369304,MÆRSK INSPIRER,22.66666,,,injection,WI,,,,,0.0,,40479.13985196922,,,,,,
2014-09-04,NO 15/9-F-4 AH,5693,15/9-F-4,3420717,VOLVE,369304,MÆRSK INSPIRER,24.0,,,injection,WI,,,,,0.0,,39370.7520510036,,,,,,
2014-09-05,NO 15/9-F-4 AH,5693,15/9-F-4,3420717,VOLVE,369304,MÆRSK INSPIRER,24.0,,,injection,WI,,,,,0.0,,38576.09133221149,,,,,,
2014-09-06,NO 15/9-F-4 AH,5693,15/9-F-4,3420717,VOLVE,369304,MÆRSK INSPIRER,24.0,,,injection,WI,,,,,0.0,,40399.44963,,,,,,
2014-09-07,NO 15/9-F-4 AH,5693,15/9-F-4,3420717,VOLVE,369304,MÆRSK INSPIRER,24.0,,,injection,WI,,,,,0.0,,41066.92759424741,,,,,,
2014-09-08,NO 15/9-F-4 AH,5693,15/9-F-4,3420717,VOLVE,369304,MÆRSK INSPIRER,24.0,,,injection,WI,,,,,0.0,,41330.34151,,,,,,
2014-09-09,NO 15/9-F-4 AH,5693,15/9-F-4,3420717,VOLVE,369304,MÆRSK INSPIRER,24.0,,,injection,WI,,,,,0.0,,41341.169206944294,,,,,,
2014-09-10,NO 15/9-F-4 AH,5693,15/9-F-4,3420717,VOLVE,369304,MÆRSK INSPIRER,24.0,,,injection,WI,,,,,0.0,,41234.37766261778,,,,,,
2014-09-11,NO 15/9-F-4 AH,5693,15/9-F-4,3420717,VOLVE,369304,MÆRSK INSPIRER,24.0,,,injection,WI,,,,,0.0,,44444.19489474862,,,,,,
2014-09-12,NO 15/9-F-4 AH,5693,15/9-F-4,3420717,VOLVE,369304,MÆRSK INSPIRER,24.0,,,injection,WI,,,,,0.0,,44682.38948184968,,,,,,
2014-09-13,NO 15/9-F-4 AH,5693,15/9-F-4,3420717,VOLVE,369304,MÆRSK INSPIRER,24.0,,,injection,WI,,,,,0.0,,44798.86662204143,,,,,,
2014-09-14,NO 15/9-F-4 AH,5693,15/9-F-4,3420717,VOLVE,369304,MÆRSK INSPIRER,24.0,,,injection,WI,,,,,0.0,,45046.527212016095,,,,,,
2014-09-15,NO 15/9-F-4 AH,5693,15/9-F-4,3420717,VOLVE,369304,MÆRSK INSPIRER,24.0,,,injection,WI,,,,,0.0,,45117.93877295955,,,,,,
2014-09-16,NO 15/9-F-4 AH,5693,15/9-F-4,3420717,VOLVE,369304,MÆRSK INSPIRER,24.0,,,injection,WI,,,,,0.0,,45305.501430000004,,,,,,
2014-09-17,NO 15/9-F-4 AH,5693,15/9-F-4,3420717,VOLVE,369304,MÆRSK INSPIRER,24.0,,,injection,WI,,,,,0.0,,45877.87414,,,,,,
2014-09-18,NO 15/9-F-4 AH,5693,15/9-F-4,3420717,VOLVE,369304,MÆRSK INSPIRER,24.0,,,injection,WI,,,,,0.0,,47683.04961,,,,,,
2014-09-19,NO 15/9-F-4 AH,5693,15/9-F-4,3420717,VOLVE,369304,MÆRSK INSPIRER,24.0,,,injection,WI,,,,,0.0,,47563.54322,,,,,,
2014-09-20,NO 15/9-F-4 AH,5693,15/9-F-4,3420717,VOLVE,369304,MÆRSK INSPIRER,24.0,,,injection,WI,,,,,0.0,,47727.07828,,,,,,
2014-09-21,NO 15/9-F-4 AH,5693,15/9-F-4,3420717,VOLVE,369304,MÆRSK INSPIRER,24.0,,,injection,WI,,,,,0.0,,48557.3332,,,,,,
2014-09-22,NO 15/9-F-4 AH,5693,15/9-F-4,3420717,VOLVE,369304,MÆRSK INSPIRER,24.0,,,injection,WI,,,,,0.0,,50412.827150000005,,,,,,
2014-09-23,NO 15/9-F-4 AH,5693,15/9-F-4,3420717,VOLVE,369304,MÆRSK INSPIRER,24.0,,,injection,WI,,,,,0.0,,47767.95398749132,,,,,,
2014-09-24,NO 15/9-F-4 AH,5693,15/9-F-4,3420717,VOLVE,369304,MÆRSK INSPIRER,24.0,,,injection,WI,,,,,0.0,,44469.85905710864,,,,,,
2014-09-25,NO 15/9-F-4 AH,5693,15/9-F-4,3420717,VOLVE,369304,MÆRSK INSPIRER,24.0,,,injection,WI,,,,,0.0,,45011.098857373385,,,,,,
2014-09-26,NO 15/9-F-4 AH,5693,15/9-F-4,3420717,VOLVE,369304,MÆRSK INSPIRER,24.0,,,injection,WI,,,,,0.0,,45822.55421536909,,,,,,
2014-09-27,NO 15/9-F-4 AH,5693,15/9-F-4,3420717,VOLVE,369304,MÆRSK INSPIRER,24.0,,,injection,WI,,,,,0.0,,45368.556447655734,,,,,,
2014-09-28,NO 15/9-F-4 AH,5693,15/9-F-4,3420717,VOLVE,369304,MÆRSK INSPIRER,24.0,,,injection,WI,,,,,0.0,,40134.741204520185,,,,,,
2014-09-29,NO 15/9-F-4 AH,5693,15/9-F-4,3420717,VOLVE,369304,MÆRSK INSPIRER,2.925,,,injection,WI,,,,,0.0,,2047.3292435244064,,,,,,
2014-09-30,NO 15/9-F-4 AH,5693,15/9-F-4,3420717,VOLVE,369304,MÆRSK INSPIRER,19.74167,,,injection,WI,,,,,0.0,,25426.87025581628,,,,,,
2014-10-01,NO 15/9-F-4 AH,5693,15/9-F-4,3420717,VOLVE,369304,MÆRSK INSPIRER,24.0,,,injection,WI,,,,,0.0,,47683.30461331155,,,,,,
2014-10-02,NO 15/9-F-4 AH,5693,15/9-F-4,3420717,VOLVE,369304,MÆRSK INSPIRER,24.0,,,injection,WI,,,,,0.0,,47701.13934335901,,,,,,
2014-10-03,NO 15/9-F-4 AH,5693,15/9-F-4,3420717,VOLVE,369304,MÆRSK INSPIRER,24.0,,,injection,WI,,,,,0.0,,48103.664432592086,,,,,,
2014-10-04,NO 15/9-F-4 AH,5693,15/9-F-4,3420717,VOLVE,369304,MÆRSK INSPIRER,24.0,,,injection,WI,,,,,0.0,,49199.22887031644,,,,,,
2014-10-05,NO 15/9-F-4 AH,5693,15/9-F-4,3420717,VOLVE,369304,MÆRSK INSPIRER,24.0,,,injection,WI,,,,,0.0,,48999.93846286597,,,,,,
2014-10-06,NO 15/9-F-4 AH,5693,15/9-F-4,3420717,VOLVE,369304,MÆRSK INSPIRER,24.0,,,injection,WI,,,,,0.0,,47628.607568564934,,,,,,
2014-10-07,NO 15/9-F-4 AH,5693,15/9-F-4,3420717,VOLVE,369304,MÆRSK INSPIRER,24.0,,,injection,WI,,,,,0.0,,45893.06024284985,,,,,,
2014-10-08,NO 15/9-F-4 AH,5693,15/9-F-4,3420717,VOLVE,369304,MÆRSK INSPIRER,24.0,,,injection,WI,,,,,0.0,,45223.6232452072,,,,,,
2014-10-09,NO 15/9-F-4 AH,5693,15/9-F-4,3420717,VOLVE,369304,MÆRSK INSPIRER,21.33334,,,injection,WI,,,,,0.0,,30898.686868331184,,,,,,
2014-10-10,NO 15/9-F-4 AH,5693,15/9-F-4,3420717,VOLVE,369304,MÆRSK INSPIRER,24.0,,,injection,WI,,,,,0.0,,43378.23026226258,,,,,,
2014-10-11,NO 15/9-F-4 AH,5693,15/9-F-4,3420717,VOLVE,369304,MÆRSK INSPIRER,24.0,,,injection,WI,,,,,0.0,,43449.6388342359,,,,,,
2014-10-12,NO 15/9-F-4 AH,5693,15/9-F-4,3420717,VOLVE,369304,MÆRSK INSPIRER,24.0,,,injection,WI,,,,,0.0,,43651.2814,,,,,,
2014-10-13,NO 15/9-F-4 AH,5693,15/9-F-4,3420717,VOLVE,369304,MÆRSK INSPIRER,24.0,,,injection,WI,,,,,0.0,,45309.410580984804,,,,,,
2014-10-14,NO 15/9-F-4 AH,5693,15/9-F-4,3420717,VOLVE,369304,MÆRSK INSPIRER,24.0,,,injection,WI,,,,,0.0,,45887.508583985415,,,,,,
2014-10-15,NO 15/9-F-4 AH,5693,15/9-F-4,3420717,VOLVE,369304,MÆRSK INSPIRER,24.0,,,injection,WI,,,,,0.0,,45063.71161502087,,,,,,
2014-10-16,NO 15/9-F-4 AH,5693,15/9-F-4,3420717,VOLVE,369304,MÆRSK INSPIRER,24.0,,,injection,WI,,,,,0.0,,44382.472103403714,,,,,,
2014-10-17,NO 15/9-F-4 AH,5693,15/9-F-4,3420717,VOLVE,369304,MÆRSK INSPIRER,24.0,,,injection,WI,,,,,0.0,,44190.861506789675,,,,,,
2014-10-18,NO 15/9-F-4 AH,5693,15/9-F-4,3420717,VOLVE,369304,MÆRSK INSPIRER,24.0,,,injection,WI,,,,,0.0,,44388.22445175997,,,,,,
2014-10-19,NO 15/9-F-4 AH,5693,15/9-F-4,3420717,VOLVE,369304,MÆRSK INSPIRER,24.0,,,injection,WI,,,,,0.0,,44148.55529732704,,,,,,
2014-10-20,NO 15/9-F-4 AH,5693,15/9-F-4,3420717,VOLVE,369304,MÆRSK INSPIRER,24.0,,,injection,WI,,,,,0.0,,43991.01386934678,,,,,,
2014-10-21,NO 15/9-F-4 AH,5693,15/9-F-4,3420717,VOLVE,369304,MÆRSK INSPIRER,24.0,,,injection,WI,,,,,0.0,,43959.12832618843,,,,,,
2014-10-22,NO 15/9-F-4 AH,5693,15/9-F-4,3420717,VOLVE,369304,MÆRSK INSPIRER,24.0,,,injection,WI,,,,,0.0,,43453.69190917728,,,,,,
2014-10-23,NO 15/9-F-4 AH,5693,15/9-F-4,3420717,VOLVE,369304,MÆRSK INSPIRER,24.0,,,injection,WI,,,,,0.0,,44282.153105092606,,,,,,
2014-10-24,NO 15/9-F-4 AH,5693,15/9-F-4,3420717,VOLVE,369304,MÆRSK INSPIRER,24.0,,,injection,WI,,,,,0.0,,44273.009191595695,,,,,,
2014-10-25,NO 15/9-F-4 AH,5693,15/9-F-4,3420717,VOLVE,369304,MÆRSK INSPIRER,24.0,,,injection,WI,,,,,0.0,,45231.56315148052,,,,,,
2014-10-26,NO 15/9-F-4 AH,5693,15/9-F-4,3420717,VOLVE,369304,MÆRSK INSPIRER,25.0,,,injection,WI,,,,,0.0,,45644.84794958156,,,,,,
2014-10-27,NO 15/9-F-4 AH,5693,15/9-F-4,3420717,VOLVE,369304,MÆRSK INSPIRER,24.0,,,injection,WI,,,,,0.0,,46681.29928315456,,,,,,
2014-10-28,NO 15/9-F-4 AH,5693,15/9-F-4,3420717,VOLVE,369304,MÆRSK INSPIRER,24.0,,,injection,WI,,,,,0.0,,47632.73113,,,,,,
2014-10-29,NO 15/9-F-4 AH,5693,15/9-F-4,3420717,VOLVE,369304,MÆRSK INSPIRER,24.0,,,injection,WI,,,,,0.0,,42108.053732973654,,,,,,
2014-10-30,NO 15/9-F-4 AH,5693,15/9-F-4,3420717,VOLVE,369304,MÆRSK INSPIRER,24.0,,,injection,WI,,,,,0.0,,35635.78131251317,,,,,,
2014-10-31,NO 15/9-F-4 AH,5693,15/9-F-4,3420717,VOLVE,369304,MÆRSK INSPIRER,24.0,,,injection,WI,,,,,0.0,,43305.341850000004,,,,,,
2014-11-01,NO 15/9-F-4 AH,5693,15/9-F-4,3420717,VOLVE,369304,MÆRSK INSPIRER,24.0,,,injection,WI,,,,,0.0,,43569.51387,,,,,,
2014-11-02,NO 15/9-F-4 AH,5693,15/9-F-4,3420717,VOLVE,369304,MÆRSK INSPIRER,24.0,,,injection,WI,,,,,0.0,,44160.75601,,,,,,
2014-11-03,NO 15/9-F-4 AH,5693,15/9-F-4,3420717,VOLVE,369304,MÆRSK INSPIRER,24.0,,,injection,WI,,,,,0.0,,44362.029930000004,,,,,,
2014-11-04,NO 15/9-F-4 AH,5693,15/9-F-4,3420717,VOLVE,369304,MÆRSK INSPIRER,24.0,,,injection,WI,,,,,0.0,,44649.90045107749,,,,,,
2014-11-05,NO 15/9-F-4 AH,5693,15/9-F-4,3420717,VOLVE,369304,MÆRSK INSPIRER,24.0,,,injection,WI,,,,,0.0,,44870.72157658894,,,,,,
2014-11-06,NO 15/9-F-4 AH,5693,15/9-F-4,3420717,VOLVE,369304,MÆRSK INSPIRER,24.0,,,injection,WI,,,,,0.0,,45097.85545156161,,,,,,
2014-11-07,NO 15/9-F-4 AH,5693,15/9-F-4,3420717,VOLVE,369304,MÆRSK INSPIRER,24.0,,,injection,WI,,,,,0.0,,46288.39125575489,,,,,,
2014-11-08,NO 15/9-F-4 AH,5693,15/9-F-4,3420717,VOLVE,369304,MÆRSK INSPIRER,24.0,,,injection,WI,,,,,0.0,,46505.091026506285,,,,,,
2014-11-09,NO 15/9-F-4 AH,5693,15/9-F-4,3420717,VOLVE,369304,MÆRSK INSPIRER,24.0,,,injection,WI,,,,,0.0,,47499.791807684844,,,,,,
2014-11-10,NO 15/9-F-4 AH,5693,15/9-F-4,3420717,VOLVE,369304,MÆRSK INSPIRER,24.0,,,injection,WI,,,,,0.0,,48022.070369,,,,,,
2014-11-11,NO 15/9-F-4 AH,5693,15/9-F-4,3420717,VOLVE,369304,MÆRSK INSPIRER,24.0,,,injection,WI,,,,,0.0,,48402.84118722092,,,,,,
2014-11-12,NO 15/9-F-4 AH,5693,15/9-F-4,3420717,VOLVE,369304,MÆRSK INSPIRER,24.0,,,injection,WI,,,,,0.0,,48292.97124870404,,,,,,
2014-11-13,NO 15/9-F-4 AH,5693,15/9-F-4,3420717,VOLVE,369304,MÆRSK INSPIRER,24.0,,,injection,WI,,,,,0.0,,44550.75955121429,,,,,,
2014-11-14,NO 15/9-F-4 AH,5693,15/9-F-4,3420717,VOLVE,369304,MÆRSK INSPIRER,24.0,,,injection,WI,,,,,0.0,,46222.45450005993,,,,,,
2014-11-15,NO 15/9-F-4 AH,5693,15/9-F-4,3420717,VOLVE,369304,MÆRSK INSPIRER,24.0,,,injection,WI,,,,,0.0,,46605.80956403161,,,,,,
2014-11-16,NO 15/9-F-4 AH,5693,15/9-F-4,3420717,VOLVE,369304,MÆRSK INSPIRER,24.0,,,injection,WI,,,,,0.0,,46375.37415861729,,,,,,
2014-11-17,NO 15/9-F-4 AH,5693,15/9-F-4,3420717,VOLVE,369304,MÆRSK INSPIRER,24.0,,,injection,WI,,,,,0.0,,30954.18291288361,,,,,,
2014-11-18,NO 15/9-F-4 AH,5693,15/9-F-4,3420717,VOLVE,369304,MÆRSK INSPIRER,24.0,,,injection,WI,,,,,0.0,,30508.41450718939,,,,,,
2014-11-19,NO 15/9-F-4 AH,5693,15/9-F-4,3420717,VOLVE,369304,MÆRSK INSPIRER,24.0,,,injection,WI,,,,,0.0,,30517.38744399485,,,,,,
2014-11-20,NO 15/9-F-4 AH,5693,15/9-F-4,3420717,VOLVE,369304,MÆRSK INSPIRER,24.0,,,injection,WI,,,,,0.0,,30729.90577919692,,,,,,
2014-11-21,NO 15/9-F-4 AH,5693,15/9-F-4,3420717,VOLVE,369304,MÆRSK INSPIRER,24.0,,,injection,WI,,,,,0.0,,33636.941731695435,,,,,,
2014-11-22,NO 15/9-F-4 AH,5693,15/9-F-4,3420717,VOLVE,369304,MÆRSK INSPIRER,24.0,,,injection,WI,,,,,0.0,,34399.94695581958,,,,,,
2014-11-23,NO 15/9-F-4 AH,5693,15/9-F-4,3420717,VOLVE,369304,MÆRSK INSPIRER,24.0,,,injection,WI,,,,,0.0,,34933.4762273883,,,,,,
2014-11-24,NO 15/9-F-4 AH,5693,15/9-F-4,3420717,VOLVE,369304,MÆRSK INSPIRER,9.10833,,,injection,WI,,,,,0.0,,13192.931067930047,,,,,,
2014-11-25,NO 15/9-F-4 AH,5693,15/9-F-4,3420717,VOLVE,369304,MÆRSK INSPIRER,0.0,,,injection,WI,,,,,0.0,,0.5881575123458334,,,,,,
2014-11-26,NO 15/9-F-4 AH,5693,15/9-F-4,3420717,VOLVE,369304,MÆRSK INSPIRER,0.0,,,injection,WI,,,,,0.0,,0.0,,,,,,
2014-11-27,NO 15/9-F-4 AH,5693,15/9-F-4,3420717,VOLVE,369304,MÆRSK INSPIRER,0.0,,,injection,WI,,,,,0.0,,0.0,,,,,,
2014-11-28,NO 15/9-F-4 AH,5693,15/9-F-4,3420717,VOLVE,369304,MÆRSK INSPIRER,11.44167,,,injection,WI,,,,,0.0,,16523.945949209523,,,,,,
2014-11-29,NO 15/9-F-4 AH,5693,15/9-F-4,3420717,VOLVE,369304,MÆRSK INSPIRER,24.0,,,injection,WI,,,,,0.0,,25147.344225178105,,,,,,
2014-11-30,NO 15/9-F-4 AH,5693,15/9-F-4,3420717,VOLVE,369304,MÆRSK INSPIRER,23.33333,,,injection,WI,,,,,0.0,,33475.78070675447,,,,,,
2014-12-01,NO 15/9-F-4 AH,5693,15/9-F-4,3420717,VOLVE,369304,MÆRSK INSPIRER,24.0,,,injection,WI,,,,,0.0,,35572.98725907435,,,,,,
2014-12-02,NO 15/9-F-4 AH,5693,15/9-F-4,3420717,VOLVE,369304,MÆRSK INSPIRER,24.0,,,injection,WI,,,,,0.0,,36143.143863282145,,,,,,
2014-12-03,NO 15/9-F-4 AH,5693,15/9-F-4,3420717,VOLVE,369304,MÆRSK INSPIRER,24.0,,,injection,WI,,,,,0.0,,36124.45131060161,,,,,,
2014-12-04,NO 15/9-F-4 AH,5693,15/9-F-4,3420717,VOLVE,369304,MÆRSK INSPIRER,22.16666,,,injection,WI,,,,,0.0,,32236.792292076938,,,,,,
2014-12-05,NO 15/9-F-4 AH,5693,15/9-F-4,3420717,VOLVE,369304,MÆRSK INSPIRER,24.0,,,injection,WI,,,,,0.0,,36284.916520069804,,,,,,
2014-12-06,NO 15/9-F-4 AH,5693,15/9-F-4,3420717,VOLVE,369304,MÆRSK INSPIRER,24.0,,,injection,WI,,,,,0.0,,36503.15745544759,,,,,,
2014-12-07,NO 15/9-F-4 AH,5693,15/9-F-4,3420717,VOLVE,369304,MÆRSK INSPIRER,24.0,,,injection,WI,,,,,0.0,,36130.462842372304,,,,,,
2014-12-08,NO 15/9-F-4 AH,5693,15/9-F-4,3420717,VOLVE,369304,MÆRSK INSPIRER,24.0,,,injection,WI,,,,,0.0,,36062.62390530225,,,,,,
2014-12-09,NO 15/9-F-4 AH,5693,15/9-F-4,3420717,VOLVE,369304,MÆRSK INSPIRER,24.0,,,injection,WI,,,,,0.0,,36405.73469187738,,,,,,
2014-12-10,NO 15/9-F-4 AH,5693,15/9-F-4,3420717,VOLVE,369304,MÆRSK INSPIRER,22.5,,,injection,WI,,,,,0.0,,33474.541257761906,,,,,,
2014-12-11,NO 15/9-F-4 AH,5693,15/9-F-4,3420717,VOLVE,369304,MÆRSK INSPIRER,24.0,,,injection,WI,,,,,0.0,,27687.794363042176,,,,,,
2014-12-12,NO 15/9-F-4 AH,5693,15/9-F-4,3420717,VOLVE,369304,MÆRSK INSPIRER,24.0,,,injection,WI,,,,,0.0,,26027.233780000002,,,,,,
2014-12-13,NO 15/9-F-4 AH,5693,15/9-F-4,3420717,VOLVE,369304,MÆRSK INSPIRER,7.39167,,,injection,WI,,,,,0.0,,10692.677,,,,,,
2014-12-14,NO 15/9-F-4 AH,5693,15/9-F-4,3420717,VOLVE,369304,MÆRSK INSPIRER,0.0,,,injection,WI,,,,,0.0,,0.0,,,,,,
2014-12-15,NO 15/9-F-4 AH,5693,15/9-F-4,3420717,VOLVE,369304,MÆRSK INSPIRER,0.0,,,injection,WI,,,,,0.0,,0.0,,,,,,
2014-12-16,NO 15/9-F-4 AH,5693,15/9-F-4,3420717,VOLVE,369304,MÆRSK INSPIRER,0.0,,,injection,WI,,,,,0.0,,0.0,,,,,,
2014-12-17,NO 15/9-F-4 AH,5693,15/9-F-4,3420717,VOLVE,369304,MÆRSK INSPIRER,0.0,,,injection,WI,,,,,0.0,,0.0,,,,,,
2014-12-18,NO 15/9-F-4 AH,5693,15/9-F-4,3420717,VOLVE,369304,MÆRSK INSPIRER,0.0,,,injection,WI,,,,,0.0,,0.8480262540041668,,,,,,
2014-12-19,NO 15/9-F-4 AH,5693,15/9-F-4,3420717,VOLVE,369304,MÆRSK INSPIRER,0.0,,,injection,WI,,,,,0.0,,0.0,,,,,,
2014-12-20,NO 15/9-F-4 AH,5693,15/9-F-4,3420717,VOLVE,369304,MÆRSK INSPIRER,0.0,,,injection,WI,,,,,0.0,,0.5604469681645833,,,,,,
2014-12-21,NO 15/9-F-4 AH,5693,15/9-F-4,3420717,VOLVE,369304,MÆRSK INSPIRER,0.0,,,injection,WI,,,,,0.0,,1.45472691245625,,,,,,
2014-12-22,NO 15/9-F-4 AH,5693,15/9-F-4,3420717,VOLVE,369304,MÆRSK INSPIRER,0.0,,,injection,WI,,,,,0.0,,0.0,,,,,,
2014-12-23,NO 15/9-F-4 AH,5693,15/9-F-4,3420717,VOLVE,369304,MÆRSK INSPIRER,0.0,,,injection,WI,,,,,0.0,,0.0,,,,,,
2014-12-24,NO 15/9-F-4 AH,5693,15/9-F-4,3420717,VOLVE,369304,MÆRSK INSPIRER,0.0,,,injection,WI,,,,,0.0,,0.0,,,,,,
2014-12-25,NO 15/9-F-4 AH,5693,15/9-F-4,3420717,VOLVE,369304,MÆRSK INSPIRER,0.0,,,injection,WI,,,,,0.0,,0.0,,,,,,
2014-12-26,NO 15/9-F-4 AH,5693,15/9-F-4,3420717,VOLVE,369304,MÆRSK INSPIRER,0.0,,,injection,WI,,,,,0.0,,0.0,,,,,,
2014-12-27,NO 15/9-F-4 AH,5693,15/9-F-4,3420717,VOLVE,369304,MÆRSK INSPIRER,0.0,,,injection,WI,,,,,0.0,,0.0,,,,,,
2014-12-28,NO 15/9-F-4 AH,5693,15/9-F-4,3420717,VOLVE,369304,MÆRSK INSPIRER,0.0,,,injection,WI,,,,,0.0,,0.0,,,,,,
2014-12-29,NO 15/9-F-4 AH,5693,15/9-F-4,3420717,VOLVE,369304,MÆRSK INSPIRER,0.0,,,injection,WI,,,,,0.0,,0.0,,,,,,
2014-12-30,NO 15/9-F-4 AH,5693,15/9-F-4,3420717,VOLVE,369304,MÆRSK INSPIRER,0.0,,,injection,WI,,,,,0.0,,0.0,,,,,,
2014-12-31,NO 15/9-F-4 AH,5693,15/9-F-4,3420717,VOLVE,369304,MÆRSK INSPIRER,0.0,,,injection,WI,,,,,0.0,,0.0,,,,,,
2015-01-01,NO 15/9-F-4 AH,5693,15/9-F-4,3420717,VOLVE,369304,MÆRSK INSPIRER,9.5,,,injection,WI,,,,,0.0,,5748.88634,,,,,,
2015-01-02,NO 15/9-F-4 AH,5693,15/9-F-4,3420717,VOLVE,369304,MÆRSK INSPIRER,24.0,,,injection,WI,,,,,0.0,,16649.12707,,,,,,
2015-01-03,NO 15/9-F-4 AH,5693,15/9-F-4,3420717,VOLVE,369304,MÆRSK INSPIRER,24.0,,,injection,WI,,,,,0.0,,18479.46178,,,,,,
2015-01-04,NO 15/9-F-4 AH,5693,15/9-F-4,3420717,VOLVE,369304,MÆRSK INSPIRER,24.0,,,injection,WI,,,,,0.0,,18121.976692764936,,,,,,
2015-01-05,NO 15/9-F-4 AH,5693,15/9-F-4,3420717,VOLVE,369304,MÆRSK INSPIRER,24.0,,,injection,WI,,,,,0.0,,18169.34840857333,,,,,,
2015-01-06,NO 15/9-F-4 AH,5693,15/9-F-4,3420717,VOLVE,369304,MÆRSK INSPIRER,24.0,,,injection,WI,,,,,0.0,,18371.78424517463,,,,,,
2015-01-07,NO 15/9-F-4 AH,5693,15/9-F-4,3420717,VOLVE,369304,MÆRSK INSPIRER,24.0,,,injection,WI,,,,,0.0,,18578.31521064904,,,,,,
2015-01-08,NO 15/9-F-4 AH,5693,15/9-F-4,3420717,VOLVE,369304,MÆRSK INSPIRER,24.0,,,injection,WI,,,,,0.0,,18945.61699959729,,,,,,
2015-01-09,NO 15/9-F-4 AH,5693,15/9-F-4,3420717,VOLVE,369304,MÆRSK INSPIRER,17.0,,,injection,WI,,,,,0.0,,13925.57378707603,,,,,,
2015-01-10,NO 15/9-F-4 AH,5693,15/9-F-4,3420717,VOLVE,369304,MÆRSK INSPIRER,19.5,,,injection,WI,,,,,0.0,,17067.34008147001,,,,,,
2015-01-11,NO 15/9-F-4 AH,5693,15/9-F-4,3420717,VOLVE,369304,MÆRSK INSPIRER,24.0,,,injection,WI,,,,,0.0,,18608.84753787644,,,,,,
2015-01-12,NO 15/9-F-4 AH,5693,15/9-F-4,3420717,VOLVE,369304,MÆRSK INSPIRER,24.0,,,injection,WI,,,,,0.0,,17600.312742854683,,,,,,
2015-01-13,NO 15/9-F-4 AH,5693,15/9-F-4,3420717,VOLVE,369304,MÆRSK INSPIRER,24.0,,,injection,WI,,,,,0.0,,17202.732009054125,,,,,,
2015-01-14,NO 15/9-F-4 AH,5693,15/9-F-4,3420717,VOLVE,369304,MÆRSK INSPIRER,24.0,,,injection,WI,,,,,0.0,,16034.47864694323,,,,,,
2015-01-15,NO 15/9-F-4 AH,5693,15/9-F-4,3420717,VOLVE,369304,MÆRSK INSPIRER,24.0,,,injection,WI,,,,,0.0,,18101.932412741822,,,,,,
2015-01-16,NO 15/9-F-4 AH,5693,15/9-F-4,3420717,VOLVE,369304,MÆRSK INSPIRER,24.0,,,injection,WI,,,,,0.0,,16819.329831784802,,,,,,
2015-01-17,NO 15/9-F-4 AH,5693,15/9-F-4,3420717,VOLVE,369304,MÆRSK INSPIRER,24.0,,,injection,WI,,,,,0.0,,15536.006500189502,,,,,,
2015-01-18,NO 15/9-F-4 AH,5693,15/9-F-4,3420717,VOLVE,369304,MÆRSK INSPIRER,24.0,,,injection,WI,,,,,0.0,,15536.006500189502,,,,,,
2015-01-19,NO 15/9-F-4 AH,5693,15/9-F-4,3420717,VOLVE,369304,MÆRSK INSPIRER,24.0,,,injection,WI,,,,,0.0,,15536.006500189502,,,,,,
2015-01-20,NO 15/9-F-4 AH,5693,15/9-F-4,3420717,VOLVE,369304,MÆRSK INSPIRER,13.39167,,,injection,WI,,,,,0.0,,9334.07804,,,,,,
2015-01-21,NO 15/9-F-4 AH,5693,15/9-F-4,3420717,VOLVE,369304,MÆRSK INSPIRER,17.60833,,,injection,WI,,,,,0.0,,13491.64245,,,,,,
2015-01-22,NO 15/9-F-4 AH,5693,15/9-F-4,3420717,VOLVE,369304,MÆRSK INSPIRER,24.0,,,injection,WI,,,,,0.0,,17819.03173,,,,,,
2015-01-23,NO 15/9-F-4 AH,5693,15/9-F-4,3420717,VOLVE,369304,MÆRSK INSPIRER,24.0,,,injection,WI,,,,,0.0,,17430.492431656556,,,,,,
2015-01-24,NO 15/9-F-4 AH,5693,15/9-F-4,3420717,VOLVE,369304,MÆRSK INSPIRER,24.0,,,injection,WI,,,,,0.0,,17982.56679,,,,,,
2015-01-25,NO 15/9-F-4 AH,5693,15/9-F-4,3420717,VOLVE,369304,MÆRSK INSPIRER,24.0,,,injection,WI,,,,,0.0,,17322.13674,,,,,,
2015-01-26,NO 15/9-F-4 AH,5693,15/9-F-4,3420717,VOLVE,369304,MÆRSK INSPIRER,19.0,,,injection,WI,,,,,0.0,,13560.83036,,,,,,
2015-01-27,NO 15/9-F-4 AH,5693,15/9-F-4,3420717,VOLVE,369304,MÆRSK INSPIRER,14.44167,,,injection,WI,,,,,0.0,,13832.064066310559,,,,,,
2015-01-28,NO 15/9-F-4 AH,5693,15/9-F-4,3420717,VOLVE,369304,MÆRSK INSPIRER,24.0,,,injection,WI,,,,,0.0,,23430.319646929212,,,,,,
2015-01-29,NO 15/9-F-4 AH,5693,15/9-F-4,3420717,VOLVE,369304,MÆRSK INSPIRER,24.0,,,injection,WI,,,,,0.0,,21297.009190785837,,,,,,
2015-01-30,NO 15/9-F-4 AH,5693,15/9-F-4,3420717,VOLVE,369304,MÆRSK INSPIRER,24.0,,,injection,WI,,,,,0.0,,19508.87497426689,,,,,,
2015-01-31,NO 15/9-F-4 AH,5693,15/9-F-4,3420717,VOLVE,369304,MÆRSK INSPIRER,13.44167,,,injection,WI,,,,,0.0,,10444.50574428256,,,,,,
2015-02-01,NO 15/9-F-4 AH,5693,15/9-F-4,3420717,VOLVE,369304,MÆRSK INSPIRER,19.725,,,injection,WI,,,,,0.0,,17349.443677556566,,,,,,
2015-02-02,NO 15/9-F-4 AH,5693,15/9-F-4,3420717,VOLVE,369304,MÆRSK INSPIRER,24.0,,,injection,WI,,,,,0.0,,16011.278182194184,,,,,,
2015-02-03,NO 15/9-F-4 AH,5693,15/9-F-4,3420717,VOLVE,369304,MÆRSK INSPIRER,13.44167,,,injection,WI,,,,,0.0,,8673.410467118743,,,,,,
2015-02-04,NO 15/9-F-4 AH,5693,15/9-F-4,3420717,VOLVE,369304,MÆRSK INSPIRER,0.0,,,injection,WI,,,,,0.0,,0.0,,,,,,
2015-02-05,NO 15/9-F-4 AH,5693,15/9-F-4,3420717,VOLVE,369304,MÆRSK INSPIRER,1.225,,,injection,WI,,,,,0.0,,1468.1514111845001,,,,,,
2015-02-06,NO 15/9-F-4 AH,5693,15/9-F-4,3420717,VOLVE,369304,MÆRSK INSPIRER,24.0,,,injection,WI,,,,,0.0,,33742.60902227877,,,,,,
2015-02-07,NO 15/9-F-4 AH,5693,15/9-F-4,3420717,VOLVE,369304,MÆRSK INSPIRER,24.0,,,injection,WI,,,,,0.0,,38944.138989105944,,,,,,
2015-02-08,NO 15/9-F-4 AH,5693,15/9-F-4,3420717,VOLVE,369304,MÆRSK INSPIRER,17.44167,,,injection,WI,,,,,0.0,,26534.63000483926,,,,,,
2015-02-09,NO 15/9-F-4 AH,5693,15/9-F-4,3420717,VOLVE,369304,MÆRSK INSPIRER,21.05833,,,injection,WI,,,,,0.0,,31177.36841073349,,,,,,
2015-02-10,NO 15/9-F-4 AH,5693,15/9-F-4,3420717,VOLVE,369304,MÆRSK INSPIRER,24.0,,,injection,WI,,,,,0.0,,44279.570900909355,,,,,,
2015-02-11,NO 15/9-F-4 AH,5693,15/9-F-4,3420717,VOLVE,369304,MÆRSK INSPIRER,24.0,,,injection,WI,,,,,0.0,,42903.12282161114,,,,,,
2015-02-12,NO 15/9-F-4 AH,5693,15/9-F-4,3420717,VOLVE,369304,MÆRSK INSPIRER,24.0,,,injection,WI,,,,,0.0,,42046.133233244786,,,,,,
2015-02-13,NO 15/9-F-4 AH,5693,15/9-F-4,3420717,VOLVE,369304,MÆRSK INSPIRER,24.0,,,injection,WI,,,,,0.0,,41614.256140252495,,,,,,
2015-02-14,NO 15/9-F-4 AH,5693,15/9-F-4,3420717,VOLVE,369304,MÆRSK INSPIRER,24.0,,,injection,WI,,,,,0.0,,41846.35699693879,,,,,,
2015-02-15,NO 15/9-F-4 AH,5693,15/9-F-4,3420717,VOLVE,369304,MÆRSK INSPIRER,24.0,,,injection,WI,,,,,0.0,,41122.0321059896,,,,,,
2015-02-16,NO 15/9-F-4 AH,5693,15/9-F-4,3420717,VOLVE,369304,MÆRSK INSPIRER,24.0,,,injection,WI,,,,,0.0,,41441.361030538705,,,,,,
2015-02-17,NO 15/9-F-4 AH,5693,15/9-F-4,3420717,VOLVE,369304,MÆRSK INSPIRER,24.0,,,injection,WI,,,,,0.0,,41310.843099,,,,,,
2015-02-18,NO 15/9-F-4 AH,5693,15/9-F-4,3420717,VOLVE,369304,MÆRSK INSPIRER,24.0,,,injection,WI,,,,,0.0,,25886.448221096573,,,,,,
2015-02-19,NO 15/9-F-4 AH,5693,15/9-F-4,3420717,VOLVE,369304,MÆRSK INSPIRER,24.0,,,injection,WI,,,,,0.0,,26534.615945803533,,,,,,
2015-02-20,NO 15/9-F-4 AH,5693,15/9-F-4,3420717,VOLVE,369304,MÆRSK INSPIRER,15.5,,,injection,WI,,,,,0.0,,17122.184716608273,,,,,,
2015-02-21,NO 15/9-F-4 AH,5693,15/9-F-4,3420717,VOLVE,369304,MÆRSK INSPIRER,24.0,,,injection,WI,,,,,0.0,,27204.386515657272,,,,,,
2015-02-22,NO 15/9-F-4 AH,5693,15/9-F-4,3420717,VOLVE,369304,MÆRSK INSPIRER,24.0,,,injection,WI,,,,,0.0,,26937.902835857774,,,,,,
2015-02-23,NO 15/9-F-4 AH,5693,15/9-F-4,3420717,VOLVE,369304,MÆRSK INSPIRER,24.0,,,injection,WI,,,,,0.0,,26902.70596980985,,,,,,
2015-02-24,NO 15/9-F-4 AH,5693,15/9-F-4,3420717,VOLVE,369304,MÆRSK INSPIRER,24.0,,,injection,WI,,,,,0.0,,27135.967506101475,,,,,,
2015-02-25,NO 15/9-F-4 AH,5693,15/9-F-4,3420717,VOLVE,369304,MÆRSK INSPIRER,24.0,,,injection,WI,,,,,0.0,,26839.620340435078,,,,,,
2015-02-26,NO 15/9-F-4 AH,5693,15/9-F-4,3420717,VOLVE,369304,MÆRSK INSPIRER,20.49167,,,injection,WI,,,,,0.0,,22873.147227231744,,,,,,
2015-02-27,NO 15/9-F-4 AH,5693,15/9-F-4,3420717,VOLVE,369304,MÆRSK INSPIRER,24.0,,,injection,WI,,,,,0.0,,27624.75055304164,,,,,,
2015-02-28,NO 15/9-F-4 AH,5693,15/9-F-4,3420717,VOLVE,369304,MÆRSK INSPIRER,24.0,,,injection,WI,,,,,0.0,,29360.155491872472,,,,,,
2015-03-01,NO 15/9-F-4 AH,5693,15/9-F-4,3420717,VOLVE,369304,MÆRSK INSPIRER,24.0,,,injection,WI,,,,,0.0,,29386.562887010376,,,,,,
2015-03-02,NO 15/9-F-4 AH,5693,15/9-F-4,3420717,VOLVE,369304,MÆRSK INSPIRER,24.0,,,injection,WI,,,,,0.0,,29358.330202114244,,,,,,
2015-03-03,NO 15/9-F-4 AH,5693,15/9-F-4,3420717,VOLVE,369304,MÆRSK INSPIRER,24.0,,,injection,WI,,,,,0.0,,28882.807520000002,,,,,,
2015-03-04,NO 15/9-F-4 AH,5693,15/9-F-4,3420717,VOLVE,369304,MÆRSK INSPIRER,24.0,,,injection,WI,,,,,0.0,,29165.84897,,,,,,
2015-03-05,NO 15/9-F-4 AH,5693,15/9-F-4,3420717,VOLVE,369304,MÆRSK INSPIRER,24.0,,,injection,WI,,,,,0.0,,29165.84897,,,,,,
2015-03-06,NO 15/9-F-4 AH,5693,15/9-F-4,3420717,VOLVE,369304,MÆRSK INSPIRER,24.0,,,injection,WI,,,,,0.0,,30297.46425962126,,,,,,
2015-03-07,NO 15/9-F-4 AH,5693,15/9-F-4,3420717,VOLVE,369304,MÆRSK INSPIRER,24.0,,,injection,WI,,,,,0.0,,30323.09545551461,,,,,,
2015-03-08,NO 15/9-F-4 AH,5693,15/9-F-4,3420717,VOLVE,369304,MÆRSK INSPIRER,24.0,,,injection,WI,,,,,0.0,,30228.82686,,,,,,
2015-03-09,NO 15/9-F-4 AH,5693,15/9-F-4,3420717,VOLVE,369304,MÆRSK INSPIRER,24.0,,,injection,WI,,,,,0.0,,30270.638123003355,,,,,,
2015-03-10,NO 15/9-F-4 AH,5693,15/9-F-4,3420717,VOLVE,369304,MÆRSK INSPIRER,24.0,,,injection,WI,,,,,0.0,,30634.61668297584,,,,,,
2015-03-11,NO 15/9-F-4 AH,5693,15/9-F-4,3420717,VOLVE,369304,MÆRSK INSPIRER,24.0,,,injection,WI,,,,,0.0,,27037.720845560874,,,,,,
2015-03-12,NO 15/9-F-4 AH,5693,15/9-F-4,3420717,VOLVE,369304,MÆRSK INSPIRER,24.0,,,injection,WI,,,,,0.0,,24098.640114191225,,,,,,
2015-03-13,NO 15/9-F-4 AH,5693,15/9-F-4,3420717,VOLVE,369304,MÆRSK INSPIRER,24.0,,,injection,WI,,,,,0.0,,27111.275657951443,,,,,,
2015-03-14,NO 15/9-F-4 AH,5693,15/9-F-4,3420717,VOLVE,369304,MÆRSK INSPIRER,24.0,,,injection,WI,,,,,0.0,,27231.499986520503,,,,,,
2015-03-15,NO 15/9-F-4 AH,5693,15/9-F-4,3420717,VOLVE,369304,MÆRSK INSPIRER,24.0,,,injection,WI,,,,,0.0,,27756.499976963263,,,,,,
2015-03-16,NO 15/9-F-4 AH,5693,15/9-F-4,3420717,VOLVE,369304,MÆRSK INSPIRER,24.0,,,injection,WI,,,,,0.0,,27622.705903538907,,,,,,
2015-03-17,NO 15/9-F-4 AH,5693,15/9-F-4,3420717,VOLVE,369304,MÆRSK INSPIRER,24.0,,,injection,WI,,,,,0.0,,26885.29199791272,,,,,,
2015-03-18,NO 15/9-F-4 AH,5693,15/9-F-4,3420717,VOLVE,369304,MÆRSK INSPIRER,24.0,,,injection,WI,,,,,0.0,,27174.0005732746,,,,,,
2015-03-19,NO 15/9-F-4 AH,5693,15/9-F-4,3420717,VOLVE,369304,MÆRSK INSPIRER,24.0,,,injection,WI,,,,,0.0,,27765.065881818336,,,,,,
2015-03-20,NO 15/9-F-4 AH,5693,15/9-F-4,3420717,VOLVE,369304,MÆRSK INSPIRER,24.0,,,injection,WI,,,,,0.0,,26112.629880422966,,,,,,
2015-03-21,NO 15/9-F-4 AH,5693,15/9-F-4,3420717,VOLVE,369304,MÆRSK INSPIRER,24.0,,,injection,WI,,,,,0.0,,26281.18850815018,,,,,,
2015-03-22,NO 15/9-F-4 AH,5693,15/9-F-4,3420717,VOLVE,369304,MÆRSK INSPIRER,24.0,,,injection,WI,,,,,0.0,,26104.668624175833,,,,,,
2015-03-23,NO 15/9-F-4 AH,5693,15/9-F-4,3420717,VOLVE,369304,MÆRSK INSPIRER,24.0,,,injection,WI,,,,,0.0,,26485.604400526267,,,,,,
2015-03-24,NO 15/9-F-4 AH,5693,15/9-F-4,3420717,VOLVE,369304,MÆRSK INSPIRER,24.0,,,injection,WI,,,,,0.0,,26314.502202463347,,,,,,
2015-03-25,NO 15/9-F-4 AH,5693,15/9-F-4,3420717,VOLVE,369304,MÆRSK INSPIRER,24.0,,,injection,WI,,,,,0.0,,25953.566484840598,,,,,,
2015-03-26,NO 15/9-F-4 AH,5693,15/9-F-4,3420717,VOLVE,369304,MÆRSK INSPIRER,24.0,,,injection,WI,,,,,0.0,,27697.09983030894,,,,,,
2015-03-27,NO 15/9-F-4 AH,5693,15/9-F-4,3420717,VOLVE,369304,MÆRSK INSPIRER,24.0,,,injection,WI,,,,,0.0,,27762.406560633357,,,,,,
2015-03-28,NO 15/9-F-4 AH,5693,15/9-F-4,3420717,VOLVE,369304,MÆRSK INSPIRER,24.0,,,injection,WI,,,,,0.0,,27871.726468369514,,,,,,
2015-03-29,NO 15/9-F-4 AH,5693,15/9-F-4,3420717,VOLVE,369304,MÆRSK INSPIRER,24.0,,,injection,WI,,,,,0.0,,26272.032594504803,,,,,,
2015-03-30,NO 15/9-F-4 AH,5693,15/9-F-4,3420717,VOLVE,369304,MÆRSK INSPIRER,24.0,,,injection,WI,,,,,0.0,,27357.287359820468,,,,,,
2015-03-31,NO 15/9-F-4 AH,5693,15/9-F-4,3420717,VOLVE,369304,MÆRSK INSPIRER,24.0,,,injection,WI,,,,,0.0,,27439.22164709772,,,,,,
2015-04-01,NO 15/9-F-4 AH,5693,15/9-F-4,3420717,VOLVE,369304,MÆRSK INSPIRER,24.0,,,injection,WI,,,,,0.0,,26243.334957395957,,,,,,
2015-04-02,NO 15/9-F-4 AH,5693,15/9-F-4,3420717,VOLVE,369304,MÆRSK INSPIRER,24.0,,,injection,WI,,,,,0.0,,25567.94918849301,,,,,,
2015-04-03,NO 15/9-F-4 AH,5693,15/9-F-4,3420717,VOLVE,369304,MÆRSK INSPIRER,24.0,,,injection,WI,,,,,0.0,,25795.590475542158,,,,,,
2015-04-04,NO 15/9-F-4 AH,5693,15/9-F-4,3420717,VOLVE,369304,MÆRSK INSPIRER,24.0,,,injection,WI,,,,,0.0,,25418.92101834775,,,,,,
2015-04-05,NO 15/9-F-4 AH,5693,15/9-F-4,3420717,VOLVE,369304,MÆRSK INSPIRER,24.0,,,injection,WI,,,,,0.0,,25724.78328409633,,,,,,
2015-04-06,NO 15/9-F-4 AH,5693,15/9-F-4,3420717,VOLVE,369304,MÆRSK INSPIRER,11.66667,,,injection,WI,,,,,0.0,,12570.99060999599,,,,,,
2015-04-07,NO 15/9-F-4 AH,5693,15/9-F-4,3420717,VOLVE,369304,MÆRSK INSPIRER,24.0,,,injection,WI,,,,,0.0,,26985.615028254113,,,,,,
2015-04-08,NO 15/9-F-4 AH,5693,15/9-F-4,3420717,VOLVE,369304,MÆRSK INSPIRER,24.0,,,injection,WI,,,,,0.0,,27084.650257998936,,,,,,
2015-04-09,NO 15/9-F-4 AH,5693,15/9-F-4,3420717,VOLVE,369304,MÆRSK INSPIRER,24.0,,,injection,WI,,,,,0.0,,26852.196210135866,,,,,,
2015-04-10,NO 15/9-F-4 AH,5693,15/9-F-4,3420717,VOLVE,369304,MÆRSK INSPIRER,24.0,,,injection,WI,,,,,0.0,,21279.37356336355,,,,,,
2015-04-11,NO 15/9-F-4 AH,5693,15/9-F-4,3420717,VOLVE,369304,MÆRSK INSPIRER,24.0,,,injection,WI,,,,,0.0,,28685.36573750286,,,,,,
2015-04-12,NO 15/9-F-4 AH,5693,15/9-F-4,3420717,VOLVE,369304,MÆRSK INSPIRER,24.0,,,injection,WI,,,,,0.0,,37720.47142466412,,,,,,
2015-04-13,NO 15/9-F-4 AH,5693,15/9-F-4,3420717,VOLVE,369304,MÆRSK INSPIRER,24.0,,,injection,WI,,,,,0.0,,50461.36664110564,,,,,,
2015-04-14,NO 15/9-F-4 AH,5693,15/9-F-4,3420717,VOLVE,369304,MÆRSK INSPIRER,24.0,,,injection,WI,,,,,0.0,,46903.113170000004,,,,,,
2015-04-15,NO 15/9-F-4 AH,5693,15/9-F-4,3420717,VOLVE,369304,MÆRSK INSPIRER,24.0,,,injection,WI,,,,,0.0,,44091.568100000004,,,,,,
2015-04-16,NO 15/9-F-4 AH,5693,15/9-F-4,3420717,VOLVE,369304,MÆRSK INSPIRER,24.0,,,injection,WI,,,,,0.0,,34851.83721,,,,,,
2015-04-17,NO 15/9-F-4 AH,5693,15/9-F-4,3420717,VOLVE,369304,MÆRSK INSPIRER,24.0,,,injection,WI,,,,,0.0,,44311.71145,,,,,,
2015-04-18,NO 15/9-F-4 AH,5693,15/9-F-4,3420717,VOLVE,369304,MÆRSK INSPIRER,24.0,,,injection,WI,,,,,0.0,,43839.9757,,,,,,
2015-04-19,NO 15/9-F-4 AH,5693,15/9-F-4,3420717,VOLVE,369304,MÆRSK INSPIRER,24.0,,,injection,WI,,,,,0.0,,27857.56849,,,,,,
2015-04-20,NO 15/9-F-4 AH,5693,15/9-F-4,3420717,VOLVE,369304,MÆRSK INSPIRER,24.0,,,injection,WI,,,,,0.0,,27643.71495,,,,,,
2015-04-21,NO 15/9-F-4 AH,5693,15/9-F-4,3420717,VOLVE,369304,MÆRSK INSPIRER,24.0,,,injection,WI,,,,,0.0,,27372.06365272052,,,,,,
2015-04-22,NO 15/9-F-4 AH,5693,15/9-F-4,3420717,VOLVE,369304,MÆRSK INSPIRER,24.0,,,injection,WI,,,,,0.0,,28061.627699044384,,,,,,
2015-04-23,NO 15/9-F-4 AH,5693,15/9-F-4,3420717,VOLVE,369304,MÆRSK INSPIRER,24.0,,,injection,WI,,,,,0.0,,28075.34793153506,,,,,,
2015-04-24,NO 15/9-F-4 AH,5693,15/9-F-4,3420717,VOLVE,369304,MÆRSK INSPIRER,24.0,,,injection,WI,,,,,0.0,,27250.441402085577,,,,,,
2015-04-25,NO 15/9-F-4 AH,5693,15/9-F-4,3420717,VOLVE,369304,MÆRSK INSPIRER,24.0,,,injection,WI,,,,,0.0,,26973.349437501376,,,,,,
2015-04-26,NO 15/9-F-4 AH,5693,15/9-F-4,3420717,VOLVE,369304,MÆRSK INSPIRER,24.0,,,injection,WI,,,,,0.0,,27167.65802845926,,,,,,
2015-04-27,NO 15/9-F-4 AH,5693,15/9-F-4,3420717,VOLVE,369304,MÆRSK INSPIRER,24.0,,,injection,WI,,,,,0.0,,27407.843335183803,,,,,,
2015-04-28,NO 15/9-F-4 AH,5693,15/9-F-4,3420717,VOLVE,369304,MÆRSK INSPIRER,24.0,,,injection,WI,,,,,0.0,,27059.808654714314,,,,,,
2015-04-29,NO 15/9-F-4 AH,5693,15/9-F-4,3420717,VOLVE,369304,MÆRSK INSPIRER,24.0,,,injection,WI,,,,,0.0,,27153.48863146384,,,,,,
2015-04-30,NO 15/9-F-4 AH,5693,15/9-F-4,3420717,VOLVE,369304,MÆRSK INSPIRER,24.0,,,injection,WI,,,,,0.0,,27327.572816654363,,,,,,
2015-05-01,NO 15/9-F-4 AH,5693,15/9-F-4,3420717,VOLVE,369304,MÆRSK INSPIRER,24.0,,,injection,WI,,,,,0.0,,27359.977923015867,,,,,,
2015-05-02,NO 15/9-F-4 AH,5693,15/9-F-4,3420717,VOLVE,369304,MÆRSK INSPIRER,24.0,,,injection,WI,,,,,0.0,,27202.95437309385,,,,,,
2015-05-03,NO 15/9-F-4 AH,5693,15/9-F-4,3420717,VOLVE,369304,MÆRSK INSPIRER,24.0,,,injection,WI,,,,,0.0,,27448.853548951593,,,,,,
2015-05-04,NO 15/9-F-4 AH,5693,15/9-F-4,3420717,VOLVE,369304,MÆRSK INSPIRER,24.0,,,injection,WI,,,,,0.0,,27309.726038999997,,,,,,
2015-05-05,NO 15/9-F-4 AH,5693,15/9-F-4,3420717,VOLVE,369304,MÆRSK INSPIRER,24.0,,,injection,WI,,,,,0.0,,26923.642506555036,,,,,,
2015-05-06,NO 15/9-F-4 AH,5693,15/9-F-4,3420717,VOLVE,369304,MÆRSK INSPIRER,24.0,,,injection,WI,,,,,0.0,,26880.30634201528,,,,,,
2015-05-07,NO 15/9-F-4 AH,5693,15/9-F-4,3420717,VOLVE,369304,MÆRSK INSPIRER,24.0,,,injection,WI,,,,,0.0,,26658.643807654098,,,,,,
2015-05-08,NO 15/9-F-4 AH,5693,15/9-F-4,3420717,VOLVE,369304,MÆRSK INSPIRER,24.0,,,injection,WI,,,,,0.0,,26599.424958221138,,,,,,
2015-05-09,NO 15/9-F-4 AH,5693,15/9-F-4,3420717,VOLVE,369304,MÆRSK INSPIRER,24.0,,,injection,WI,,,,,0.0,,26981.61916175544,,,,,,
2015-05-10,NO 15/9-F-4 AH,5693,15/9-F-4,3420717,VOLVE,369304,MÆRSK INSPIRER,24.0,,,injection,WI,,,,,0.0,,26935.692535036054,,,,,,
2015-05-11,NO 15/9-F-4 AH,5693,15/9-F-4,3420717,VOLVE,369304,MÆRSK INSPIRER,24.0,,,injection,WI,,,,,0.0,,26364.538758765,,,,,,
2015-05-12,NO 15/9-F-4 AH,5693,15/9-F-4,3420717,VOLVE,369304,MÆRSK INSPIRER,24.0,,,injection,WI,,,,,0.0,,26218.812178028347,,,,,,
2015-05-13,NO 15/9-F-4 AH,5693,15/9-F-4,3420717,VOLVE,369304,MÆRSK INSPIRER,24.0,,,injection,WI,,,,,0.0,,26067.634359175045,,,,,,
2015-05-14,NO 15/9-F-4 AH,5693,15/9-F-4,3420717,VOLVE,369304,MÆRSK INSPIRER,24.0,,,injection,WI,,,,,0.0,,26246.87926008945,,,,,,
2015-05-15,NO 15/9-F-4 AH,5693,15/9-F-4,3420717,VOLVE,369304,MÆRSK INSPIRER,24.0,,,injection,WI,,,,,0.0,,26035.27350031651,,,,,,
2015-05-16,NO 15/9-F-4 AH,5693,15/9-F-4,3420717,VOLVE,369304,MÆRSK INSPIRER,24.0,,,injection,WI,,,,,0.0,,25984.14887764522,,,,,,
2015-05-17,NO 15/9-F-4 AH,5693,15/9-F-4,3420717,VOLVE,369304,MÆRSK INSPIRER,24.0,,,injection,WI,,,,,0.0,,25583.291345460097,,,,,,
2015-05-18,NO 15/9-F-4 AH,5693,15/9-F-4,3420717,VOLVE,369304,MÆRSK INSPIRER,24.0,,,injection,WI,,,,,0.0,,25253.591758596205,,,,,,
2015-05-19,NO 15/9-F-4 AH,5693,15/9-F-4,3420717,VOLVE,369304,MÆRSK INSPIRER,24.0,,,injection,WI,,,,,0.0,,24997.30954522249,,,,,,
2015-05-20,NO 15/9-F-4 AH,5693,15/9-F-4,3420717,VOLVE,369304,MÆRSK INSPIRER,24.0,,,injection,WI,,,,,0.0,,24864.493115311718,,,,,,
2015-05-21,NO 15/9-F-4 AH,5693,15/9-F-4,3420717,VOLVE,369304,MÆRSK INSPIRER,24.0,,,injection,WI,,,,,0.0,,25199.71836446909,,,,,,
2015-05-22,NO 15/9-F-4 AH,5693,15/9-F-4,3420717,VOLVE,369304,MÆRSK INSPIRER,24.0,,,injection,WI,,,,,0.0,,25706.522863639202,,,,,,
2015-05-23,NO 15/9-F-4 AH,5693,15/9-F-4,3420717,VOLVE,369304,MÆRSK INSPIRER,24.0,,,injection,WI,,,,,0.0,,25102.13053269769,,,,,,
2015-05-24,NO 15/9-F-4 AH,5693,15/9-F-4,3420717,VOLVE,369304,MÆRSK INSPIRER,24.0,,,injection,WI,,,,,0.0,,25564.230014667373,,,,,,
2015-05-25,NO 15/9-F-4 AH,5693,15/9-F-4,3420717,VOLVE,369304,MÆRSK INSPIRER,24.0,,,injection,WI,,,,,0.0,,25551.32120697801,,,,,,
2015-05-26,NO 15/9-F-4 AH,5693,15/9-F-4,3420717,VOLVE,369304,MÆRSK INSPIRER,24.0,,,injection,WI,,,,,0.0,,25788.221,,,,,,
2015-05-27,NO 15/9-F-4 AH,5693,15/9-F-4,3420717,VOLVE,369304,MÆRSK INSPIRER,24.0,,,injection,WI,,,,,0.0,,25505.17955,,,,,,
2015-05-28,NO 15/9-F-4 AH,5693,15/9-F-4,3420717,VOLVE,369304,MÆRSK INSPIRER,24.0,,,injection,WI,,,,,0.0,,25505.17955,,,,,,
2015-05-29,NO 15/9-F-4 AH,5693,15/9-F-4,3420717,VOLVE,369304,MÆRSK INSPIRER,24.0,,,injection,WI,,,,,0.0,,25637.26556,,,,,,
2015-05-30,NO 15/9-F-4 AH,5693,15/9-F-4,3420717,VOLVE,369304,MÆRSK INSPIRER,24.0,,,injection,WI,,,,,0.0,,25731.61271,,,,,,
2015-05-31,NO 15/9-F-4 AH,5693,15/9-F-4,3420717,VOLVE,369304,MÆRSK INSPIRER,24.0,,,injection,WI,,,,,0.0,,25964.33568,,,,,,
2015-06-01,NO 15/9-F-4 AH,5693,15/9-F-4,3420717,VOLVE,369304,MÆRSK INSPIRER,24.0,,,injection,WI,,,,,0.0,,26234.79751,,,,,,
2015-06-02,NO 15/9-F-4 AH,5693,15/9-F-4,3420717,VOLVE,369304,MÆRSK INSPIRER,24.0,,,injection,WI,,,,,0.0,,25700.009094471137,,,,,,
2015-06-03,NO 15/9-F-4 AH,5693,15/9-F-4,3420717,VOLVE,369304,MÆRSK INSPIRER,24.0,,,injection,WI,,,,,0.0,,24913.666135736206,,,,,,
2015-06-04,NO 15/9-F-4 AH,5693,15/9-F-4,3420717,VOLVE,369304,MÆRSK INSPIRER,24.0,,,injection,WI,,,,,0.0,,25558.279048525466,,,,,,
2015-06-05,NO 15/9-F-4 AH,5693,15/9-F-4,3420717,VOLVE,369304,MÆRSK INSPIRER,24.0,,,injection,WI,,,,,0.0,,29050.211565306447,,,,,,
2015-06-06,NO 15/9-F-4 AH,5693,15/9-F-4,3420717,VOLVE,369304,MÆRSK INSPIRER,24.0,,,injection,WI,,,,,0.0,,29373.02644800941,,,,,,
2015-06-07,NO 15/9-F-4 AH,5693,15/9-F-4,3420717,VOLVE,369304,MÆRSK INSPIRER,21.45,,,injection,WI,,,,,0.0,,22967.138712063035,,,,,,
2015-06-08,NO 15/9-F-4 AH,5693,15/9-F-4,3420717,VOLVE,369304,MÆRSK INSPIRER,24.0,,,injection,WI,,,,,0.0,,28261.454691496325,,,,,,
2015-06-09,NO 15/9-F-4 AH,5693,15/9-F-4,3420717,VOLVE,369304,MÆRSK INSPIRER,24.0,,,injection,WI,,,,,0.0,,28620.13342480338,,,,,,
2015-06-10,NO 15/9-F-4 AH,5693,15/9-F-4,3420717,VOLVE,369304,MÆRSK INSPIRER,24.0,,,injection,WI,,,,,0.0,,28441.5585707964,,,,,,
2015-06-11,NO 15/9-F-4 AH,5693,15/9-F-4,3420717,VOLVE,369304,MÆRSK INSPIRER,24.0,,,injection,WI,,,,,0.0,,28593.87767305345,,,,,,
2015-06-12,NO 15/9-F-4 AH,5693,15/9-F-4,3420717,VOLVE,369304,MÆRSK INSPIRER,24.0,,,injection,WI,,,,,0.0,,29124.700647729136,,,,,,
2015-06-13,NO 15/9-F-4 AH,5693,15/9-F-4,3420717,VOLVE,369304,MÆRSK INSPIRER,24.0,,,injection,WI,,,,,0.0,,22996.446659634326,,,,,,
2015-06-14,NO 15/9-F-4 AH,5693,15/9-F-4,3420717,VOLVE,369304,MÆRSK INSPIRER,24.0,,,injection,WI,,,,,0.0,,27967.875014712008,,,,,,
2015-06-15,NO 15/9-F-4 AH,5693,15/9-F-4,3420717,VOLVE,369304,MÆRSK INSPIRER,24.0,,,injection,WI,,,,,0.0,,28444.655105847116,,,,,,
2015-06-16,NO 15/9-F-4 AH,5693,15/9-F-4,3420717,VOLVE,369304,MÆRSK INSPIRER,24.0,,,injection,WI,,,,,0.0,,28203.50804,,,,,,
2015-06-17,NO 15/9-F-4 AH,5693,15/9-F-4,3420717,VOLVE,369304,MÆRSK INSPIRER,24.0,,,injection,WI,,,,,0.0,,28172.05899,,,,,,
2015-06-18,NO 15/9-F-4 AH,5693,15/9-F-4,3420717,VOLVE,369304,MÆRSK INSPIRER,24.0,,,injection,WI,,,,,0.0,,32172.37815,,,,,,
2015-06-19,NO 15/9-F-4 AH,5693,15/9-F-4,3420717,VOLVE,369304,MÆRSK INSPIRER,24.0,,,injection,WI,,,,,0.0,,44561.779864417185,,,,,,
2015-06-20,NO 15/9-F-4 AH,5693,15/9-F-4,3420717,VOLVE,369304,MÆRSK INSPIRER,24.0,,,injection,WI,,,,,0.0,,45456.47424166899,,,,,,
2015-06-21,NO 15/9-F-4 AH,5693,15/9-F-4,3420717,VOLVE,369304,MÆRSK INSPIRER,24.0,,,injection,WI,,,,,0.0,,44361.224272168234,,,,,,
2015-06-22,NO 15/9-F-4 AH,5693,15/9-F-4,3420717,VOLVE,369304,MÆRSK INSPIRER,24.0,,,injection,WI,,,,,0.0,,45012.18116856687,,,,,,
2015-06-23,NO 15/9-F-4 AH,5693,15/9-F-4,3420717,VOLVE,369304,MÆRSK INSPIRER,24.0,,,injection,WI,,,,,0.0,,45393.55877,,,,,,
2015-06-24,NO 15/9-F-4 AH,5693,15/9-F-4,3420717,VOLVE,369304,MÆRSK INSPIRER,24.0,,,injection,WI,,,,,0.0,,44898.17298715007,,,,,,
2015-06-25,NO 15/9-F-4 AH,5693,15/9-F-4,3420717,VOLVE,369304,MÆRSK INSPIRER,24.0,,,injection,WI,,,,,0.0,,45406.63102626448,,,,,,
2015-06-26,NO 15/9-F-4 AH,5693,15/9-F-4,3420717,VOLVE,369304,MÆRSK INSPIRER,24.0,,,injection,WI,,,,,0.0,,46142.04616,,,,,,
2015-06-27,NO 15/9-F-4 AH,5693,15/9-F-4,3420717,VOLVE,369304,MÆRSK INSPIRER,24.0,,,injection,WI,,,,,0.0,,42556.85446,,,,,,
2015-06-28,NO 15/9-F-4 AH,5693,15/9-F-4,3420717,VOLVE,369304,MÆRSK INSPIRER,24.0,,,injection,WI,,,,,0.0,,38638.30283,,,,,,
2015-06-29,NO 15/9-F-4 AH,5693,15/9-F-4,3420717,VOLVE,369304,MÆRSK INSPIRER,24.0,,,injection,WI,,,,,0.0,,38596.51349353638,,,,,,
2015-06-30,NO 15/9-F-4 AH,5693,15/9-F-4,3420717,VOLVE,369304,MÆRSK INSPIRER,24.0,,,injection,WI,,,,,0.0,,38620.46105143421,,,,,,
2015-07-01,NO 15/9-F-4 AH,5693,15/9-F-4,3420717,VOLVE,369304,MÆRSK INSPIRER,24.0,,,injection,WI,,,,,0.0,,38744.892298455736,,,,,,
2015-07-02,NO 15/9-F-4 AH,5693,15/9-F-4,3420717,VOLVE,369304,MÆRSK INSPIRER,24.0,,,injection,WI,,,,,0.0,,38961.66313226674,,,,,,
2015-07-03,NO 15/9-F-4 AH,5693,15/9-F-4,3420717,VOLVE,369304,MÆRSK INSPIRER,19.675,,,injection,WI,,,,,0.0,,28996.131014976607,,,,,,
2015-07-04,NO 15/9-F-4 AH,5693,15/9-F-4,3420717,VOLVE,369304,MÆRSK INSPIRER,24.0,,,injection,WI,,,,,0.0,,36659.685769317,,,,,,
2015-07-05,NO 15/9-F-4 AH,5693,15/9-F-4,3420717,VOLVE,369304,MÆRSK INSPIRER,24.0,,,injection,WI,,,,,0.0,,36435.56570528978,,,,,,
2015-07-06,NO 15/9-F-4 AH,5693,15/9-F-4,3420717,VOLVE,369304,MÆRSK INSPIRER,24.0,,,injection,WI,,,,,0.0,,36307.20241499581,,,,,,
2015-07-07,NO 15/9-F-4 AH,5693,15/9-F-4,3420717,VOLVE,369304,MÆRSK INSPIRER,24.0,,,injection,WI,,,,,0.0,,36373.97123,,,,,,
2015-07-08,NO 15/9-F-4 AH,5693,15/9-F-4,3420717,VOLVE,369304,MÆRSK INSPIRER,24.0,,,injection,WI,,,,,0.0,,37374.05102,,,,,,
2015-07-09,NO 15/9-F-4 AH,5693,15/9-F-4,3420717,VOLVE,369304,MÆRSK INSPIRER,24.0,,,injection,WI,,,,,0.0,,36845.70698,,,,,,
2015-07-10,NO 15/9-F-4 AH,5693,15/9-F-4,3420717,VOLVE,369304,MÆRSK INSPIRER,24.0,,,injection,WI,,,,,0.0,,37135.03824,,,,,,
2015-07-11,NO 15/9-F-4 AH,5693,15/9-F-4,3420717,VOLVE,369304,MÆRSK INSPIRER,24.0,,,injection,WI,,,,,0.0,,36813.705498608455,,,,,,
2015-07-12,NO 15/9-F-4 AH,5693,15/9-F-4,3420717,VOLVE,369304,MÆRSK INSPIRER,24.0,,,injection,WI,,,,,0.0,,36694.75154,,,,,,
2015-07-13,NO 15/9-F-4 AH,5693,15/9-F-4,3420717,VOLVE,369304,MÆRSK INSPIRER,24.0,,,injection,WI,,,,,0.0,,37122.45862,,,,,,
2015-07-14,NO 15/9-F-4 AH,5693,15/9-F-4,3420717,VOLVE,369304,MÆRSK INSPIRER,24.0,,,injection,WI,,,,,0.0,,33912.77383947437,,,,,,
2015-07-15,NO 15/9-F-4 AH,5693,15/9-F-4,3420717,VOLVE,369304,MÆRSK INSPIRER,24.0,,,injection,WI,,,,,0.0,,28187.482149236865,,,,,,
2015-07-16,NO 15/9-F-4 AH,5693,15/9-F-4,3420717,VOLVE,369304,MÆRSK INSPIRER,24.0,,,injection,WI,,,,,0.0,,28061.970996874184,,,,,,
2015-07-17,NO 15/9-F-4 AH,5693,15/9-F-4,3420717,VOLVE,369304,MÆRSK INSPIRER,24.0,,,injection,WI,,,,,0.0,,27934.42296816562,,,,,,
2015-07-18,NO 15/9-F-4 AH,5693,15/9-F-4,3420717,VOLVE,369304,MÆRSK INSPIRER,24.0,,,injection,WI,,,,,0.0,,28374.837363102015,,,,,,
2015-07-19,NO 15/9-F-4 AH,5693,15/9-F-4,3420717,VOLVE,369304,MÆRSK INSPIRER,24.0,,,injection,WI,,,,,0.0,,29390.44569941581,,,,,,
2015-07-20,NO 15/9-F-4 AH,5693,15/9-F-4,3420717,VOLVE,369304,MÆRSK INSPIRER,24.0,,,injection,WI,,,,,0.0,,29163.58353375212,,,,,,
2015-07-21,NO 15/9-F-4 AH,5693,15/9-F-4,3420717,VOLVE,369304,MÆRSK INSPIRER,24.0,,,injection,WI,,,,,0.0,,29601.209855092828,,,,,,
2015-07-22,NO 15/9-F-4 AH,5693,15/9-F-4,3420717,VOLVE,369304,MÆRSK INSPIRER,24.0,,,injection,WI,,,,,0.0,,27745.757558049176,,,,,,
2015-07-23,NO 15/9-F-4 AH,5693,15/9-F-4,3420717,VOLVE,369304,MÆRSK INSPIRER,24.0,,,injection,WI,,,,,0.0,,27627.734700981055,,,,,,
2015-07-24,NO 15/9-F-4 AH,5693,15/9-F-4,3420717,VOLVE,369304,MÆRSK INSPIRER,24.0,,,injection,WI,,,,,0.0,,27336.42040540878,,,,,,
2015-07-25,NO 15/9-F-4 AH,5693,15/9-F-4,3420717,VOLVE,369304,MÆRSK INSPIRER,24.0,,,injection,WI,,,,,0.0,,27530.02818835722,,,,,,
2015-07-26,NO 15/9-F-4 AH,5693,15/9-F-4,3420717,VOLVE,369304,MÆRSK INSPIRER,24.0,,,injection,WI,,,,,0.0,,27653.696911229432,,,,,,
2015-07-27,NO 15/9-F-4 AH,5693,15/9-F-4,3420717,VOLVE,369304,MÆRSK INSPIRER,24.0,,,injection,WI,,,,,0.0,,27781.82391170698,,,,,,
2015-07-28,NO 15/9-F-4 AH,5693,15/9-F-4,3420717,VOLVE,369304,MÆRSK INSPIRER,24.0,,,injection,WI,,,,,0.0,,28045.379342943055,,,,,,
2015-07-29,NO 15/9-F-4 AH,5693,15/9-F-4,3420717,VOLVE,369304,MÆRSK INSPIRER,24.0,,,injection,WI,,,,,0.0,,27197.66001463199,,,,,,
2015-07-30,NO 15/9-F-4 AH,5693,15/9-F-4,3420717,VOLVE,369304,MÆRSK INSPIRER,24.0,,,injection,WI,,,,,0.0,,26618.334598452315,,,,,,
2015-07-31,NO 15/9-F-4 AH,5693,15/9-F-4,3420717,VOLVE,369304,MÆRSK INSPIRER,24.0,,,injection,WI,,,,,0.0,,26547.7936769402,,,,,,
2015-08-01,NO 15/9-F-4 AH,5693,15/9-F-4,3420717,VOLVE,369304,MÆRSK INSPIRER,24.0,,,injection,WI,,,,,0.0,,26659.46290340286,,,,,,
2015-08-02,NO 15/9-F-4 AH,5693,15/9-F-4,3420717,VOLVE,369304,MÆRSK INSPIRER,24.0,,,injection,WI,,,,,0.0,,26777.61076782397,,,,,,
2015-08-03,NO 15/9-F-4 AH,5693,15/9-F-4,3420717,VOLVE,369304,MÆRSK INSPIRER,24.0,,,injection,WI,,,,,0.0,,26978.475308988236,,,,,,
2015-08-04,NO 15/9-F-4 AH,5693,15/9-F-4,3420717,VOLVE,369304,MÆRSK INSPIRER,24.0,,,injection,WI,,,,,0.0,,26883.71470094864,,,,,,
2015-08-05,NO 15/9-F-4 AH,5693,15/9-F-4,3420717,VOLVE,369304,MÆRSK INSPIRER,24.0,,,injection,WI,,,,,0.0,,26674.18511704068,,,,,,
2015-08-06,NO 15/9-F-4 AH,5693,15/9-F-4,3420717,VOLVE,369304,MÆRSK INSPIRER,24.0,,,injection,WI,,,,,0.0,,26148.651896161777,,,,,,
2015-08-07,NO 15/9-F-4 AH,5693,15/9-F-4,3420717,VOLVE,369304,MÆRSK INSPIRER,24.0,,,injection,WI,,,,,0.0,,26154.505355834535,,,,,,
2015-08-08,NO 15/9-F-4 AH,5693,15/9-F-4,3420717,VOLVE,369304,MÆRSK INSPIRER,24.0,,,injection,WI,,,,,0.0,,23064.40685899967,,,,,,
2015-08-09,NO 15/9-F-4 AH,5693,15/9-F-4,3420717,VOLVE,369304,MÆRSK INSPIRER,24.0,,,injection,WI,,,,,0.0,,41903.09461722579,,,,,,
2015-08-10,NO 15/9-F-4 AH,5693,15/9-F-4,3420717,VOLVE,369304,MÆRSK INSPIRER,20.12583,,,injection,WI,,,,,0.0,,21083.15413992106,,,,,,
2015-08-11,NO 15/9-F-4 AH,5693,15/9-F-4,3420717,VOLVE,369304,MÆRSK INSPIRER,21.84167,,,injection,WI,,,,,0.0,,24959.13879279809,,,,,,
2015-08-12,NO 15/9-F-4 AH,5693,15/9-F-4,3420717,VOLVE,369304,MÆRSK INSPIRER,24.0,,,injection,WI,,,,,0.0,,27813.812588093668,,,,,,
2015-08-13,NO 15/9-F-4 AH,5693,15/9-F-4,3420717,VOLVE,369304,MÆRSK INSPIRER,24.0,,,injection,WI,,,,,0.0,,27750.118327875,,,,,,
2015-08-14,NO 15/9-F-4 AH,5693,15/9-F-4,3420717,VOLVE,369304,MÆRSK INSPIRER,24.0,,,injection,WI,,,,,0.0,,27700.59931286467,,,,,,
2015-08-15,NO 15/9-F-4 AH,5693,15/9-F-4,3420717,VOLVE,369304,MÆRSK INSPIRER,24.0,,,injection,WI,,,,,0.0,,27973.950993448416,,,,,,
2015-08-16,NO 15/9-F-4 AH,5693,15/9-F-4,3420717,VOLVE,369304,MÆRSK INSPIRER,24.0,,,injection,WI,,,,,0.0,,28419.78864339885,,,,,,
2015-08-17,NO 15/9-F-4 AH,5693,15/9-F-4,3420717,VOLVE,369304,MÆRSK INSPIRER,24.0,,,injection,WI,,,,,0.0,,28792.127422266774,,,,,,
2015-08-18,NO 15/9-F-4 AH,5693,15/9-F-4,3420717,VOLVE,369304,MÆRSK INSPIRER,24.0,,,injection,WI,,,,,0.0,,28951.99543,,,,,,
2015-08-19,NO 15/9-F-4 AH,5693,15/9-F-4,3420717,VOLVE,369304,MÆRSK INSPIRER,24.0,,,injection,WI,,,,,0.0,,28889.09733,,,,,,
2015-08-20,NO 15/9-F-4 AH,5693,15/9-F-4,3420717,VOLVE,369304,MÆRSK INSPIRER,24.0,,,injection,WI,,,,,0.0,,28983.444480000002,,,,,,
2015-08-21,NO 15/9-F-4 AH,5693,15/9-F-4,3420717,VOLVE,369304,MÆRSK INSPIRER,24.0,,,injection,WI,,,,,0.0,,29272.77574,,,,,,
2015-08-22,NO 15/9-F-4 AH,5693,15/9-F-4,3420717,VOLVE,369304,MÆRSK INSPIRER,24.0,,,injection,WI,,,,,0.0,,29404.86175,,,,,,
2015-08-23,NO 15/9-F-4 AH,5693,15/9-F-4,3420717,VOLVE,369304,MÆRSK INSPIRER,7.34972,,,injection,WI,,,,,0.0,,8120.1447100000005,,,,,,
2015-08-24,NO 15/9-F-4 AH,5693,15/9-F-4,3420717,VOLVE,369304,MÆRSK INSPIRER,24.0,,,injection,WI,,,,,0.0,,29417.44137,,,,,,
2015-08-25,NO 15/9-F-4 AH,5693,15/9-F-4,3420717,VOLVE,369304,MÆRSK INSPIRER,24.0,,,injection,WI,,,,,0.0,,29507.03094833769,,,,,,
2015-08-26,NO 15/9-F-4 AH,5693,15/9-F-4,3420717,VOLVE,369304,MÆRSK INSPIRER,16.27514,,,injection,WI,,,,,0.0,,18330.324437098418,,,,,,
2015-08-27,NO 15/9-F-4 AH,5693,15/9-F-4,3420717,VOLVE,369304,MÆRSK INSPIRER,0.0,,,injection,WI,,,,,0.0,,0.0,,,,,,
2015-08-28,NO 15/9-F-4 AH,5693,15/9-F-4,3420717,VOLVE,369304,MÆRSK INSPIRER,0.0,,,injection,WI,,,,,0.0,,0.0,,,,,,
2015-08-29,NO 15/9-F-4 AH,5693,15/9-F-4,3420717,VOLVE,369304,MÆRSK INSPIRER,0.0,,,injection,WI,,,,,0.0,,0.0,,,,,,
2015-08-30,NO 15/9-F-4 AH,5693,15/9-F-4,3420717,VOLVE,369304,MÆRSK INSPIRER,0.0,,,injection,WI,,,,,0.0,,0.0,,,,,,
2015-08-31,NO 15/9-F-4 AH,5693,15/9-F-4,3420717,VOLVE,369304,MÆRSK INSPIRER,21.075,,,injection,WI,,,,,0.0,,25160.968291715388,,,,,,
2015-09-01,NO 15/9-F-4 AH,5693,15/9-F-4,3420717,VOLVE,369304,MÆRSK INSPIRER,24.0,,,injection,WI,,,,,0.0,,29584.470782429453,,,,,,
2015-09-02,NO 15/9-F-4 AH,5693,15/9-F-4,3420717,VOLVE,369304,MÆRSK INSPIRER,24.0,,,injection,WI,,,,,0.0,,29696.162805522228,,,,,,
2015-09-03,NO 15/9-F-4 AH,5693,15/9-F-4,3420717,VOLVE,369304,MÆRSK INSPIRER,24.0,,,injection,WI,,,,,0.0,,29080.145320144442,,,,,,
2015-09-04,NO 15/9-F-4 AH,5693,15/9-F-4,3420717,VOLVE,369304,MÆRSK INSPIRER,24.0,,,injection,WI,,,,,0.0,,27941.16328318612,,,,,,
2015-09-05,NO 15/9-F-4 AH,5693,15/9-F-4,3420717,VOLVE,369304,MÆRSK INSPIRER,24.0,,,injection,WI,,,,,0.0,,29151.141101060104,,,,,,
2015-09-06,NO 15/9-F-4 AH,5693,15/9-F-4,3420717,VOLVE,369304,MÆRSK INSPIRER,24.0,,,injection,WI,,,,,0.0,,29126.338030723997,,,,,,
2015-09-07,NO 15/9-F-4 AH,5693,15/9-F-4,3420717,VOLVE,369304,MÆRSK INSPIRER,24.0,,,injection,WI,,,,,0.0,,29613.74211282353,,,,,,
2015-09-08,NO 15/9-F-4 AH,5693,15/9-F-4,3420717,VOLVE,369304,MÆRSK INSPIRER,24.0,,,injection,WI,,,,,0.0,,30116.051044987635,,,,,,
2015-09-09,NO 15/9-F-4 AH,5693,15/9-F-4,3420717,VOLVE,369304,MÆRSK INSPIRER,24.0,,,injection,WI,,,,,0.0,,30088.175091907156,,,,,,
2015-09-10,NO 15/9-F-4 AH,5693,15/9-F-4,3420717,VOLVE,369304,MÆRSK INSPIRER,24.0,,,injection,WI,,,,,0.0,,30114.33372243881,,,,,,
2015-09-11,NO 15/9-F-4 AH,5693,15/9-F-4,3420717,VOLVE,369304,MÆRSK INSPIRER,24.0,,,injection,WI,,,,,0.0,,28140.771561909456,,,,,,
2015-09-12,NO 15/9-F-4 AH,5693,15/9-F-4,3420717,VOLVE,369304,MÆRSK INSPIRER,24.0,,,injection,WI,,,,,0.0,,28841.67134230395,,,,,,
2015-09-13,NO 15/9-F-4 AH,5693,15/9-F-4,3420717,VOLVE,369304,MÆRSK INSPIRER,24.0,,,injection,WI,,,,,0.0,,27991.003041815886,,,,,,
2015-09-14,NO 15/9-F-4 AH,5693,15/9-F-4,3420717,VOLVE,369304,MÆRSK INSPIRER,24.0,,,injection,WI,,,,,0.0,,28024.883758569424,,,,,,
2015-09-15,NO 15/9-F-4 AH,5693,15/9-F-4,3420717,VOLVE,369304,MÆRSK INSPIRER,24.0,,,injection,WI,,,,,0.0,,28010.0436909271,,,,,,
2015-09-16,NO 15/9-F-4 AH,5693,15/9-F-4,3420717,VOLVE,369304,MÆRSK INSPIRER,24.0,,,injection,WI,,,,,0.0,,28046.949921603828,,,,,,
2015-09-17,NO 15/9-F-4 AH,5693,15/9-F-4,3420717,VOLVE,369304,MÆRSK INSPIRER,24.0,,,injection,WI,,,,,0.0,,28506.022840038284,,,,,,
2015-09-18,NO 15/9-F-4 AH,5693,15/9-F-4,3420717,VOLVE,369304,MÆRSK INSPIRER,24.0,,,injection,WI,,,,,0.0,,28136.504659635626,,,,,,
2015-09-19,NO 15/9-F-4 AH,5693,15/9-F-4,3420717,VOLVE,369304,MÆRSK INSPIRER,24.0,,,injection,WI,,,,,0.0,,27918.001570218556,,,,,,
2015-09-20,NO 15/9-F-4 AH,5693,15/9-F-4,3420717,VOLVE,369304,MÆRSK INSPIRER,24.0,,,injection,WI,,,,,0.0,,27866.579049041895,,,,,,
2015-09-21,NO 15/9-F-4 AH,5693,15/9-F-4,3420717,VOLVE,369304,MÆRSK INSPIRER,24.0,,,injection,WI,,,,,0.0,,28023.86427078445,,,,,,
2015-09-22,NO 15/9-F-4 AH,5693,15/9-F-4,3420717,VOLVE,369304,MÆRSK INSPIRER,19.98376,,,injection,WI,,,,,0.0,,20136.255302796402,,,,,,
2015-09-23,NO 15/9-F-4 AH,5693,15/9-F-4,3420717,VOLVE,369304,MÆRSK INSPIRER,24.0,,,injection,WI,,,,,0.0,,27090.63645755986,,,,,,
2015-09-24,NO 15/9-F-4 AH,5693,15/9-F-4,3420717,VOLVE,369304,MÆRSK INSPIRER,24.0,,,injection,WI,,,,,0.0,,26179.7495790299,,,,,,
2015-09-25,NO 15/9-F-4 AH,5693,15/9-F-4,3420717,VOLVE,369304,MÆRSK INSPIRER,24.0,,,injection,WI,,,,,0.0,,26932.168292905328,,,,,,
2015-09-26,NO 15/9-F-4 AH,5693,15/9-F-4,3420717,VOLVE,369304,MÆRSK INSPIRER,24.0,,,injection,WI,,,,,0.0,,27518.215406267896,,,,,,
2015-09-27,NO 15/9-F-4 AH,5693,15/9-F-4,3420717,VOLVE,369304,MÆRSK INSPIRER,24.0,,,injection,WI,,,,,0.0,,27523.21070391991,,,,,,
2015-09-28,NO 15/9-F-4 AH,5693,15/9-F-4,3420717,VOLVE,369304,MÆRSK INSPIRER,24.0,,,injection,WI,,,,,0.0,,27610.46757125026,,,,,,
2015-09-29,NO 15/9-F-4 AH,5693,15/9-F-4,3420717,VOLVE,369304,MÆRSK INSPIRER,24.0,,,injection,WI,,,,,0.0,,27228.58749,,,,,,
2015-09-30,NO 15/9-F-4 AH,5693,15/9-F-4,3420717,VOLVE,369304,MÆRSK INSPIRER,24.0,,,injection,WI,,,,,0.0,,27058.76262,,,,,,
2015-10-01,NO 15/9-F-4 AH,5693,15/9-F-4,3420717,VOLVE,369304,MÆRSK INSPIRER,24.0,,,injection,WI,,,,,0.0,,27404.70217,,,,,,
2015-10-02,NO 15/9-F-4 AH,5693,15/9-F-4,3420717,VOLVE,369304,MÆRSK INSPIRER,24.0,,,injection,WI,,,,,0.0,,29115.53049,,,,,,
2015-10-03,NO 15/9-F-4 AH,5693,15/9-F-4,3420717,VOLVE,369304,MÆRSK INSPIRER,21.5,,,injection,WI,,,,,0.0,,26253.66694,,,,,,
2015-10-04,NO 15/9-F-4 AH,5693,15/9-F-4,3420717,VOLVE,369304,MÆRSK INSPIRER,24.0,,,injection,WI,,,,,0.0,,29870.30769,,,,,,
2015-10-05,NO 15/9-F-4 AH,5693,15/9-F-4,3420717,VOLVE,369304,MÆRSK INSPIRER,24.0,,,injection,WI,,,,,0.0,,29373.4127,,,,,,
2015-10-06,NO 15/9-F-4 AH,5693,15/9-F-4,3420717,VOLVE,369304,MÆRSK INSPIRER,24.0,,,injection,WI,,,,,0.0,,29290.829765583487,,,,,,
2015-10-07,NO 15/9-F-4 AH,5693,15/9-F-4,3420717,VOLVE,369304,MÆRSK INSPIRER,24.0,,,injection,WI,,,,,0.0,,29111.341907654063,,,,,,
2015-10-08,NO 15/9-F-4 AH,5693,15/9-F-4,3420717,VOLVE,369304,MÆRSK INSPIRER,24.0,,,injection,WI,,,,,0.0,,28937.835197781904,,,,,,
2015-10-09,NO 15/9-F-4 AH,5693,15/9-F-4,3420717,VOLVE,369304,MÆRSK INSPIRER,24.0,,,injection,WI,,,,,0.0,,29220.97344533705,,,,,,
2015-10-10,NO 15/9-F-4 AH,5693,15/9-F-4,3420717,VOLVE,369304,MÆRSK INSPIRER,24.0,,,injection,WI,,,,,0.0,,29498.176550863944,,,,,,
2015-10-11,NO 15/9-F-4 AH,5693,15/9-F-4,3420717,VOLVE,369304,MÆRSK INSPIRER,24.0,,,injection,WI,,,,,0.0,,29867.812296988144,,,,,,
2015-10-12,NO 15/9-F-4 AH,5693,15/9-F-4,3420717,VOLVE,369304,MÆRSK INSPIRER,24.0,,,injection,WI,,,,,0.0,,29838.208886902477,,,,,,
2015-10-13,NO 15/9-F-4 AH,5693,15/9-F-4,3420717,VOLVE,369304,MÆRSK INSPIRER,16.68279,,,injection,WI,,,,,0.0,,20291.15698531493,,,,,,
2015-10-14,NO 15/9-F-4 AH,5693,15/9-F-4,3420717,VOLVE,369304,MÆRSK INSPIRER,24.0,,,injection,WI,,,,,0.0,,26846.5824040175,,,,,,
2015-10-15,NO 15/9-F-4 AH,5693,15/9-F-4,3420717,VOLVE,369304,MÆRSK INSPIRER,24.0,,,injection,WI,,,,,0.0,,26923.59078073005,,,,,,
2015-10-16,NO 15/9-F-4 AH,5693,15/9-F-4,3420717,VOLVE,369304,MÆRSK INSPIRER,24.0,,,injection,WI,,,,,0.0,,26282.8358709769,,,,,,
2015-10-17,NO 15/9-F-4 AH,5693,15/9-F-4,3420717,VOLVE,369304,MÆRSK INSPIRER,18.41667,,,injection,WI,,,,,0.0,,20228.55234426274,,,,,,
2015-10-18,NO 15/9-F-4 AH,5693,15/9-F-4,3420717,VOLVE,369304,MÆRSK INSPIRER,24.0,,,injection,WI,,,,,0.0,,27423.174407671137,,,,,,
2015-10-19,NO 15/9-F-4 AH,5693,15/9-F-4,3420717,VOLVE,369304,MÆRSK INSPIRER,24.0,,,injection,WI,,,,,0.0,,26667.318644156112,,,,,,
2015-10-20,NO 15/9-F-4 AH,5693,15/9-F-4,3420717,VOLVE,369304,MÆRSK INSPIRER,24.0,,,injection,WI,,,,,0.0,,26891.040272306618,,,,,,
2015-10-21,NO 15/9-F-4 AH,5693,15/9-F-4,3420717,VOLVE,369304,MÆRSK INSPIRER,24.0,,,injection,WI,,,,,0.0,,27209.854774261858,,,,,,
2015-10-22,NO 15/9-F-4 AH,5693,15/9-F-4,3420717,VOLVE,369304,MÆRSK INSPIRER,24.0,,,injection,WI,,,,,0.0,,27521.06729915867,,,,,,
2015-10-23,NO 15/9-F-4 AH,5693,15/9-F-4,3420717,VOLVE,369304,MÆRSK INSPIRER,24.0,,,injection,WI,,,,,0.0,,27492.559501904263,,,,,,
2015-10-24,NO 15/9-F-4 AH,5693,15/9-F-4,3420717,VOLVE,369304,MÆRSK INSPIRER,24.0,,,injection,WI,,,,,0.0,,27451.052423285146,,,,,,
2015-10-25,NO 15/9-F-4 AH,5693,15/9-F-4,3420717,VOLVE,369304,MÆRSK INSPIRER,24.0,,,injection,WI,,,,,0.0,,27417.667700034588,,,,,,
2015-10-26,NO 15/9-F-4 AH,5693,15/9-F-4,3420717,VOLVE,369304,MÆRSK INSPIRER,24.0,,,injection,WI,,,,,0.0,,27794.54591072897,,,,,,
2015-10-27,NO 15/9-F-4 AH,5693,15/9-F-4,3420717,VOLVE,369304,MÆRSK INSPIRER,24.0,,,injection,WI,,,,,0.0,,27816.10023916424,,,,,,
2015-10-28,NO 15/9-F-4 AH,5693,15/9-F-4,3420717,VOLVE,369304,MÆRSK INSPIRER,24.0,,,injection,WI,,,,,0.0,,27945.879927840986,,,,,,
2015-10-29,NO 15/9-F-4 AH,5693,15/9-F-4,3420717,VOLVE,369304,MÆRSK INSPIRER,24.0,,,injection,WI,,,,,0.0,,28095.77685571608,,,,,,
2015-10-30,NO 15/9-F-4 AH,5693,15/9-F-4,3420717,VOLVE,369304,MÆRSK INSPIRER,24.0,,,injection,WI,,,,,0.0,,28208.970162108708,,,,,,
2015-10-31,NO 15/9-F-4 AH,5693,15/9-F-4,3420717,VOLVE,369304,MÆRSK INSPIRER,24.0,,,injection,WI,,,,,0.0,,28244.424006206445,,,,,,
2015-11-01,NO 15/9-F-4 AH,5693,15/9-F-4,3420717,VOLVE,369304,MÆRSK INSPIRER,24.0,,,injection,WI,,,,,0.0,,28577.469663229043,,,,,,
2015-11-02,NO 15/9-F-4 AH,5693,15/9-F-4,3420717,VOLVE,369304,MÆRSK INSPIRER,11.025,,,injection,WI,,,,,0.0,,12688.44804066303,,,,,,
2015-11-03,NO 15/9-F-4 AH,5693,15/9-F-4,3420717,VOLVE,369304,MÆRSK INSPIRER,21.475,,,injection,WI,,,,,0.0,,43671.329303215745,,,,,,
2015-11-04,NO 15/9-F-4 AH,5693,15/9-F-4,3420717,VOLVE,369304,MÆRSK INSPIRER,24.0,,,injection,WI,,,,,0.0,,48833.36416667397,,,,,,
2015-11-05,NO 15/9-F-4 AH,5693,15/9-F-4,3420717,VOLVE,369304,MÆRSK INSPIRER,18.0,,,injection,WI,,,,,0.0,,27893.99654966487,,,,,,
2015-11-06,NO 15/9-F-4 AH,5693,15/9-F-4,3420717,VOLVE,369304,MÆRSK INSPIRER,24.0,,,injection,WI,,,,,0.0,,28425.66066849412,,,,,,
2015-11-07,NO 15/9-F-4 AH,5693,15/9-F-4,3420717,VOLVE,369304,MÆRSK INSPIRER,24.0,,,injection,WI,,,,,0.0,,44315.991066862676,,,,,,
2015-11-08,NO 15/9-F-4 AH,5693,15/9-F-4,3420717,VOLVE,369304,MÆRSK INSPIRER,24.0,,,injection,WI,,,,,0.0,,46175.19866875928,,,,,,
2015-11-09,NO 15/9-F-4 AH,5693,15/9-F-4,3420717,VOLVE,369304,MÆRSK INSPIRER,24.0,,,injection,WI,,,,,0.0,,44998.67961442461,,,,,,
2015-11-10,NO 15/9-F-4 AH,5693,15/9-F-4,3420717,VOLVE,369304,MÆRSK INSPIRER,24.0,,,injection,WI,,,,,0.0,,46789.896590000004,,,,,,
2015-11-11,NO 15/9-F-4 AH,5693,15/9-F-4,3420717,VOLVE,369304,MÆRSK INSPIRER,24.0,,,injection,WI,,,,,0.0,,48418.95738,,,,,,
2015-11-12,NO 15/9-F-4 AH,5693,15/9-F-4,3420717,VOLVE,369304,MÆRSK INSPIRER,24.0,,,injection,WI,,,,,0.0,,43185.83546,,,,,,
2015-11-13,NO 15/9-F-4 AH,5693,15/9-F-4,3420717,VOLVE,369304,MÆRSK INSPIRER,24.0,,,injection,WI,,,,,0.0,,44978.43131,,,,,,
2015-11-14,NO 15/9-F-4 AH,5693,15/9-F-4,3420717,VOLVE,369304,MÆRSK INSPIRER,24.0,,,injection,WI,,,,,0.0,,45292.92181,,,,,,
2015-11-15,NO 15/9-F-4 AH,5693,15/9-F-4,3420717,VOLVE,369304,MÆRSK INSPIRER,24.0,,,injection,WI,,,,,0.0,,28587.18645,,,,,,
2015-11-16,NO 15/9-F-4 AH,5693,15/9-F-4,3420717,VOLVE,369304,MÆRSK INSPIRER,24.0,,,injection,WI,,,,,0.0,,27889.01754,,,,,,
2015-11-17,NO 15/9-F-4 AH,5693,15/9-F-4,3420717,VOLVE,369304,MÆRSK INSPIRER,24.0,,,injection,WI,,,,,0.0,,28325.68459455535,,,,,,
2015-11-18,NO 15/9-F-4 AH,5693,15/9-F-4,3420717,VOLVE,369304,MÆRSK INSPIRER,24.0,,,injection,WI,,,,,0.0,,28640.52430349617,,,,,,
2015-11-19,NO 15/9-F-4 AH,5693,15/9-F-4,3420717,VOLVE,369304,MÆRSK INSPIRER,24.0,,,injection,WI,,,,,0.0,,28245.574935295903,,,,,,
2015-11-20,NO 15/9-F-4 AH,5693,15/9-F-4,3420717,VOLVE,369304,MÆRSK INSPIRER,24.0,,,injection,WI,,,,,0.0,,28057.595841728744,,,,,,
2015-11-21,NO 15/9-F-4 AH,5693,15/9-F-4,3420717,VOLVE,369304,MÆRSK INSPIRER,24.0,,,injection,WI,,,,,0.0,,27801.447083709085,,,,,,
2015-11-22,NO 15/9-F-4 AH,5693,15/9-F-4,3420717,VOLVE,369304,MÆRSK INSPIRER,24.0,,,injection,WI,,,,,0.0,,28265.653553750482,,,,,,
2015-11-23,NO 15/9-F-4 AH,5693,15/9-F-4,3420717,VOLVE,369304,MÆRSK INSPIRER,24.0,,,injection,WI,,,,,0.0,,28380.56072853794,,,,,,
2015-11-24,NO 15/9-F-4 AH,5693,15/9-F-4,3420717,VOLVE,369304,MÆRSK INSPIRER,24.0,,,injection,WI,,,,,0.0,,28663.075615300397,,,,,,
2015-11-25,NO 15/9-F-4 AH,5693,15/9-F-4,3420717,VOLVE,369304,MÆRSK INSPIRER,24.0,,,injection,WI,,,,,0.0,,28654.940732779338,,,,,,
2015-11-26,NO 15/9-F-4 AH,5693,15/9-F-4,3420717,VOLVE,369304,MÆRSK INSPIRER,24.0,,,injection,WI,,,,,0.0,,28708.7480983156,,,,,,
2015-11-27,NO 15/9-F-4 AH,5693,15/9-F-4,3420717,VOLVE,369304,MÆRSK INSPIRER,24.0,,,injection,WI,,,,,0.0,,28672.796047540403,,,,,,
2015-11-28,NO 15/9-F-4 AH,5693,15/9-F-4,3420717,VOLVE,369304,MÆRSK INSPIRER,24.0,,,injection,WI,,,,,0.0,,28761.023310688684,,,,,,
2015-11-29,NO 15/9-F-4 AH,5693,15/9-F-4,3420717,VOLVE,369304,MÆRSK INSPIRER,24.0,,,injection,WI,,,,,0.0,,28848.699437097977,,,,,,
2015-11-30,NO 15/9-F-4 AH,5693,15/9-F-4,3420717,VOLVE,369304,MÆRSK INSPIRER,24.0,,,injection,WI,,,,,0.0,,28797.136261355565,,,,,,
2015-12-01,NO 15/9-F-4 AH,5693,15/9-F-4,3420717,VOLVE,369304,MÆRSK INSPIRER,24.0,,,injection,WI,,,,,0.0,,28661.438854734657,,,,,,
2015-12-02,NO 15/9-F-4 AH,5693,15/9-F-4,3420717,VOLVE,369304,MÆRSK INSPIRER,24.0,,,injection,WI,,,,,0.0,,28669.144102611022,,,,,,
2015-12-03,NO 15/9-F-4 AH,5693,15/9-F-4,3420717,VOLVE,369304,MÆRSK INSPIRER,24.0,,,injection,WI,,,,,0.0,,36437.79126414226,,,,,,
2015-12-04,NO 15/9-F-4 AH,5693,15/9-F-4,3420717,VOLVE,369304,MÆRSK INSPIRER,24.0,,,injection,WI,,,,,0.0,,45031.829341253346,,,,,,
2015-12-05,NO 15/9-F-4 AH,5693,15/9-F-4,3420717,VOLVE,369304,MÆRSK INSPIRER,24.0,,,injection,WI,,,,,0.0,,44243.23528965809,,,,,,
2015-12-06,NO 15/9-F-4 AH,5693,15/9-F-4,3420717,VOLVE,369304,MÆRSK INSPIRER,24.0,,,injection,WI,,,,,0.0,,44499.457131338815,,,,,,
2015-12-07,NO 15/9-F-4 AH,5693,15/9-F-4,3420717,VOLVE,369304,MÆRSK INSPIRER,24.0,,,injection,WI,,,,,0.0,,44315.54823934151,,,,,,
2015-12-08,NO 15/9-F-4 AH,5693,15/9-F-4,3420717,VOLVE,369304,MÆRSK INSPIRER,24.0,,,injection,WI,,,,,0.0,,45946.16919836673,,,,,,
2015-12-09,NO 15/9-F-4 AH,5693,15/9-F-4,3420717,VOLVE,369304,MÆRSK INSPIRER,19.24999,,,injection,WI,,,,,0.0,,25140.82420026984,,,,,,
2015-12-10,NO 15/9-F-4 AH,5693,15/9-F-4,3420717,VOLVE,369304,MÆRSK INSPIRER,24.0,,,injection,WI,,,,,0.0,,26852.535817943797,,,,,,
2015-12-11,NO 15/9-F-4 AH,5693,15/9-F-4,3420717,VOLVE,369304,MÆRSK INSPIRER,24.0,,,injection,WI,,,,,0.0,,27173.56235434964,,,,,,
2015-12-12,NO 15/9-F-4 AH,5693,15/9-F-4,3420717,VOLVE,369304,MÆRSK INSPIRER,24.0,,,injection,WI,,,,,0.0,,27116.843596940762,,,,,,
2015-12-13,NO 15/9-F-4 AH,5693,15/9-F-4,3420717,VOLVE,369304,MÆRSK INSPIRER,24.0,,,injection,WI,,,,,0.0,,27185.86854189479,,,,,,
2015-12-14,NO 15/9-F-4 AH,5693,15/9-F-4,3420717,VOLVE,369304,MÆRSK INSPIRER,24.0,,,injection,WI,,,,,0.0,,27327.244292015803,,,,,,
2015-12-15,NO 15/9-F-4 AH,5693,15/9-F-4,3420717,VOLVE,369304,MÆRSK INSPIRER,24.0,,,injection,WI,,,,,0.0,,27574.088624518477,,,,,,
2015-12-16,NO 15/9-F-4 AH,5693,15/9-F-4,3420717,VOLVE,369304,MÆRSK INSPIRER,24.0,,,injection,WI,,,,,0.0,,27757.132883853003,,,,,,
2015-12-17,NO 15/9-F-4 AH,5693,15/9-F-4,3420717,VOLVE,369304,MÆRSK INSPIRER,24.0,,,injection,WI,,,,,0.0,,27775.73132787217,,,,,,
2015-12-18,NO 15/9-F-4 AH,5693,15/9-F-4,3420717,VOLVE,369304,MÆRSK INSPIRER,24.0,,,injection,WI,,,,,0.0,,27897.626247012126,,,,,,
2015-12-19,NO 15/9-F-4 AH,5693,15/9-F-4,3420717,VOLVE,369304,MÆRSK INSPIRER,24.0,,,injection,WI,,,,,0.0,,28168.85942786148,,,,,,
2015-12-20,NO 15/9-F-4 AH,5693,15/9-F-4,3420717,VOLVE,369304,MÆRSK INSPIRER,24.0,,,injection,WI,,,,,0.0,,27991.19768129671,,,,,,
2015-12-21,NO 15/9-F-4 AH,5693,15/9-F-4,3420717,VOLVE,369304,MÆRSK INSPIRER,24.0,,,injection,WI,,,,,0.0,,28362.061622895082,,,,,,
2015-12-22,NO 15/9-F-4 AH,5693,15/9-F-4,3420717,VOLVE,369304,MÆRSK INSPIRER,24.0,,,injection,WI,,,,,0.0,,28863.93809,,,,,,
2015-12-23,NO 15/9-F-4 AH,5693,15/9-F-4,3420717,VOLVE,369304,MÆRSK INSPIRER,24.0,,,injection,WI,,,,,0.0,,28832.48904,,,,,,
2015-12-24,NO 15/9-F-4 AH,5693,15/9-F-4,3420717,VOLVE,369304,MÆRSK INSPIRER,24.0,,,injection,WI,,,,,0.0,,28801.03999,,,,,,
2015-12-25,NO 15/9-F-4 AH,5693,15/9-F-4,3420717,VOLVE,369304,MÆRSK INSPIRER,24.0,,,injection,WI,,,,,0.0,,28744.4317,,,,,,
2015-12-26,NO 15/9-F-4 AH,5693,15/9-F-4,3420717,VOLVE,369304,MÆRSK INSPIRER,24.0,,,injection,WI,,,,,0.0,,28863.93809,,,,,,
2015-12-27,NO 15/9-F-4 AH,5693,15/9-F-4,3420717,VOLVE,369304,MÆRSK INSPIRER,24.0,,,injection,WI,,,,,0.0,,28819.90942,,,,,,
2015-12-28,NO 15/9-F-4 AH,5693,15/9-F-4,3420717,VOLVE,369304,MÆRSK INSPIRER,24.0,,,injection,WI,,,,,0.0,,28763.30113,,,,,,
2015-12-29,NO 15/9-F-4 AH,5693,15/9-F-4,3420717,VOLVE,369304,MÆRSK INSPIRER,24.0,,,injection,WI,,,,,0.0,,28624.169509395495,,,,,,
2015-12-30,NO 15/9-F-4 AH,5693,15/9-F-4,3420717,VOLVE,369304,MÆRSK INSPIRER,24.0,,,injection,WI,,,,,0.0,,28557.13628126192,,,,,,
2015-12-31,NO 15/9-F-4 AH,5693,15/9-F-4,3420717,VOLVE,369304,MÆRSK INSPIRER,24.0,,,injection,WI,,,,,0.0,,28849.497708334125,,,,,,
2016-01-01,NO 15/9-F-4 AH,5693,15/9-F-4,3420717,VOLVE,369304,MÆRSK INSPIRER,24.0,,,injection,WI,,,,,0.0,,28770.586387607014,,,,,,
2016-01-02,NO 15/9-F-4 AH,5693,15/9-F-4,3420717,VOLVE,369304,MÆRSK INSPIRER,24.0,,,injection,WI,,,,,0.0,,28675.61799831482,,,,,,
2016-01-03,NO 15/9-F-4 AH,5693,15/9-F-4,3420717,VOLVE,369304,MÆRSK INSPIRER,17.0,,,injection,WI,,,,,0.0,,20148.813787724426,,,,,,
2016-01-04,NO 15/9-F-4 AH,5693,15/9-F-4,3420717,VOLVE,369304,MÆRSK INSPIRER,24.0,,,injection,WI,,,,,0.0,,22656.11243892334,,,,,,
2016-01-05,NO 15/9-F-4 AH,5693,15/9-F-4,3420717,VOLVE,369304,MÆRSK INSPIRER,24.0,,,injection,WI,,,,,0.0,,40500.039424287264,,,,,,
2016-01-06,NO 15/9-F-4 AH,5693,15/9-F-4,3420717,VOLVE,369304,MÆRSK INSPIRER,24.0,,,injection,WI,,,,,0.0,,45076.77034295234,,,,,,
2016-01-07,NO 15/9-F-4 AH,5693,15/9-F-4,3420717,VOLVE,369304,MÆRSK INSPIRER,24.0,,,injection,WI,,,,,0.0,,45203.35406516527,,,,,,
2016-01-08,NO 15/9-F-4 AH,5693,15/9-F-4,3420717,VOLVE,369304,MÆRSK INSPIRER,24.0,,,injection,WI,,,,,0.0,,44269.162326764796,,,,,,
2016-01-09,NO 15/9-F-4 AH,5693,15/9-F-4,3420717,VOLVE,369304,MÆRSK INSPIRER,24.0,,,injection,WI,,,,,0.0,,43260.74548664656,,,,,,
2016-01-10,NO 15/9-F-4 AH,5693,15/9-F-4,3420717,VOLVE,369304,MÆRSK INSPIRER,24.0,,,injection,WI,,,,,0.0,,42923.7419706126,,,,,,
2016-01-11,NO 15/9-F-4 AH,5693,15/9-F-4,3420717,VOLVE,369304,MÆRSK INSPIRER,24.0,,,injection,WI,,,,,0.0,,43646.19041206148,,,,,,
2016-01-12,NO 15/9-F-4 AH,5693,15/9-F-4,3420717,VOLVE,369304,MÆRSK INSPIRER,24.0,,,injection,WI,,,,,0.0,,42653.78496338396,,,,,,
2016-01-13,NO 15/9-F-4 AH,5693,15/9-F-4,3420717,VOLVE,369304,MÆRSK INSPIRER,21.0,,,injection,WI,,,,,0.0,,24267.668787282,,,,,,
2016-01-14,NO 15/9-F-4 AH,5693,15/9-F-4,3420717,VOLVE,369304,MÆRSK INSPIRER,24.0,,,injection,WI,,,,,0.0,,26546.2042419532,,,,,,
2016-01-15,NO 15/9-F-4 AH,5693,15/9-F-4,3420717,VOLVE,369304,MÆRSK INSPIRER,24.0,,,injection,WI,,,,,0.0,,26360.81022884699,,,,,,
2016-01-16,NO 15/9-F-4 AH,5693,15/9-F-4,3420717,VOLVE,369304,MÆRSK INSPIRER,24.0,,,injection,WI,,,,,0.0,,26339.63874673227,,,,,,
2016-01-17,NO 15/9-F-4 AH,5693,15/9-F-4,3420717,VOLVE,369304,MÆRSK INSPIRER,24.0,,,injection,WI,,,,,0.0,,26207.929002339108,,,,,,
2016-01-18,NO 15/9-F-4 AH,5693,15/9-F-4,3420717,VOLVE,369304,MÆRSK INSPIRER,24.0,,,injection,WI,,,,,0.0,,26273.06624980194,,,,,,
2016-01-19,NO 15/9-F-4 AH,5693,15/9-F-4,3420717,VOLVE,369304,MÆRSK INSPIRER,24.0,,,injection,WI,,,,,0.0,,26197.923428114635,,,,,,
2016-01-20,NO 15/9-F-4 AH,5693,15/9-F-4,3420717,VOLVE,369304,MÆRSK INSPIRER,20.33333,,,injection,WI,,,,,0.0,,23579.07423523664,,,,,,
2016-01-21,NO 15/9-F-4 AH,5693,15/9-F-4,3420717,VOLVE,369304,MÆRSK INSPIRER,24.0,,,injection,WI,,,,,0.0,,29320.46878516639,,,,,,
2016-01-22,NO 15/9-F-4 AH,5693,15/9-F-4,3420717,VOLVE,369304,MÆRSK INSPIRER,24.0,,,injection,WI,,,,,0.0,,29649.462473205873,,,,,,
2016-01-23,NO 15/9-F-4 AH,5693,15/9-F-4,3420717,VOLVE,369304,MÆRSK INSPIRER,24.0,,,injection,WI,,,,,0.0,,29421.70135610359,,,,,,
2016-01-24,NO 15/9-F-4 AH,5693,15/9-F-4,3420717,VOLVE,369304,MÆRSK INSPIRER,24.0,,,injection,WI,,,,,0.0,,27504.83660563005,,,,,,
2016-01-25,NO 15/9-F-4 AH,5693,15/9-F-4,3420717,VOLVE,369304,MÆRSK INSPIRER,19.25833,,,injection,WI,,,,,0.0,,22612.060638147064,,,,,,
2016-01-26,NO 15/9-F-4 AH,5693,15/9-F-4,3420717,VOLVE,369304,MÆRSK INSPIRER,19.74167,,,injection,WI,,,,,0.0,,23444.8770413375,,,,,,
2016-01-27,NO 15/9-F-4 AH,5693,15/9-F-4,3420717,VOLVE,369304,MÆRSK INSPIRER,24.0,,,injection,WI,,,,,0.0,,28270.3216725212,,,,,,
2016-01-28,NO 15/9-F-4 AH,5693,15/9-F-4,3420717,VOLVE,369304,MÆRSK INSPIRER,24.0,,,injection,WI,,,,,0.0,,27875.80160612984,,,,,,
2016-01-29,NO 15/9-F-4 AH,5693,15/9-F-4,3420717,VOLVE,369304,MÆRSK INSPIRER,24.0,,,injection,WI,,,,,0.0,,28251.479265117414,,,,,,
2016-01-30,NO 15/9-F-4 AH,5693,15/9-F-4,3420717,VOLVE,369304,MÆRSK INSPIRER,24.0,,,injection,WI,,,,,0.0,,28488.645869258857,,,,,,
2016-01-31,NO 15/9-F-4 AH,5693,15/9-F-4,3420717,VOLVE,369304,MÆRSK INSPIRER,24.0,,,injection,WI,,,,,0.0,,28471.5002390016,,,,,,
2016-02-01,NO 15/9-F-4 AH,5693,15/9-F-4,3420717,VOLVE,369304,MÆRSK INSPIRER,24.0,,,injection,WI,,,,,0.0,,28388.476637875734,,,,,,
2016-02-02,NO 15/9-F-4 AH,5693,15/9-F-4,3420717,VOLVE,369304,MÆRSK INSPIRER,24.0,,,injection,WI,,,,,0.0,,28401.240487721007,,,,,,
2016-02-03,NO 15/9-F-4 AH,5693,15/9-F-4,3420717,VOLVE,369304,MÆRSK INSPIRER,24.0,,,injection,WI,,,,,0.0,,28455.100440000002,,,,,,
2016-02-04,NO 15/9-F-4 AH,5693,15/9-F-4,3420717,VOLVE,369304,MÆRSK INSPIRER,21.41667,,,injection,WI,,,,,0.0,,23706.29389,,,,,,
2016-02-05,NO 15/9-F-4 AH,5693,15/9-F-4,3420717,VOLVE,369304,MÆRSK INSPIRER,24.0,,,injection,WI,,,,,0.0,,29379.70251,,,,,,
2016-02-06,NO 15/9-F-4 AH,5693,15/9-F-4,3420717,VOLVE,369304,MÆRSK INSPIRER,24.0,,,injection,WI,,,,,0.0,,29505.49871,,,,,,
2016-02-07,NO 15/9-F-4 AH,5693,15/9-F-4,3420717,VOLVE,369304,MÆRSK INSPIRER,24.0,,,injection,WI,,,,,0.0,,29455.18023,,,,,,
2016-02-08,NO 15/9-F-4 AH,5693,15/9-F-4,3420717,VOLVE,369304,MÆRSK INSPIRER,24.0,,,injection,WI,,,,,0.0,,29455.18023,,,,,,
2016-02-09,NO 15/9-F-4 AH,5693,15/9-F-4,3420717,VOLVE,369304,MÆRSK INSPIRER,24.0,,,injection,WI,,,,,0.0,,29279.365235859714,,,,,,
2016-02-10,NO 15/9-F-4 AH,5693,15/9-F-4,3420717,VOLVE,369304,MÆRSK INSPIRER,24.0,,,injection,WI,,,,,0.0,,25949.219927364626,,,,,,
2016-02-11,NO 15/9-F-4 AH,5693,15/9-F-4,3420717,VOLVE,369304,MÆRSK INSPIRER,24.0,,,injection,WI,,,,,0.0,,21070.543615987925,,,,,,
2016-02-12,NO 15/9-F-4 AH,5693,15/9-F-4,3420717,VOLVE,369304,MÆRSK INSPIRER,24.0,,,injection,WI,,,,,0.0,,21022.62230182324,,,,,,
2016-02-13,NO 15/9-F-4 AH,5693,15/9-F-4,3420717,VOLVE,369304,MÆRSK INSPIRER,24.0,,,injection,WI,,,,,0.0,,21014.058561711106,,,,,,
2016-02-14,NO 15/9-F-4 AH,5693,15/9-F-4,3420717,VOLVE,369304,MÆRSK INSPIRER,24.0,,,injection,WI,,,,,0.0,,21012.317086291878,,,,,,
2016-02-15,NO 15/9-F-4 AH,5693,15/9-F-4,3420717,VOLVE,369304,MÆRSK INSPIRER,24.0,,,injection,WI,,,,,0.0,,20961.229040176117,,,,,,
2016-02-16,NO 15/9-F-4 AH,5693,15/9-F-4,3420717,VOLVE,369304,MÆRSK INSPIRER,24.0,,,injection,WI,,,,,0.0,,20888.540297931988,,,,,,
2016-02-17,NO 15/9-F-4 AH,5693,15/9-F-4,3420717,VOLVE,369304,MÆRSK INSPIRER,24.0,,,injection,WI,,,,,0.0,,20846.80595668418,,,,,,
2016-02-18,NO 15/9-F-4 AH,5693,15/9-F-4,3420717,VOLVE,369304,MÆRSK INSPIRER,24.0,,,injection,WI,,,,,0.0,,20850.274156607804,,,,,,
2016-02-19,NO 15/9-F-4 AH,5693,15/9-F-4,3420717,VOLVE,369304,MÆRSK INSPIRER,24.0,,,injection,WI,,,,,0.0,,22775.11063848288,,,,,,
2016-02-20,NO 15/9-F-4 AH,5693,15/9-F-4,3420717,VOLVE,369304,MÆRSK INSPIRER,24.0,,,injection,WI,,,,,0.0,,40811.246040693804,,,,,,
2016-02-21,NO 15/9-F-4 AH,5693,15/9-F-4,3420717,VOLVE,369304,MÆRSK INSPIRER,24.0,,,injection,WI,,,,,0.0,,44842.25984039939,,,,,,
2016-02-22,NO 15/9-F-4 AH,5693,15/9-F-4,3420717,VOLVE,369304,MÆRSK INSPIRER,24.0,,,injection,WI,,,,,0.0,,46884.37848738586,,,,,,
2016-02-23,NO 15/9-F-4 AH,5693,15/9-F-4,3420717,VOLVE,369304,MÆRSK INSPIRER,24.0,,,injection,WI,,,,,0.0,,47462.189710430655,,,,,,
2016-02-24,NO 15/9-F-4 AH,5693,15/9-F-4,3420717,VOLVE,369304,MÆRSK INSPIRER,24.0,,,injection,WI,,,,,0.0,,48068.39020581229,,,,,,
2016-02-25,NO 15/9-F-4 AH,5693,15/9-F-4,3420717,VOLVE,369304,MÆRSK INSPIRER,24.0,,,injection,WI,,,,,0.0,,48809.32725416283,,,,,,
2016-02-26,NO 15/9-F-4 AH,5693,15/9-F-4,3420717,VOLVE,369304,MÆRSK INSPIRER,24.0,,,injection,WI,,,,,0.0,,46761.031663885675,,,,,,
2016-02-27,NO 15/9-F-4 AH,5693,15/9-F-4,3420717,VOLVE,369304,MÆRSK INSPIRER,24.0,,,injection,WI,,,,,0.0,,48042.02523413246,,,,,,
2016-02-28,NO 15/9-F-4 AH,5693,15/9-F-4,3420717,VOLVE,369304,MÆRSK INSPIRER,24.0,,,injection,WI,,,,,0.0,,49005.23934700571,,,,,,
2016-02-29,NO 15/9-F-4 AH,5693,15/9-F-4,3420717,VOLVE,369304,MÆRSK INSPIRER,24.0,,,injection,WI,,,,,0.0,,38280.43134401211,,,,,,
2016-03-01,NO 15/9-F-4 AH,5693,15/9-F-4,3420717,VOLVE,369304,MÆRSK INSPIRER,24.0,,,injection,WI,,,,,0.0,,27796.98856761511,,,,,,
2016-03-02,NO 15/9-F-4 AH,5693,15/9-F-4,3420717,VOLVE,369304,MÆRSK INSPIRER,24.0,,,injection,WI,,,,,0.0,,28385.05062816306,,,,,,
2016-03-03,NO 15/9-F-4 AH,5693,15/9-F-4,3420717,VOLVE,369304,MÆRSK INSPIRER,24.0,,,injection,WI,,,,,0.0,,28819.760179843604,,,,,,
2016-03-04,NO 15/9-F-4 AH,5693,15/9-F-4,3420717,VOLVE,369304,MÆRSK INSPIRER,24.0,,,injection,WI,,,,,0.0,,28932.189286114623,,,,,,
2016-03-05,NO 15/9-F-4 AH,5693,15/9-F-4,3420717,VOLVE,369304,MÆRSK INSPIRER,24.0,,,injection,WI,,,,,0.0,,28930.73766479585,,,,,,
2016-03-06,NO 15/9-F-4 AH,5693,15/9-F-4,3420717,VOLVE,369304,MÆRSK INSPIRER,24.0,,,injection,WI,,,,,0.0,,28881.548811085064,,,,,,
2016-03-07,NO 15/9-F-4 AH,5693,15/9-F-4,3420717,VOLVE,369304,MÆRSK INSPIRER,24.0,,,injection,WI,,,,,0.0,,28932.81182530088,,,,,,
2016-03-08,NO 15/9-F-4 AH,5693,15/9-F-4,3420717,VOLVE,369304,MÆRSK INSPIRER,24.0,,,injection,WI,,,,,0.0,,28915.907574364635,,,,,,
2016-03-09,NO 15/9-F-4 AH,5693,15/9-F-4,3420717,VOLVE,369304,MÆRSK INSPIRER,24.0,,,injection,WI,,,,,0.0,,28872.339199212325,,,,,,
2016-03-10,NO 15/9-F-4 AH,5693,15/9-F-4,3420717,VOLVE,369304,MÆRSK INSPIRER,24.0,,,injection,WI,,,,,0.0,,28887.762412174652,,,,,,
2016-03-11,NO 15/9-F-4 AH,5693,15/9-F-4,3420717,VOLVE,369304,MÆRSK INSPIRER,24.0,,,injection,WI,,,,,0.0,,28900.49583637443,,,,,,
2016-03-12,NO 15/9-F-4 AH,5693,15/9-F-4,3420717,VOLVE,369304,MÆRSK INSPIRER,24.0,,,injection,WI,,,,,0.0,,29061.229150304258,,,,,,
2016-03-13,NO 15/9-F-4 AH,5693,15/9-F-4,3420717,VOLVE,369304,MÆRSK INSPIRER,24.0,,,injection,WI,,,,,0.0,,28931.413039696487,,,,,,
2016-03-14,NO 15/9-F-4 AH,5693,15/9-F-4,3420717,VOLVE,369304,MÆRSK INSPIRER,24.0,,,injection,WI,,,,,0.0,,28743.19213700463,,,,,,
2016-03-15,NO 15/9-F-4 AH,5693,15/9-F-4,3420717,VOLVE,369304,MÆRSK INSPIRER,24.0,,,injection,WI,,,,,0.0,,28857.64828,,,,,,
2016-03-16,NO 15/9-F-4 AH,5693,15/9-F-4,3420717,VOLVE,369304,MÆRSK INSPIRER,24.0,,,injection,WI,,,,,0.0,,28656.37436,,,,,,
2016-03-17,NO 15/9-F-4 AH,5693,15/9-F-4,3420717,VOLVE,369304,MÆRSK INSPIRER,24.0,,,injection,WI,,,,,0.0,,28845.06866,,,,,,
2016-03-18,NO 15/9-F-4 AH,5693,15/9-F-4,3420717,VOLVE,369304,MÆRSK INSPIRER,24.0,,,injection,WI,,,,,0.0,,28914.25657,,,,,,
2016-03-19,NO 15/9-F-4 AH,5693,15/9-F-4,3420717,VOLVE,369304,MÆRSK INSPIRER,24.0,,,injection,WI,,,,,0.0,,28832.48904,,,,,,
2016-03-20,NO 15/9-F-4 AH,5693,15/9-F-4,3420717,VOLVE,369304,MÆRSK INSPIRER,24.0,,,injection,WI,,,,,0.0,,28643.79474,,,,,,
2016-03-21,NO 15/9-F-4 AH,5693,15/9-F-4,3420717,VOLVE,369304,MÆRSK INSPIRER,24.0,,,injection,WI,,,,,0.0,,28599.76607,,,,,,
2016-03-22,NO 15/9-F-4 AH,5693,15/9-F-4,3420717,VOLVE,369304,MÆRSK INSPIRER,24.0,,,injection,WI,,,,,0.0,,28518.296927276024,,,,,,
2016-03-23,NO 15/9-F-4 AH,5693,15/9-F-4,3420717,VOLVE,369304,MÆRSK INSPIRER,24.0,,,injection,WI,,,,,0.0,,28504.959631521913,,,,,,
2016-03-24,NO 15/9-F-4 AH,5693,15/9-F-4,3420717,VOLVE,369304,MÆRSK INSPIRER,24.0,,,injection,WI,,,,,0.0,,28421.53101773675,,,,,,
2016-03-25,NO 15/9-F-4 AH,5693,15/9-F-4,3420717,VOLVE,369304,MÆRSK INSPIRER,24.0,,,injection,WI,,,,,0.0,,28452.30742497234,,,,,,
2016-03-26,NO 15/9-F-4 AH,5693,15/9-F-4,3420717,VOLVE,369304,MÆRSK INSPIRER,24.0,,,injection,WI,,,,,0.0,,28526.51050842395,,,,,,
2016-03-27,NO 15/9-F-4 AH,5693,15/9-F-4,3420717,VOLVE,369304,MÆRSK INSPIRER,23.0,,,injection,WI,,,,,0.0,,27322.93464,,,,,,
2016-03-28,NO 15/9-F-4 AH,5693,15/9-F-4,3420717,VOLVE,369304,MÆRSK INSPIRER,24.0,,,injection,WI,,,,,0.0,,28573.427393657097,,,,,,
2016-03-29,NO 15/9-F-4 AH,5693,15/9-F-4,3420717,VOLVE,369304,MÆRSK INSPIRER,24.0,,,injection,WI,,,,,0.0,,28488.72955649128,,,,,,
2016-03-30,NO 15/9-F-4 AH,5693,15/9-F-4,3420717,VOLVE,369304,MÆRSK INSPIRER,24.0,,,injection,WI,,,,,0.0,,28484.575814451233,,,,,,
2016-03-31,NO 15/9-F-4 AH,5693,15/9-F-4,3420717,VOLVE,369304,MÆRSK INSPIRER,24.0,,,injection,WI,,,,,0.0,,28498.306267883163,,,,,,
2016-04-01,NO 15/9-F-4 AH,5693,15/9-F-4,3420717,VOLVE,369304,MÆRSK INSPIRER,24.0,,,injection,WI,,,,,0.0,,28943.344207803406,,,,,,
2016-04-02,NO 15/9-F-4 AH,5693,15/9-F-4,3420717,VOLVE,369304,MÆRSK INSPIRER,24.0,,,injection,WI,,,,,0.0,,40441.34257011733,,,,,,
2016-04-03,NO 15/9-F-4 AH,5693,15/9-F-4,3420717,VOLVE,369304,MÆRSK INSPIRER,24.0,,,injection,WI,,,,,0.0,,28925.063243254364,,,,,,
2016-04-04,NO 15/9-F-4 AH,5693,15/9-F-4,3420717,VOLVE,369304,MÆRSK INSPIRER,24.0,,,injection,WI,,,,,0.0,,32315.887712922,,,,,,
2016-04-05,NO 15/9-F-4 AH,5693,15/9-F-4,3420717,VOLVE,369304,MÆRSK INSPIRER,24.0,,,injection,WI,,,,,0.0,,41018.696563286445,,,,,,
2016-04-06,NO 15/9-F-4 AH,5693,15/9-F-4,3420717,VOLVE,369304,MÆRSK INSPIRER,15.0,,,injection,WI,,,,,0.0,,27951.28368837515,,,,,,
2016-04-07,NO 15/9-F-4 AH,5693,15/9-F-4,3420717,VOLVE,369304,MÆRSK INSPIRER,24.0,,,injection,WI,,,,,0.0,,49929.33850607451,,,,,,
2016-04-08,NO 15/9-F-4 AH,5693,15/9-F-4,3420717,VOLVE,369304,MÆRSK INSPIRER,24.0,,,injection,WI,,,,,0.0,,50800.45118139979,,,,,,
2016-04-09,NO 15/9-F-4 AH,5693,15/9-F-4,3420717,VOLVE,369304,MÆRSK INSPIRER,24.0,,,injection,WI,,,,,0.0,,50586.23092057963,,,,,,
2016-04-10,NO 15/9-F-4 AH,5693,15/9-F-4,3420717,VOLVE,369304,MÆRSK INSPIRER,24.0,,,injection,WI,,,,,0.0,,50689.11129331987,,,,,,
2016-04-11,NO 15/9-F-4 AH,5693,15/9-F-4,3420717,VOLVE,369304,MÆRSK INSPIRER,24.0,,,injection,WI,,,,,0.0,,50960.46722636325,,,,,,
2016-04-12,NO 15/9-F-4 AH,5693,15/9-F-4,3420717,VOLVE,369304,MÆRSK INSPIRER,24.0,,,injection,WI,,,,,0.0,,50963.28082741489,,,,,,
2016-04-13,NO 15/9-F-4 AH,5693,15/9-F-4,3420717,VOLVE,369304,MÆRSK INSPIRER,24.0,,,injection,WI,,,,,0.0,,51023.126156338,,,,,,
2016-04-14,NO 15/9-F-4 AH,5693,15/9-F-4,3420717,VOLVE,369304,MÆRSK INSPIRER,24.0,,,injection,WI,,,,,0.0,,51010.53099002429,,,,,,
2016-04-15,NO 15/9-F-4 AH,5693,15/9-F-4,3420717,VOLVE,369304,MÆRSK INSPIRER,24.0,,,injection,WI,,,,,0.0,,51107.091897620754,,,,,,
2016-04-16,NO 15/9-F-4 AH,5693,15/9-F-4,3420717,VOLVE,369304,MÆRSK INSPIRER,24.0,,,injection,WI,,,,,0.0,,50916.65239155797,,,,,,
2016-04-17,NO 15/9-F-4 AH,5693,15/9-F-4,3420717,VOLVE,369304,MÆRSK INSPIRER,24.0,,,injection,WI,,,,,0.0,,50861.13965542227,,,,,,
2016-04-18,NO 15/9-F-4 AH,5693,15/9-F-4,3420717,VOLVE,369304,MÆRSK INSPIRER,24.0,,,injection,WI,,,,,0.0,,46149.19945608283,,,,,,
2016-04-19,NO 15/9-F-4 AH,5693,15/9-F-4,3420717,VOLVE,369304,MÆRSK INSPIRER,24.0,,,injection,WI,,,,,0.0,,43896.989577914836,,,,,,
2016-04-20,NO 15/9-F-4 AH,5693,15/9-F-4,3420717,VOLVE,369304,MÆRSK INSPIRER,24.0,,,injection,WI,,,,,0.0,,40126.107301577504,,,,,,
2016-04-21,NO 15/9-F-4 AH,5693,15/9-F-4,3420717,VOLVE,369304,MÆRSK INSPIRER,24.0,,,injection,WI,,,,,0.0,,49796.85333686965,,,,,,
2016-04-22,NO 15/9-F-4 AH,5693,15/9-F-4,3420717,VOLVE,369304,MÆRSK INSPIRER,14.83333,,,injection,WI,,,,,0.0,,29675.30318791183,,,,,,
2016-04-23,NO 15/9-F-4 AH,5693,15/9-F-4,3420717,VOLVE,369304,MÆRSK INSPIRER,24.0,,,injection,WI,,,,,0.0,,50226.350346102285,,,,,,
2016-04-24,NO 15/9-F-4 AH,5693,15/9-F-4,3420717,VOLVE,369304,MÆRSK INSPIRER,24.0,,,injection,WI,,,,,0.0,,50199.97079385665,,,,,,
2016-04-25,NO 15/9-F-4 AH,5693,15/9-F-4,3420717,VOLVE,369304,MÆRSK INSPIRER,24.0,,,injection,WI,,,,,0.0,,49957.4125016851,,,,,,
2016-04-26,NO 15/9-F-4 AH,5693,15/9-F-4,3420717,VOLVE,369304,MÆRSK INSPIRER,24.0,,,injection,WI,,,,,0.0,,49945.700595044415,,,,,,
2016-04-27,NO 15/9-F-4 AH,5693,15/9-F-4,3420717,VOLVE,369304,MÆRSK INSPIRER,24.0,,,injection,WI,,,,,0.0,,50380.334663763446,,,,,,
2016-04-28,NO 15/9-F-4 AH,5693,15/9-F-4,3420717,VOLVE,369304,MÆRSK INSPIRER,24.0,,,injection,WI,,,,,0.0,,55279.48020783062,,,,,,
2016-04-29,NO 15/9-F-4 AH,5693,15/9-F-4,3420717,VOLVE,369304,MÆRSK INSPIRER,24.0,,,injection,WI,,,,,0.0,,55145.11613216842,,,,,,
2016-04-30,NO 15/9-F-4 AH,5693,15/9-F-4,3420717,VOLVE,369304,MÆRSK INSPIRER,24.0,,,injection,WI,,,,,0.0,,55028.93018921363,,,,,,
2016-05-01,NO 15/9-F-4 AH,5693,15/9-F-4,3420717,VOLVE,369304,MÆRSK INSPIRER,24.0,,,injection,WI,,,,,0.0,,55122.63862342228,,,,,,
2016-05-02,NO 15/9-F-4 AH,5693,15/9-F-4,3420717,VOLVE,369304,MÆRSK INSPIRER,24.0,,,injection,WI,,,,,0.0,,55430.49840834103,,,,,,
2016-05-03,NO 15/9-F-4 AH,5693,15/9-F-4,3420717,VOLVE,369304,MÆRSK INSPIRER,24.0,,,injection,WI,,,,,0.0,,55675.925767205394,,,,,,
2016-05-04,NO 15/9-F-4 AH,5693,15/9-F-4,3420717,VOLVE,369304,MÆRSK INSPIRER,24.0,,,injection,WI,,,,,0.0,,55684.78261901542,,,,,,
2016-05-05,NO 15/9-F-4 AH,5693,15/9-F-4,3420717,VOLVE,369304,MÆRSK INSPIRER,24.0,,,injection,WI,,,,,0.0,,55798.985341634754,,,,,,
2016-05-06,NO 15/9-F-4 AH,5693,15/9-F-4,3420717,VOLVE,369304,MÆRSK INSPIRER,24.0,,,injection,WI,,,,,0.0,,55574.241721568666,,,,,,
2016-05-07,NO 15/9-F-4 AH,5693,15/9-F-4,3420717,VOLVE,369304,MÆRSK INSPIRER,24.0,,,injection,WI,,,,,0.0,,55370.55096697333,,,,,,
2016-05-08,NO 15/9-F-4 AH,5693,15/9-F-4,3420717,VOLVE,369304,MÆRSK INSPIRER,24.0,,,injection,WI,,,,,0.0,,55294.588476902485,,,,,,
2016-05-09,NO 15/9-F-4 AH,5693,15/9-F-4,3420717,VOLVE,369304,MÆRSK INSPIRER,24.0,,,injection,WI,,,,,0.0,,55204.87729557145,,,,,,
2016-05-10,NO 15/9-F-4 AH,5693,15/9-F-4,3420717,VOLVE,369304,MÆRSK INSPIRER,24.0,,,injection,WI,,,,,0.0,,55348.405717440444,,,,,,
2016-05-11,NO 15/9-F-4 AH,5693,15/9-F-4,3420717,VOLVE,369304,MÆRSK INSPIRER,24.0,,,injection,WI,,,,,0.0,,55220.78254253728,,,,,,
2016-05-12,NO 15/9-F-4 AH,5693,15/9-F-4,3420717,VOLVE,369304,MÆRSK INSPIRER,24.0,,,injection,WI,,,,,0.0,,55071.433432216014,,,,,,
2016-05-13,NO 15/9-F-4 AH,5693,15/9-F-4,3420717,VOLVE,369304,MÆRSK INSPIRER,24.0,,,injection,WI,,,,,0.0,,55054.20805765098,,,,,,
2016-05-14,NO 15/9-F-4 AH,5693,15/9-F-4,3420717,VOLVE,369304,MÆRSK INSPIRER,24.0,,,injection,WI,,,,,0.0,,54944.082537946255,,,,,,
2016-05-15,NO 15/9-F-4 AH,5693,15/9-F-4,3420717,VOLVE,369304,MÆRSK INSPIRER,24.0,,,injection,WI,,,,,0.0,,54820.1326002897,,,,,,
2016-05-16,NO 15/9-F-4 AH,5693,15/9-F-4,3420717,VOLVE,369304,MÆRSK INSPIRER,24.0,,,injection,WI,,,,,0.0,,53950.37999023638,,,,,,
2016-05-17,NO 15/9-F-4 AH,5693,15/9-F-4,3420717,VOLVE,369304,MÆRSK INSPIRER,24.0,,,injection,WI,,,,,0.0,,53569.85022898371,,,,,,
2016-05-18,NO 15/9-F-4 AH,5693,15/9-F-4,3420717,VOLVE,369304,MÆRSK INSPIRER,24.0,,,injection,WI,,,,,0.0,,53394.063586161996,,,,,,
2016-05-19,NO 15/9-F-4 AH,5693,15/9-F-4,3420717,VOLVE,369304,MÆRSK INSPIRER,24.0,,,injection,WI,,,,,0.0,,53257.40475718542,,,,,,
2016-05-20,NO 15/9-F-4 AH,5693,15/9-F-4,3420717,VOLVE,369304,MÆRSK INSPIRER,24.0,,,injection,WI,,,,,0.0,,53233.96030284421,,,,,,
2016-05-21,NO 15/9-F-4 AH,5693,15/9-F-4,3420717,VOLVE,369304,MÆRSK INSPIRER,24.0,,,injection,WI,,,,,0.0,,47694.44106523534,,,,,,
2016-05-22,NO 15/9-F-4 AH,5693,15/9-F-4,3420717,VOLVE,369304,MÆRSK INSPIRER,24.0,,,injection,WI,,,,,0.0,,54848.57975067193,,,,,,
2016-05-23,NO 15/9-F-4 AH,5693,15/9-F-4,3420717,VOLVE,369304,MÆRSK INSPIRER,24.0,,,injection,WI,,,,,0.0,,55042.699418013835,,,,,,
2016-05-24,NO 15/9-F-4 AH,5693,15/9-F-4,3420717,VOLVE,369304,MÆRSK INSPIRER,24.0,,,injection,WI,,,,,0.0,,55108.144976238334,,,,,,
2016-05-25,NO 15/9-F-4 AH,5693,15/9-F-4,3420717,VOLVE,369304,MÆRSK INSPIRER,24.0,,,injection,WI,,,,,0.0,,54906.37601543192,,,,,,
2016-05-26,NO 15/9-F-4 AH,5693,15/9-F-4,3420717,VOLVE,369304,MÆRSK INSPIRER,24.0,,,injection,WI,,,,,0.0,,54715.95100213967,,,,,,
2016-05-27,NO 15/9-F-4 AH,5693,15/9-F-4,3420717,VOLVE,369304,MÆRSK INSPIRER,24.0,,,injection,WI,,,,,0.0,,54748.30788007262,,,,,,
2016-05-28,NO 15/9-F-4 AH,5693,15/9-F-4,3420717,VOLVE,369304,MÆRSK INSPIRER,24.0,,,injection,WI,,,,,0.0,,54764.2435500632,,,,,,
2016-05-29,NO 15/9-F-4 AH,5693,15/9-F-4,3420717,VOLVE,369304,MÆRSK INSPIRER,24.0,,,injection,WI,,,,,0.0,,54853.64463196783,,,,,,
2016-05-30,NO 15/9-F-4 AH,5693,15/9-F-4,3420717,VOLVE,369304,MÆRSK INSPIRER,24.0,,,injection,WI,,,,,0.0,,55252.83527408694,,,,,,
2016-05-31,NO 15/9-F-4 AH,5693,15/9-F-4,3420717,VOLVE,369304,MÆRSK INSPIRER,24.0,,,injection,WI,,,,,0.0,,54757.83847143269,,,,,,
2016-06-01,NO 15/9-F-4 AH,5693,15/9-F-4,3420717,VOLVE,369304,MÆRSK INSPIRER,24.0,,,injection,WI,,,,,0.0,,54482.98455097382,,,,,,
2016-06-02,NO 15/9-F-4 AH,5693,15/9-F-4,3420717,VOLVE,369304,MÆRSK INSPIRER,24.0,,,injection,WI,,,,,0.0,,54512.30717476845,,,,,,
2016-06-03,NO 15/9-F-4 AH,5693,15/9-F-4,3420717,VOLVE,369304,MÆRSK INSPIRER,24.0,,,injection,WI,,,,,0.0,,54434.782982531186,,,,,,
2016-06-04,NO 15/9-F-4 AH,5693,15/9-F-4,3420717,VOLVE,369304,MÆRSK INSPIRER,24.0,,,injection,WI,,,,,0.0,,54830.36803431024,,,,,,
2016-06-05,NO 15/9-F-4 AH,5693,15/9-F-4,3420717,VOLVE,369304,MÆRSK INSPIRER,24.0,,,injection,WI,,,,,0.0,,54778.5111781663,,,,,,
2016-06-06,NO 15/9-F-4 AH,5693,15/9-F-4,3420717,VOLVE,369304,MÆRSK INSPIRER,24.0,,,injection,WI,,,,,0.0,,54767.97140513702,,,,,,
2016-06-07,NO 15/9-F-4 AH,5693,15/9-F-4,3420717,VOLVE,369304,MÆRSK INSPIRER,24.0,,,injection,WI,,,,,0.0,,54601.84061,,,,,,
2016-06-08,NO 15/9-F-4 AH,5693,15/9-F-4,3420717,VOLVE,369304,MÆRSK INSPIRER,21.08333,,,injection,WI,,,,,0.0,,46393.63856,,,,,,
2016-06-09,NO 15/9-F-4 AH,5693,15/9-F-4,3420717,VOLVE,369304,MÆRSK INSPIRER,24.0,,,injection,WI,,,,,0.0,,54652.15909,,,,,,
2016-06-10,NO 15/9-F-4 AH,5693,15/9-F-4,3420717,VOLVE,369304,MÆRSK INSPIRER,24.0,,,injection,WI,,,,,0.0,,54677.31833,,,,,,
2016-06-11,NO 15/9-F-4 AH,5693,15/9-F-4,3420717,VOLVE,369304,MÆRSK INSPIRER,24.0,,,injection,WI,,,,,0.0,,54155.2641,,,,,,
2016-06-12,NO 15/9-F-4 AH,5693,15/9-F-4,3420717,VOLVE,369304,MÆRSK INSPIRER,15.5,,,injection,WI,,,,,0.0,,35424.20992,,,,,,
2016-06-13,NO 15/9-F-4 AH,5693,15/9-F-4,3420717,VOLVE,369304,MÆRSK INSPIRER,24.0,,,injection,WI,,,,,0.0,,54765.37567,,,,,,
2016-06-14,NO 15/9-F-4 AH,5693,15/9-F-4,3420717,VOLVE,369304,MÆRSK INSPIRER,24.0,,,injection,WI,,,,,0.0,,54791.16526951669,,,,,,
2016-06-15,NO 15/9-F-4 AH,5693,15/9-F-4,3420717,VOLVE,369304,MÆRSK INSPIRER,24.0,,,injection,WI,,,,,0.0,,54896.45844613237,,,,,,
2016-06-16,NO 15/9-F-4 AH,5693,15/9-F-4,3420717,VOLVE,369304,MÆRSK INSPIRER,24.0,,,injection,WI,,,,,0.0,,54997.469659,,,,,,
2016-06-17,NO 15/9-F-4 AH,5693,15/9-F-4,3420717,VOLVE,369304,MÆRSK INSPIRER,24.0,,,injection,WI,,,,,0.0,,54989.47712012076,,,,,,
2016-06-18,NO 15/9-F-4 AH,5693,15/9-F-4,3420717,VOLVE,369304,MÆRSK INSPIRER,24.0,,,injection,WI,,,,,0.0,,55041.51211023579,,,,,,
2016-06-19,NO 15/9-F-4 AH,5693,15/9-F-4,3420717,VOLVE,369304,MÆRSK INSPIRER,24.0,,,injection,WI,,,,,0.0,,55087.67833285298,,,,,,
2016-06-20,NO 15/9-F-4 AH,5693,15/9-F-4,3420717,VOLVE,369304,MÆRSK INSPIRER,24.0,,,injection,WI,,,,,0.0,,55103.15581901334,,,,,,
2016-06-21,NO 15/9-F-4 AH,5693,15/9-F-4,3420717,VOLVE,369304,MÆRSK INSPIRER,24.0,,,injection,WI,,,,,0.0,,55334.34377005548,,,,,,
2016-06-22,NO 15/9-F-4 AH,5693,15/9-F-4,3420717,VOLVE,369304,MÆRSK INSPIRER,24.0,,,injection,WI,,,,,0.0,,55598.927424050176,,,,,,
2016-06-23,NO 15/9-F-4 AH,5693,15/9-F-4,3420717,VOLVE,369304,MÆRSK INSPIRER,24.0,,,injection,WI,,,,,0.0,,55313.98039486729,,,,,,
2016-06-24,NO 15/9-F-4 AH,5693,15/9-F-4,3420717,VOLVE,369304,MÆRSK INSPIRER,24.0,,,injection,WI,,,,,0.0,,55095.682640228806,,,,,,
2016-06-25,NO 15/9-F-4 AH,5693,15/9-F-4,3420717,VOLVE,369304,MÆRSK INSPIRER,24.0,,,injection,WI,,,,,0.0,,54888.69071947665,,,,,,
2016-06-26,NO 15/9-F-4 AH,5693,15/9-F-4,3420717,VOLVE,369304,MÆRSK INSPIRER,24.0,,,injection,WI,,,,,0.0,,54948.19544994676,,,,,,
2016-06-27,NO 15/9-F-4 AH,5693,15/9-F-4,3420717,VOLVE,369304,MÆRSK INSPIRER,24.0,,,injection,WI,,,,,0.0,,54968.9118118929,,,,,,
2016-06-28,NO 15/9-F-4 AH,5693,15/9-F-4,3420717,VOLVE,369304,MÆRSK INSPIRER,24.0,,,injection,WI,,,,,0.0,,54870.37872388791,,,,,,
2016-06-29,NO 15/9-F-4 AH,5693,15/9-F-4,3420717,VOLVE,369304,MÆRSK INSPIRER,24.0,,,injection,WI,,,,,0.0,,54942.722382258275,,,,,,
2016-06-30,NO 15/9-F-4 AH,5693,15/9-F-4,3420717,VOLVE,369304,MÆRSK INSPIRER,24.0,,,injection,WI,,,,,0.0,,54904.76575200117,,,,,,
2016-07-01,NO 15/9-F-4 AH,5693,15/9-F-4,3420717,VOLVE,369304,MÆRSK INSPIRER,24.0,,,injection,WI,,,,,0.0,,54901.831997233254,,,,,,
2016-07-02,NO 15/9-F-4 AH,5693,15/9-F-4,3420717,VOLVE,369304,MÆRSK INSPIRER,24.0,,,injection,WI,,,,,0.0,,54880.942673374375,,,,,,
2016-07-03,NO 15/9-F-4 AH,5693,15/9-F-4,3420717,VOLVE,369304,MÆRSK INSPIRER,24.0,,,injection,WI,,,,,0.0,,54833.291143574745,,,,,,
2016-07-04,NO 15/9-F-4 AH,5693,15/9-F-4,3420717,VOLVE,369304,MÆRSK INSPIRER,24.0,,,injection,WI,,,,,0.0,,54822.260942266366,,,,,,
2016-07-05,NO 15/9-F-4 AH,5693,15/9-F-4,3420717,VOLVE,369304,MÆRSK INSPIRER,24.0,,,injection,WI,,,,,0.0,,54849.030142999996,,,,,,
2016-07-06,NO 15/9-F-4 AH,5693,15/9-F-4,3420717,VOLVE,369304,MÆRSK INSPIRER,24.0,,,injection,WI,,,,,0.0,,54874.818364,,,,,,
2016-07-07,NO 15/9-F-4 AH,5693,15/9-F-4,3420717,VOLVE,369304,MÆRSK INSPIRER,24.0,,,injection,WI,,,,,0.0,,54815.065169,,,,,,
2016-07-08,NO 15/9-F-4 AH,5693,15/9-F-4,3420717,VOLVE,369304,MÆRSK INSPIRER,24.0,,,injection,WI,,,,,0.0,,54640.27250354221,,,,,,
2016-07-09,NO 15/9-F-4 AH,5693,15/9-F-4,3420717,VOLVE,369304,MÆRSK INSPIRER,20.16666,,,injection,WI,,,,,0.0,,45354.709510873734,,,,,,
2016-07-10,NO 15/9-F-4 AH,5693,15/9-F-4,3420717,VOLVE,369304,MÆRSK INSPIRER,24.0,,,injection,WI,,,,,0.0,,54538.21492967636,,,,,,
2016-07-11,NO 15/9-F-4 AH,5693,15/9-F-4,3420717,VOLVE,369304,MÆRSK INSPIRER,22.0,,,injection,WI,,,,,0.0,,48976.16322872724,,,,,,
2016-07-12,NO 15/9-F-4 AH,5693,15/9-F-4,3420717,VOLVE,369304,MÆRSK INSPIRER,24.0,,,injection,WI,,,,,0.0,,51501.71729998433,,,,,,
2016-07-13,NO 15/9-F-4 AH,5693,15/9-F-4,3420717,VOLVE,369304,MÆRSK INSPIRER,24.0,,,injection,WI,,,,,0.0,,45977.025553018546,,,,,,
2016-07-14,NO 15/9-F-4 AH,5693,15/9-F-4,3420717,VOLVE,369304,MÆRSK INSPIRER,18.05833,,,injection,WI,,,,,0.0,,23947.623597515372,,,,,,
2016-07-15,NO 15/9-F-4 AH,5693,15/9-F-4,3420717,VOLVE,369304,MÆRSK INSPIRER,0.0,,,injection,WI,,,,,0.0,,0.0,,,,,,
2016-07-16,NO 15/9-F-4 AH,5693,15/9-F-4,3420717,VOLVE,369304,MÆRSK INSPIRER,12.775,,,injection,WI,,,,,0.0,,29253.009472199643,,,,,,
2016-07-17,NO 15/9-F-4 AH,5693,15/9-F-4,3420717,VOLVE,369304,MÆRSK INSPIRER,14.05833,,,injection,WI,,,,,0.0,,31077.499363153373,,,,,,
2016-07-18,NO 15/9-F-4 AH,5693,15/9-F-4,3420717,VOLVE,369304,MÆRSK INSPIRER,6.60833,,,injection,WI,,,,,0.0,,15040.753379915492,,,,,,
2016-07-19,NO 15/9-F-4 AH,5693,15/9-F-4,3420717,VOLVE,369304,MÆRSK INSPIRER,24.0,,,injection,WI,,,,,0.0,,53847.06341,,,,,,
2016-07-20,NO 15/9-F-4 AH,5693,15/9-F-4,3420717,VOLVE,369304,MÆRSK INSPIRER,24.0,,,injection,WI,,,,,0.0,,53803.03474,,,,,,
2016-07-21,NO 15/9-F-4 AH,5693,15/9-F-4,3420717,VOLVE,369304,MÆRSK INSPIRER,24.0,,,injection,WI,,,,,0.0,,45123.09694,,,,,,
2016-07-22,NO 15/9-F-4 AH,5693,15/9-F-4,3420717,VOLVE,369304,MÆRSK INSPIRER,0.0,,,injection,WI,,,,,0.0,,0.0,,,,,,
2016-07-23,NO 15/9-F-4 AH,5693,15/9-F-4,3420717,VOLVE,369304,MÆRSK INSPIRER,24.0,,,injection,WI,,,,,0.0,,8145.30395,,,,,,
2016-07-24,NO 15/9-F-4 AH,5693,15/9-F-4,3420717,VOLVE,369304,MÆRSK INSPIRER,24.0,,,injection,WI,,,,,0.0,,53608.05063,,,,,,
2016-07-25,NO 15/9-F-4 AH,5693,15/9-F-4,3420717,VOLVE,369304,MÆRSK INSPIRER,24.0,,,injection,WI,,,,,0.0,,52475.88483,,,,,,
2016-07-26,NO 15/9-F-4 AH,5693,15/9-F-4,3420717,VOLVE,369304,MÆRSK INSPIRER,20.15,,,injection,WI,,,,,0.0,,43320.43802953289,,,,,,
2016-07-27,NO 15/9-F-4 AH,5693,15/9-F-4,3420717,VOLVE,369304,MÆRSK INSPIRER,14.33333,,,injection,WI,,,,,0.0,,17426.85986589386,,,,,,
2016-07-28,NO 15/9-F-4 AH,5693,15/9-F-4,3420717,VOLVE,369304,MÆRSK INSPIRER,24.0,,,injection,WI,,,,,0.0,,48392.25112060881,,,,,,
2016-07-29,NO 15/9-F-4 AH,5693,15/9-F-4,3420717,VOLVE,369304,MÆRSK INSPIRER,12.0,,,injection,WI,,,,,0.0,,24976.79665338835,,,,,,
2016-07-30,NO 15/9-F-4 AH,5693,15/9-F-4,3420717,VOLVE,369304,MÆRSK INSPIRER,12.5,,,injection,WI,,,,,0.0,,28861.697819544006,,,,,,
2016-07-31,NO 15/9-F-4 AH,5693,15/9-F-4,3420717,VOLVE,369304,MÆRSK INSPIRER,24.0,,,injection,WI,,,,,0.0,,30964.87715316347,,,,,,
2016-08-01,NO 15/9-F-4 AH,5693,15/9-F-4,3420717,VOLVE,369304,MÆRSK INSPIRER,24.0,,,injection,WI,,,,,0.0,,22793.532817128686,,,,,,
2016-08-02,NO 15/9-F-4 AH,5693,15/9-F-4,3420717,VOLVE,369304,MÆRSK INSPIRER,21.725,,,injection,WI,,,,,0.0,,48456.979130756634,,,,,,
2016-08-03,NO 15/9-F-4 AH,5693,15/9-F-4,3420717,VOLVE,369304,MÆRSK INSPIRER,0.0,,,injection,WI,,,,,0.0,,0.27965543561666667,,,,,,
2016-08-04,NO 15/9-F-4 AH,5693,15/9-F-4,3420717,VOLVE,369304,MÆRSK INSPIRER,13.85833,,,injection,WI,,,,,0.0,,18284.42745110866,,,,,,
2016-08-05,NO 15/9-F-4 AH,5693,15/9-F-4,3420717,VOLVE,369304,MÆRSK INSPIRER,24.0,,,injection,WI,,,,,0.0,,33023.25039364618,,,,,,
2016-08-06,NO 15/9-F-4 AH,5693,15/9-F-4,3420717,VOLVE,369304,MÆRSK INSPIRER,24.0,,,injection,WI,,,,,0.0,,33416.46342965728,,,,,,
2016-08-07,NO 15/9-F-4 AH,5693,15/9-F-4,3420717,VOLVE,369304,MÆRSK INSPIRER,24.0,,,injection,WI,,,,,0.0,,33651.32049943085,,,,,,
2016-08-08,NO 15/9-F-4 AH,5693,15/9-F-4,3420717,VOLVE,369304,MÆRSK INSPIRER,24.0,,,injection,WI,,,,,0.0,,34006.3222845034,,,,,,
2016-08-09,NO 15/9-F-4 AH,5693,15/9-F-4,3420717,VOLVE,369304,MÆRSK INSPIRER,21.0,,,injection,WI,,,,,0.0,,27761.882204070822,,,,,,
2016-08-10,NO 15/9-F-4 AH,5693,15/9-F-4,3420717,VOLVE,369304,MÆRSK INSPIRER,24.0,,,injection,WI,,,,,0.0,,32898.7403104082,,,,,,
2016-08-11,NO 15/9-F-4 AH,5693,15/9-F-4,3420717,VOLVE,369304,MÆRSK INSPIRER,24.0,,,injection,WI,,,,,0.0,,33241.67886495061,,,,,,
2016-08-12,NO 15/9-F-4 AH,5693,15/9-F-4,3420717,VOLVE,369304,MÆRSK INSPIRER,24.0,,,injection,WI,,,,,0.0,,33514.49044741192,,,,,,
2016-08-13,NO 15/9-F-4 AH,5693,15/9-F-4,3420717,VOLVE,369304,MÆRSK INSPIRER,24.0,,,injection,WI,,,,,0.0,,34793.18585605354,,,,,,
2016-08-14,NO 15/9-F-4 AH,5693,15/9-F-4,3420717,VOLVE,369304,MÆRSK INSPIRER,24.0,,,injection,WI,,,,,0.0,,34932.334941363806,,,,,,
2016-08-15,NO 15/9-F-4 AH,5693,15/9-F-4,3420717,VOLVE,369304,MÆRSK INSPIRER,24.0,,,injection,WI,,,,,0.0,,31077.452190888747,,,,,,
2016-08-16,NO 15/9-F-4 AH,5693,15/9-F-4,3420717,VOLVE,369304,MÆRSK INSPIRER,24.0,,,injection,WI,,,,,0.0,,28463.433363740794,,,,,,
2016-08-17,NO 15/9-F-4 AH,5693,15/9-F-4,3420717,VOLVE,369304,MÆRSK INSPIRER,24.0,,,injection,WI,,,,,0.0,,28361.030707311562,,,,,,
2016-08-18,NO 15/9-F-4 AH,5693,15/9-F-4,3420717,VOLVE,369304,MÆRSK INSPIRER,24.0,,,injection,WI,,,,,0.0,,28254.589090012516,,,,,,
2016-08-19,NO 15/9-F-4 AH,5693,15/9-F-4,3420717,VOLVE,369304,MÆRSK INSPIRER,24.0,,,injection,WI,,,,,0.0,,28217.722402585034,,,,,,
2016-08-20,NO 15/9-F-4 AH,5693,15/9-F-4,3420717,VOLVE,369304,MÆRSK INSPIRER,24.0,,,injection,WI,,,,,0.0,,28299.718965533168,,,,,,
2016-08-21,NO 15/9-F-4 AH,5693,15/9-F-4,3420717,VOLVE,369304,MÆRSK INSPIRER,24.0,,,injection,WI,,,,,0.0,,28354.20492425618,,,,,,
2016-08-22,NO 15/9-F-4 AH,5693,15/9-F-4,3420717,VOLVE,369304,MÆRSK INSPIRER,24.0,,,injection,WI,,,,,0.0,,28192.893646237335,,,,,,
2016-08-23,NO 15/9-F-4 AH,5693,15/9-F-4,3420717,VOLVE,369304,MÆRSK INSPIRER,24.0,,,injection,WI,,,,,0.0,,28174.038954048392,,,,,,
2016-08-24,NO 15/9-F-4 AH,5693,15/9-F-4,3420717,VOLVE,369304,MÆRSK INSPIRER,24.0,,,injection,WI,,,,,0.0,,28258.911362270006,,,,,,
2016-08-25,NO 15/9-F-4 AH,5693,15/9-F-4,3420717,VOLVE,369304,MÆRSK INSPIRER,24.0,,,injection,WI,,,,,0.0,,28342.110462198645,,,,,,
2016-08-26,NO 15/9-F-4 AH,5693,15/9-F-4,3420717,VOLVE,369304,MÆRSK INSPIRER,24.0,,,injection,WI,,,,,0.0,,28382.42585900101,,,,,,
2016-08-27,NO 15/9-F-4 AH,5693,15/9-F-4,3420717,VOLVE,369304,MÆRSK INSPIRER,24.0,,,injection,WI,,,,,0.0,,28087.60536519045,,,,,,
2016-08-28,NO 15/9-F-4 AH,5693,15/9-F-4,3420717,VOLVE,369304,MÆRSK INSPIRER,24.0,,,injection,WI,,,,,0.0,,28282.717888213487,,,,,,
2016-08-29,NO 15/9-F-4 AH,5693,15/9-F-4,3420717,VOLVE,369304,MÆRSK INSPIRER,24.0,,,injection,WI,,,,,0.0,,13139.145370789236,,,,,,
2016-08-30,NO 15/9-F-4 AH,5693,15/9-F-4,3420717,VOLVE,369304,MÆRSK INSPIRER,0.0,,,injection,WI,,,,,0.0,,0.0,,,,,,
2016-08-31,NO 15/9-F-4 AH,5693,15/9-F-4,3420717,VOLVE,369304,MÆRSK INSPIRER,0.0,,,injection,WI,,,,,0.0,,0.25723095258958334,,,,,,
2016-09-01,NO 15/9-F-4 AH,5693,15/9-F-4,3420717,VOLVE,369304,MÆRSK INSPIRER,24.0,,,injection,WI,,,,,0.0,,12189.65178,,,,,,
2016-09-02,NO 15/9-F-4 AH,5693,15/9-F-4,3420717,VOLVE,369304,MÆRSK INSPIRER,24.0,,,injection,WI,,,,,0.0,,28392.20234,,,,,,
2016-09-03,NO 15/9-F-4 AH,5693,15/9-F-4,3420717,VOLVE,369304,MÆRSK INSPIRER,24.0,,,injection,WI,,,,,0.0,,29014.89353,,,,,,
2016-09-04,NO 15/9-F-4 AH,5693,15/9-F-4,3420717,VOLVE,369304,MÆRSK INSPIRER,24.0,,,injection,WI,,,,,0.0,,30851.518050000002,,,,,,
2016-09-05,NO 15/9-F-4 AH,5693,15/9-F-4,3420717,VOLVE,369304,MÆRSK INSPIRER,24.0,,,injection,WI,,,,,0.0,,27995.94431,,,,,,
2016-09-06,NO 15/9-F-4 AH,5693,15/9-F-4,3420717,VOLVE,369304,MÆRSK INSPIRER,24.0,,,injection,WI,,,,,0.0,,27818.287701423782,,,,,,
2016-09-07,NO 15/9-F-4 AH,5693,15/9-F-4,3420717,VOLVE,369304,MÆRSK INSPIRER,24.0,,,injection,WI,,,,,0.0,,27874.497210917893,,,,,,
2016-09-08,NO 15/9-F-4 AH,5693,15/9-F-4,3420717,VOLVE,369304,MÆRSK INSPIRER,24.0,,,injection,WI,,,,,0.0,,28020.354799224206,,,,,,
2016-09-09,NO 15/9-F-4 AH,5693,15/9-F-4,3420717,VOLVE,369304,MÆRSK INSPIRER,24.0,,,injection,WI,,,,,0.0,,28002.27640193735,,,,,,
2016-09-10,NO 15/9-F-4 AH,5693,15/9-F-4,3420717,VOLVE,369304,MÆRSK INSPIRER,24.0,,,injection,WI,,,,,0.0,,27896.341047514074,,,,,,
2016-09-11,NO 15/9-F-4 AH,5693,15/9-F-4,3420717,VOLVE,369304,MÆRSK INSPIRER,24.0,,,injection,WI,,,,,0.0,,27910.66971036096,,,,,,
2016-09-12,NO 15/9-F-4 AH,5693,15/9-F-4,3420717,VOLVE,369304,MÆRSK INSPIRER,10.94167,,,injection,WI,,,,,0.0,,12402.126752203627,,,,,,
2016-09-13,NO 15/9-F-4 AH,5693,15/9-F-4,3420717,VOLVE,369304,MÆRSK INSPIRER,0.0,,,injection,WI,,,,,0.0,,0.21392823149374998,,,,,,
2016-09-14,NO 15/9-F-4 AH,5693,15/9-F-4,3420717,VOLVE,369304,MÆRSK INSPIRER,9.55833,,,injection,WI,,,,,0.0,,11388.86110279791,,,,,,
2016-09-15,NO 15/9-F-4 AH,5693,15/9-F-4,3420717,VOLVE,369304,MÆRSK INSPIRER,24.0,,,injection,WI,,,,,0.0,,28111.52580483454,,,,,,
2016-09-16,NO 15/9-F-4 AH,5693,15/9-F-4,3420717,VOLVE,369304,MÆRSK INSPIRER,24.0,,,injection,WI,,,,,0.0,,28145.72271164716,,,,,,
2016-09-17,NO 15/9-F-4 AH,5693,15/9-F-4,3420717,VOLVE,369304,MÆRSK INSPIRER,7.60833,,,injection,WI,,,,,0.0,,8925.313478902577,,,,,,
2016-09-18,NO 15/9-F-4 AH,5693,15/9-F-4,3420717,VOLVE,369304,MÆRSK INSPIRER,0.0,,,injection,WI,,,,,0.0,,0.0,,,,,,
2016-09-19,NO 15/9-F-4 AH,5693,15/9-F-4,3420717,VOLVE,369304,MÆRSK INSPIRER,0.0,,,injection,WI,,,,,0.0,,1.4811847361458335,,,,,,
2016-09-20,NO 15/9-F-4 AH,5693,15/9-F-4,3420717,VOLVE,369304,MÆRSK INSPIRER,,,,injection,WI,,,,,,,,,,,,,
2016-09-21,NO 15/9-F-4 AH,5693,15/9-F-4,3420717,VOLVE,369304,MÆRSK INSPIRER,,,,injection,WI,,,,,,,,,,,,,
2016-09-22,NO 15/9-F-4 AH,5693,15/9-F-4,3420717,VOLVE,369304,MÆRSK INSPIRER,,,,injection,WI,,,,,,,,,,,,,
2016-09-23,NO 15/9-F-4 AH,5693,15/9-F-4,3420717,VOLVE,369304,MÆRSK INSPIRER,,,,injection,WI,,,,,,,,,,,,,
2016-09-24,NO 15/9-F-4 AH,5693,15/9-F-4,3420717,VOLVE,369304,MÆRSK INSPIRER,,,,injection,WI,,,,,,,,,,,,,
2016-09-25,NO 15/9-F-4 AH,5693,15/9-F-4,3420717,VOLVE,369304,MÆRSK INSPIRER,,,,injection,WI,,,,,,,,,,,,,
2016-09-26,NO 15/9-F-4 AH,5693,15/9-F-4,3420717,VOLVE,369304,MÆRSK INSPIRER,,,,injection,WI,,,,,,,,,,,,,
2016-09-27,NO 15/9-F-4 AH,5693,15/9-F-4,3420717,VOLVE,369304,MÆRSK INSPIRER,,,,injection,WI,,,,,,,,,,,,,
2016-09-28,NO 15/9-F-4 AH,5693,15/9-F-4,3420717,VOLVE,369304,MÆRSK INSPIRER,,,,injection,WI,,,,,,,,,,,,,
2016-09-29,NO 15/9-F-4 AH,5693,15/9-F-4,3420717,VOLVE,369304,MÆRSK INSPIRER,,,,injection,WI,,,,,,,,,,,,,
2016-09-30,NO 15/9-F-4 AH,5693,15/9-F-4,3420717,VOLVE,369304,MÆRSK INSPIRER,,,,injection,WI,,,,,,,,,,,,,
2016-10-01,NO 15/9-F-4 AH,5693,15/9-F-4,3420717,VOLVE,369304,MÆRSK INSPIRER,,,,injection,WI,,,,,,,,,,,,,
2016-10-02,NO 15/9-F-4 AH,5693,15/9-F-4,3420717,VOLVE,369304,MÆRSK INSPIRER,,,,injection,WI,,,,,,,,,,,,,
2016-10-03,NO 15/9-F-4 AH,5693,15/9-F-4,3420717,VOLVE,369304,MÆRSK INSPIRER,,,,injection,WI,,,,,,,,,,,,,
2016-10-04,NO 15/9-F-4 AH,5693,15/9-F-4,3420717,VOLVE,369304,MÆRSK INSPIRER,,,,injection,WI,,,,,,,,,,,,,
2016-10-05,NO 15/9-F-4 AH,5693,15/9-F-4,3420717,VOLVE,369304,MÆRSK INSPIRER,,,,injection,WI,,,,,,,,,,,,,
2016-10-06,NO 15/9-F-4 AH,5693,15/9-F-4,3420717,VOLVE,369304,MÆRSK INSPIRER,,,,injection,WI,,,,,,,,,,,,,
2016-10-07,NO 15/9-F-4 AH,5693,15/9-F-4,3420717,VOLVE,369304,MÆRSK INSPIRER,,,,injection,WI,,,,,,,,,,,,,
2016-11-01,NO 15/9-F-4 AH,5693,15/9-F-4,3420717,VOLVE,369304,MÆRSK INSPIRER,,,,injection,WI,,,,,,,,,,,,,
2016-12-01,NO 15/9-F-4 AH,5693,15/9-F-4,3420717,VOLVE,369304,MÆRSK INSPIRER,,,,injection,WI,,,,,,,,,,,,,
