DATEPRD,WELL_BORE_CODE,NPD_WELL_BORE_CODE,NPD_WELL_BORE_NAME,NPD_FIELD_CODE,NPD_FIELD_NAME,NPD_FACILITY_CODE,NPD_FACILITY_NAME,ON_STREAM_HRS,AVG_CHOKE_SIZE_P,AVG_CHOKE_UOM,FLOW_KIND,WELL_TYPE,AVG_DOWNHOLE_PRESSURE_PSI,AVG_DOWNHOLE_TEMPERATURE_F,AVG_DP_TUBING_PSI,AVG_ANNULUS_PRESS_PSI,DP_CHOKE_SIZE_PSI,AVG_WHP_P_PSI,BORE_WI_VOL_STB_D,AVG_WHT_P,BORE_OIL_VOL_STB_D,BORE_GAS_VOL_MSCF_D,BORE_WAT_VOL_STB_D,GOR_MSCF_STB,WCUT
2007-09-01,NO 15/9-F-5 AH,5769,15/9-F-5,3420717,VOLVE,369304,MÆRSK INSPIRER,,,,injection,WI,,,,,,,,,,,,,
2007-09-02,NO 15/9-F-5 AH,5769,15/9-F-5,3420717,VOLVE,369304,MÆRSK INSPIRER,,,,injection,WI,,,,,,,,,,,,,
2007-09-03,NO 15/9-F-5 AH,5769,15/9-F-5,3420717,VOLVE,369304,MÆRSK INSPIRER,,,,injection,WI,,,,,,,,,,,,,
2007-09-04,NO 15/9-F-5 AH,5769,15/9-F-5,3420717,VOLVE,369304,MÆRSK INSPIRER,,,,injection,WI,,,,,,,,,,,,,
2007-09-05,NO 15/9-F-5 AH,5769,15/9-F-5,3420717,VOLVE,369304,MÆRSK INSPIRER,,,,injection,WI,,,,,,,,,,,,,
2007-09-06,NO 15/9-F-5 AH,5769,15/9-F-5,3420717,VOLVE,369304,MÆRSK INSPIRER,,,,injection,WI,,,,,,,,,,,,,
2007-09-07,NO 15/9-F-5 AH,5769,15/9-F-5,3420717,VOLVE,369304,MÆRSK INSPIRER,,,,injection,WI,,,,,,,,,,,,,
2007-09-08,NO 15/9-F-5 AH,5769,15/9-F-5,3420717,VOLVE,369304,MÆRSK INSPIRER,,,,injection,WI,,,,,,,,,,,,,
2007-09-09,NO 15/9-F-5 AH,5769,15/9-F-5,3420717,VOLVE,369304,MÆRSK INSPIRER,,,,injection,WI,,,,,,,,,,,,,
2007-09-10,NO 15/9-F-5 AH,5769,15/9-F-5,3420717,VOLVE,369304,MÆRSK INSPIRER,,,,injection,WI,,,,,,,,,,,,,
2007-09-11,NO 15/9-F-5 AH,5769,15/9-F-5,3420717,VOLVE,369304,MÆRSK INSPIRER,,,,injection,WI,,,,,,,,,,,,,
2007-09-12,NO 15/9-F-5 AH,5769,15/9-F-5,3420717,VOLVE,369304,MÆRSK INSPIRER,,,,injection,WI,,,,,,,,,,,,,
2007-09-13,NO 15/9-F-5 AH,5769,15/9-F-5,3420717,VOLVE,369304,MÆRSK INSPIRER,,,,injection,WI,,,,,,,,,,,,,
2007-09-14,NO 15/9-F-5 AH,5769,15/9-F-5,3420717,VOLVE,369304,MÆRSK INSPIRER,,,,injection,WI,,,,,,,,,,,,,
2007-09-15,NO 15/9-F-5 AH,5769,15/9-F-5,3420717,VOLVE,369304,MÆRSK INSPIRER,,,,injection,WI,,,,,,,,,,,,,
2007-09-16,NO 15/9-F-5 AH,5769,15/9-F-5,3420717,VOLVE,369304,MÆRSK INSPIRER,,,,injection,WI,,,,,,,,,,,,,
2007-09-17,NO 15/9-F-5 AH,5769,15/9-F-5,3420717,VOLVE,369304,MÆRSK INSPIRER,,,,injection,WI,,,,,,,,,,,,,
2007-09-18,NO 15/9-F-5 AH,5769,15/9-F-5,3420717,VOLVE,369304,MÆRSK INSPIRER,,,,injection,WI,,,,,,,,,,,,,
2007-09-19,NO 15/9-F-5 AH,5769,15/9-F-5,3420717,VOLVE,369304,MÆRSK INSPIRER,,,,injection,WI,,,,,,,,,,,,,
2007-09-20,NO 15/9-F-5 AH,5769,15/9-F-5,3420717,VOLVE,369304,MÆRSK INSPIRER,,,,injection,WI,,,,,,,,,,,,,
2007-09-21,NO 15/9-F-5 AH,5769,15/9-F-5,3420717,VOLVE,369304,MÆRSK INSPIRER,,,,injection,WI,,,,,,,,,,,,,
2007-09-22,NO 15/9-F-5 AH,5769,15/9-F-5,3420717,VOLVE,369304,MÆRSK INSPIRER,,,,injection,WI,,,,,,,,,,,,,
2007-09-23,NO 15/9-F-5 AH,5769,15/9-F-5,3420717,VOLVE,369304,MÆRSK INSPIRER,,,,injection,WI,,,,,,,,,,,,,
2007-09-24,NO 15/9-F-5 AH,5769,15/9-F-5,3420717,VOLVE,369304,MÆRSK INSPIRER,,,,injection,WI,,,,,,,,,,,,,
2007-09-25,NO 15/9-F-5 AH,5769,15/9-F-5,3420717,VOLVE,369304,MÆRSK INSPIRER,,,,injection,WI,,,,,,,,,,,,,
2007-09-26,NO 15/9-F-5 AH,5769,15/9-F-5,3420717,VOLVE,369304,MÆRSK INSPIRER,,,,injection,WI,,,,,,,,,,,,,
2007-09-27,NO 15/9-F-5 AH,5769,15/9-F-5,3420717,VOLVE,369304,MÆRSK INSPIRER,,,,injection,WI,,,,,,,,,,,,,
2007-09-28,NO 15/9-F-5 AH,5769,15/9-F-5,3420717,VOLVE,369304,MÆRSK INSPIRER,,,,injection,WI,,,,,,,,,,,,,
2007-09-29,NO 15/9-F-5 AH,5769,15/9-F-5,3420717,VOLVE,369304,MÆRSK INSPIRER,,,,injection,WI,,,,,,,,,,,,,
2007-09-30,NO 15/9-F-5 AH,5769,15/9-F-5,3420717,VOLVE,369304,MÆRSK INSPIRER,,,,injection,WI,,,,,,,,,,,,,
2007-10-01,NO 15/9-F-5 AH,5769,15/9-F-5,3420717,VOLVE,369304,MÆRSK INSPIRER,,,,injection,WI,,,,,,,,,,,,,
2007-10-02,NO 15/9-F-5 AH,5769,15/9-F-5,3420717,VOLVE,369304,MÆRSK INSPIRER,,,,injection,WI,,,,,,,,,,,,,
2007-10-03,NO 15/9-F-5 AH,5769,15/9-F-5,3420717,VOLVE,369304,MÆRSK INSPIRER,,,,injection,WI,,,,,,,,,,,,,
2007-10-04,NO 15/9-F-5 AH,5769,15/9-F-5,3420717,VOLVE,369304,MÆRSK INSPIRER,,,,injection,WI,,,,,,,,,,,,,
2007-10-05,NO 15/9-F-5 AH,5769,15/9-F-5,3420717,VOLVE,369304,MÆRSK INSPIRER,,,,injection,WI,,,,,,,,,,,,,
2007-10-06,NO 15/9-F-5 AH,5769,15/9-F-5,3420717,VOLVE,369304,MÆRSK INSPIRER,,,,injection,WI,,,,,,,,,,,,,
2007-10-07,NO 15/9-F-5 AH,5769,15/9-F-5,3420717,VOLVE,369304,MÆRSK INSPIRER,,,,injection,WI,,,,,,,,,,,,,
2007-10-08,NO 15/9-F-5 AH,5769,15/9-F-5,3420717,VOLVE,369304,MÆRSK INSPIRER,,,,injection,WI,,,,,,,,,,,,,
2007-10-09,NO 15/9-F-5 AH,5769,15/9-F-5,3420717,VOLVE,369304,MÆRSK INSPIRER,,,,injection,WI,,,,,,,,,,,,,
2007-10-10,NO 15/9-F-5 AH,5769,15/9-F-5,3420717,VOLVE,369304,MÆRSK INSPIRER,,,,injection,WI,,,,,,,,,,,,,
2007-10-11,NO 15/9-F-5 AH,5769,15/9-F-5,3420717,VOLVE,369304,MÆRSK INSPIRER,,,,injection,WI,,,,,,,,,,,,,
2007-10-12,NO 15/9-F-5 AH,5769,15/9-F-5,3420717,VOLVE,369304,MÆRSK INSPIRER,,,,injection,WI,,,,,,,,,,,,,
2007-10-13,NO 15/9-F-5 AH,5769,15/9-F-5,3420717,VOLVE,369304,MÆRSK INSPIRER,,,,injection,WI,,,,,,,,,,,,,
2007-10-14,NO 15/9-F-5 AH,5769,15/9-F-5,3420717,VOLVE,369304,MÆRSK INSPIRER,,,,injection,WI,,,,,,,,,,,,,
2007-10-15,NO 15/9-F-5 AH,5769,15/9-F-5,3420717,VOLVE,369304,MÆRSK INSPIRER,,,,injection,WI,,,,,,,,,,,,,
2007-10-16,NO 15/9-F-5 AH,5769,15/9-F-5,3420717,VOLVE,369304,MÆRSK INSPIRER,,,,injection,WI,,,,,,,,,,,,,
2007-10-17,NO 15/9-F-5 AH,5769,15/9-F-5,3420717,VOLVE,369304,MÆRSK INSPIRER,,,,injection,WI,,,,,,,,,,,,,
2007-10-18,NO 15/9-F-5 AH,5769,15/9-F-5,3420717,VOLVE,369304,MÆRSK INSPIRER,,,,injection,WI,,,,,,,,,,,,,
2007-10-19,NO 15/9-F-5 AH,5769,15/9-F-5,3420717,VOLVE,369304,MÆRSK INSPIRER,,,,injection,WI,,,,,,,,,,,,,
2007-10-20,NO 15/9-F-5 AH,5769,15/9-F-5,3420717,VOLVE,369304,MÆRSK INSPIRER,,,,injection,WI,,,,,,,,,,,,,
2007-10-21,NO 15/9-F-5 AH,5769,15/9-F-5,3420717,VOLVE,369304,MÆRSK INSPIRER,,,,injection,WI,,,,,,,,,,,,,
2007-10-22,NO 15/9-F-5 AH,5769,15/9-F-5,3420717,VOLVE,369304,MÆRSK INSPIRER,,,,injection,WI,,,,,,,,,,,,,
2007-10-23,NO 15/9-F-5 AH,5769,15/9-F-5,3420717,VOLVE,369304,MÆRSK INSPIRER,,,,injection,WI,,,,,,,,,,,,,
2007-10-24,NO 15/9-F-5 AH,5769,15/9-F-5,3420717,VOLVE,369304,MÆRSK INSPIRER,,,,injection,WI,,,,,,,,,,,,,
2007-10-25,NO 15/9-F-5 AH,5769,15/9-F-5,3420717,VOLVE,369304,MÆRSK INSPIRER,,,,injection,WI,,,,,,,,,,,,,
2007-10-26,NO 15/9-F-5 AH,5769,15/9-F-5,3420717,VOLVE,369304,MÆRSK INSPIRER,,,,injection,WI,,,,,,,,,,,,,
2007-10-27,NO 15/9-F-5 AH,5769,15/9-F-5,3420717,VOLVE,369304,MÆRSK INSPIRER,,,,injection,WI,,,,,,,,,,,,,
2007-10-28,NO 15/9-F-5 AH,5769,15/9-F-5,3420717,VOLVE,369304,MÆRSK INSPIRER,,,,injection,WI,,,,,,,,,,,,,
2007-10-29,NO 15/9-F-5 AH,5769,15/9-F-5,3420717,VOLVE,369304,MÆRSK INSPIRER,,,,injection,WI,,,,,,,,,,,,,
2007-10-30,NO 15/9-F-5 AH,5769,15/9-F-5,3420717,VOLVE,369304,MÆRSK INSPIRER,,,,injection,WI,,,,,,,,,,,,,
2007-10-31,NO 15/9-F-5 AH,5769,15/9-F-5,3420717,VOLVE,369304,MÆRSK INSPIRER,,,,injection,WI,,,,,,,,,,,,,
2007-11-01,NO 15/9-F-5 AH,5769,15/9-F-5,3420717,VOLVE,369304,MÆRSK INSPIRER,,,,injection,WI,,,,,,,,,,,,,
2007-11-02,NO 15/9-F-5 AH,5769,15/9-F-5,3420717,VOLVE,369304,MÆRSK INSPIRER,,,,injection,WI,,,,,,,,,,,,,
2007-11-03,NO 15/9-F-5 AH,5769,15/9-F-5,3420717,VOLVE,369304,MÆRSK INSPIRER,,,,injection,WI,,,,,,,,,,,,,
2007-11-04,NO 15/9-F-5 AH,5769,15/9-F-5,3420717,VOLVE,369304,MÆRSK INSPIRER,,,,injection,WI,,,,,,,,,,,,,
2007-11-05,NO 15/9-F-5 AH,5769,15/9-F-5,3420717,VOLVE,369304,MÆRSK INSPIRER,,,,injection,WI,,,,,,,,,,,,,
2007-11-06,NO 15/9-F-5 AH,5769,15/9-F-5,3420717,VOLVE,369304,MÆRSK INSPIRER,,,,injection,WI,,,,,,,,,,,,,
2007-11-07,NO 15/9-F-5 AH,5769,15/9-F-5,3420717,VOLVE,369304,MÆRSK INSPIRER,,,,injection,WI,,,,,,,,,,,,,
2007-11-08,NO 15/9-F-5 AH,5769,15/9-F-5,3420717,VOLVE,369304,MÆRSK INSPIRER,,,,injection,WI,,,,,,,,,,,,,
2007-11-09,NO 15/9-F-5 AH,5769,15/9-F-5,3420717,VOLVE,369304,MÆRSK INSPIRER,,,,injection,WI,,,,,,,,,,,,,
2007-11-10,NO 15/9-F-5 AH,5769,15/9-F-5,3420717,VOLVE,369304,MÆRSK INSPIRER,,,,injection,WI,,,,,,,,,,,,,
2007-11-11,NO 15/9-F-5 AH,5769,15/9-F-5,3420717,VOLVE,369304,MÆRSK INSPIRER,,,,injection,WI,,,,,,,,,,,,,
2007-11-12,NO 15/9-F-5 AH,5769,15/9-F-5,3420717,VOLVE,369304,MÆRSK INSPIRER,,,,injection,WI,,,,,,,,,,,,,
2007-11-13,NO 15/9-F-5 AH,5769,15/9-F-5,3420717,VOLVE,369304,MÆRSK INSPIRER,,,,injection,WI,,,,,,,,,,,,,
2007-11-14,NO 15/9-F-5 AH,5769,15/9-F-5,3420717,VOLVE,369304,MÆRSK INSPIRER,,,,injection,WI,,,,,,,,,,,,,
2007-11-15,NO 15/9-F-5 AH,5769,15/9-F-5,3420717,VOLVE,369304,MÆRSK INSPIRER,,,,injection,WI,,,,,,,,,,,,,
2007-11-16,NO 15/9-F-5 AH,5769,15/9-F-5,3420717,VOLVE,369304,MÆRSK INSPIRER,,,,injection,WI,,,,,,,,,,,,,
2007-11-17,NO 15/9-F-5 AH,5769,15/9-F-5,3420717,VOLVE,369304,MÆRSK INSPIRER,,,,injection,WI,,,,,,,,,,,,,
2007-11-18,NO 15/9-F-5 AH,5769,15/9-F-5,3420717,VOLVE,369304,MÆRSK INSPIRER,,,,injection,WI,,,,,,,,,,,,,
2007-11-19,NO 15/9-F-5 AH,5769,15/9-F-5,3420717,VOLVE,369304,MÆRSK INSPIRER,,,,injection,WI,,,,,,,,,,,,,
2007-11-20,NO 15/9-F-5 AH,5769,15/9-F-5,3420717,VOLVE,369304,MÆRSK INSPIRER,,,,injection,WI,,,,,,,,,,,,,
2007-11-21,NO 15/9-F-5 AH,5769,15/9-F-5,3420717,VOLVE,369304,MÆRSK INSPIRER,,,,injection,WI,,,,,,,,,,,,,
2007-11-22,NO 15/9-F-5 AH,5769,15/9-F-5,3420717,VOLVE,369304,MÆRSK INSPIRER,,,,injection,WI,,,,,,,,,,,,,
2007-11-23,NO 15/9-F-5 AH,5769,15/9-F-5,3420717,VOLVE,369304,MÆRSK INSPIRER,,,,injection,WI,,,,,,,,,,,,,
2007-11-24,NO 15/9-F-5 AH,5769,15/9-F-5,3420717,VOLVE,369304,MÆRSK INSPIRER,,,,injection,WI,,,,,,,,,,,,,
2007-11-25,NO 15/9-F-5 AH,5769,15/9-F-5,3420717,VOLVE,369304,MÆRSK INSPIRER,,,,injection,WI,,,,,,,,,,,,,
2007-11-26,NO 15/9-F-5 AH,5769,15/9-F-5,3420717,VOLVE,369304,MÆRSK INSPIRER,,,,injection,WI,,,,,,,,,,,,,
2007-11-27,NO 15/9-F-5 AH,5769,15/9-F-5,3420717,VOLVE,369304,MÆRSK INSPIRER,,,,injection,WI,,,,,,,,,,,,,
2007-11-28,NO 15/9-F-5 AH,5769,15/9-F-5,3420717,VOLVE,369304,MÆRSK INSPIRER,,,,injection,WI,,,,,,,,,,,,,
2007-11-29,NO 15/9-F-5 AH,5769,15/9-F-5,3420717,VOLVE,369304,MÆRSK INSPIRER,,,,injection,WI,,,,,,,,,,,,,
2007-11-30,NO 15/9-F-5 AH,5769,15/9-F-5,3420717,VOLVE,369304,MÆRSK INSPIRER,,,,injection,WI,,,,,,,,,,,,,
2007-12-01,NO 15/9-F-5 AH,5769,15/9-F-5,3420717,VOLVE,369304,MÆRSK INSPIRER,,,,injection,WI,,,,,,,,,,,,,
2007-12-02,NO 15/9-F-5 AH,5769,15/9-F-5,3420717,VOLVE,369304,MÆRSK INSPIRER,,,,injection,WI,,,,,,,,,,,,,
2007-12-03,NO 15/9-F-5 AH,5769,15/9-F-5,3420717,VOLVE,369304,MÆRSK INSPIRER,,,,injection,WI,,,,,,,,,,,,,
2007-12-04,NO 15/9-F-5 AH,5769,15/9-F-5,3420717,VOLVE,369304,MÆRSK INSPIRER,,,,injection,WI,,,,,,,,,,,,,
2007-12-05,NO 15/9-F-5 AH,5769,15/9-F-5,3420717,VOLVE,369304,MÆRSK INSPIRER,,,,injection,WI,,,,,,,,,,,,,
2007-12-06,NO 15/9-F-5 AH,5769,15/9-F-5,3420717,VOLVE,369304,MÆRSK INSPIRER,,,,injection,WI,,,,,,,,,,,,,
2007-12-07,NO 15/9-F-5 AH,5769,15/9-F-5,3420717,VOLVE,369304,MÆRSK INSPIRER,,,,injection,WI,,,,,,,,,,,,,
2007-12-08,NO 15/9-F-5 AH,5769,15/9-F-5,3420717,VOLVE,369304,MÆRSK INSPIRER,,,,injection,WI,,,,,,,,,,,,,
2007-12-09,NO 15/9-F-5 AH,5769,15/9-F-5,3420717,VOLVE,369304,MÆRSK INSPIRER,,,,injection,WI,,,,,,,,,,,,,
2007-12-10,NO 15/9-F-5 AH,5769,15/9-F-5,3420717,VOLVE,369304,MÆRSK INSPIRER,,,,injection,WI,,,,,,,,,,,,,
2007-12-11,NO 15/9-F-5 AH,5769,15/9-F-5,3420717,VOLVE,369304,MÆRSK INSPIRER,,,,injection,WI,,,,,,,,,,,,,
2007-12-12,NO 15/9-F-5 AH,5769,15/9-F-5,3420717,VOLVE,369304,MÆRSK INSPIRER,,,,injection,WI,,,,,,,,,,,,,
2007-12-13,NO 15/9-F-5 AH,5769,15/9-F-5,3420717,VOLVE,369304,MÆRSK INSPIRER,,,,injection,WI,,,,,,,,,,,,,
2007-12-14,NO 15/9-F-5 AH,5769,15/9-F-5,3420717,VOLVE,369304,MÆRSK INSPIRER,,,,injection,WI,,,,,,,,,,,,,
2007-12-15,NO 15/9-F-5 AH,5769,15/9-F-5,3420717,VOLVE,369304,MÆRSK INSPIRER,,,,injection,WI,,,,,,,,,,,,,
2007-12-16,NO 15/9-F-5 AH,5769,15/9-F-5,3420717,VOLVE,369304,MÆRSK INSPIRER,,,,injection,WI,,,,,,,,,,,,,
2007-12-17,NO 15/9-F-5 AH,5769,15/9-F-5,3420717,VOLVE,369304,MÆRSK INSPIRER,,,,injection,WI,,,,,,,,,,,,,
2007-12-18,NO 15/9-F-5 AH,5769,15/9-F-5,3420717,VOLVE,369304,MÆRSK INSPIRER,,,,injection,WI,,,,,,,,,,,,,
2007-12-19,NO 15/9-F-5 AH,5769,15/9-F-5,3420717,VOLVE,369304,MÆRSK INSPIRER,,,,injection,WI,,,,,,,,,,,,,
2007-12-20,NO 15/9-F-5 AH,5769,15/9-F-5,3420717,VOLVE,369304,MÆRSK INSPIRER,,,,injection,WI,,,,,,,,,,,,,
2007-12-21,NO 15/9-F-5 AH,5769,15/9-F-5,3420717,VOLVE,369304,MÆRSK INSPIRER,,,,injection,WI,,,,,,,,,,,,,
2007-12-22,NO 15/9-F-5 AH,5769,15/9-F-5,3420717,VOLVE,369304,MÆRSK INSPIRER,,,,injection,WI,,,,,,,,,,,,,
2007-12-23,NO 15/9-F-5 AH,5769,15/9-F-5,3420717,VOLVE,369304,MÆRSK INSPIRER,,,,injection,WI,,,,,,,,,,,,,
2007-12-24,NO 15/9-F-5 AH,5769,15/9-F-5,3420717,VOLVE,369304,MÆRSK INSPIRER,,,,injection,WI,,,,,,,,,,,,,
2007-12-25,NO 15/9-F-5 AH,5769,15/9-F-5,3420717,VOLVE,369304,MÆRSK INSPIRER,,,,injection,WI,,,,,,,,,,,,,
2007-12-26,NO 15/9-F-5 AH,5769,15/9-F-5,3420717,VOLVE,369304,MÆRSK INSPIRER,,,,injection,WI,,,,,,,,,,,,,
2007-12-27,NO 15/9-F-5 AH,5769,15/9-F-5,3420717,VOLVE,369304,MÆRSK INSPIRER,,,,injection,WI,,,,,,,,,,,,,
2007-12-28,NO 15/9-F-5 AH,5769,15/9-F-5,3420717,VOLVE,369304,MÆRSK INSPIRER,,,,injection,WI,,,,,,,,,,,,,
2007-12-29,NO 15/9-F-5 AH,5769,15/9-F-5,3420717,VOLVE,369304,MÆRSK INSPIRER,,,,injection,WI,,,,,,,,,,,,,
2007-12-30,NO 15/9-F-5 AH,5769,15/9-F-5,3420717,VOLVE,369304,MÆRSK INSPIRER,,,,injection,WI,,,,,,,,,,,,,
2007-12-31,NO 15/9-F-5 AH,5769,15/9-F-5,3420717,VOLVE,369304,MÆRSK INSPIRER,,,,injection,WI,,,,,,,,,,,,,
2008-01-01,NO 15/9-F-5 AH,5769,15/9-F-5,3420717,VOLVE,369304,MÆRSK INSPIRER,0.0,,,injection,WI,,,,,0.0,,,,,,,,
2008-01-02,NO 15/9-F-5 AH,5769,15/9-F-5,3420717,VOLVE,369304,MÆRSK INSPIRER,0.0,,,injection,WI,,,,,0.0,,,,,,,,
2008-01-03,NO 15/9-F-5 AH,5769,15/9-F-5,3420717,VOLVE,369304,MÆRSK INSPIRER,0.0,,,injection,WI,,,,,0.0,,,,,,,,
2008-01-04,NO 15/9-F-5 AH,5769,15/9-F-5,3420717,VOLVE,369304,MÆRSK INSPIRER,0.0,,,injection,WI,,,,,0.0,,,,,,,,
2008-01-05,NO 15/9-F-5 AH,5769,15/9-F-5,3420717,VOLVE,369304,MÆRSK INSPIRER,0.0,,,injection,WI,,,,,0.0,,,,,,,,
2008-01-06,NO 15/9-F-5 AH,5769,15/9-F-5,3420717,VOLVE,369304,MÆRSK INSPIRER,0.0,,,injection,WI,,,,,0.0,,,,,,,,
2008-01-07,NO 15/9-F-5 AH,5769,15/9-F-5,3420717,VOLVE,369304,MÆRSK INSPIRER,0.0,,,injection,WI,,,,,0.0,,,,,,,,
2008-01-08,NO 15/9-F-5 AH,5769,15/9-F-5,3420717,VOLVE,369304,MÆRSK INSPIRER,0.0,,,injection,WI,,,,,0.0,,,,,,,,
2008-01-09,NO 15/9-F-5 AH,5769,15/9-F-5,3420717,VOLVE,369304,MÆRSK INSPIRER,0.0,,,injection,WI,,,,,0.0,,,,,,,,
2008-01-10,NO 15/9-F-5 AH,5769,15/9-F-5,3420717,VOLVE,369304,MÆRSK INSPIRER,0.0,,,injection,WI,,,,,0.0,,,,,,,,
2008-01-11,NO 15/9-F-5 AH,5769,15/9-F-5,3420717,VOLVE,369304,MÆRSK INSPIRER,0.0,,,injection,WI,,,,,0.0,,,,,,,,
2008-01-12,NO 15/9-F-5 AH,5769,15/9-F-5,3420717,VOLVE,369304,MÆRSK INSPIRER,0.0,,,injection,WI,,,,,0.0,,,,,,,,
2008-01-13,NO 15/9-F-5 AH,5769,15/9-F-5,3420717,VOLVE,369304,MÆRSK INSPIRER,0.0,,,injection,WI,,,,,0.0,,,,,,,,
2008-01-14,NO 15/9-F-5 AH,5769,15/9-F-5,3420717,VOLVE,369304,MÆRSK INSPIRER,0.0,,,injection,WI,,,,,0.0,,,,,,,,
2008-01-15,NO 15/9-F-5 AH,5769,15/9-F-5,3420717,VOLVE,369304,MÆRSK INSPIRER,0.0,,,injection,WI,,,,,0.0,,,,,,,,
2008-01-16,NO 15/9-F-5 AH,5769,15/9-F-5,3420717,VOLVE,369304,MÆRSK INSPIRER,0.0,,,injection,WI,,,,,0.0,,,,,,,,
2008-01-17,NO 15/9-F-5 AH,5769,15/9-F-5,3420717,VOLVE,369304,MÆRSK INSPIRER,0.0,,,injection,WI,,,,,0.0,,,,,,,,
2008-01-18,NO 15/9-F-5 AH,5769,15/9-F-5,3420717,VOLVE,369304,MÆRSK INSPIRER,0.0,,,injection,WI,,,,,0.0,,,,,,,,
2008-01-19,NO 15/9-F-5 AH,5769,15/9-F-5,3420717,VOLVE,369304,MÆRSK INSPIRER,0.0,,,injection,WI,,,,,0.0,,,,,,,,
2008-01-20,NO 15/9-F-5 AH,5769,15/9-F-5,3420717,VOLVE,369304,MÆRSK INSPIRER,0.0,,,injection,WI,,,,,0.0,,,,,,,,
2008-01-21,NO 15/9-F-5 AH,5769,15/9-F-5,3420717,VOLVE,369304,MÆRSK INSPIRER,0.0,,,injection,WI,,,,,0.0,,,,,,,,
2008-01-22,NO 15/9-F-5 AH,5769,15/9-F-5,3420717,VOLVE,369304,MÆRSK INSPIRER,,,,injection,WI,,,,,,,,,,,,,
2008-01-23,NO 15/9-F-5 AH,5769,15/9-F-5,3420717,VOLVE,369304,MÆRSK INSPIRER,,,,injection,WI,,,,,,,,,,,,,
2008-01-24,NO 15/9-F-5 AH,5769,15/9-F-5,3420717,VOLVE,369304,MÆRSK INSPIRER,,,,injection,WI,,,,,,,,,,,,,
2008-01-25,NO 15/9-F-5 AH,5769,15/9-F-5,3420717,VOLVE,369304,MÆRSK INSPIRER,,,,injection,WI,,,,,,,,,,,,,
2008-01-26,NO 15/9-F-5 AH,5769,15/9-F-5,3420717,VOLVE,369304,MÆRSK INSPIRER,,,,injection,WI,,,,,,,,,,,,,
2008-01-27,NO 15/9-F-5 AH,5769,15/9-F-5,3420717,VOLVE,369304,MÆRSK INSPIRER,0.0,,,injection,WI,,,,,,,,,,,,,
2008-01-28,NO 15/9-F-5 AH,5769,15/9-F-5,3420717,VOLVE,369304,MÆRSK INSPIRER,,,,injection,WI,,,,,,,,,,,,,
2008-01-29,NO 15/9-F-5 AH,5769,15/9-F-5,3420717,VOLVE,369304,MÆRSK INSPIRER,,,,injection,WI,,,,,,,,,,,,,
2008-01-30,NO 15/9-F-5 AH,5769,15/9-F-5,3420717,VOLVE,369304,MÆRSK INSPIRER,,,,injection,WI,,,,,,,,,,,,,
2008-01-31,NO 15/9-F-5 AH,5769,15/9-F-5,3420717,VOLVE,369304,MÆRSK INSPIRER,,,,injection,WI,,,,,,,,,,,,,
2008-02-01,NO 15/9-F-5 AH,5769,15/9-F-5,3420717,VOLVE,369304,MÆRSK INSPIRER,0.0,,,injection,WI,,,,,0.0,,,,,,,,
2008-02-02,NO 15/9-F-5 AH,5769,15/9-F-5,3420717,VOLVE,369304,MÆRSK INSPIRER,0.0,,,injection,WI,,,,,0.0,,,,,,,,
2008-02-03,NO 15/9-F-5 AH,5769,15/9-F-5,3420717,VOLVE,369304,MÆRSK INSPIRER,0.0,,,injection,WI,,,,,0.0,,,,,,,,
2008-02-04,NO 15/9-F-5 AH,5769,15/9-F-5,3420717,VOLVE,369304,MÆRSK INSPIRER,0.0,,,injection,WI,,,,,0.0,,,,,,,,
2008-02-05,NO 15/9-F-5 AH,5769,15/9-F-5,3420717,VOLVE,369304,MÆRSK INSPIRER,0.0,,,injection,WI,,,,,0.0,,,,,,,,
2008-02-06,NO 15/9-F-5 AH,5769,15/9-F-5,3420717,VOLVE,369304,MÆRSK INSPIRER,0.0,,,injection,WI,,,,,0.0,,,,,,,,
2008-02-07,NO 15/9-F-5 AH,5769,15/9-F-5,3420717,VOLVE,369304,MÆRSK INSPIRER,0.0,,,injection,WI,,,,,0.0,,,,,,,,
2008-02-08,NO 15/9-F-5 AH,5769,15/9-F-5,3420717,VOLVE,369304,MÆRSK INSPIRER,0.0,,,injection,WI,,,,,0.0,,,,,,,,
2008-02-09,NO 15/9-F-5 AH,5769,15/9-F-5,3420717,VOLVE,369304,MÆRSK INSPIRER,0.0,,,injection,WI,,,,,0.0,,,,,,,,
2008-02-10,NO 15/9-F-5 AH,5769,15/9-F-5,3420717,VOLVE,369304,MÆRSK INSPIRER,0.0,,,injection,WI,,,,,0.0,,,,,,,,
2008-02-11,NO 15/9-F-5 AH,5769,15/9-F-5,3420717,VOLVE,369304,MÆRSK INSPIRER,0.0,,,injection,WI,,,,,0.0,,,,,,,,
2008-02-12,NO 15/9-F-5 AH,5769,15/9-F-5,3420717,VOLVE,369304,MÆRSK INSPIRER,0.0,,,injection,WI,,,,,0.0,,,,,,,,
2008-02-13,NO 15/9-F-5 AH,5769,15/9-F-5,3420717,VOLVE,369304,MÆRSK INSPIRER,0.0,,,injection,WI,,,,,0.0,,,,,,,,
2008-02-14,NO 15/9-F-5 AH,5769,15/9-F-5,3420717,VOLVE,369304,MÆRSK INSPIRER,0.0,,,injection,WI,,,,,0.0,,,,,,,,
2008-02-15,NO 15/9-F-5 AH,5769,15/9-F-5,3420717,VOLVE,369304,MÆRSK INSPIRER,0.0,,,injection,WI,,,,,0.0,,,,,,,,
2008-02-16,NO 15/9-F-5 AH,5769,15/9-F-5,3420717,VOLVE,369304,MÆRSK INSPIRER,0.0,,,injection,WI,,,,,0.0,,,,,,,,
2008-02-17,NO 15/9-F-5 AH,5769,15/9-F-5,3420717,VOLVE,369304,MÆRSK INSPIRER,0.0,,,injection,WI,,,,,0.0,,,,,,,,
2008-02-18,NO 15/9-F-5 AH,5769,15/9-F-5,3420717,VOLVE,369304,MÆRSK INSPIRER,0.0,,,injection,WI,,,,,0.0,,,,,,,,
2008-02-19,NO 15/9-F-5 AH,5769,15/9-F-5,3420717,VOLVE,369304,MÆRSK INSPIRER,0.0,,,injection,WI,,,,,0.0,,,,,,,,
2008-02-20,NO 15/9-F-5 AH,5769,15/9-F-5,3420717,VOLVE,369304,MÆRSK INSPIRER,0.0,,,injection,WI,,,,,0.0,,,,,,,,
2008-02-21,NO 15/9-F-5 AH,5769,15/9-F-5,3420717,VOLVE,369304,MÆRSK INSPIRER,,,,injection,WI,,,,,,,,,,,,,
2008-02-22,NO 15/9-F-5 AH,5769,15/9-F-5,3420717,VOLVE,369304,MÆRSK INSPIRER,0.0,,,injection,WI,,,,,0.0,,,,,,,,
2008-02-23,NO 15/9-F-5 AH,5769,15/9-F-5,3420717,VOLVE,369304,MÆRSK INSPIRER,0.0,,,injection,WI,,,,,0.0,,,,,,,,
2008-02-24,NO 15/9-F-5 AH,5769,15/9-F-5,3420717,VOLVE,369304,MÆRSK INSPIRER,0.0,,,injection,WI,,,,,0.0,,,,,,,,
2008-02-25,NO 15/9-F-5 AH,5769,15/9-F-5,3420717,VOLVE,369304,MÆRSK INSPIRER,0.0,,,injection,WI,,,,,0.0,,,,,,,,
2008-02-26,NO 15/9-F-5 AH,5769,15/9-F-5,3420717,VOLVE,369304,MÆRSK INSPIRER,0.0,,,injection,WI,,,,,0.0,,,,,,,,
2008-02-27,NO 15/9-F-5 AH,5769,15/9-F-5,3420717,VOLVE,369304,MÆRSK INSPIRER,0.0,,,injection,WI,,,,,0.0,,,,,,,,
2008-02-28,NO 15/9-F-5 AH,5769,15/9-F-5,3420717,VOLVE,369304,MÆRSK INSPIRER,0.0,,,injection,WI,,,,,0.0,,,,,,,,
2008-02-29,NO 15/9-F-5 AH,5769,15/9-F-5,3420717,VOLVE,369304,MÆRSK INSPIRER,0.0,,,injection,WI,,,,,0.0,,,,,,,,
2008-03-01,NO 15/9-F-5 AH,5769,15/9-F-5,3420717,VOLVE,369304,MÆRSK INSPIRER,0.0,,,injection,WI,,,,,0.0,,,,,,,,
2008-03-02,NO 15/9-F-5 AH,5769,15/9-F-5,3420717,VOLVE,369304,MÆRSK INSPIRER,0.0,,,injection,WI,,,,,0.0,,,,,,,,
2008-03-03,NO 15/9-F-5 AH,5769,15/9-F-5,3420717,VOLVE,369304,MÆRSK INSPIRER,0.0,,,injection,WI,,,,,0.0,,,,,,,,
2008-03-04,NO 15/9-F-5 AH,5769,15/9-F-5,3420717,VOLVE,369304,MÆRSK INSPIRER,0.0,,,injection,WI,,,,,0.0,,,,,,,,
2008-03-05,NO 15/9-F-5 AH,5769,15/9-F-5,3420717,VOLVE,369304,MÆRSK INSPIRER,0.0,,,injection,WI,,,,,0.0,,,,,,,,
2008-03-06,NO 15/9-F-5 AH,5769,15/9-F-5,3420717,VOLVE,369304,MÆRSK INSPIRER,0.0,,,injection,WI,,,,,0.0,,,,,,,,
2008-03-07,NO 15/9-F-5 AH,5769,15/9-F-5,3420717,VOLVE,369304,MÆRSK INSPIRER,0.0,,,injection,WI,,,,,0.0,,,,,,,,
2008-03-08,NO 15/9-F-5 AH,5769,15/9-F-5,3420717,VOLVE,369304,MÆRSK INSPIRER,0.0,,,injection,WI,,,,,0.0,,,,,,,,
2008-03-09,NO 15/9-F-5 AH,5769,15/9-F-5,3420717,VOLVE,369304,MÆRSK INSPIRER,0.0,,,injection,WI,,,,,0.0,,,,,,,,
2008-03-10,NO 15/9-F-5 AH,5769,15/9-F-5,3420717,VOLVE,369304,MÆRSK INSPIRER,0.0,,,injection,WI,,,,,0.0,,,,,,,,
2008-03-11,NO 15/9-F-5 AH,5769,15/9-F-5,3420717,VOLVE,369304,MÆRSK INSPIRER,0.0,,,injection,WI,,,,,0.0,,,,,,,,
2008-03-12,NO 15/9-F-5 AH,5769,15/9-F-5,3420717,VOLVE,369304,MÆRSK INSPIRER,0.0,,,injection,WI,,,,,0.0,,,,,,,,
2008-03-13,NO 15/9-F-5 AH,5769,15/9-F-5,3420717,VOLVE,369304,MÆRSK INSPIRER,0.0,,,injection,WI,,,,,0.0,,,,,,,,
2008-03-14,NO 15/9-F-5 AH,5769,15/9-F-5,3420717,VOLVE,369304,MÆRSK INSPIRER,0.0,,,injection,WI,,,,,0.0,,,,,,,,
2008-03-15,NO 15/9-F-5 AH,5769,15/9-F-5,3420717,VOLVE,369304,MÆRSK INSPIRER,0.0,,,injection,WI,,,,,0.0,,0.0,,,,,,
2008-03-16,NO 15/9-F-5 AH,5769,15/9-F-5,3420717,VOLVE,369304,MÆRSK INSPIRER,0.0,,,injection,WI,,,,,0.0,,,,,,,,
2008-03-17,NO 15/9-F-5 AH,5769,15/9-F-5,3420717,VOLVE,369304,MÆRSK INSPIRER,0.0,,,injection,WI,,,,,0.0,,,,,,,,
2008-03-18,NO 15/9-F-5 AH,5769,15/9-F-5,3420717,VOLVE,369304,MÆRSK INSPIRER,0.0,,,injection,WI,,,,,0.0,,,,,,,,
2008-03-19,NO 15/9-F-5 AH,5769,15/9-F-5,3420717,VOLVE,369304,MÆRSK INSPIRER,0.0,,,injection,WI,,,,,0.0,,,,,,,,
2008-03-20,NO 15/9-F-5 AH,5769,15/9-F-5,3420717,VOLVE,369304,MÆRSK INSPIRER,0.0,,,injection,WI,,,,,0.0,,,,,,,,
2008-03-21,NO 15/9-F-5 AH,5769,15/9-F-5,3420717,VOLVE,369304,MÆRSK INSPIRER,0.0,,,injection,WI,,,,,0.0,,,,,,,,
2008-03-22,NO 15/9-F-5 AH,5769,15/9-F-5,3420717,VOLVE,369304,MÆRSK INSPIRER,0.0,,,injection,WI,,,,,0.0,,,,,,,,
2008-03-23,NO 15/9-F-5 AH,5769,15/9-F-5,3420717,VOLVE,369304,MÆRSK INSPIRER,0.0,,,injection,WI,,,,,0.0,,,,,,,,
2008-03-24,NO 15/9-F-5 AH,5769,15/9-F-5,3420717,VOLVE,369304,MÆRSK INSPIRER,0.0,,,injection,WI,,,,,0.0,,,,,,,,
2008-03-25,NO 15/9-F-5 AH,5769,15/9-F-5,3420717,VOLVE,369304,MÆRSK INSPIRER,0.0,,,injection,WI,,,,,0.0,,,,,,,,
2008-03-26,NO 15/9-F-5 AH,5769,15/9-F-5,3420717,VOLVE,369304,MÆRSK INSPIRER,0.0,,,injection,WI,,,,,0.0,,,,,,,,
2008-03-27,NO 15/9-F-5 AH,5769,15/9-F-5,3420717,VOLVE,369304,MÆRSK INSPIRER,0.0,,,injection,WI,,,,,0.0,,,,,,,,
2008-03-28,NO 15/9-F-5 AH,5769,15/9-F-5,3420717,VOLVE,369304,MÆRSK INSPIRER,0.0,,,injection,WI,,,,,0.0,,,,,,,,
2008-03-29,NO 15/9-F-5 AH,5769,15/9-F-5,3420717,VOLVE,369304,MÆRSK INSPIRER,0.0,,,injection,WI,,,,,0.0,,,,,,,,
2008-03-30,NO 15/9-F-5 AH,5769,15/9-F-5,3420717,VOLVE,369304,MÆRSK INSPIRER,0.0,,,injection,WI,,,,,0.0,,0.0,,,,,,
2008-03-31,NO 15/9-F-5 AH,5769,15/9-F-5,3420717,VOLVE,369304,MÆRSK INSPIRER,0.0,,,injection,WI,,,,,0.0,,,,,,,,
2008-04-01,NO 15/9-F-5 AH,5769,15/9-F-5,3420717,VOLVE,369304,MÆRSK INSPIRER,0.0,,,injection,WI,,,,,0.0,,,,,,,,
2008-04-02,NO 15/9-F-5 AH,5769,15/9-F-5,3420717,VOLVE,369304,MÆRSK INSPIRER,0.0,,,injection,WI,,,,,0.0,,,,,,,,
2008-04-03,NO 15/9-F-5 AH,5769,15/9-F-5,3420717,VOLVE,369304,MÆRSK INSPIRER,0.0,,,injection,WI,,,,,0.0,,,,,,,,
2008-04-04,NO 15/9-F-5 AH,5769,15/9-F-5,3420717,VOLVE,369304,MÆRSK INSPIRER,0.0,,,injection,WI,,,,,0.0,,,,,,,,
2008-04-05,NO 15/9-F-5 AH,5769,15/9-F-5,3420717,VOLVE,369304,MÆRSK INSPIRER,0.0,,,injection,WI,,,,,0.0,,,,,,,,
2008-04-06,NO 15/9-F-5 AH,5769,15/9-F-5,3420717,VOLVE,369304,MÆRSK INSPIRER,0.0,,,injection,WI,,,,,0.0,,,,,,,,
2008-04-07,NO 15/9-F-5 AH,5769,15/9-F-5,3420717,VOLVE,369304,MÆRSK INSPIRER,0.0,,,injection,WI,,,,,0.0,,,,,,,,
2008-04-08,NO 15/9-F-5 AH,5769,15/9-F-5,3420717,VOLVE,369304,MÆRSK INSPIRER,0.0,,,injection,WI,,,,,0.0,,,,,,,,
2008-04-09,NO 15/9-F-5 AH,5769,15/9-F-5,3420717,VOLVE,369304,MÆRSK INSPIRER,0.0,,,injection,WI,,,,,0.0,,,,,,,,
2008-04-10,NO 15/9-F-5 AH,5769,15/9-F-5,3420717,VOLVE,369304,MÆRSK INSPIRER,0.0,,,injection,WI,,,,,0.0,,,,,,,,
2008-04-11,NO 15/9-F-5 AH,5769,15/9-F-5,3420717,VOLVE,369304,MÆRSK INSPIRER,0.0,,,injection,WI,,,,,0.0,,,,,,,,
2008-04-12,NO 15/9-F-5 AH,5769,15/9-F-5,3420717,VOLVE,369304,MÆRSK INSPIRER,0.0,,,injection,WI,,,,,0.0,,,,,,,,
2008-04-13,NO 15/9-F-5 AH,5769,15/9-F-5,3420717,VOLVE,369304,MÆRSK INSPIRER,0.0,,,injection,WI,,,,,0.0,,,,,,,,
2008-04-14,NO 15/9-F-5 AH,5769,15/9-F-5,3420717,VOLVE,369304,MÆRSK INSPIRER,0.0,,,injection,WI,,,,,0.0,,,,,,,,
2008-04-15,NO 15/9-F-5 AH,5769,15/9-F-5,3420717,VOLVE,369304,MÆRSK INSPIRER,0.0,,,injection,WI,,,,,0.0,,,,,,,,
2008-04-16,NO 15/9-F-5 AH,5769,15/9-F-5,3420717,VOLVE,369304,MÆRSK INSPIRER,0.0,,,injection,WI,,,,,0.0,,,,,,,,
2008-04-17,NO 15/9-F-5 AH,5769,15/9-F-5,3420717,VOLVE,369304,MÆRSK INSPIRER,0.0,,,injection,WI,,,,,0.0,,,,,,,,
2008-04-18,NO 15/9-F-5 AH,5769,15/9-F-5,3420717,VOLVE,369304,MÆRSK INSPIRER,0.0,,,injection,WI,,,,,0.0,,,,,,,,
2008-04-19,NO 15/9-F-5 AH,5769,15/9-F-5,3420717,VOLVE,369304,MÆRSK INSPIRER,0.0,,,injection,WI,,,,,0.0,,,,,,,,
2008-04-20,NO 15/9-F-5 AH,5769,15/9-F-5,3420717,VOLVE,369304,MÆRSK INSPIRER,0.0,,,injection,WI,,,,,0.0,,,,,,,,
2008-04-21,NO 15/9-F-5 AH,5769,15/9-F-5,3420717,VOLVE,369304,MÆRSK INSPIRER,0.0,,,injection,WI,,,,,0.0,,,,,,,,
2008-04-22,NO 15/9-F-5 AH,5769,15/9-F-5,3420717,VOLVE,369304,MÆRSK INSPIRER,0.0,,,injection,WI,,,,,0.0,,,,,,,,
2008-04-23,NO 15/9-F-5 AH,5769,15/9-F-5,3420717,VOLVE,369304,MÆRSK INSPIRER,0.0,,,injection,WI,,,,,0.0,,,,,,,,
2008-04-24,NO 15/9-F-5 AH,5769,15/9-F-5,3420717,VOLVE,369304,MÆRSK INSPIRER,0.0,,,injection,WI,,,,,0.0,,,,,,,,
2008-04-25,NO 15/9-F-5 AH,5769,15/9-F-5,3420717,VOLVE,369304,MÆRSK INSPIRER,0.0,,,injection,WI,,,,,0.0,,,,,,,,
2008-04-26,NO 15/9-F-5 AH,5769,15/9-F-5,3420717,VOLVE,369304,MÆRSK INSPIRER,0.0,,,injection,WI,,,,,0.0,,,,,,,,
2008-04-27,NO 15/9-F-5 AH,5769,15/9-F-5,3420717,VOLVE,369304,MÆRSK INSPIRER,0.0,,,injection,WI,,,,,0.0,,,,,,,,
2008-04-28,NO 15/9-F-5 AH,5769,15/9-F-5,3420717,VOLVE,369304,MÆRSK INSPIRER,0.0,,,injection,WI,,,,,0.0,,,,,,,,
2008-04-29,NO 15/9-F-5 AH,5769,15/9-F-5,3420717,VOLVE,369304,MÆRSK INSPIRER,0.0,,,injection,WI,,,,,0.0,,,,,,,,
2008-04-30,NO 15/9-F-5 AH,5769,15/9-F-5,3420717,VOLVE,369304,MÆRSK INSPIRER,0.0,,,injection,WI,,,,,0.0,,,,,,,,
2008-05-01,NO 15/9-F-5 AH,5769,15/9-F-5,3420717,VOLVE,369304,MÆRSK INSPIRER,0.0,,,injection,WI,,,,,0.0,,,,,,,,
2008-05-02,NO 15/9-F-5 AH,5769,15/9-F-5,3420717,VOLVE,369304,MÆRSK INSPIRER,0.0,,,injection,WI,,,,,0.0,,,,,,,,
2008-05-03,NO 15/9-F-5 AH,5769,15/9-F-5,3420717,VOLVE,369304,MÆRSK INSPIRER,0.0,,,injection,WI,,,,,0.0,,,,,,,,
2008-05-04,NO 15/9-F-5 AH,5769,15/9-F-5,3420717,VOLVE,369304,MÆRSK INSPIRER,0.0,,,injection,WI,,,,,0.0,,,,,,,,
2008-05-05,NO 15/9-F-5 AH,5769,15/9-F-5,3420717,VOLVE,369304,MÆRSK INSPIRER,0.0,,,injection,WI,,,,,0.0,,,,,,,,
2008-05-06,NO 15/9-F-5 AH,5769,15/9-F-5,3420717,VOLVE,369304,MÆRSK INSPIRER,0.0,,,injection,WI,,,,,0.0,,,,,,,,
2008-05-07,NO 15/9-F-5 AH,5769,15/9-F-5,3420717,VOLVE,369304,MÆRSK INSPIRER,0.0,,,injection,WI,,,,,0.0,,,,,,,,
2008-05-08,NO 15/9-F-5 AH,5769,15/9-F-5,3420717,VOLVE,369304,MÆRSK INSPIRER,0.0,,,injection,WI,,,,,0.0,,,,,,,,
2008-05-09,NO 15/9-F-5 AH,5769,15/9-F-5,3420717,VOLVE,369304,MÆRSK INSPIRER,0.0,,,injection,WI,,,,,0.0,,,,,,,,
2008-05-10,NO 15/9-F-5 AH,5769,15/9-F-5,3420717,VOLVE,369304,MÆRSK INSPIRER,0.0,,,injection,WI,,,,,0.0,,,,,,,,
2008-05-11,NO 15/9-F-5 AH,5769,15/9-F-5,3420717,VOLVE,369304,MÆRSK INSPIRER,0.0,,,injection,WI,,,,,0.0,,,,,,,,
2008-05-12,NO 15/9-F-5 AH,5769,15/9-F-5,3420717,VOLVE,369304,MÆRSK INSPIRER,0.0,,,injection,WI,,,,,0.0,,,,,,,,
2008-05-13,NO 15/9-F-5 AH,5769,15/9-F-5,3420717,VOLVE,369304,MÆRSK INSPIRER,0.0,,,injection,WI,,,,,0.0,,,,,,,,
2008-05-14,NO 15/9-F-5 AH,5769,15/9-F-5,3420717,VOLVE,369304,MÆRSK INSPIRER,0.0,,,injection,WI,,,,,0.0,,,,,,,,
2008-05-15,NO 15/9-F-5 AH,5769,15/9-F-5,3420717,VOLVE,369304,MÆRSK INSPIRER,0.0,,,injection,WI,,,,,0.0,,,,,,,,
2008-05-16,NO 15/9-F-5 AH,5769,15/9-F-5,3420717,VOLVE,369304,MÆRSK INSPIRER,0.0,,,injection,WI,,,,,0.0,,,,,,,,
2008-05-17,NO 15/9-F-5 AH,5769,15/9-F-5,3420717,VOLVE,369304,MÆRSK INSPIRER,0.0,,,injection,WI,,,,,0.0,,,,,,,,
2008-05-18,NO 15/9-F-5 AH,5769,15/9-F-5,3420717,VOLVE,369304,MÆRSK INSPIRER,0.0,,,injection,WI,,,,,0.0,,,,,,,,
2008-05-19,NO 15/9-F-5 AH,5769,15/9-F-5,3420717,VOLVE,369304,MÆRSK INSPIRER,0.0,,,injection,WI,,,,,0.0,,,,,,,,
2008-05-20,NO 15/9-F-5 AH,5769,15/9-F-5,3420717,VOLVE,369304,MÆRSK INSPIRER,0.0,,,injection,WI,,,,,0.0,,,,,,,,
2008-05-21,NO 15/9-F-5 AH,5769,15/9-F-5,3420717,VOLVE,369304,MÆRSK INSPIRER,0.0,,,injection,WI,,,,,0.0,,,,,,,,
2008-05-22,NO 15/9-F-5 AH,5769,15/9-F-5,3420717,VOLVE,369304,MÆRSK INSPIRER,0.0,,,injection,WI,,,,,0.0,,,,,,,,
2008-05-23,NO 15/9-F-5 AH,5769,15/9-F-5,3420717,VOLVE,369304,MÆRSK INSPIRER,0.0,,,injection,WI,,,,,0.0,,,,,,,,
2008-05-24,NO 15/9-F-5 AH,5769,15/9-F-5,3420717,VOLVE,369304,MÆRSK INSPIRER,0.0,,,injection,WI,,,,,0.0,,,,,,,,
2008-05-25,NO 15/9-F-5 AH,5769,15/9-F-5,3420717,VOLVE,369304,MÆRSK INSPIRER,0.0,,,injection,WI,,,,,0.0,,,,,,,,
2008-05-26,NO 15/9-F-5 AH,5769,15/9-F-5,3420717,VOLVE,369304,MÆRSK INSPIRER,0.0,,,injection,WI,,,,,0.0,,,,,,,,
2008-05-27,NO 15/9-F-5 AH,5769,15/9-F-5,3420717,VOLVE,369304,MÆRSK INSPIRER,0.0,,,injection,WI,,,,,0.0,,,,,,,,
2008-05-28,NO 15/9-F-5 AH,5769,15/9-F-5,3420717,VOLVE,369304,MÆRSK INSPIRER,0.0,,,injection,WI,,,,,0.0,,,,,,,,
2008-05-29,NO 15/9-F-5 AH,5769,15/9-F-5,3420717,VOLVE,369304,MÆRSK INSPIRER,0.0,,,injection,WI,,,,,0.0,,,,,,,,
2008-05-30,NO 15/9-F-5 AH,5769,15/9-F-5,3420717,VOLVE,369304,MÆRSK INSPIRER,0.0,,,injection,WI,,,,,0.0,,,,,,,,
2008-05-31,NO 15/9-F-5 AH,5769,15/9-F-5,3420717,VOLVE,369304,MÆRSK INSPIRER,0.0,,,injection,WI,,,,,0.0,,,,,,,,
2008-06-01,NO 15/9-F-5 AH,5769,15/9-F-5,3420717,VOLVE,369304,MÆRSK INSPIRER,0.0,,,injection,WI,,,,,0.0,,,,,,,,
2008-06-02,NO 15/9-F-5 AH,5769,15/9-F-5,3420717,VOLVE,369304,MÆRSK INSPIRER,0.0,,,injection,WI,,,,,0.0,,,,,,,,
2008-06-03,NO 15/9-F-5 AH,5769,15/9-F-5,3420717,VOLVE,369304,MÆRSK INSPIRER,0.0,,,injection,WI,,,,,0.0,,,,,,,,
2008-06-04,NO 15/9-F-5 AH,5769,15/9-F-5,3420717,VOLVE,369304,MÆRSK INSPIRER,0.0,,,injection,WI,,,,,0.0,,,,,,,,
2008-06-05,NO 15/9-F-5 AH,5769,15/9-F-5,3420717,VOLVE,369304,MÆRSK INSPIRER,0.0,,,injection,WI,,,,,0.0,,,,,,,,
2008-06-06,NO 15/9-F-5 AH,5769,15/9-F-5,3420717,VOLVE,369304,MÆRSK INSPIRER,0.0,,,injection,WI,,,,,0.0,,,,,,,,
2008-06-07,NO 15/9-F-5 AH,5769,15/9-F-5,3420717,VOLVE,369304,MÆRSK INSPIRER,0.0,,,injection,WI,,,,,0.0,,,,,,,,
2008-06-08,NO 15/9-F-5 AH,5769,15/9-F-5,3420717,VOLVE,369304,MÆRSK INSPIRER,0.0,,,injection,WI,,,,,0.0,,,,,,,,
2008-06-09,NO 15/9-F-5 AH,5769,15/9-F-5,3420717,VOLVE,369304,MÆRSK INSPIRER,0.0,,,injection,WI,,,,,0.0,,,,,,,,
2008-06-10,NO 15/9-F-5 AH,5769,15/9-F-5,3420717,VOLVE,369304,MÆRSK INSPIRER,0.0,,,injection,WI,,,,,0.0,,,,,,,,
2008-06-11,NO 15/9-F-5 AH,5769,15/9-F-5,3420717,VOLVE,369304,MÆRSK INSPIRER,0.0,,,injection,WI,,,,,0.0,,,,,,,,
2008-06-12,NO 15/9-F-5 AH,5769,15/9-F-5,3420717,VOLVE,369304,MÆRSK INSPIRER,0.0,,,injection,WI,,,,,0.0,,,,,,,,
2008-06-13,NO 15/9-F-5 AH,5769,15/9-F-5,3420717,VOLVE,369304,MÆRSK INSPIRER,0.0,,,injection,WI,,,,,0.0,,,,,,,,
2008-06-14,NO 15/9-F-5 AH,5769,15/9-F-5,3420717,VOLVE,369304,MÆRSK INSPIRER,0.0,,,injection,WI,,,,,0.0,,,,,,,,
2008-06-15,NO 15/9-F-5 AH,5769,15/9-F-5,3420717,VOLVE,369304,MÆRSK INSPIRER,0.0,,,injection,WI,,,,,0.0,,,,,,,,
2008-06-16,NO 15/9-F-5 AH,5769,15/9-F-5,3420717,VOLVE,369304,MÆRSK INSPIRER,0.0,,,injection,WI,,,,,0.0,,,,,,,,
2008-06-17,NO 15/9-F-5 AH,5769,15/9-F-5,3420717,VOLVE,369304,MÆRSK INSPIRER,0.0,,,injection,WI,,,,,0.0,,,,,,,,
2008-06-18,NO 15/9-F-5 AH,5769,15/9-F-5,3420717,VOLVE,369304,MÆRSK INSPIRER,0.0,,,injection,WI,,,,,0.0,,,,,,,,
2008-06-19,NO 15/9-F-5 AH,5769,15/9-F-5,3420717,VOLVE,369304,MÆRSK INSPIRER,0.0,,,injection,WI,,,,,0.0,,,,,,,,
2008-06-20,NO 15/9-F-5 AH,5769,15/9-F-5,3420717,VOLVE,369304,MÆRSK INSPIRER,0.0,,,injection,WI,,,,,0.0,,,,,,,,
2008-06-21,NO 15/9-F-5 AH,5769,15/9-F-5,3420717,VOLVE,369304,MÆRSK INSPIRER,0.0,,,injection,WI,,,,,0.0,,,,,,,,
2008-06-22,NO 15/9-F-5 AH,5769,15/9-F-5,3420717,VOLVE,369304,MÆRSK INSPIRER,0.0,,,injection,WI,,,,,0.0,,,,,,,,
2008-06-23,NO 15/9-F-5 AH,5769,15/9-F-5,3420717,VOLVE,369304,MÆRSK INSPIRER,0.0,,,injection,WI,,,,,0.0,,,,,,,,
2008-06-24,NO 15/9-F-5 AH,5769,15/9-F-5,3420717,VOLVE,369304,MÆRSK INSPIRER,0.0,,,injection,WI,,,,,0.0,,,,,,,,
2008-06-25,NO 15/9-F-5 AH,5769,15/9-F-5,3420717,VOLVE,369304,MÆRSK INSPIRER,0.0,,,injection,WI,,,,,0.0,,,,,,,,
2008-06-26,NO 15/9-F-5 AH,5769,15/9-F-5,3420717,VOLVE,369304,MÆRSK INSPIRER,0.0,,,injection,WI,,,,,0.0,,,,,,,,
2008-06-27,NO 15/9-F-5 AH,5769,15/9-F-5,3420717,VOLVE,369304,MÆRSK INSPIRER,0.0,,,injection,WI,,,,,0.0,,,,,,,,
2008-06-28,NO 15/9-F-5 AH,5769,15/9-F-5,3420717,VOLVE,369304,MÆRSK INSPIRER,0.0,,,injection,WI,,,,,0.0,,,,,,,,
2008-06-29,NO 15/9-F-5 AH,5769,15/9-F-5,3420717,VOLVE,369304,MÆRSK INSPIRER,0.0,,,injection,WI,,,,,0.0,,,,,,,,
2008-06-30,NO 15/9-F-5 AH,5769,15/9-F-5,3420717,VOLVE,369304,MÆRSK INSPIRER,0.0,,,injection,WI,,,,,0.0,,,,,,,,
2008-07-01,NO 15/9-F-5 AH,5769,15/9-F-5,3420717,VOLVE,369304,MÆRSK INSPIRER,0.0,,,injection,WI,,,,,0.0,,,,,,,,
2008-07-02,NO 15/9-F-5 AH,5769,15/9-F-5,3420717,VOLVE,369304,MÆRSK INSPIRER,0.0,,,injection,WI,,,,,0.0,,,,,,,,
2008-07-03,NO 15/9-F-5 AH,5769,15/9-F-5,3420717,VOLVE,369304,MÆRSK INSPIRER,0.0,,,injection,WI,,,,,0.0,,,,,,,,
2008-07-04,NO 15/9-F-5 AH,5769,15/9-F-5,3420717,VOLVE,369304,MÆRSK INSPIRER,0.0,,,injection,WI,,,,,0.0,,,,,,,,
2008-07-05,NO 15/9-F-5 AH,5769,15/9-F-5,3420717,VOLVE,369304,MÆRSK INSPIRER,0.0,,,injection,WI,,,,,0.0,,,,,,,,
2008-07-06,NO 15/9-F-5 AH,5769,15/9-F-5,3420717,VOLVE,369304,MÆRSK INSPIRER,0.0,,,injection,WI,,,,,0.0,,,,,,,,
2008-07-07,NO 15/9-F-5 AH,5769,15/9-F-5,3420717,VOLVE,369304,MÆRSK INSPIRER,0.0,,,injection,WI,,,,,0.0,,,,,,,,
2008-07-08,NO 15/9-F-5 AH,5769,15/9-F-5,3420717,VOLVE,369304,MÆRSK INSPIRER,0.0,,,injection,WI,,,,,0.0,,,,,,,,
2008-07-09,NO 15/9-F-5 AH,5769,15/9-F-5,3420717,VOLVE,369304,MÆRSK INSPIRER,0.0,,,injection,WI,,,,,0.0,,,,,,,,
2008-07-10,NO 15/9-F-5 AH,5769,15/9-F-5,3420717,VOLVE,369304,MÆRSK INSPIRER,0.0,,,injection,WI,,,,,0.0,,,,,,,,
2008-07-11,NO 15/9-F-5 AH,5769,15/9-F-5,3420717,VOLVE,369304,MÆRSK INSPIRER,0.0,,,injection,WI,,,,,0.0,,,,,,,,
2008-07-12,NO 15/9-F-5 AH,5769,15/9-F-5,3420717,VOLVE,369304,MÆRSK INSPIRER,0.0,,,injection,WI,,,,,0.0,,,,,,,,
2008-07-13,NO 15/9-F-5 AH,5769,15/9-F-5,3420717,VOLVE,369304,MÆRSK INSPIRER,0.0,,,injection,WI,,,,,0.0,,,,,,,,
2008-07-14,NO 15/9-F-5 AH,5769,15/9-F-5,3420717,VOLVE,369304,MÆRSK INSPIRER,0.0,,,injection,WI,,,,,0.0,,,,,,,,
2008-07-15,NO 15/9-F-5 AH,5769,15/9-F-5,3420717,VOLVE,369304,MÆRSK INSPIRER,0.0,,,injection,WI,,,,,0.0,,,,,,,,
2008-07-16,NO 15/9-F-5 AH,5769,15/9-F-5,3420717,VOLVE,369304,MÆRSK INSPIRER,0.0,,,injection,WI,,,,,0.0,,,,,,,,
2008-07-17,NO 15/9-F-5 AH,5769,15/9-F-5,3420717,VOLVE,369304,MÆRSK INSPIRER,0.0,,,injection,WI,,,,,0.0,,,,,,,,
2008-07-18,NO 15/9-F-5 AH,5769,15/9-F-5,3420717,VOLVE,369304,MÆRSK INSPIRER,0.0,,,injection,WI,,,,,0.0,,,,,,,,
2008-07-19,NO 15/9-F-5 AH,5769,15/9-F-5,3420717,VOLVE,369304,MÆRSK INSPIRER,0.0,,,injection,WI,,,,,0.0,,,,,,,,
2008-07-20,NO 15/9-F-5 AH,5769,15/9-F-5,3420717,VOLVE,369304,MÆRSK INSPIRER,0.0,,,injection,WI,,,,,0.0,,,,,,,,
2008-07-21,NO 15/9-F-5 AH,5769,15/9-F-5,3420717,VOLVE,369304,MÆRSK INSPIRER,,,,injection,WI,,,,,,,,,,,,,
2008-07-22,NO 15/9-F-5 AH,5769,15/9-F-5,3420717,VOLVE,369304,MÆRSK INSPIRER,0.0,,,injection,WI,,,,,0.0,,,,,,,,
2008-07-23,NO 15/9-F-5 AH,5769,15/9-F-5,3420717,VOLVE,369304,MÆRSK INSPIRER,0.0,,,injection,WI,,,,,0.0,,,,,,,,
2008-07-24,NO 15/9-F-5 AH,5769,15/9-F-5,3420717,VOLVE,369304,MÆRSK INSPIRER,0.0,,,injection,WI,,,,,0.0,,,,,,,,
2008-07-25,NO 15/9-F-5 AH,5769,15/9-F-5,3420717,VOLVE,369304,MÆRSK INSPIRER,0.0,,,injection,WI,,,,,0.0,,,,,,,,
2008-07-26,NO 15/9-F-5 AH,5769,15/9-F-5,3420717,VOLVE,369304,MÆRSK INSPIRER,0.0,,,injection,WI,,,,,0.0,,,,,,,,
2008-07-27,NO 15/9-F-5 AH,5769,15/9-F-5,3420717,VOLVE,369304,MÆRSK INSPIRER,0.0,,,injection,WI,,,,,0.0,,,,,,,,
2008-07-28,NO 15/9-F-5 AH,5769,15/9-F-5,3420717,VOLVE,369304,MÆRSK INSPIRER,0.0,,,injection,WI,,,,,0.0,,,,,,,,
2008-07-29,NO 15/9-F-5 AH,5769,15/9-F-5,3420717,VOLVE,369304,MÆRSK INSPIRER,0.0,,,injection,WI,,,,,0.0,,,,,,,,
2008-07-30,NO 15/9-F-5 AH,5769,15/9-F-5,3420717,VOLVE,369304,MÆRSK INSPIRER,0.0,,,injection,WI,,,,,0.0,,,,,,,,
2008-07-31,NO 15/9-F-5 AH,5769,15/9-F-5,3420717,VOLVE,369304,MÆRSK INSPIRER,0.0,,,injection,WI,,,,,0.0,,,,,,,,
2008-08-01,NO 15/9-F-5 AH,5769,15/9-F-5,3420717,VOLVE,369304,MÆRSK INSPIRER,0.0,,,injection,WI,,,,,0.0,,,,,,,,
2008-08-02,NO 15/9-F-5 AH,5769,15/9-F-5,3420717,VOLVE,369304,MÆRSK INSPIRER,0.0,,,injection,WI,,,,,0.0,,,,,,,,
2008-08-03,NO 15/9-F-5 AH,5769,15/9-F-5,3420717,VOLVE,369304,MÆRSK INSPIRER,0.0,,,injection,WI,,,,,0.0,,,,,,,,
2008-08-04,NO 15/9-F-5 AH,5769,15/9-F-5,3420717,VOLVE,369304,MÆRSK INSPIRER,0.0,,,injection,WI,,,,,0.0,,,,,,,,
2008-08-05,NO 15/9-F-5 AH,5769,15/9-F-5,3420717,VOLVE,369304,MÆRSK INSPIRER,0.0,,,injection,WI,,,,,0.0,,,,,,,,
2008-08-06,NO 15/9-F-5 AH,5769,15/9-F-5,3420717,VOLVE,369304,MÆRSK INSPIRER,0.0,,,injection,WI,,,,,0.0,,,,,,,,
2008-08-07,NO 15/9-F-5 AH,5769,15/9-F-5,3420717,VOLVE,369304,MÆRSK INSPIRER,0.0,,,injection,WI,,,,,0.0,,,,,,,,
2008-08-08,NO 15/9-F-5 AH,5769,15/9-F-5,3420717,VOLVE,369304,MÆRSK INSPIRER,0.0,,,injection,WI,,,,,0.0,,,,,,,,
2008-08-09,NO 15/9-F-5 AH,5769,15/9-F-5,3420717,VOLVE,369304,MÆRSK INSPIRER,0.0,,,injection,WI,,,,,0.0,,,,,,,,
2008-08-10,NO 15/9-F-5 AH,5769,15/9-F-5,3420717,VOLVE,369304,MÆRSK INSPIRER,0.0,,,injection,WI,,,,,0.0,,,,,,,,
2008-08-11,NO 15/9-F-5 AH,5769,15/9-F-5,3420717,VOLVE,369304,MÆRSK INSPIRER,0.0,,,injection,WI,,,,,0.0,,,,,,,,
2008-08-12,NO 15/9-F-5 AH,5769,15/9-F-5,3420717,VOLVE,369304,MÆRSK INSPIRER,0.0,,,injection,WI,,,,,0.0,,,,,,,,
2008-08-13,NO 15/9-F-5 AH,5769,15/9-F-5,3420717,VOLVE,369304,MÆRSK INSPIRER,0.0,,,injection,WI,,,,,0.0,,,,,,,,
2008-08-14,NO 15/9-F-5 AH,5769,15/9-F-5,3420717,VOLVE,369304,MÆRSK INSPIRER,0.0,,,injection,WI,,,,,0.0,,,,,,,,
2008-08-15,NO 15/9-F-5 AH,5769,15/9-F-5,3420717,VOLVE,369304,MÆRSK INSPIRER,0.0,,,injection,WI,,,,,0.0,,,,,,,,
2008-08-16,NO 15/9-F-5 AH,5769,15/9-F-5,3420717,VOLVE,369304,MÆRSK INSPIRER,0.0,,,injection,WI,,,,,0.0,,,,,,,,
2008-08-17,NO 15/9-F-5 AH,5769,15/9-F-5,3420717,VOLVE,369304,MÆRSK INSPIRER,0.0,,,injection,WI,,,,,0.0,,,,,,,,
2008-08-18,NO 15/9-F-5 AH,5769,15/9-F-5,3420717,VOLVE,369304,MÆRSK INSPIRER,0.0,,,injection,WI,,,,,0.0,,,,,,,,
2008-08-19,NO 15/9-F-5 AH,5769,15/9-F-5,3420717,VOLVE,369304,MÆRSK INSPIRER,0.0,,,injection,WI,,,,,0.0,,,,,,,,
2008-08-20,NO 15/9-F-5 AH,5769,15/9-F-5,3420717,VOLVE,369304,MÆRSK INSPIRER,0.0,,,injection,WI,,,,,0.0,,,,,,,,
2008-08-21,NO 15/9-F-5 AH,5769,15/9-F-5,3420717,VOLVE,369304,MÆRSK INSPIRER,0.0,,,injection,WI,,,,,0.0,,,,,,,,
2008-08-22,NO 15/9-F-5 AH,5769,15/9-F-5,3420717,VOLVE,369304,MÆRSK INSPIRER,0.0,,,injection,WI,,,,,0.0,,,,,,,,
2008-08-23,NO 15/9-F-5 AH,5769,15/9-F-5,3420717,VOLVE,369304,MÆRSK INSPIRER,0.0,,,injection,WI,,,,,0.0,,,,,,,,
2008-08-24,NO 15/9-F-5 AH,5769,15/9-F-5,3420717,VOLVE,369304,MÆRSK INSPIRER,0.0,,,injection,WI,,,,,0.0,,,,,,,,
2008-08-25,NO 15/9-F-5 AH,5769,15/9-F-5,3420717,VOLVE,369304,MÆRSK INSPIRER,0.0,,,injection,WI,,,,,0.0,,,,,,,,
2008-08-26,NO 15/9-F-5 AH,5769,15/9-F-5,3420717,VOLVE,369304,MÆRSK INSPIRER,6.5,,,injection,WI,,,,,0.0,,8177.214072102893,,,,,,
2008-08-27,NO 15/9-F-5 AH,5769,15/9-F-5,3420717,VOLVE,369304,MÆRSK INSPIRER,9.0,,,injection,WI,,,,,0.0,,10805.89358,,,,,,
2008-08-28,NO 15/9-F-5 AH,5769,15/9-F-5,3420717,VOLVE,369304,MÆRSK INSPIRER,18.21,,,injection,WI,,,,,0.0,,19448.092520000002,,,,,,
2008-08-29,NO 15/9-F-5 AH,5769,15/9-F-5,3420717,VOLVE,369304,MÆRSK INSPIRER,16.54167,,,injection,WI,,,,,0.0,,13988.53744,,,,,,
2008-08-30,NO 15/9-F-5 AH,5769,15/9-F-5,3420717,VOLVE,369304,MÆRSK INSPIRER,24.0,,,injection,WI,,,,,0.0,,20170.532375858227,,,,,,
2008-08-31,NO 15/9-F-5 AH,5769,15/9-F-5,3420717,VOLVE,369304,MÆRSK INSPIRER,23.83,,,injection,WI,,,,,0.0,,18492.041400000002,,,,,,
2008-09-01,NO 15/9-F-5 AH,5769,15/9-F-5,3420717,VOLVE,369304,MÆRSK INSPIRER,24.0,,,injection,WI,,,,,0.0,,17555.225326172284,,,,,,
2008-09-02,NO 15/9-F-5 AH,5769,15/9-F-5,3420717,VOLVE,369304,MÆRSK INSPIRER,23.54167,,,injection,WI,,,,,0.0,,16819.581129349957,,,,,,
2008-09-03,NO 15/9-F-5 AH,5769,15/9-F-5,3420717,VOLVE,369304,MÆRSK INSPIRER,24.0,,,injection,WI,,,,,0.0,,16590.66756705193,,,,,,
2008-09-04,NO 15/9-F-5 AH,5769,15/9-F-5,3420717,VOLVE,369304,MÆRSK INSPIRER,24.0,,,injection,WI,,,,,0.0,,16337.137170450387,,,,,,
2008-09-05,NO 15/9-F-5 AH,5769,15/9-F-5,3420717,VOLVE,369304,MÆRSK INSPIRER,24.0,,,injection,WI,,,,,0.0,,15877.50610869068,,,,,,
2008-09-06,NO 15/9-F-5 AH,5769,15/9-F-5,3420717,VOLVE,369304,MÆRSK INSPIRER,21.2463,,,injection,WI,,,,,0.0,,15467.573051436253,,,,,,
2008-09-07,NO 15/9-F-5 AH,5769,15/9-F-5,3420717,VOLVE,369304,MÆRSK INSPIRER,0.0,,,injection,WI,,,,,0.0,,,,,,,,
2008-09-08,NO 15/9-F-5 AH,5769,15/9-F-5,3420717,VOLVE,369304,MÆRSK INSPIRER,22.95463,,,injection,WI,,,,,0.0,,21133.27502565143,,,,,,
2008-09-09,NO 15/9-F-5 AH,5769,15/9-F-5,3420717,VOLVE,369304,MÆRSK INSPIRER,21.14167,,,injection,WI,,,,,0.0,,15064.09495,,,,,,
2008-09-10,NO 15/9-F-5 AH,5769,15/9-F-5,3420717,VOLVE,369304,MÆRSK INSPIRER,24.0,,,injection,WI,,,,,0.0,,15842.027816887698,,,,,,
2008-09-11,NO 15/9-F-5 AH,5769,15/9-F-5,3420717,VOLVE,369304,MÆRSK INSPIRER,24.0,,,injection,WI,,,,,0.0,,15603.310710372782,,,,,,
2008-09-12,NO 15/9-F-5 AH,5769,15/9-F-5,3420717,VOLVE,369304,MÆRSK INSPIRER,24.0,,,injection,WI,,,,,0.0,,15156.103907685321,,,,,,
2008-09-13,NO 15/9-F-5 AH,5769,15/9-F-5,3420717,VOLVE,369304,MÆRSK INSPIRER,24.0,,,injection,WI,,,,,0.0,,15450.040671397488,,,,,,
2008-09-14,NO 15/9-F-5 AH,5769,15/9-F-5,3420717,VOLVE,369304,MÆRSK INSPIRER,23.9963,,,injection,WI,,,,,0.0,,14976.03761,,,,,,
2008-09-15,NO 15/9-F-5 AH,5769,15/9-F-5,3420717,VOLVE,369304,MÆRSK INSPIRER,17.29167,,,injection,WI,,,,,0.0,,11447.4542,,,,,,
2008-09-16,NO 15/9-F-5 AH,5769,15/9-F-5,3420717,VOLVE,369304,MÆRSK INSPIRER,0.0,,,injection,WI,,,,,0.0,,,,,,,,
2008-09-17,NO 15/9-F-5 AH,5769,15/9-F-5,3420717,VOLVE,369304,MÆRSK INSPIRER,0.0,,,injection,WI,,,,,0.0,,,,,,,,
2008-09-18,NO 15/9-F-5 AH,5769,15/9-F-5,3420717,VOLVE,369304,MÆRSK INSPIRER,0.0,,,injection,WI,,,,,0.0,,,,,,,,
2008-09-19,NO 15/9-F-5 AH,5769,15/9-F-5,3420717,VOLVE,369304,MÆRSK INSPIRER,12.29167,,,injection,WI,,,,,0.0,,16001.27664,,,,,,
2008-09-20,NO 15/9-F-5 AH,5769,15/9-F-5,3420717,VOLVE,369304,MÆRSK INSPIRER,24.0,,,injection,WI,,,,,0.0,,18670.83375170566,,,,,,
2008-09-21,NO 15/9-F-5 AH,5769,15/9-F-5,3420717,VOLVE,369304,MÆRSK INSPIRER,7.74999,,,injection,WI,,,,,0.0,,8384.31673,,,,,,
2008-09-22,NO 15/9-F-5 AH,5769,15/9-F-5,3420717,VOLVE,369304,MÆRSK INSPIRER,18.29167,,,injection,WI,,,,,0.0,,15020.066280000001,,,,,,
2008-09-23,NO 15/9-F-5 AH,5769,15/9-F-5,3420717,VOLVE,369304,MÆRSK INSPIRER,21.5,,,injection,WI,,,,,0.0,,17719.97323276289,,,,,,
2008-09-24,NO 15/9-F-5 AH,5769,15/9-F-5,3420717,VOLVE,369304,MÆRSK INSPIRER,16.04166,,,injection,WI,,,,,0.0,,19435.21296116043,,,,,,
2008-09-25,NO 15/9-F-5 AH,5769,15/9-F-5,3420717,VOLVE,369304,MÆRSK INSPIRER,21.83334,,,injection,WI,,,,,0.0,,15884.859017078401,,,,,,
2008-09-26,NO 15/9-F-5 AH,5769,15/9-F-5,3420717,VOLVE,369304,MÆRSK INSPIRER,24.0,,,injection,WI,,,,,0.0,,15913.038626518128,,,,,,
2008-09-27,NO 15/9-F-5 AH,5769,15/9-F-5,3420717,VOLVE,369304,MÆRSK INSPIRER,21.5,,,injection,WI,,,,,0.0,,15515.872992778777,,,,,,
2008-09-28,NO 15/9-F-5 AH,5769,15/9-F-5,3420717,VOLVE,369304,MÆRSK INSPIRER,20.70833,,,injection,WI,,,,,0.0,,15001.973923078876,,,,,,
2008-09-29,NO 15/9-F-5 AH,5769,15/9-F-5,3420717,VOLVE,369304,MÆRSK INSPIRER,23.79167,,,injection,WI,,,,,0.0,,14850.201100180162,,,,,,
2008-09-30,NO 15/9-F-5 AH,5769,15/9-F-5,3420717,VOLVE,369304,MÆRSK INSPIRER,24.0,,,injection,WI,,,,,0.0,,11951.8870241002,,,,,,
2008-10-01,NO 15/9-F-5 AH,5769,15/9-F-5,3420717,VOLVE,369304,MÆRSK INSPIRER,24.0,,,injection,WI,,,,,0.0,,9928.498216574175,,,,,,
2008-10-02,NO 15/9-F-5 AH,5769,15/9-F-5,3420717,VOLVE,369304,MÆRSK INSPIRER,24.0,,,injection,WI,,,,,0.0,,8653.852798246282,,,,,,
2008-10-03,NO 15/9-F-5 AH,5769,15/9-F-5,3420717,VOLVE,369304,MÆRSK INSPIRER,24.0,,,injection,WI,,,,,0.0,,10644.293729429488,,,,,,
2008-10-04,NO 15/9-F-5 AH,5769,15/9-F-5,3420717,VOLVE,369304,MÆRSK INSPIRER,15.5,,,injection,WI,,,,,0.0,,11504.06249,,,,,,
2008-10-05,NO 15/9-F-5 AH,5769,15/9-F-5,3420717,VOLVE,369304,MÆRSK INSPIRER,24.0,,,injection,WI,,,,,0.0,,15091.940984550913,,,,,,
2008-10-06,NO 15/9-F-5 AH,5769,15/9-F-5,3420717,VOLVE,369304,MÆRSK INSPIRER,18.66667,,,injection,WI,,,,,0.0,,13523.0915,,,,,,
2008-10-07,NO 15/9-F-5 AH,5769,15/9-F-5,3420717,VOLVE,369304,MÆRSK INSPIRER,24.0,,,injection,WI,,,,,0.0,,15107.723813468858,,,,,,
2008-10-08,NO 15/9-F-5 AH,5769,15/9-F-5,3420717,VOLVE,369304,MÆRSK INSPIRER,2.20833,,,injection,WI,,,,,0.0,,1257.962,,,,,,
2008-10-09,NO 15/9-F-5 AH,5769,15/9-F-5,3420717,VOLVE,369304,MÆRSK INSPIRER,19.125,,,injection,WI,,,,,0.0,,22884.252326468657,,,,,,
2008-10-10,NO 15/9-F-5 AH,5769,15/9-F-5,3420717,VOLVE,369304,MÆRSK INSPIRER,20.58333,,,injection,WI,,,,,0.0,,16415.63796457334,,,,,,
2008-10-11,NO 15/9-F-5 AH,5769,15/9-F-5,3420717,VOLVE,369304,MÆRSK INSPIRER,15.90833,,,injection,WI,,,,,0.0,,13089.09461,,,,,,
2008-10-12,NO 15/9-F-5 AH,5769,15/9-F-5,3420717,VOLVE,369304,MÆRSK INSPIRER,9.925,,,injection,WI,,,,,0.0,,21221.607121213536,,,,,,
2008-10-13,NO 15/9-F-5 AH,5769,15/9-F-5,3420717,VOLVE,369304,MÆRSK INSPIRER,24.0,,,injection,WI,,,,,0.0,,17998.004278210272,,,,,,
2008-10-14,NO 15/9-F-5 AH,5769,15/9-F-5,3420717,VOLVE,369304,MÆRSK INSPIRER,4.90833,,,injection,WI,,,,,0.0,,3666.95923,,,,,,
2008-10-15,NO 15/9-F-5 AH,5769,15/9-F-5,3420717,VOLVE,369304,MÆRSK INSPIRER,0.0,,,injection,WI,,,,,0.0,,,,,,,,
2008-10-16,NO 15/9-F-5 AH,5769,15/9-F-5,3420717,VOLVE,369304,MÆRSK INSPIRER,0.0,,,injection,WI,,,,,0.0,,,,,,,,
2008-10-17,NO 15/9-F-5 AH,5769,15/9-F-5,3420717,VOLVE,369304,MÆRSK INSPIRER,9.425,,,injection,WI,,,,,0.0,,29267.114911000004,,,,,,
2008-10-18,NO 15/9-F-5 AH,5769,15/9-F-5,3420717,VOLVE,369304,MÆRSK INSPIRER,19.74167,,,injection,WI,,,,,0.0,,41263.669524,,,,,,
2008-10-19,NO 15/9-F-5 AH,5769,15/9-F-5,3420717,VOLVE,369304,MÆRSK INSPIRER,19.75833,,,injection,WI,,,,,0.0,,35062.04134248481,,,,,,
2008-10-20,NO 15/9-F-5 AH,5769,15/9-F-5,3420717,VOLVE,369304,MÆRSK INSPIRER,22.16667,,,injection,WI,,,,,0.0,,39696.99033996204,,,,,,
2008-10-21,NO 15/9-F-5 AH,5769,15/9-F-5,3420717,VOLVE,369304,MÆRSK INSPIRER,24.0,,,injection,WI,,,,,0.0,,50482.01506,,,,,,
2008-10-22,NO 15/9-F-5 AH,5769,15/9-F-5,3420717,VOLVE,369304,MÆRSK INSPIRER,24.0,,,injection,WI,,,,,0.0,,42990.851350000004,,,,,,
2008-10-23,NO 15/9-F-5 AH,5769,15/9-F-5,3420717,VOLVE,369304,MÆRSK INSPIRER,19.83334,,,injection,WI,,,,,0.0,,32084.32081,,,,,,
2008-10-24,NO 15/9-F-5 AH,5769,15/9-F-5,3420717,VOLVE,369304,MÆRSK INSPIRER,23.5,,,injection,WI,,,,,0.0,,38861.591085,,,,,,
2008-10-25,NO 15/9-F-5 AH,5769,15/9-F-5,3420717,VOLVE,369304,MÆRSK INSPIRER,24.0,,,injection,WI,,,,,0.0,,40311.39229,,,,,,
2008-10-26,NO 15/9-F-5 AH,5769,15/9-F-5,3420717,VOLVE,369304,MÆRSK INSPIRER,25.0,,,injection,WI,,,,,0.0,,41751.758780000004,,,,,,
2008-10-27,NO 15/9-F-5 AH,5769,15/9-F-5,3420717,VOLVE,369304,MÆRSK INSPIRER,21.16666,,,injection,WI,,,,,0.0,,36543.7961,,,,,,
2008-10-28,NO 15/9-F-5 AH,5769,15/9-F-5,3420717,VOLVE,369304,MÆRSK INSPIRER,24.0,,,injection,WI,,,,,0.0,,45984.80091,,,,,,
2008-10-29,NO 15/9-F-5 AH,5769,15/9-F-5,3420717,VOLVE,369304,MÆRSK INSPIRER,16.725,,,injection,WI,,,,,0.0,,37411.789880000004,,,,,,
2008-10-30,NO 15/9-F-5 AH,5769,15/9-F-5,3420717,VOLVE,369304,MÆRSK INSPIRER,15.85833,,,injection,WI,,,,,0.0,,29687.9032,,,,,,
2008-10-31,NO 15/9-F-5 AH,5769,15/9-F-5,3420717,VOLVE,369304,MÆRSK INSPIRER,24.0,,,injection,WI,,,,,0.0,,46569.75324,,,,,,
2008-11-01,NO 15/9-F-5 AH,5769,15/9-F-5,3420717,VOLVE,369304,MÆRSK INSPIRER,21.5,,,injection,WI,,,,,0.0,,42707.8099,,,,,,
2008-11-02,NO 15/9-F-5 AH,5769,15/9-F-5,3420717,VOLVE,369304,MÆRSK INSPIRER,24.0,,,injection,WI,,,,,0.0,,46443.95704,,,,,,
2008-11-03,NO 15/9-F-5 AH,5769,15/9-F-5,3420717,VOLVE,369304,MÆRSK INSPIRER,24.0,,,injection,WI,,,,,0.0,,49557.412990000004,,,,,,
2008-11-04,NO 15/9-F-5 AH,5769,15/9-F-5,3420717,VOLVE,369304,MÆRSK INSPIRER,24.0,,,injection,WI,,,,,0.0,,37330.02235,,,,,,
2008-11-05,NO 15/9-F-5 AH,5769,15/9-F-5,3420717,VOLVE,369304,MÆRSK INSPIRER,24.0,,,injection,WI,,,,,0.0,,36053.19092,,,,,,
2008-11-06,NO 15/9-F-5 AH,5769,15/9-F-5,3420717,VOLVE,369304,MÆRSK INSPIRER,24.0,,,injection,WI,,,,,0.0,,46752.15773,,,,,,
2008-11-07,NO 15/9-F-5 AH,5769,15/9-F-5,3420717,VOLVE,369304,MÆRSK INSPIRER,24.0,,,injection,WI,,,,,0.0,,43701.59988,,,,,,
2008-11-08,NO 15/9-F-5 AH,5769,15/9-F-5,3420717,VOLVE,369304,MÆRSK INSPIRER,24.0,,,injection,WI,,,,,0.0,,47418.877590000004,,,,,,
2008-11-09,NO 15/9-F-5 AH,5769,15/9-F-5,3420717,VOLVE,369304,MÆRSK INSPIRER,24.0,,,injection,WI,,,,,0.0,,48431.537000000004,,,,,,
2008-11-10,NO 15/9-F-5 AH,5769,15/9-F-5,3420717,VOLVE,369304,MÆRSK INSPIRER,24.0,,,injection,WI,,,,,0.0,,47406.29797,,,,,,
2008-11-11,NO 15/9-F-5 AH,5769,15/9-F-5,3420717,VOLVE,369304,MÆRSK INSPIRER,24.0,,,injection,WI,,,,,0.0,,47085.51766,,,,,,
2008-11-12,NO 15/9-F-5 AH,5769,15/9-F-5,3420717,VOLVE,369304,MÆRSK INSPIRER,24.0,,,injection,WI,,,,,0.0,,45425.00782,,,,,,
2008-11-13,NO 15/9-F-5 AH,5769,15/9-F-5,3420717,VOLVE,369304,MÆRSK INSPIRER,24.0,,,injection,WI,,,,,0.0,,47079.856831000005,,,,,,
2008-11-14,NO 15/9-F-5 AH,5769,15/9-F-5,3420717,VOLVE,369304,MÆRSK INSPIRER,24.0,,,injection,WI,,,,,0.0,,47353.463566000006,,,,,,
2008-11-15,NO 15/9-F-5 AH,5769,15/9-F-5,3420717,VOLVE,369304,MÆRSK INSPIRER,24.0,,,injection,WI,,,,,0.0,,47062.245363,,,,,,
2008-11-16,NO 15/9-F-5 AH,5769,15/9-F-5,3420717,VOLVE,369304,MÆRSK INSPIRER,24.0,,,injection,WI,,,,,0.0,,47366.043186,,,,,,
2008-11-17,NO 15/9-F-5 AH,5769,15/9-F-5,3420717,VOLVE,369304,MÆRSK INSPIRER,24.0,,,injection,WI,,,,,0.0,,35849.401076,,,,,,
2008-11-18,NO 15/9-F-5 AH,5769,15/9-F-5,3420717,VOLVE,369304,MÆRSK INSPIRER,24.0,,,injection,WI,,,,,0.0,,6990.138842547393,,,,,,
2008-11-19,NO 15/9-F-5 AH,5769,15/9-F-5,3420717,VOLVE,369304,MÆRSK INSPIRER,22.66667,,,injection,WI,,,,,0.0,,30135.481313017903,,,,,,
2008-11-20,NO 15/9-F-5 AH,5769,15/9-F-5,3420717,VOLVE,369304,MÆRSK INSPIRER,24.0,,,injection,WI,,,,,0.0,,55663.02847379946,,,,,,
2008-11-21,NO 15/9-F-5 AH,5769,15/9-F-5,3420717,VOLVE,369304,MÆRSK INSPIRER,24.0,,,injection,WI,,,,,0.0,,44956.06702831688,,,,,,
2008-11-22,NO 15/9-F-5 AH,5769,15/9-F-5,3420717,VOLVE,369304,MÆRSK INSPIRER,24.0,,,injection,WI,,,,,0.0,,47380.24736564472,,,,,,
2008-11-23,NO 15/9-F-5 AH,5769,15/9-F-5,3420717,VOLVE,369304,MÆRSK INSPIRER,24.0,,,injection,WI,,,,,0.0,,46816.02733570732,,,,,,
2008-11-24,NO 15/9-F-5 AH,5769,15/9-F-5,3420717,VOLVE,369304,MÆRSK INSPIRER,24.0,,,injection,WI,,,,,0.0,,54157.83814970666,,,,,,
2008-11-25,NO 15/9-F-5 AH,5769,15/9-F-5,3420717,VOLVE,369304,MÆRSK INSPIRER,24.0,,,injection,WI,,,,,0.0,,56608.29,,,,,,
2008-11-26,NO 15/9-F-5 AH,5769,15/9-F-5,3420717,VOLVE,369304,MÆRSK INSPIRER,24.0,,,injection,WI,,,,,0.0,,53165.876987,,,,,,
2008-11-27,NO 15/9-F-5 AH,5769,15/9-F-5,3420717,VOLVE,369304,MÆRSK INSPIRER,24.0,,,injection,WI,,,,,0.0,,54981.745134,,,,,,
2008-11-28,NO 15/9-F-5 AH,5769,15/9-F-5,3420717,VOLVE,369304,MÆRSK INSPIRER,24.0,,,injection,WI,,,,,0.0,,55318.87895,,,,,,
2008-11-29,NO 15/9-F-5 AH,5769,15/9-F-5,3420717,VOLVE,369304,MÆRSK INSPIRER,24.0,,,injection,WI,,,,,0.0,,56595.081399,,,,,,
2008-11-30,NO 15/9-F-5 AH,5769,15/9-F-5,3420717,VOLVE,369304,MÆRSK INSPIRER,24.0,,,injection,WI,,,,,0.0,,56581.243817,,,,,,
2008-12-01,NO 15/9-F-5 AH,5769,15/9-F-5,3420717,VOLVE,369304,MÆRSK INSPIRER,24.0,,,injection,WI,,,,,0.0,,55810.74209200001,,,,,,
2008-12-02,NO 15/9-F-5 AH,5769,15/9-F-5,3420717,VOLVE,369304,MÆRSK INSPIRER,24.0,,,injection,WI,,,,,0.0,,55583.050970000004,,,,,,
2008-12-03,NO 15/9-F-5 AH,5769,15/9-F-5,3420717,VOLVE,369304,MÆRSK INSPIRER,24.0,,,injection,WI,,,,,0.0,,54985.51902,,,,,,
2008-12-04,NO 15/9-F-5 AH,5769,15/9-F-5,3420717,VOLVE,369304,MÆRSK INSPIRER,24.0,,,injection,WI,,,,,0.0,,55048.41712,,,,,,
2008-12-05,NO 15/9-F-5 AH,5769,15/9-F-5,3420717,VOLVE,369304,MÆRSK INSPIRER,24.0,,,injection,WI,,,,,0.0,,54494.91384,,,,,,
2008-12-06,NO 15/9-F-5 AH,5769,15/9-F-5,3420717,VOLVE,369304,MÆRSK INSPIRER,24.0,,,injection,WI,,,,,0.0,,55469.83439,,,,,,
2008-12-07,NO 15/9-F-5 AH,5769,15/9-F-5,3420717,VOLVE,369304,MÆRSK INSPIRER,24.0,,,injection,WI,,,,,0.0,,55513.86306,,,,,,
2008-12-08,NO 15/9-F-5 AH,5769,15/9-F-5,3420717,VOLVE,369304,MÆRSK INSPIRER,24.0,,,injection,WI,,,,,0.0,,47450.32664,,,,,,
2008-12-09,NO 15/9-F-5 AH,5769,15/9-F-5,3420717,VOLVE,369304,MÆRSK INSPIRER,24.0,,,injection,WI,,,,,0.0,,57192.87810151705,,,,,,
2008-12-10,NO 15/9-F-5 AH,5769,15/9-F-5,3420717,VOLVE,369304,MÆRSK INSPIRER,24.0,,,injection,WI,,,,,0.0,,53790.48712727064,,,,,,
2008-12-11,NO 15/9-F-5 AH,5769,15/9-F-5,3420717,VOLVE,369304,MÆRSK INSPIRER,24.0,,,injection,WI,,,,,0.0,,51556.446686147734,,,,,,
2008-12-12,NO 15/9-F-5 AH,5769,15/9-F-5,3420717,VOLVE,369304,MÆRSK INSPIRER,22.41667,,,injection,WI,,,,,0.0,,53519.99329,,,,,,
2008-12-13,NO 15/9-F-5 AH,5769,15/9-F-5,3420717,VOLVE,369304,MÆRSK INSPIRER,24.0,,,injection,WI,,,,,0.0,,55167.92351,,,,,,
2008-12-14,NO 15/9-F-5 AH,5769,15/9-F-5,3420717,VOLVE,369304,MÆRSK INSPIRER,23.83333,,,injection,WI,,,,,0.0,,51809.16497,,,,,,
2008-12-15,NO 15/9-F-5 AH,5769,15/9-F-5,3420717,VOLVE,369304,MÆRSK INSPIRER,24.0,,,injection,WI,,,,,0.0,,55016.96807,,,,,,
2008-12-16,NO 15/9-F-5 AH,5769,15/9-F-5,3420717,VOLVE,369304,MÆRSK INSPIRER,24.0,,,injection,WI,,,,,0.0,,55205.66237,,,,,,
2008-12-17,NO 15/9-F-5 AH,5769,15/9-F-5,3420717,VOLVE,369304,MÆRSK INSPIRER,24.0,,,injection,WI,,,,,0.0,,54689.89795,,,,,,
2008-12-18,NO 15/9-F-5 AH,5769,15/9-F-5,3420717,VOLVE,369304,MÆRSK INSPIRER,24.0,,,injection,WI,,,,,0.0,,55476.1242,,,,,,
2008-12-19,NO 15/9-F-5 AH,5769,15/9-F-5,3420717,VOLVE,369304,MÆRSK INSPIRER,24.0,,,injection,WI,,,,,0.0,,55979.309,,,,,,
2008-12-20,NO 15/9-F-5 AH,5769,15/9-F-5,3420717,VOLVE,369304,MÆRSK INSPIRER,24.0,,,injection,WI,,,,,0.0,,55916.4109,,,,,,
2008-12-21,NO 15/9-F-5 AH,5769,15/9-F-5,3420717,VOLVE,369304,MÆRSK INSPIRER,24.0,,,injection,WI,,,,,0.0,,53966.5698,,,,,,
2008-12-22,NO 15/9-F-5 AH,5769,15/9-F-5,3420717,VOLVE,369304,MÆRSK INSPIRER,24.0,,,injection,WI,,,,,0.0,,54696.18776,,,,,,
2008-12-23,NO 15/9-F-5 AH,5769,15/9-F-5,3420717,VOLVE,369304,MÆRSK INSPIRER,24.0,,,injection,WI,,,,,0.0,,51704.754124,,,,,,
2008-12-24,NO 15/9-F-5 AH,5769,15/9-F-5,3420717,VOLVE,369304,MÆRSK INSPIRER,24.0,,,injection,WI,,,,,0.0,,54374.149487999995,,,,,,
2008-12-25,NO 15/9-F-5 AH,5769,15/9-F-5,3420717,VOLVE,369304,MÆRSK INSPIRER,24.0,,,injection,WI,,,,,0.0,,55564.18154,,,,,,
2008-12-26,NO 15/9-F-5 AH,5769,15/9-F-5,3420717,VOLVE,369304,MÆRSK INSPIRER,24.0,,,injection,WI,,,,,0.0,,55906.976185,,,,,,
2008-12-27,NO 15/9-F-5 AH,5769,15/9-F-5,3420717,VOLVE,369304,MÆRSK INSPIRER,24.0,,,injection,WI,,,,,0.0,,56892.58941200001,,,,,,
2008-12-28,NO 15/9-F-5 AH,5769,15/9-F-5,3420717,VOLVE,369304,MÆRSK INSPIRER,24.0,,,injection,WI,,,,,0.0,,57300.798081,,,,,,
2008-12-29,NO 15/9-F-5 AH,5769,15/9-F-5,3420717,VOLVE,369304,MÆRSK INSPIRER,24.0,,,injection,WI,,,,,0.0,,57325.957321,,,,,,
2008-12-30,NO 15/9-F-5 AH,5769,15/9-F-5,3420717,VOLVE,369304,MÆRSK INSPIRER,24.0,,,injection,WI,,,,,0.0,,56306.37912,,,,,,
2008-12-31,NO 15/9-F-5 AH,5769,15/9-F-5,3420717,VOLVE,369304,MÆRSK INSPIRER,24.0,,,injection,WI,,,,,0.0,,55786.41090417612,,,,,,
2009-01-01,NO 15/9-F-5 AH,5769,15/9-F-5,3420717,VOLVE,369304,MÆRSK INSPIRER,24.0,,,injection,WI,,,,,0.0,,54312.50935,,,,,,
2009-01-02,NO 15/9-F-5 AH,5769,15/9-F-5,3420717,VOLVE,369304,MÆRSK INSPIRER,24.0,,,injection,WI,,,,,0.0,,52533.79766197418,,,,,,
2009-01-03,NO 15/9-F-5 AH,5769,15/9-F-5,3420717,VOLVE,369304,MÆRSK INSPIRER,14.41667,,,injection,WI,,,,,0.0,,32122.059670000002,,,,,,
2009-01-04,NO 15/9-F-5 AH,5769,15/9-F-5,3420717,VOLVE,369304,MÆRSK INSPIRER,24.0,,,injection,WI,,,,,0.0,,56004.48776776344,,,,,,
2009-01-05,NO 15/9-F-5 AH,5769,15/9-F-5,3420717,VOLVE,369304,MÆRSK INSPIRER,24.0,,,injection,WI,,,,,0.0,,55764.197497999994,,,,,,
2009-01-06,NO 15/9-F-5 AH,5769,15/9-F-5,3420717,VOLVE,369304,MÆRSK INSPIRER,17.16666,,,injection,WI,,,,,0.0,,37831.949188,,,,,,
2009-01-07,NO 15/9-F-5 AH,5769,15/9-F-5,3420717,VOLVE,369304,MÆRSK INSPIRER,24.0,,,injection,WI,,,,,0.0,,49879.232945315656,,,,,,
2009-01-08,NO 15/9-F-5 AH,5769,15/9-F-5,3420717,VOLVE,369304,MÆRSK INSPIRER,24.0,,,injection,WI,,,,,0.0,,55095.590695,,,,,,
2009-01-09,NO 15/9-F-5 AH,5769,15/9-F-5,3420717,VOLVE,369304,MÆRSK INSPIRER,24.0,,,injection,WI,,,,,0.0,,54448.369246,,,,,,
2009-01-10,NO 15/9-F-5 AH,5769,15/9-F-5,3420717,VOLVE,369304,MÆRSK INSPIRER,24.0,,,injection,WI,,,,,0.0,,54893.687794,,,,,,
2009-01-11,NO 15/9-F-5 AH,5769,15/9-F-5,3420717,VOLVE,369304,MÆRSK INSPIRER,24.0,,,injection,WI,,,,,0.0,,53059.579198,,,,,,
2009-01-12,NO 15/9-F-5 AH,5769,15/9-F-5,3420717,VOLVE,369304,MÆRSK INSPIRER,23.83333,,,injection,WI,,,,,0.0,,52571.8044325,,,,,,
2009-01-13,NO 15/9-F-5 AH,5769,15/9-F-5,3420717,VOLVE,369304,MÆRSK INSPIRER,24.0,,,injection,WI,,,,,0.0,,55784.32489,,,,,,
2009-01-14,NO 15/9-F-5 AH,5769,15/9-F-5,3420717,VOLVE,369304,MÆRSK INSPIRER,24.0,,,injection,WI,,,,,0.0,,54947.78016,,,,,,
2009-01-15,NO 15/9-F-5 AH,5769,15/9-F-5,3420717,VOLVE,369304,MÆRSK INSPIRER,24.0,,,injection,WI,,,,,0.0,,55111.315220000004,,,,,,
2009-01-16,NO 15/9-F-5 AH,5769,15/9-F-5,3420717,VOLVE,369304,MÆRSK INSPIRER,24.0,,,injection,WI,,,,,0.0,,54916.33111,,,,,,
2009-01-17,NO 15/9-F-5 AH,5769,15/9-F-5,3420717,VOLVE,369304,MÆRSK INSPIRER,24.0,,,injection,WI,,,,,0.0,,55589.34078,,,,,,
2009-01-18,NO 15/9-F-5 AH,5769,15/9-F-5,3420717,VOLVE,369304,MÆRSK INSPIRER,24.0,,,injection,WI,,,,,0.0,,54733.92662,,,,,,
2009-01-19,NO 15/9-F-5 AH,5769,15/9-F-5,3420717,VOLVE,369304,MÆRSK INSPIRER,24.0,,,injection,WI,,,,,0.0,,55583.050970000004,,,,,,
2009-01-20,NO 15/9-F-5 AH,5769,15/9-F-5,3420717,VOLVE,369304,MÆRSK INSPIRER,24.0,,,injection,WI,,,,,0.0,,55570.47135,,,,,,
2009-01-21,NO 15/9-F-5 AH,5769,15/9-F-5,3420717,VOLVE,369304,MÆRSK INSPIRER,22.175,,,injection,WI,,,,,0.0,,53847.06341,,,,,,
2009-01-22,NO 15/9-F-5 AH,5769,15/9-F-5,3420717,VOLVE,369304,MÆRSK INSPIRER,19.99166,,,injection,WI,,,,,0.0,,55211.95218,,,,,,
2009-01-23,NO 15/9-F-5 AH,5769,15/9-F-5,3420717,VOLVE,369304,MÆRSK INSPIRER,24.0,,,injection,WI,,,,,0.0,,52326.18735200001,,,,,,
2009-01-24,NO 15/9-F-5 AH,5769,15/9-F-5,3420717,VOLVE,369304,MÆRSK INSPIRER,24.0,,,injection,WI,,,,,0.0,,54855.948934,,,,,,
2009-01-25,NO 15/9-F-5 AH,5769,15/9-F-5,3420717,VOLVE,369304,MÆRSK INSPIRER,24.0,,,injection,WI,,,,,0.0,,54477.931353,,,,,,
2009-01-26,NO 15/9-F-5 AH,5769,15/9-F-5,3420717,VOLVE,369304,MÆRSK INSPIRER,24.0,,,injection,WI,,,,,0.0,,55186.79294,,,,,,
2009-01-27,NO 15/9-F-5 AH,5769,15/9-F-5,3420717,VOLVE,369304,MÆRSK INSPIRER,24.0,,,injection,WI,,,,,0.0,,55350.328,,,,,,
2009-01-28,NO 15/9-F-5 AH,5769,15/9-F-5,3420717,VOLVE,369304,MÆRSK INSPIRER,13.75833,,,injection,WI,,,,,0.0,,32675.56295,,,,,,
2009-01-29,NO 15/9-F-5 AH,5769,15/9-F-5,3420717,VOLVE,369304,MÆRSK INSPIRER,10.15833,,,injection,WI,,,,,0.0,,23152.79061,,,,,,
2009-01-30,NO 15/9-F-5 AH,5769,15/9-F-5,3420717,VOLVE,369304,MÆRSK INSPIRER,24.0,,,injection,WI,,,,,0.0,,54356.53802,,,,,,
2009-01-31,NO 15/9-F-5 AH,5769,15/9-F-5,3420717,VOLVE,369304,MÆRSK INSPIRER,24.0,,,injection,WI,,,,,0.0,,53249.53146,,,,,,
2009-02-01,NO 15/9-F-5 AH,5769,15/9-F-5,3420717,VOLVE,369304,MÆRSK INSPIRER,16.0,,,injection,WI,,,,,0.0,,35776.43928,,,,,,
2009-02-02,NO 15/9-F-5 AH,5769,15/9-F-5,3420717,VOLVE,369304,MÆRSK INSPIRER,24.0,,,injection,WI,,,,,0.0,,51658.20953,,,,,,
2009-02-03,NO 15/9-F-5 AH,5769,15/9-F-5,3420717,VOLVE,369304,MÆRSK INSPIRER,24.0,,,injection,WI,,,,,0.0,,54742.103373,,,,,,
2009-02-04,NO 15/9-F-5 AH,5769,15/9-F-5,3420717,VOLVE,369304,MÆRSK INSPIRER,8.83333,,,injection,WI,,,,,0.0,,20030.528926,,,,,,
2009-02-05,NO 15/9-F-5 AH,5769,15/9-F-5,3420717,VOLVE,369304,MÆRSK INSPIRER,21.91666,,,injection,WI,,,,,0.0,,48169.251923,,,,,,
2009-02-06,NO 15/9-F-5 AH,5769,15/9-F-5,3420717,VOLVE,369304,MÆRSK INSPIRER,24.0,,,injection,WI,,,,,0.0,,53535.717815,,,,,,
2009-02-07,NO 15/9-F-5 AH,5769,15/9-F-5,3420717,VOLVE,369304,MÆRSK INSPIRER,24.0,,,injection,WI,,,,,0.0,,54023.807071,,,,,,
2009-02-08,NO 15/9-F-5 AH,5769,15/9-F-5,3420717,VOLVE,369304,MÆRSK INSPIRER,24.0,,,injection,WI,,,,,0.0,,53887.947175,,,,,,
2009-02-09,NO 15/9-F-5 AH,5769,15/9-F-5,3420717,VOLVE,369304,MÆRSK INSPIRER,24.0,,,injection,WI,,,,,0.0,,43267.60299,,,,,,
2009-02-10,NO 15/9-F-5 AH,5769,15/9-F-5,3420717,VOLVE,369304,MÆRSK INSPIRER,24.0,,,injection,WI,,,,,0.0,,54141.19029108168,,,,,,
2009-02-11,NO 15/9-F-5 AH,5769,15/9-F-5,3420717,VOLVE,369304,MÆRSK INSPIRER,24.0,,,injection,WI,,,,,0.0,,52071.450047000006,,,,,,
2009-02-12,NO 15/9-F-5 AH,5769,15/9-F-5,3420717,VOLVE,369304,MÆRSK INSPIRER,24.0,,,injection,WI,,,,,0.0,,53060.83716,,,,,,
2009-02-13,NO 15/9-F-5 AH,5769,15/9-F-5,3420717,VOLVE,369304,MÆRSK INSPIRER,18.33333,,,injection,WI,,,,,0.0,,43361.95014,,,,,,
2009-02-14,NO 15/9-F-5 AH,5769,15/9-F-5,3420717,VOLVE,369304,MÆRSK INSPIRER,24.0,,,injection,WI,,,,,0.0,,52809.873741,,,,,,
2009-02-15,NO 15/9-F-5 AH,5769,15/9-F-5,3420717,VOLVE,369304,MÆRSK INSPIRER,24.0,,,injection,WI,,,,,0.0,,53180.34355,,,,,,
2009-02-16,NO 15/9-F-5 AH,5769,15/9-F-5,3420717,VOLVE,369304,MÆRSK INSPIRER,20.66667,,,injection,WI,,,,,0.0,,48722.126222,,,,,,
2009-02-17,NO 15/9-F-5 AH,5769,15/9-F-5,3420717,VOLVE,369304,MÆRSK INSPIRER,24.0,,,injection,WI,,,,,0.0,,53223.114257999994,,,,,,
2009-02-18,NO 15/9-F-5 AH,5769,15/9-F-5,3420717,VOLVE,369304,MÆRSK INSPIRER,24.0,,,injection,WI,,,,,0.0,,50959.411639,,,,,,
2009-02-19,NO 15/9-F-5 AH,5769,15/9-F-5,3420717,VOLVE,369304,MÆRSK INSPIRER,24.0,,,injection,WI,,,,,0.0,,52453.241514,,,,,,
2009-02-20,NO 15/9-F-5 AH,5769,15/9-F-5,3420717,VOLVE,369304,MÆRSK INSPIRER,24.0,,,injection,WI,,,,,0.0,,54639.579470000004,,,,,,
2009-02-21,NO 15/9-F-5 AH,5769,15/9-F-5,3420717,VOLVE,369304,MÆRSK INSPIRER,24.0,,,injection,WI,,,,,0.0,,53928.83094,,,,,,
2009-02-22,NO 15/9-F-5 AH,5769,15/9-F-5,3420717,VOLVE,369304,MÆRSK INSPIRER,24.0,,,injection,WI,,,,,0.0,,54965.081647817926,,,,,,
2009-02-23,NO 15/9-F-5 AH,5769,15/9-F-5,3420717,VOLVE,369304,MÆRSK INSPIRER,24.0,,,injection,WI,,,,,0.0,,54967.278571,,,,,,
2009-02-24,NO 15/9-F-5 AH,5769,15/9-F-5,3420717,VOLVE,369304,MÆRSK INSPIRER,22.0,,,injection,WI,,,,,0.0,,50884.562900000004,,,,,,
2009-02-25,NO 15/9-F-5 AH,5769,15/9-F-5,3420717,VOLVE,369304,MÆRSK INSPIRER,24.0,,,injection,WI,,,,,0.0,,56010.758050000004,,,,,,
2009-02-26,NO 15/9-F-5 AH,5769,15/9-F-5,3420717,VOLVE,369304,MÆRSK INSPIRER,24.0,,,injection,WI,,,,,0.0,,55664.8185,,,,,,
2009-02-27,NO 15/9-F-5 AH,5769,15/9-F-5,3420717,VOLVE,369304,MÆRSK INSPIRER,24.0,,,injection,WI,,,,,0.0,,56193.16254,,,,,,
2009-02-28,NO 15/9-F-5 AH,5769,15/9-F-5,3420717,VOLVE,369304,MÆRSK INSPIRER,24.0,,,injection,WI,,,,,0.0,,55809.484130000004,,,,,,
2009-03-01,NO 15/9-F-5 AH,5769,15/9-F-5,3420717,VOLVE,369304,MÆRSK INSPIRER,24.0,,,injection,WI,,,,,0.0,,56004.46824,,,,,,
2009-03-02,NO 15/9-F-5 AH,5769,15/9-F-5,3420717,VOLVE,369304,MÆRSK INSPIRER,24.0,,,injection,WI,,,,,0.0,,56042.2071,,,,,,
2009-03-03,NO 15/9-F-5 AH,5769,15/9-F-5,3420717,VOLVE,369304,MÆRSK INSPIRER,24.0,,,injection,WI,,,,,0.0,,53788.56817700001,,,,,,
2009-03-04,NO 15/9-F-5 AH,5769,15/9-F-5,3420717,VOLVE,369304,MÆRSK INSPIRER,20.75,,,injection,WI,,,,,0.0,,52576.52179,,,,,,
2009-03-05,NO 15/9-F-5 AH,5769,15/9-F-5,3420717,VOLVE,369304,MÆRSK INSPIRER,13.25,,,injection,WI,,,,,0.0,,32652.605143500004,,,,,,
2009-03-06,NO 15/9-F-5 AH,5769,15/9-F-5,3420717,VOLVE,369304,MÆRSK INSPIRER,19.025,,,injection,WI,,,,,0.0,,46261.55255,,,,,,
2009-03-07,NO 15/9-F-5 AH,5769,15/9-F-5,3420717,VOLVE,369304,MÆRSK INSPIRER,17.975,,,injection,WI,,,,,0.0,,47437.74702,,,,,,
2009-03-08,NO 15/9-F-5 AH,5769,15/9-F-5,3420717,VOLVE,369304,MÆRSK INSPIRER,24.0,,,injection,WI,,,,,0.0,,62983.641416000006,,,,,,
2009-03-09,NO 15/9-F-5 AH,5769,15/9-F-5,3420717,VOLVE,369304,MÆRSK INSPIRER,18.525,,,injection,WI,,,,,0.0,,42626.04237,,,,,,
2009-03-10,NO 15/9-F-5 AH,5769,15/9-F-5,3420717,VOLVE,369304,MÆRSK INSPIRER,0.0,,,injection,WI,,,,,0.0,,,,,,,,
2009-03-11,NO 15/9-F-5 AH,5769,15/9-F-5,3420717,VOLVE,369304,MÆRSK INSPIRER,0.0,,,injection,WI,,,,,0.0,,,,,,,,
2009-03-12,NO 15/9-F-5 AH,5769,15/9-F-5,3420717,VOLVE,369304,MÆRSK INSPIRER,0.0,,,injection,WI,,,,,0.0,,,,,,,,
2009-03-13,NO 15/9-F-5 AH,5769,15/9-F-5,3420717,VOLVE,369304,MÆRSK INSPIRER,0.0,,,injection,WI,,,,,0.0,,,,,,,,
2009-03-14,NO 15/9-F-5 AH,5769,15/9-F-5,3420717,VOLVE,369304,MÆRSK INSPIRER,0.0,,,injection,WI,,,,,0.0,,,,,,,,
2009-03-15,NO 15/9-F-5 AH,5769,15/9-F-5,3420717,VOLVE,369304,MÆRSK INSPIRER,0.0,,,injection,WI,,,,,0.0,,,,,,,,
2009-03-16,NO 15/9-F-5 AH,5769,15/9-F-5,3420717,VOLVE,369304,MÆRSK INSPIRER,0.0,,,injection,WI,,,,,0.0,,,,,,,,
2009-03-17,NO 15/9-F-5 AH,5769,15/9-F-5,3420717,VOLVE,369304,MÆRSK INSPIRER,0.0,,,injection,WI,,,,,0.0,,,,,,,,
2009-03-18,NO 15/9-F-5 AH,5769,15/9-F-5,3420717,VOLVE,369304,MÆRSK INSPIRER,0.0,,,injection,WI,,,,,0.0,,,,,,,,
2009-03-19,NO 15/9-F-5 AH,5769,15/9-F-5,3420717,VOLVE,369304,MÆRSK INSPIRER,0.0,,,injection,WI,,,,,0.0,,,,,,,,
2009-03-20,NO 15/9-F-5 AH,5769,15/9-F-5,3420717,VOLVE,369304,MÆRSK INSPIRER,0.0,,,injection,WI,,,,,0.0,,,,,,,,
2009-03-21,NO 15/9-F-5 AH,5769,15/9-F-5,3420717,VOLVE,369304,MÆRSK INSPIRER,0.0,,,injection,WI,,,,,0.0,,,,,,,,
2009-03-22,NO 15/9-F-5 AH,5769,15/9-F-5,3420717,VOLVE,369304,MÆRSK INSPIRER,0.0,,,injection,WI,,,,,0.0,,,,,,,,
2009-03-23,NO 15/9-F-5 AH,5769,15/9-F-5,3420717,VOLVE,369304,MÆRSK INSPIRER,0.0,,,injection,WI,,,,,0.0,,,,,,,,
2009-03-24,NO 15/9-F-5 AH,5769,15/9-F-5,3420717,VOLVE,369304,MÆRSK INSPIRER,0.0,,,injection,WI,,,,,0.0,,,,,,,,
2009-03-25,NO 15/9-F-5 AH,5769,15/9-F-5,3420717,VOLVE,369304,MÆRSK INSPIRER,0.0,,,injection,WI,,,,,0.0,,,,,,,,
2009-03-26,NO 15/9-F-5 AH,5769,15/9-F-5,3420717,VOLVE,369304,MÆRSK INSPIRER,0.0,,,injection,WI,,,,,0.0,,,,,,,,
2009-03-27,NO 15/9-F-5 AH,5769,15/9-F-5,3420717,VOLVE,369304,MÆRSK INSPIRER,0.0,,,injection,WI,,,,,0.0,,,,,,,,
2009-03-28,NO 15/9-F-5 AH,5769,15/9-F-5,3420717,VOLVE,369304,MÆRSK INSPIRER,8.05833,,,injection,WI,,,,,0.0,,20045.62447,,,,,,
2009-03-29,NO 15/9-F-5 AH,5769,15/9-F-5,3420717,VOLVE,369304,MÆRSK INSPIRER,6.35834,,,injection,WI,,,,,0.0,,17668.07629,,,,,,
2009-03-30,NO 15/9-F-5 AH,5769,15/9-F-5,3420717,VOLVE,369304,MÆRSK INSPIRER,0.64167,,,injection,WI,,,,,0.0,,1603.90155,,,,,,
2009-03-31,NO 15/9-F-5 AH,5769,15/9-F-5,3420717,VOLVE,369304,MÆRSK INSPIRER,24.0,,,injection,WI,,,,,0.0,,24025.187256999998,,,,,,
2009-04-01,NO 15/9-F-5 AH,5769,15/9-F-5,3420717,VOLVE,369304,MÆRSK INSPIRER,24.0,,,injection,WI,,,,,0.0,,29614.312423000003,,,,,,
2009-04-02,NO 15/9-F-5 AH,5769,15/9-F-5,3420717,VOLVE,369304,MÆRSK INSPIRER,24.0,,,injection,WI,,,,,0.0,,28728.3926845,,,,,,
2009-04-03,NO 15/9-F-5 AH,5769,15/9-F-5,3420717,VOLVE,369304,MÆRSK INSPIRER,24.0,,,injection,WI,,,,,0.0,,28159.1648795,,,,,,
2009-04-04,NO 15/9-F-5 AH,5769,15/9-F-5,3420717,VOLVE,369304,MÆRSK INSPIRER,24.0,,,injection,WI,,,,,0.0,,29667.775808000002,,,,,,
2009-04-05,NO 15/9-F-5 AH,5769,15/9-F-5,3420717,VOLVE,369304,MÆRSK INSPIRER,22.525,,,injection,WI,,,,,0.0,,25446.055336,,,,,,
2009-04-06,NO 15/9-F-5 AH,5769,15/9-F-5,3420717,VOLVE,369304,MÆRSK INSPIRER,0.0,,,injection,WI,,,,,0.0,,,,,,,,
2009-04-07,NO 15/9-F-5 AH,5769,15/9-F-5,3420717,VOLVE,369304,MÆRSK INSPIRER,0.0,,,injection,WI,,,,,0.0,,0.0,,,,,,
2009-04-08,NO 15/9-F-5 AH,5769,15/9-F-5,3420717,VOLVE,369304,MÆRSK INSPIRER,9.525,,,injection,WI,,,,,0.0,,11416.00515,,,,,,
2009-04-09,NO 15/9-F-5 AH,5769,15/9-F-5,3420717,VOLVE,369304,MÆRSK INSPIRER,16.33333,,,injection,WI,,,,,0.0,,18749.92361,,,,,,
2009-04-10,NO 15/9-F-5 AH,5769,15/9-F-5,3420717,VOLVE,369304,MÆRSK INSPIRER,0.30833,,,injection,WI,,,,,0.0,,1664.5842531218002,,,,,,
2009-04-11,NO 15/9-F-5 AH,5769,15/9-F-5,3420717,VOLVE,369304,MÆRSK INSPIRER,0.0,,,injection,WI,,,,,0.0,,,,,,,,
2009-04-12,NO 15/9-F-5 AH,5769,15/9-F-5,3420717,VOLVE,369304,MÆRSK INSPIRER,12.85833,,,injection,WI,,,,,0.0,,16724.60479,,,,,,
2009-04-13,NO 15/9-F-5 AH,5769,15/9-F-5,3420717,VOLVE,369304,MÆRSK INSPIRER,24.0,,,injection,WI,,,,,0.0,,28637.50493,,,,,,
2009-04-14,NO 15/9-F-5 AH,5769,15/9-F-5,3420717,VOLVE,369304,MÆRSK INSPIRER,24.0,,,injection,WI,,,,,0.0,,22935.792165,,,,,,
2009-04-15,NO 15/9-F-5 AH,5769,15/9-F-5,3420717,VOLVE,369304,MÆRSK INSPIRER,3.975,,,injection,WI,,,,,0.0,,4399.722095,,,,,,
2009-04-16,NO 15/9-F-5 AH,5769,15/9-F-5,3420717,VOLVE,369304,MÆRSK INSPIRER,20.52501,,,injection,WI,,,,,0.0,,20153.180221,,,,,,
2009-04-17,NO 15/9-F-5 AH,5769,15/9-F-5,3420717,VOLVE,369304,MÆRSK INSPIRER,24.0,,,injection,WI,,,,,0.0,,28681.5336,,,,,,
2009-04-18,NO 15/9-F-5 AH,5769,15/9-F-5,3420717,VOLVE,369304,MÆRSK INSPIRER,13.14166,,,injection,WI,,,,,0.0,,15410.0345,,,,,,
2009-04-19,NO 15/9-F-5 AH,5769,15/9-F-5,3420717,VOLVE,369304,MÆRSK INSPIRER,6.025,,,injection,WI,,,,,0.0,,7786.78478,,,,,,
2009-04-20,NO 15/9-F-5 AH,5769,15/9-F-5,3420717,VOLVE,369304,MÆRSK INSPIRER,24.0,,,injection,WI,,,,,0.0,,27365.076366999998,,,,,,
2009-04-21,NO 15/9-F-5 AH,5769,15/9-F-5,3420717,VOLVE,369304,MÆRSK INSPIRER,24.0,,,injection,WI,,,,,0.0,,27706.61305,,,,,,
2009-04-22,NO 15/9-F-5 AH,5769,15/9-F-5,3420717,VOLVE,369304,MÆRSK INSPIRER,18.33334,,,injection,WI,,,,,0.0,,20511.07041,,,,,,
2009-04-23,NO 15/9-F-5 AH,5769,15/9-F-5,3420717,VOLVE,369304,MÆRSK INSPIRER,24.0,,,injection,WI,,,,,0.0,,26851.19889,,,,,,
2009-04-24,NO 15/9-F-5 AH,5769,15/9-F-5,3420717,VOLVE,369304,MÆRSK INSPIRER,24.0,,,injection,WI,,,,,0.0,,28046.26279,,,,,,
2009-04-25,NO 15/9-F-5 AH,5769,15/9-F-5,3420717,VOLVE,369304,MÆRSK INSPIRER,24.0,,,injection,WI,,,,,0.0,,28014.81374,,,,,,
2009-04-26,NO 15/9-F-5 AH,5769,15/9-F-5,3420717,VOLVE,369304,MÆRSK INSPIRER,24.0,,,injection,WI,,,,,0.0,,27744.35191,,,,,,
2009-04-27,NO 15/9-F-5 AH,5769,15/9-F-5,3420717,VOLVE,369304,MÆRSK INSPIRER,24.0,,,injection,WI,,,,,0.0,,33128.42927,,,,,,
2009-04-28,NO 15/9-F-5 AH,5769,15/9-F-5,3420717,VOLVE,369304,MÆRSK INSPIRER,24.0,,,injection,WI,,,,,0.0,,37852.07658,,,,,,
2009-04-29,NO 15/9-F-5 AH,5769,15/9-F-5,3420717,VOLVE,369304,MÆRSK INSPIRER,24.0,,,injection,WI,,,,,0.0,,39674.234537,,,,,,
2009-04-30,NO 15/9-F-5 AH,5769,15/9-F-5,3420717,VOLVE,369304,MÆRSK INSPIRER,24.0,,,injection,WI,,,,,0.0,,44219.251243,,,,,,
2009-05-01,NO 15/9-F-5 AH,5769,15/9-F-5,3420717,VOLVE,369304,MÆRSK INSPIRER,24.0,,,injection,WI,,,,,0.0,,44059.490069,,,,,,
2009-05-02,NO 15/9-F-5 AH,5769,15/9-F-5,3420717,VOLVE,369304,MÆRSK INSPIRER,24.0,,,injection,WI,,,,,0.0,,43999.736874,,,,,,
2009-05-03,NO 15/9-F-5 AH,5769,15/9-F-5,3420717,VOLVE,369304,MÆRSK INSPIRER,24.0,,,injection,WI,,,,,0.0,,43537.435839,,,,,,
2009-05-04,NO 15/9-F-5 AH,5769,15/9-F-5,3420717,VOLVE,369304,MÆRSK INSPIRER,5.975,,,injection,WI,,,,,0.0,,10135.399834000002,,,,,,
2009-05-05,NO 15/9-F-5 AH,5769,15/9-F-5,3420717,VOLVE,369304,MÆRSK INSPIRER,8.02499,,,injection,WI,,,,,0.0,,14855.263680453898,,,,,,
2009-05-06,NO 15/9-F-5 AH,5769,15/9-F-5,3420717,VOLVE,369304,MÆRSK INSPIRER,23.83333,,,injection,WI,,,,,0.0,,40013.884277,,,,,,
2009-05-07,NO 15/9-F-5 AH,5769,15/9-F-5,3420717,VOLVE,369304,MÆRSK INSPIRER,21.16667,,,injection,WI,,,,,0.0,,41764.58141538636,,,,,,
2009-05-08,NO 15/9-F-5 AH,5769,15/9-F-5,3420717,VOLVE,369304,MÆRSK INSPIRER,24.0,,,injection,WI,,,,,0.0,,50380.98786708383,,,,,,
2009-05-09,NO 15/9-F-5 AH,5769,15/9-F-5,3420717,VOLVE,369304,MÆRSK INSPIRER,24.0,,,injection,WI,,,,,0.0,,50054.30798,,,,,,
2009-05-10,NO 15/9-F-5 AH,5769,15/9-F-5,3420717,VOLVE,369304,MÆRSK INSPIRER,24.0,,,injection,WI,,,,,0.0,,49770.442684134316,,,,,,
2009-05-11,NO 15/9-F-5 AH,5769,15/9-F-5,3420717,VOLVE,369304,MÆRSK INSPIRER,24.0,,,injection,WI,,,,,0.0,,49928.26243751746,,,,,,
2009-05-12,NO 15/9-F-5 AH,5769,15/9-F-5,3420717,VOLVE,369304,MÆRSK INSPIRER,24.0,,,injection,WI,,,,,0.0,,52131.203242,,,,,,
2009-05-13,NO 15/9-F-5 AH,5769,15/9-F-5,3420717,VOLVE,369304,MÆRSK INSPIRER,24.0,,,injection,WI,,,,,0.0,,51771.42611,,,,,,
2009-05-14,NO 15/9-F-5 AH,5769,15/9-F-5,3420717,VOLVE,369304,MÆRSK INSPIRER,24.0,,,injection,WI,,,,,0.0,,53176.0035811,,,,,,
2009-05-15,NO 15/9-F-5 AH,5769,15/9-F-5,3420717,VOLVE,369304,MÆRSK INSPIRER,24.0,,,injection,WI,,,,,0.0,,52625.8339004,,,,,,
2009-05-16,NO 15/9-F-5 AH,5769,15/9-F-5,3420717,VOLVE,369304,MÆRSK INSPIRER,24.0,,,injection,WI,,,,,0.0,,52866.9852158,,,,,,
2009-05-17,NO 15/9-F-5 AH,5769,15/9-F-5,3420717,VOLVE,369304,MÆRSK INSPIRER,24.0,,,injection,WI,,,,,0.0,,52725.0242041,,,,,,
2009-05-18,NO 15/9-F-5 AH,5769,15/9-F-5,3420717,VOLVE,369304,MÆRSK INSPIRER,24.0,,,injection,WI,,,,,0.0,,53066.9382757,,,,,,
2009-05-19,NO 15/9-F-5 AH,5769,15/9-F-5,3420717,VOLVE,369304,MÆRSK INSPIRER,24.0,,,injection,WI,,,,,0.0,,50519.75392,,,,,,
2009-05-20,NO 15/9-F-5 AH,5769,15/9-F-5,3420717,VOLVE,369304,MÆRSK INSPIRER,24.0,,,injection,WI,,,,,0.0,,53538.862720000005,,,,,,
2009-05-21,NO 15/9-F-5 AH,5769,15/9-F-5,3420717,VOLVE,369304,MÆRSK INSPIRER,24.0,,,injection,WI,,,,,0.0,,53570.31177,,,,,,
2009-05-22,NO 15/9-F-5 AH,5769,15/9-F-5,3420717,VOLVE,369304,MÆRSK INSPIRER,24.0,,,injection,WI,,,,,0.0,,54790.53491,,,,,,
2009-05-23,NO 15/9-F-5 AH,5769,15/9-F-5,3420717,VOLVE,369304,MÆRSK INSPIRER,24.0,,,injection,WI,,,,,0.0,,54073.49657,,,,,,
2009-05-24,NO 15/9-F-5 AH,5769,15/9-F-5,3420717,VOLVE,369304,MÆRSK INSPIRER,24.0,,,injection,WI,,,,,0.0,,53708.68759,,,,,,
2009-05-25,NO 15/9-F-5 AH,5769,15/9-F-5,3420717,VOLVE,369304,MÆRSK INSPIRER,24.0,,,injection,WI,,,,,0.0,,54042.04752,,,,,,
2009-05-26,NO 15/9-F-5 AH,5769,15/9-F-5,3420717,VOLVE,369304,MÆRSK INSPIRER,24.0,,,injection,WI,,,,,0.0,,53900.526795,,,,,,
2009-05-27,NO 15/9-F-5 AH,5769,15/9-F-5,3420717,VOLVE,369304,MÆRSK INSPIRER,24.0,,,injection,WI,,,,,0.0,,53589.1812,,,,,,
2009-05-28,NO 15/9-F-5 AH,5769,15/9-F-5,3420717,VOLVE,369304,MÆRSK INSPIRER,24.0,,,injection,WI,,,,,0.0,,53935.12075,,,,,,
2009-05-29,NO 15/9-F-5 AH,5769,15/9-F-5,3420717,VOLVE,369304,MÆRSK INSPIRER,24.0,,,injection,WI,,,,,0.0,,43871.42475,,,,,,
2009-05-30,NO 15/9-F-5 AH,5769,15/9-F-5,3420717,VOLVE,369304,MÆRSK INSPIRER,24.0,,,injection,WI,,,,,0.0,,38229.46518,,,,,,
2009-05-31,NO 15/9-F-5 AH,5769,15/9-F-5,3420717,VOLVE,369304,MÆRSK INSPIRER,24.0,,,injection,WI,,,,,0.0,,36707.33116,,,,,,
2009-06-01,NO 15/9-F-5 AH,5769,15/9-F-5,3420717,VOLVE,369304,MÆRSK INSPIRER,23.66667,,,injection,WI,,,,,0.0,,38380.42062,,,,,,
2009-06-02,NO 15/9-F-5 AH,5769,15/9-F-5,3420717,VOLVE,369304,MÆRSK INSPIRER,24.0,,,injection,WI,,,,,0.0,,40456.05792,,,,,,
2009-06-03,NO 15/9-F-5 AH,5769,15/9-F-5,3420717,VOLVE,369304,MÆRSK INSPIRER,24.0,,,injection,WI,,,,,0.0,,28866.18112142051,,,,,,
2009-06-04,NO 15/9-F-5 AH,5769,15/9-F-5,3420717,VOLVE,369304,MÆRSK INSPIRER,24.0,,,injection,WI,,,,,0.0,,27467.60027,,,,,,
2009-06-05,NO 15/9-F-5 AH,5769,15/9-F-5,3420717,VOLVE,369304,MÆRSK INSPIRER,24.0,,,injection,WI,,,,,0.0,,27090.21167,,,,,,
2009-06-06,NO 15/9-F-5 AH,5769,15/9-F-5,3420717,VOLVE,369304,MÆRSK INSPIRER,18.48333,,,injection,WI,,,,,0.0,,20535.600669,,,,,,
2009-06-07,NO 15/9-F-5 AH,5769,15/9-F-5,3420717,VOLVE,369304,MÆRSK INSPIRER,24.0,,,injection,WI,,,,,0.0,,27675.164,,,,,,
2009-06-08,NO 15/9-F-5 AH,5769,15/9-F-5,3420717,VOLVE,369304,MÆRSK INSPIRER,24.0,,,injection,WI,,,,,0.0,,27121.66072,,,,,,
2009-06-09,NO 15/9-F-5 AH,5769,15/9-F-5,3420717,VOLVE,369304,MÆRSK INSPIRER,24.0,,,injection,WI,,,,,0.0,,24764.239932,,,,,,
2009-06-10,NO 15/9-F-5 AH,5769,15/9-F-5,3420717,VOLVE,369304,MÆRSK INSPIRER,24.0,,,injection,WI,,,,,0.0,,24011.978656,,,,,,
2009-06-11,NO 15/9-F-5 AH,5769,15/9-F-5,3420717,VOLVE,369304,MÆRSK INSPIRER,20.83333,,,injection,WI,,,,,0.0,,20911.102326,,,,,,
2009-06-12,NO 15/9-F-5 AH,5769,15/9-F-5,3420717,VOLVE,369304,MÆRSK INSPIRER,24.0,,,injection,WI,,,,,0.0,,25429.70183,,,,,,
2009-06-13,NO 15/9-F-5 AH,5769,15/9-F-5,3420717,VOLVE,369304,MÆRSK INSPIRER,21.33333,,,injection,WI,,,,,0.0,,21680.346089000002,,,,,,
2009-06-14,NO 15/9-F-5 AH,5769,15/9-F-5,3420717,VOLVE,369304,MÆRSK INSPIRER,13.05833,,,injection,WI,,,,,0.0,,8804.476038,,,,,,
2009-06-15,NO 15/9-F-5 AH,5769,15/9-F-5,3420717,VOLVE,369304,MÆRSK INSPIRER,17.35833,,,injection,WI,,,,,0.0,,17357.359676,,,,,,
2009-06-16,NO 15/9-F-5 AH,5769,15/9-F-5,3420717,VOLVE,369304,MÆRSK INSPIRER,24.0,,,injection,WI,,,,,0.0,,26800.88041,,,,,,
2009-06-17,NO 15/9-F-5 AH,5769,15/9-F-5,3420717,VOLVE,369304,MÆRSK INSPIRER,24.0,,,injection,WI,,,,,0.0,,26945.54604,,,,,,
2009-06-18,NO 15/9-F-5 AH,5769,15/9-F-5,3420717,VOLVE,369304,MÆRSK INSPIRER,24.0,,,injection,WI,,,,,0.0,,29026.316507666463,,,,,,
2009-06-19,NO 15/9-F-5 AH,5769,15/9-F-5,3420717,VOLVE,369304,MÆRSK INSPIRER,24.0,,,injection,WI,,,,,0.0,,29856.797210879427,,,,,,
2009-06-20,NO 15/9-F-5 AH,5769,15/9-F-5,3420717,VOLVE,369304,MÆRSK INSPIRER,24.0,,,injection,WI,,,,,0.0,,29446.42525738746,,,,,,
2009-06-21,NO 15/9-F-5 AH,5769,15/9-F-5,3420717,VOLVE,369304,MÆRSK INSPIRER,24.0,,,injection,WI,,,,,0.0,,29881.754279351127,,,,,,
2009-06-22,NO 15/9-F-5 AH,5769,15/9-F-5,3420717,VOLVE,369304,MÆRSK INSPIRER,24.0,,,injection,WI,,,,,0.0,,28685.194036172878,,,,,,
2009-06-23,NO 15/9-F-5 AH,5769,15/9-F-5,3420717,VOLVE,369304,MÆRSK INSPIRER,24.0,,,injection,WI,,,,,0.0,,29972.831593000003,,,,,,
2009-06-24,NO 15/9-F-5 AH,5769,15/9-F-5,3420717,VOLVE,369304,MÆRSK INSPIRER,24.0,,,injection,WI,,,,,0.0,,30200.522715,,,,,,
2009-06-25,NO 15/9-F-5 AH,5769,15/9-F-5,3420717,VOLVE,369304,MÆRSK INSPIRER,24.0,,,injection,WI,,,,,0.0,,30202.409658,,,,,,
2009-06-26,NO 15/9-F-5 AH,5769,15/9-F-5,3420717,VOLVE,369304,MÆRSK INSPIRER,24.0,,,injection,WI,,,,,0.0,,26480.1001,,,,,,
2009-06-27,NO 15/9-F-5 AH,5769,15/9-F-5,3420717,VOLVE,369304,MÆRSK INSPIRER,24.0,,,injection,WI,,,,,0.0,,32566.120256000002,,,,,,
2009-06-28,NO 15/9-F-5 AH,5769,15/9-F-5,3420717,VOLVE,369304,MÆRSK INSPIRER,24.0,,,injection,WI,,,,,0.0,,35457.545913,,,,,,
2009-06-29,NO 15/9-F-5 AH,5769,15/9-F-5,3420717,VOLVE,369304,MÆRSK INSPIRER,24.0,,,injection,WI,,,,,0.0,,33675.64274,,,,,,
2009-06-30,NO 15/9-F-5 AH,5769,15/9-F-5,3420717,VOLVE,369304,MÆRSK INSPIRER,24.0,,,injection,WI,,,,,0.0,,38078.954103283104,,,,,,
2009-07-01,NO 15/9-F-5 AH,5769,15/9-F-5,3420717,VOLVE,369304,MÆRSK INSPIRER,24.0,,,injection,WI,,,,,0.0,,38732.64998,,,,,,
2009-07-02,NO 15/9-F-5 AH,5769,15/9-F-5,3420717,VOLVE,369304,MÆRSK INSPIRER,24.0,,,injection,WI,,,,,0.0,,38889.89523,,,,,,
2009-07-03,NO 15/9-F-5 AH,5769,15/9-F-5,3420717,VOLVE,369304,MÆRSK INSPIRER,24.0,,,injection,WI,,,,,0.0,,38869.7049399,,,,,,
2009-07-04,NO 15/9-F-5 AH,5769,15/9-F-5,3420717,VOLVE,369304,MÆRSK INSPIRER,24.0,,,injection,WI,,,,,0.0,,39078.58953,,,,,,
2009-07-05,NO 15/9-F-5 AH,5769,15/9-F-5,3420717,VOLVE,369304,MÆRSK INSPIRER,24.0,,,injection,WI,,,,,0.0,,39121.360238,,,,,,
2009-07-06,NO 15/9-F-5 AH,5769,15/9-F-5,3420717,VOLVE,369304,MÆRSK INSPIRER,24.0,,,injection,WI,,,,,0.0,,35578.310265,,,,,,
2009-07-07,NO 15/9-F-5 AH,5769,15/9-F-5,3420717,VOLVE,369304,MÆRSK INSPIRER,24.0,,,injection,WI,,,,,0.0,,36682.17192,,,,,,
2009-07-08,NO 15/9-F-5 AH,5769,15/9-F-5,3420717,VOLVE,369304,MÆRSK INSPIRER,24.0,,,injection,WI,,,,,0.0,,36927.47451,,,,,,
2009-07-09,NO 15/9-F-5 AH,5769,15/9-F-5,3420717,VOLVE,369304,MÆRSK INSPIRER,24.0,,,injection,WI,,,,,0.0,,36996.66242,,,,,,
2009-07-10,NO 15/9-F-5 AH,5769,15/9-F-5,3420717,VOLVE,369304,MÆRSK INSPIRER,24.0,,,injection,WI,,,,,0.0,,37273.41406,,,,,,
2009-07-11,NO 15/9-F-5 AH,5769,15/9-F-5,3420717,VOLVE,369304,MÆRSK INSPIRER,24.0,,,injection,WI,,,,,0.0,,34203.98678,,,,,,
2009-07-12,NO 15/9-F-5 AH,5769,15/9-F-5,3420717,VOLVE,369304,MÆRSK INSPIRER,24.0,,,injection,WI,,,,,0.0,,31782.40993,,,,,,
2009-07-13,NO 15/9-F-5 AH,5769,15/9-F-5,3420717,VOLVE,369304,MÆRSK INSPIRER,24.0,,,injection,WI,,,,,0.0,,31845.30803,,,,,,
2009-07-14,NO 15/9-F-5 AH,5769,15/9-F-5,3420717,VOLVE,369304,MÆRSK INSPIRER,24.0,,,injection,WI,,,,,0.0,,31417.60095,,,,,,
2009-07-15,NO 15/9-F-5 AH,5769,15/9-F-5,3420717,VOLVE,369304,MÆRSK INSPIRER,24.0,,,injection,WI,,,,,0.0,,30857.80786,,,,,,
2009-07-16,NO 15/9-F-5 AH,5769,15/9-F-5,3420717,VOLVE,369304,MÆRSK INSPIRER,21.5,,,injection,WI,,,,,0.0,,24794.43102,,,,,,
2009-07-17,NO 15/9-F-5 AH,5769,15/9-F-5,3420717,VOLVE,369304,MÆRSK INSPIRER,24.0,,,injection,WI,,,,,0.0,,42127.260437,,,,,,
2009-07-18,NO 15/9-F-5 AH,5769,15/9-F-5,3420717,VOLVE,369304,MÆRSK INSPIRER,24.0,,,injection,WI,,,,,0.0,,48408.893683999995,,,,,,
2009-07-19,NO 15/9-F-5 AH,5769,15/9-F-5,3420717,VOLVE,369304,MÆRSK INSPIRER,17.33333,,,injection,WI,,,,,0.0,,33454.870408999996,,,,,,
2009-07-20,NO 15/9-F-5 AH,5769,15/9-F-5,3420717,VOLVE,369304,MÆRSK INSPIRER,24.0,,,injection,WI,,,,,0.0,,50375.08829,,,,,,
2009-07-21,NO 15/9-F-5 AH,5769,15/9-F-5,3420717,VOLVE,369304,MÆRSK INSPIRER,24.0,,,injection,WI,,,,,0.0,,50580.136096,,,,,,
2009-07-22,NO 15/9-F-5 AH,5769,15/9-F-5,3420717,VOLVE,369304,MÆRSK INSPIRER,24.0,,,injection,WI,,,,,0.0,,51923.63951200001,,,,,,
2009-07-23,NO 15/9-F-5 AH,5769,15/9-F-5,3420717,VOLVE,369304,MÆRSK INSPIRER,24.0,,,injection,WI,,,,,0.0,,50984.570879,,,,,,
2009-07-24,NO 15/9-F-5 AH,5769,15/9-F-5,3420717,VOLVE,369304,MÆRSK INSPIRER,24.0,,,injection,WI,,,,,0.0,,50591.457753999995,,,,,,
2009-07-25,NO 15/9-F-5 AH,5769,15/9-F-5,3420717,VOLVE,369304,MÆRSK INSPIRER,24.0,,,injection,WI,,,,,0.0,,51221.067735000004,,,,,,
2009-07-26,NO 15/9-F-5 AH,5769,15/9-F-5,3420717,VOLVE,369304,MÆRSK INSPIRER,24.0,,,injection,WI,,,,,0.0,,50554.976856,,,,,,
2009-07-27,NO 15/9-F-5 AH,5769,15/9-F-5,3420717,VOLVE,369304,MÆRSK INSPIRER,24.0,,,injection,WI,,,,,0.0,,50704.674333999996,,,,,,
2009-07-28,NO 15/9-F-5 AH,5769,15/9-F-5,3420717,VOLVE,369304,MÆRSK INSPIRER,24.0,,,injection,WI,,,,,0.0,,49771.26653,,,,,,
2009-07-29,NO 15/9-F-5 AH,5769,15/9-F-5,3420717,VOLVE,369304,MÆRSK INSPIRER,24.0,,,injection,WI,,,,,0.0,,49633.684014907005,,,,,,
2009-07-30,NO 15/9-F-5 AH,5769,15/9-F-5,3420717,VOLVE,369304,MÆRSK INSPIRER,24.0,,,injection,WI,,,,,0.0,,49443.67653230634,,,,,,
2009-07-31,NO 15/9-F-5 AH,5769,15/9-F-5,3420717,VOLVE,369304,MÆRSK INSPIRER,24.0,,,injection,WI,,,,,0.0,,49395.67188864217,,,,,,
2009-08-01,NO 15/9-F-5 AH,5769,15/9-F-5,3420717,VOLVE,369304,MÆRSK INSPIRER,24.0,,,injection,WI,,,,,0.0,,40581.85412,,,,,,
2009-08-02,NO 15/9-F-5 AH,5769,15/9-F-5,3420717,VOLVE,369304,MÆRSK INSPIRER,24.0,,,injection,WI,,,,,0.0,,53434.90393836923,,,,,,
2009-08-03,NO 15/9-F-5 AH,5769,15/9-F-5,3420717,VOLVE,369304,MÆRSK INSPIRER,24.0,,,injection,WI,,,,,0.0,,42427.913355000004,,,,,,
2009-08-04,NO 15/9-F-5 AH,5769,15/9-F-5,3420717,VOLVE,369304,MÆRSK INSPIRER,24.0,,,injection,WI,,,,,0.0,,27794.67039,,,,,,
2009-08-05,NO 15/9-F-5 AH,5769,15/9-F-5,3420717,VOLVE,369304,MÆRSK INSPIRER,24.0,,,injection,WI,,,,,0.0,,29430.9644615,,,,,,
2009-08-06,NO 15/9-F-5 AH,5769,15/9-F-5,3420717,VOLVE,369304,MÆRSK INSPIRER,24.0,,,injection,WI,,,,,0.0,,33800.180978000004,,,,,,
2009-08-07,NO 15/9-F-5 AH,5769,15/9-F-5,3420717,VOLVE,369304,MÆRSK INSPIRER,22.90833,,,injection,WI,,,,,0.0,,29826.27902,,,,,,
2009-08-08,NO 15/9-F-5 AH,5769,15/9-F-5,3420717,VOLVE,369304,MÆRSK INSPIRER,8.25834,,,injection,WI,,,,,0.0,,8591.88046,,,,,,
2009-08-09,NO 15/9-F-5 AH,5769,15/9-F-5,3420717,VOLVE,369304,MÆRSK INSPIRER,24.0,,,injection,WI,,,,,0.0,,33681.93255,,,,,,
2009-08-10,NO 15/9-F-5 AH,5769,15/9-F-5,3420717,VOLVE,369304,MÆRSK INSPIRER,24.0,,,injection,WI,,,,,0.0,,29775.96054,,,,,,
2009-08-11,NO 15/9-F-5 AH,5769,15/9-F-5,3420717,VOLVE,369304,MÆRSK INSPIRER,24.0,,,injection,WI,,,,,0.0,,29832.56883,,,,,,
2009-08-12,NO 15/9-F-5 AH,5769,15/9-F-5,3420717,VOLVE,369304,MÆRSK INSPIRER,24.0,,,injection,WI,,,,,0.0,,32340.55575807231,,,,,,
2009-08-13,NO 15/9-F-5 AH,5769,15/9-F-5,3420717,VOLVE,369304,MÆRSK INSPIRER,24.0,,,injection,WI,,,,,0.0,,32373.65207,,,,,,
2009-08-14,NO 15/9-F-5 AH,5769,15/9-F-5,3420717,VOLVE,369304,MÆRSK INSPIRER,24.0,,,injection,WI,,,,,0.0,,29983.52427,,,,,,
2009-08-15,NO 15/9-F-5 AH,5769,15/9-F-5,3420717,VOLVE,369304,MÆRSK INSPIRER,24.0,,,injection,WI,,,,,0.0,,36896.02546,,,,,,
2009-08-16,NO 15/9-F-5 AH,5769,15/9-F-5,3420717,VOLVE,369304,MÆRSK INSPIRER,24.0,,,injection,WI,,,,,0.0,,51507.25409,,,,,,
2009-08-17,NO 15/9-F-5 AH,5769,15/9-F-5,3420717,VOLVE,369304,MÆRSK INSPIRER,24.0,,,injection,WI,,,,,0.0,,51544.99295,,,,,,
2009-08-18,NO 15/9-F-5 AH,5769,15/9-F-5,3420717,VOLVE,369304,MÆRSK INSPIRER,24.0,,,injection,WI,,,,,0.0,,51312.269980000005,,,,,,
2009-08-19,NO 15/9-F-5 AH,5769,15/9-F-5,3420717,VOLVE,369304,MÆRSK INSPIRER,24.0,,,injection,WI,,,,,0.0,,51104.70625,,,,,,
2009-08-20,NO 15/9-F-5 AH,5769,15/9-F-5,3420717,VOLVE,369304,MÆRSK INSPIRER,24.0,,,injection,WI,,,,,0.0,,51494.67447,,,,,,
2009-08-21,NO 15/9-F-5 AH,5769,15/9-F-5,3420717,VOLVE,369304,MÆRSK INSPIRER,24.0,,,injection,WI,,,,,0.0,,51129.865490000004,,,,,,
2009-08-22,NO 15/9-F-5 AH,5769,15/9-F-5,3420717,VOLVE,369304,MÆRSK INSPIRER,24.0,,,injection,WI,,,,,0.0,,49305.82059,,,,,,
2009-08-23,NO 15/9-F-5 AH,5769,15/9-F-5,3420717,VOLVE,369304,MÆRSK INSPIRER,24.0,,,injection,WI,,,,,0.0,,52104.78604,,,,,,
2009-08-24,NO 15/9-F-5 AH,5769,15/9-F-5,3420717,VOLVE,369304,MÆRSK INSPIRER,24.0,,,injection,WI,,,,,0.0,,50551.20297,,,,,,
2009-08-25,NO 15/9-F-5 AH,5769,15/9-F-5,3420717,VOLVE,369304,MÆRSK INSPIRER,24.0,,,injection,WI,,,,,0.0,,52784.08552,,,,,,
2009-08-26,NO 15/9-F-5 AH,5769,15/9-F-5,3420717,VOLVE,369304,MÆRSK INSPIRER,13.99166,,,injection,WI,,,,,0.0,,25863.69872,,,,,,
2009-08-27,NO 15/9-F-5 AH,5769,15/9-F-5,3420717,VOLVE,369304,MÆRSK INSPIRER,21.34167,,,injection,WI,,,,,0.0,,46123.17673,,,,,,
2009-08-28,NO 15/9-F-5 AH,5769,15/9-F-5,3420717,VOLVE,369304,MÆRSK INSPIRER,24.0,,,injection,WI,,,,,0.0,,51450.6458,,,,,,
2009-08-29,NO 15/9-F-5 AH,5769,15/9-F-5,3420717,VOLVE,369304,MÆRSK INSPIRER,24.0,,,injection,WI,,,,,0.0,,48601.36187,,,,,,
2009-08-30,NO 15/9-F-5 AH,5769,15/9-F-5,3420717,VOLVE,369304,MÆRSK INSPIRER,24.0,,,injection,WI,,,,,0.0,,47060.358420000004,,,,,,
2009-08-31,NO 15/9-F-5 AH,5769,15/9-F-5,3420717,VOLVE,369304,MÆRSK INSPIRER,13.32499,,,injection,WI,,,,,0.0,,25649.84518,,,,,,
2009-09-01,NO 15/9-F-5 AH,5769,15/9-F-5,3420717,VOLVE,369304,MÆRSK INSPIRER,0.0,,,injection,WI,,,,,0.0,,,,,,,,
2009-09-02,NO 15/9-F-5 AH,5769,15/9-F-5,3420717,VOLVE,369304,MÆRSK INSPIRER,0.0,,,injection,WI,,,,,0.0,,,,,,,,
2009-09-03,NO 15/9-F-5 AH,5769,15/9-F-5,3420717,VOLVE,369304,MÆRSK INSPIRER,0.0,,,injection,WI,,,,,0.0,,,,,,,,
2009-09-04,NO 15/9-F-5 AH,5769,15/9-F-5,3420717,VOLVE,369304,MÆRSK INSPIRER,0.0,,,injection,WI,,,,,0.0,,,,,,,,
2009-09-05,NO 15/9-F-5 AH,5769,15/9-F-5,3420717,VOLVE,369304,MÆRSK INSPIRER,18.84167,,,injection,WI,,,,,0.0,,48559.220143,,,,,,
2009-09-06,NO 15/9-F-5 AH,5769,15/9-F-5,3420717,VOLVE,369304,MÆRSK INSPIRER,24.0,,,injection,WI,,,,,0.0,,51824.50799443671,,,,,,
2009-09-07,NO 15/9-F-5 AH,5769,15/9-F-5,3420717,VOLVE,369304,MÆRSK INSPIRER,24.0,,,injection,WI,,,,,0.0,,51062.564523,,,,,,
2009-09-08,NO 15/9-F-5 AH,5769,15/9-F-5,3420717,VOLVE,369304,MÆRSK INSPIRER,24.0,,,injection,WI,,,,,0.0,,54270.17549813279,,,,,,
2009-09-09,NO 15/9-F-5 AH,5769,15/9-F-5,3420717,VOLVE,369304,MÆRSK INSPIRER,24.0,,,injection,WI,,,,,0.0,,54882.72943804636,,,,,,
2009-09-10,NO 15/9-F-5 AH,5769,15/9-F-5,3420717,VOLVE,369304,MÆRSK INSPIRER,24.0,,,injection,WI,,,,,0.0,,53167.76393,,,,,,
2009-09-11,NO 15/9-F-5 AH,5769,15/9-F-5,3420717,VOLVE,369304,MÆRSK INSPIRER,24.0,,,injection,WI,,,,,0.0,,44712.67637807012,,,,,,
2009-09-12,NO 15/9-F-5 AH,5769,15/9-F-5,3420717,VOLVE,369304,MÆRSK INSPIRER,24.0,,,injection,WI,,,,,0.0,,52677.15875,,,,,,
2009-09-13,NO 15/9-F-5 AH,5769,15/9-F-5,3420717,VOLVE,369304,MÆRSK INSPIRER,24.0,,,injection,WI,,,,,0.0,,47010.00174381839,,,,,,
2009-09-14,NO 15/9-F-5 AH,5769,15/9-F-5,3420717,VOLVE,369304,MÆRSK INSPIRER,24.0,,,injection,WI,,,,,0.0,,50580.397902789366,,,,,,
2009-09-15,NO 15/9-F-5 AH,5769,15/9-F-5,3420717,VOLVE,369304,MÆRSK INSPIRER,23.5,,,injection,WI,,,,,0.0,,45975.995176000004,,,,,,
2009-09-16,NO 15/9-F-5 AH,5769,15/9-F-5,3420717,VOLVE,369304,MÆRSK INSPIRER,24.0,,,injection,WI,,,,,0.0,,50318.48,,,,,,
2009-09-17,NO 15/9-F-5 AH,5769,15/9-F-5,3420717,VOLVE,369304,MÆRSK INSPIRER,24.0,,,injection,WI,,,,,0.0,,45808.68623,,,,,,
2009-09-18,NO 15/9-F-5 AH,5769,15/9-F-5,3420717,VOLVE,369304,MÆRSK INSPIRER,24.0,,,injection,WI,,,,,0.0,,50318.48,,,,,,
2009-09-19,NO 15/9-F-5 AH,5769,15/9-F-5,3420717,VOLVE,369304,MÆRSK INSPIRER,24.0,,,injection,WI,,,,,0.0,,51756.28780446464,,,,,,
2009-09-20,NO 15/9-F-5 AH,5769,15/9-F-5,3420717,VOLVE,369304,MÆRSK INSPIRER,24.0,,,injection,WI,,,,,0.0,,51695.70441875312,,,,,,
2009-09-21,NO 15/9-F-5 AH,5769,15/9-F-5,3420717,VOLVE,369304,MÆRSK INSPIRER,24.0,,,injection,WI,,,,,0.0,,50058.710847,,,,,,
2009-09-22,NO 15/9-F-5 AH,5769,15/9-F-5,3420717,VOLVE,369304,MÆRSK INSPIRER,24.0,,,injection,WI,,,,,0.0,,50274.45133,,,,,,
2009-09-23,NO 15/9-F-5 AH,5769,15/9-F-5,3420717,VOLVE,369304,MÆRSK INSPIRER,24.0,,,injection,WI,,,,,0.0,,50349.92905,,,,,,
2009-09-24,NO 15/9-F-5 AH,5769,15/9-F-5,3420717,VOLVE,369304,MÆRSK INSPIRER,24.0,,,injection,WI,,,,,0.0,,50714.73803,,,,,,
2009-09-25,NO 15/9-F-5 AH,5769,15/9-F-5,3420717,VOLVE,369304,MÆRSK INSPIRER,24.0,,,injection,WI,,,,,0.0,,51331.13941,,,,,,
2009-09-26,NO 15/9-F-5 AH,5769,15/9-F-5,3420717,VOLVE,369304,MÆRSK INSPIRER,10.825,,,injection,WI,,,,,0.0,,23071.02308,,,,,,
2009-09-27,NO 15/9-F-5 AH,5769,15/9-F-5,3420717,VOLVE,369304,MÆRSK INSPIRER,0.0,,,injection,WI,,,,,0.0,,,,,,,,
2009-09-28,NO 15/9-F-5 AH,5769,15/9-F-5,3420717,VOLVE,369304,MÆRSK INSPIRER,0.0,,,injection,WI,,,,,0.0,,,,,,,,
2009-09-29,NO 15/9-F-5 AH,5769,15/9-F-5,3420717,VOLVE,369304,MÆRSK INSPIRER,0.0,,,injection,WI,,,,,0.0,,,,,,,,
2009-09-30,NO 15/9-F-5 AH,5769,15/9-F-5,3420717,VOLVE,369304,MÆRSK INSPIRER,0.0,,,injection,WI,,,,,0.0,,,,,,,,
2009-10-01,NO 15/9-F-5 AH,5769,15/9-F-5,3420717,VOLVE,369304,MÆRSK INSPIRER,14.17501,,,injection,WI,,,,,0.0,,25322.77506,,,,,,
2009-10-02,NO 15/9-F-5 AH,5769,15/9-F-5,3420717,VOLVE,369304,MÆRSK INSPIRER,24.0,,,injection,WI,,,,,0.0,,49343.55945,,,,,,
2009-10-03,NO 15/9-F-5 AH,5769,15/9-F-5,3420717,VOLVE,369304,MÆRSK INSPIRER,24.0,,,injection,WI,,,,,0.0,,48764.89693,,,,,,
2009-10-04,NO 15/9-F-5 AH,5769,15/9-F-5,3420717,VOLVE,369304,MÆRSK INSPIRER,24.0,,,injection,WI,,,,,0.0,,48871.8237,,,,,,
2009-10-05,NO 15/9-F-5 AH,5769,15/9-F-5,3420717,VOLVE,369304,MÆRSK INSPIRER,23.16,,,injection,WI,,,,,0.0,,46796.1864,,,,,,
2009-10-06,NO 15/9-F-5 AH,5769,15/9-F-5,3420717,VOLVE,369304,MÆRSK INSPIRER,24.0,,,injection,WI,,,,,0.0,,44934.16238367215,,,,,,
2009-10-07,NO 15/9-F-5 AH,5769,15/9-F-5,3420717,VOLVE,369304,MÆRSK INSPIRER,24.0,,,injection,WI,,,,,0.0,,49591.13779546741,,,,,,
2009-10-08,NO 15/9-F-5 AH,5769,15/9-F-5,3420717,VOLVE,369304,MÆRSK INSPIRER,24.0,,,injection,WI,,,,,0.0,,47724.453174071044,,,,,,
2009-10-09,NO 15/9-F-5 AH,5769,15/9-F-5,3420717,VOLVE,369304,MÆRSK INSPIRER,24.0,,,injection,WI,,,,,0.0,,45299.63774807561,,,,,,
2009-10-10,NO 15/9-F-5 AH,5769,15/9-F-5,3420717,VOLVE,369304,MÆRSK INSPIRER,24.0,,,injection,WI,,,,,0.0,,44565.00126267942,,,,,,
2009-10-11,NO 15/9-F-5 AH,5769,15/9-F-5,3420717,VOLVE,369304,MÆRSK INSPIRER,24.0,,,injection,WI,,,,,0.0,,45114.39844595012,,,,,,
2009-10-12,NO 15/9-F-5 AH,5769,15/9-F-5,3420717,VOLVE,369304,MÆRSK INSPIRER,24.0,,,injection,WI,,,,,0.0,,44811.84837449189,,,,,,
2009-10-13,NO 15/9-F-5 AH,5769,15/9-F-5,3420717,VOLVE,369304,MÆRSK INSPIRER,19.33333,,,injection,WI,,,,,0.0,,34107.61276860409,,,,,,
2009-10-14,NO 15/9-F-5 AH,5769,15/9-F-5,3420717,VOLVE,369304,MÆRSK INSPIRER,24.0,,,injection,WI,,,,,0.0,,37741.671395687015,,,,,,
2009-10-15,NO 15/9-F-5 AH,5769,15/9-F-5,3420717,VOLVE,369304,MÆRSK INSPIRER,18.5,,,injection,WI,,,,,0.0,,37036.712346543514,,,,,,
2009-10-16,NO 15/9-F-5 AH,5769,15/9-F-5,3420717,VOLVE,369304,MÆRSK INSPIRER,24.0,,,injection,WI,,,,,0.0,,35604.509100521325,,,,,,
2009-10-17,NO 15/9-F-5 AH,5769,15/9-F-5,3420717,VOLVE,369304,MÆRSK INSPIRER,5.99166,,,injection,WI,,,,,0.0,,8799.44419,,,,,,
2009-10-18,NO 15/9-F-5 AH,5769,15/9-F-5,3420717,VOLVE,369304,MÆRSK INSPIRER,7.175,,,injection,WI,,,,,0.0,,9497.6131,,,,,,
2009-10-19,NO 15/9-F-5 AH,5769,15/9-F-5,3420717,VOLVE,369304,MÆRSK INSPIRER,24.0,,,injection,WI,,,,,0.0,,52187.37261857519,,,,,,
2009-10-20,NO 15/9-F-5 AH,5769,15/9-F-5,3420717,VOLVE,369304,MÆRSK INSPIRER,24.0,,,injection,WI,,,,,0.0,,40718.135481753954,,,,,,
2009-10-21,NO 15/9-F-5 AH,5769,15/9-F-5,3420717,VOLVE,369304,MÆRSK INSPIRER,24.0,,,injection,WI,,,,,0.0,,43253.270339675655,,,,,,
2009-10-22,NO 15/9-F-5 AH,5769,15/9-F-5,3420717,VOLVE,369304,MÆRSK INSPIRER,24.0,,,injection,WI,,,,,0.0,,44210.79472842384,,,,,,
2009-10-23,NO 15/9-F-5 AH,5769,15/9-F-5,3420717,VOLVE,369304,MÆRSK INSPIRER,24.0,,,injection,WI,,,,,0.0,,41402.302660127105,,,,,,
2009-10-24,NO 15/9-F-5 AH,5769,15/9-F-5,3420717,VOLVE,369304,MÆRSK INSPIRER,19.58334,,,injection,WI,,,,,0.0,,36040.0419157168,,,,,,
2009-10-25,NO 15/9-F-5 AH,5769,15/9-F-5,3420717,VOLVE,369304,MÆRSK INSPIRER,24.0,,,injection,WI,,,,,0.0,,41326.567623999996,,,,,,
2009-10-26,NO 15/9-F-5 AH,5769,15/9-F-5,3420717,VOLVE,369304,MÆRSK INSPIRER,24.0,,,injection,WI,,,,,0.0,,42949.53905893432,,,,,,
2009-10-27,NO 15/9-F-5 AH,5769,15/9-F-5,3420717,VOLVE,369304,MÆRSK INSPIRER,24.0,,,injection,WI,,,,,0.0,,44370.30594013293,,,,,,
2009-10-28,NO 15/9-F-5 AH,5769,15/9-F-5,3420717,VOLVE,369304,MÆRSK INSPIRER,24.0,,,injection,WI,,,,,0.0,,44353.467721718676,,,,,,
2009-10-29,NO 15/9-F-5 AH,5769,15/9-F-5,3420717,VOLVE,369304,MÆRSK INSPIRER,22.33334,,,injection,WI,,,,,0.0,,40229.62476,,,,,,
2009-10-30,NO 15/9-F-5 AH,5769,15/9-F-5,3420717,VOLVE,369304,MÆRSK INSPIRER,24.0,,,injection,WI,,,,,0.0,,44175.80784637239,,,,,,
2009-10-31,NO 15/9-F-5 AH,5769,15/9-F-5,3420717,VOLVE,369304,MÆRSK INSPIRER,24.0,,,injection,WI,,,,,0.0,,44146.24451285943,,,,,,
2009-11-01,NO 15/9-F-5 AH,5769,15/9-F-5,3420717,VOLVE,369304,MÆRSK INSPIRER,24.0,,,injection,WI,,,,,0.0,,43234.20113613742,,,,,,
2009-11-02,NO 15/9-F-5 AH,5769,15/9-F-5,3420717,VOLVE,369304,MÆRSK INSPIRER,24.0,,,injection,WI,,,,,0.0,,43390.543745987336,,,,,,
2009-11-03,NO 15/9-F-5 AH,5769,15/9-F-5,3420717,VOLVE,369304,MÆRSK INSPIRER,24.0,,,injection,WI,,,,,0.0,,43884.00437,,,,,,
2009-11-04,NO 15/9-F-5 AH,5769,15/9-F-5,3420717,VOLVE,369304,MÆRSK INSPIRER,21.16666,,,injection,WI,,,,,0.0,,31222.616840000002,,,,,,
2009-11-05,NO 15/9-F-5 AH,5769,15/9-F-5,3420717,VOLVE,369304,MÆRSK INSPIRER,24.0,,,injection,WI,,,,,0.0,,44292.842020000004,,,,,,
2009-11-06,NO 15/9-F-5 AH,5769,15/9-F-5,3420717,VOLVE,369304,MÆRSK INSPIRER,24.0,,,injection,WI,,,,,0.0,,42103.98814,,,,,,
2009-11-07,NO 15/9-F-5 AH,5769,15/9-F-5,3420717,VOLVE,369304,MÆRSK INSPIRER,24.0,,,injection,WI,,,,,0.0,,42154.30662,,,,,,
2009-11-08,NO 15/9-F-5 AH,5769,15/9-F-5,3420717,VOLVE,369304,MÆRSK INSPIRER,24.0,,,injection,WI,,,,,0.0,,42814.73667,,,,,,
2009-11-09,NO 15/9-F-5 AH,5769,15/9-F-5,3420717,VOLVE,369304,MÆRSK INSPIRER,21.66667,,,injection,WI,,,,,0.0,,39500.0068,,,,,,
2009-11-10,NO 15/9-F-5 AH,5769,15/9-F-5,3420717,VOLVE,369304,MÆRSK INSPIRER,24.0,,,injection,WI,,,,,0.0,,43780.5046947049,,,,,,
2009-11-11,NO 15/9-F-5 AH,5769,15/9-F-5,3420717,VOLVE,369304,MÆRSK INSPIRER,24.0,,,injection,WI,,,,,0.0,,43123.85747140774,,,,,,
2009-11-12,NO 15/9-F-5 AH,5769,15/9-F-5,3420717,VOLVE,369304,MÆRSK INSPIRER,24.0,,,injection,WI,,,,,0.0,,43053.481204017655,,,,,,
2009-11-13,NO 15/9-F-5 AH,5769,15/9-F-5,3420717,VOLVE,369304,MÆRSK INSPIRER,24.0,,,injection,WI,,,,,0.0,,43133.72887219151,,,,,,
2009-11-14,NO 15/9-F-5 AH,5769,15/9-F-5,3420717,VOLVE,369304,MÆRSK INSPIRER,24.0,,,injection,WI,,,,,0.0,,45160.8358,,,,,,
2009-11-15,NO 15/9-F-5 AH,5769,15/9-F-5,3420717,VOLVE,369304,MÆRSK INSPIRER,24.0,,,injection,WI,,,,,0.0,,45075.923365,,,,,,
2009-11-16,NO 15/9-F-5 AH,5769,15/9-F-5,3420717,VOLVE,369304,MÆRSK INSPIRER,24.0,,,injection,WI,,,,,0.0,,43267.60299,,,,,,
2009-11-17,NO 15/9-F-5 AH,5769,15/9-F-5,3420717,VOLVE,369304,MÆRSK INSPIRER,24.0,,,injection,WI,,,,,0.0,,42259.36956074137,,,,,,
2009-11-18,NO 15/9-F-5 AH,5769,15/9-F-5,3420717,VOLVE,369304,MÆRSK INSPIRER,24.0,,,injection,WI,,,,,0.0,,43387.10938,,,,,,
2009-11-19,NO 15/9-F-5 AH,5769,15/9-F-5,3420717,VOLVE,369304,MÆRSK INSPIRER,24.0,,,injection,WI,,,,,0.0,,43361.95014,,,,,,
2009-11-20,NO 15/9-F-5 AH,5769,15/9-F-5,3420717,VOLVE,369304,MÆRSK INSPIRER,21.33333,,,injection,WI,,,,,0.0,,36417.9999,,,,,,
2009-11-21,NO 15/9-F-5 AH,5769,15/9-F-5,3420717,VOLVE,369304,MÆRSK INSPIRER,24.0,,,injection,WI,,,,,0.0,,43374.52976,,,,,,
2009-11-22,NO 15/9-F-5 AH,5769,15/9-F-5,3420717,VOLVE,369304,MÆRSK INSPIRER,24.0,,,injection,WI,,,,,0.0,,43814.81646,,,,,,
2009-11-23,NO 15/9-F-5 AH,5769,15/9-F-5,3420717,VOLVE,369304,MÆRSK INSPIRER,21.08333,,,injection,WI,,,,,0.0,,36971.50318,,,,,,
2009-11-24,NO 15/9-F-5 AH,5769,15/9-F-5,3420717,VOLVE,369304,MÆRSK INSPIRER,20.66667,,,injection,WI,,,,,0.0,,43630.741925107555,,,,,,
2009-11-25,NO 15/9-F-5 AH,5769,15/9-F-5,3420717,VOLVE,369304,MÆRSK INSPIRER,24.0,,,injection,WI,,,,,0.0,,44732.47964305705,,,,,,
2009-11-26,NO 15/9-F-5 AH,5769,15/9-F-5,3420717,VOLVE,369304,MÆRSK INSPIRER,24.0,,,injection,WI,,,,,0.0,,46679.19311406852,,,,,,
2009-11-27,NO 15/9-F-5 AH,5769,15/9-F-5,3420717,VOLVE,369304,MÆRSK INSPIRER,24.0,,,injection,WI,,,,,0.0,,53205.50279,,,,,,
2009-11-28,NO 15/9-F-5 AH,5769,15/9-F-5,3420717,VOLVE,369304,MÆRSK INSPIRER,24.0,,,injection,WI,,,,,0.0,,53965.82848954528,,,,,,
2009-11-29,NO 15/9-F-5 AH,5769,15/9-F-5,3420717,VOLVE,369304,MÆRSK INSPIRER,23.66667,,,injection,WI,,,,,0.0,,50275.40397544996,,,,,,
2009-11-30,NO 15/9-F-5 AH,5769,15/9-F-5,3420717,VOLVE,369304,MÆRSK INSPIRER,24.0,,,injection,WI,,,,,0.0,,52884.722480000004,,,,,,
2009-12-01,NO 15/9-F-5 AH,5769,15/9-F-5,3420717,VOLVE,369304,MÆRSK INSPIRER,24.0,,,injection,WI,,,,,0.0,,53691.91885826172,,,,,,
2009-12-02,NO 15/9-F-5 AH,5769,15/9-F-5,3420717,VOLVE,369304,MÆRSK INSPIRER,24.0,,,injection,WI,,,,,0.0,,53479.80994906896,,,,,,
2009-12-03,NO 15/9-F-5 AH,5769,15/9-F-5,3420717,VOLVE,369304,MÆRSK INSPIRER,24.0,,,injection,WI,,,,,0.0,,53704.073021099175,,,,,,
2009-12-04,NO 15/9-F-5 AH,5769,15/9-F-5,3420717,VOLVE,369304,MÆRSK INSPIRER,24.0,,,injection,WI,,,,,0.0,,51771.02800302793,,,,,,
2009-12-05,NO 15/9-F-5 AH,5769,15/9-F-5,3420717,VOLVE,369304,MÆRSK INSPIRER,24.0,,,injection,WI,,,,,0.0,,51570.145377349545,,,,,,
2009-12-06,NO 15/9-F-5 AH,5769,15/9-F-5,3420717,VOLVE,369304,MÆRSK INSPIRER,24.0,,,injection,WI,,,,,0.0,,49941.16626577391,,,,,,
2009-12-07,NO 15/9-F-5 AH,5769,15/9-F-5,3420717,VOLVE,369304,MÆRSK INSPIRER,24.0,,,injection,WI,,,,,0.0,,49899.20296757983,,,,,,
2009-12-08,NO 15/9-F-5 AH,5769,15/9-F-5,3420717,VOLVE,369304,MÆRSK INSPIRER,24.0,,,injection,WI,,,,,0.0,,49581.46112720124,,,,,,
2009-12-09,NO 15/9-F-5 AH,5769,15/9-F-5,3420717,VOLVE,369304,MÆRSK INSPIRER,24.0,,,injection,WI,,,,,0.0,,49531.537969622,,,,,,
2009-12-10,NO 15/9-F-5 AH,5769,15/9-F-5,3420717,VOLVE,369304,MÆRSK INSPIRER,24.0,,,injection,WI,,,,,0.0,,49361.96551231806,,,,,,
2009-12-11,NO 15/9-F-5 AH,5769,15/9-F-5,3420717,VOLVE,369304,MÆRSK INSPIRER,24.0,,,injection,WI,,,,,0.0,,49266.064526345275,,,,,,
2009-12-12,NO 15/9-F-5 AH,5769,15/9-F-5,3420717,VOLVE,369304,MÆRSK INSPIRER,24.0,,,injection,WI,,,,,0.0,,49427.31529508155,,,,,,
2009-12-13,NO 15/9-F-5 AH,5769,15/9-F-5,3420717,VOLVE,369304,MÆRSK INSPIRER,24.0,,,injection,WI,,,,,0.0,,49475.17940735541,,,,,,
2009-12-14,NO 15/9-F-5 AH,5769,15/9-F-5,3420717,VOLVE,369304,MÆRSK INSPIRER,24.0,,,injection,WI,,,,,0.0,,49351.802058621084,,,,,,
2009-12-15,NO 15/9-F-5 AH,5769,15/9-F-5,3420717,VOLVE,369304,MÆRSK INSPIRER,24.0,,,injection,WI,,,,,0.0,,49430.19491817216,,,,,,
2009-12-16,NO 15/9-F-5 AH,5769,15/9-F-5,3420717,VOLVE,369304,MÆRSK INSPIRER,24.0,,,injection,WI,,,,,0.0,,50711.35904578972,,,,,,
2009-12-17,NO 15/9-F-5 AH,5769,15/9-F-5,3420717,VOLVE,369304,MÆRSK INSPIRER,22.85833,,,injection,WI,,,,,0.0,,50777.97520682035,,,,,,
2009-12-18,NO 15/9-F-5 AH,5769,15/9-F-5,3420717,VOLVE,369304,MÆRSK INSPIRER,20.30833,,,injection,WI,,,,,0.0,,20579.1458612486,,,,,,
2009-12-19,NO 15/9-F-5 AH,5769,15/9-F-5,3420717,VOLVE,369304,MÆRSK INSPIRER,24.0,,,injection,WI,,,,,0.0,,14126.520570126799,,,,,,
2009-12-20,NO 15/9-F-5 AH,5769,15/9-F-5,3420717,VOLVE,369304,MÆRSK INSPIRER,23.0,,,injection,WI,,,,,0.0,,14818.222087015933,,,,,,
2009-12-21,NO 15/9-F-5 AH,5769,15/9-F-5,3420717,VOLVE,369304,MÆRSK INSPIRER,24.0,,,injection,WI,,,,,0.0,,33197.58397504471,,,,,,
2009-12-22,NO 15/9-F-5 AH,5769,15/9-F-5,3420717,VOLVE,369304,MÆRSK INSPIRER,24.0,,,injection,WI,,,,,0.0,,47110.6769,,,,,,
2009-12-23,NO 15/9-F-5 AH,5769,15/9-F-5,3420717,VOLVE,369304,MÆRSK INSPIRER,24.0,,,injection,WI,,,,,0.0,,47896.90315,,,,,,
2009-12-24,NO 15/9-F-5 AH,5769,15/9-F-5,3420717,VOLVE,369304,MÆRSK INSPIRER,24.0,,,injection,WI,,,,,0.0,,48041.56878,,,,,,
2009-12-25,NO 15/9-F-5 AH,5769,15/9-F-5,3420717,VOLVE,369304,MÆRSK INSPIRER,24.0,,,injection,WI,,,,,0.0,,49416.196981397334,,,,,,
2009-12-26,NO 15/9-F-5 AH,5769,15/9-F-5,3420717,VOLVE,369304,MÆRSK INSPIRER,24.0,,,injection,WI,,,,,0.0,,48569.91282,,,,,,
2009-12-27,NO 15/9-F-5 AH,5769,15/9-F-5,3420717,VOLVE,369304,MÆRSK INSPIRER,24.0,,,injection,WI,,,,,0.0,,44770.86758,,,,,,
2009-12-28,NO 15/9-F-5 AH,5769,15/9-F-5,3420717,VOLVE,369304,MÆRSK INSPIRER,24.0,,,injection,WI,,,,,0.0,,47110.6769,,,,,,
2009-12-29,NO 15/9-F-5 AH,5769,15/9-F-5,3420717,VOLVE,369304,MÆRSK INSPIRER,24.0,,,injection,WI,,,,,0.0,,47241.11434686787,,,,,,
2009-12-30,NO 15/9-F-5 AH,5769,15/9-F-5,3420717,VOLVE,369304,MÆRSK INSPIRER,24.0,,,injection,WI,,,,,0.0,,47495.431090274105,,,,,,
2009-12-31,NO 15/9-F-5 AH,5769,15/9-F-5,3420717,VOLVE,369304,MÆRSK INSPIRER,24.0,,,injection,WI,,,,,0.0,,46724.215220246704,,,,,,
2010-01-01,NO 15/9-F-5 AH,5769,15/9-F-5,3420717,VOLVE,369304,MÆRSK INSPIRER,24.0,,,injection,WI,,,,,0.0,,49054.21638612324,,,,,,
2010-01-02,NO 15/9-F-5 AH,5769,15/9-F-5,3420717,VOLVE,369304,MÆRSK INSPIRER,24.0,,,injection,WI,,,,,0.0,,51515.291602331126,,,,,,
2010-01-03,NO 15/9-F-5 AH,5769,15/9-F-5,3420717,VOLVE,369304,MÆRSK INSPIRER,24.0,,,injection,WI,,,,,0.0,,51717.28149402418,,,,,,
2010-01-04,NO 15/9-F-5 AH,5769,15/9-F-5,3420717,VOLVE,369304,MÆRSK INSPIRER,24.0,,,injection,WI,,,,,0.0,,51948.63528770036,,,,,,
2010-01-05,NO 15/9-F-5 AH,5769,15/9-F-5,3420717,VOLVE,369304,MÆRSK INSPIRER,24.0,,,injection,WI,,,,,0.0,,52129.73912623574,,,,,,
2010-01-06,NO 15/9-F-5 AH,5769,15/9-F-5,3420717,VOLVE,369304,MÆRSK INSPIRER,24.0,,,injection,WI,,,,,0.0,,52212.1032355416,,,,,,
2010-01-07,NO 15/9-F-5 AH,5769,15/9-F-5,3420717,VOLVE,369304,MÆRSK INSPIRER,24.0,,,injection,WI,,,,,0.0,,51109.96663431522,,,,,,
2010-01-08,NO 15/9-F-5 AH,5769,15/9-F-5,3420717,VOLVE,369304,MÆRSK INSPIRER,24.0,,,injection,WI,,,,,0.0,,50933.10709142823,,,,,,
2010-01-09,NO 15/9-F-5 AH,5769,15/9-F-5,3420717,VOLVE,369304,MÆRSK INSPIRER,17.5,,,injection,WI,,,,,0.0,,36311.073130000004,,,,,,
2010-01-10,NO 15/9-F-5 AH,5769,15/9-F-5,3420717,VOLVE,369304,MÆRSK INSPIRER,24.0,,,injection,WI,,,,,0.0,,48695.94022162221,,,,,,
2010-01-11,NO 15/9-F-5 AH,5769,15/9-F-5,3420717,VOLVE,369304,MÆRSK INSPIRER,24.0,,,injection,WI,,,,,0.0,,50153.49764030486,,,,,,
2010-01-12,NO 15/9-F-5 AH,5769,15/9-F-5,3420717,VOLVE,369304,MÆRSK INSPIRER,24.0,,,injection,WI,,,,,0.0,,49784.29617542248,,,,,,
2010-01-13,NO 15/9-F-5 AH,5769,15/9-F-5,3420717,VOLVE,369304,MÆRSK INSPIRER,24.0,,,injection,WI,,,,,0.0,,49255.66076128461,,,,,,
2010-01-14,NO 15/9-F-5 AH,5769,15/9-F-5,3420717,VOLVE,369304,MÆRSK INSPIRER,24.0,,,injection,WI,,,,,0.0,,49218.36203860162,,,,,,
2010-01-15,NO 15/9-F-5 AH,5769,15/9-F-5,3420717,VOLVE,369304,MÆRSK INSPIRER,24.0,,,injection,WI,,,,,0.0,,48913.16814509855,,,,,,
2010-01-16,NO 15/9-F-5 AH,5769,15/9-F-5,3420717,VOLVE,369304,MÆRSK INSPIRER,24.0,,,injection,WI,,,,,0.0,,49004.87435326253,,,,,,
2010-01-17,NO 15/9-F-5 AH,5769,15/9-F-5,3420717,VOLVE,369304,MÆRSK INSPIRER,24.0,,,injection,WI,,,,,0.0,,49927.230417286046,,,,,,
2010-01-18,NO 15/9-F-5 AH,5769,15/9-F-5,3420717,VOLVE,369304,MÆRSK INSPIRER,24.0,,,injection,WI,,,,,0.0,,56506.411127498526,,,,,,
2010-01-19,NO 15/9-F-5 AH,5769,15/9-F-5,3420717,VOLVE,369304,MÆRSK INSPIRER,24.0,,,injection,WI,,,,,0.0,,57646.10865,,,,,,
2010-01-20,NO 15/9-F-5 AH,5769,15/9-F-5,3420717,VOLVE,369304,MÆRSK INSPIRER,24.0,,,injection,WI,,,,,0.0,,56608.29,,,,,,
2010-01-21,NO 15/9-F-5 AH,5769,15/9-F-5,3420717,VOLVE,369304,MÆRSK INSPIRER,24.0,,,injection,WI,,,,,0.0,,55027.02969167308,,,,,,
2010-01-22,NO 15/9-F-5 AH,5769,15/9-F-5,3420717,VOLVE,369304,MÆRSK INSPIRER,24.0,,,injection,WI,,,,,0.0,,56102.83482100976,,,,,,
2010-01-23,NO 15/9-F-5 AH,5769,15/9-F-5,3420717,VOLVE,369304,MÆRSK INSPIRER,24.0,,,injection,WI,,,,,0.0,,56876.19198871205,,,,,,
2010-01-24,NO 15/9-F-5 AH,5769,15/9-F-5,3420717,VOLVE,369304,MÆRSK INSPIRER,24.0,,,injection,WI,,,,,0.0,,56984.49465989107,,,,,,
2010-01-25,NO 15/9-F-5 AH,5769,15/9-F-5,3420717,VOLVE,369304,MÆRSK INSPIRER,24.0,,,injection,WI,,,,,0.0,,55700.17257984888,,,,,,
2010-01-26,NO 15/9-F-5 AH,5769,15/9-F-5,3420717,VOLVE,369304,MÆRSK INSPIRER,22.16667,,,injection,WI,,,,,0.0,,48979.43287746655,,,,,,
2010-01-27,NO 15/9-F-5 AH,5769,15/9-F-5,3420717,VOLVE,369304,MÆRSK INSPIRER,24.0,,,injection,WI,,,,,0.0,,47915.070426233295,,,,,,
2010-01-28,NO 15/9-F-5 AH,5769,15/9-F-5,3420717,VOLVE,369304,MÆRSK INSPIRER,24.0,,,injection,WI,,,,,0.0,,47861.87078082885,,,,,,
2010-01-29,NO 15/9-F-5 AH,5769,15/9-F-5,3420717,VOLVE,369304,MÆRSK INSPIRER,24.0,,,injection,WI,,,,,0.0,,47835.36069537005,,,,,,
2010-01-30,NO 15/9-F-5 AH,5769,15/9-F-5,3420717,VOLVE,369304,MÆRSK INSPIRER,24.0,,,injection,WI,,,,,0.0,,47980.90017129411,,,,,,
2010-01-31,NO 15/9-F-5 AH,5769,15/9-F-5,3420717,VOLVE,369304,MÆRSK INSPIRER,24.0,,,injection,WI,,,,,0.0,,48323.08230542367,,,,,,
2010-02-01,NO 15/9-F-5 AH,5769,15/9-F-5,3420717,VOLVE,369304,MÆRSK INSPIRER,24.0,,,injection,WI,,,,,0.0,,48277.66459509365,,,,,,
2010-02-02,NO 15/9-F-5 AH,5769,15/9-F-5,3420717,VOLVE,369304,MÆRSK INSPIRER,24.0,,,injection,WI,,,,,0.0,,48386.63370702234,,,,,,
2010-02-03,NO 15/9-F-5 AH,5769,15/9-F-5,3420717,VOLVE,369304,MÆRSK INSPIRER,24.0,,,injection,WI,,,,,0.0,,48761.752025,,,,,,
2010-02-04,NO 15/9-F-5 AH,5769,15/9-F-5,3420717,VOLVE,369304,MÆRSK INSPIRER,24.0,,,injection,WI,,,,,0.0,,48718.32051349253,,,,,,
2010-02-05,NO 15/9-F-5 AH,5769,15/9-F-5,3420717,VOLVE,369304,MÆRSK INSPIRER,24.0,,,injection,WI,,,,,0.0,,48384.56871391538,,,,,,
2010-02-06,NO 15/9-F-5 AH,5769,15/9-F-5,3420717,VOLVE,369304,MÆRSK INSPIRER,24.0,,,injection,WI,,,,,0.0,,48313.034893479686,,,,,,
2010-02-07,NO 15/9-F-5 AH,5769,15/9-F-5,3420717,VOLVE,369304,MÆRSK INSPIRER,24.0,,,injection,WI,,,,,0.0,,47953.76961180334,,,,,,
2010-02-08,NO 15/9-F-5 AH,5769,15/9-F-5,3420717,VOLVE,369304,MÆRSK INSPIRER,24.0,,,injection,WI,,,,,0.0,,48145.10667506349,,,,,,
2010-02-09,NO 15/9-F-5 AH,5769,15/9-F-5,3420717,VOLVE,369304,MÆRSK INSPIRER,24.0,,,injection,WI,,,,,0.0,,50437.98639,,,,,,
2010-02-10,NO 15/9-F-5 AH,5769,15/9-F-5,3420717,VOLVE,369304,MÆRSK INSPIRER,24.0,,,injection,WI,,,,,0.0,,51193.2204306937,,,,,,
2010-02-11,NO 15/9-F-5 AH,5769,15/9-F-5,3420717,VOLVE,369304,MÆRSK INSPIRER,24.0,,,injection,WI,,,,,0.0,,51129.743031330436,,,,,,
2010-02-12,NO 15/9-F-5 AH,5769,15/9-F-5,3420717,VOLVE,369304,MÆRSK INSPIRER,24.0,,,injection,WI,,,,,0.0,,47281.67396388877,,,,,,
2010-02-13,NO 15/9-F-5 AH,5769,15/9-F-5,3420717,VOLVE,369304,MÆRSK INSPIRER,24.0,,,injection,WI,,,,,0.0,,19147.34975206415,,,,,,
2010-02-14,NO 15/9-F-5 AH,5769,15/9-F-5,3420717,VOLVE,369304,MÆRSK INSPIRER,13.59167,,,injection,WI,,,,,0.0,,21412.32897785808,,,,,,
2010-02-15,NO 15/9-F-5 AH,5769,15/9-F-5,3420717,VOLVE,369304,MÆRSK INSPIRER,10.325,,,injection,WI,,,,,0.0,,17296.9775,,,,,,
2010-02-16,NO 15/9-F-5 AH,5769,15/9-F-5,3420717,VOLVE,369304,MÆRSK INSPIRER,24.0,,,injection,WI,,,,,0.0,,52400.7435978001,,,,,,
2010-02-17,NO 15/9-F-5 AH,5769,15/9-F-5,3420717,VOLVE,369304,MÆRSK INSPIRER,24.0,,,injection,WI,,,,,0.0,,53774.446701804896,,,,,,
2010-02-18,NO 15/9-F-5 AH,5769,15/9-F-5,3420717,VOLVE,369304,MÆRSK INSPIRER,19.83334,,,injection,WI,,,,,0.0,,50718.858668623,,,,,,
2010-02-19,NO 15/9-F-5 AH,5769,15/9-F-5,3420717,VOLVE,369304,MÆRSK INSPIRER,24.0,,,injection,WI,,,,,0.0,,53422.61669363519,,,,,,
2010-02-20,NO 15/9-F-5 AH,5769,15/9-F-5,3420717,VOLVE,369304,MÆRSK INSPIRER,24.0,,,injection,WI,,,,,0.0,,54312.84804709587,,,,,,
2010-02-21,NO 15/9-F-5 AH,5769,15/9-F-5,3420717,VOLVE,369304,MÆRSK INSPIRER,24.0,,,injection,WI,,,,,0.0,,57414.50715181263,,,,,,
2010-02-22,NO 15/9-F-5 AH,5769,15/9-F-5,3420717,VOLVE,369304,MÆRSK INSPIRER,24.0,,,injection,WI,,,,,0.0,,60050.67375359011,,,,,,
2010-02-23,NO 15/9-F-5 AH,5769,15/9-F-5,3420717,VOLVE,369304,MÆRSK INSPIRER,20.5,,,injection,WI,,,,,0.0,,49280.66135,,,,,,
2010-02-24,NO 15/9-F-5 AH,5769,15/9-F-5,3420717,VOLVE,369304,MÆRSK INSPIRER,24.0,,,injection,WI,,,,,0.0,,56061.81832005273,,,,,,
2010-02-25,NO 15/9-F-5 AH,5769,15/9-F-5,3420717,VOLVE,369304,MÆRSK INSPIRER,18.5,,,injection,WI,,,,,0.0,,54146.96372804192,,,,,,
2010-02-26,NO 15/9-F-5 AH,5769,15/9-F-5,3420717,VOLVE,369304,MÆRSK INSPIRER,14.19167,,,injection,WI,,,,,0.0,,41262.6631066842,,,,,,
2010-02-27,NO 15/9-F-5 AH,5769,15/9-F-5,3420717,VOLVE,369304,MÆRSK INSPIRER,18.475,,,injection,WI,,,,,0.0,,25489.651793429784,,,,,,
2010-02-28,NO 15/9-F-5 AH,5769,15/9-F-5,3420717,VOLVE,369304,MÆRSK INSPIRER,0.0,,,injection,WI,,,,,0.0,,0.0,,,,,,
2010-03-01,NO 15/9-F-5 AH,5769,15/9-F-5,3420717,VOLVE,369304,MÆRSK INSPIRER,0.0,,,injection,WI,,,,,0.0,,,,,,,,
2010-03-02,NO 15/9-F-5 AH,5769,15/9-F-5,3420717,VOLVE,369304,MÆRSK INSPIRER,0.0,,,injection,WI,,,,,0.0,,,,,,,,
2010-03-03,NO 15/9-F-5 AH,5769,15/9-F-5,3420717,VOLVE,369304,MÆRSK INSPIRER,0.0,,,injection,WI,,,,,0.0,,,,,,,,
2010-03-04,NO 15/9-F-5 AH,5769,15/9-F-5,3420717,VOLVE,369304,MÆRSK INSPIRER,0.0,,,injection,WI,,,,,0.0,,,,,,,,
2010-03-05,NO 15/9-F-5 AH,5769,15/9-F-5,3420717,VOLVE,369304,MÆRSK INSPIRER,0.0,,,injection,WI,,,,,0.0,,,,,,,,
2010-03-06,NO 15/9-F-5 AH,5769,15/9-F-5,3420717,VOLVE,369304,MÆRSK INSPIRER,13.16667,,,injection,WI,,,,,0.0,,16738.83340715814,,,,,,
2010-03-07,NO 15/9-F-5 AH,5769,15/9-F-5,3420717,VOLVE,369304,MÆRSK INSPIRER,0.0,,,injection,WI,,,,,0.0,,,,,,,,
2010-03-08,NO 15/9-F-5 AH,5769,15/9-F-5,3420717,VOLVE,369304,MÆRSK INSPIRER,15.84167,,,injection,WI,,,,,0.0,,32034.00233,,,,,,
2010-03-09,NO 15/9-F-5 AH,5769,15/9-F-5,3420717,VOLVE,369304,MÆRSK INSPIRER,24.0,,,injection,WI,,,,,0.0,,38872.2737100974,,,,,,
2010-03-10,NO 15/9-F-5 AH,5769,15/9-F-5,3420717,VOLVE,369304,MÆRSK INSPIRER,24.0,,,injection,WI,,,,,0.0,,26129.46002822477,,,,,,
2010-03-11,NO 15/9-F-5 AH,5769,15/9-F-5,3420717,VOLVE,369304,MÆRSK INSPIRER,23.5,,,injection,WI,,,,,0.0,,26217.41695533925,,,,,,
2010-03-12,NO 15/9-F-5 AH,5769,15/9-F-5,3420717,VOLVE,369304,MÆRSK INSPIRER,15.5,,,injection,WI,,,,,0.0,,18353.66558,,,,,,
2010-03-13,NO 15/9-F-5 AH,5769,15/9-F-5,3420717,VOLVE,369304,MÆRSK INSPIRER,24.0,,,injection,WI,,,,,0.0,,55347.45086662585,,,,,,
2010-03-14,NO 15/9-F-5 AH,5769,15/9-F-5,3420717,VOLVE,369304,MÆRSK INSPIRER,24.0,,,injection,WI,,,,,0.0,,55462.01915955427,,,,,,
2010-03-15,NO 15/9-F-5 AH,5769,15/9-F-5,3420717,VOLVE,369304,MÆRSK INSPIRER,24.0,,,injection,WI,,,,,0.0,,54860.55790365955,,,,,,
2010-03-16,NO 15/9-F-5 AH,5769,15/9-F-5,3420717,VOLVE,369304,MÆRSK INSPIRER,24.0,,,injection,WI,,,,,0.0,,53280.36804499276,,,,,,
2010-03-17,NO 15/9-F-5 AH,5769,15/9-F-5,3420717,VOLVE,369304,MÆRSK INSPIRER,24.0,,,injection,WI,,,,,0.0,,38197.97212622716,,,,,,
2010-03-18,NO 15/9-F-5 AH,5769,15/9-F-5,3420717,VOLVE,369304,MÆRSK INSPIRER,24.0,,,injection,WI,,,,,0.0,,29618.196737097565,,,,,,
2010-03-19,NO 15/9-F-5 AH,5769,15/9-F-5,3420717,VOLVE,369304,MÆRSK INSPIRER,24.0,,,injection,WI,,,,,0.0,,30697.242217990624,,,,,,
2010-03-20,NO 15/9-F-5 AH,5769,15/9-F-5,3420717,VOLVE,369304,MÆRSK INSPIRER,24.0,,,injection,WI,,,,,0.0,,31087.779135092904,,,,,,
2010-03-21,NO 15/9-F-5 AH,5769,15/9-F-5,3420717,VOLVE,369304,MÆRSK INSPIRER,24.0,,,injection,WI,,,,,0.0,,31164.7448013748,,,,,,
2010-03-22,NO 15/9-F-5 AH,5769,15/9-F-5,3420717,VOLVE,369304,MÆRSK INSPIRER,24.0,,,injection,WI,,,,,0.0,,31681.9655928105,,,,,,
2010-03-23,NO 15/9-F-5 AH,5769,15/9-F-5,3420717,VOLVE,369304,MÆRSK INSPIRER,24.0,,,injection,WI,,,,,0.0,,42199.91369161196,,,,,,
2010-03-24,NO 15/9-F-5 AH,5769,15/9-F-5,3420717,VOLVE,369304,MÆRSK INSPIRER,24.0,,,injection,WI,,,,,0.0,,46679.03330965207,,,,,,
2010-03-25,NO 15/9-F-5 AH,5769,15/9-F-5,3420717,VOLVE,369304,MÆRSK INSPIRER,24.0,,,injection,WI,,,,,0.0,,46528.8231191003,,,,,,
2010-03-26,NO 15/9-F-5 AH,5769,15/9-F-5,3420717,VOLVE,369304,MÆRSK INSPIRER,24.0,,,injection,WI,,,,,0.0,,47853.46002199969,,,,,,
2010-03-27,NO 15/9-F-5 AH,5769,15/9-F-5,3420717,VOLVE,369304,MÆRSK INSPIRER,24.0,,,injection,WI,,,,,0.0,,48777.793556424,,,,,,
2010-03-28,NO 15/9-F-5 AH,5769,15/9-F-5,3420717,VOLVE,369304,MÆRSK INSPIRER,23.0,,,injection,WI,,,,,0.0,,50708.86790483755,,,,,,
2010-03-29,NO 15/9-F-5 AH,5769,15/9-F-5,3420717,VOLVE,369304,MÆRSK INSPIRER,24.0,,,injection,WI,,,,,0.0,,51696.290635597004,,,,,,
2010-03-30,NO 15/9-F-5 AH,5769,15/9-F-5,3420717,VOLVE,369304,MÆRSK INSPIRER,24.0,,,injection,WI,,,,,0.0,,51010.91680959044,,,,,,
2010-03-31,NO 15/9-F-5 AH,5769,15/9-F-5,3420717,VOLVE,369304,MÆRSK INSPIRER,24.0,,,injection,WI,,,,,0.0,,50889.347823163174,,,,,,
2010-04-01,NO 15/9-F-5 AH,5769,15/9-F-5,3420717,VOLVE,369304,MÆRSK INSPIRER,12.00001,,,injection,WI,,,,,0.0,,9717.75645,,,,,,
2010-04-02,NO 15/9-F-5 AH,5769,15/9-F-5,3420717,VOLVE,369304,MÆRSK INSPIRER,24.0,,,injection,WI,,,,,0.0,,48712.094715413055,,,,,,
2010-04-03,NO 15/9-F-5 AH,5769,15/9-F-5,3420717,VOLVE,369304,MÆRSK INSPIRER,22.66667,,,injection,WI,,,,,0.0,,48547.69293267094,,,,,,
2010-04-04,NO 15/9-F-5 AH,5769,15/9-F-5,3420717,VOLVE,369304,MÆRSK INSPIRER,24.0,,,injection,WI,,,,,0.0,,53522.073161128355,,,,,,
2010-04-05,NO 15/9-F-5 AH,5769,15/9-F-5,3420717,VOLVE,369304,MÆRSK INSPIRER,24.0,,,injection,WI,,,,,0.0,,53551.44234,,,,,,
2010-04-06,NO 15/9-F-5 AH,5769,15/9-F-5,3420717,VOLVE,369304,MÆRSK INSPIRER,24.0,,,injection,WI,,,,,0.0,,52385.31054914738,,,,,,
2010-04-07,NO 15/9-F-5 AH,5769,15/9-F-5,3420717,VOLVE,369304,MÆRSK INSPIRER,24.0,,,injection,WI,,,,,0.0,,54375.84614852297,,,,,,
2010-04-08,NO 15/9-F-5 AH,5769,15/9-F-5,3420717,VOLVE,369304,MÆRSK INSPIRER,24.0,,,injection,WI,,,,,0.0,,54415.06619063837,,,,,,
2010-04-09,NO 15/9-F-5 AH,5769,15/9-F-5,3420717,VOLVE,369304,MÆRSK INSPIRER,24.0,,,injection,WI,,,,,0.0,,35196.634750647354,,,,,,
2010-04-10,NO 15/9-F-5 AH,5769,15/9-F-5,3420717,VOLVE,369304,MÆRSK INSPIRER,24.0,,,injection,WI,,,,,0.0,,29278.366707556183,,,,,,
2010-04-11,NO 15/9-F-5 AH,5769,15/9-F-5,3420717,VOLVE,369304,MÆRSK INSPIRER,21.0,,,injection,WI,,,,,0.0,,26329.14466,,,,,,
2010-04-12,NO 15/9-F-5 AH,5769,15/9-F-5,3420717,VOLVE,369304,MÆRSK INSPIRER,10.5,,,injection,WI,,,,,0.0,,13957.08839,,,,,,
2010-04-13,NO 15/9-F-5 AH,5769,15/9-F-5,3420717,VOLVE,369304,MÆRSK INSPIRER,0.0,,,injection,WI,,,,,0.0,,,,,,,,
2010-04-14,NO 15/9-F-5 AH,5769,15/9-F-5,3420717,VOLVE,369304,MÆRSK INSPIRER,0.0,,,injection,WI,,,,,0.0,,,,,,,,
2010-04-15,NO 15/9-F-5 AH,5769,15/9-F-5,3420717,VOLVE,369304,MÆRSK INSPIRER,0.0,,,injection,WI,,,,,0.0,,,,,,,,
2010-04-16,NO 15/9-F-5 AH,5769,15/9-F-5,3420717,VOLVE,369304,MÆRSK INSPIRER,0.0,,,injection,WI,,,,,0.0,,,,,,,,
2010-04-17,NO 15/9-F-5 AH,5769,15/9-F-5,3420717,VOLVE,369304,MÆRSK INSPIRER,0.0,,,injection,WI,,,,,0.0,,,,,,,,
2010-04-18,NO 15/9-F-5 AH,5769,15/9-F-5,3420717,VOLVE,369304,MÆRSK INSPIRER,0.0,,,injection,WI,,,,,0.0,,,,,,,,
2010-04-19,NO 15/9-F-5 AH,5769,15/9-F-5,3420717,VOLVE,369304,MÆRSK INSPIRER,0.0,,,injection,WI,,,,,0.0,,0.0,,,,,,
2010-04-20,NO 15/9-F-5 AH,5769,15/9-F-5,3420717,VOLVE,369304,MÆRSK INSPIRER,0.0,,,injection,WI,,,,,0.0,,,,,,,,
2010-04-21,NO 15/9-F-5 AH,5769,15/9-F-5,3420717,VOLVE,369304,MÆRSK INSPIRER,0.0,,,injection,WI,,,,,0.0,,,,,,,,
2010-04-22,NO 15/9-F-5 AH,5769,15/9-F-5,3420717,VOLVE,369304,MÆRSK INSPIRER,0.0,,,injection,WI,,,,,0.0,,,,,,,,
2010-04-23,NO 15/9-F-5 AH,5769,15/9-F-5,3420717,VOLVE,369304,MÆRSK INSPIRER,23.225,,,injection,WI,,,,,0.0,,49620.31109,,,,,,
2010-04-24,NO 15/9-F-5 AH,5769,15/9-F-5,3420717,VOLVE,369304,MÆRSK INSPIRER,24.0,,,injection,WI,,,,,0.0,,49344.797524407004,,,,,,
2010-04-25,NO 15/9-F-5 AH,5769,15/9-F-5,3420717,VOLVE,369304,MÆRSK INSPIRER,24.0,,,injection,WI,,,,,0.0,,49704.44257563852,,,,,,
2010-04-26,NO 15/9-F-5 AH,5769,15/9-F-5,3420717,VOLVE,369304,MÆRSK INSPIRER,24.0,,,injection,WI,,,,,0.0,,52861.18085726693,,,,,,
2010-04-27,NO 15/9-F-5 AH,5769,15/9-F-5,3420717,VOLVE,369304,MÆRSK INSPIRER,24.0,,,injection,WI,,,,,0.0,,58775.66825281235,,,,,,
2010-04-28,NO 15/9-F-5 AH,5769,15/9-F-5,3420717,VOLVE,369304,MÆRSK INSPIRER,24.0,,,injection,WI,,,,,0.0,,55536.66794025287,,,,,,
2010-04-29,NO 15/9-F-5 AH,5769,15/9-F-5,3420717,VOLVE,369304,MÆRSK INSPIRER,24.0,,,injection,WI,,,,,0.0,,51135.66630920457,,,,,,
2010-04-30,NO 15/9-F-5 AH,5769,15/9-F-5,3420717,VOLVE,369304,MÆRSK INSPIRER,24.0,,,injection,WI,,,,,0.0,,53621.75402545554,,,,,,
2010-05-01,NO 15/9-F-5 AH,5769,15/9-F-5,3420717,VOLVE,369304,MÆRSK INSPIRER,24.0,,,injection,WI,,,,,0.0,,54693.05849697125,,,,,,
2010-05-02,NO 15/9-F-5 AH,5769,15/9-F-5,3420717,VOLVE,369304,MÆRSK INSPIRER,24.0,,,injection,WI,,,,,0.0,,48508.72691373292,,,,,,
2010-05-03,NO 15/9-F-5 AH,5769,15/9-F-5,3420717,VOLVE,369304,MÆRSK INSPIRER,24.0,,,injection,WI,,,,,0.0,,43347.000803943825,,,,,,
2010-05-04,NO 15/9-F-5 AH,5769,15/9-F-5,3420717,VOLVE,369304,MÆRSK INSPIRER,24.0,,,injection,WI,,,,,0.0,,45796.71720378877,,,,,,
2010-05-05,NO 15/9-F-5 AH,5769,15/9-F-5,3420717,VOLVE,369304,MÆRSK INSPIRER,24.0,,,injection,WI,,,,,0.0,,48222.44333268447,,,,,,
2010-05-06,NO 15/9-F-5 AH,5769,15/9-F-5,3420717,VOLVE,369304,MÆRSK INSPIRER,24.0,,,injection,WI,,,,,0.0,,50305.975332258786,,,,,,
2010-05-07,NO 15/9-F-5 AH,5769,15/9-F-5,3420717,VOLVE,369304,MÆRSK INSPIRER,24.0,,,injection,WI,,,,,0.0,,52871.16420094418,,,,,,
2010-05-08,NO 15/9-F-5 AH,5769,15/9-F-5,3420717,VOLVE,369304,MÆRSK INSPIRER,24.0,,,injection,WI,,,,,0.0,,51608.89532823818,,,,,,
2010-05-09,NO 15/9-F-5 AH,5769,15/9-F-5,3420717,VOLVE,369304,MÆRSK INSPIRER,24.0,,,injection,WI,,,,,0.0,,51552.83832304977,,,,,,
2010-05-10,NO 15/9-F-5 AH,5769,15/9-F-5,3420717,VOLVE,369304,MÆRSK INSPIRER,24.0,,,injection,WI,,,,,0.0,,51334.58452370017,,,,,,
2010-05-11,NO 15/9-F-5 AH,5769,15/9-F-5,3420717,VOLVE,369304,MÆRSK INSPIRER,24.0,,,injection,WI,,,,,0.0,,52234.350501861554,,,,,,
2010-05-12,NO 15/9-F-5 AH,5769,15/9-F-5,3420717,VOLVE,369304,MÆRSK INSPIRER,24.0,,,injection,WI,,,,,0.0,,53054.17592492611,,,,,,
2010-05-13,NO 15/9-F-5 AH,5769,15/9-F-5,3420717,VOLVE,369304,MÆRSK INSPIRER,24.0,,,injection,WI,,,,,0.0,,49332.938243586876,,,,,,
2010-05-14,NO 15/9-F-5 AH,5769,15/9-F-5,3420717,VOLVE,369304,MÆRSK INSPIRER,24.0,,,injection,WI,,,,,0.0,,51568.48510075667,,,,,,
2010-05-15,NO 15/9-F-5 AH,5769,15/9-F-5,3420717,VOLVE,369304,MÆRSK INSPIRER,24.0,,,injection,WI,,,,,0.0,,53639.49968,,,,,,
2010-05-16,NO 15/9-F-5 AH,5769,15/9-F-5,3420717,VOLVE,369304,MÆRSK INSPIRER,24.0,,,injection,WI,,,,,0.0,,53805.21001182153,,,,,,
2010-05-17,NO 15/9-F-5 AH,5769,15/9-F-5,3420717,VOLVE,369304,MÆRSK INSPIRER,24.0,,,injection,WI,,,,,0.0,,55508.71650159013,,,,,,
2010-05-18,NO 15/9-F-5 AH,5769,15/9-F-5,3420717,VOLVE,369304,MÆRSK INSPIRER,24.0,,,injection,WI,,,,,0.0,,55982.51436579863,,,,,,
2010-05-19,NO 15/9-F-5 AH,5769,15/9-F-5,3420717,VOLVE,369304,MÆRSK INSPIRER,24.0,,,injection,WI,,,,,0.0,,55114.94575729897,,,,,,
2010-05-20,NO 15/9-F-5 AH,5769,15/9-F-5,3420717,VOLVE,369304,MÆRSK INSPIRER,24.0,,,injection,WI,,,,,0.0,,54379.344049453575,,,,,,
2010-05-21,NO 15/9-F-5 AH,5769,15/9-F-5,3420717,VOLVE,369304,MÆRSK INSPIRER,24.0,,,injection,WI,,,,,0.0,,54692.00795587014,,,,,,
2010-05-22,NO 15/9-F-5 AH,5769,15/9-F-5,3420717,VOLVE,369304,MÆRSK INSPIRER,24.0,,,injection,WI,,,,,0.0,,55323.85620638033,,,,,,
2010-05-23,NO 15/9-F-5 AH,5769,15/9-F-5,3420717,VOLVE,369304,MÆRSK INSPIRER,24.0,,,injection,WI,,,,,0.0,,55118.66296162785,,,,,,
2010-05-24,NO 15/9-F-5 AH,5769,15/9-F-5,3420717,VOLVE,369304,MÆRSK INSPIRER,24.0,,,injection,WI,,,,,0.0,,54580.27784142593,,,,,,
2010-05-25,NO 15/9-F-5 AH,5769,15/9-F-5,3420717,VOLVE,369304,MÆRSK INSPIRER,24.0,,,injection,WI,,,,,0.0,,53958.76137958397,,,,,,
2010-05-26,NO 15/9-F-5 AH,5769,15/9-F-5,3420717,VOLVE,369304,MÆRSK INSPIRER,24.0,,,injection,WI,,,,,0.0,,51539.78007733708,,,,,,
2010-05-27,NO 15/9-F-5 AH,5769,15/9-F-5,3420717,VOLVE,369304,MÆRSK INSPIRER,24.0,,,injection,WI,,,,,0.0,,51585.98506877064,,,,,,
2010-05-28,NO 15/9-F-5 AH,5769,15/9-F-5,3420717,VOLVE,369304,MÆRSK INSPIRER,24.0,,,injection,WI,,,,,0.0,,42100.46086958784,,,,,,
2010-05-29,NO 15/9-F-5 AH,5769,15/9-F-5,3420717,VOLVE,369304,MÆRSK INSPIRER,24.0,,,injection,WI,,,,,0.0,,42388.63409563384,,,,,,
2010-05-30,NO 15/9-F-5 AH,5769,15/9-F-5,3420717,VOLVE,369304,MÆRSK INSPIRER,24.0,,,injection,WI,,,,,0.0,,43392.62255964138,,,,,,
2010-05-31,NO 15/9-F-5 AH,5769,15/9-F-5,3420717,VOLVE,369304,MÆRSK INSPIRER,24.0,,,injection,WI,,,,,0.0,,48821.275839801936,,,,,,
2010-06-01,NO 15/9-F-5 AH,5769,15/9-F-5,3420717,VOLVE,369304,MÆRSK INSPIRER,24.0,,,injection,WI,,,,,0.0,,47083.55506893098,,,,,,
2010-06-02,NO 15/9-F-5 AH,5769,15/9-F-5,3420717,VOLVE,369304,MÆRSK INSPIRER,24.0,,,injection,WI,,,,,0.0,,38403.966812017956,,,,,,
2010-06-03,NO 15/9-F-5 AH,5769,15/9-F-5,3420717,VOLVE,369304,MÆRSK INSPIRER,24.0,,,injection,WI,,,,,0.0,,51054.755305874714,,,,,,
2010-06-04,NO 15/9-F-5 AH,5769,15/9-F-5,3420717,VOLVE,369304,MÆRSK INSPIRER,24.0,,,injection,WI,,,,,0.0,,52183.904182783685,,,,,,
2010-06-05,NO 15/9-F-5 AH,5769,15/9-F-5,3420717,VOLVE,369304,MÆRSK INSPIRER,24.0,,,injection,WI,,,,,0.0,,53882.799464768665,,,,,,
2010-06-06,NO 15/9-F-5 AH,5769,15/9-F-5,3420717,VOLVE,369304,MÆRSK INSPIRER,24.0,,,injection,WI,,,,,0.0,,51183.978144568384,,,,,,
2010-06-07,NO 15/9-F-5 AH,5769,15/9-F-5,3420717,VOLVE,369304,MÆRSK INSPIRER,24.0,,,injection,WI,,,,,0.0,,50043.910926690754,,,,,,
2010-06-08,NO 15/9-F-5 AH,5769,15/9-F-5,3420717,VOLVE,369304,MÆRSK INSPIRER,24.0,,,injection,WI,,,,,0.0,,45375.97223716552,,,,,,
2010-06-09,NO 15/9-F-5 AH,5769,15/9-F-5,3420717,VOLVE,369304,MÆRSK INSPIRER,24.0,,,injection,WI,,,,,0.0,,46719.467824972824,,,,,,
2010-06-10,NO 15/9-F-5 AH,5769,15/9-F-5,3420717,VOLVE,369304,MÆRSK INSPIRER,24.0,,,injection,WI,,,,,0.0,,46364.45854847448,,,,,,
2010-06-11,NO 15/9-F-5 AH,5769,15/9-F-5,3420717,VOLVE,369304,MÆRSK INSPIRER,24.0,,,injection,WI,,,,,0.0,,44534.32854951357,,,,,,
2010-06-12,NO 15/9-F-5 AH,5769,15/9-F-5,3420717,VOLVE,369304,MÆRSK INSPIRER,24.0,,,injection,WI,,,,,0.0,,45683.20300832485,,,,,,
2010-06-13,NO 15/9-F-5 AH,5769,15/9-F-5,3420717,VOLVE,369304,MÆRSK INSPIRER,24.0,,,injection,WI,,,,,0.0,,46864.285854448375,,,,,,
2010-06-14,NO 15/9-F-5 AH,5769,15/9-F-5,3420717,VOLVE,369304,MÆRSK INSPIRER,24.0,,,injection,WI,,,,,0.0,,44888.6349515378,,,,,,
2010-06-15,NO 15/9-F-5 AH,5769,15/9-F-5,3420717,VOLVE,369304,MÆRSK INSPIRER,24.0,,,injection,WI,,,,,0.0,,42971.12841112828,,,,,,
2010-06-16,NO 15/9-F-5 AH,5769,15/9-F-5,3420717,VOLVE,369304,MÆRSK INSPIRER,24.0,,,injection,WI,,,,,0.0,,45118.11929705843,,,,,,
2010-06-17,NO 15/9-F-5 AH,5769,15/9-F-5,3420717,VOLVE,369304,MÆRSK INSPIRER,24.0,,,injection,WI,,,,,0.0,,46403.86814056611,,,,,,
2010-06-18,NO 15/9-F-5 AH,5769,15/9-F-5,3420717,VOLVE,369304,MÆRSK INSPIRER,24.0,,,injection,WI,,,,,0.0,,45450.16706,,,,,,
2010-06-19,NO 15/9-F-5 AH,5769,15/9-F-5,3420717,VOLVE,369304,MÆRSK INSPIRER,20.66667,,,injection,WI,,,,,0.0,,34587.66519,,,,,,
2010-06-20,NO 15/9-F-5 AH,5769,15/9-F-5,3420717,VOLVE,369304,MÆRSK INSPIRER,24.0,,,injection,WI,,,,,0.0,,46421.70420850857,,,,,,
2010-06-21,NO 15/9-F-5 AH,5769,15/9-F-5,3420717,VOLVE,369304,MÆRSK INSPIRER,24.0,,,injection,WI,,,,,0.0,,47085.82343387164,,,,,,
2010-06-22,NO 15/9-F-5 AH,5769,15/9-F-5,3420717,VOLVE,369304,MÆRSK INSPIRER,24.0,,,injection,WI,,,,,0.0,,44511.265595735655,,,,,,
2010-06-23,NO 15/9-F-5 AH,5769,15/9-F-5,3420717,VOLVE,369304,MÆRSK INSPIRER,24.0,,,injection,WI,,,,,0.0,,44817.01124840683,,,,,,
2010-06-24,NO 15/9-F-5 AH,5769,15/9-F-5,3420717,VOLVE,369304,MÆRSK INSPIRER,24.0,,,injection,WI,,,,,0.0,,33757.41027,,,,,,
2010-06-25,NO 15/9-F-5 AH,5769,15/9-F-5,3420717,VOLVE,369304,MÆRSK INSPIRER,24.0,,,injection,WI,,,,,0.0,,48324.61023,,,,,,
2010-06-26,NO 15/9-F-5 AH,5769,15/9-F-5,3420717,VOLVE,369304,MÆRSK INSPIRER,24.0,,,injection,WI,,,,,0.0,,40507.44815086458,,,,,,
2010-06-27,NO 15/9-F-5 AH,5769,15/9-F-5,3420717,VOLVE,369304,MÆRSK INSPIRER,24.0,,,injection,WI,,,,,0.0,,47062.1803093297,,,,,,
2010-06-28,NO 15/9-F-5 AH,5769,15/9-F-5,3420717,VOLVE,369304,MÆRSK INSPIRER,24.0,,,injection,WI,,,,,0.0,,48576.20781516212,,,,,,
2010-06-29,NO 15/9-F-5 AH,5769,15/9-F-5,3420717,VOLVE,369304,MÆRSK INSPIRER,24.0,,,injection,WI,,,,,0.0,,47732.41054767088,,,,,,
2010-06-30,NO 15/9-F-5 AH,5769,15/9-F-5,3420717,VOLVE,369304,MÆRSK INSPIRER,24.0,,,injection,WI,,,,,0.0,,43556.55543833049,,,,,,
2010-07-01,NO 15/9-F-5 AH,5769,15/9-F-5,3420717,VOLVE,369304,MÆRSK INSPIRER,24.0,,,injection,WI,,,,,0.0,,44289.96776290354,,,,,,
2010-07-02,NO 15/9-F-5 AH,5769,15/9-F-5,3420717,VOLVE,369304,MÆRSK INSPIRER,24.0,,,injection,WI,,,,,0.0,,45552.472350170436,,,,,,
2010-07-03,NO 15/9-F-5 AH,5769,15/9-F-5,3420717,VOLVE,369304,MÆRSK INSPIRER,24.0,,,injection,WI,,,,,0.0,,34538.25832492273,,,,,,
2010-07-04,NO 15/9-F-5 AH,5769,15/9-F-5,3420717,VOLVE,369304,MÆRSK INSPIRER,24.0,,,injection,WI,,,,,0.0,,41316.71038970288,,,,,,
2010-07-05,NO 15/9-F-5 AH,5769,15/9-F-5,3420717,VOLVE,369304,MÆRSK INSPIRER,24.0,,,injection,WI,,,,,0.0,,46070.98885688028,,,,,,
2010-07-06,NO 15/9-F-5 AH,5769,15/9-F-5,3420717,VOLVE,369304,MÆRSK INSPIRER,24.0,,,injection,WI,,,,,0.0,,47173.77453504961,,,,,,
2010-07-07,NO 15/9-F-5 AH,5769,15/9-F-5,3420717,VOLVE,369304,MÆRSK INSPIRER,24.0,,,injection,WI,,,,,0.0,,48128.297920477955,,,,,,
2010-07-08,NO 15/9-F-5 AH,5769,15/9-F-5,3420717,VOLVE,369304,MÆRSK INSPIRER,24.0,,,injection,WI,,,,,0.0,,45153.99115799764,,,,,,
2010-07-09,NO 15/9-F-5 AH,5769,15/9-F-5,3420717,VOLVE,369304,MÆRSK INSPIRER,24.0,,,injection,WI,,,,,0.0,,42690.192562821045,,,,,,
2010-07-10,NO 15/9-F-5 AH,5769,15/9-F-5,3420717,VOLVE,369304,MÆRSK INSPIRER,23.16667,,,injection,WI,,,,,0.0,,36645.88862162265,,,,,,
2010-07-11,NO 15/9-F-5 AH,5769,15/9-F-5,3420717,VOLVE,369304,MÆRSK INSPIRER,24.0,,,injection,WI,,,,,0.0,,46392.17455954893,,,,,,
2010-07-12,NO 15/9-F-5 AH,5769,15/9-F-5,3420717,VOLVE,369304,MÆRSK INSPIRER,24.0,,,injection,WI,,,,,0.0,,44991.40672808764,,,,,,
2010-07-13,NO 15/9-F-5 AH,5769,15/9-F-5,3420717,VOLVE,369304,MÆRSK INSPIRER,24.0,,,injection,WI,,,,,0.0,,44993.951990120164,,,,,,
2010-07-14,NO 15/9-F-5 AH,5769,15/9-F-5,3420717,VOLVE,369304,MÆRSK INSPIRER,24.0,,,injection,WI,,,,,0.0,,44810.51211746116,,,,,,
2010-07-15,NO 15/9-F-5 AH,5769,15/9-F-5,3420717,VOLVE,369304,MÆRSK INSPIRER,24.0,,,injection,WI,,,,,0.0,,45428.82905647591,,,,,,
2010-07-16,NO 15/9-F-5 AH,5769,15/9-F-5,3420717,VOLVE,369304,MÆRSK INSPIRER,24.0,,,injection,WI,,,,,0.0,,46573.34644072473,,,,,,
2010-07-17,NO 15/9-F-5 AH,5769,15/9-F-5,3420717,VOLVE,369304,MÆRSK INSPIRER,24.0,,,injection,WI,,,,,0.0,,47217.06007055,,,,,,
2010-07-18,NO 15/9-F-5 AH,5769,15/9-F-5,3420717,VOLVE,369304,MÆRSK INSPIRER,24.0,,,injection,WI,,,,,0.0,,42977.331940659606,,,,,,
2010-07-19,NO 15/9-F-5 AH,5769,15/9-F-5,3420717,VOLVE,369304,MÆRSK INSPIRER,24.0,,,injection,WI,,,,,0.0,,40966.20781186387,,,,,,
2010-07-20,NO 15/9-F-5 AH,5769,15/9-F-5,3420717,VOLVE,369304,MÆRSK INSPIRER,24.0,,,injection,WI,,,,,0.0,,39941.60859575121,,,,,,
2010-07-21,NO 15/9-F-5 AH,5769,15/9-F-5,3420717,VOLVE,369304,MÆRSK INSPIRER,24.0,,,injection,WI,,,,,0.0,,40083.71481819808,,,,,,
2010-07-22,NO 15/9-F-5 AH,5769,15/9-F-5,3420717,VOLVE,369304,MÆRSK INSPIRER,24.0,,,injection,WI,,,,,0.0,,41953.12684928306,,,,,,
2010-07-23,NO 15/9-F-5 AH,5769,15/9-F-5,3420717,VOLVE,369304,MÆRSK INSPIRER,24.0,,,injection,WI,,,,,0.0,,43842.31451081266,,,,,,
2010-07-24,NO 15/9-F-5 AH,5769,15/9-F-5,3420717,VOLVE,369304,MÆRSK INSPIRER,24.0,,,injection,WI,,,,,0.0,,43236.45098807065,,,,,,
2010-07-25,NO 15/9-F-5 AH,5769,15/9-F-5,3420717,VOLVE,369304,MÆRSK INSPIRER,24.0,,,injection,WI,,,,,0.0,,42008.87156409459,,,,,,
2010-07-26,NO 15/9-F-5 AH,5769,15/9-F-5,3420717,VOLVE,369304,MÆRSK INSPIRER,24.0,,,injection,WI,,,,,0.0,,42456.443233418635,,,,,,
2010-07-27,NO 15/9-F-5 AH,5769,15/9-F-5,3420717,VOLVE,369304,MÆRSK INSPIRER,24.0,,,injection,WI,,,,,0.0,,42702.814120129224,,,,,,
2010-07-28,NO 15/9-F-5 AH,5769,15/9-F-5,3420717,VOLVE,369304,MÆRSK INSPIRER,24.0,,,injection,WI,,,,,0.0,,43122.35795187544,,,,,,
2010-07-29,NO 15/9-F-5 AH,5769,15/9-F-5,3420717,VOLVE,369304,MÆRSK INSPIRER,24.0,,,injection,WI,,,,,0.0,,43279.50349659355,,,,,,
2010-07-30,NO 15/9-F-5 AH,5769,15/9-F-5,3420717,VOLVE,369304,MÆRSK INSPIRER,24.0,,,injection,WI,,,,,0.0,,43538.27442791825,,,,,,
2010-07-31,NO 15/9-F-5 AH,5769,15/9-F-5,3420717,VOLVE,369304,MÆRSK INSPIRER,24.0,,,injection,WI,,,,,0.0,,42791.08078238527,,,,,,
2010-08-01,NO 15/9-F-5 AH,5769,15/9-F-5,3420717,VOLVE,369304,MÆRSK INSPIRER,24.0,,,injection,WI,,,,,0.0,,42887.14914675403,,,,,,
2010-08-02,NO 15/9-F-5 AH,5769,15/9-F-5,3420717,VOLVE,369304,MÆRSK INSPIRER,24.0,,,injection,WI,,,,,0.0,,43288.18067867054,,,,,,
2010-08-03,NO 15/9-F-5 AH,5769,15/9-F-5,3420717,VOLVE,369304,MÆRSK INSPIRER,24.0,,,injection,WI,,,,,0.0,,43140.56823730536,,,,,,
2010-08-04,NO 15/9-F-5 AH,5769,15/9-F-5,3420717,VOLVE,369304,MÆRSK INSPIRER,24.0,,,injection,WI,,,,,0.0,,43142.446652371305,,,,,,
2010-08-05,NO 15/9-F-5 AH,5769,15/9-F-5,3420717,VOLVE,369304,MÆRSK INSPIRER,21.83333,,,injection,WI,,,,,0.0,,40072.37951,,,,,,
2010-08-06,NO 15/9-F-5 AH,5769,15/9-F-5,3420717,VOLVE,369304,MÆRSK INSPIRER,24.0,,,injection,WI,,,,,0.0,,43521.07055139964,,,,,,
2010-08-07,NO 15/9-F-5 AH,5769,15/9-F-5,3420717,VOLVE,369304,MÆRSK INSPIRER,22.0,,,injection,WI,,,,,0.0,,40948.51447202785,,,,,,
2010-08-08,NO 15/9-F-5 AH,5769,15/9-F-5,3420717,VOLVE,369304,MÆRSK INSPIRER,24.0,,,injection,WI,,,,,0.0,,46066.55836582098,,,,,,
2010-08-09,NO 15/9-F-5 AH,5769,15/9-F-5,3420717,VOLVE,369304,MÆRSK INSPIRER,24.0,,,injection,WI,,,,,0.0,,43103.795844612796,,,,,,
2010-08-10,NO 15/9-F-5 AH,5769,15/9-F-5,3420717,VOLVE,369304,MÆRSK INSPIRER,24.0,,,injection,WI,,,,,0.0,,42767.13590945008,,,,,,
2010-08-11,NO 15/9-F-5 AH,5769,15/9-F-5,3420717,VOLVE,369304,MÆRSK INSPIRER,24.0,,,injection,WI,,,,,0.0,,42539.98543593089,,,,,,
2010-08-12,NO 15/9-F-5 AH,5769,15/9-F-5,3420717,VOLVE,369304,MÆRSK INSPIRER,24.0,,,injection,WI,,,,,0.0,,42214.22700339131,,,,,,
2010-08-13,NO 15/9-F-5 AH,5769,15/9-F-5,3420717,VOLVE,369304,MÆRSK INSPIRER,24.0,,,injection,WI,,,,,0.0,,42752.25049096728,,,,,,
2010-08-14,NO 15/9-F-5 AH,5769,15/9-F-5,3420717,VOLVE,369304,MÆRSK INSPIRER,24.0,,,injection,WI,,,,,0.0,,42852.91557428024,,,,,,
2010-08-15,NO 15/9-F-5 AH,5769,15/9-F-5,3420717,VOLVE,369304,MÆRSK INSPIRER,24.0,,,injection,WI,,,,,0.0,,41199.824896700644,,,,,,
2010-08-16,NO 15/9-F-5 AH,5769,15/9-F-5,3420717,VOLVE,369304,MÆRSK INSPIRER,23.83333,,,injection,WI,,,,,0.0,,16544.538116236457,,,,,,
2010-08-17,NO 15/9-F-5 AH,5769,15/9-F-5,3420717,VOLVE,369304,MÆRSK INSPIRER,4.8,,,injection,WI,,,,,0.0,,24883.761474152292,,,,,,
2010-08-18,NO 15/9-F-5 AH,5769,15/9-F-5,3420717,VOLVE,369304,MÆRSK INSPIRER,0.0,,,injection,WI,,,,,0.0,,,,,,,,
2010-08-19,NO 15/9-F-5 AH,5769,15/9-F-5,3420717,VOLVE,369304,MÆRSK INSPIRER,0.0,,,injection,WI,,,,,0.0,,,,,,,,
2010-08-20,NO 15/9-F-5 AH,5769,15/9-F-5,3420717,VOLVE,369304,MÆRSK INSPIRER,0.0,,,injection,WI,,,,,0.0,,,,,,,,
2010-08-21,NO 15/9-F-5 AH,5769,15/9-F-5,3420717,VOLVE,369304,MÆRSK INSPIRER,0.0,,,injection,WI,,,,,0.0,,,,,,,,
2010-08-22,NO 15/9-F-5 AH,5769,15/9-F-5,3420717,VOLVE,369304,MÆRSK INSPIRER,0.0,,,injection,WI,,,,,0.0,,,,,,,,
2010-08-23,NO 15/9-F-5 AH,5769,15/9-F-5,3420717,VOLVE,369304,MÆRSK INSPIRER,0.0,,,injection,WI,,,,,0.0,,,,,,,,
2010-08-24,NO 15/9-F-5 AH,5769,15/9-F-5,3420717,VOLVE,369304,MÆRSK INSPIRER,0.0,,,injection,WI,,,,,0.0,,,,,,,,
2010-08-25,NO 15/9-F-5 AH,5769,15/9-F-5,3420717,VOLVE,369304,MÆRSK INSPIRER,0.0,,,injection,WI,,,,,0.0,,,,,,,,
2010-08-26,NO 15/9-F-5 AH,5769,15/9-F-5,3420717,VOLVE,369304,MÆRSK INSPIRER,0.0,,,injection,WI,,,,,0.0,,,,,,,,
2010-08-27,NO 15/9-F-5 AH,5769,15/9-F-5,3420717,VOLVE,369304,MÆRSK INSPIRER,0.0,,,injection,WI,,,,,0.0,,,,,,,,
2010-08-28,NO 15/9-F-5 AH,5769,15/9-F-5,3420717,VOLVE,369304,MÆRSK INSPIRER,0.0,,,injection,WI,,,,,0.0,,,,,,,,
2010-08-29,NO 15/9-F-5 AH,5769,15/9-F-5,3420717,VOLVE,369304,MÆRSK INSPIRER,16.34167,,,injection,WI,,,,,0.0,,22571.622748128826,,,,,,
2010-08-30,NO 15/9-F-5 AH,5769,15/9-F-5,3420717,VOLVE,369304,MÆRSK INSPIRER,24.0,,,injection,WI,,,,,0.0,,27917.46242998177,,,,,,
2010-08-31,NO 15/9-F-5 AH,5769,15/9-F-5,3420717,VOLVE,369304,MÆRSK INSPIRER,22.33333,,,injection,WI,,,,,0.0,,24290.49931463395,,,,,,
2010-09-01,NO 15/9-F-5 AH,5769,15/9-F-5,3420717,VOLVE,369304,MÆRSK INSPIRER,18.16666,,,injection,WI,,,,,0.0,,27698.370488587916,,,,,,
2010-09-02,NO 15/9-F-5 AH,5769,15/9-F-5,3420717,VOLVE,369304,MÆRSK INSPIRER,24.0,,,injection,WI,,,,,0.0,,36817.7730990798,,,,,,
2010-09-03,NO 15/9-F-5 AH,5769,15/9-F-5,3420717,VOLVE,369304,MÆRSK INSPIRER,24.0,,,injection,WI,,,,,0.0,,37573.640581297084,,,,,,
2010-09-04,NO 15/9-F-5 AH,5769,15/9-F-5,3420717,VOLVE,369304,MÆRSK INSPIRER,24.0,,,injection,WI,,,,,0.0,,40559.029088768344,,,,,,
2010-09-05,NO 15/9-F-5 AH,5769,15/9-F-5,3420717,VOLVE,369304,MÆRSK INSPIRER,24.0,,,injection,WI,,,,,0.0,,39317.82876281566,,,,,,
2010-09-06,NO 15/9-F-5 AH,5769,15/9-F-5,3420717,VOLVE,369304,MÆRSK INSPIRER,24.0,,,injection,WI,,,,,0.0,,39899.00111749335,,,,,,
2010-09-07,NO 15/9-F-5 AH,5769,15/9-F-5,3420717,VOLVE,369304,MÆRSK INSPIRER,24.0,,,injection,WI,,,,,0.0,,41685.02936279319,,,,,,
2010-09-08,NO 15/9-F-5 AH,5769,15/9-F-5,3420717,VOLVE,369304,MÆRSK INSPIRER,24.0,,,injection,WI,,,,,0.0,,41037.981667173684,,,,,,
2010-09-09,NO 15/9-F-5 AH,5769,15/9-F-5,3420717,VOLVE,369304,MÆRSK INSPIRER,24.0,,,injection,WI,,,,,0.0,,41107.54474599491,,,,,,
2010-09-10,NO 15/9-F-5 AH,5769,15/9-F-5,3420717,VOLVE,369304,MÆRSK INSPIRER,24.0,,,injection,WI,,,,,0.0,,42101.23040032342,,,,,,
2010-09-11,NO 15/9-F-5 AH,5769,15/9-F-5,3420717,VOLVE,369304,MÆRSK INSPIRER,24.0,,,injection,WI,,,,,0.0,,38712.54901568502,,,,,,
2010-09-12,NO 15/9-F-5 AH,5769,15/9-F-5,3420717,VOLVE,369304,MÆRSK INSPIRER,24.0,,,injection,WI,,,,,0.0,,28568.81354677404,,,,,,
2010-09-13,NO 15/9-F-5 AH,5769,15/9-F-5,3420717,VOLVE,369304,MÆRSK INSPIRER,24.0,,,injection,WI,,,,,0.0,,30214.91506217313,,,,,,
2010-09-14,NO 15/9-F-5 AH,5769,15/9-F-5,3420717,VOLVE,369304,MÆRSK INSPIRER,24.0,,,injection,WI,,,,,0.0,,25510.777666973547,,,,,,
2010-09-15,NO 15/9-F-5 AH,5769,15/9-F-5,3420717,VOLVE,369304,MÆRSK INSPIRER,24.0,,,injection,WI,,,,,0.0,,26922.434468611533,,,,,,
2010-09-16,NO 15/9-F-5 AH,5769,15/9-F-5,3420717,VOLVE,369304,MÆRSK INSPIRER,24.0,,,injection,WI,,,,,0.0,,28646.0001989784,,,,,,
2010-09-17,NO 15/9-F-5 AH,5769,15/9-F-5,3420717,VOLVE,369304,MÆRSK INSPIRER,24.0,,,injection,WI,,,,,0.0,,33335.993,,,,,,
2010-09-18,NO 15/9-F-5 AH,5769,15/9-F-5,3420717,VOLVE,369304,MÆRSK INSPIRER,19.66667,,,injection,WI,,,,,0.0,,23712.5837,,,,,,
2010-09-19,NO 15/9-F-5 AH,5769,15/9-F-5,3420717,VOLVE,369304,MÆRSK INSPIRER,24.0,,,injection,WI,,,,,0.0,,20906.276745767063,,,,,,
2010-09-20,NO 15/9-F-5 AH,5769,15/9-F-5,3420717,VOLVE,369304,MÆRSK INSPIRER,24.0,,,injection,WI,,,,,0.0,,21932.56747,,,,,,
2010-09-21,NO 15/9-F-5 AH,5769,15/9-F-5,3420717,VOLVE,369304,MÆRSK INSPIRER,24.0,,,injection,WI,,,,,0.0,,13666.286652355,,,,,,
2010-09-22,NO 15/9-F-5 AH,5769,15/9-F-5,3420717,VOLVE,369304,MÆRSK INSPIRER,24.0,,,injection,WI,,,,,0.0,,24929.438817094022,,,,,,
2010-09-23,NO 15/9-F-5 AH,5769,15/9-F-5,3420717,VOLVE,369304,MÆRSK INSPIRER,23.91667,,,injection,WI,,,,,0.0,,37128.785066832876,,,,,,
2010-09-24,NO 15/9-F-5 AH,5769,15/9-F-5,3420717,VOLVE,369304,MÆRSK INSPIRER,24.0,,,injection,WI,,,,,0.0,,40472.316162896415,,,,,,
2010-09-25,NO 15/9-F-5 AH,5769,15/9-F-5,3420717,VOLVE,369304,MÆRSK INSPIRER,24.0,,,injection,WI,,,,,0.0,,36157.15221231327,,,,,,
2010-09-26,NO 15/9-F-5 AH,5769,15/9-F-5,3420717,VOLVE,369304,MÆRSK INSPIRER,22.0,,,injection,WI,,,,,0.0,,36197.11967004415,,,,,,
2010-09-27,NO 15/9-F-5 AH,5769,15/9-F-5,3420717,VOLVE,369304,MÆRSK INSPIRER,24.0,,,injection,WI,,,,,0.0,,46953.97630823469,,,,,,
2010-09-28,NO 15/9-F-5 AH,5769,15/9-F-5,3420717,VOLVE,369304,MÆRSK INSPIRER,24.0,,,injection,WI,,,,,0.0,,47474.30941952345,,,,,,
2010-09-29,NO 15/9-F-5 AH,5769,15/9-F-5,3420717,VOLVE,369304,MÆRSK INSPIRER,24.0,,,injection,WI,,,,,0.0,,48143.41310309931,,,,,,
2010-09-30,NO 15/9-F-5 AH,5769,15/9-F-5,3420717,VOLVE,369304,MÆRSK INSPIRER,11.66667,,,injection,WI,,,,,0.0,,29021.144129324457,,,,,,
2010-10-01,NO 15/9-F-5 AH,5769,15/9-F-5,3420717,VOLVE,369304,MÆRSK INSPIRER,24.0,,,injection,WI,,,,,0.0,,35080.513878397775,,,,,,
2010-10-02,NO 15/9-F-5 AH,5769,15/9-F-5,3420717,VOLVE,369304,MÆRSK INSPIRER,24.0,,,injection,WI,,,,,0.0,,51544.82384321665,,,,,,
2010-10-03,NO 15/9-F-5 AH,5769,15/9-F-5,3420717,VOLVE,369304,MÆRSK INSPIRER,24.0,,,injection,WI,,,,,0.0,,54382.86095347263,,,,,,
2010-10-04,NO 15/9-F-5 AH,5769,15/9-F-5,3420717,VOLVE,369304,MÆRSK INSPIRER,23.24999,,,injection,WI,,,,,0.0,,44837.35431275023,,,,,,
2010-10-05,NO 15/9-F-5 AH,5769,15/9-F-5,3420717,VOLVE,369304,MÆRSK INSPIRER,24.0,,,injection,WI,,,,,0.0,,38789.974482802434,,,,,,
2010-10-06,NO 15/9-F-5 AH,5769,15/9-F-5,3420717,VOLVE,369304,MÆRSK INSPIRER,24.0,,,injection,WI,,,,,0.0,,43346.56834150539,,,,,,
2010-10-07,NO 15/9-F-5 AH,5769,15/9-F-5,3420717,VOLVE,369304,MÆRSK INSPIRER,24.0,,,injection,WI,,,,,0.0,,40909.4685142942,,,,,,
2010-10-08,NO 15/9-F-5 AH,5769,15/9-F-5,3420717,VOLVE,369304,MÆRSK INSPIRER,21.16667,,,injection,WI,,,,,0.0,,30573.49288141912,,,,,,
2010-10-09,NO 15/9-F-5 AH,5769,15/9-F-5,3420717,VOLVE,369304,MÆRSK INSPIRER,24.0,,,injection,WI,,,,,0.0,,37665.33670873017,,,,,,
2010-10-10,NO 15/9-F-5 AH,5769,15/9-F-5,3420717,VOLVE,369304,MÆRSK INSPIRER,24.0,,,injection,WI,,,,,0.0,,39506.149189957374,,,,,,
2010-10-11,NO 15/9-F-5 AH,5769,15/9-F-5,3420717,VOLVE,369304,MÆRSK INSPIRER,24.0,,,injection,WI,,,,,0.0,,39889.16412852216,,,,,,
2010-10-12,NO 15/9-F-5 AH,5769,15/9-F-5,3420717,VOLVE,369304,MÆRSK INSPIRER,24.0,,,injection,WI,,,,,0.0,,40896.794933705445,,,,,,
2010-10-13,NO 15/9-F-5 AH,5769,15/9-F-5,3420717,VOLVE,369304,MÆRSK INSPIRER,24.0,,,injection,WI,,,,,0.0,,41514.68133784644,,,,,,
2010-10-14,NO 15/9-F-5 AH,5769,15/9-F-5,3420717,VOLVE,369304,MÆRSK INSPIRER,24.0,,,injection,WI,,,,,0.0,,41854.47100908404,,,,,,
2010-10-15,NO 15/9-F-5 AH,5769,15/9-F-5,3420717,VOLVE,369304,MÆRSK INSPIRER,24.0,,,injection,WI,,,,,0.0,,41168.95734880778,,,,,,
2010-10-16,NO 15/9-F-5 AH,5769,15/9-F-5,3420717,VOLVE,369304,MÆRSK INSPIRER,24.0,,,injection,WI,,,,,0.0,,41630.17884799296,,,,,,
2010-10-17,NO 15/9-F-5 AH,5769,15/9-F-5,3420717,VOLVE,369304,MÆRSK INSPIRER,24.0,,,injection,WI,,,,,0.0,,42216.249198272344,,,,,,
2010-10-18,NO 15/9-F-5 AH,5769,15/9-F-5,3420717,VOLVE,369304,MÆRSK INSPIRER,17.99166,,,injection,WI,,,,,0.0,,39713.28187127414,,,,,,
2010-10-19,NO 15/9-F-5 AH,5769,15/9-F-5,3420717,VOLVE,369304,MÆRSK INSPIRER,16.83333,,,injection,WI,,,,,0.0,,29241.32669,,,,,,
2010-10-20,NO 15/9-F-5 AH,5769,15/9-F-5,3420717,VOLVE,369304,MÆRSK INSPIRER,13.34167,,,injection,WI,,,,,0.0,,23750.32256,,,,,,
2010-10-21,NO 15/9-F-5 AH,5769,15/9-F-5,3420717,VOLVE,369304,MÆRSK INSPIRER,24.0,,,injection,WI,,,,,0.0,,44565.27124491141,,,,,,
2010-10-22,NO 15/9-F-5 AH,5769,15/9-F-5,3420717,VOLVE,369304,MÆRSK INSPIRER,24.0,,,injection,WI,,,,,0.0,,43968.50123201179,,,,,,
2010-10-23,NO 15/9-F-5 AH,5769,15/9-F-5,3420717,VOLVE,369304,MÆRSK INSPIRER,24.0,,,injection,WI,,,,,0.0,,43409.540822439776,,,,,,
2010-10-24,NO 15/9-F-5 AH,5769,15/9-F-5,3420717,VOLVE,369304,MÆRSK INSPIRER,24.0,,,injection,WI,,,,,0.0,,40580.28973156057,,,,,,
2010-10-25,NO 15/9-F-5 AH,5769,15/9-F-5,3420717,VOLVE,369304,MÆRSK INSPIRER,24.0,,,injection,WI,,,,,0.0,,39273.57364,,,,,,
2010-10-26,NO 15/9-F-5 AH,5769,15/9-F-5,3420717,VOLVE,369304,MÆRSK INSPIRER,24.0,,,injection,WI,,,,,0.0,,40976.30330285342,,,,,,
2010-10-27,NO 15/9-F-5 AH,5769,15/9-F-5,3420717,VOLVE,369304,MÆRSK INSPIRER,24.0,,,injection,WI,,,,,0.0,,40857.97155714732,,,,,,
2010-10-28,NO 15/9-F-5 AH,5769,15/9-F-5,3420717,VOLVE,369304,MÆRSK INSPIRER,24.0,,,injection,WI,,,,,0.0,,41059.09211192386,,,,,,
2010-10-29,NO 15/9-F-5 AH,5769,15/9-F-5,3420717,VOLVE,369304,MÆRSK INSPIRER,24.0,,,injection,WI,,,,,0.0,,41229.84208193716,,,,,,
2010-10-30,NO 15/9-F-5 AH,5769,15/9-F-5,3420717,VOLVE,369304,MÆRSK INSPIRER,24.0,,,injection,WI,,,,,0.0,,42314.088870105006,,,,,,
2010-10-31,NO 15/9-F-5 AH,5769,15/9-F-5,3420717,VOLVE,369304,MÆRSK INSPIRER,25.0,,,injection,WI,,,,,0.0,,45412.4282,,,,,,
2010-11-01,NO 15/9-F-5 AH,5769,15/9-F-5,3420717,VOLVE,369304,MÆRSK INSPIRER,24.0,,,injection,WI,,,,,0.0,,43133.71860538706,,,,,,
2010-11-02,NO 15/9-F-5 AH,5769,15/9-F-5,3420717,VOLVE,369304,MÆRSK INSPIRER,24.0,,,injection,WI,,,,,0.0,,44906.845943260974,,,,,,
2010-11-03,NO 15/9-F-5 AH,5769,15/9-F-5,3420717,VOLVE,369304,MÆRSK INSPIRER,24.0,,,injection,WI,,,,,0.0,,44300.968307757765,,,,,,
2010-11-04,NO 15/9-F-5 AH,5769,15/9-F-5,3420717,VOLVE,369304,MÆRSK INSPIRER,24.0,,,injection,WI,,,,,0.0,,43527.55988727661,,,,,,
2010-11-05,NO 15/9-F-5 AH,5769,15/9-F-5,3420717,VOLVE,369304,MÆRSK INSPIRER,24.0,,,injection,WI,,,,,0.0,,44171.78122401319,,,,,,
2010-11-06,NO 15/9-F-5 AH,5769,15/9-F-5,3420717,VOLVE,369304,MÆRSK INSPIRER,24.0,,,injection,WI,,,,,0.0,,44381.5416242925,,,,,,
2010-11-07,NO 15/9-F-5 AH,5769,15/9-F-5,3420717,VOLVE,369304,MÆRSK INSPIRER,24.0,,,injection,WI,,,,,0.0,,47446.53880110482,,,,,,
2010-11-08,NO 15/9-F-5 AH,5769,15/9-F-5,3420717,VOLVE,369304,MÆRSK INSPIRER,21.41667,,,injection,WI,,,,,0.0,,40128.9878,,,,,,
2010-11-09,NO 15/9-F-5 AH,5769,15/9-F-5,3420717,VOLVE,369304,MÆRSK INSPIRER,24.0,,,injection,WI,,,,,0.0,,45525.64478,,,,,,
2010-11-10,NO 15/9-F-5 AH,5769,15/9-F-5,3420717,VOLVE,369304,MÆRSK INSPIRER,24.0,,,injection,WI,,,,,0.0,,45085.35808,,,,,,
2010-11-11,NO 15/9-F-5 AH,5769,15/9-F-5,3420717,VOLVE,369304,MÆRSK INSPIRER,24.0,,,injection,WI,,,,,0.0,,47249.05272,,,,,,
2010-11-12,NO 15/9-F-5 AH,5769,15/9-F-5,3420717,VOLVE,369304,MÆRSK INSPIRER,24.0,,,injection,WI,,,,,0.0,,33958.68419,,,,,,
2010-11-13,NO 15/9-F-5 AH,5769,15/9-F-5,3420717,VOLVE,369304,MÆRSK INSPIRER,24.0,,,injection,WI,,,,,0.0,,27612.265900000002,,,,,,
2010-11-14,NO 15/9-F-5 AH,5769,15/9-F-5,3420717,VOLVE,369304,MÆRSK INSPIRER,24.0,,,injection,WI,,,,,0.0,,27690.21175978928,,,,,,
2010-11-15,NO 15/9-F-5 AH,5769,15/9-F-5,3420717,VOLVE,369304,MÆRSK INSPIRER,14.25,,,injection,WI,,,,,0.0,,15120.70324,,,,,,
2010-11-16,NO 15/9-F-5 AH,5769,15/9-F-5,3420717,VOLVE,369304,MÆRSK INSPIRER,24.0,,,injection,WI,,,,,0.0,,25845.53408155578,,,,,,
2010-11-17,NO 15/9-F-5 AH,5769,15/9-F-5,3420717,VOLVE,369304,MÆRSK INSPIRER,21.75,,,injection,WI,,,,,0.0,,24105.5879866747,,,,,,
2010-11-18,NO 15/9-F-5 AH,5769,15/9-F-5,3420717,VOLVE,369304,MÆRSK INSPIRER,24.0,,,injection,WI,,,,,0.0,,26228.507700000002,,,,,,
2010-11-19,NO 15/9-F-5 AH,5769,15/9-F-5,3420717,VOLVE,369304,MÆRSK INSPIRER,24.0,,,injection,WI,,,,,0.0,,27140.530150000002,,,,,,
2010-11-20,NO 15/9-F-5 AH,5769,15/9-F-5,3420717,VOLVE,369304,MÆRSK INSPIRER,24.0,,,injection,WI,,,,,0.0,,27071.34224,,,,,,
2010-11-21,NO 15/9-F-5 AH,5769,15/9-F-5,3420717,VOLVE,369304,MÆRSK INSPIRER,24.0,,,injection,WI,,,,,0.0,,27241.927141812102,,,,,,
2010-11-22,NO 15/9-F-5 AH,5769,15/9-F-5,3420717,VOLVE,369304,MÆRSK INSPIRER,22.5,,,injection,WI,,,,,0.0,,28719.27246,,,,,,
2010-11-23,NO 15/9-F-5 AH,5769,15/9-F-5,3420717,VOLVE,369304,MÆRSK INSPIRER,24.0,,,injection,WI,,,,,0.0,,50790.24502382404,,,,,,
2010-11-24,NO 15/9-F-5 AH,5769,15/9-F-5,3420717,VOLVE,369304,MÆRSK INSPIRER,24.0,,,injection,WI,,,,,0.0,,52997.01108239863,,,,,,
2010-11-25,NO 15/9-F-5 AH,5769,15/9-F-5,3420717,VOLVE,369304,MÆRSK INSPIRER,24.0,,,injection,WI,,,,,0.0,,52181.08329472508,,,,,,
2010-11-26,NO 15/9-F-5 AH,5769,15/9-F-5,3420717,VOLVE,369304,MÆRSK INSPIRER,24.0,,,injection,WI,,,,,0.0,,51938.69286185791,,,,,,
2010-11-27,NO 15/9-F-5 AH,5769,15/9-F-5,3420717,VOLVE,369304,MÆRSK INSPIRER,24.0,,,injection,WI,,,,,0.0,,51782.69356032081,,,,,,
2010-11-28,NO 15/9-F-5 AH,5769,15/9-F-5,3420717,VOLVE,369304,MÆRSK INSPIRER,24.0,,,injection,WI,,,,,0.0,,51280.209377015206,,,,,,
2010-11-29,NO 15/9-F-5 AH,5769,15/9-F-5,3420717,VOLVE,369304,MÆRSK INSPIRER,24.0,,,injection,WI,,,,,0.0,,48661.71116470785,,,,,,
2010-11-30,NO 15/9-F-5 AH,5769,15/9-F-5,3420717,VOLVE,369304,MÆRSK INSPIRER,24.0,,,injection,WI,,,,,0.0,,45001.27241955847,,,,,,
2010-12-01,NO 15/9-F-5 AH,5769,15/9-F-5,3420717,VOLVE,369304,MÆRSK INSPIRER,24.0,,,injection,WI,,,,,0.0,,41084.218236074215,,,,,,
2010-12-02,NO 15/9-F-5 AH,5769,15/9-F-5,3420717,VOLVE,369304,MÆRSK INSPIRER,24.0,,,injection,WI,,,,,0.0,,44318.43036525235,,,,,,
2010-12-03,NO 15/9-F-5 AH,5769,15/9-F-5,3420717,VOLVE,369304,MÆRSK INSPIRER,24.0,,,injection,WI,,,,,0.0,,42838.55303163387,,,,,,
2010-12-04,NO 15/9-F-5 AH,5769,15/9-F-5,3420717,VOLVE,369304,MÆRSK INSPIRER,24.0,,,injection,WI,,,,,0.0,,38869.550277403236,,,,,,
2010-12-05,NO 15/9-F-5 AH,5769,15/9-F-5,3420717,VOLVE,369304,MÆRSK INSPIRER,24.0,,,injection,WI,,,,,0.0,,38098.36521827219,,,,,,
2010-12-06,NO 15/9-F-5 AH,5769,15/9-F-5,3420717,VOLVE,369304,MÆRSK INSPIRER,24.0,,,injection,WI,,,,,0.0,,37626.58215186609,,,,,,
2010-12-07,NO 15/9-F-5 AH,5769,15/9-F-5,3420717,VOLVE,369304,MÆRSK INSPIRER,24.0,,,injection,WI,,,,,0.0,,37145.2173828418,,,,,,
2010-12-08,NO 15/9-F-5 AH,5769,15/9-F-5,3420717,VOLVE,369304,MÆRSK INSPIRER,24.0,,,injection,WI,,,,,0.0,,33346.297340199475,,,,,,
2010-12-09,NO 15/9-F-5 AH,5769,15/9-F-5,3420717,VOLVE,369304,MÆRSK INSPIRER,16.0,,,injection,WI,,,,,0.0,,24725.24311,,,,,,
2010-12-10,NO 15/9-F-5 AH,5769,15/9-F-5,3420717,VOLVE,369304,MÆRSK INSPIRER,24.0,,,injection,WI,,,,,0.0,,48206.54744443177,,,,,,
2010-12-11,NO 15/9-F-5 AH,5769,15/9-F-5,3420717,VOLVE,369304,MÆRSK INSPIRER,24.0,,,injection,WI,,,,,0.0,,42091.47004220406,,,,,,
2010-12-12,NO 15/9-F-5 AH,5769,15/9-F-5,3420717,VOLVE,369304,MÆRSK INSPIRER,24.0,,,injection,WI,,,,,0.0,,42040.67638278309,,,,,,
2010-12-13,NO 15/9-F-5 AH,5769,15/9-F-5,3420717,VOLVE,369304,MÆRSK INSPIRER,24.0,,,injection,WI,,,,,0.0,,42011.13982944659,,,,,,
2010-12-14,NO 15/9-F-5 AH,5769,15/9-F-5,3420717,VOLVE,369304,MÆRSK INSPIRER,24.0,,,injection,WI,,,,,0.0,,41225.47733380651,,,,,,
2010-12-15,NO 15/9-F-5 AH,5769,15/9-F-5,3420717,VOLVE,369304,MÆRSK INSPIRER,24.0,,,injection,WI,,,,,0.0,,41367.49012374658,,,,,,
2010-12-16,NO 15/9-F-5 AH,5769,15/9-F-5,3420717,VOLVE,369304,MÆRSK INSPIRER,24.0,,,injection,WI,,,,,0.0,,40113.76181713399,,,,,,
2010-12-17,NO 15/9-F-5 AH,5769,15/9-F-5,3420717,VOLVE,369304,MÆRSK INSPIRER,24.0,,,injection,WI,,,,,0.0,,37108.017038028716,,,,,,
2010-12-18,NO 15/9-F-5 AH,5769,15/9-F-5,3420717,VOLVE,369304,MÆRSK INSPIRER,24.0,,,injection,WI,,,,,0.0,,37758.79835045007,,,,,,
2010-12-19,NO 15/9-F-5 AH,5769,15/9-F-5,3420717,VOLVE,369304,MÆRSK INSPIRER,24.0,,,injection,WI,,,,,0.0,,38646.29590744423,,,,,,
2010-12-20,NO 15/9-F-5 AH,5769,15/9-F-5,3420717,VOLVE,369304,MÆRSK INSPIRER,24.0,,,injection,WI,,,,,0.0,,39557.08632911709,,,,,,
2010-12-21,NO 15/9-F-5 AH,5769,15/9-F-5,3420717,VOLVE,369304,MÆRSK INSPIRER,24.0,,,injection,WI,,,,,0.0,,38632.93499869508,,,,,,
2010-12-22,NO 15/9-F-5 AH,5769,15/9-F-5,3420717,VOLVE,369304,MÆRSK INSPIRER,24.0,,,injection,WI,,,,,0.0,,39127.565562747935,,,,,,
2010-12-23,NO 15/9-F-5 AH,5769,15/9-F-5,3420717,VOLVE,369304,MÆRSK INSPIRER,24.0,,,injection,WI,,,,,0.0,,39969.56795040191,,,,,,
2010-12-24,NO 15/9-F-5 AH,5769,15/9-F-5,3420717,VOLVE,369304,MÆRSK INSPIRER,24.0,,,injection,WI,,,,,0.0,,40222.675023134805,,,,,,
2010-12-25,NO 15/9-F-5 AH,5769,15/9-F-5,3420717,VOLVE,369304,MÆRSK INSPIRER,24.0,,,injection,WI,,,,,0.0,,40290.98831277789,,,,,,
2010-12-26,NO 15/9-F-5 AH,5769,15/9-F-5,3420717,VOLVE,369304,MÆRSK INSPIRER,24.0,,,injection,WI,,,,,0.0,,39753.336824220976,,,,,,
2010-12-27,NO 15/9-F-5 AH,5769,15/9-F-5,3420717,VOLVE,369304,MÆRSK INSPIRER,24.0,,,injection,WI,,,,,0.0,,39469.16143023928,,,,,,
2010-12-28,NO 15/9-F-5 AH,5769,15/9-F-5,3420717,VOLVE,369304,MÆRSK INSPIRER,20.66667,,,injection,WI,,,,,0.0,,33323.41338,,,,,,
2010-12-29,NO 15/9-F-5 AH,5769,15/9-F-5,3420717,VOLVE,369304,MÆRSK INSPIRER,24.0,,,injection,WI,,,,,0.0,,31813.85898,,,,,,
2010-12-30,NO 15/9-F-5 AH,5769,15/9-F-5,3420717,VOLVE,369304,MÆRSK INSPIRER,24.0,,,injection,WI,,,,,0.0,,42105.76579230974,,,,,,
2010-12-31,NO 15/9-F-5 AH,5769,15/9-F-5,3420717,VOLVE,369304,MÆRSK INSPIRER,24.0,,,injection,WI,,,,,0.0,,43389.25624546712,,,,,,
2011-01-01,NO 15/9-F-5 AH,5769,15/9-F-5,3420717,VOLVE,369304,MÆRSK INSPIRER,24.0,,,injection,WI,,,,,0.0,,38124.408432100725,,,,,,
2011-01-02,NO 15/9-F-5 AH,5769,15/9-F-5,3420717,VOLVE,369304,MÆRSK INSPIRER,24.0,,,injection,WI,,,,,0.0,,39343.69485428421,,,,,,
2011-01-03,NO 15/9-F-5 AH,5769,15/9-F-5,3420717,VOLVE,369304,MÆRSK INSPIRER,24.0,,,injection,WI,,,,,0.0,,41005.77269019175,,,,,,
2011-01-04,NO 15/9-F-5 AH,5769,15/9-F-5,3420717,VOLVE,369304,MÆRSK INSPIRER,24.0,,,injection,WI,,,,,0.0,,40339.892034987235,,,,,,
2011-01-05,NO 15/9-F-5 AH,5769,15/9-F-5,3420717,VOLVE,369304,MÆRSK INSPIRER,24.0,,,injection,WI,,,,,0.0,,38711.81085668719,,,,,,
2011-01-06,NO 15/9-F-5 AH,5769,15/9-F-5,3420717,VOLVE,369304,MÆRSK INSPIRER,24.0,,,injection,WI,,,,,0.0,,38078.43473532613,,,,,,
2011-01-07,NO 15/9-F-5 AH,5769,15/9-F-5,3420717,VOLVE,369304,MÆRSK INSPIRER,24.0,,,injection,WI,,,,,0.0,,38059.370904333926,,,,,,
2011-01-08,NO 15/9-F-5 AH,5769,15/9-F-5,3420717,VOLVE,369304,MÆRSK INSPIRER,24.0,,,injection,WI,,,,,0.0,,38218.71344954637,,,,,,
2011-01-09,NO 15/9-F-5 AH,5769,15/9-F-5,3420717,VOLVE,369304,MÆRSK INSPIRER,24.0,,,injection,WI,,,,,0.0,,39162.594282518905,,,,,,
2011-01-10,NO 15/9-F-5 AH,5769,15/9-F-5,3420717,VOLVE,369304,MÆRSK INSPIRER,24.0,,,injection,WI,,,,,0.0,,43165.079087,,,,,,
2011-01-11,NO 15/9-F-5 AH,5769,15/9-F-5,3420717,VOLVE,369304,MÆRSK INSPIRER,24.0,,,injection,WI,,,,,0.0,,48073.017830000004,,,,,,
2011-01-12,NO 15/9-F-5 AH,5769,15/9-F-5,3420717,VOLVE,369304,MÆRSK INSPIRER,24.0,,,injection,WI,,,,,0.0,,45947.06205,,,,,,
2011-01-13,NO 15/9-F-5 AH,5769,15/9-F-5,3420717,VOLVE,369304,MÆRSK INSPIRER,24.0,,,injection,WI,,,,,0.0,,44623.62857644791,,,,,,
2011-01-14,NO 15/9-F-5 AH,5769,15/9-F-5,3420717,VOLVE,369304,MÆRSK INSPIRER,24.0,,,injection,WI,,,,,0.0,,42258.991371500975,,,,,,
2011-01-15,NO 15/9-F-5 AH,5769,15/9-F-5,3420717,VOLVE,369304,MÆRSK INSPIRER,24.0,,,injection,WI,,,,,0.0,,38209.34111635779,,,,,,
2011-01-16,NO 15/9-F-5 AH,5769,15/9-F-5,3420717,VOLVE,369304,MÆRSK INSPIRER,24.0,,,injection,WI,,,,,0.0,,38193.63199746116,,,,,,
2011-01-17,NO 15/9-F-5 AH,5769,15/9-F-5,3420717,VOLVE,369304,MÆRSK INSPIRER,24.0,,,injection,WI,,,,,0.0,,38306.1480105611,,,,,,
2011-01-18,NO 15/9-F-5 AH,5769,15/9-F-5,3420717,VOLVE,369304,MÆRSK INSPIRER,24.0,,,injection,WI,,,,,0.0,,38007.552151334814,,,,,,
2011-01-19,NO 15/9-F-5 AH,5769,15/9-F-5,3420717,VOLVE,369304,MÆRSK INSPIRER,24.0,,,injection,WI,,,,,0.0,,36004.30112185755,,,,,,
2011-01-20,NO 15/9-F-5 AH,5769,15/9-F-5,3420717,VOLVE,369304,MÆRSK INSPIRER,24.0,,,injection,WI,,,,,0.0,,35142.70982725181,,,,,,
2011-01-21,NO 15/9-F-5 AH,5769,15/9-F-5,3420717,VOLVE,369304,MÆRSK INSPIRER,24.0,,,injection,WI,,,,,0.0,,35634.65227589365,,,,,,
2011-01-22,NO 15/9-F-5 AH,5769,15/9-F-5,3420717,VOLVE,369304,MÆRSK INSPIRER,24.0,,,injection,WI,,,,,0.0,,35137.2699199658,,,,,,
2011-01-23,NO 15/9-F-5 AH,5769,15/9-F-5,3420717,VOLVE,369304,MÆRSK INSPIRER,24.0,,,injection,WI,,,,,0.0,,35980.603340177084,,,,,,
2011-01-24,NO 15/9-F-5 AH,5769,15/9-F-5,3420717,VOLVE,369304,MÆRSK INSPIRER,24.0,,,injection,WI,,,,,0.0,,35973.77261568972,,,,,,
2011-01-25,NO 15/9-F-5 AH,5769,15/9-F-5,3420717,VOLVE,369304,MÆRSK INSPIRER,24.0,,,injection,WI,,,,,0.0,,35479.29523078678,,,,,,
2011-01-26,NO 15/9-F-5 AH,5769,15/9-F-5,3420717,VOLVE,369304,MÆRSK INSPIRER,24.0,,,injection,WI,,,,,0.0,,35237.751159994725,,,,,,
2011-01-27,NO 15/9-F-5 AH,5769,15/9-F-5,3420717,VOLVE,369304,MÆRSK INSPIRER,24.0,,,injection,WI,,,,,0.0,,35326.9245481566,,,,,,
2011-01-28,NO 15/9-F-5 AH,5769,15/9-F-5,3420717,VOLVE,369304,MÆRSK INSPIRER,24.0,,,injection,WI,,,,,0.0,,35651.7979520141,,,,,,
2011-01-29,NO 15/9-F-5 AH,5769,15/9-F-5,3420717,VOLVE,369304,MÆRSK INSPIRER,24.0,,,injection,WI,,,,,0.0,,37650.00836968943,,,,,,
2011-01-30,NO 15/9-F-5 AH,5769,15/9-F-5,3420717,VOLVE,369304,MÆRSK INSPIRER,24.0,,,injection,WI,,,,,0.0,,33952.066291717005,,,,,,
2011-01-31,NO 15/9-F-5 AH,5769,15/9-F-5,3420717,VOLVE,369304,MÆRSK INSPIRER,24.0,,,injection,WI,,,,,0.0,,34032.42687508414,,,,,,
2011-02-01,NO 15/9-F-5 AH,5769,15/9-F-5,3420717,VOLVE,369304,MÆRSK INSPIRER,23.10833,,,injection,WI,,,,,0.0,,37620.81665460069,,,,,,
2011-02-02,NO 15/9-F-5 AH,5769,15/9-F-5,3420717,VOLVE,369304,MÆRSK INSPIRER,0.0,,,injection,WI,,,,,0.0,,,,,,,,
2011-02-03,NO 15/9-F-5 AH,5769,15/9-F-5,3420717,VOLVE,369304,MÆRSK INSPIRER,0.0,,,injection,WI,,,,,0.0,,,,,,,,
2011-02-04,NO 15/9-F-5 AH,5769,15/9-F-5,3420717,VOLVE,369304,MÆRSK INSPIRER,0.0,,,injection,WI,,,,,0.0,,,,,,,,
2011-02-05,NO 15/9-F-5 AH,5769,15/9-F-5,3420717,VOLVE,369304,MÆRSK INSPIRER,11.89167,,,injection,WI,,,,,0.0,,20121.10219,,,,,,
2011-02-06,NO 15/9-F-5 AH,5769,15/9-F-5,3420717,VOLVE,369304,MÆRSK INSPIRER,21.33333,,,injection,WI,,,,,0.0,,29694.033949282115,,,,,,
2011-02-07,NO 15/9-F-5 AH,5769,15/9-F-5,3420717,VOLVE,369304,MÆRSK INSPIRER,24.0,,,injection,WI,,,,,0.0,,25441.053500876715,,,,,,
2011-02-08,NO 15/9-F-5 AH,5769,15/9-F-5,3420717,VOLVE,369304,MÆRSK INSPIRER,24.0,,,injection,WI,,,,,0.0,,28140.609940000002,,,,,,
2011-02-09,NO 15/9-F-5 AH,5769,15/9-F-5,3420717,VOLVE,369304,MÆRSK INSPIRER,12.25,,,injection,WI,,,,,0.0,,6321.259050000001,,,,,,
2011-02-10,NO 15/9-F-5 AH,5769,15/9-F-5,3420717,VOLVE,369304,MÆRSK INSPIRER,24.0,,,injection,WI,,,,,0.0,,28027.393360000002,,,,,,
2011-02-11,NO 15/9-F-5 AH,5769,15/9-F-5,3420717,VOLVE,369304,MÆRSK INSPIRER,24.0,,,injection,WI,,,,,0.0,,29638.485346100508,,,,,,
2011-02-12,NO 15/9-F-5 AH,5769,15/9-F-5,3420717,VOLVE,369304,MÆRSK INSPIRER,24.0,,,injection,WI,,,,,0.0,,28222.58117466949,,,,,,
2011-02-13,NO 15/9-F-5 AH,5769,15/9-F-5,3420717,VOLVE,369304,MÆRSK INSPIRER,17.66666,,,injection,WI,,,,,0.0,,18806.5319,,,,,,
2011-02-14,NO 15/9-F-5 AH,5769,15/9-F-5,3420717,VOLVE,369304,MÆRSK INSPIRER,7.10833,,,injection,WI,,,,,0.0,,7944.03003,,,,,,
2011-02-15,NO 15/9-F-5 AH,5769,15/9-F-5,3420717,VOLVE,369304,MÆRSK INSPIRER,12.05833,,,injection,WI,,,,,0.0,,23882.46306152702,,,,,,
2011-02-16,NO 15/9-F-5 AH,5769,15/9-F-5,3420717,VOLVE,369304,MÆRSK INSPIRER,20.33333,,,injection,WI,,,,,0.0,,28687.55648094662,,,,,,
2011-02-17,NO 15/9-F-5 AH,5769,15/9-F-5,3420717,VOLVE,369304,MÆRSK INSPIRER,24.0,,,injection,WI,,,,,0.0,,47211.69353651839,,,,,,
2011-02-18,NO 15/9-F-5 AH,5769,15/9-F-5,3420717,VOLVE,369304,MÆRSK INSPIRER,24.0,,,injection,WI,,,,,0.0,,50837.979858226,,,,,,
2011-02-19,NO 15/9-F-5 AH,5769,15/9-F-5,3420717,VOLVE,369304,MÆRSK INSPIRER,24.0,,,injection,WI,,,,,0.0,,50737.264389603806,,,,,,
2011-02-20,NO 15/9-F-5 AH,5769,15/9-F-5,3420717,VOLVE,369304,MÆRSK INSPIRER,23.0,,,injection,WI,,,,,0.0,,46853.01528434276,,,,,,
2011-02-21,NO 15/9-F-5 AH,5769,15/9-F-5,3420717,VOLVE,369304,MÆRSK INSPIRER,24.0,,,injection,WI,,,,,0.0,,51426.11903446531,,,,,,
2011-02-22,NO 15/9-F-5 AH,5769,15/9-F-5,3420717,VOLVE,369304,MÆRSK INSPIRER,24.0,,,injection,WI,,,,,0.0,,52108.233459963834,,,,,,
2011-02-23,NO 15/9-F-5 AH,5769,15/9-F-5,3420717,VOLVE,369304,MÆRSK INSPIRER,24.0,,,injection,WI,,,,,0.0,,52340.43394461978,,,,,,
2011-02-24,NO 15/9-F-5 AH,5769,15/9-F-5,3420717,VOLVE,369304,MÆRSK INSPIRER,24.0,,,injection,WI,,,,,0.0,,48405.46959792089,,,,,,
2011-02-25,NO 15/9-F-5 AH,5769,15/9-F-5,3420717,VOLVE,369304,MÆRSK INSPIRER,24.0,,,injection,WI,,,,,0.0,,41024.10187530708,,,,,,
2011-02-26,NO 15/9-F-5 AH,5769,15/9-F-5,3420717,VOLVE,369304,MÆRSK INSPIRER,24.0,,,injection,WI,,,,,0.0,,41497.99206868487,,,,,,
2011-02-27,NO 15/9-F-5 AH,5769,15/9-F-5,3420717,VOLVE,369304,MÆRSK INSPIRER,24.0,,,injection,WI,,,,,0.0,,40926.92509572295,,,,,,
2011-02-28,NO 15/9-F-5 AH,5769,15/9-F-5,3420717,VOLVE,369304,MÆRSK INSPIRER,24.0,,,injection,WI,,,,,0.0,,41300.99651806856,,,,,,
2011-03-01,NO 15/9-F-5 AH,5769,15/9-F-5,3420717,VOLVE,369304,MÆRSK INSPIRER,24.0,,,injection,WI,,,,,0.0,,41285.55080069021,,,,,,
2011-03-02,NO 15/9-F-5 AH,5769,15/9-F-5,3420717,VOLVE,369304,MÆRSK INSPIRER,24.0,,,injection,WI,,,,,0.0,,37922.39493134376,,,,,,
2011-03-03,NO 15/9-F-5 AH,5769,15/9-F-5,3420717,VOLVE,369304,MÆRSK INSPIRER,24.0,,,injection,WI,,,,,0.0,,37094.00340948832,,,,,,
2011-03-04,NO 15/9-F-5 AH,5769,15/9-F-5,3420717,VOLVE,369304,MÆRSK INSPIRER,24.0,,,injection,WI,,,,,0.0,,36577.94564061219,,,,,,
2011-03-05,NO 15/9-F-5 AH,5769,15/9-F-5,3420717,VOLVE,369304,MÆRSK INSPIRER,24.0,,,injection,WI,,,,,0.0,,34748.254925912806,,,,,,
2011-03-06,NO 15/9-F-5 AH,5769,15/9-F-5,3420717,VOLVE,369304,MÆRSK INSPIRER,22.66667,,,injection,WI,,,,,0.0,,33562.42616,,,,,,
2011-03-07,NO 15/9-F-5 AH,5769,15/9-F-5,3420717,VOLVE,369304,MÆRSK INSPIRER,24.0,,,injection,WI,,,,,0.0,,37645.56996395255,,,,,,
2011-03-08,NO 15/9-F-5 AH,5769,15/9-F-5,3420717,VOLVE,369304,MÆRSK INSPIRER,24.0,,,injection,WI,,,,,0.0,,32304.643947666962,,,,,,
2011-03-09,NO 15/9-F-5 AH,5769,15/9-F-5,3420717,VOLVE,369304,MÆRSK INSPIRER,24.0,,,injection,WI,,,,,0.0,,33435.50611509448,,,,,,
2011-03-10,NO 15/9-F-5 AH,5769,15/9-F-5,3420717,VOLVE,369304,MÆRSK INSPIRER,24.0,,,injection,WI,,,,,0.0,,37518.853560818425,,,,,,
2011-03-11,NO 15/9-F-5 AH,5769,15/9-F-5,3420717,VOLVE,369304,MÆRSK INSPIRER,24.0,,,injection,WI,,,,,0.0,,37600.48418,,,,,,
2011-03-12,NO 15/9-F-5 AH,5769,15/9-F-5,3420717,VOLVE,369304,MÆRSK INSPIRER,24.0,,,injection,WI,,,,,0.0,,37468.67879642504,,,,,,
2011-03-13,NO 15/9-F-5 AH,5769,15/9-F-5,3420717,VOLVE,369304,MÆRSK INSPIRER,24.0,,,injection,WI,,,,,0.0,,37304.86311,,,,,,
2011-03-14,NO 15/9-F-5 AH,5769,15/9-F-5,3420717,VOLVE,369304,MÆRSK INSPIRER,24.0,,,injection,WI,,,,,0.0,,39066.00991,,,,,,
2011-03-15,NO 15/9-F-5 AH,5769,15/9-F-5,3420717,VOLVE,369304,MÆRSK INSPIRER,24.0,,,injection,WI,,,,,0.0,,39482.79188093371,,,,,,
2011-03-16,NO 15/9-F-5 AH,5769,15/9-F-5,3420717,VOLVE,369304,MÆRSK INSPIRER,24.0,,,injection,WI,,,,,0.0,,39702.251506310306,,,,,,
2011-03-17,NO 15/9-F-5 AH,5769,15/9-F-5,3420717,VOLVE,369304,MÆRSK INSPIRER,14.5,,,injection,WI,,,,,0.0,,16309.47733,,,,,,
2011-03-18,NO 15/9-F-5 AH,5769,15/9-F-5,3420717,VOLVE,369304,MÆRSK INSPIRER,24.0,,,injection,WI,,,,,0.0,,37192.812582151375,,,,,,
2011-03-19,NO 15/9-F-5 AH,5769,15/9-F-5,3420717,VOLVE,369304,MÆRSK INSPIRER,24.0,,,injection,WI,,,,,0.0,,38288.592143171125,,,,,,
2011-03-20,NO 15/9-F-5 AH,5769,15/9-F-5,3420717,VOLVE,369304,MÆRSK INSPIRER,24.0,,,injection,WI,,,,,0.0,,34491.86632302371,,,,,,
2011-03-21,NO 15/9-F-5 AH,5769,15/9-F-5,3420717,VOLVE,369304,MÆRSK INSPIRER,24.0,,,injection,WI,,,,,0.0,,42735.37455727981,,,,,,
2011-03-22,NO 15/9-F-5 AH,5769,15/9-F-5,3420717,VOLVE,369304,MÆRSK INSPIRER,24.0,,,injection,WI,,,,,0.0,,36809.9515827552,,,,,,
2011-03-23,NO 15/9-F-5 AH,5769,15/9-F-5,3420717,VOLVE,369304,MÆRSK INSPIRER,24.0,,,injection,WI,,,,,0.0,,41885.09707282572,,,,,,
2011-03-24,NO 15/9-F-5 AH,5769,15/9-F-5,3420717,VOLVE,369304,MÆRSK INSPIRER,23.50834,,,injection,WI,,,,,0.0,,36963.48344424439,,,,,,
2011-03-25,NO 15/9-F-5 AH,5769,15/9-F-5,3420717,VOLVE,369304,MÆRSK INSPIRER,21.49166,,,injection,WI,,,,,0.0,,42644.9118,,,,,,
2011-03-26,NO 15/9-F-5 AH,5769,15/9-F-5,3420717,VOLVE,369304,MÆRSK INSPIRER,24.0,,,injection,WI,,,,,0.0,,41152.34601039211,,,,,,
2011-03-27,NO 15/9-F-5 AH,5769,15/9-F-5,3420717,VOLVE,369304,MÆRSK INSPIRER,23.0,,,injection,WI,,,,,0.0,,47907.595827,,,,,,
2011-03-28,NO 15/9-F-5 AH,5769,15/9-F-5,3420717,VOLVE,369304,MÆRSK INSPIRER,24.0,,,injection,WI,,,,,0.0,,41332.25218130823,,,,,,
2011-03-29,NO 15/9-F-5 AH,5769,15/9-F-5,3420717,VOLVE,369304,MÆRSK INSPIRER,24.0,,,injection,WI,,,,,0.0,,37828.45673430694,,,,,,
2011-03-30,NO 15/9-F-5 AH,5769,15/9-F-5,3420717,VOLVE,369304,MÆRSK INSPIRER,24.0,,,injection,WI,,,,,0.0,,36647.20582446022,,,,,,
2011-03-31,NO 15/9-F-5 AH,5769,15/9-F-5,3420717,VOLVE,369304,MÆRSK INSPIRER,22.83334,,,injection,WI,,,,,0.0,,36140.13580673219,,,,,,
2011-04-01,NO 15/9-F-5 AH,5769,15/9-F-5,3420717,VOLVE,369304,MÆRSK INSPIRER,24.0,,,injection,WI,,,,,0.0,,37415.481788809666,,,,,,
2011-04-02,NO 15/9-F-5 AH,5769,15/9-F-5,3420717,VOLVE,369304,MÆRSK INSPIRER,24.0,,,injection,WI,,,,,0.0,,38211.016699465385,,,,,,
2011-04-03,NO 15/9-F-5 AH,5769,15/9-F-5,3420717,VOLVE,369304,MÆRSK INSPIRER,24.0,,,injection,WI,,,,,0.0,,37995.58101148534,,,,,,
2011-04-04,NO 15/9-F-5 AH,5769,15/9-F-5,3420717,VOLVE,369304,MÆRSK INSPIRER,24.0,,,injection,WI,,,,,0.0,,38099.5516533391,,,,,,
2011-04-05,NO 15/9-F-5 AH,5769,15/9-F-5,3420717,VOLVE,369304,MÆRSK INSPIRER,20.83334,,,injection,WI,,,,,0.0,,35502.06296041707,,,,,,
2011-04-06,NO 15/9-F-5 AH,5769,15/9-F-5,3420717,VOLVE,369304,MÆRSK INSPIRER,24.0,,,injection,WI,,,,,0.0,,52269.28315395742,,,,,,
2011-04-07,NO 15/9-F-5 AH,5769,15/9-F-5,3420717,VOLVE,369304,MÆRSK INSPIRER,24.0,,,injection,WI,,,,,0.0,,55910.02012282498,,,,,,
2011-04-08,NO 15/9-F-5 AH,5769,15/9-F-5,3420717,VOLVE,369304,MÆRSK INSPIRER,24.0,,,injection,WI,,,,,0.0,,52872.14286,,,,,,
2011-04-09,NO 15/9-F-5 AH,5769,15/9-F-5,3420717,VOLVE,369304,MÆRSK INSPIRER,10.66667,,,injection,WI,,,,,0.0,,9220.86146,,,,,,
2011-04-10,NO 15/9-F-5 AH,5769,15/9-F-5,3420717,VOLVE,369304,MÆRSK INSPIRER,24.0,,,injection,WI,,,,,0.0,,29240.900027290532,,,,,,
2011-04-11,NO 15/9-F-5 AH,5769,15/9-F-5,3420717,VOLVE,369304,MÆRSK INSPIRER,24.0,,,injection,WI,,,,,0.0,,50916.01195,,,,,,
2011-04-12,NO 15/9-F-5 AH,5769,15/9-F-5,3420717,VOLVE,369304,MÆRSK INSPIRER,24.0,,,injection,WI,,,,,0.0,,43833.68589,,,,,,
2011-04-13,NO 15/9-F-5 AH,5769,15/9-F-5,3420717,VOLVE,369304,MÆRSK INSPIRER,21.33333,,,injection,WI,,,,,0.0,,37238.469408066434,,,,,,
2011-04-14,NO 15/9-F-5 AH,5769,15/9-F-5,3420717,VOLVE,369304,MÆRSK INSPIRER,24.0,,,injection,WI,,,,,0.0,,40730.87115325043,,,,,,
2011-04-15,NO 15/9-F-5 AH,5769,15/9-F-5,3420717,VOLVE,369304,MÆRSK INSPIRER,24.0,,,injection,WI,,,,,0.0,,40516.49455396121,,,,,,
2011-04-16,NO 15/9-F-5 AH,5769,15/9-F-5,3420717,VOLVE,369304,MÆRSK INSPIRER,24.0,,,injection,WI,,,,,0.0,,40620.41855294268,,,,,,
2011-04-17,NO 15/9-F-5 AH,5769,15/9-F-5,3420717,VOLVE,369304,MÆRSK INSPIRER,24.0,,,injection,WI,,,,,0.0,,40983.25967022665,,,,,,
2011-04-18,NO 15/9-F-5 AH,5769,15/9-F-5,3420717,VOLVE,369304,MÆRSK INSPIRER,24.0,,,injection,WI,,,,,0.0,,39701.28072,,,,,,
2011-04-19,NO 15/9-F-5 AH,5769,15/9-F-5,3420717,VOLVE,369304,MÆRSK INSPIRER,24.0,,,injection,WI,,,,,0.0,,39971.74255,,,,,,
2011-04-20,NO 15/9-F-5 AH,5769,15/9-F-5,3420717,VOLVE,369304,MÆRSK INSPIRER,24.0,,,injection,WI,,,,,0.0,,39770.46863,,,,,,
2011-04-21,NO 15/9-F-5 AH,5769,15/9-F-5,3420717,VOLVE,369304,MÆRSK INSPIRER,24.0,,,injection,WI,,,,,0.0,,31694.352590000002,,,,,,
2011-04-22,NO 15/9-F-5 AH,5769,15/9-F-5,3420717,VOLVE,369304,MÆRSK INSPIRER,24.0,,,injection,WI,,,,,0.0,,39267.28383,,,,,,
2011-04-23,NO 15/9-F-5 AH,5769,15/9-F-5,3420717,VOLVE,369304,MÆRSK INSPIRER,24.0,,,injection,WI,,,,,0.0,,40500.08659,,,,,,
2011-04-24,NO 15/9-F-5 AH,5769,15/9-F-5,3420717,VOLVE,369304,MÆRSK INSPIRER,24.0,,,injection,WI,,,,,0.0,,42211.543891,,,,,,
2011-04-25,NO 15/9-F-5 AH,5769,15/9-F-5,3420717,VOLVE,369304,MÆRSK INSPIRER,24.0,,,injection,WI,,,,,0.0,,41600.80334,,,,,,
2011-04-26,NO 15/9-F-5 AH,5769,15/9-F-5,3420717,VOLVE,369304,MÆRSK INSPIRER,24.0,,,injection,WI,,,,,0.0,,38737.11223853092,,,,,,
2011-04-27,NO 15/9-F-5 AH,5769,15/9-F-5,3420717,VOLVE,369304,MÆRSK INSPIRER,24.0,,,injection,WI,,,,,0.0,,39196.924020946084,,,,,,
2011-04-28,NO 15/9-F-5 AH,5769,15/9-F-5,3420717,VOLVE,369304,MÆRSK INSPIRER,24.0,,,injection,WI,,,,,0.0,,38194.34801632779,,,,,,
2011-04-29,NO 15/9-F-5 AH,5769,15/9-F-5,3420717,VOLVE,369304,MÆRSK INSPIRER,24.0,,,injection,WI,,,,,0.0,,37674.937943829165,,,,,,
2011-04-30,NO 15/9-F-5 AH,5769,15/9-F-5,3420717,VOLVE,369304,MÆRSK INSPIRER,24.0,,,injection,WI,,,,,0.0,,38043.284987817366,,,,,,
2011-05-01,NO 15/9-F-5 AH,5769,15/9-F-5,3420717,VOLVE,369304,MÆRSK INSPIRER,24.0,,,injection,WI,,,,,0.0,,38543.2498375218,,,,,,
2011-05-02,NO 15/9-F-5 AH,5769,15/9-F-5,3420717,VOLVE,369304,MÆRSK INSPIRER,24.0,,,injection,WI,,,,,0.0,,39178.14494799786,,,,,,
2011-05-03,NO 15/9-F-5 AH,5769,15/9-F-5,3420717,VOLVE,369304,MÆRSK INSPIRER,24.0,,,injection,WI,,,,,0.0,,40462.97233565092,,,,,,
2011-05-04,NO 15/9-F-5 AH,5769,15/9-F-5,3420717,VOLVE,369304,MÆRSK INSPIRER,24.0,,,injection,WI,,,,,0.0,,39113.000988783606,,,,,,
2011-05-05,NO 15/9-F-5 AH,5769,15/9-F-5,3420717,VOLVE,369304,MÆRSK INSPIRER,24.0,,,injection,WI,,,,,0.0,,37948.90813156888,,,,,,
2011-05-06,NO 15/9-F-5 AH,5769,15/9-F-5,3420717,VOLVE,369304,MÆRSK INSPIRER,24.0,,,injection,WI,,,,,0.0,,38262.9624725567,,,,,,
2011-05-07,NO 15/9-F-5 AH,5769,15/9-F-5,3420717,VOLVE,369304,MÆRSK INSPIRER,24.0,,,injection,WI,,,,,0.0,,39498.267163039825,,,,,,
2011-05-08,NO 15/9-F-5 AH,5769,15/9-F-5,3420717,VOLVE,369304,MÆRSK INSPIRER,24.0,,,injection,WI,,,,,0.0,,39759.998054053365,,,,,,
2011-05-09,NO 15/9-F-5 AH,5769,15/9-F-5,3420717,VOLVE,369304,MÆRSK INSPIRER,24.0,,,injection,WI,,,,,0.0,,39175.319303270444,,,,,,
2011-05-10,NO 15/9-F-5 AH,5769,15/9-F-5,3420717,VOLVE,369304,MÆRSK INSPIRER,24.0,,,injection,WI,,,,,0.0,,39523.03185112079,,,,,,
2011-05-11,NO 15/9-F-5 AH,5769,15/9-F-5,3420717,VOLVE,369304,MÆRSK INSPIRER,20.83334,,,injection,WI,,,,,0.0,,33625.32426,,,,,,
2011-05-12,NO 15/9-F-5 AH,5769,15/9-F-5,3420717,VOLVE,369304,MÆRSK INSPIRER,24.0,,,injection,WI,,,,,0.0,,41234.68473376273,,,,,,
2011-05-13,NO 15/9-F-5 AH,5769,15/9-F-5,3420717,VOLVE,369304,MÆRSK INSPIRER,24.0,,,injection,WI,,,,,0.0,,41141.86161389838,,,,,,
2011-05-14,NO 15/9-F-5 AH,5769,15/9-F-5,3420717,VOLVE,369304,MÆRSK INSPIRER,24.0,,,injection,WI,,,,,0.0,,38581.694540000004,,,,,,
2011-05-15,NO 15/9-F-5 AH,5769,15/9-F-5,3420717,VOLVE,369304,MÆRSK INSPIRER,24.0,,,injection,WI,,,,,0.0,,39319.25562455944,,,,,,
2011-05-16,NO 15/9-F-5 AH,5769,15/9-F-5,3420717,VOLVE,369304,MÆRSK INSPIRER,24.0,,,injection,WI,,,,,0.0,,39917.29129661404,,,,,,
2011-05-17,NO 15/9-F-5 AH,5769,15/9-F-5,3420717,VOLVE,369304,MÆRSK INSPIRER,24.0,,,injection,WI,,,,,0.0,,39814.45046581267,,,,,,
2011-05-18,NO 15/9-F-5 AH,5769,15/9-F-5,3420717,VOLVE,369304,MÆRSK INSPIRER,24.0,,,injection,WI,,,,,0.0,,40398.60121063287,,,,,,
2011-05-19,NO 15/9-F-5 AH,5769,15/9-F-5,3420717,VOLVE,369304,MÆRSK INSPIRER,20.0,,,injection,WI,,,,,0.0,,36381.02542563356,,,,,,
2011-05-20,NO 15/9-F-5 AH,5769,15/9-F-5,3420717,VOLVE,369304,MÆRSK INSPIRER,24.0,,,injection,WI,,,,,0.0,,37218.754927083166,,,,,,
2011-05-21,NO 15/9-F-5 AH,5769,15/9-F-5,3420717,VOLVE,369304,MÆRSK INSPIRER,23.66667,,,injection,WI,,,,,0.0,,30955.416140205783,,,,,,
2011-05-22,NO 15/9-F-5 AH,5769,15/9-F-5,3420717,VOLVE,369304,MÆRSK INSPIRER,24.0,,,injection,WI,,,,,0.0,,32907.37291083606,,,,,,
2011-05-23,NO 15/9-F-5 AH,5769,15/9-F-5,3420717,VOLVE,369304,MÆRSK INSPIRER,24.0,,,injection,WI,,,,,0.0,,45251.76327071902,,,,,,
2011-05-24,NO 15/9-F-5 AH,5769,15/9-F-5,3420717,VOLVE,369304,MÆRSK INSPIRER,24.0,,,injection,WI,,,,,0.0,,38308.82858737275,,,,,,
2011-05-25,NO 15/9-F-5 AH,5769,15/9-F-5,3420717,VOLVE,369304,MÆRSK INSPIRER,24.0,,,injection,WI,,,,,0.0,,39638.41985829595,,,,,,
2011-05-26,NO 15/9-F-5 AH,5769,15/9-F-5,3420717,VOLVE,369304,MÆRSK INSPIRER,24.0,,,injection,WI,,,,,0.0,,40622.31722774871,,,,,,
2011-05-27,NO 15/9-F-5 AH,5769,15/9-F-5,3420717,VOLVE,369304,MÆRSK INSPIRER,24.0,,,injection,WI,,,,,0.0,,40857.238794282326,,,,,,
2011-05-28,NO 15/9-F-5 AH,5769,15/9-F-5,3420717,VOLVE,369304,MÆRSK INSPIRER,24.0,,,injection,WI,,,,,0.0,,41177.73194300677,,,,,,
2011-05-29,NO 15/9-F-5 AH,5769,15/9-F-5,3420717,VOLVE,369304,MÆRSK INSPIRER,24.0,,,injection,WI,,,,,0.0,,39285.81720331396,,,,,,
2011-05-30,NO 15/9-F-5 AH,5769,15/9-F-5,3420717,VOLVE,369304,MÆRSK INSPIRER,24.0,,,injection,WI,,,,,0.0,,38102.260935271144,,,,,,
2011-05-31,NO 15/9-F-5 AH,5769,15/9-F-5,3420717,VOLVE,369304,MÆRSK INSPIRER,24.0,,,injection,WI,,,,,0.0,,37903.20618996647,,,,,,
2011-06-01,NO 15/9-F-5 AH,5769,15/9-F-5,3420717,VOLVE,369304,MÆRSK INSPIRER,24.0,,,injection,WI,,,,,0.0,,38449.60853,,,,,,
2011-06-02,NO 15/9-F-5 AH,5769,15/9-F-5,3420717,VOLVE,369304,MÆRSK INSPIRER,17.83334,,,injection,WI,,,,,0.0,,35682.321845760845,,,,,,
2011-06-03,NO 15/9-F-5 AH,5769,15/9-F-5,3420717,VOLVE,369304,MÆRSK INSPIRER,24.0,,,injection,WI,,,,,0.0,,39636.48774004601,,,,,,
2011-06-04,NO 15/9-F-5 AH,5769,15/9-F-5,3420717,VOLVE,369304,MÆRSK INSPIRER,24.0,,,injection,WI,,,,,0.0,,39039.64666277641,,,,,,
2011-06-05,NO 15/9-F-5 AH,5769,15/9-F-5,3420717,VOLVE,369304,MÆRSK INSPIRER,24.0,,,injection,WI,,,,,0.0,,38939.402143677966,,,,,,
2011-06-06,NO 15/9-F-5 AH,5769,15/9-F-5,3420717,VOLVE,369304,MÆRSK INSPIRER,24.0,,,injection,WI,,,,,0.0,,38700.83526665415,,,,,,
2011-06-07,NO 15/9-F-5 AH,5769,15/9-F-5,3420717,VOLVE,369304,MÆRSK INSPIRER,24.0,,,injection,WI,,,,,0.0,,38639.89971054959,,,,,,
2011-06-08,NO 15/9-F-5 AH,5769,15/9-F-5,3420717,VOLVE,369304,MÆRSK INSPIRER,24.0,,,injection,WI,,,,,0.0,,37896.832454245414,,,,,,
2011-06-09,NO 15/9-F-5 AH,5769,15/9-F-5,3420717,VOLVE,369304,MÆRSK INSPIRER,24.0,,,injection,WI,,,,,0.0,,38084.79955,,,,,,
2011-06-10,NO 15/9-F-5 AH,5769,15/9-F-5,3420717,VOLVE,369304,MÆRSK INSPIRER,24.0,,,injection,WI,,,,,0.0,,36550.338228348905,,,,,,
2011-06-11,NO 15/9-F-5 AH,5769,15/9-F-5,3420717,VOLVE,369304,MÆRSK INSPIRER,24.0,,,injection,WI,,,,,0.0,,35575.366717784134,,,,,,
2011-06-12,NO 15/9-F-5 AH,5769,15/9-F-5,3420717,VOLVE,369304,MÆRSK INSPIRER,24.0,,,injection,WI,,,,,0.0,,35393.25235444302,,,,,,
2011-06-13,NO 15/9-F-5 AH,5769,15/9-F-5,3420717,VOLVE,369304,MÆRSK INSPIRER,24.0,,,injection,WI,,,,,0.0,,35477.852876454745,,,,,,
2011-06-14,NO 15/9-F-5 AH,5769,15/9-F-5,3420717,VOLVE,369304,MÆRSK INSPIRER,24.0,,,injection,WI,,,,,0.0,,35611.27754147554,,,,,,
2011-06-15,NO 15/9-F-5 AH,5769,15/9-F-5,3420717,VOLVE,369304,MÆRSK INSPIRER,24.0,,,injection,WI,,,,,0.0,,36226.505005751285,,,,,,
2011-06-16,NO 15/9-F-5 AH,5769,15/9-F-5,3420717,VOLVE,369304,MÆRSK INSPIRER,24.0,,,injection,WI,,,,,0.0,,36141.88639529431,,,,,,
2011-06-17,NO 15/9-F-5 AH,5769,15/9-F-5,3420717,VOLVE,369304,MÆRSK INSPIRER,24.0,,,injection,WI,,,,,0.0,,39477.40399692829,,,,,,
2011-06-18,NO 15/9-F-5 AH,5769,15/9-F-5,3420717,VOLVE,369304,MÆRSK INSPIRER,24.0,,,injection,WI,,,,,0.0,,38571.40608550191,,,,,,
2011-06-19,NO 15/9-F-5 AH,5769,15/9-F-5,3420717,VOLVE,369304,MÆRSK INSPIRER,24.0,,,injection,WI,,,,,0.0,,37223.97015187296,,,,,,
2011-06-20,NO 15/9-F-5 AH,5769,15/9-F-5,3420717,VOLVE,369304,MÆRSK INSPIRER,11.84167,,,injection,WI,,,,,0.0,,17108.2832,,,,,,
2011-06-21,NO 15/9-F-5 AH,5769,15/9-F-5,3420717,VOLVE,369304,MÆRSK INSPIRER,0.0,,,injection,WI,,,,,0.0,,,,,,,,
2011-06-22,NO 15/9-F-5 AH,5769,15/9-F-5,3420717,VOLVE,369304,MÆRSK INSPIRER,0.0,,,injection,WI,,,,,0.0,,,,,,,,
2011-06-23,NO 15/9-F-5 AH,5769,15/9-F-5,3420717,VOLVE,369304,MÆRSK INSPIRER,0.0,,,injection,WI,,,,,0.0,,,,,,,,
2011-06-24,NO 15/9-F-5 AH,5769,15/9-F-5,3420717,VOLVE,369304,MÆRSK INSPIRER,0.0,,,injection,WI,,,,,0.0,,,,,,,,
2011-06-25,NO 15/9-F-5 AH,5769,15/9-F-5,3420717,VOLVE,369304,MÆRSK INSPIRER,0.0,,,injection,WI,,,,,0.0,,,,,,,,
2011-06-26,NO 15/9-F-5 AH,5769,15/9-F-5,3420717,VOLVE,369304,MÆRSK INSPIRER,0.0,,,injection,WI,,,,,0.0,,,,,,,,
2011-06-27,NO 15/9-F-5 AH,5769,15/9-F-5,3420717,VOLVE,369304,MÆRSK INSPIRER,0.0,,,injection,WI,,,,,0.0,,,,,,,,
2011-06-28,NO 15/9-F-5 AH,5769,15/9-F-5,3420717,VOLVE,369304,MÆRSK INSPIRER,0.0,,,injection,WI,,,,,0.0,,,,,,,,
2011-06-29,NO 15/9-F-5 AH,5769,15/9-F-5,3420717,VOLVE,369304,MÆRSK INSPIRER,0.0,,,injection,WI,,,,,0.0,,,,,,,,
2011-06-30,NO 15/9-F-5 AH,5769,15/9-F-5,3420717,VOLVE,369304,MÆRSK INSPIRER,0.0,,,injection,WI,,,,,0.0,,,,,,,,
2011-07-01,NO 15/9-F-5 AH,5769,15/9-F-5,3420717,VOLVE,369304,MÆRSK INSPIRER,21.15833,,,injection,WI,,,,,0.0,,35134.87866,,,,,,
2011-07-02,NO 15/9-F-5 AH,5769,15/9-F-5,3420717,VOLVE,369304,MÆRSK INSPIRER,7.50834,,,injection,WI,,,,,0.0,,14504.30186,,,,,,
2011-07-03,NO 15/9-F-5 AH,5769,15/9-F-5,3420717,VOLVE,369304,MÆRSK INSPIRER,6.5,,,injection,WI,,,,,0.0,,10629.7789,,,,,,
2011-07-04,NO 15/9-F-5 AH,5769,15/9-F-5,3420717,VOLVE,369304,MÆRSK INSPIRER,8.84167,,,injection,WI,,,,,0.0,,15718.23519,,,,,,
2011-07-05,NO 15/9-F-5 AH,5769,15/9-F-5,3420717,VOLVE,369304,MÆRSK INSPIRER,0.0,,,injection,WI,,,,,0.0,,,,,,,,
2011-07-06,NO 15/9-F-5 AH,5769,15/9-F-5,3420717,VOLVE,369304,MÆRSK INSPIRER,0.0,,,injection,WI,,,,,0.0,,,,,,,,
2011-07-07,NO 15/9-F-5 AH,5769,15/9-F-5,3420717,VOLVE,369304,MÆRSK INSPIRER,5.99166,,,injection,WI,,,,,0.0,,8736.54609,,,,,,
2011-07-08,NO 15/9-F-5 AH,5769,15/9-F-5,3420717,VOLVE,369304,MÆRSK INSPIRER,16.25833,,,injection,WI,,,,,0.0,,24454.78128,,,,,,
2011-07-09,NO 15/9-F-5 AH,5769,15/9-F-5,3420717,VOLVE,369304,MÆRSK INSPIRER,1.15833,,,injection,WI,,,,,0.0,,1195.0639,,,,,,
2011-07-10,NO 15/9-F-5 AH,5769,15/9-F-5,3420717,VOLVE,369304,MÆRSK INSPIRER,21.33333,,,injection,WI,,,,,0.0,,27335.51426,,,,,,
2011-07-11,NO 15/9-F-5 AH,5769,15/9-F-5,3420717,VOLVE,369304,MÆRSK INSPIRER,17.84167,,,injection,WI,,,,,0.0,,28882.807520000002,,,,,,
2011-07-12,NO 15/9-F-5 AH,5769,15/9-F-5,3420717,VOLVE,369304,MÆRSK INSPIRER,0.0,,,injection,WI,,,,,0.0,,,,,,,,
2011-07-13,NO 15/9-F-5 AH,5769,15/9-F-5,3420717,VOLVE,369304,MÆRSK INSPIRER,0.0,,,injection,WI,,,,,0.0,,,,,,,,
2011-07-14,NO 15/9-F-5 AH,5769,15/9-F-5,3420717,VOLVE,369304,MÆRSK INSPIRER,0.0,,,injection,WI,,,,,0.0,,,,,,,,
2011-07-15,NO 15/9-F-5 AH,5769,15/9-F-5,3420717,VOLVE,369304,MÆRSK INSPIRER,1.825,,,injection,WI,,,,,0.0,,3163.77443,,,,,,
2011-07-16,NO 15/9-F-5 AH,5769,15/9-F-5,3420717,VOLVE,369304,MÆRSK INSPIRER,11.175,,,injection,WI,,,,,0.0,,18460.59235,,,,,,
2011-07-17,NO 15/9-F-5 AH,5769,15/9-F-5,3420717,VOLVE,369304,MÆRSK INSPIRER,0.0,,,injection,WI,,,,,0.0,,,,,,,,
2011-07-18,NO 15/9-F-5 AH,5769,15/9-F-5,3420717,VOLVE,369304,MÆRSK INSPIRER,0.0,,,injection,WI,,,,,0.0,,,,,,,,
2011-07-19,NO 15/9-F-5 AH,5769,15/9-F-5,3420717,VOLVE,369304,MÆRSK INSPIRER,0.83334,,,injection,WI,,,,,0.0,,474.11443034580003,,,,,,
2011-07-20,NO 15/9-F-5 AH,5769,15/9-F-5,3420717,VOLVE,369304,MÆRSK INSPIRER,20.325,,,injection,WI,,,,,0.0,,32122.059670000002,,,,,,
2011-07-21,NO 15/9-F-5 AH,5769,15/9-F-5,3420717,VOLVE,369304,MÆRSK INSPIRER,24.0,,,injection,WI,,,,,0.0,,39386.79022,,,,,,
2011-07-22,NO 15/9-F-5 AH,5769,15/9-F-5,3420717,VOLVE,369304,MÆRSK INSPIRER,7.34167,,,injection,WI,,,,,0.0,,11120.38408,,,,,,
2011-07-23,NO 15/9-F-5 AH,5769,15/9-F-5,3420717,VOLVE,369304,MÆRSK INSPIRER,0.0,,,injection,WI,,,,,0.0,,,,,,,,
2011-07-24,NO 15/9-F-5 AH,5769,15/9-F-5,3420717,VOLVE,369304,MÆRSK INSPIRER,0.0,,,injection,WI,,,,,0.0,,,,,,,,
2011-07-25,NO 15/9-F-5 AH,5769,15/9-F-5,3420717,VOLVE,369304,MÆRSK INSPIRER,17.325,,,injection,WI,,,,,0.0,,23530.179210000002,,,,,,
2011-07-26,NO 15/9-F-5 AH,5769,15/9-F-5,3420717,VOLVE,369304,MÆRSK INSPIRER,20.50834,,,injection,WI,,,,,0.0,,32084.32081,,,,,,
2011-07-27,NO 15/9-F-5 AH,5769,15/9-F-5,3420717,VOLVE,369304,MÆRSK INSPIRER,0.0,,,injection,WI,,,,,0.0,,,,,,,,
2011-07-28,NO 15/9-F-5 AH,5769,15/9-F-5,3420717,VOLVE,369304,MÆRSK INSPIRER,6.74167,,,injection,WI,,,,,0.0,,9604.53987,,,,,,
2011-07-29,NO 15/9-F-5 AH,5769,15/9-F-5,3420717,VOLVE,369304,MÆRSK INSPIRER,24.0,,,injection,WI,,,,,0.0,,39130.74808605324,,,,,,
2011-07-30,NO 15/9-F-5 AH,5769,15/9-F-5,3420717,VOLVE,369304,MÆRSK INSPIRER,1.84167,,,injection,WI,,,,,0.0,,3195.22348,,,,,,
2011-07-31,NO 15/9-F-5 AH,5769,15/9-F-5,3420717,VOLVE,369304,MÆRSK INSPIRER,0.0,,,injection,WI,,,,,0.0,,,,,,,,
2011-08-01,NO 15/9-F-5 AH,5769,15/9-F-5,3420717,VOLVE,369304,MÆRSK INSPIRER,0.0,,,injection,WI,,,,,0.0,,,,,,,,
2011-08-02,NO 15/9-F-5 AH,5769,15/9-F-5,3420717,VOLVE,369304,MÆRSK INSPIRER,0.0,,,injection,WI,,,,,0.0,,,,,,,,
2011-08-03,NO 15/9-F-5 AH,5769,15/9-F-5,3420717,VOLVE,369304,MÆRSK INSPIRER,0.0,,,injection,WI,,,,,0.0,,,,,,,,
2011-08-04,NO 15/9-F-5 AH,5769,15/9-F-5,3420717,VOLVE,369304,MÆRSK INSPIRER,5.325,,,injection,WI,,,,,0.0,,7855.9726900000005,,,,,,
2011-08-05,NO 15/9-F-5 AH,5769,15/9-F-5,3420717,VOLVE,369304,MÆRSK INSPIRER,24.0,,,injection,WI,,,,,0.0,,36922.28831661448,,,,,,
2011-08-06,NO 15/9-F-5 AH,5769,15/9-F-5,3420717,VOLVE,369304,MÆRSK INSPIRER,21.16667,,,injection,WI,,,,,0.0,,41262.88279017696,,,,,,
2011-08-07,NO 15/9-F-5 AH,5769,15/9-F-5,3420717,VOLVE,369304,MÆRSK INSPIRER,24.0,,,injection,WI,,,,,0.0,,44650.2021955396,,,,,,
2011-08-08,NO 15/9-F-5 AH,5769,15/9-F-5,3420717,VOLVE,369304,MÆRSK INSPIRER,24.0,,,injection,WI,,,,,0.0,,43293.65181748396,,,,,,
2011-08-09,NO 15/9-F-5 AH,5769,15/9-F-5,3420717,VOLVE,369304,MÆRSK INSPIRER,21.33334,,,injection,WI,,,,,0.0,,35927.394720000004,,,,,,
2011-08-10,NO 15/9-F-5 AH,5769,15/9-F-5,3420717,VOLVE,369304,MÆRSK INSPIRER,24.0,,,injection,WI,,,,,0.0,,38418.15948,,,,,,
2011-08-11,NO 15/9-F-5 AH,5769,15/9-F-5,3420717,VOLVE,369304,MÆRSK INSPIRER,24.0,,,injection,WI,,,,,0.0,,37506.13703,,,,,,
2011-08-12,NO 15/9-F-5 AH,5769,15/9-F-5,3420717,VOLVE,369304,MÆRSK INSPIRER,24.0,,,injection,WI,,,,,0.0,,37462.10836,,,,,,
2011-08-13,NO 15/9-F-5 AH,5769,15/9-F-5,3420717,VOLVE,369304,MÆRSK INSPIRER,24.0,,,injection,WI,,,,,0.0,,37518.71665,,,,,,
2011-08-14,NO 15/9-F-5 AH,5769,15/9-F-5,3420717,VOLVE,369304,MÆRSK INSPIRER,24.0,,,injection,WI,,,,,0.0,,37364.34489052586,,,,,,
2011-08-15,NO 15/9-F-5 AH,5769,15/9-F-5,3420717,VOLVE,369304,MÆRSK INSPIRER,24.0,,,injection,WI,,,,,0.0,,37816.24791302059,,,,,,
2011-08-16,NO 15/9-F-5 AH,5769,15/9-F-5,3420717,VOLVE,369304,MÆRSK INSPIRER,24.0,,,injection,WI,,,,,0.0,,38619.4334,,,,,,
2011-08-17,NO 15/9-F-5 AH,5769,15/9-F-5,3420717,VOLVE,369304,MÆRSK INSPIRER,24.0,,,injection,WI,,,,,0.0,,37392.92045,,,,,,
2011-08-18,NO 15/9-F-5 AH,5769,15/9-F-5,3420717,VOLVE,369304,MÆRSK INSPIRER,24.0,,,injection,WI,,,,,0.0,,37430.90865641368,,,,,,
2011-08-19,NO 15/9-F-5 AH,5769,15/9-F-5,3420717,VOLVE,369304,MÆRSK INSPIRER,24.0,,,injection,WI,,,,,0.0,,37619.35361,,,,,,
2011-08-20,NO 15/9-F-5 AH,5769,15/9-F-5,3420717,VOLVE,369304,MÆRSK INSPIRER,24.0,,,injection,WI,,,,,0.0,,37472.75427488341,,,,,,
2011-08-21,NO 15/9-F-5 AH,5769,15/9-F-5,3420717,VOLVE,369304,MÆRSK INSPIRER,24.0,,,injection,WI,,,,,0.0,,37479.719828,,,,,,
2011-08-22,NO 15/9-F-5 AH,5769,15/9-F-5,3420717,VOLVE,369304,MÆRSK INSPIRER,24.0,,,injection,WI,,,,,0.0,,37355.18159,,,,,,
2011-08-23,NO 15/9-F-5 AH,5769,15/9-F-5,3420717,VOLVE,369304,MÆRSK INSPIRER,24.0,,,injection,WI,,,,,0.0,,37408.22057400138,,,,,,
2011-08-24,NO 15/9-F-5 AH,5769,15/9-F-5,3420717,VOLVE,369304,MÆRSK INSPIRER,24.0,,,injection,WI,,,,,0.0,,37565.56976180126,,,,,,
2011-08-25,NO 15/9-F-5 AH,5769,15/9-F-5,3420717,VOLVE,369304,MÆRSK INSPIRER,23.15833,,,injection,WI,,,,,0.0,,36529.760922949725,,,,,,
2011-08-26,NO 15/9-F-5 AH,5769,15/9-F-5,3420717,VOLVE,369304,MÆRSK INSPIRER,21.50834,,,injection,WI,,,,,0.0,,30289.209036000004,,,,,,
2011-08-27,NO 15/9-F-5 AH,5769,15/9-F-5,3420717,VOLVE,369304,MÆRSK INSPIRER,24.0,,,injection,WI,,,,,0.0,,35057.297360219076,,,,,,
2011-08-28,NO 15/9-F-5 AH,5769,15/9-F-5,3420717,VOLVE,369304,MÆRSK INSPIRER,24.0,,,injection,WI,,,,,0.0,,35164.31645807799,,,,,,
2011-08-29,NO 15/9-F-5 AH,5769,15/9-F-5,3420717,VOLVE,369304,MÆRSK INSPIRER,24.0,,,injection,WI,,,,,0.0,,34869.47302742697,,,,,,
2011-08-30,NO 15/9-F-5 AH,5769,15/9-F-5,3420717,VOLVE,369304,MÆRSK INSPIRER,24.0,,,injection,WI,,,,,0.0,,34946.18436,,,,,,
2011-08-31,NO 15/9-F-5 AH,5769,15/9-F-5,3420717,VOLVE,369304,MÆRSK INSPIRER,24.0,,,injection,WI,,,,,0.0,,35037.20823909217,,,,,,
2011-09-01,NO 15/9-F-5 AH,5769,15/9-F-5,3420717,VOLVE,369304,MÆRSK INSPIRER,24.0,,,injection,WI,,,,,0.0,,34758.39414156487,,,,,,
2011-09-02,NO 15/9-F-5 AH,5769,15/9-F-5,3420717,VOLVE,369304,MÆRSK INSPIRER,24.0,,,injection,WI,,,,,0.0,,34924.95034931161,,,,,,
2011-09-03,NO 15/9-F-5 AH,5769,15/9-F-5,3420717,VOLVE,369304,MÆRSK INSPIRER,24.0,,,injection,WI,,,,,0.0,,34759.49118532791,,,,,,
2011-09-04,NO 15/9-F-5 AH,5769,15/9-F-5,3420717,VOLVE,369304,MÆRSK INSPIRER,24.0,,,injection,WI,,,,,0.0,,34840.04789152273,,,,,,
2011-09-05,NO 15/9-F-5 AH,5769,15/9-F-5,3420717,VOLVE,369304,MÆRSK INSPIRER,24.0,,,injection,WI,,,,,0.0,,36259.729445039804,,,,,,
2011-09-06,NO 15/9-F-5 AH,5769,15/9-F-5,3420717,VOLVE,369304,MÆRSK INSPIRER,24.0,,,injection,WI,,,,,0.0,,36216.72598,,,,,,
2011-09-07,NO 15/9-F-5 AH,5769,15/9-F-5,3420717,VOLVE,369304,MÆRSK INSPIRER,24.0,,,injection,WI,,,,,0.0,,37388.751780144215,,,,,,
2011-09-08,NO 15/9-F-5 AH,5769,15/9-F-5,3420717,VOLVE,369304,MÆRSK INSPIRER,24.0,,,injection,WI,,,,,0.0,,38405.57986,,,,,,
2011-09-09,NO 15/9-F-5 AH,5769,15/9-F-5,3420717,VOLVE,369304,MÆRSK INSPIRER,24.0,,,injection,WI,,,,,0.0,,39171.29388121666,,,,,,
2011-09-10,NO 15/9-F-5 AH,5769,15/9-F-5,3420717,VOLVE,369304,MÆRSK INSPIRER,24.0,,,injection,WI,,,,,0.0,,38864.73599,,,,,,
2011-09-11,NO 15/9-F-5 AH,5769,15/9-F-5,3420717,VOLVE,369304,MÆRSK INSPIRER,24.0,,,injection,WI,,,,,0.0,,38185.72448239897,,,,,,
2011-09-12,NO 15/9-F-5 AH,5769,15/9-F-5,3420717,VOLVE,369304,MÆRSK INSPIRER,24.0,,,injection,WI,,,,,0.0,,38065.93012,,,,,,
2011-09-13,NO 15/9-F-5 AH,5769,15/9-F-5,3420717,VOLVE,369304,MÆRSK INSPIRER,13.33333,,,injection,WI,,,,,0.0,,37614.22580870209,,,,,,
2011-09-14,NO 15/9-F-5 AH,5769,15/9-F-5,3420717,VOLVE,369304,MÆRSK INSPIRER,20.33334,,,injection,WI,,,,,0.0,,48306.376692303136,,,,,,
2011-09-15,NO 15/9-F-5 AH,5769,15/9-F-5,3420717,VOLVE,369304,MÆRSK INSPIRER,24.0,,,injection,WI,,,,,0.0,,53041.29513834029,,,,,,
2011-09-16,NO 15/9-F-5 AH,5769,15/9-F-5,3420717,VOLVE,369304,MÆRSK INSPIRER,12.0,,,injection,WI,,,,,0.0,,26649.082510332675,,,,,,
2011-09-17,NO 15/9-F-5 AH,5769,15/9-F-5,3420717,VOLVE,369304,MÆRSK INSPIRER,24.0,,,injection,WI,,,,,0.0,,29952.07522,,,,,,
2011-09-18,NO 15/9-F-5 AH,5769,15/9-F-5,3420717,VOLVE,369304,MÆRSK INSPIRER,24.0,,,injection,WI,,,,,0.0,,48746.027500000004,,,,,,
2011-09-19,NO 15/9-F-5 AH,5769,15/9-F-5,3420717,VOLVE,369304,MÆRSK INSPIRER,24.0,,,injection,WI,,,,,0.0,,50393.95772,,,,,,
2011-09-20,NO 15/9-F-5 AH,5769,15/9-F-5,3420717,VOLVE,369304,MÆRSK INSPIRER,24.0,,,injection,WI,,,,,0.0,,50966.33043,,,,,,
2011-09-21,NO 15/9-F-5 AH,5769,15/9-F-5,3420717,VOLVE,369304,MÆRSK INSPIRER,24.0,,,injection,WI,,,,,0.0,,45241.345368,,,,,,
2011-09-22,NO 15/9-F-5 AH,5769,15/9-F-5,3420717,VOLVE,369304,MÆRSK INSPIRER,24.0,,,injection,WI,,,,,0.0,,40849.171045,,,,,,
2011-09-23,NO 15/9-F-5 AH,5769,15/9-F-5,3420717,VOLVE,369304,MÆRSK INSPIRER,24.0,,,injection,WI,,,,,0.0,,37392.92045,,,,,,
2011-09-24,NO 15/9-F-5 AH,5769,15/9-F-5,3420717,VOLVE,369304,MÆRSK INSPIRER,24.0,,,injection,WI,,,,,0.0,,36643.60387958921,,,,,,
2011-09-25,NO 15/9-F-5 AH,5769,15/9-F-5,3420717,VOLVE,369304,MÆRSK INSPIRER,24.0,,,injection,WI,,,,,0.0,,37199.77776312088,,,,,,
2011-09-26,NO 15/9-F-5 AH,5769,15/9-F-5,3420717,VOLVE,369304,MÆRSK INSPIRER,24.0,,,injection,WI,,,,,0.0,,37502.118989300325,,,,,,
2011-09-27,NO 15/9-F-5 AH,5769,15/9-F-5,3420717,VOLVE,369304,MÆRSK INSPIRER,24.0,,,injection,WI,,,,,0.0,,37638.22304,,,,,,
2011-09-28,NO 15/9-F-5 AH,5769,15/9-F-5,3420717,VOLVE,369304,MÆRSK INSPIRER,24.0,,,injection,WI,,,,,0.0,,37927.5543,,,,,,
2011-09-29,NO 15/9-F-5 AH,5769,15/9-F-5,3420717,VOLVE,369304,MÆRSK INSPIRER,24.0,,,injection,WI,,,,,0.0,,38109.958790000004,,,,,,
2011-09-30,NO 15/9-F-5 AH,5769,15/9-F-5,3420717,VOLVE,369304,MÆRSK INSPIRER,18.83333,,,injection,WI,,,,,0.0,,31601.263402,,,,,,
2011-10-01,NO 15/9-F-5 AH,5769,15/9-F-5,3420717,VOLVE,369304,MÆRSK INSPIRER,24.0,,,injection,WI,,,,,0.0,,39137.713744,,,,,,
2011-10-02,NO 15/9-F-5 AH,5769,15/9-F-5,3420717,VOLVE,369304,MÆRSK INSPIRER,24.0,,,injection,WI,,,,,0.0,,41079.479765778655,,,,,,
2011-10-03,NO 15/9-F-5 AH,5769,15/9-F-5,3420717,VOLVE,369304,MÆRSK INSPIRER,24.0,,,injection,WI,,,,,0.0,,41973.160092,,,,,,
2011-10-04,NO 15/9-F-5 AH,5769,15/9-F-5,3420717,VOLVE,369304,MÆRSK INSPIRER,24.0,,,injection,WI,,,,,0.0,,40196.95107350998,,,,,,
2011-10-05,NO 15/9-F-5 AH,5769,15/9-F-5,3420717,VOLVE,369304,MÆRSK INSPIRER,24.0,,,injection,WI,,,,,0.0,,40893.06640771856,,,,,,
2011-10-06,NO 15/9-F-5 AH,5769,15/9-F-5,3420717,VOLVE,369304,MÆRSK INSPIRER,24.0,,,injection,WI,,,,,0.0,,40471.10135947604,,,,,,
2011-10-07,NO 15/9-F-5 AH,5769,15/9-F-5,3420717,VOLVE,369304,MÆRSK INSPIRER,12.3,,,injection,WI,,,,,0.0,,19486.92471539589,,,,,,
2011-10-08,NO 15/9-F-5 AH,5769,15/9-F-5,3420717,VOLVE,369304,MÆRSK INSPIRER,10.675,,,injection,WI,,,,,0.0,,14835.410003950195,,,,,,
2011-10-09,NO 15/9-F-5 AH,5769,15/9-F-5,3420717,VOLVE,369304,MÆRSK INSPIRER,24.0,,,injection,WI,,,,,0.0,,38704.83934135486,,,,,,
2011-10-10,NO 15/9-F-5 AH,5769,15/9-F-5,3420717,VOLVE,369304,MÆRSK INSPIRER,24.0,,,injection,WI,,,,,0.0,,40824.681128579265,,,,,,
2011-10-11,NO 15/9-F-5 AH,5769,15/9-F-5,3420717,VOLVE,369304,MÆRSK INSPIRER,24.0,,,injection,WI,,,,,0.0,,41665.551933551054,,,,,,
2011-10-12,NO 15/9-F-5 AH,5769,15/9-F-5,3420717,VOLVE,369304,MÆRSK INSPIRER,24.0,,,injection,WI,,,,,0.0,,41566.209385,,,,,,
2011-10-13,NO 15/9-F-5 AH,5769,15/9-F-5,3420717,VOLVE,369304,MÆRSK INSPIRER,24.0,,,injection,WI,,,,,0.0,,42101.23663902871,,,,,,
2011-10-14,NO 15/9-F-5 AH,5769,15/9-F-5,3420717,VOLVE,369304,MÆRSK INSPIRER,19.41666,,,injection,WI,,,,,0.0,,31916.382883000002,,,,,,
2011-10-15,NO 15/9-F-5 AH,5769,15/9-F-5,3420717,VOLVE,369304,MÆRSK INSPIRER,22.24167,,,injection,WI,,,,,0.0,,26527.273675,,,,,,
2011-10-16,NO 15/9-F-5 AH,5769,15/9-F-5,3420717,VOLVE,369304,MÆRSK INSPIRER,0.0,,,injection,WI,,,,,0.0,,305.36284959306874,,,,,,
2011-10-17,NO 15/9-F-5 AH,5769,15/9-F-5,3420717,VOLVE,369304,MÆRSK INSPIRER,0.0,,,injection,WI,,,,,0.0,,0.0,,,,,,
2011-10-18,NO 15/9-F-5 AH,5769,15/9-F-5,3420717,VOLVE,369304,MÆRSK INSPIRER,0.0,,,injection,WI,,,,,0.0,,0.0,,,,,,
2011-10-19,NO 15/9-F-5 AH,5769,15/9-F-5,3420717,VOLVE,369304,MÆRSK INSPIRER,0.0,,,injection,WI,,,,,0.0,,0.0,,,,,,
2011-10-20,NO 15/9-F-5 AH,5769,15/9-F-5,3420717,VOLVE,369304,MÆRSK INSPIRER,0.0,,,injection,WI,,,,,0.0,,0.0,,,,,,
2011-10-21,NO 15/9-F-5 AH,5769,15/9-F-5,3420717,VOLVE,369304,MÆRSK INSPIRER,0.0,,,injection,WI,,,,,0.0,,0.0,,,,,,
2011-10-22,NO 15/9-F-5 AH,5769,15/9-F-5,3420717,VOLVE,369304,MÆRSK INSPIRER,0.0,,,injection,WI,,,,,0.0,,0.0,,,,,,
2011-10-23,NO 15/9-F-5 AH,5769,15/9-F-5,3420717,VOLVE,369304,MÆRSK INSPIRER,0.0,,,injection,WI,,,,,0.0,,0.0,,,,,,
2011-10-24,NO 15/9-F-5 AH,5769,15/9-F-5,3420717,VOLVE,369304,MÆRSK INSPIRER,0.0,,,injection,WI,,,,,0.0,,0.0,,,,,,
2011-10-25,NO 15/9-F-5 AH,5769,15/9-F-5,3420717,VOLVE,369304,MÆRSK INSPIRER,0.0,,,injection,WI,,,,,0.0,,0.0,,,,,,
2011-10-26,NO 15/9-F-5 AH,5769,15/9-F-5,3420717,VOLVE,369304,MÆRSK INSPIRER,0.0,,,injection,WI,,,,,0.0,,0.0,,,,,,
2011-10-27,NO 15/9-F-5 AH,5769,15/9-F-5,3420717,VOLVE,369304,MÆRSK INSPIRER,0.0,,,injection,WI,,,,,0.0,,0.0,,,,,,
2011-10-28,NO 15/9-F-5 AH,5769,15/9-F-5,3420717,VOLVE,369304,MÆRSK INSPIRER,0.0,,,injection,WI,,,,,0.0,,0.0,,,,,,
2011-10-29,NO 15/9-F-5 AH,5769,15/9-F-5,3420717,VOLVE,369304,MÆRSK INSPIRER,0.0,,,injection,WI,,,,,0.0,,0.0,,,,,,
2011-10-30,NO 15/9-F-5 AH,5769,15/9-F-5,3420717,VOLVE,369304,MÆRSK INSPIRER,0.0,,,injection,WI,,,,,0.0,,0.0,,,,,,
2011-10-31,NO 15/9-F-5 AH,5769,15/9-F-5,3420717,VOLVE,369304,MÆRSK INSPIRER,0.0,,,injection,WI,,,,,0.0,,0.0,,,,,,
2011-11-01,NO 15/9-F-5 AH,5769,15/9-F-5,3420717,VOLVE,369304,MÆRSK INSPIRER,0.0,,,injection,WI,,,,,0.0,,0.0,,,,,,
2011-11-02,NO 15/9-F-5 AH,5769,15/9-F-5,3420717,VOLVE,369304,MÆRSK INSPIRER,0.0,,,injection,WI,,,,,0.0,,0.0,,,,,,
2011-11-03,NO 15/9-F-5 AH,5769,15/9-F-5,3420717,VOLVE,369304,MÆRSK INSPIRER,0.0,,,injection,WI,,,,,0.0,,0.0,,,,,,
2011-11-04,NO 15/9-F-5 AH,5769,15/9-F-5,3420717,VOLVE,369304,MÆRSK INSPIRER,0.0,,,injection,WI,,,,,0.0,,0.0,,,,,,
2011-11-05,NO 15/9-F-5 AH,5769,15/9-F-5,3420717,VOLVE,369304,MÆRSK INSPIRER,15.85833,,,injection,WI,,,,,0.0,,9140.351395367084,,,,,,
2011-11-06,NO 15/9-F-5 AH,5769,15/9-F-5,3420717,VOLVE,369304,MÆRSK INSPIRER,24.0,,,injection,WI,,,,,0.0,,31928.28149085715,,,,,,
2011-11-07,NO 15/9-F-5 AH,5769,15/9-F-5,3420717,VOLVE,369304,MÆRSK INSPIRER,24.0,,,injection,WI,,,,,0.0,,37996.742210000004,,,,,,
2011-11-08,NO 15/9-F-5 AH,5769,15/9-F-5,3420717,VOLVE,369304,MÆRSK INSPIRER,24.0,,,injection,WI,,,,,0.0,,39294.333008522015,,,,,,
2011-11-09,NO 15/9-F-5 AH,5769,15/9-F-5,3420717,VOLVE,369304,MÆRSK INSPIRER,24.0,,,injection,WI,,,,,0.0,,38418.063505361664,,,,,,
2011-11-10,NO 15/9-F-5 AH,5769,15/9-F-5,3420717,VOLVE,369304,MÆRSK INSPIRER,24.0,,,injection,WI,,,,,0.0,,38500.555991,,,,,,
2011-11-11,NO 15/9-F-5 AH,5769,15/9-F-5,3420717,VOLVE,369304,MÆRSK INSPIRER,12.14167,,,injection,WI,,,,,0.0,,18745.24313306301,,,,,,
2011-11-12,NO 15/9-F-5 AH,5769,15/9-F-5,3420717,VOLVE,369304,MÆRSK INSPIRER,15.94167,,,injection,WI,,,,,0.0,,20581.780930997258,,,,,,
2011-11-13,NO 15/9-F-5 AH,5769,15/9-F-5,3420717,VOLVE,369304,MÆRSK INSPIRER,24.0,,,injection,WI,,,,,0.0,,36380.529095977676,,,,,,
2011-11-14,NO 15/9-F-5 AH,5769,15/9-F-5,3420717,VOLVE,369304,MÆRSK INSPIRER,24.0,,,injection,WI,,,,,0.0,,36415.42090886136,,,,,,
2011-11-15,NO 15/9-F-5 AH,5769,15/9-F-5,3420717,VOLVE,369304,MÆRSK INSPIRER,24.0,,,injection,WI,,,,,0.0,,36622.37294304546,,,,,,
2011-11-16,NO 15/9-F-5 AH,5769,15/9-F-5,3420717,VOLVE,369304,MÆRSK INSPIRER,24.0,,,injection,WI,,,,,0.0,,36617.065631506135,,,,,,
2011-11-17,NO 15/9-F-5 AH,5769,15/9-F-5,3420717,VOLVE,369304,MÆRSK INSPIRER,24.0,,,injection,WI,,,,,0.0,,36529.64551608837,,,,,,
2011-11-18,NO 15/9-F-5 AH,5769,15/9-F-5,3420717,VOLVE,369304,MÆRSK INSPIRER,24.0,,,injection,WI,,,,,0.0,,36104.18894976202,,,,,,
2011-11-19,NO 15/9-F-5 AH,5769,15/9-F-5,3420717,VOLVE,369304,MÆRSK INSPIRER,24.0,,,injection,WI,,,,,0.0,,35727.50700991553,,,,,,
2011-11-20,NO 15/9-F-5 AH,5769,15/9-F-5,3420717,VOLVE,369304,MÆRSK INSPIRER,24.0,,,injection,WI,,,,,0.0,,36183.389987,,,,,,
2011-11-21,NO 15/9-F-5 AH,5769,15/9-F-5,3420717,VOLVE,369304,MÆRSK INSPIRER,24.0,,,injection,WI,,,,,0.0,,36230.563562,,,,,,
2011-11-22,NO 15/9-F-5 AH,5769,15/9-F-5,3420717,VOLVE,369304,MÆRSK INSPIRER,24.0,,,injection,WI,,,,,0.0,,36370.826325,,,,,,
2011-11-23,NO 15/9-F-5 AH,5769,15/9-F-5,3420717,VOLVE,369304,MÆRSK INSPIRER,24.0,,,injection,WI,,,,,0.0,,35857.577829,,,,,,
2011-11-24,NO 15/9-F-5 AH,5769,15/9-F-5,3420717,VOLVE,369304,MÆRSK INSPIRER,23.30833,,,injection,WI,,,,,0.0,,34359.91608250368,,,,,,
2011-11-25,NO 15/9-F-5 AH,5769,15/9-F-5,3420717,VOLVE,369304,MÆRSK INSPIRER,0.0,,,injection,WI,,,,,0.0,,0.0,,,,,,
2011-11-26,NO 15/9-F-5 AH,5769,15/9-F-5,3420717,VOLVE,369304,MÆRSK INSPIRER,0.0,,,injection,WI,,,,,0.0,,0.0,,,,,,
2011-11-27,NO 15/9-F-5 AH,5769,15/9-F-5,3420717,VOLVE,369304,MÆRSK INSPIRER,0.275,,,injection,WI,,,,,0.0,,561.432387455775,,,,,,
2011-11-28,NO 15/9-F-5 AH,5769,15/9-F-5,3420717,VOLVE,369304,MÆRSK INSPIRER,22.83333,,,injection,WI,,,,,0.0,,32672.98612229392,,,,,,
2011-11-29,NO 15/9-F-5 AH,5769,15/9-F-5,3420717,VOLVE,369304,MÆRSK INSPIRER,1.05833,,,injection,WI,,,,,0.0,,1500.0514130435813,,,,,,
2011-11-30,NO 15/9-F-5 AH,5769,15/9-F-5,3420717,VOLVE,369304,MÆRSK INSPIRER,0.0,,,injection,WI,,,,,0.0,,0.0,,,,,,
2011-12-01,NO 15/9-F-5 AH,5769,15/9-F-5,3420717,VOLVE,369304,MÆRSK INSPIRER,0.0,,,injection,WI,,,,,0.0,,0.0,,,,,,
2011-12-02,NO 15/9-F-5 AH,5769,15/9-F-5,3420717,VOLVE,369304,MÆRSK INSPIRER,19.19167,,,injection,WI,,,,,0.0,,28851.987451000005,,,,,,
2011-12-03,NO 15/9-F-5 AH,5769,15/9-F-5,3420717,VOLVE,369304,MÆRSK INSPIRER,0.0,,,injection,WI,,,,,0.0,,0.0,,,,,,
2011-12-04,NO 15/9-F-5 AH,5769,15/9-F-5,3420717,VOLVE,369304,MÆRSK INSPIRER,0.0,,,injection,WI,,,,,0.0,,285.47536536061665,,,,,,
2011-12-05,NO 15/9-F-5 AH,5769,15/9-F-5,3420717,VOLVE,369304,MÆRSK INSPIRER,16.525,,,injection,WI,,,,,0.0,,25612.735301,,,,,,
2011-12-06,NO 15/9-F-5 AH,5769,15/9-F-5,3420717,VOLVE,369304,MÆRSK INSPIRER,4.64167,,,injection,WI,,,,,0.0,,7438.958287,,,,,,
2011-12-07,NO 15/9-F-5 AH,5769,15/9-F-5,3420717,VOLVE,369304,MÆRSK INSPIRER,18.85833,,,injection,WI,,,,,0.0,,26965.119570987055,,,,,,
2011-12-08,NO 15/9-F-5 AH,5769,15/9-F-5,3420717,VOLVE,369304,MÆRSK INSPIRER,14.30833,,,injection,WI,,,,,0.0,,21785.263171668226,,,,,,
2011-12-09,NO 15/9-F-5 AH,5769,15/9-F-5,3420717,VOLVE,369304,MÆRSK INSPIRER,0.0,,,injection,WI,,,,,0.0,,0.0,,,,,,
2011-12-10,NO 15/9-F-5 AH,5769,15/9-F-5,3420717,VOLVE,369304,MÆRSK INSPIRER,7.19166,,,injection,WI,,,,,0.0,,8130.360595815213,,,,,,
2011-12-11,NO 15/9-F-5 AH,5769,15/9-F-5,3420717,VOLVE,369304,MÆRSK INSPIRER,24.0,,,injection,WI,,,,,0.0,,37619.088191811396,,,,,,
2011-12-12,NO 15/9-F-5 AH,5769,15/9-F-5,3420717,VOLVE,369304,MÆRSK INSPIRER,24.0,,,injection,WI,,,,,0.0,,38899.18492949932,,,,,,
2011-12-13,NO 15/9-F-5 AH,5769,15/9-F-5,3420717,VOLVE,369304,MÆRSK INSPIRER,4.30833,,,injection,WI,,,,,0.0,,7220.7018800000005,,,,,,
2011-12-14,NO 15/9-F-5 AH,5769,15/9-F-5,3420717,VOLVE,369304,MÆRSK INSPIRER,1.025,,,injection,WI,,,,,0.0,,1471.81554,,,,,,
2011-12-15,NO 15/9-F-5 AH,5769,15/9-F-5,3420717,VOLVE,369304,MÆRSK INSPIRER,24.0,,,injection,WI,,,,,0.0,,37474.68798,,,,,,
2011-12-16,NO 15/9-F-5 AH,5769,15/9-F-5,3420717,VOLVE,369304,MÆRSK INSPIRER,24.0,,,injection,WI,,,,,0.0,,37852.07658,,,,,,
2011-12-17,NO 15/9-F-5 AH,5769,15/9-F-5,3420717,VOLVE,369304,MÆRSK INSPIRER,21.30833,,,injection,WI,,,,,0.0,,33247.93566,,,,,,
2011-12-18,NO 15/9-F-5 AH,5769,15/9-F-5,3420717,VOLVE,369304,MÆRSK INSPIRER,16.525,,,injection,WI,,,,,0.0,,24153.02994496178,,,,,,
2011-12-19,NO 15/9-F-5 AH,5769,15/9-F-5,3420717,VOLVE,369304,MÆRSK INSPIRER,24.0,,,injection,WI,,,,,0.0,,36405.42028,,,,,,
2011-12-20,NO 15/9-F-5 AH,5769,15/9-F-5,3420717,VOLVE,369304,MÆRSK INSPIRER,24.0,,,injection,WI,,,,,0.0,,36115.460039,,,,,,
2011-12-21,NO 15/9-F-5 AH,5769,15/9-F-5,3420717,VOLVE,369304,MÆRSK INSPIRER,24.0,,,injection,WI,,,,,0.0,,36083.55861669216,,,,,,
2011-12-22,NO 15/9-F-5 AH,5769,15/9-F-5,3420717,VOLVE,369304,MÆRSK INSPIRER,24.0,,,injection,WI,,,,,0.0,,38198.01613,,,,,,
2011-12-23,NO 15/9-F-5 AH,5769,15/9-F-5,3420717,VOLVE,369304,MÆRSK INSPIRER,24.0,,,injection,WI,,,,,0.0,,40077.073930659535,,,,,,
2011-12-24,NO 15/9-F-5 AH,5769,15/9-F-5,3420717,VOLVE,369304,MÆRSK INSPIRER,18.475,,,injection,WI,,,,,0.0,,30062.026606314885,,,,,,
2011-12-25,NO 15/9-F-5 AH,5769,15/9-F-5,3420717,VOLVE,369304,MÆRSK INSPIRER,0.0,,,injection,WI,,,,,0.0,,344.68014789558543,,,,,,
2011-12-26,NO 15/9-F-5 AH,5769,15/9-F-5,3420717,VOLVE,369304,MÆRSK INSPIRER,0.0,,,injection,WI,,,,,0.0,,357.6033828366396,,,,,,
2011-12-27,NO 15/9-F-5 AH,5769,15/9-F-5,3420717,VOLVE,369304,MÆRSK INSPIRER,19.44168,,,injection,WI,,,,,0.0,,25093.814521993914,,,,,,
2011-12-28,NO 15/9-F-5 AH,5769,15/9-F-5,3420717,VOLVE,369304,MÆRSK INSPIRER,10.475,,,injection,WI,,,,,0.0,,16398.792632,,,,,,
2011-12-29,NO 15/9-F-5 AH,5769,15/9-F-5,3420717,VOLVE,369304,MÆRSK INSPIRER,2.525,,,injection,WI,,,,,0.0,,2736.0673500000003,,,,,,
2011-12-30,NO 15/9-F-5 AH,5769,15/9-F-5,3420717,VOLVE,369304,MÆRSK INSPIRER,24.0,,,injection,WI,,,,,0.0,,36685.323351988256,,,,,,
2011-12-31,NO 15/9-F-5 AH,5769,15/9-F-5,3420717,VOLVE,369304,MÆRSK INSPIRER,24.0,,,injection,WI,,,,,0.0,,35935.571473,,,,,,
2012-01-01,NO 15/9-F-5 AH,5769,15/9-F-5,3420717,VOLVE,369304,MÆRSK INSPIRER,24.0,,,injection,WI,,,,,0.0,,36040.611300000004,,,,,,
2012-01-02,NO 15/9-F-5 AH,5769,15/9-F-5,3420717,VOLVE,369304,MÆRSK INSPIRER,24.0,,,injection,WI,,,,,0.0,,35511.129073017306,,,,,,
2012-01-03,NO 15/9-F-5 AH,5769,15/9-F-5,3420717,VOLVE,369304,MÆRSK INSPIRER,11.225,,,injection,WI,,,,,0.0,,0.0,,,,,,
2012-01-04,NO 15/9-F-5 AH,5769,15/9-F-5,3420717,VOLVE,369304,MÆRSK INSPIRER,0.0,,,injection,WI,,,,,0.0,,0.0,,,,,,
2012-01-05,NO 15/9-F-5 AH,5769,15/9-F-5,3420717,VOLVE,369304,MÆRSK INSPIRER,0.0,,,injection,WI,,,,,0.0,,0.0,,,,,,
2012-01-06,NO 15/9-F-5 AH,5769,15/9-F-5,3420717,VOLVE,369304,MÆRSK INSPIRER,0.0,,,injection,WI,,,,,0.0,,0.0,,,,,,
2012-01-07,NO 15/9-F-5 AH,5769,15/9-F-5,3420717,VOLVE,369304,MÆRSK INSPIRER,0.0,,,injection,WI,,,,,0.0,,0.0,,,,,,
2012-01-08,NO 15/9-F-5 AH,5769,15/9-F-5,3420717,VOLVE,369304,MÆRSK INSPIRER,0.0,,,injection,WI,,,,,0.0,,0.0,,,,,,
2012-01-09,NO 15/9-F-5 AH,5769,15/9-F-5,3420717,VOLVE,369304,MÆRSK INSPIRER,0.0,,,injection,WI,,,,,0.0,,0.0,,,,,,
2012-01-10,NO 15/9-F-5 AH,5769,15/9-F-5,3420717,VOLVE,369304,MÆRSK INSPIRER,0.0,,,injection,WI,,,,,0.0,,0.0,,,,,,
2012-01-11,NO 15/9-F-5 AH,5769,15/9-F-5,3420717,VOLVE,369304,MÆRSK INSPIRER,0.0,,,injection,WI,,,,,0.0,,0.0,,,,,,
2012-01-12,NO 15/9-F-5 AH,5769,15/9-F-5,3420717,VOLVE,369304,MÆRSK INSPIRER,0.0,,,injection,WI,,,,,0.0,,0.0,,,,,,
2012-01-13,NO 15/9-F-5 AH,5769,15/9-F-5,3420717,VOLVE,369304,MÆRSK INSPIRER,0.0,,,injection,WI,,,,,0.0,,0.0,,,,,,
2012-01-14,NO 15/9-F-5 AH,5769,15/9-F-5,3420717,VOLVE,369304,MÆRSK INSPIRER,4.025,,,injection,WI,,,,,0.0,,3576.815579678656,,,,,,
2012-01-15,NO 15/9-F-5 AH,5769,15/9-F-5,3420717,VOLVE,369304,MÆRSK INSPIRER,24.0,,,injection,WI,,,,,0.0,,33862.26916275309,,,,,,
2012-01-16,NO 15/9-F-5 AH,5769,15/9-F-5,3420717,VOLVE,369304,MÆRSK INSPIRER,24.0,,,injection,WI,,,,,0.0,,37547.29442270104,,,,,,
2012-01-17,NO 15/9-F-5 AH,5769,15/9-F-5,3420717,VOLVE,369304,MÆRSK INSPIRER,24.0,,,injection,WI,,,,,0.0,,44360.17396562463,,,,,,
2012-01-18,NO 15/9-F-5 AH,5769,15/9-F-5,3420717,VOLVE,369304,MÆRSK INSPIRER,24.0,,,injection,WI,,,,,0.0,,50208.98446242336,,,,,,
2012-01-19,NO 15/9-F-5 AH,5769,15/9-F-5,3420717,VOLVE,369304,MÆRSK INSPIRER,24.0,,,injection,WI,,,,,0.0,,43907.620191525035,,,,,,
2012-01-20,NO 15/9-F-5 AH,5769,15/9-F-5,3420717,VOLVE,369304,MÆRSK INSPIRER,24.0,,,injection,WI,,,,,0.0,,35111.492531853146,,,,,,
2012-01-21,NO 15/9-F-5 AH,5769,15/9-F-5,3420717,VOLVE,369304,MÆRSK INSPIRER,13.175,,,injection,WI,,,,,0.0,,15584.627115429985,,,,,,
2012-01-22,NO 15/9-F-5 AH,5769,15/9-F-5,3420717,VOLVE,369304,MÆRSK INSPIRER,17.49166,,,injection,WI,,,,,0.0,,29297.713366406915,,,,,,
2012-01-23,NO 15/9-F-5 AH,5769,15/9-F-5,3420717,VOLVE,369304,MÆRSK INSPIRER,13.33333,,,injection,WI,,,,,0.0,,27346.469940163643,,,,,,
2012-01-24,NO 15/9-F-5 AH,5769,15/9-F-5,3420717,VOLVE,369304,MÆRSK INSPIRER,24.0,,,injection,WI,,,,,0.0,,45066.446613103166,,,,,,
2012-01-25,NO 15/9-F-5 AH,5769,15/9-F-5,3420717,VOLVE,369304,MÆRSK INSPIRER,16.175,,,injection,WI,,,,,0.0,,25993.687550100753,,,,,,
2012-01-26,NO 15/9-F-5 AH,5769,15/9-F-5,3420717,VOLVE,369304,MÆRSK INSPIRER,15.15833,,,injection,WI,,,,,0.0,,8439.552444558029,,,,,,
2012-01-27,NO 15/9-F-5 AH,5769,15/9-F-5,3420717,VOLVE,369304,MÆRSK INSPIRER,21.41667,,,injection,WI,,,,,0.0,,25518.36739855813,,,,,,
2012-01-28,NO 15/9-F-5 AH,5769,15/9-F-5,3420717,VOLVE,369304,MÆRSK INSPIRER,24.0,,,injection,WI,,,,,0.0,,37765.99694626868,,,,,,
2012-01-29,NO 15/9-F-5 AH,5769,15/9-F-5,3420717,VOLVE,369304,MÆRSK INSPIRER,24.0,,,injection,WI,,,,,0.0,,30100.942247833817,,,,,,
2012-01-30,NO 15/9-F-5 AH,5769,15/9-F-5,3420717,VOLVE,369304,MÆRSK INSPIRER,24.0,,,injection,WI,,,,,0.0,,19670.257484383987,,,,,,
2012-01-31,NO 15/9-F-5 AH,5769,15/9-F-5,3420717,VOLVE,369304,MÆRSK INSPIRER,24.0,,,injection,WI,,,,,0.0,,19824.90143276512,,,,,,
2012-02-01,NO 15/9-F-5 AH,5769,15/9-F-5,3420717,VOLVE,369304,MÆRSK INSPIRER,24.0,,,injection,WI,,,,,0.0,,28794.75018,,,,,,
2012-02-02,NO 15/9-F-5 AH,5769,15/9-F-5,3420717,VOLVE,369304,MÆRSK INSPIRER,24.0,,,injection,WI,,,,,0.0,,30887.83259562927,,,,,,
2012-02-03,NO 15/9-F-5 AH,5769,15/9-F-5,3420717,VOLVE,369304,MÆRSK INSPIRER,24.0,,,injection,WI,,,,,0.0,,37826.91734,,,,,,
2012-02-04,NO 15/9-F-5 AH,5769,15/9-F-5,3420717,VOLVE,369304,MÆRSK INSPIRER,24.0,,,injection,WI,,,,,0.0,,39330.18193,,,,,,
2012-02-05,NO 15/9-F-5 AH,5769,15/9-F-5,3420717,VOLVE,369304,MÆRSK INSPIRER,24.0,,,injection,WI,,,,,0.0,,32761.08319292709,,,,,,
2012-02-06,NO 15/9-F-5 AH,5769,15/9-F-5,3420717,VOLVE,369304,MÆRSK INSPIRER,24.0,,,injection,WI,,,,,0.0,,29048.450575751696,,,,,,
2012-02-07,NO 15/9-F-5 AH,5769,15/9-F-5,3420717,VOLVE,369304,MÆRSK INSPIRER,24.0,,,injection,WI,,,,,0.0,,30961.833026644195,,,,,,
2012-02-08,NO 15/9-F-5 AH,5769,15/9-F-5,3420717,VOLVE,369304,MÆRSK INSPIRER,24.0,,,injection,WI,,,,,0.0,,31159.089759,,,,,,
2012-02-09,NO 15/9-F-5 AH,5769,15/9-F-5,3420717,VOLVE,369304,MÆRSK INSPIRER,19.33333,,,injection,WI,,,,,0.0,,25693.87385,,,,,,
2012-02-10,NO 15/9-F-5 AH,5769,15/9-F-5,3420717,VOLVE,369304,MÆRSK INSPIRER,23.58333,,,injection,WI,,,,,0.0,,42132.8107422449,,,,,,
2012-02-11,NO 15/9-F-5 AH,5769,15/9-F-5,3420717,VOLVE,369304,MÆRSK INSPIRER,24.0,,,injection,WI,,,,,0.0,,40376.128935532804,,,,,,
2012-02-12,NO 15/9-F-5 AH,5769,15/9-F-5,3420717,VOLVE,369304,MÆRSK INSPIRER,24.0,,,injection,WI,,,,,0.0,,30226.03250052545,,,,,,
2012-02-13,NO 15/9-F-5 AH,5769,15/9-F-5,3420717,VOLVE,369304,MÆRSK INSPIRER,24.0,,,injection,WI,,,,,0.0,,30248.12621685878,,,,,,
2012-02-14,NO 15/9-F-5 AH,5769,15/9-F-5,3420717,VOLVE,369304,MÆRSK INSPIRER,24.0,,,injection,WI,,,,,0.0,,30121.643886383044,,,,,,
2012-02-15,NO 15/9-F-5 AH,5769,15/9-F-5,3420717,VOLVE,369304,MÆRSK INSPIRER,24.0,,,injection,WI,,,,,0.0,,30137.400944114896,,,,,,
2012-02-16,NO 15/9-F-5 AH,5769,15/9-F-5,3420717,VOLVE,369304,MÆRSK INSPIRER,24.0,,,injection,WI,,,,,0.0,,29925.159112891553,,,,,,
2012-02-17,NO 15/9-F-5 AH,5769,15/9-F-5,3420717,VOLVE,369304,MÆRSK INSPIRER,24.0,,,injection,WI,,,,,0.0,,30184.784419247233,,,,,,
2012-02-18,NO 15/9-F-5 AH,5769,15/9-F-5,3420717,VOLVE,369304,MÆRSK INSPIRER,24.0,,,injection,WI,,,,,0.0,,30121.489845005013,,,,,,
2012-02-19,NO 15/9-F-5 AH,5769,15/9-F-5,3420717,VOLVE,369304,MÆRSK INSPIRER,24.0,,,injection,WI,,,,,0.0,,29529.664946246252,,,,,,
2012-02-20,NO 15/9-F-5 AH,5769,15/9-F-5,3420717,VOLVE,369304,MÆRSK INSPIRER,24.0,,,injection,WI,,,,,0.0,,29014.103708075287,,,,,,
2012-02-21,NO 15/9-F-5 AH,5769,15/9-F-5,3420717,VOLVE,369304,MÆRSK INSPIRER,24.0,,,injection,WI,,,,,0.0,,29350.0410869001,,,,,,
2012-02-22,NO 15/9-F-5 AH,5769,15/9-F-5,3420717,VOLVE,369304,MÆRSK INSPIRER,24.0,,,injection,WI,,,,,0.0,,29750.637903839975,,,,,,
2012-02-23,NO 15/9-F-5 AH,5769,15/9-F-5,3420717,VOLVE,369304,MÆRSK INSPIRER,24.0,,,injection,WI,,,,,0.0,,30008.47265198201,,,,,,
2012-02-24,NO 15/9-F-5 AH,5769,15/9-F-5,3420717,VOLVE,369304,MÆRSK INSPIRER,24.0,,,injection,WI,,,,,0.0,,30054.599123,,,,,,
2012-02-25,NO 15/9-F-5 AH,5769,15/9-F-5,3420717,VOLVE,369304,MÆRSK INSPIRER,24.0,,,injection,WI,,,,,0.0,,29741.995566,,,,,,
2012-02-26,NO 15/9-F-5 AH,5769,15/9-F-5,3420717,VOLVE,369304,MÆRSK INSPIRER,24.0,,,injection,WI,,,,,0.0,,29955.849106,,,,,,
2012-02-27,NO 15/9-F-5 AH,5769,15/9-F-5,3420717,VOLVE,369304,MÆRSK INSPIRER,24.0,,,injection,WI,,,,,0.0,,29848.021844868337,,,,,,
2012-02-28,NO 15/9-F-5 AH,5769,15/9-F-5,3420717,VOLVE,369304,MÆRSK INSPIRER,24.0,,,injection,WI,,,,,0.0,,29882.172107498296,,,,,,
2012-02-29,NO 15/9-F-5 AH,5769,15/9-F-5,3420717,VOLVE,369304,MÆRSK INSPIRER,24.0,,,injection,WI,,,,,0.0,,29773.62801113507,,,,,,
2012-03-01,NO 15/9-F-5 AH,5769,15/9-F-5,3420717,VOLVE,369304,MÆRSK INSPIRER,24.0,,,injection,WI,,,,,0.0,,28659.356828035998,,,,,,
2012-03-02,NO 15/9-F-5 AH,5769,15/9-F-5,3420717,VOLVE,369304,MÆRSK INSPIRER,24.0,,,injection,WI,,,,,0.0,,29216.29044199304,,,,,,
2012-03-03,NO 15/9-F-5 AH,5769,15/9-F-5,3420717,VOLVE,369304,MÆRSK INSPIRER,24.0,,,injection,WI,,,,,0.0,,29486.97714318356,,,,,,
2012-03-04,NO 15/9-F-5 AH,5769,15/9-F-5,3420717,VOLVE,369304,MÆRSK INSPIRER,24.0,,,injection,WI,,,,,0.0,,29415.072615760604,,,,,,
2012-03-05,NO 15/9-F-5 AH,5769,15/9-F-5,3420717,VOLVE,369304,MÆRSK INSPIRER,24.0,,,injection,WI,,,,,0.0,,29386.521234054027,,,,,,
2012-03-06,NO 15/9-F-5 AH,5769,15/9-F-5,3420717,VOLVE,369304,MÆRSK INSPIRER,24.0,,,injection,WI,,,,,0.0,,28385.91253,,,,,,
2012-03-07,NO 15/9-F-5 AH,5769,15/9-F-5,3420717,VOLVE,369304,MÆRSK INSPIRER,24.0,,,injection,WI,,,,,0.0,,27983.364690000002,,,,,,
2012-03-08,NO 15/9-F-5 AH,5769,15/9-F-5,3420717,VOLVE,369304,MÆRSK INSPIRER,24.0,,,injection,WI,,,,,0.0,,28429.9412,,,,,,
2012-03-09,NO 15/9-F-5 AH,5769,15/9-F-5,3420717,VOLVE,369304,MÆRSK INSPIRER,24.0,,,injection,WI,,,,,0.0,,29568.396810000002,,,,,,
2012-03-10,NO 15/9-F-5 AH,5769,15/9-F-5,3420717,VOLVE,369304,MÆRSK INSPIRER,24.0,,,injection,WI,,,,,0.0,,29914.33636,,,,,,
2012-03-11,NO 15/9-F-5 AH,5769,15/9-F-5,3420717,VOLVE,369304,MÆRSK INSPIRER,24.0,,,injection,WI,,,,,0.0,,30021.26313,,,,,,
2012-03-12,NO 15/9-F-5 AH,5769,15/9-F-5,3420717,VOLVE,369304,MÆRSK INSPIRER,24.0,,,injection,WI,,,,,0.0,,30046.42237,,,,,,
2012-03-13,NO 15/9-F-5 AH,5769,15/9-F-5,3420717,VOLVE,369304,MÆRSK INSPIRER,21.58334,,,injection,WI,,,,,0.0,,26499.254829229714,,,,,,
2012-03-14,NO 15/9-F-5 AH,5769,15/9-F-5,3420717,VOLVE,369304,MÆRSK INSPIRER,24.0,,,injection,WI,,,,,0.0,,29427.81389960213,,,,,,
2012-03-15,NO 15/9-F-5 AH,5769,15/9-F-5,3420717,VOLVE,369304,MÆRSK INSPIRER,22.58333,,,injection,WI,,,,,0.0,,29386.985537345212,,,,,,
2012-03-16,NO 15/9-F-5 AH,5769,15/9-F-5,3420717,VOLVE,369304,MÆRSK INSPIRER,24.0,,,injection,WI,,,,,0.0,,34484.93708045609,,,,,,
2012-03-17,NO 15/9-F-5 AH,5769,15/9-F-5,3420717,VOLVE,369304,MÆRSK INSPIRER,24.0,,,injection,WI,,,,,0.0,,30674.35528061442,,,,,,
2012-03-18,NO 15/9-F-5 AH,5769,15/9-F-5,3420717,VOLVE,369304,MÆRSK INSPIRER,24.0,,,injection,WI,,,,,0.0,,30700.56261,,,,,,
2012-03-19,NO 15/9-F-5 AH,5769,15/9-F-5,3420717,VOLVE,369304,MÆRSK INSPIRER,24.0,,,injection,WI,,,,,0.0,,25660.396607523056,,,,,,
2012-03-20,NO 15/9-F-5 AH,5769,15/9-F-5,3420717,VOLVE,369304,MÆRSK INSPIRER,24.0,,,injection,WI,,,,,0.0,,32427.819097355077,,,,,,
2012-03-21,NO 15/9-F-5 AH,5769,15/9-F-5,3420717,VOLVE,369304,MÆRSK INSPIRER,24.0,,,injection,WI,,,,,0.0,,33467.06685508518,,,,,,
2012-03-22,NO 15/9-F-5 AH,5769,15/9-F-5,3420717,VOLVE,369304,MÆRSK INSPIRER,24.0,,,injection,WI,,,,,0.0,,33327.5928958469,,,,,,
2012-03-23,NO 15/9-F-5 AH,5769,15/9-F-5,3420717,VOLVE,369304,MÆRSK INSPIRER,24.0,,,injection,WI,,,,,0.0,,30964.501410397086,,,,,,
2012-03-24,NO 15/9-F-5 AH,5769,15/9-F-5,3420717,VOLVE,369304,MÆRSK INSPIRER,24.0,,,injection,WI,,,,,0.0,,28055.204821561943,,,,,,
2012-03-25,NO 15/9-F-5 AH,5769,15/9-F-5,3420717,VOLVE,369304,MÆRSK INSPIRER,21.04167,,,injection,WI,,,,,0.0,,27038.617343062004,,,,,,
2012-03-26,NO 15/9-F-5 AH,5769,15/9-F-5,3420717,VOLVE,369304,MÆRSK INSPIRER,24.0,,,injection,WI,,,,,0.0,,24038.207522743323,,,,,,
2012-03-27,NO 15/9-F-5 AH,5769,15/9-F-5,3420717,VOLVE,369304,MÆRSK INSPIRER,24.0,,,injection,WI,,,,,0.0,,25186.99243300547,,,,,,
2012-03-28,NO 15/9-F-5 AH,5769,15/9-F-5,3420717,VOLVE,369304,MÆRSK INSPIRER,24.0,,,injection,WI,,,,,0.0,,33018.46153017912,,,,,,
2012-03-29,NO 15/9-F-5 AH,5769,15/9-F-5,3420717,VOLVE,369304,MÆRSK INSPIRER,24.0,,,injection,WI,,,,,0.0,,25751.547024488656,,,,,,
2012-03-30,NO 15/9-F-5 AH,5769,15/9-F-5,3420717,VOLVE,369304,MÆRSK INSPIRER,24.0,,,injection,WI,,,,,0.0,,30789.309672219322,,,,,,
2012-03-31,NO 15/9-F-5 AH,5769,15/9-F-5,3420717,VOLVE,369304,MÆRSK INSPIRER,24.0,,,injection,WI,,,,,0.0,,29988.238130103564,,,,,,
2012-04-01,NO 15/9-F-5 AH,5769,15/9-F-5,3420717,VOLVE,369304,MÆRSK INSPIRER,24.0,,,injection,WI,,,,,0.0,,30574.87304062478,,,,,,
2012-04-02,NO 15/9-F-5 AH,5769,15/9-F-5,3420717,VOLVE,369304,MÆRSK INSPIRER,24.0,,,injection,WI,,,,,0.0,,30854.055869090687,,,,,,
2012-04-03,NO 15/9-F-5 AH,5769,15/9-F-5,3420717,VOLVE,369304,MÆRSK INSPIRER,24.0,,,injection,WI,,,,,0.0,,30624.935748121883,,,,,,
2012-04-04,NO 15/9-F-5 AH,5769,15/9-F-5,3420717,VOLVE,369304,MÆRSK INSPIRER,24.0,,,injection,WI,,,,,0.0,,32043.109100858484,,,,,,
2012-04-05,NO 15/9-F-5 AH,5769,15/9-F-5,3420717,VOLVE,369304,MÆRSK INSPIRER,24.0,,,injection,WI,,,,,0.0,,32713.913940861086,,,,,,
2012-04-06,NO 15/9-F-5 AH,5769,15/9-F-5,3420717,VOLVE,369304,MÆRSK INSPIRER,24.0,,,injection,WI,,,,,0.0,,31433.215964166393,,,,,,
2012-04-07,NO 15/9-F-5 AH,5769,15/9-F-5,3420717,VOLVE,369304,MÆRSK INSPIRER,24.0,,,injection,WI,,,,,0.0,,32638.249684752143,,,,,,
2012-04-08,NO 15/9-F-5 AH,5769,15/9-F-5,3420717,VOLVE,369304,MÆRSK INSPIRER,24.0,,,injection,WI,,,,,0.0,,32149.40340032431,,,,,,
2012-04-09,NO 15/9-F-5 AH,5769,15/9-F-5,3420717,VOLVE,369304,MÆRSK INSPIRER,24.0,,,injection,WI,,,,,0.0,,32244.715568354695,,,,,,
2012-04-10,NO 15/9-F-5 AH,5769,15/9-F-5,3420717,VOLVE,369304,MÆRSK INSPIRER,24.0,,,injection,WI,,,,,0.0,,32096.968614161156,,,,,,
2012-04-11,NO 15/9-F-5 AH,5769,15/9-F-5,3420717,VOLVE,369304,MÆRSK INSPIRER,24.0,,,injection,WI,,,,,0.0,,32755.66834136129,,,,,,
2012-04-12,NO 15/9-F-5 AH,5769,15/9-F-5,3420717,VOLVE,369304,MÆRSK INSPIRER,24.0,,,injection,WI,,,,,0.0,,32989.41411308991,,,,,,
2012-04-13,NO 15/9-F-5 AH,5769,15/9-F-5,3420717,VOLVE,369304,MÆRSK INSPIRER,24.0,,,injection,WI,,,,,0.0,,32883.48682403758,,,,,,
2012-04-14,NO 15/9-F-5 AH,5769,15/9-F-5,3420717,VOLVE,369304,MÆRSK INSPIRER,24.0,,,injection,WI,,,,,0.0,,33004.71879851392,,,,,,
2012-04-15,NO 15/9-F-5 AH,5769,15/9-F-5,3420717,VOLVE,369304,MÆRSK INSPIRER,24.0,,,injection,WI,,,,,0.0,,33162.842647175654,,,,,,
2012-04-16,NO 15/9-F-5 AH,5769,15/9-F-5,3420717,VOLVE,369304,MÆRSK INSPIRER,24.0,,,injection,WI,,,,,0.0,,33104.2248349514,,,,,,
2012-04-17,NO 15/9-F-5 AH,5769,15/9-F-5,3420717,VOLVE,369304,MÆRSK INSPIRER,24.0,,,injection,WI,,,,,0.0,,32975.99725254968,,,,,,
2012-04-18,NO 15/9-F-5 AH,5769,15/9-F-5,3420717,VOLVE,369304,MÆRSK INSPIRER,24.0,,,injection,WI,,,,,0.0,,34187.06261788398,,,,,,
2012-04-19,NO 15/9-F-5 AH,5769,15/9-F-5,3420717,VOLVE,369304,MÆRSK INSPIRER,24.0,,,injection,WI,,,,,0.0,,28687.82341,,,,,,
2012-04-20,NO 15/9-F-5 AH,5769,15/9-F-5,3420717,VOLVE,369304,MÆRSK INSPIRER,24.0,,,injection,WI,,,,,0.0,,34265.19913229738,,,,,,
2012-04-21,NO 15/9-F-5 AH,5769,15/9-F-5,3420717,VOLVE,369304,MÆRSK INSPIRER,24.0,,,injection,WI,,,,,0.0,,24613.731426242943,,,,,,
2012-04-22,NO 15/9-F-5 AH,5769,15/9-F-5,3420717,VOLVE,369304,MÆRSK INSPIRER,24.0,,,injection,WI,,,,,0.0,,34400.76840369519,,,,,,
2012-04-23,NO 15/9-F-5 AH,5769,15/9-F-5,3420717,VOLVE,369304,MÆRSK INSPIRER,24.0,,,injection,WI,,,,,0.0,,33958.68419,,,,,,
2012-04-24,NO 15/9-F-5 AH,5769,15/9-F-5,3420717,VOLVE,369304,MÆRSK INSPIRER,24.0,,,injection,WI,,,,,0.0,,34299.30706712679,,,,,,
2012-04-25,NO 15/9-F-5 AH,5769,15/9-F-5,3420717,VOLVE,369304,MÆRSK INSPIRER,24.0,,,injection,WI,,,,,0.0,,24929.9500541612,,,,,,
2012-04-26,NO 15/9-F-5 AH,5769,15/9-F-5,3420717,VOLVE,369304,MÆRSK INSPIRER,24.0,,,injection,WI,,,,,0.0,,35051.91523532093,,,,,,
2012-04-27,NO 15/9-F-5 AH,5769,15/9-F-5,3420717,VOLVE,369304,MÆRSK INSPIRER,24.0,,,injection,WI,,,,,0.0,,36275.30928606453,,,,,,
2012-04-28,NO 15/9-F-5 AH,5769,15/9-F-5,3420717,VOLVE,369304,MÆRSK INSPIRER,24.0,,,injection,WI,,,,,0.0,,32206.10966983959,,,,,,
2012-04-29,NO 15/9-F-5 AH,5769,15/9-F-5,3420717,VOLVE,369304,MÆRSK INSPIRER,24.0,,,injection,WI,,,,,0.0,,25505.727134306715,,,,,,
2012-04-30,NO 15/9-F-5 AH,5769,15/9-F-5,3420717,VOLVE,369304,MÆRSK INSPIRER,24.0,,,injection,WI,,,,,0.0,,35166.80633833346,,,,,,
2012-05-01,NO 15/9-F-5 AH,5769,15/9-F-5,3420717,VOLVE,369304,MÆRSK INSPIRER,24.0,,,injection,WI,,,,,0.0,,36112.18102214703,,,,,,
2012-05-02,NO 15/9-F-5 AH,5769,15/9-F-5,3420717,VOLVE,369304,MÆRSK INSPIRER,24.0,,,injection,WI,,,,,0.0,,35757.14924123266,,,,,,
2012-05-03,NO 15/9-F-5 AH,5769,15/9-F-5,3420717,VOLVE,369304,MÆRSK INSPIRER,24.0,,,injection,WI,,,,,0.0,,28688.734405114366,,,,,,
2012-05-04,NO 15/9-F-5 AH,5769,15/9-F-5,3420717,VOLVE,369304,MÆRSK INSPIRER,24.0,,,injection,WI,,,,,0.0,,23848.87129783849,,,,,,
2012-05-05,NO 15/9-F-5 AH,5769,15/9-F-5,3420717,VOLVE,369304,MÆRSK INSPIRER,24.0,,,injection,WI,,,,,0.0,,28467.290787590235,,,,,,
2012-05-06,NO 15/9-F-5 AH,5769,15/9-F-5,3420717,VOLVE,369304,MÆRSK INSPIRER,24.0,,,injection,WI,,,,,0.0,,34423.046669605814,,,,,,
2012-05-07,NO 15/9-F-5 AH,5769,15/9-F-5,3420717,VOLVE,369304,MÆRSK INSPIRER,24.0,,,injection,WI,,,,,0.0,,34045.10145942175,,,,,,
2012-05-08,NO 15/9-F-5 AH,5769,15/9-F-5,3420717,VOLVE,369304,MÆRSK INSPIRER,24.0,,,injection,WI,,,,,0.0,,25742.995140668372,,,,,,
2012-05-09,NO 15/9-F-5 AH,5769,15/9-F-5,3420717,VOLVE,369304,MÆRSK INSPIRER,24.0,,,injection,WI,,,,,0.0,,21387.240943,,,,,,
2012-05-10,NO 15/9-F-5 AH,5769,15/9-F-5,3420717,VOLVE,369304,MÆRSK INSPIRER,24.0,,,injection,WI,,,,,0.0,,40076.782377,,,,,,
2012-05-11,NO 15/9-F-5 AH,5769,15/9-F-5,3420717,VOLVE,369304,MÆRSK INSPIRER,17.5,,,injection,WI,,,,,0.0,,34443.628541000005,,,,,,
2012-05-12,NO 15/9-F-5 AH,5769,15/9-F-5,3420717,VOLVE,369304,MÆRSK INSPIRER,24.0,,,injection,WI,,,,,0.0,,37115.539829,,,,,,
2012-05-13,NO 15/9-F-5 AH,5769,15/9-F-5,3420717,VOLVE,369304,MÆRSK INSPIRER,24.0,,,injection,WI,,,,,0.0,,36650.093888999996,,,,,,
2012-05-14,NO 15/9-F-5 AH,5769,15/9-F-5,3420717,VOLVE,369304,MÆRSK INSPIRER,24.0,,,injection,WI,,,,,0.0,,35634.918555000004,,,,,,
2012-05-15,NO 15/9-F-5 AH,5769,15/9-F-5,3420717,VOLVE,369304,MÆRSK INSPIRER,24.0,,,injection,WI,,,,,0.0,,33152.644067510584,,,,,,
2012-05-16,NO 15/9-F-5 AH,5769,15/9-F-5,3420717,VOLVE,369304,MÆRSK INSPIRER,24.0,,,injection,WI,,,,,0.0,,33041.87101055597,,,,,,
2012-05-17,NO 15/9-F-5 AH,5769,15/9-F-5,3420717,VOLVE,369304,MÆRSK INSPIRER,24.0,,,injection,WI,,,,,0.0,,32936.06920845465,,,,,,
2012-05-18,NO 15/9-F-5 AH,5769,15/9-F-5,3420717,VOLVE,369304,MÆRSK INSPIRER,24.0,,,injection,WI,,,,,0.0,,32239.176863878107,,,,,,
2012-05-19,NO 15/9-F-5 AH,5769,15/9-F-5,3420717,VOLVE,369304,MÆRSK INSPIRER,24.0,,,injection,WI,,,,,0.0,,27848.764760876937,,,,,,
2012-05-20,NO 15/9-F-5 AH,5769,15/9-F-5,3420717,VOLVE,369304,MÆRSK INSPIRER,24.0,,,injection,WI,,,,,0.0,,28060.41020541985,,,,,,
2012-05-21,NO 15/9-F-5 AH,5769,15/9-F-5,3420717,VOLVE,369304,MÆRSK INSPIRER,24.0,,,injection,WI,,,,,0.0,,35621.02206106709,,,,,,
2012-05-22,NO 15/9-F-5 AH,5769,15/9-F-5,3420717,VOLVE,369304,MÆRSK INSPIRER,18.83334,,,injection,WI,,,,,0.0,,27071.79423229849,,,,,,
2012-05-23,NO 15/9-F-5 AH,5769,15/9-F-5,3420717,VOLVE,369304,MÆRSK INSPIRER,24.0,,,injection,WI,,,,,0.0,,34875.661681557634,,,,,,
2012-05-24,NO 15/9-F-5 AH,5769,15/9-F-5,3420717,VOLVE,369304,MÆRSK INSPIRER,24.0,,,injection,WI,,,,,0.0,,26290.501042280554,,,,,,
2012-05-25,NO 15/9-F-5 AH,5769,15/9-F-5,3420717,VOLVE,369304,MÆRSK INSPIRER,24.0,,,injection,WI,,,,,0.0,,25124.87552478672,,,,,,
2012-05-26,NO 15/9-F-5 AH,5769,15/9-F-5,3420717,VOLVE,369304,MÆRSK INSPIRER,24.0,,,injection,WI,,,,,0.0,,34721.1797875104,,,,,,
2012-05-27,NO 15/9-F-5 AH,5769,15/9-F-5,3420717,VOLVE,369304,MÆRSK INSPIRER,24.0,,,injection,WI,,,,,0.0,,35879.13039235734,,,,,,
2012-05-28,NO 15/9-F-5 AH,5769,15/9-F-5,3420717,VOLVE,369304,MÆRSK INSPIRER,24.0,,,injection,WI,,,,,0.0,,36266.02160978742,,,,,,
2012-05-29,NO 15/9-F-5 AH,5769,15/9-F-5,3420717,VOLVE,369304,MÆRSK INSPIRER,24.0,,,injection,WI,,,,,0.0,,27479.48973142511,,,,,,
2012-05-30,NO 15/9-F-5 AH,5769,15/9-F-5,3420717,VOLVE,369304,MÆRSK INSPIRER,24.0,,,injection,WI,,,,,0.0,,34469.22177002774,,,,,,
2012-05-31,NO 15/9-F-5 AH,5769,15/9-F-5,3420717,VOLVE,369304,MÆRSK INSPIRER,24.0,,,injection,WI,,,,,0.0,,34805.542956989884,,,,,,
2012-06-01,NO 15/9-F-5 AH,5769,15/9-F-5,3420717,VOLVE,369304,MÆRSK INSPIRER,24.0,,,injection,WI,,,,,0.0,,26014.654160000002,,,,,,
2012-06-02,NO 15/9-F-5 AH,5769,15/9-F-5,3420717,VOLVE,369304,MÆRSK INSPIRER,24.0,,,injection,WI,,,,,0.0,,29329.38403,,,,,,
2012-06-03,NO 15/9-F-5 AH,5769,15/9-F-5,3420717,VOLVE,369304,MÆRSK INSPIRER,24.0,,,injection,WI,,,,,0.0,,34826.677970000004,,,,,,
2012-06-04,NO 15/9-F-5 AH,5769,15/9-F-5,3420717,VOLVE,369304,MÆRSK INSPIRER,24.0,,,injection,WI,,,,,0.0,,35147.45828,,,,,,
2012-06-05,NO 15/9-F-5 AH,5769,15/9-F-5,3420717,VOLVE,369304,MÆRSK INSPIRER,24.0,,,injection,WI,,,,,0.0,,33738.76652624506,,,,,,
2012-06-06,NO 15/9-F-5 AH,5769,15/9-F-5,3420717,VOLVE,369304,MÆRSK INSPIRER,24.0,,,injection,WI,,,,,0.0,,24793.800990698335,,,,,,
2012-06-07,NO 15/9-F-5 AH,5769,15/9-F-5,3420717,VOLVE,369304,MÆRSK INSPIRER,24.0,,,injection,WI,,,,,0.0,,32884.20558028194,,,,,,
2012-06-08,NO 15/9-F-5 AH,5769,15/9-F-5,3420717,VOLVE,369304,MÆRSK INSPIRER,24.0,,,injection,WI,,,,,0.0,,34526.01255755451,,,,,,
2012-06-09,NO 15/9-F-5 AH,5769,15/9-F-5,3420717,VOLVE,369304,MÆRSK INSPIRER,24.0,,,injection,WI,,,,,0.0,,34474.58393919328,,,,,,
2012-06-10,NO 15/9-F-5 AH,5769,15/9-F-5,3420717,VOLVE,369304,MÆRSK INSPIRER,24.0,,,injection,WI,,,,,0.0,,28999.01146360478,,,,,,
2012-06-11,NO 15/9-F-5 AH,5769,15/9-F-5,3420717,VOLVE,369304,MÆRSK INSPIRER,24.0,,,injection,WI,,,,,0.0,,29254.156804304006,,,,,,
2012-06-12,NO 15/9-F-5 AH,5769,15/9-F-5,3420717,VOLVE,369304,MÆRSK INSPIRER,24.0,,,injection,WI,,,,,0.0,,35150.30820732514,,,,,,
2012-06-13,NO 15/9-F-5 AH,5769,15/9-F-5,3420717,VOLVE,369304,MÆRSK INSPIRER,22.66667,,,injection,WI,,,,,0.0,,30344.410248329426,,,,,,
2012-06-14,NO 15/9-F-5 AH,5769,15/9-F-5,3420717,VOLVE,369304,MÆRSK INSPIRER,24.0,,,injection,WI,,,,,0.0,,35321.65768140595,,,,,,
2012-06-15,NO 15/9-F-5 AH,5769,15/9-F-5,3420717,VOLVE,369304,MÆRSK INSPIRER,24.0,,,injection,WI,,,,,0.0,,28156.9160208326,,,,,,
2012-06-16,NO 15/9-F-5 AH,5769,15/9-F-5,3420717,VOLVE,369304,MÆRSK INSPIRER,24.0,,,injection,WI,,,,,0.0,,22884.990648558032,,,,,,
2012-06-17,NO 15/9-F-5 AH,5769,15/9-F-5,3420717,VOLVE,369304,MÆRSK INSPIRER,24.0,,,injection,WI,,,,,0.0,,34925.14964063109,,,,,,
2012-06-18,NO 15/9-F-5 AH,5769,15/9-F-5,3420717,VOLVE,369304,MÆRSK INSPIRER,24.0,,,injection,WI,,,,,0.0,,33756.6769698804,,,,,,
2012-06-19,NO 15/9-F-5 AH,5769,15/9-F-5,3420717,VOLVE,369304,MÆRSK INSPIRER,24.0,,,injection,WI,,,,,0.0,,34410.172407387494,,,,,,
2012-06-20,NO 15/9-F-5 AH,5769,15/9-F-5,3420717,VOLVE,369304,MÆRSK INSPIRER,16.0,,,injection,WI,,,,,0.0,,22726.043174173963,,,,,,
2012-06-21,NO 15/9-F-5 AH,5769,15/9-F-5,3420717,VOLVE,369304,MÆRSK INSPIRER,24.0,,,injection,WI,,,,,0.0,,28963.723321930735,,,,,,
2012-06-22,NO 15/9-F-5 AH,5769,15/9-F-5,3420717,VOLVE,369304,MÆRSK INSPIRER,24.0,,,injection,WI,,,,,0.0,,25421.307532127757,,,,,,
2012-06-23,NO 15/9-F-5 AH,5769,15/9-F-5,3420717,VOLVE,369304,MÆRSK INSPIRER,24.0,,,injection,WI,,,,,0.0,,25581.55237679223,,,,,,
2012-06-24,NO 15/9-F-5 AH,5769,15/9-F-5,3420717,VOLVE,369304,MÆRSK INSPIRER,24.0,,,injection,WI,,,,,0.0,,25546.28131457309,,,,,,
2012-06-25,NO 15/9-F-5 AH,5769,15/9-F-5,3420717,VOLVE,369304,MÆRSK INSPIRER,24.0,,,injection,WI,,,,,0.0,,29397.942959,,,,,,
2012-06-26,NO 15/9-F-5 AH,5769,15/9-F-5,3420717,VOLVE,369304,MÆRSK INSPIRER,24.0,,,injection,WI,,,,,0.0,,34462.898177196155,,,,,,
2012-06-27,NO 15/9-F-5 AH,5769,15/9-F-5,3420717,VOLVE,369304,MÆRSK INSPIRER,24.0,,,injection,WI,,,,,0.0,,34619.40552765298,,,,,,
2012-06-28,NO 15/9-F-5 AH,5769,15/9-F-5,3420717,VOLVE,369304,MÆRSK INSPIRER,24.0,,,injection,WI,,,,,0.0,,35129.20784068512,,,,,,
2012-06-29,NO 15/9-F-5 AH,5769,15/9-F-5,3420717,VOLVE,369304,MÆRSK INSPIRER,24.0,,,injection,WI,,,,,0.0,,35564.763840925654,,,,,,
2012-06-30,NO 15/9-F-5 AH,5769,15/9-F-5,3420717,VOLVE,369304,MÆRSK INSPIRER,24.0,,,injection,WI,,,,,0.0,,29350.140403,,,,,,
2012-07-01,NO 15/9-F-5 AH,5769,15/9-F-5,3420717,VOLVE,369304,MÆRSK INSPIRER,24.0,,,injection,WI,,,,,0.0,,29143.307734995546,,,,,,
2012-07-02,NO 15/9-F-5 AH,5769,15/9-F-5,3420717,VOLVE,369304,MÆRSK INSPIRER,24.0,,,injection,WI,,,,,0.0,,35366.343668,,,,,,
2012-07-03,NO 15/9-F-5 AH,5769,15/9-F-5,3420717,VOLVE,369304,MÆRSK INSPIRER,24.0,,,injection,WI,,,,,0.0,,36528.700556,,,,,,
2012-07-04,NO 15/9-F-5 AH,5769,15/9-F-5,3420717,VOLVE,369304,MÆRSK INSPIRER,24.0,,,injection,WI,,,,,0.0,,36361.39161,,,,,,
2012-07-05,NO 15/9-F-5 AH,5769,15/9-F-5,3420717,VOLVE,369304,MÆRSK INSPIRER,24.0,,,injection,WI,,,,,0.0,,27705.984069,,,,,,
2012-07-06,NO 15/9-F-5 AH,5769,15/9-F-5,3420717,VOLVE,369304,MÆRSK INSPIRER,24.0,,,injection,WI,,,,,0.0,,28528.208725674904,,,,,,
2012-07-07,NO 15/9-F-5 AH,5769,15/9-F-5,3420717,VOLVE,369304,MÆRSK INSPIRER,24.0,,,injection,WI,,,,,0.0,,29003.915781775897,,,,,,
2012-07-08,NO 15/9-F-5 AH,5769,15/9-F-5,3420717,VOLVE,369304,MÆRSK INSPIRER,24.0,,,injection,WI,,,,,0.0,,32608.991695307148,,,,,,
2012-07-09,NO 15/9-F-5 AH,5769,15/9-F-5,3420717,VOLVE,369304,MÆRSK INSPIRER,24.0,,,injection,WI,,,,,0.0,,33321.42218864076,,,,,,
2012-07-10,NO 15/9-F-5 AH,5769,15/9-F-5,3420717,VOLVE,369304,MÆRSK INSPIRER,24.0,,,injection,WI,,,,,0.0,,33564.53991223822,,,,,,
2012-07-11,NO 15/9-F-5 AH,5769,15/9-F-5,3420717,VOLVE,369304,MÆRSK INSPIRER,20.33333,,,injection,WI,,,,,0.0,,25008.28456,,,,,,
2012-07-12,NO 15/9-F-5 AH,5769,15/9-F-5,3420717,VOLVE,369304,MÆRSK INSPIRER,24.0,,,injection,WI,,,,,0.0,,27933.04621,,,,,,
2012-07-13,NO 15/9-F-5 AH,5769,15/9-F-5,3420717,VOLVE,369304,MÆRSK INSPIRER,24.0,,,injection,WI,,,,,0.0,,28486.54949,,,,,,
2012-07-14,NO 15/9-F-5 AH,5769,15/9-F-5,3420717,VOLVE,369304,MÆRSK INSPIRER,24.0,,,injection,WI,,,,,0.0,,35656.932890000004,,,,,,
2012-07-15,NO 15/9-F-5 AH,5769,15/9-F-5,3420717,VOLVE,369304,MÆRSK INSPIRER,24.0,,,injection,WI,,,,,0.0,,35468.23859,,,,,,
2012-07-16,NO 15/9-F-5 AH,5769,15/9-F-5,3420717,VOLVE,369304,MÆRSK INSPIRER,24.0,,,injection,WI,,,,,0.0,,34298.33393,,,,,,
2012-07-17,NO 15/9-F-5 AH,5769,15/9-F-5,3420717,VOLVE,369304,MÆRSK INSPIRER,24.0,,,injection,WI,,,,,0.0,,29089.586226676165,,,,,,
2012-07-18,NO 15/9-F-5 AH,5769,15/9-F-5,3420717,VOLVE,369304,MÆRSK INSPIRER,24.0,,,injection,WI,,,,,0.0,,29543.260073105652,,,,,,
2012-07-19,NO 15/9-F-5 AH,5769,15/9-F-5,3420717,VOLVE,369304,MÆRSK INSPIRER,24.0,,,injection,WI,,,,,0.0,,28885.425518443662,,,,,,
2012-07-20,NO 15/9-F-5 AH,5769,15/9-F-5,3420717,VOLVE,369304,MÆRSK INSPIRER,24.0,,,injection,WI,,,,,0.0,,31199.079001635946,,,,,,
2012-07-21,NO 15/9-F-5 AH,5769,15/9-F-5,3420717,VOLVE,369304,MÆRSK INSPIRER,24.0,,,injection,WI,,,,,0.0,,35680.0875505181,,,,,,
2012-07-22,NO 15/9-F-5 AH,5769,15/9-F-5,3420717,VOLVE,369304,MÆRSK INSPIRER,24.0,,,injection,WI,,,,,0.0,,35641.71991262655,,,,,,
2012-07-23,NO 15/9-F-5 AH,5769,15/9-F-5,3420717,VOLVE,369304,MÆRSK INSPIRER,24.0,,,injection,WI,,,,,0.0,,26744.313199011187,,,,,,
2012-07-24,NO 15/9-F-5 AH,5769,15/9-F-5,3420717,VOLVE,369304,MÆRSK INSPIRER,24.0,,,injection,WI,,,,,0.0,,27779.714769375336,,,,,,
2012-07-25,NO 15/9-F-5 AH,5769,15/9-F-5,3420717,VOLVE,369304,MÆRSK INSPIRER,24.0,,,injection,WI,,,,,0.0,,27731.984972062888,,,,,,
2012-07-26,NO 15/9-F-5 AH,5769,15/9-F-5,3420717,VOLVE,369304,MÆRSK INSPIRER,24.0,,,injection,WI,,,,,0.0,,27762.850972400414,,,,,,
2012-07-27,NO 15/9-F-5 AH,5769,15/9-F-5,3420717,VOLVE,369304,MÆRSK INSPIRER,24.0,,,injection,WI,,,,,0.0,,28635.691096868613,,,,,,
2012-07-28,NO 15/9-F-5 AH,5769,15/9-F-5,3420717,VOLVE,369304,MÆRSK INSPIRER,24.0,,,injection,WI,,,,,0.0,,37605.16669719411,,,,,,
2012-07-29,NO 15/9-F-5 AH,5769,15/9-F-5,3420717,VOLVE,369304,MÆRSK INSPIRER,24.0,,,injection,WI,,,,,0.0,,39226.53783149466,,,,,,
2012-07-30,NO 15/9-F-5 AH,5769,15/9-F-5,3420717,VOLVE,369304,MÆRSK INSPIRER,24.0,,,injection,WI,,,,,0.0,,33891.37705243431,,,,,,
2012-07-31,NO 15/9-F-5 AH,5769,15/9-F-5,3420717,VOLVE,369304,MÆRSK INSPIRER,24.0,,,injection,WI,,,,,0.0,,27410.760965761718,,,,,,
2012-08-01,NO 15/9-F-5 AH,5769,15/9-F-5,3420717,VOLVE,369304,MÆRSK INSPIRER,24.0,,,injection,WI,,,,,0.0,,26389.42029186011,,,,,,
2012-08-02,NO 15/9-F-5 AH,5769,15/9-F-5,3420717,VOLVE,369304,MÆRSK INSPIRER,24.0,,,injection,WI,,,,,0.0,,25671.018872720862,,,,,,
2012-08-03,NO 15/9-F-5 AH,5769,15/9-F-5,3420717,VOLVE,369304,MÆRSK INSPIRER,24.0,,,injection,WI,,,,,0.0,,30801.357833412992,,,,,,
2012-08-04,NO 15/9-F-5 AH,5769,15/9-F-5,3420717,VOLVE,369304,MÆRSK INSPIRER,24.0,,,injection,WI,,,,,0.0,,44434.67398838559,,,,,,
2012-08-05,NO 15/9-F-5 AH,5769,15/9-F-5,3420717,VOLVE,369304,MÆRSK INSPIRER,24.0,,,injection,WI,,,,,0.0,,43902.79116237962,,,,,,
2012-08-06,NO 15/9-F-5 AH,5769,15/9-F-5,3420717,VOLVE,369304,MÆRSK INSPIRER,24.0,,,injection,WI,,,,,0.0,,31491.568501033147,,,,,,
2012-08-07,NO 15/9-F-5 AH,5769,15/9-F-5,3420717,VOLVE,369304,MÆRSK INSPIRER,24.0,,,injection,WI,,,,,0.0,,27195.251497,,,,,,
2012-08-08,NO 15/9-F-5 AH,5769,15/9-F-5,3420717,VOLVE,369304,MÆRSK INSPIRER,24.0,,,injection,WI,,,,,0.0,,27096.50148,,,,,,
2012-08-09,NO 15/9-F-5 AH,5769,15/9-F-5,3420717,VOLVE,369304,MÆRSK INSPIRER,24.0,,,injection,WI,,,,,0.0,,27920.46659,,,,,,
2012-08-10,NO 15/9-F-5 AH,5769,15/9-F-5,3420717,VOLVE,369304,MÆRSK INSPIRER,24.0,,,injection,WI,,,,,0.0,,26988.316748,,,,,,
2012-08-11,NO 15/9-F-5 AH,5769,15/9-F-5,3420717,VOLVE,369304,MÆRSK INSPIRER,24.0,,,injection,WI,,,,,0.0,,42971.352939,,,,,,
2012-08-12,NO 15/9-F-5 AH,5769,15/9-F-5,3420717,VOLVE,369304,MÆRSK INSPIRER,24.0,,,injection,WI,,,,,0.0,,33438.516903,,,,,,
2012-08-13,NO 15/9-F-5 AH,5769,15/9-F-5,3420717,VOLVE,369304,MÆRSK INSPIRER,21.12499,,,injection,WI,,,,,0.0,,26662.50459,,,,,,
2012-08-14,NO 15/9-F-5 AH,5769,15/9-F-5,3420717,VOLVE,369304,MÆRSK INSPIRER,0.0,,,injection,WI,,,,,0.0,,0.0,,,,,,
2012-08-15,NO 15/9-F-5 AH,5769,15/9-F-5,3420717,VOLVE,369304,MÆRSK INSPIRER,0.0,,,injection,WI,,,,,0.0,,0.0,,,,,,
2012-08-16,NO 15/9-F-5 AH,5769,15/9-F-5,3420717,VOLVE,369304,MÆRSK INSPIRER,0.0,,,injection,WI,,,,,0.0,,0.0,,,,,,
2012-08-17,NO 15/9-F-5 AH,5769,15/9-F-5,3420717,VOLVE,369304,MÆRSK INSPIRER,0.0,,,injection,WI,,,,,0.0,,0.0,,,,,,
2012-08-18,NO 15/9-F-5 AH,5769,15/9-F-5,3420717,VOLVE,369304,MÆRSK INSPIRER,0.0,,,injection,WI,,,,,0.0,,0.0,,,,,,
2012-08-19,NO 15/9-F-5 AH,5769,15/9-F-5,3420717,VOLVE,369304,MÆRSK INSPIRER,0.0,,,injection,WI,,,,,0.0,,0.0,,,,,,
2012-08-20,NO 15/9-F-5 AH,5769,15/9-F-5,3420717,VOLVE,369304,MÆRSK INSPIRER,0.0,,,injection,WI,,,,,0.0,,0.0,,,,,,
2012-08-21,NO 15/9-F-5 AH,5769,15/9-F-5,3420717,VOLVE,369304,MÆRSK INSPIRER,0.0,,,injection,WI,,,,,0.0,,0.0,,,,,,
2012-08-22,NO 15/9-F-5 AH,5769,15/9-F-5,3420717,VOLVE,369304,MÆRSK INSPIRER,0.0,,,injection,WI,,,,,0.0,,0.0,,,,,,
2012-08-23,NO 15/9-F-5 AH,5769,15/9-F-5,3420717,VOLVE,369304,MÆRSK INSPIRER,0.0,,,injection,WI,,,,,0.0,,0.0,,,,,,
2012-08-24,NO 15/9-F-5 AH,5769,15/9-F-5,3420717,VOLVE,369304,MÆRSK INSPIRER,0.0,,,injection,WI,,,,,0.0,,0.0,,,,,,
2012-08-25,NO 15/9-F-5 AH,5769,15/9-F-5,3420717,VOLVE,369304,MÆRSK INSPIRER,0.0,,,injection,WI,,,,,0.0,,0.0,,,,,,
2012-08-26,NO 15/9-F-5 AH,5769,15/9-F-5,3420717,VOLVE,369304,MÆRSK INSPIRER,0.0,,,injection,WI,,,,,0.0,,0.0,,,,,,
2012-08-27,NO 15/9-F-5 AH,5769,15/9-F-5,3420717,VOLVE,369304,MÆRSK INSPIRER,0.0,,,injection,WI,,,,,0.0,,0.0,,,,,,
2012-08-28,NO 15/9-F-5 AH,5769,15/9-F-5,3420717,VOLVE,369304,MÆRSK INSPIRER,0.0,,,injection,WI,,,,,0.0,,0.0,,,,,,
2012-08-29,NO 15/9-F-5 AH,5769,15/9-F-5,3420717,VOLVE,369304,MÆRSK INSPIRER,0.0,,,injection,WI,,,,,0.0,,0.0,,,,,,
2012-08-30,NO 15/9-F-5 AH,5769,15/9-F-5,3420717,VOLVE,369304,MÆRSK INSPIRER,0.0,,,injection,WI,,,,,0.0,,0.0,,,,,,
2012-08-31,NO 15/9-F-5 AH,5769,15/9-F-5,3420717,VOLVE,369304,MÆRSK INSPIRER,0.0,,,injection,WI,,,,,0.0,,0.0,,,,,,
2012-09-01,NO 15/9-F-5 AH,5769,15/9-F-5,3420717,VOLVE,369304,MÆRSK INSPIRER,0.0,,,injection,WI,,,,,0.0,,0.0,,,,,,
2012-09-02,NO 15/9-F-5 AH,5769,15/9-F-5,3420717,VOLVE,369304,MÆRSK INSPIRER,0.0,,,injection,WI,,,,,0.0,,0.0,,,,,,
2012-09-03,NO 15/9-F-5 AH,5769,15/9-F-5,3420717,VOLVE,369304,MÆRSK INSPIRER,0.0,,,injection,WI,,,,,0.0,,0.0,,,,,,
2012-09-04,NO 15/9-F-5 AH,5769,15/9-F-5,3420717,VOLVE,369304,MÆRSK INSPIRER,0.0,,,injection,WI,,,,,0.0,,0.0,,,,,,
2012-09-05,NO 15/9-F-5 AH,5769,15/9-F-5,3420717,VOLVE,369304,MÆRSK INSPIRER,0.0,,,injection,WI,,,,,0.0,,0.0,,,,,,
2012-09-06,NO 15/9-F-5 AH,5769,15/9-F-5,3420717,VOLVE,369304,MÆRSK INSPIRER,0.0,,,injection,WI,,,,,0.0,,0.0,,,,,,
2012-09-07,NO 15/9-F-5 AH,5769,15/9-F-5,3420717,VOLVE,369304,MÆRSK INSPIRER,0.0,,,injection,WI,,,,,0.0,,0.0,,,,,,
2012-09-08,NO 15/9-F-5 AH,5769,15/9-F-5,3420717,VOLVE,369304,MÆRSK INSPIRER,0.0,,,injection,WI,,,,,0.0,,0.0,,,,,,
2012-09-09,NO 15/9-F-5 AH,5769,15/9-F-5,3420717,VOLVE,369304,MÆRSK INSPIRER,0.0,,,injection,WI,,,,,0.0,,0.0,,,,,,
2012-09-10,NO 15/9-F-5 AH,5769,15/9-F-5,3420717,VOLVE,369304,MÆRSK INSPIRER,0.0,,,injection,WI,,,,,0.0,,0.0,,,,,,
2012-09-11,NO 15/9-F-5 AH,5769,15/9-F-5,3420717,VOLVE,369304,MÆRSK INSPIRER,0.0,,,injection,WI,,,,,0.0,,0.0,,,,,,
2012-09-12,NO 15/9-F-5 AH,5769,15/9-F-5,3420717,VOLVE,369304,MÆRSK INSPIRER,0.0,,,injection,WI,,,,,0.0,,0.0,,,,,,
2012-09-13,NO 15/9-F-5 AH,5769,15/9-F-5,3420717,VOLVE,369304,MÆRSK INSPIRER,4.66667,,,injection,WI,,,,,0.0,,5811.78444,,,,,,
2012-09-14,NO 15/9-F-5 AH,5769,15/9-F-5,3420717,VOLVE,369304,MÆRSK INSPIRER,4.29167,,,injection,WI,,,,,0.0,,5085.6458168184545,,,,,,
2012-09-15,NO 15/9-F-5 AH,5769,15/9-F-5,3420717,VOLVE,369304,MÆRSK INSPIRER,0.0,,,injection,WI,,,,,0.0,,0.0,,,,,,
2012-09-16,NO 15/9-F-5 AH,5769,15/9-F-5,3420717,VOLVE,369304,MÆRSK INSPIRER,0.0,,,injection,WI,,,,,0.0,,0.0,,,,,,
2012-09-17,NO 15/9-F-5 AH,5769,15/9-F-5,3420717,VOLVE,369304,MÆRSK INSPIRER,0.0,,,injection,WI,,,,,0.0,,0.0,,,,,,
2012-09-18,NO 15/9-F-5 AH,5769,15/9-F-5,3420717,VOLVE,369304,MÆRSK INSPIRER,0.0,,,injection,WI,,,,,0.0,,0.0,,,,,,
2012-09-19,NO 15/9-F-5 AH,5769,15/9-F-5,3420717,VOLVE,369304,MÆRSK INSPIRER,0.0,,,injection,WI,,,,,0.0,,0.0,,,,,,
2012-09-20,NO 15/9-F-5 AH,5769,15/9-F-5,3420717,VOLVE,369304,MÆRSK INSPIRER,0.0,,,injection,WI,,,,,0.0,,0.0,,,,,,
2012-09-21,NO 15/9-F-5 AH,5769,15/9-F-5,3420717,VOLVE,369304,MÆRSK INSPIRER,0.0,,,injection,WI,,,,,0.0,,0.0,,,,,,
2012-09-22,NO 15/9-F-5 AH,5769,15/9-F-5,3420717,VOLVE,369304,MÆRSK INSPIRER,0.0,,,injection,WI,,,,,0.0,,0.0,,,,,,
2012-09-23,NO 15/9-F-5 AH,5769,15/9-F-5,3420717,VOLVE,369304,MÆRSK INSPIRER,0.0,,,injection,WI,,,,,0.0,,0.0,,,,,,
2012-09-24,NO 15/9-F-5 AH,5769,15/9-F-5,3420717,VOLVE,369304,MÆRSK INSPIRER,0.0,,,injection,WI,,,,,0.0,,0.0,,,,,,
2012-09-25,NO 15/9-F-5 AH,5769,15/9-F-5,3420717,VOLVE,369304,MÆRSK INSPIRER,0.0,,,injection,WI,,,,,0.0,,0.0,,,,,,
2012-09-26,NO 15/9-F-5 AH,5769,15/9-F-5,3420717,VOLVE,369304,MÆRSK INSPIRER,0.0,,,injection,WI,,,,,0.0,,0.0,,,,,,
2012-09-27,NO 15/9-F-5 AH,5769,15/9-F-5,3420717,VOLVE,369304,MÆRSK INSPIRER,0.0,,,injection,WI,,,,,0.0,,0.0,,,,,,
2012-09-28,NO 15/9-F-5 AH,5769,15/9-F-5,3420717,VOLVE,369304,MÆRSK INSPIRER,0.0,,,injection,WI,,,,,0.0,,357.26103371984794,,,,,,
2012-09-29,NO 15/9-F-5 AH,5769,15/9-F-5,3420717,VOLVE,369304,MÆRSK INSPIRER,4.325,,,injection,WI,,,,,0.0,,7584.870559962755,,,,,,
2012-09-30,NO 15/9-F-5 AH,5769,15/9-F-5,3420717,VOLVE,369304,MÆRSK INSPIRER,24.0,,,injection,WI,,,,,0.0,,31903.174282,,,,,,
2012-10-01,NO 15/9-F-5 AH,5769,15/9-F-5,3420717,VOLVE,369304,MÆRSK INSPIRER,24.0,,,injection,WI,,,,,0.0,,28863.309108999998,,,,,,
2012-10-02,NO 15/9-F-5 AH,5769,15/9-F-5,3420717,VOLVE,369304,MÆRSK INSPIRER,24.0,,,injection,WI,,,,,0.0,,28850.584431567255,,,,,,
2012-10-03,NO 15/9-F-5 AH,5769,15/9-F-5,3420717,VOLVE,369304,MÆRSK INSPIRER,24.0,,,injection,WI,,,,,0.0,,31804.19488742269,,,,,,
2012-10-04,NO 15/9-F-5 AH,5769,15/9-F-5,3420717,VOLVE,369304,MÆRSK INSPIRER,24.0,,,injection,WI,,,,,0.0,,33641.13137282606,,,,,,
2012-10-05,NO 15/9-F-5 AH,5769,15/9-F-5,3420717,VOLVE,369304,MÆRSK INSPIRER,24.0,,,injection,WI,,,,,0.0,,33554.67306239406,,,,,,
2012-10-06,NO 15/9-F-5 AH,5769,15/9-F-5,3420717,VOLVE,369304,MÆRSK INSPIRER,24.0,,,injection,WI,,,,,0.0,,33445.633888533855,,,,,,
2012-10-07,NO 15/9-F-5 AH,5769,15/9-F-5,3420717,VOLVE,369304,MÆRSK INSPIRER,24.0,,,injection,WI,,,,,0.0,,26600.64824895389,,,,,,
2012-10-08,NO 15/9-F-5 AH,5769,15/9-F-5,3420717,VOLVE,369304,MÆRSK INSPIRER,24.0,,,injection,WI,,,,,0.0,,26651.320733874836,,,,,,
2012-10-09,NO 15/9-F-5 AH,5769,15/9-F-5,3420717,VOLVE,369304,MÆRSK INSPIRER,24.0,,,injection,WI,,,,,0.0,,34926.457104746165,,,,,,
2012-10-10,NO 15/9-F-5 AH,5769,15/9-F-5,3420717,VOLVE,369304,MÆRSK INSPIRER,24.0,,,injection,WI,,,,,0.0,,36326.18216826321,,,,,,
2012-10-11,NO 15/9-F-5 AH,5769,15/9-F-5,3420717,VOLVE,369304,MÆRSK INSPIRER,24.0,,,injection,WI,,,,,0.0,,37822.07776362944,,,,,,
2012-10-12,NO 15/9-F-5 AH,5769,15/9-F-5,3420717,VOLVE,369304,MÆRSK INSPIRER,24.0,,,injection,WI,,,,,0.0,,37061.48112396652,,,,,,
2012-10-13,NO 15/9-F-5 AH,5769,15/9-F-5,3420717,VOLVE,369304,MÆRSK INSPIRER,16.5,,,injection,WI,,,,,0.0,,20873.554180901465,,,,,,
2012-10-14,NO 15/9-F-5 AH,5769,15/9-F-5,3420717,VOLVE,369304,MÆRSK INSPIRER,4.84167,,,injection,WI,,,,,0.0,,5520.758541388865,,,,,,
2012-10-15,NO 15/9-F-5 AH,5769,15/9-F-5,3420717,VOLVE,369304,MÆRSK INSPIRER,0.0,,,injection,WI,,,,,0.0,,0.0,,,,,,
2012-10-16,NO 15/9-F-5 AH,5769,15/9-F-5,3420717,VOLVE,369304,MÆRSK INSPIRER,0.0,,,injection,WI,,,,,0.0,,0.0,,,,,,
2012-10-17,NO 15/9-F-5 AH,5769,15/9-F-5,3420717,VOLVE,369304,MÆRSK INSPIRER,0.0,,,injection,WI,,,,,0.0,,0.0,,,,,,
2012-10-18,NO 15/9-F-5 AH,5769,15/9-F-5,3420717,VOLVE,369304,MÆRSK INSPIRER,0.0,,,injection,WI,,,,,0.0,,0.0,,,,,,
2012-10-19,NO 15/9-F-5 AH,5769,15/9-F-5,3420717,VOLVE,369304,MÆRSK INSPIRER,6.825,,,injection,WI,,,,,0.0,,8074.893700601011,,,,,,
2012-10-20,NO 15/9-F-5 AH,5769,15/9-F-5,3420717,VOLVE,369304,MÆRSK INSPIRER,24.0,,,injection,WI,,,,,0.0,,33488.42376472983,,,,,,
2012-10-21,NO 15/9-F-5 AH,5769,15/9-F-5,3420717,VOLVE,369304,MÆRSK INSPIRER,24.0,,,injection,WI,,,,,0.0,,33132.14297169094,,,,,,
2012-10-22,NO 15/9-F-5 AH,5769,15/9-F-5,3420717,VOLVE,369304,MÆRSK INSPIRER,18.33333,,,injection,WI,,,,,0.0,,27322.438180055193,,,,,,
2012-10-23,NO 15/9-F-5 AH,5769,15/9-F-5,3420717,VOLVE,369304,MÆRSK INSPIRER,19.83333,,,injection,WI,,,,,0.0,,39166.0728907677,,,,,,
2012-10-24,NO 15/9-F-5 AH,5769,15/9-F-5,3420717,VOLVE,369304,MÆRSK INSPIRER,24.0,,,injection,WI,,,,,0.0,,51462.04665588054,,,,,,
2012-10-25,NO 15/9-F-5 AH,5769,15/9-F-5,3420717,VOLVE,369304,MÆRSK INSPIRER,14.00834,,,injection,WI,,,,,0.0,,28749.003986963482,,,,,,
2012-10-26,NO 15/9-F-5 AH,5769,15/9-F-5,3420717,VOLVE,369304,MÆRSK INSPIRER,18.83333,,,injection,WI,,,,,0.0,,21773.967638656137,,,,,,
2012-10-27,NO 15/9-F-5 AH,5769,15/9-F-5,3420717,VOLVE,369304,MÆRSK INSPIRER,0.0,,,injection,WI,,,,,0.0,,0.0,,,,,,
2012-10-28,NO 15/9-F-5 AH,5769,15/9-F-5,3420717,VOLVE,369304,MÆRSK INSPIRER,6.99166,,,injection,WI,,,,,0.0,,6669.714524000001,,,,,,
2012-10-29,NO 15/9-F-5 AH,5769,15/9-F-5,3420717,VOLVE,369304,MÆRSK INSPIRER,24.0,,,injection,WI,,,,,0.0,,26101.308201456937,,,,,,
2012-10-30,NO 15/9-F-5 AH,5769,15/9-F-5,3420717,VOLVE,369304,MÆRSK INSPIRER,24.0,,,injection,WI,,,,,0.0,,26321.956620579178,,,,,,
2012-10-31,NO 15/9-F-5 AH,5769,15/9-F-5,3420717,VOLVE,369304,MÆRSK INSPIRER,24.0,,,injection,WI,,,,,0.0,,27046.183,,,,,,
2012-11-01,NO 15/9-F-5 AH,5769,15/9-F-5,3420717,VOLVE,369304,MÆRSK INSPIRER,24.0,,,injection,WI,,,,,0.0,,27694.03343,,,,,,
2012-11-02,NO 15/9-F-5 AH,5769,15/9-F-5,3420717,VOLVE,369304,MÆRSK INSPIRER,24.0,,,injection,WI,,,,,0.0,,28008.52393,,,,,,
2012-11-03,NO 15/9-F-5 AH,5769,15/9-F-5,3420717,VOLVE,369304,MÆRSK INSPIRER,24.0,,,injection,WI,,,,,0.0,,27826.59571489622,,,,,,
2012-11-04,NO 15/9-F-5 AH,5769,15/9-F-5,3420717,VOLVE,369304,MÆRSK INSPIRER,24.0,,,injection,WI,,,,,0.0,,27804.105105,,,,,,
2012-11-05,NO 15/9-F-5 AH,5769,15/9-F-5,3420717,VOLVE,369304,MÆRSK INSPIRER,24.0,,,injection,WI,,,,,0.0,,49457.626940393966,,,,,,
2012-11-06,NO 15/9-F-5 AH,5769,15/9-F-5,3420717,VOLVE,369304,MÆRSK INSPIRER,24.0,,,injection,WI,,,,,0.0,,44717.82802205346,,,,,,
2012-11-07,NO 15/9-F-5 AH,5769,15/9-F-5,3420717,VOLVE,369304,MÆRSK INSPIRER,24.0,,,injection,WI,,,,,0.0,,43376.8391096047,,,,,,
2012-11-08,NO 15/9-F-5 AH,5769,15/9-F-5,3420717,VOLVE,369304,MÆRSK INSPIRER,24.0,,,injection,WI,,,,,0.0,,43929.45394739031,,,,,,
2012-11-09,NO 15/9-F-5 AH,5769,15/9-F-5,3420717,VOLVE,369304,MÆRSK INSPIRER,24.0,,,injection,WI,,,,,0.0,,44293.073028996776,,,,,,
2012-11-10,NO 15/9-F-5 AH,5769,15/9-F-5,3420717,VOLVE,369304,MÆRSK INSPIRER,24.0,,,injection,WI,,,,,0.0,,39807.8129420121,,,,,,
2012-11-11,NO 15/9-F-5 AH,5769,15/9-F-5,3420717,VOLVE,369304,MÆRSK INSPIRER,24.0,,,injection,WI,,,,,0.0,,34930.48886771466,,,,,,
2012-11-12,NO 15/9-F-5 AH,5769,15/9-F-5,3420717,VOLVE,369304,MÆRSK INSPIRER,24.0,,,injection,WI,,,,,0.0,,36005.731626449626,,,,,,
2012-11-13,NO 15/9-F-5 AH,5769,15/9-F-5,3420717,VOLVE,369304,MÆRSK INSPIRER,24.0,,,injection,WI,,,,,0.0,,36558.262663,,,,,,
2012-11-14,NO 15/9-F-5 AH,5769,15/9-F-5,3420717,VOLVE,369304,MÆRSK INSPIRER,24.0,,,injection,WI,,,,,0.0,,36889.73565,,,,,,
2012-11-15,NO 15/9-F-5 AH,5769,15/9-F-5,3420717,VOLVE,369304,MÆRSK INSPIRER,24.0,,,injection,WI,,,,,0.0,,36423.112430537774,,,,,,
2012-11-16,NO 15/9-F-5 AH,5769,15/9-F-5,3420717,VOLVE,369304,MÆRSK INSPIRER,24.0,,,injection,WI,,,,,0.0,,36241.806901382486,,,,,,
2012-11-17,NO 15/9-F-5 AH,5769,15/9-F-5,3420717,VOLVE,369304,MÆRSK INSPIRER,24.0,,,injection,WI,,,,,0.0,,35993.91932526868,,,,,,
2012-11-18,NO 15/9-F-5 AH,5769,15/9-F-5,3420717,VOLVE,369304,MÆRSK INSPIRER,24.0,,,injection,WI,,,,,0.0,,36109.79921,,,,,,
2012-11-19,NO 15/9-F-5 AH,5769,15/9-F-5,3420717,VOLVE,369304,MÆRSK INSPIRER,24.0,,,injection,WI,,,,,0.0,,35845.62719,,,,,,
2012-11-20,NO 15/9-F-5 AH,5769,15/9-F-5,3420717,VOLVE,369304,MÆRSK INSPIRER,24.0,,,injection,WI,,,,,0.0,,34291.49576388118,,,,,,
2012-11-21,NO 15/9-F-5 AH,5769,15/9-F-5,3420717,VOLVE,369304,MÆRSK INSPIRER,24.0,,,injection,WI,,,,,0.0,,30503.22375631238,,,,,,
2012-11-22,NO 15/9-F-5 AH,5769,15/9-F-5,3420717,VOLVE,369304,MÆRSK INSPIRER,24.0,,,injection,WI,,,,,0.0,,30252.510722855088,,,,,,
2012-11-23,NO 15/9-F-5 AH,5769,15/9-F-5,3420717,VOLVE,369304,MÆRSK INSPIRER,24.0,,,injection,WI,,,,,0.0,,30067.055727420175,,,,,,
2012-11-24,NO 15/9-F-5 AH,5769,15/9-F-5,3420717,VOLVE,369304,MÆRSK INSPIRER,24.0,,,injection,WI,,,,,0.0,,30285.43515,,,,,,
2012-11-25,NO 15/9-F-5 AH,5769,15/9-F-5,3420717,VOLVE,369304,MÆRSK INSPIRER,24.0,,,injection,WI,,,,,0.0,,32511.88195723536,,,,,,
2012-11-26,NO 15/9-F-5 AH,5769,15/9-F-5,3420717,VOLVE,369304,MÆRSK INSPIRER,24.0,,,injection,WI,,,,,0.0,,39954.051787151555,,,,,,
2012-11-27,NO 15/9-F-5 AH,5769,15/9-F-5,3420717,VOLVE,369304,MÆRSK INSPIRER,24.0,,,injection,WI,,,,,0.0,,40663.06269162021,,,,,,
2012-11-28,NO 15/9-F-5 AH,5769,15/9-F-5,3420717,VOLVE,369304,MÆRSK INSPIRER,24.0,,,injection,WI,,,,,0.0,,32913.76748417349,,,,,,
2012-11-29,NO 15/9-F-5 AH,5769,15/9-F-5,3420717,VOLVE,369304,MÆRSK INSPIRER,24.0,,,injection,WI,,,,,0.0,,29944.748017222555,,,,,,
2012-11-30,NO 15/9-F-5 AH,5769,15/9-F-5,3420717,VOLVE,369304,MÆRSK INSPIRER,24.0,,,injection,WI,,,,,0.0,,27347.180125231498,,,,,,
2012-12-01,NO 15/9-F-5 AH,5769,15/9-F-5,3420717,VOLVE,369304,MÆRSK INSPIRER,24.0,,,injection,WI,,,,,0.0,,25665.597706447894,,,,,,
2012-12-02,NO 15/9-F-5 AH,5769,15/9-F-5,3420717,VOLVE,369304,MÆRSK INSPIRER,17.75,,,injection,WI,,,,,0.0,,31530.97943626129,,,,,,
2012-12-03,NO 15/9-F-5 AH,5769,15/9-F-5,3420717,VOLVE,369304,MÆRSK INSPIRER,24.0,,,injection,WI,,,,,0.0,,39045.20620355899,,,,,,
2012-12-04,NO 15/9-F-5 AH,5769,15/9-F-5,3420717,VOLVE,369304,MÆRSK INSPIRER,24.0,,,injection,WI,,,,,0.0,,39115.17366474813,,,,,,
2012-12-05,NO 15/9-F-5 AH,5769,15/9-F-5,3420717,VOLVE,369304,MÆRSK INSPIRER,24.0,,,injection,WI,,,,,0.0,,35210.44385815333,,,,,,
2012-12-06,NO 15/9-F-5 AH,5769,15/9-F-5,3420717,VOLVE,369304,MÆRSK INSPIRER,24.0,,,injection,WI,,,,,0.0,,36355.82559071311,,,,,,
2012-12-07,NO 15/9-F-5 AH,5769,15/9-F-5,3420717,VOLVE,369304,MÆRSK INSPIRER,24.0,,,injection,WI,,,,,0.0,,35938.94357117871,,,,,,
2012-12-08,NO 15/9-F-5 AH,5769,15/9-F-5,3420717,VOLVE,369304,MÆRSK INSPIRER,24.0,,,injection,WI,,,,,0.0,,35971.355821716075,,,,,,
2012-12-09,NO 15/9-F-5 AH,5769,15/9-F-5,3420717,VOLVE,369304,MÆRSK INSPIRER,24.0,,,injection,WI,,,,,0.0,,32207.46402317784,,,,,,
2012-12-10,NO 15/9-F-5 AH,5769,15/9-F-5,3420717,VOLVE,369304,MÆRSK INSPIRER,24.0,,,injection,WI,,,,,0.0,,27258.81329250969,,,,,,
2012-12-11,NO 15/9-F-5 AH,5769,15/9-F-5,3420717,VOLVE,369304,MÆRSK INSPIRER,22.5,,,injection,WI,,,,,0.0,,26148.869097715222,,,,,,
2012-12-12,NO 15/9-F-5 AH,5769,15/9-F-5,3420717,VOLVE,369304,MÆRSK INSPIRER,12.29167,,,injection,WI,,,,,0.0,,14268.053746329844,,,,,,
2012-12-13,NO 15/9-F-5 AH,5769,15/9-F-5,3420717,VOLVE,369304,MÆRSK INSPIRER,9.37501,,,injection,WI,,,,,0.0,,10975.377337879176,,,,,,
2012-12-14,NO 15/9-F-5 AH,5769,15/9-F-5,3420717,VOLVE,369304,MÆRSK INSPIRER,24.0,,,injection,WI,,,,,0.0,,27967.408603024098,,,,,,
2012-12-15,NO 15/9-F-5 AH,5769,15/9-F-5,3420717,VOLVE,369304,MÆRSK INSPIRER,11.91667,,,injection,WI,,,,,0.0,,12330.378032547014,,,,,,
2012-12-16,NO 15/9-F-5 AH,5769,15/9-F-5,3420717,VOLVE,369304,MÆRSK INSPIRER,24.0,,,injection,WI,,,,,0.0,,28750.546596935787,,,,,,
2012-12-17,NO 15/9-F-5 AH,5769,15/9-F-5,3420717,VOLVE,369304,MÆRSK INSPIRER,24.0,,,injection,WI,,,,,0.0,,28912.998608,,,,,,
2012-12-18,NO 15/9-F-5 AH,5769,15/9-F-5,3420717,VOLVE,369304,MÆRSK INSPIRER,24.0,,,injection,WI,,,,,0.0,,28969.70361169101,,,,,,
2012-12-19,NO 15/9-F-5 AH,5769,15/9-F-5,3420717,VOLVE,369304,MÆRSK INSPIRER,24.0,,,injection,WI,,,,,0.0,,28990.228418783976,,,,,,
2012-12-20,NO 15/9-F-5 AH,5769,15/9-F-5,3420717,VOLVE,369304,MÆRSK INSPIRER,24.0,,,injection,WI,,,,,0.0,,37980.583732662824,,,,,,
2012-12-21,NO 15/9-F-5 AH,5769,15/9-F-5,3420717,VOLVE,369304,MÆRSK INSPIRER,24.0,,,injection,WI,,,,,0.0,,44236.45082541291,,,,,,
2012-12-22,NO 15/9-F-5 AH,5769,15/9-F-5,3420717,VOLVE,369304,MÆRSK INSPIRER,24.0,,,injection,WI,,,,,0.0,,44060.5036207768,,,,,,
2012-12-23,NO 15/9-F-5 AH,5769,15/9-F-5,3420717,VOLVE,369304,MÆRSK INSPIRER,24.0,,,injection,WI,,,,,0.0,,42435.34421253587,,,,,,
2012-12-24,NO 15/9-F-5 AH,5769,15/9-F-5,3420717,VOLVE,369304,MÆRSK INSPIRER,24.0,,,injection,WI,,,,,0.0,,28336.646031205517,,,,,,
2012-12-25,NO 15/9-F-5 AH,5769,15/9-F-5,3420717,VOLVE,369304,MÆRSK INSPIRER,24.0,,,injection,WI,,,,,0.0,,28475.492271336927,,,,,,
2012-12-26,NO 15/9-F-5 AH,5769,15/9-F-5,3420717,VOLVE,369304,MÆRSK INSPIRER,24.0,,,injection,WI,,,,,0.0,,28530.57816,,,,,,
2012-12-27,NO 15/9-F-5 AH,5769,15/9-F-5,3420717,VOLVE,369304,MÆRSK INSPIRER,24.0,,,injection,WI,,,,,0.0,,28291.56538,,,,,,
2012-12-28,NO 15/9-F-5 AH,5769,15/9-F-5,3420717,VOLVE,369304,MÆRSK INSPIRER,24.0,,,injection,WI,,,,,0.0,,28052.5526,,,,,,
2012-12-29,NO 15/9-F-5 AH,5769,15/9-F-5,3420717,VOLVE,369304,MÆRSK INSPIRER,24.0,,,injection,WI,,,,,0.0,,40506.3764,,,,,,
2012-12-30,NO 15/9-F-5 AH,5769,15/9-F-5,3420717,VOLVE,369304,MÆRSK INSPIRER,24.0,,,injection,WI,,,,,0.0,,42883.92458,,,,,,
2012-12-31,NO 15/9-F-5 AH,5769,15/9-F-5,3420717,VOLVE,369304,MÆRSK INSPIRER,24.0,,,injection,WI,,,,,0.0,,35053.11113,,,,,,
2013-01-01,NO 15/9-F-5 AH,5769,15/9-F-5,3420717,VOLVE,369304,MÆRSK INSPIRER,24.0,,,injection,WI,,,,,0.0,,27253.041521744308,,,,,,
2013-01-02,NO 15/9-F-5 AH,5769,15/9-F-5,3420717,VOLVE,369304,MÆRSK INSPIRER,24.0,,,injection,WI,,,,,0.0,,28353.298770985133,,,,,,
2013-01-03,NO 15/9-F-5 AH,5769,15/9-F-5,3420717,VOLVE,369304,MÆRSK INSPIRER,24.0,,,injection,WI,,,,,0.0,,28139.685853694416,,,,,,
2013-01-04,NO 15/9-F-5 AH,5769,15/9-F-5,3420717,VOLVE,369304,MÆRSK INSPIRER,24.0,,,injection,WI,,,,,0.0,,28028.726799720003,,,,,,
2013-01-05,NO 15/9-F-5 AH,5769,15/9-F-5,3420717,VOLVE,369304,MÆRSK INSPIRER,24.0,,,injection,WI,,,,,0.0,,33706.84599732897,,,,,,
2013-01-06,NO 15/9-F-5 AH,5769,15/9-F-5,3420717,VOLVE,369304,MÆRSK INSPIRER,24.0,,,injection,WI,,,,,0.0,,43818.393474947,,,,,,
2013-01-07,NO 15/9-F-5 AH,5769,15/9-F-5,3420717,VOLVE,369304,MÆRSK INSPIRER,24.0,,,injection,WI,,,,,0.0,,43620.32924499,,,,,,
2013-01-08,NO 15/9-F-5 AH,5769,15/9-F-5,3420717,VOLVE,369304,MÆRSK INSPIRER,24.0,,,injection,WI,,,,,0.0,,28587.18645,,,,,,
2013-01-09,NO 15/9-F-5 AH,5769,15/9-F-5,3420717,VOLVE,369304,MÆRSK INSPIRER,24.0,,,injection,WI,,,,,0.0,,28308.774496716567,,,,,,
2013-01-10,NO 15/9-F-5 AH,5769,15/9-F-5,3420717,VOLVE,369304,MÆRSK INSPIRER,24.0,,,injection,WI,,,,,0.0,,28191.627265064573,,,,,,
2013-01-11,NO 15/9-F-5 AH,5769,15/9-F-5,3420717,VOLVE,369304,MÆRSK INSPIRER,24.0,,,injection,WI,,,,,0.0,,28009.124110222085,,,,,,
2013-01-12,NO 15/9-F-5 AH,5769,15/9-F-5,3420717,VOLVE,369304,MÆRSK INSPIRER,24.0,,,injection,WI,,,,,0.0,,28169.59181333788,,,,,,
2013-01-13,NO 15/9-F-5 AH,5769,15/9-F-5,3420717,VOLVE,369304,MÆRSK INSPIRER,12.58333,,,injection,WI,,,,,0.0,,15733.030786064872,,,,,,
2013-01-14,NO 15/9-F-5 AH,5769,15/9-F-5,3420717,VOLVE,369304,MÆRSK INSPIRER,24.0,,,injection,WI,,,,,0.0,,37179.71094985344,,,,,,
2013-01-15,NO 15/9-F-5 AH,5769,15/9-F-5,3420717,VOLVE,369304,MÆRSK INSPIRER,24.0,,,injection,WI,,,,,0.0,,37377.95379075879,,,,,,
2013-01-16,NO 15/9-F-5 AH,5769,15/9-F-5,3420717,VOLVE,369304,MÆRSK INSPIRER,24.0,,,injection,WI,,,,,0.0,,37725.77742058486,,,,,,
2013-01-17,NO 15/9-F-5 AH,5769,15/9-F-5,3420717,VOLVE,369304,MÆRSK INSPIRER,24.0,,,injection,WI,,,,,0.0,,34788.395532826406,,,,,,
2013-01-18,NO 15/9-F-5 AH,5769,15/9-F-5,3420717,VOLVE,369304,MÆRSK INSPIRER,24.0,,,injection,WI,,,,,0.0,,37785.92109354155,,,,,,
2013-01-19,NO 15/9-F-5 AH,5769,15/9-F-5,3420717,VOLVE,369304,MÆRSK INSPIRER,24.0,,,injection,WI,,,,,0.0,,38278.661183128155,,,,,,
2013-01-20,NO 15/9-F-5 AH,5769,15/9-F-5,3420717,VOLVE,369304,MÆRSK INSPIRER,24.0,,,injection,WI,,,,,0.0,,37047.487601852095,,,,,,
2013-01-21,NO 15/9-F-5 AH,5769,15/9-F-5,3420717,VOLVE,369304,MÆRSK INSPIRER,24.0,,,injection,WI,,,,,0.0,,29645.318281194006,,,,,,
2013-01-22,NO 15/9-F-5 AH,5769,15/9-F-5,3420717,VOLVE,369304,MÆRSK INSPIRER,24.0,,,injection,WI,,,,,0.0,,33309.575798000005,,,,,,
2013-01-23,NO 15/9-F-5 AH,5769,15/9-F-5,3420717,VOLVE,369304,MÆRSK INSPIRER,24.0,,,injection,WI,,,,,0.0,,31685.057660785744,,,,,,
2013-01-24,NO 15/9-F-5 AH,5769,15/9-F-5,3420717,VOLVE,369304,MÆRSK INSPIRER,23.66667,,,injection,WI,,,,,0.0,,30574.850958150175,,,,,,
2013-01-25,NO 15/9-F-5 AH,5769,15/9-F-5,3420717,VOLVE,369304,MÆRSK INSPIRER,24.0,,,injection,WI,,,,,0.0,,32047.979395088638,,,,,,
2013-01-26,NO 15/9-F-5 AH,5769,15/9-F-5,3420717,VOLVE,369304,MÆRSK INSPIRER,24.0,,,injection,WI,,,,,0.0,,33042.279524542835,,,,,,
2013-01-27,NO 15/9-F-5 AH,5769,15/9-F-5,3420717,VOLVE,369304,MÆRSK INSPIRER,24.0,,,injection,WI,,,,,0.0,,33120.5244425212,,,,,,
2013-01-28,NO 15/9-F-5 AH,5769,15/9-F-5,3420717,VOLVE,369304,MÆRSK INSPIRER,24.0,,,injection,WI,,,,,0.0,,32903.49514600315,,,,,,
2013-01-29,NO 15/9-F-5 AH,5769,15/9-F-5,3420717,VOLVE,369304,MÆRSK INSPIRER,24.0,,,injection,WI,,,,,0.0,,33237.97471328786,,,,,,
2013-01-30,NO 15/9-F-5 AH,5769,15/9-F-5,3420717,VOLVE,369304,MÆRSK INSPIRER,24.0,,,injection,WI,,,,,0.0,,33428.89505697986,,,,,,
2013-01-31,NO 15/9-F-5 AH,5769,15/9-F-5,3420717,VOLVE,369304,MÆRSK INSPIRER,24.0,,,injection,WI,,,,,0.0,,32890.72371169532,,,,,,
2013-02-01,NO 15/9-F-5 AH,5769,15/9-F-5,3420717,VOLVE,369304,MÆRSK INSPIRER,24.0,,,injection,WI,,,,,0.0,,31608.39436401583,,,,,,
2013-02-02,NO 15/9-F-5 AH,5769,15/9-F-5,3420717,VOLVE,369304,MÆRSK INSPIRER,24.0,,,injection,WI,,,,,0.0,,31207.386538131126,,,,,,
2013-02-03,NO 15/9-F-5 AH,5769,15/9-F-5,3420717,VOLVE,369304,MÆRSK INSPIRER,24.0,,,injection,WI,,,,,0.0,,31093.0435920601,,,,,,
2013-02-04,NO 15/9-F-5 AH,5769,15/9-F-5,3420717,VOLVE,369304,MÆRSK INSPIRER,24.0,,,injection,WI,,,,,0.0,,31167.71498462564,,,,,,
2013-02-05,NO 15/9-F-5 AH,5769,15/9-F-5,3420717,VOLVE,369304,MÆRSK INSPIRER,24.0,,,injection,WI,,,,,0.0,,31213.4777801398,,,,,,
2013-02-06,NO 15/9-F-5 AH,5769,15/9-F-5,3420717,VOLVE,369304,MÆRSK INSPIRER,24.0,,,injection,WI,,,,,0.0,,36654.772579893026,,,,,,
2013-02-07,NO 15/9-F-5 AH,5769,15/9-F-5,3420717,VOLVE,369304,MÆRSK INSPIRER,24.0,,,injection,WI,,,,,0.0,,41085.03892,,,,,,
2013-02-08,NO 15/9-F-5 AH,5769,15/9-F-5,3420717,VOLVE,369304,MÆRSK INSPIRER,24.0,,,injection,WI,,,,,0.0,,41676.28106,,,,,,
2013-02-09,NO 15/9-F-5 AH,5769,15/9-F-5,3420717,VOLVE,369304,MÆRSK INSPIRER,24.0,,,injection,WI,,,,,0.0,,33889.49628,,,,,,
2013-02-10,NO 15/9-F-5 AH,5769,15/9-F-5,3420717,VOLVE,369304,MÆRSK INSPIRER,24.0,,,injection,WI,,,,,0.0,,28568.317020000002,,,,,,
2013-02-11,NO 15/9-F-5 AH,5769,15/9-F-5,3420717,VOLVE,369304,MÆRSK INSPIRER,24.0,,,injection,WI,,,,,0.0,,28467.68006,,,,,,
2013-02-12,NO 15/9-F-5 AH,5769,15/9-F-5,3420717,VOLVE,369304,MÆRSK INSPIRER,24.0,,,injection,WI,,,,,0.0,,36686.90670158408,,,,,,
2013-02-13,NO 15/9-F-5 AH,5769,15/9-F-5,3420717,VOLVE,369304,MÆRSK INSPIRER,24.0,,,injection,WI,,,,,0.0,,39713.86034,,,,,,
2013-02-14,NO 15/9-F-5 AH,5769,15/9-F-5,3420717,VOLVE,369304,MÆRSK INSPIRER,24.0,,,injection,WI,,,,,0.0,,39484.0306826,,,,,,
2013-02-15,NO 15/9-F-5 AH,5769,15/9-F-5,3420717,VOLVE,369304,MÆRSK INSPIRER,24.0,,,injection,WI,,,,,0.0,,29331.270973000002,,,,,,
2013-02-16,NO 15/9-F-5 AH,5769,15/9-F-5,3420717,VOLVE,369304,MÆRSK INSPIRER,24.0,,,injection,WI,,,,,0.0,,29352.656327,,,,,,
2013-02-17,NO 15/9-F-5 AH,5769,15/9-F-5,3420717,VOLVE,369304,MÆRSK INSPIRER,24.0,,,injection,WI,,,,,0.0,,29235.03688,,,,,,
2013-02-18,NO 15/9-F-5 AH,5769,15/9-F-5,3420717,VOLVE,369304,MÆRSK INSPIRER,24.0,,,injection,WI,,,,,0.0,,33873.8346531,,,,,,
2013-02-19,NO 15/9-F-5 AH,5769,15/9-F-5,3420717,VOLVE,369304,MÆRSK INSPIRER,24.0,,,injection,WI,,,,,0.0,,36804.551461138195,,,,,,
2013-02-20,NO 15/9-F-5 AH,5769,15/9-F-5,3420717,VOLVE,369304,MÆRSK INSPIRER,24.0,,,injection,WI,,,,,0.0,,36005.756435818934,,,,,,
2013-02-21,NO 15/9-F-5 AH,5769,15/9-F-5,3420717,VOLVE,369304,MÆRSK INSPIRER,24.0,,,injection,WI,,,,,0.0,,30697.112836598924,,,,,,
2013-02-22,NO 15/9-F-5 AH,5769,15/9-F-5,3420717,VOLVE,369304,MÆRSK INSPIRER,24.0,,,injection,WI,,,,,0.0,,27813.533289080613,,,,,,
2013-02-23,NO 15/9-F-5 AH,5769,15/9-F-5,3420717,VOLVE,369304,MÆRSK INSPIRER,24.0,,,injection,WI,,,,,0.0,,27931.639307919955,,,,,,
2013-02-24,NO 15/9-F-5 AH,5769,15/9-F-5,3420717,VOLVE,369304,MÆRSK INSPIRER,24.0,,,injection,WI,,,,,0.0,,28246.389806388943,,,,,,
2013-02-25,NO 15/9-F-5 AH,5769,15/9-F-5,3420717,VOLVE,369304,MÆRSK INSPIRER,24.0,,,injection,WI,,,,,0.0,,28249.99659310328,,,,,,
2013-02-26,NO 15/9-F-5 AH,5769,15/9-F-5,3420717,VOLVE,369304,MÆRSK INSPIRER,24.0,,,injection,WI,,,,,0.0,,33570.84675976106,,,,,,
2013-02-27,NO 15/9-F-5 AH,5769,15/9-F-5,3420717,VOLVE,369304,MÆRSK INSPIRER,24.0,,,injection,WI,,,,,0.0,,37996.80891474542,,,,,,
2013-02-28,NO 15/9-F-5 AH,5769,15/9-F-5,3420717,VOLVE,369304,MÆRSK INSPIRER,24.0,,,injection,WI,,,,,0.0,,37998.426856985876,,,,,,
2013-03-01,NO 15/9-F-5 AH,5769,15/9-F-5,3420717,VOLVE,369304,MÆRSK INSPIRER,16.35833,,,injection,WI,,,,,0.0,,24178.997222438335,,,,,,
2013-03-02,NO 15/9-F-5 AH,5769,15/9-F-5,3420717,VOLVE,369304,MÆRSK INSPIRER,23.64167,,,injection,WI,,,,,0.0,,36038.095376000005,,,,,,
2013-03-03,NO 15/9-F-5 AH,5769,15/9-F-5,3420717,VOLVE,369304,MÆRSK INSPIRER,24.0,,,injection,WI,,,,,0.0,,36689.12966457955,,,,,,
2013-03-04,NO 15/9-F-5 AH,5769,15/9-F-5,3420717,VOLVE,369304,MÆRSK INSPIRER,24.0,,,injection,WI,,,,,0.0,,36515.122743153006,,,,,,
2013-03-05,NO 15/9-F-5 AH,5769,15/9-F-5,3420717,VOLVE,369304,MÆRSK INSPIRER,24.0,,,injection,WI,,,,,0.0,,30598.667688,,,,,,
2013-03-06,NO 15/9-F-5 AH,5769,15/9-F-5,3420717,VOLVE,369304,MÆRSK INSPIRER,24.0,,,injection,WI,,,,,0.0,,31857.300715069472,,,,,,
2013-03-07,NO 15/9-F-5 AH,5769,15/9-F-5,3420717,VOLVE,369304,MÆRSK INSPIRER,1.85833,,,injection,WI,,,,,0.0,,2467.527020264442,,,,,,
2013-03-08,NO 15/9-F-5 AH,5769,15/9-F-5,3420717,VOLVE,369304,MÆRSK INSPIRER,0.0,,,injection,WI,,,,,0.0,,0.0,,,,,,
2013-03-09,NO 15/9-F-5 AH,5769,15/9-F-5,3420717,VOLVE,369304,MÆRSK INSPIRER,0.0,,,injection,WI,,,,,0.0,,0.0,,,,,,
2013-03-10,NO 15/9-F-5 AH,5769,15/9-F-5,3420717,VOLVE,369304,MÆRSK INSPIRER,8.14167,,,injection,WI,,,,,0.0,,9534.67985842132,,,,,,
2013-03-11,NO 15/9-F-5 AH,5769,15/9-F-5,3420717,VOLVE,369304,MÆRSK INSPIRER,15.19167,,,injection,WI,,,,,0.0,,22400.529334000003,,,,,,
2013-03-12,NO 15/9-F-5 AH,5769,15/9-F-5,3420717,VOLVE,369304,MÆRSK INSPIRER,0.0,,,injection,WI,,,,,0.0,,0.0,,,,,,
2013-03-13,NO 15/9-F-5 AH,5769,15/9-F-5,3420717,VOLVE,369304,MÆRSK INSPIRER,0.0,,,injection,WI,,,,,0.0,,0.0,,,,,,
2013-03-14,NO 15/9-F-5 AH,5769,15/9-F-5,3420717,VOLVE,369304,MÆRSK INSPIRER,0.16667,,,injection,WI,,,,,0.0,,0.0,,,,,,
2013-03-15,NO 15/9-F-5 AH,5769,15/9-F-5,3420717,VOLVE,369304,MÆRSK INSPIRER,12.16667,,,injection,WI,,,,,0.0,,9584.009090208288,,,,,,
2013-03-16,NO 15/9-F-5 AH,5769,15/9-F-5,3420717,VOLVE,369304,MÆRSK INSPIRER,0.0,,,injection,WI,,,,,0.0,,935.0125625366126,,,,,,
2013-03-17,NO 15/9-F-5 AH,5769,15/9-F-5,3420717,VOLVE,369304,MÆRSK INSPIRER,9.475,,,injection,WI,,,,,0.0,,7837.512197238658,,,,,,
2013-03-18,NO 15/9-F-5 AH,5769,15/9-F-5,3420717,VOLVE,369304,MÆRSK INSPIRER,0.69167,,,injection,WI,,,,,0.0,,2167.233081376798,,,,,,
2013-03-19,NO 15/9-F-5 AH,5769,15/9-F-5,3420717,VOLVE,369304,MÆRSK INSPIRER,0.0,,,injection,WI,,,,,0.0,,591.2421400000001,,,,,,
2013-03-20,NO 15/9-F-5 AH,5769,15/9-F-5,3420717,VOLVE,369304,MÆRSK INSPIRER,0.0,,,injection,WI,,,,,0.0,,0.0,,,,,,
2013-03-21,NO 15/9-F-5 AH,5769,15/9-F-5,3420717,VOLVE,369304,MÆRSK INSPIRER,0.0,,,injection,WI,,,,,0.0,,0.0,,,,,,
2013-03-22,NO 15/9-F-5 AH,5769,15/9-F-5,3420717,VOLVE,369304,MÆRSK INSPIRER,17.64166,,,injection,WI,,,,,0.0,,24750.40235,,,,,,
2013-03-23,NO 15/9-F-5 AH,5769,15/9-F-5,3420717,VOLVE,369304,MÆRSK INSPIRER,24.0,,,injection,WI,,,,,0.0,,21096.02274,,,,,,
2013-03-24,NO 15/9-F-5 AH,5769,15/9-F-5,3420717,VOLVE,369304,MÆRSK INSPIRER,24.0,,,injection,WI,,,,,0.0,,22077.2331,,,,,,
2013-03-25,NO 15/9-F-5 AH,5769,15/9-F-5,3420717,VOLVE,369304,MÆRSK INSPIRER,9.8,,,injection,WI,,,,,0.0,,17554.85971,,,,,,
2013-03-26,NO 15/9-F-5 AH,5769,15/9-F-5,3420717,VOLVE,369304,MÆRSK INSPIRER,24.0,,,injection,WI,,,,,0.0,,36227.418657,,,,,,
2013-03-27,NO 15/9-F-5 AH,5769,15/9-F-5,3420717,VOLVE,369304,MÆRSK INSPIRER,24.0,,,injection,WI,,,,,0.0,,39086.136756883134,,,,,,
2013-03-28,NO 15/9-F-5 AH,5769,15/9-F-5,3420717,VOLVE,369304,MÆRSK INSPIRER,22.33334,,,injection,WI,,,,,0.0,,23459.104357,,,,,,
2013-03-29,NO 15/9-F-5 AH,5769,15/9-F-5,3420717,VOLVE,369304,MÆRSK INSPIRER,24.0,,,injection,WI,,,,,0.0,,31117.7028092,,,,,,
2013-03-30,NO 15/9-F-5 AH,5769,15/9-F-5,3420717,VOLVE,369304,MÆRSK INSPIRER,24.0,,,injection,WI,,,,,0.0,,37647.7835512,,,,,,
2013-03-31,NO 15/9-F-5 AH,5769,15/9-F-5,3420717,VOLVE,369304,MÆRSK INSPIRER,23.0,,,injection,WI,,,,,0.0,,36499.76743,,,,,,
2013-04-01,NO 15/9-F-5 AH,5769,15/9-F-5,3420717,VOLVE,369304,MÆRSK INSPIRER,23.16666,,,injection,WI,,,,,0.0,,25088.145031401393,,,,,,
2013-04-02,NO 15/9-F-5 AH,5769,15/9-F-5,3420717,VOLVE,369304,MÆRSK INSPIRER,0.0,,,injection,WI,,,,,0.0,,0.0,,,,,,
2013-04-03,NO 15/9-F-5 AH,5769,15/9-F-5,3420717,VOLVE,369304,MÆRSK INSPIRER,17.0,,,injection,WI,,,,,0.0,,11638.02928815884,,,,,,
2013-04-04,NO 15/9-F-5 AH,5769,15/9-F-5,3420717,VOLVE,369304,MÆRSK INSPIRER,24.0,,,injection,WI,,,,,0.0,,24221.310093858057,,,,,,
2013-04-05,NO 15/9-F-5 AH,5769,15/9-F-5,3420717,VOLVE,369304,MÆRSK INSPIRER,20.69167,,,injection,WI,,,,,0.0,,16348.048645043122,,,,,,
2013-04-06,NO 15/9-F-5 AH,5769,15/9-F-5,3420717,VOLVE,369304,MÆRSK INSPIRER,0.0,,,injection,WI,,,,,0.0,,0.0,,,,,,
2013-04-07,NO 15/9-F-5 AH,5769,15/9-F-5,3420717,VOLVE,369304,MÆRSK INSPIRER,0.0,,,injection,WI,,,,,0.0,,0.0,,,,,,
2013-04-08,NO 15/9-F-5 AH,5769,15/9-F-5,3420717,VOLVE,369304,MÆRSK INSPIRER,0.0,,,injection,WI,,,,,0.0,,0.0,,,,,,
2013-04-09,NO 15/9-F-5 AH,5769,15/9-F-5,3420717,VOLVE,369304,MÆRSK INSPIRER,0.0,,,injection,WI,,,,,0.0,,0.0,,,,,,
2013-04-10,NO 15/9-F-5 AH,5769,15/9-F-5,3420717,VOLVE,369304,MÆRSK INSPIRER,6.31,,,injection,WI,,,,,0.0,,7935.135348913961,,,,,,
2013-04-11,NO 15/9-F-5 AH,5769,15/9-F-5,3420717,VOLVE,369304,MÆRSK INSPIRER,24.0,,,injection,WI,,,,,0.0,,36502.83930244364,,,,,,
2013-04-12,NO 15/9-F-5 AH,5769,15/9-F-5,3420717,VOLVE,369304,MÆRSK INSPIRER,24.0,,,injection,WI,,,,,0.0,,38489.92263608094,,,,,,
2013-04-13,NO 15/9-F-5 AH,5769,15/9-F-5,3420717,VOLVE,369304,MÆRSK INSPIRER,24.0,,,injection,WI,,,,,0.0,,38304.42516215211,,,,,,
2013-04-14,NO 15/9-F-5 AH,5769,15/9-F-5,3420717,VOLVE,369304,MÆRSK INSPIRER,24.0,,,injection,WI,,,,,0.0,,38577.37241057361,,,,,,
2013-04-15,NO 15/9-F-5 AH,5769,15/9-F-5,3420717,VOLVE,369304,MÆRSK INSPIRER,23.99907,,,injection,WI,,,,,0.0,,29540.89534827579,,,,,,
2013-04-16,NO 15/9-F-5 AH,5769,15/9-F-5,3420717,VOLVE,369304,MÆRSK INSPIRER,22.00093,,,injection,WI,,,,,0.0,,25800.111048474042,,,,,,
2013-04-17,NO 15/9-F-5 AH,5769,15/9-F-5,3420717,VOLVE,369304,MÆRSK INSPIRER,23.16666,,,injection,WI,,,,,0.0,,26527.902656000002,,,,,,
2013-04-18,NO 15/9-F-5 AH,5769,15/9-F-5,3420717,VOLVE,369304,MÆRSK INSPIRER,24.0,,,injection,WI,,,,,0.0,,34710.03273201524,,,,,,
2013-04-19,NO 15/9-F-5 AH,5769,15/9-F-5,3420717,VOLVE,369304,MÆRSK INSPIRER,24.0,,,injection,WI,,,,,0.0,,38287.63474105235,,,,,,
2013-04-20,NO 15/9-F-5 AH,5769,15/9-F-5,3420717,VOLVE,369304,MÆRSK INSPIRER,24.0,,,injection,WI,,,,,0.0,,38097.60936787336,,,,,,
2013-04-21,NO 15/9-F-5 AH,5769,15/9-F-5,3420717,VOLVE,369304,MÆRSK INSPIRER,24.0,,,injection,WI,,,,,0.0,,38662.833089,,,,,,
2013-04-22,NO 15/9-F-5 AH,5769,15/9-F-5,3420717,VOLVE,369304,MÆRSK INSPIRER,24.0,,,injection,WI,,,,,0.0,,38824.75381160691,,,,,,
2013-04-23,NO 15/9-F-5 AH,5769,15/9-F-5,3420717,VOLVE,369304,MÆRSK INSPIRER,24.0,,,injection,WI,,,,,0.0,,39482.43144861317,,,,,,
2013-04-24,NO 15/9-F-5 AH,5769,15/9-F-5,3420717,VOLVE,369304,MÆRSK INSPIRER,24.0,,,injection,WI,,,,,0.0,,28782.680810353235,,,,,,
2013-04-25,NO 15/9-F-5 AH,5769,15/9-F-5,3420717,VOLVE,369304,MÆRSK INSPIRER,24.0,,,injection,WI,,,,,0.0,,28280.93405092391,,,,,,
2013-04-26,NO 15/9-F-5 AH,5769,15/9-F-5,3420717,VOLVE,369304,MÆRSK INSPIRER,24.0,,,injection,WI,,,,,0.0,,23209.580459296783,,,,,,
2013-04-27,NO 15/9-F-5 AH,5769,15/9-F-5,3420717,VOLVE,369304,MÆRSK INSPIRER,24.0,,,injection,WI,,,,,0.0,,30245.709084807848,,,,,,
2013-04-28,NO 15/9-F-5 AH,5769,15/9-F-5,3420717,VOLVE,369304,MÆRSK INSPIRER,16.83333,,,injection,WI,,,,,0.0,,32176.659075929383,,,,,,
2013-04-29,NO 15/9-F-5 AH,5769,15/9-F-5,3420717,VOLVE,369304,MÆRSK INSPIRER,24.0,,,injection,WI,,,,,0.0,,33250.96148579293,,,,,,
2013-04-30,NO 15/9-F-5 AH,5769,15/9-F-5,3420717,VOLVE,369304,MÆRSK INSPIRER,24.0,,,injection,WI,,,,,0.0,,42210.91491,,,,,,
2013-05-01,NO 15/9-F-5 AH,5769,15/9-F-5,3420717,VOLVE,369304,MÆRSK INSPIRER,24.0,,,injection,WI,,,,,0.0,,48538.46377,,,,,,
2013-05-02,NO 15/9-F-5 AH,5769,15/9-F-5,3420717,VOLVE,369304,MÆRSK INSPIRER,24.0,,,injection,WI,,,,,0.0,,46160.915590000004,,,,,,
2013-05-03,NO 15/9-F-5 AH,5769,15/9-F-5,3420717,VOLVE,369304,MÆRSK INSPIRER,24.0,,,injection,WI,,,,,0.0,,41361.79056,,,,,,
2013-05-04,NO 15/9-F-5 AH,5769,15/9-F-5,3420717,VOLVE,369304,MÆRSK INSPIRER,24.0,,,injection,WI,,,,,0.0,,36361.39161,,,,,,
2013-05-05,NO 15/9-F-5 AH,5769,15/9-F-5,3420717,VOLVE,369304,MÆRSK INSPIRER,24.0,,,injection,WI,,,,,0.0,,38537.665870000004,,,,,,
2013-05-06,NO 15/9-F-5 AH,5769,15/9-F-5,3420717,VOLVE,369304,MÆRSK INSPIRER,24.0,,,injection,WI,,,,,0.0,,36971.50318,,,,,,
2013-05-07,NO 15/9-F-5 AH,5769,15/9-F-5,3420717,VOLVE,369304,MÆRSK INSPIRER,24.0,,,injection,WI,,,,,0.0,,35855.690886000004,,,,,,
2013-05-08,NO 15/9-F-5 AH,5769,15/9-F-5,3420717,VOLVE,369304,MÆRSK INSPIRER,24.0,,,injection,WI,,,,,0.0,,35465.722666,,,,,,
2013-05-09,NO 15/9-F-5 AH,5769,15/9-F-5,3420717,VOLVE,369304,MÆRSK INSPIRER,24.0,,,injection,WI,,,,,0.0,,35535.728251299995,,,,,,
2013-05-10,NO 15/9-F-5 AH,5769,15/9-F-5,3420717,VOLVE,369304,MÆRSK INSPIRER,24.0,,,injection,WI,,,,,0.0,,35672.657415,,,,,,
2013-05-11,NO 15/9-F-5 AH,5769,15/9-F-5,3420717,VOLVE,369304,MÆRSK INSPIRER,24.0,,,injection,WI,,,,,0.0,,35568.246568999995,,,,,,
2013-05-12,NO 15/9-F-5 AH,5769,15/9-F-5,3420717,VOLVE,369304,MÆRSK INSPIRER,24.0,,,injection,WI,,,,,0.0,,35448.739709885005,,,,,,
2013-05-13,NO 15/9-F-5 AH,5769,15/9-F-5,3420717,VOLVE,369304,MÆRSK INSPIRER,24.0,,,injection,WI,,,,,0.0,,34219.019425900005,,,,,,
2013-05-14,NO 15/9-F-5 AH,5769,15/9-F-5,3420717,VOLVE,369304,MÆRSK INSPIRER,15.16667,,,injection,WI,,,,,0.0,,21992.693997982926,,,,,,
2013-05-15,NO 15/9-F-5 AH,5769,15/9-F-5,3420717,VOLVE,369304,MÆRSK INSPIRER,24.0,,,injection,WI,,,,,0.0,,29703.42584437541,,,,,,
2013-05-16,NO 15/9-F-5 AH,5769,15/9-F-5,3420717,VOLVE,369304,MÆRSK INSPIRER,24.0,,,injection,WI,,,,,0.0,,34600.873791000005,,,,,,
2013-05-17,NO 15/9-F-5 AH,5769,15/9-F-5,3420717,VOLVE,369304,MÆRSK INSPIRER,21.75,,,injection,WI,,,,,0.0,,25188.45185893015,,,,,,
2013-05-18,NO 15/9-F-5 AH,5769,15/9-F-5,3420717,VOLVE,369304,MÆRSK INSPIRER,24.0,,,injection,WI,,,,,0.0,,28340.97478458806,,,,,,
2013-05-19,NO 15/9-F-5 AH,5769,15/9-F-5,3420717,VOLVE,369304,MÆRSK INSPIRER,24.0,,,injection,WI,,,,,0.0,,28875.53694123708,,,,,,
2013-05-20,NO 15/9-F-5 AH,5769,15/9-F-5,3420717,VOLVE,369304,MÆRSK INSPIRER,24.0,,,injection,WI,,,,,0.0,,34585.149266,,,,,,
2013-05-21,NO 15/9-F-5 AH,5769,15/9-F-5,3420717,VOLVE,369304,MÆRSK INSPIRER,18.05833,,,injection,WI,,,,,0.0,,30842.062055786544,,,,,,
2013-05-22,NO 15/9-F-5 AH,5769,15/9-F-5,3420717,VOLVE,369304,MÆRSK INSPIRER,0.0,,,injection,WI,,,,,0.0,,0.0,,,,,,
2013-05-23,NO 15/9-F-5 AH,5769,15/9-F-5,3420717,VOLVE,369304,MÆRSK INSPIRER,2.65833,,,injection,WI,,,,,0.0,,4650.056533,,,,,,
2013-05-24,NO 15/9-F-5 AH,5769,15/9-F-5,3420717,VOLVE,369304,MÆRSK INSPIRER,24.0,,,injection,WI,,,,,0.0,,42732.9746121347,,,,,,
2013-05-25,NO 15/9-F-5 AH,5769,15/9-F-5,3420717,VOLVE,369304,MÆRSK INSPIRER,24.0,,,injection,WI,,,,,0.0,,42249.86257844523,,,,,,
2013-05-26,NO 15/9-F-5 AH,5769,15/9-F-5,3420717,VOLVE,369304,MÆRSK INSPIRER,24.0,,,injection,WI,,,,,0.0,,44591.463165572866,,,,,,
2013-05-27,NO 15/9-F-5 AH,5769,15/9-F-5,3420717,VOLVE,369304,MÆRSK INSPIRER,23.66667,,,injection,WI,,,,,0.0,,45173.338076303036,,,,,,
2013-05-28,NO 15/9-F-5 AH,5769,15/9-F-5,3420717,VOLVE,369304,MÆRSK INSPIRER,24.0,,,injection,WI,,,,,0.0,,47300.000181,,,,,,
2013-05-29,NO 15/9-F-5 AH,5769,15/9-F-5,3420717,VOLVE,369304,MÆRSK INSPIRER,24.0,,,injection,WI,,,,,0.0,,41614.24294344489,,,,,,
2013-05-30,NO 15/9-F-5 AH,5769,15/9-F-5,3420717,VOLVE,369304,MÆRSK INSPIRER,24.0,,,injection,WI,,,,,0.0,,38593.98652305757,,,,,,
2013-05-31,NO 15/9-F-5 AH,5769,15/9-F-5,3420717,VOLVE,369304,MÆRSK INSPIRER,24.0,,,injection,WI,,,,,0.0,,38418.97454502885,,,,,,
2013-06-01,NO 15/9-F-5 AH,5769,15/9-F-5,3420717,VOLVE,369304,MÆRSK INSPIRER,24.0,,,injection,WI,,,,,0.0,,39254.736555347925,,,,,,
2013-06-02,NO 15/9-F-5 AH,5769,15/9-F-5,3420717,VOLVE,369304,MÆRSK INSPIRER,24.0,,,injection,WI,,,,,0.0,,38919.59504321731,,,,,,
2013-06-03,NO 15/9-F-5 AH,5769,15/9-F-5,3420717,VOLVE,369304,MÆRSK INSPIRER,24.0,,,injection,WI,,,,,0.0,,32928.413312,,,,,,
2013-06-04,NO 15/9-F-5 AH,5769,15/9-F-5,3420717,VOLVE,369304,MÆRSK INSPIRER,24.0,,,injection,WI,,,,,0.0,,37595.84441647899,,,,,,
2013-06-05,NO 15/9-F-5 AH,5769,15/9-F-5,3420717,VOLVE,369304,MÆRSK INSPIRER,9.00834,,,injection,WI,,,,,0.0,,12682.705389097193,,,,,,
2013-06-06,NO 15/9-F-5 AH,5769,15/9-F-5,3420717,VOLVE,369304,MÆRSK INSPIRER,9.49166,,,injection,WI,,,,,0.0,,20761.302632035615,,,,,,
2013-06-07,NO 15/9-F-5 AH,5769,15/9-F-5,3420717,VOLVE,369304,MÆRSK INSPIRER,24.0,,,injection,WI,,,,,0.0,,50432.64020481412,,,,,,
2013-06-08,NO 15/9-F-5 AH,5769,15/9-F-5,3420717,VOLVE,369304,MÆRSK INSPIRER,24.0,,,injection,WI,,,,,0.0,,49424.38574662406,,,,,,
2013-06-09,NO 15/9-F-5 AH,5769,15/9-F-5,3420717,VOLVE,369304,MÆRSK INSPIRER,18.675,,,injection,WI,,,,,0.0,,32925.85208302272,,,,,,
2013-06-10,NO 15/9-F-5 AH,5769,15/9-F-5,3420717,VOLVE,369304,MÆRSK INSPIRER,18.99166,,,injection,WI,,,,,0.0,,30849.000252160768,,,,,,
2013-06-11,NO 15/9-F-5 AH,5769,15/9-F-5,3420717,VOLVE,369304,MÆRSK INSPIRER,24.0,,,injection,WI,,,,,0.0,,36166.4075,,,,,,
2013-06-12,NO 15/9-F-5 AH,5769,15/9-F-5,3420717,VOLVE,369304,MÆRSK INSPIRER,24.0,,,injection,WI,,,,,0.0,,33279.38471,,,,,,
2013-06-13,NO 15/9-F-5 AH,5769,15/9-F-5,3420717,VOLVE,369304,MÆRSK INSPIRER,24.0,,,injection,WI,,,,,0.0,,33461.7892,,,,,,
2013-06-14,NO 15/9-F-5 AH,5769,15/9-F-5,3420717,VOLVE,369304,MÆRSK INSPIRER,24.0,,,injection,WI,,,,,0.0,,33769.98989,,,,,,
2013-06-15,NO 15/9-F-5 AH,5769,15/9-F-5,3420717,VOLVE,369304,MÆRSK INSPIRER,24.0,,,injection,WI,,,,,0.0,,34242.99437592038,,,,,,
2013-06-16,NO 15/9-F-5 AH,5769,15/9-F-5,3420717,VOLVE,369304,MÆRSK INSPIRER,24.0,,,injection,WI,,,,,0.0,,37059.56052,,,,,,
2013-06-17,NO 15/9-F-5 AH,5769,15/9-F-5,3420717,VOLVE,369304,MÆRSK INSPIRER,24.0,,,injection,WI,,,,,0.0,,32436.550170000002,,,,,,
2013-06-18,NO 15/9-F-5 AH,5769,15/9-F-5,3420717,VOLVE,369304,MÆRSK INSPIRER,24.0,,,injection,WI,,,,,0.0,,29597.329936000002,,,,,,
2013-06-19,NO 15/9-F-5 AH,5769,15/9-F-5,3420717,VOLVE,369304,MÆRSK INSPIRER,24.0,,,injection,WI,,,,,0.0,,31826.839897740265,,,,,,
2013-06-20,NO 15/9-F-5 AH,5769,15/9-F-5,3420717,VOLVE,369304,MÆRSK INSPIRER,24.0,,,injection,WI,,,,,0.0,,42445.320577144776,,,,,,
2013-06-21,NO 15/9-F-5 AH,5769,15/9-F-5,3420717,VOLVE,369304,MÆRSK INSPIRER,20.34167,,,injection,WI,,,,,0.0,,34530.9940019,,,,,,
2013-06-22,NO 15/9-F-5 AH,5769,15/9-F-5,3420717,VOLVE,369304,MÆRSK INSPIRER,0.0,,,injection,WI,,,,,0.0,,404.6525506363479,,,,,,
2013-06-23,NO 15/9-F-5 AH,5769,15/9-F-5,3420717,VOLVE,369304,MÆRSK INSPIRER,0.0,,,injection,WI,,,,,0.0,,378.5688160172688,,,,,,
2013-06-24,NO 15/9-F-5 AH,5769,15/9-F-5,3420717,VOLVE,369304,MÆRSK INSPIRER,0.0,,,injection,WI,,,,,0.0,,0.0,,,,,,
2013-06-25,NO 15/9-F-5 AH,5769,15/9-F-5,3420717,VOLVE,369304,MÆRSK INSPIRER,2.40833,,,injection,WI,,,,,0.0,,2014.4595600029043,,,,,,
2013-06-26,NO 15/9-F-5 AH,5769,15/9-F-5,3420717,VOLVE,369304,MÆRSK INSPIRER,24.0,,,injection,WI,,,,,0.0,,30644.254319039836,,,,,,
2013-06-27,NO 15/9-F-5 AH,5769,15/9-F-5,3420717,VOLVE,369304,MÆRSK INSPIRER,17.18981,,,injection,WI,,,,,0.0,,17716.054411632005,,,,,,
2013-06-28,NO 15/9-F-5 AH,5769,15/9-F-5,3420717,VOLVE,369304,MÆRSK INSPIRER,21.14352,,,injection,WI,,,,,0.0,,25248.927713787838,,,,,,
2013-06-29,NO 15/9-F-5 AH,5769,15/9-F-5,3420717,VOLVE,369304,MÆRSK INSPIRER,24.0,,,injection,WI,,,,,0.0,,38389.134467738164,,,,,,
2013-06-30,NO 15/9-F-5 AH,5769,15/9-F-5,3420717,VOLVE,369304,MÆRSK INSPIRER,24.0,,,injection,WI,,,,,0.0,,32563.67461669562,,,,,,
2013-07-01,NO 15/9-F-5 AH,5769,15/9-F-5,3420717,VOLVE,369304,MÆRSK INSPIRER,24.0,,,injection,WI,,,,,0.0,,28788.360314847425,,,,,,
2013-07-02,NO 15/9-F-5 AH,5769,15/9-F-5,3420717,VOLVE,369304,MÆRSK INSPIRER,24.0,,,injection,WI,,,,,0.0,,37013.70779592737,,,,,,
2013-07-03,NO 15/9-F-5 AH,5769,15/9-F-5,3420717,VOLVE,369304,MÆRSK INSPIRER,24.0,,,injection,WI,,,,,0.0,,40307.72499007196,,,,,,
2013-07-04,NO 15/9-F-5 AH,5769,15/9-F-5,3420717,VOLVE,369304,MÆRSK INSPIRER,16.00834,,,injection,WI,,,,,0.0,,28420.75555623449,,,,,,
2013-07-05,NO 15/9-F-5 AH,5769,15/9-F-5,3420717,VOLVE,369304,MÆRSK INSPIRER,6.325,,,injection,WI,,,,,0.0,,15419.200053064065,,,,,,
2013-07-06,NO 15/9-F-5 AH,5769,15/9-F-5,3420717,VOLVE,369304,MÆRSK INSPIRER,17.66667,,,injection,WI,,,,,0.0,,17691.02124170081,,,,,,
2013-07-07,NO 15/9-F-5 AH,5769,15/9-F-5,3420717,VOLVE,369304,MÆRSK INSPIRER,24.0,,,injection,WI,,,,,0.0,,31095.049231637062,,,,,,
2013-07-08,NO 15/9-F-5 AH,5769,15/9-F-5,3420717,VOLVE,369304,MÆRSK INSPIRER,24.0,,,injection,WI,,,,,0.0,,38687.135574324246,,,,,,
2013-07-09,NO 15/9-F-5 AH,5769,15/9-F-5,3420717,VOLVE,369304,MÆRSK INSPIRER,24.0,,,injection,WI,,,,,0.0,,38792.19059252577,,,,,,
2013-07-10,NO 15/9-F-5 AH,5769,15/9-F-5,3420717,VOLVE,369304,MÆRSK INSPIRER,24.0,,,injection,WI,,,,,0.0,,40345.48281122836,,,,,,
2013-07-11,NO 15/9-F-5 AH,5769,15/9-F-5,3420717,VOLVE,369304,MÆRSK INSPIRER,24.0,,,injection,WI,,,,,0.0,,33536.25918498708,,,,,,
2013-07-12,NO 15/9-F-5 AH,5769,15/9-F-5,3420717,VOLVE,369304,MÆRSK INSPIRER,24.0,,,injection,WI,,,,,0.0,,32985.33297380254,,,,,,
2013-07-13,NO 15/9-F-5 AH,5769,15/9-F-5,3420717,VOLVE,369304,MÆRSK INSPIRER,24.0,,,injection,WI,,,,,0.0,,33305.640892864,,,,,,
2013-07-14,NO 15/9-F-5 AH,5769,15/9-F-5,3420717,VOLVE,369304,MÆRSK INSPIRER,24.0,,,injection,WI,,,,,0.0,,34707.0863072113,,,,,,
2013-07-15,NO 15/9-F-5 AH,5769,15/9-F-5,3420717,VOLVE,369304,MÆRSK INSPIRER,24.0,,,injection,WI,,,,,0.0,,35918.16692795561,,,,,,
2013-07-16,NO 15/9-F-5 AH,5769,15/9-F-5,3420717,VOLVE,369304,MÆRSK INSPIRER,24.0,,,injection,WI,,,,,0.0,,35065.69075,,,,,,
2013-07-17,NO 15/9-F-5 AH,5769,15/9-F-5,3420717,VOLVE,369304,MÆRSK INSPIRER,24.0,,,injection,WI,,,,,0.0,,33206.076789686835,,,,,,
2013-07-18,NO 15/9-F-5 AH,5769,15/9-F-5,3420717,VOLVE,369304,MÆRSK INSPIRER,24.0,,,injection,WI,,,,,0.0,,32268.567874942335,,,,,,
2013-07-19,NO 15/9-F-5 AH,5769,15/9-F-5,3420717,VOLVE,369304,MÆRSK INSPIRER,24.0,,,injection,WI,,,,,0.0,,30568.962856038463,,,,,,
2013-07-20,NO 15/9-F-5 AH,5769,15/9-F-5,3420717,VOLVE,369304,MÆRSK INSPIRER,24.0,,,injection,WI,,,,,0.0,,22564.401898652715,,,,,,
2013-07-21,NO 15/9-F-5 AH,5769,15/9-F-5,3420717,VOLVE,369304,MÆRSK INSPIRER,24.0,,,injection,WI,,,,,0.0,,29081.510850999217,,,,,,
2013-07-22,NO 15/9-F-5 AH,5769,15/9-F-5,3420717,VOLVE,369304,MÆRSK INSPIRER,4.83333,,,injection,WI,,,,,0.0,,6288.726498984121,,,,,,
2013-07-23,NO 15/9-F-5 AH,5769,15/9-F-5,3420717,VOLVE,369304,MÆRSK INSPIRER,24.0,,,injection,WI,,,,,0.0,,17617.75781,,,,,,
2013-07-24,NO 15/9-F-5 AH,5769,15/9-F-5,3420717,VOLVE,369304,MÆRSK INSPIRER,24.0,,,injection,WI,,,,,0.0,,19309.7167,,,,,,
2013-07-25,NO 15/9-F-5 AH,5769,15/9-F-5,3420717,VOLVE,369304,MÆRSK INSPIRER,24.0,,,injection,WI,,,,,0.0,,25203.26867,,,,,,
2013-07-26,NO 15/9-F-5 AH,5769,15/9-F-5,3420717,VOLVE,369304,MÆRSK INSPIRER,24.0,,,injection,WI,,,,,0.0,,17624.04762,,,,,,
2013-07-27,NO 15/9-F-5 AH,5769,15/9-F-5,3420717,VOLVE,369304,MÆRSK INSPIRER,24.0,,,injection,WI,,,,,0.0,,18561.22931,,,,,,
2013-07-28,NO 15/9-F-5 AH,5769,15/9-F-5,3420717,VOLVE,369304,MÆRSK INSPIRER,0.3,,,injection,WI,,,,,0.0,,918.31226,,,,,,
2013-07-29,NO 15/9-F-5 AH,5769,15/9-F-5,3420717,VOLVE,369304,MÆRSK INSPIRER,9.15833,,,injection,WI,,,,,0.0,,7308.75922,,,,,,
2013-07-30,NO 15/9-F-5 AH,5769,15/9-F-5,3420717,VOLVE,369304,MÆRSK INSPIRER,24.0,,,injection,WI,,,,,0.0,,35199.79285638609,,,,,,
2013-07-31,NO 15/9-F-5 AH,5769,15/9-F-5,3420717,VOLVE,369304,MÆRSK INSPIRER,24.0,,,injection,WI,,,,,0.0,,7730.842174662104,,,,,,
2013-08-01,NO 15/9-F-5 AH,5769,15/9-F-5,3420717,VOLVE,369304,MÆRSK INSPIRER,0.0,,,injection,WI,,,,,0.0,,0.0,,,,,,
2013-08-02,NO 15/9-F-5 AH,5769,15/9-F-5,3420717,VOLVE,369304,MÆRSK INSPIRER,0.0,,,injection,WI,,,,,0.0,,0.0,,,,,,
2013-08-03,NO 15/9-F-5 AH,5769,15/9-F-5,3420717,VOLVE,369304,MÆRSK INSPIRER,18.05,,,injection,WI,,,,,0.0,,24106.6402965,,,,,,
2013-08-04,NO 15/9-F-5 AH,5769,15/9-F-5,3420717,VOLVE,369304,MÆRSK INSPIRER,24.0,,,injection,WI,,,,,0.0,,37997.371191000006,,,,,,
2013-08-05,NO 15/9-F-5 AH,5769,15/9-F-5,3420717,VOLVE,369304,MÆRSK INSPIRER,24.0,,,injection,WI,,,,,0.0,,40107.5395479,,,,,,
2013-08-06,NO 15/9-F-5 AH,5769,15/9-F-5,3420717,VOLVE,369304,MÆRSK INSPIRER,24.0,,,injection,WI,,,,,0.0,,40346.47792468921,,,,,,
2013-08-07,NO 15/9-F-5 AH,5769,15/9-F-5,3420717,VOLVE,369304,MÆRSK INSPIRER,24.0,,,injection,WI,,,,,0.0,,40035.81451986106,,,,,,
2013-08-08,NO 15/9-F-5 AH,5769,15/9-F-5,3420717,VOLVE,369304,MÆRSK INSPIRER,24.0,,,injection,WI,,,,,0.0,,40207.34510115855,,,,,,
2013-08-09,NO 15/9-F-5 AH,5769,15/9-F-5,3420717,VOLVE,369304,MÆRSK INSPIRER,24.0,,,injection,WI,,,,,0.0,,40738.250473655615,,,,,,
2013-08-10,NO 15/9-F-5 AH,5769,15/9-F-5,3420717,VOLVE,369304,MÆRSK INSPIRER,24.0,,,injection,WI,,,,,0.0,,40802.153719363414,,,,,,
2013-08-11,NO 15/9-F-5 AH,5769,15/9-F-5,3420717,VOLVE,369304,MÆRSK INSPIRER,22.5,,,injection,WI,,,,,0.0,,36210.76582680436,,,,,,
2013-08-12,NO 15/9-F-5 AH,5769,15/9-F-5,3420717,VOLVE,369304,MÆRSK INSPIRER,23.66666,,,injection,WI,,,,,0.0,,38814.24643765102,,,,,,
2013-08-13,NO 15/9-F-5 AH,5769,15/9-F-5,3420717,VOLVE,369304,MÆRSK INSPIRER,22.83334,,,injection,WI,,,,,0.0,,37577.27812387194,,,,,,
2013-08-14,NO 15/9-F-5 AH,5769,15/9-F-5,3420717,VOLVE,369304,MÆRSK INSPIRER,24.0,,,injection,WI,,,,,0.0,,40681.539012426336,,,,,,
2013-08-15,NO 15/9-F-5 AH,5769,15/9-F-5,3420717,VOLVE,369304,MÆRSK INSPIRER,24.0,,,injection,WI,,,,,0.0,,40575.43743404928,,,,,,
2013-08-16,NO 15/9-F-5 AH,5769,15/9-F-5,3420717,VOLVE,369304,MÆRSK INSPIRER,24.0,,,injection,WI,,,,,0.0,,41342.875255008694,,,,,,
2013-08-17,NO 15/9-F-5 AH,5769,15/9-F-5,3420717,VOLVE,369304,MÆRSK INSPIRER,24.0,,,injection,WI,,,,,0.0,,41191.895245438376,,,,,,
2013-08-18,NO 15/9-F-5 AH,5769,15/9-F-5,3420717,VOLVE,369304,MÆRSK INSPIRER,24.0,,,injection,WI,,,,,0.0,,44269.124325829376,,,,,,
2013-08-19,NO 15/9-F-5 AH,5769,15/9-F-5,3420717,VOLVE,369304,MÆRSK INSPIRER,24.0,,,injection,WI,,,,,0.0,,44537.511175028296,,,,,,
2013-08-20,NO 15/9-F-5 AH,5769,15/9-F-5,3420717,VOLVE,369304,MÆRSK INSPIRER,24.0,,,injection,WI,,,,,0.0,,44616.649766246366,,,,,,
2013-08-21,NO 15/9-F-5 AH,5769,15/9-F-5,3420717,VOLVE,369304,MÆRSK INSPIRER,24.0,,,injection,WI,,,,,0.0,,37105.947438946314,,,,,,
2013-08-22,NO 15/9-F-5 AH,5769,15/9-F-5,3420717,VOLVE,369304,MÆRSK INSPIRER,24.0,,,injection,WI,,,,,0.0,,39089.9768077532,,,,,,
2013-08-23,NO 15/9-F-5 AH,5769,15/9-F-5,3420717,VOLVE,369304,MÆRSK INSPIRER,24.0,,,injection,WI,,,,,0.0,,39384.498149027524,,,,,,
2013-08-24,NO 15/9-F-5 AH,5769,15/9-F-5,3420717,VOLVE,369304,MÆRSK INSPIRER,24.0,,,injection,WI,,,,,0.0,,44174.14901512543,,,,,,
2013-08-25,NO 15/9-F-5 AH,5769,15/9-F-5,3420717,VOLVE,369304,MÆRSK INSPIRER,24.0,,,injection,WI,,,,,0.0,,43670.3630311545,,,,,,
2013-08-26,NO 15/9-F-5 AH,5769,15/9-F-5,3420717,VOLVE,369304,MÆRSK INSPIRER,24.0,,,injection,WI,,,,,0.0,,43819.6868944405,,,,,,
2013-08-27,NO 15/9-F-5 AH,5769,15/9-F-5,3420717,VOLVE,369304,MÆRSK INSPIRER,24.0,,,injection,WI,,,,,0.0,,43751.9212415192,,,,,,
2013-08-28,NO 15/9-F-5 AH,5769,15/9-F-5,3420717,VOLVE,369304,MÆRSK INSPIRER,24.0,,,injection,WI,,,,,0.0,,42248.01467026816,,,,,,
2013-08-29,NO 15/9-F-5 AH,5769,15/9-F-5,3420717,VOLVE,369304,MÆRSK INSPIRER,24.0,,,injection,WI,,,,,0.0,,40395.5543965302,,,,,,
2013-08-30,NO 15/9-F-5 AH,5769,15/9-F-5,3420717,VOLVE,369304,MÆRSK INSPIRER,24.0,,,injection,WI,,,,,0.0,,40284.39762447503,,,,,,
2013-08-31,NO 15/9-F-5 AH,5769,15/9-F-5,3420717,VOLVE,369304,MÆRSK INSPIRER,24.0,,,injection,WI,,,,,0.0,,40510.76351102595,,,,,,
2013-09-01,NO 15/9-F-5 AH,5769,15/9-F-5,3420717,VOLVE,369304,MÆRSK INSPIRER,24.0,,,injection,WI,,,,,0.0,,40515.610432060064,,,,,,
2013-09-02,NO 15/9-F-5 AH,5769,15/9-F-5,3420717,VOLVE,369304,MÆRSK INSPIRER,24.0,,,injection,WI,,,,,0.0,,40141.6137758997,,,,,,
2013-09-03,NO 15/9-F-5 AH,5769,15/9-F-5,3420717,VOLVE,369304,MÆRSK INSPIRER,24.0,,,injection,WI,,,,,0.0,,39952.873120000004,,,,,,
2013-09-04,NO 15/9-F-5 AH,5769,15/9-F-5,3420717,VOLVE,369304,MÆRSK INSPIRER,24.0,,,injection,WI,,,,,0.0,,44663.94081,,,,,,
2013-09-05,NO 15/9-F-5 AH,5769,15/9-F-5,3420717,VOLVE,369304,MÆRSK INSPIRER,24.0,,,injection,WI,,,,,0.0,,31121.97988,,,,,,
2013-09-06,NO 15/9-F-5 AH,5769,15/9-F-5,3420717,VOLVE,369304,MÆRSK INSPIRER,24.0,,,injection,WI,,,,,0.0,,26071.262450000002,,,,,,
2013-09-07,NO 15/9-F-5 AH,5769,15/9-F-5,3420717,VOLVE,369304,MÆRSK INSPIRER,24.0,,,injection,WI,,,,,0.0,,27530.49837,,,,,,
2013-09-08,NO 15/9-F-5 AH,5769,15/9-F-5,3420717,VOLVE,369304,MÆRSK INSPIRER,24.0,,,injection,WI,,,,,0.0,,27511.628940000002,,,,,,
2013-09-09,NO 15/9-F-5 AH,5769,15/9-F-5,3420717,VOLVE,369304,MÆRSK INSPIRER,24.0,,,injection,WI,,,,,0.0,,27524.20856,,,,,,
2013-09-10,NO 15/9-F-5 AH,5769,15/9-F-5,3420717,VOLVE,369304,MÆRSK INSPIRER,24.0,,,injection,WI,,,,,0.0,,27898.31448588459,,,,,,
2013-09-11,NO 15/9-F-5 AH,5769,15/9-F-5,3420717,VOLVE,369304,MÆRSK INSPIRER,24.0,,,injection,WI,,,,,0.0,,27869.148242491086,,,,,,
2013-09-12,NO 15/9-F-5 AH,5769,15/9-F-5,3420717,VOLVE,369304,MÆRSK INSPIRER,20.4,,,injection,WI,,,,,0.0,,20941.287445232385,,,,,,
2013-09-13,NO 15/9-F-5 AH,5769,15/9-F-5,3420717,VOLVE,369304,MÆRSK INSPIRER,0.0,,,injection,WI,,,,,0.0,,0.0,,,,,,
2013-09-14,NO 15/9-F-5 AH,5769,15/9-F-5,3420717,VOLVE,369304,MÆRSK INSPIRER,10.60833,,,injection,WI,,,,,0.0,,10349.057424142089,,,,,,
2013-09-15,NO 15/9-F-5 AH,5769,15/9-F-5,3420717,VOLVE,369304,MÆRSK INSPIRER,22.16666,,,injection,WI,,,,,0.0,,32621.165314623537,,,,,,
2013-09-16,NO 15/9-F-5 AH,5769,15/9-F-5,3420717,VOLVE,369304,MÆRSK INSPIRER,21.5,,,injection,WI,,,,,0.0,,31163.177223477553,,,,,,
2013-09-17,NO 15/9-F-5 AH,5769,15/9-F-5,3420717,VOLVE,369304,MÆRSK INSPIRER,24.0,,,injection,WI,,,,,0.0,,40195.87577021314,,,,,,
2013-09-18,NO 15/9-F-5 AH,5769,15/9-F-5,3420717,VOLVE,369304,MÆRSK INSPIRER,10.64167,,,injection,WI,,,,,0.0,,17636.785241337577,,,,,,
2013-09-19,NO 15/9-F-5 AH,5769,15/9-F-5,3420717,VOLVE,369304,MÆRSK INSPIRER,0.0,,,injection,WI,,,,,0.0,,0.0,,,,,,
2013-09-20,NO 15/9-F-5 AH,5769,15/9-F-5,3420717,VOLVE,369304,MÆRSK INSPIRER,18.44167,,,injection,WI,,,,,0.0,,26121.987735255145,,,,,,
2013-09-21,NO 15/9-F-5 AH,5769,15/9-F-5,3420717,VOLVE,369304,MÆRSK INSPIRER,11.66667,,,injection,WI,,,,,0.0,,18977.18578006177,,,,,,
2013-09-22,NO 15/9-F-5 AH,5769,15/9-F-5,3420717,VOLVE,369304,MÆRSK INSPIRER,24.0,,,injection,WI,,,,,0.0,,39960.54223553867,,,,,,
2013-09-23,NO 15/9-F-5 AH,5769,15/9-F-5,3420717,VOLVE,369304,MÆRSK INSPIRER,24.0,,,injection,WI,,,,,0.0,,41347.14354759261,,,,,,
2013-09-24,NO 15/9-F-5 AH,5769,15/9-F-5,3420717,VOLVE,369304,MÆRSK INSPIRER,24.0,,,injection,WI,,,,,0.0,,41681.7835862757,,,,,,
2013-09-25,NO 15/9-F-5 AH,5769,15/9-F-5,3420717,VOLVE,369304,MÆRSK INSPIRER,24.0,,,injection,WI,,,,,0.0,,42094.93262323075,,,,,,
2013-09-26,NO 15/9-F-5 AH,5769,15/9-F-5,3420717,VOLVE,369304,MÆRSK INSPIRER,24.0,,,injection,WI,,,,,0.0,,42357.21153621695,,,,,,
2013-09-27,NO 15/9-F-5 AH,5769,15/9-F-5,3420717,VOLVE,369304,MÆRSK INSPIRER,13.5,,,injection,WI,,,,,0.0,,17044.836671810444,,,,,,
2013-09-28,NO 15/9-F-5 AH,5769,15/9-F-5,3420717,VOLVE,369304,MÆRSK INSPIRER,24.0,,,injection,WI,,,,,0.0,,33266.49864259454,,,,,,
2013-09-29,NO 15/9-F-5 AH,5769,15/9-F-5,3420717,VOLVE,369304,MÆRSK INSPIRER,24.0,,,injection,WI,,,,,0.0,,40906.32595880031,,,,,,
2013-09-30,NO 15/9-F-5 AH,5769,15/9-F-5,3420717,VOLVE,369304,MÆRSK INSPIRER,24.0,,,injection,WI,,,,,0.0,,31427.782066269687,,,,,,
2013-10-01,NO 15/9-F-5 AH,5769,15/9-F-5,3420717,VOLVE,369304,MÆRSK INSPIRER,24.0,,,injection,WI,,,,,0.0,,35430.969335076865,,,,,,
2013-10-02,NO 15/9-F-5 AH,5769,15/9-F-5,3420717,VOLVE,369304,MÆRSK INSPIRER,24.0,,,injection,WI,,,,,0.0,,38946.872446184796,,,,,,
2013-10-03,NO 15/9-F-5 AH,5769,15/9-F-5,3420717,VOLVE,369304,MÆRSK INSPIRER,24.0,,,injection,WI,,,,,0.0,,38853.69316582919,,,,,,
2013-10-04,NO 15/9-F-5 AH,5769,15/9-F-5,3420717,VOLVE,369304,MÆRSK INSPIRER,24.0,,,injection,WI,,,,,0.0,,41157.043068840714,,,,,,
2013-10-05,NO 15/9-F-5 AH,5769,15/9-F-5,3420717,VOLVE,369304,MÆRSK INSPIRER,24.0,,,injection,WI,,,,,0.0,,30141.91870235681,,,,,,
2013-10-06,NO 15/9-F-5 AH,5769,15/9-F-5,3420717,VOLVE,369304,MÆRSK INSPIRER,24.0,,,injection,WI,,,,,0.0,,35851.18303158808,,,,,,
2013-10-07,NO 15/9-F-5 AH,5769,15/9-F-5,3420717,VOLVE,369304,MÆRSK INSPIRER,24.0,,,injection,WI,,,,,0.0,,37502.37155268974,,,,,,
2013-10-08,NO 15/9-F-5 AH,5769,15/9-F-5,3420717,VOLVE,369304,MÆRSK INSPIRER,24.0,,,injection,WI,,,,,0.0,,40612.13712440051,,,,,,
2013-10-09,NO 15/9-F-5 AH,5769,15/9-F-5,3420717,VOLVE,369304,MÆRSK INSPIRER,24.0,,,injection,WI,,,,,0.0,,40654.06365603438,,,,,,
2013-10-10,NO 15/9-F-5 AH,5769,15/9-F-5,3420717,VOLVE,369304,MÆRSK INSPIRER,24.0,,,injection,WI,,,,,0.0,,39427.96733518651,,,,,,
2013-10-11,NO 15/9-F-5 AH,5769,15/9-F-5,3420717,VOLVE,369304,MÆRSK INSPIRER,12.5,,,injection,WI,,,,,0.0,,18655.027938773674,,,,,,
2013-10-12,NO 15/9-F-5 AH,5769,15/9-F-5,3420717,VOLVE,369304,MÆRSK INSPIRER,9.75,,,injection,WI,,,,,0.0,,12165.06422476203,,,,,,
2013-10-13,NO 15/9-F-5 AH,5769,15/9-F-5,3420717,VOLVE,369304,MÆRSK INSPIRER,23.33334,,,injection,WI,,,,,0.0,,39102.96519071171,,,,,,
2013-10-14,NO 15/9-F-5 AH,5769,15/9-F-5,3420717,VOLVE,369304,MÆRSK INSPIRER,24.0,,,injection,WI,,,,,0.0,,42679.34221338812,,,,,,
2013-10-15,NO 15/9-F-5 AH,5769,15/9-F-5,3420717,VOLVE,369304,MÆRSK INSPIRER,24.0,,,injection,WI,,,,,0.0,,41946.74289,,,,,,
2013-10-16,NO 15/9-F-5 AH,5769,15/9-F-5,3420717,VOLVE,369304,MÆRSK INSPIRER,24.0,,,injection,WI,,,,,0.0,,41739.17916,,,,,,
2013-10-17,NO 15/9-F-5 AH,5769,15/9-F-5,3420717,VOLVE,369304,MÆRSK INSPIRER,24.0,,,injection,WI,,,,,0.0,,41462.42752,,,,,,
2013-10-18,NO 15/9-F-5 AH,5769,15/9-F-5,3420717,VOLVE,369304,MÆRSK INSPIRER,24.0,,,injection,WI,,,,,0.0,,41078.749110000004,,,,,,
2013-10-19,NO 15/9-F-5 AH,5769,15/9-F-5,3420717,VOLVE,369304,MÆRSK INSPIRER,24.0,,,injection,WI,,,,,0.0,,40864.89557,,,,,,
2013-10-20,NO 15/9-F-5 AH,5769,15/9-F-5,3420717,VOLVE,369304,MÆRSK INSPIRER,19.64167,,,injection,WI,,,,,0.0,,33876.91666,,,,,,
2013-10-21,NO 15/9-F-5 AH,5769,15/9-F-5,3420717,VOLVE,369304,MÆRSK INSPIRER,20.85833,,,injection,WI,,,,,0.0,,34845.5474,,,,,,
2013-10-22,NO 15/9-F-5 AH,5769,15/9-F-5,3420717,VOLVE,369304,MÆRSK INSPIRER,24.0,,,injection,WI,,,,,0.0,,40799.06012873,,,,,,
2013-10-23,NO 15/9-F-5 AH,5769,15/9-F-5,3420717,VOLVE,369304,MÆRSK INSPIRER,24.0,,,injection,WI,,,,,0.0,,41062.3327059,,,,,,
2013-10-24,NO 15/9-F-5 AH,5769,15/9-F-5,3420717,VOLVE,369304,MÆRSK INSPIRER,24.0,,,injection,WI,,,,,0.0,,34350.55808746116,,,,,,
2013-10-25,NO 15/9-F-5 AH,5769,15/9-F-5,3420717,VOLVE,369304,MÆRSK INSPIRER,24.0,,,injection,WI,,,,,0.0,,38458.82572109379,,,,,,
2013-10-26,NO 15/9-F-5 AH,5769,15/9-F-5,3420717,VOLVE,369304,MÆRSK INSPIRER,24.0,,,injection,WI,,,,,0.0,,39793.111946000005,,,,,,
2013-10-27,NO 15/9-F-5 AH,5769,15/9-F-5,3420717,VOLVE,369304,MÆRSK INSPIRER,24.14167,,,injection,WI,,,,,0.0,,31521.382815,,,,,,
2013-10-28,NO 15/9-F-5 AH,5769,15/9-F-5,3420717,VOLVE,369304,MÆRSK INSPIRER,0.0,,,injection,WI,,,,,0.0,,0.0,,,,,,
2013-10-29,NO 15/9-F-5 AH,5769,15/9-F-5,3420717,VOLVE,369304,MÆRSK INSPIRER,0.0,,,injection,WI,,,,,0.0,,391.14145301779166,,,,,,
2013-10-30,NO 15/9-F-5 AH,5769,15/9-F-5,3420717,VOLVE,369304,MÆRSK INSPIRER,16.19167,,,injection,WI,,,,,0.0,,20553.668461405123,,,,,,
2013-10-31,NO 15/9-F-5 AH,5769,15/9-F-5,3420717,VOLVE,369304,MÆRSK INSPIRER,24.0,,,injection,WI,,,,,0.0,,40385.69796549422,,,,,,
2013-11-01,NO 15/9-F-5 AH,5769,15/9-F-5,3420717,VOLVE,369304,MÆRSK INSPIRER,24.0,,,injection,WI,,,,,0.0,,40766.974601062706,,,,,,
2013-11-02,NO 15/9-F-5 AH,5769,15/9-F-5,3420717,VOLVE,369304,MÆRSK INSPIRER,3.30833,,,injection,WI,,,,,0.0,,5685.266503958156,,,,,,
2013-11-03,NO 15/9-F-5 AH,5769,15/9-F-5,3420717,VOLVE,369304,MÆRSK INSPIRER,8.19167,,,injection,WI,,,,,0.0,,10469.391342167379,,,,,,
2013-11-04,NO 15/9-F-5 AH,5769,15/9-F-5,3420717,VOLVE,369304,MÆRSK INSPIRER,24.0,,,injection,WI,,,,,0.0,,31757.93168117682,,,,,,
2013-11-05,NO 15/9-F-5 AH,5769,15/9-F-5,3420717,VOLVE,369304,MÆRSK INSPIRER,24.0,,,injection,WI,,,,,0.0,,27389.580415837583,,,,,,
2013-11-06,NO 15/9-F-5 AH,5769,15/9-F-5,3420717,VOLVE,369304,MÆRSK INSPIRER,24.0,,,injection,WI,,,,,0.0,,24661.282970339995,,,,,,
2013-11-07,NO 15/9-F-5 AH,5769,15/9-F-5,3420717,VOLVE,369304,MÆRSK INSPIRER,24.0,,,injection,WI,,,,,0.0,,38797.59786093939,,,,,,
2013-11-08,NO 15/9-F-5 AH,5769,15/9-F-5,3420717,VOLVE,369304,MÆRSK INSPIRER,24.0,,,injection,WI,,,,,0.0,,40067.81725135234,,,,,,
2013-11-09,NO 15/9-F-5 AH,5769,15/9-F-5,3420717,VOLVE,369304,MÆRSK INSPIRER,23.16667,,,injection,WI,,,,,0.0,,38598.28772445156,,,,,,
2013-11-10,NO 15/9-F-5 AH,5769,15/9-F-5,3420717,VOLVE,369304,MÆRSK INSPIRER,23.33333,,,injection,WI,,,,,0.0,,38700.87064159389,,,,,,
2013-11-11,NO 15/9-F-5 AH,5769,15/9-F-5,3420717,VOLVE,369304,MÆRSK INSPIRER,24.0,,,injection,WI,,,,,0.0,,38651.53507937522,,,,,,
2013-11-12,NO 15/9-F-5 AH,5769,15/9-F-5,3420717,VOLVE,369304,MÆRSK INSPIRER,23.66667,,,injection,WI,,,,,0.0,,38556.36566775543,,,,,,
2013-11-13,NO 15/9-F-5 AH,5769,15/9-F-5,3420717,VOLVE,369304,MÆRSK INSPIRER,24.0,,,injection,WI,,,,,0.0,,37918.24550568582,,,,,,
2013-11-14,NO 15/9-F-5 AH,5769,15/9-F-5,3420717,VOLVE,369304,MÆRSK INSPIRER,24.0,,,injection,WI,,,,,0.0,,37515.32489747542,,,,,,
2013-11-15,NO 15/9-F-5 AH,5769,15/9-F-5,3420717,VOLVE,369304,MÆRSK INSPIRER,24.0,,,injection,WI,,,,,0.0,,37384.172097412484,,,,,,
2013-11-16,NO 15/9-F-5 AH,5769,15/9-F-5,3420717,VOLVE,369304,MÆRSK INSPIRER,24.0,,,injection,WI,,,,,0.0,,37625.31571434711,,,,,,
2013-11-17,NO 15/9-F-5 AH,5769,15/9-F-5,3420717,VOLVE,369304,MÆRSK INSPIRER,24.0,,,injection,WI,,,,,0.0,,37672.396143812904,,,,,,
2013-11-18,NO 15/9-F-5 AH,5769,15/9-F-5,3420717,VOLVE,369304,MÆRSK INSPIRER,24.0,,,injection,WI,,,,,0.0,,36765.75591961008,,,,,,
2013-11-19,NO 15/9-F-5 AH,5769,15/9-F-5,3420717,VOLVE,369304,MÆRSK INSPIRER,24.0,,,injection,WI,,,,,0.0,,37875.21914049611,,,,,,
2013-11-20,NO 15/9-F-5 AH,5769,15/9-F-5,3420717,VOLVE,369304,MÆRSK INSPIRER,24.0,,,injection,WI,,,,,0.0,,37787.07706496202,,,,,,
2013-11-21,NO 15/9-F-5 AH,5769,15/9-F-5,3420717,VOLVE,369304,MÆRSK INSPIRER,24.0,,,injection,WI,,,,,0.0,,40170.84336292141,,,,,,
2013-11-22,NO 15/9-F-5 AH,5769,15/9-F-5,3420717,VOLVE,369304,MÆRSK INSPIRER,24.0,,,injection,WI,,,,,0.0,,42782.20454747743,,,,,,
2013-11-23,NO 15/9-F-5 AH,5769,15/9-F-5,3420717,VOLVE,369304,MÆRSK INSPIRER,24.0,,,injection,WI,,,,,0.0,,42480.93026832017,,,,,,
2013-11-24,NO 15/9-F-5 AH,5769,15/9-F-5,3420717,VOLVE,369304,MÆRSK INSPIRER,24.0,,,injection,WI,,,,,0.0,,34478.82041058011,,,,,,
2013-11-25,NO 15/9-F-5 AH,5769,15/9-F-5,3420717,VOLVE,369304,MÆRSK INSPIRER,24.0,,,injection,WI,,,,,0.0,,39544.8776925939,,,,,,
2013-11-26,NO 15/9-F-5 AH,5769,15/9-F-5,3420717,VOLVE,369304,MÆRSK INSPIRER,24.0,,,injection,WI,,,,,0.0,,36285.91389,,,,,,
2013-11-27,NO 15/9-F-5 AH,5769,15/9-F-5,3420717,VOLVE,369304,MÆRSK INSPIRER,24.0,,,injection,WI,,,,,0.0,,34946.18436,,,,,,
2013-11-28,NO 15/9-F-5 AH,5769,15/9-F-5,3420717,VOLVE,369304,MÆRSK INSPIRER,24.0,,,injection,WI,,,,,0.0,,37487.2676,,,,,,
2013-11-29,NO 15/9-F-5 AH,5769,15/9-F-5,3420717,VOLVE,369304,MÆRSK INSPIRER,24.0,,,injection,WI,,,,,0.0,,38902.47485,,,,,,
2013-11-30,NO 15/9-F-5 AH,5769,15/9-F-5,3420717,VOLVE,369304,MÆRSK INSPIRER,24.0,,,injection,WI,,,,,0.0,,34858.12702,,,,,,
2013-12-01,NO 15/9-F-5 AH,5769,15/9-F-5,3420717,VOLVE,369304,MÆRSK INSPIRER,24.0,,,injection,WI,,,,,0.0,,37109.879,,,,,,
2013-12-02,NO 15/9-F-5 AH,5769,15/9-F-5,3420717,VOLVE,369304,MÆRSK INSPIRER,24.0,,,injection,WI,,,,,0.0,,31537.107340000002,,,,,,
2013-12-03,NO 15/9-F-5 AH,5769,15/9-F-5,3420717,VOLVE,369304,MÆRSK INSPIRER,24.0,,,injection,WI,,,,,0.0,,35845.25677522684,,,,,,
2013-12-04,NO 15/9-F-5 AH,5769,15/9-F-5,3420717,VOLVE,369304,MÆRSK INSPIRER,24.0,,,injection,WI,,,,,0.0,,30276.645483843797,,,,,,
2013-12-05,NO 15/9-F-5 AH,5769,15/9-F-5,3420717,VOLVE,369304,MÆRSK INSPIRER,23.39167,,,injection,WI,,,,,0.0,,40036.280108632156,,,,,,
2013-12-06,NO 15/9-F-5 AH,5769,15/9-F-5,3420717,VOLVE,369304,MÆRSK INSPIRER,16.275,,,injection,WI,,,,,0.0,,25393.125298059702,,,,,,
2013-12-07,NO 15/9-F-5 AH,5769,15/9-F-5,3420717,VOLVE,369304,MÆRSK INSPIRER,24.0,,,injection,WI,,,,,0.0,,39967.690928266806,,,,,,
2013-12-08,NO 15/9-F-5 AH,5769,15/9-F-5,3420717,VOLVE,369304,MÆRSK INSPIRER,24.0,,,injection,WI,,,,,0.0,,40175.75746436783,,,,,,
2013-12-09,NO 15/9-F-5 AH,5769,15/9-F-5,3420717,VOLVE,369304,MÆRSK INSPIRER,14.83333,,,injection,WI,,,,,0.0,,20952.220406078155,,,,,,
2013-12-10,NO 15/9-F-5 AH,5769,15/9-F-5,3420717,VOLVE,369304,MÆRSK INSPIRER,19.05833,,,injection,WI,,,,,0.0,,28033.714864090514,,,,,,
2013-12-11,NO 15/9-F-5 AH,5769,15/9-F-5,3420717,VOLVE,369304,MÆRSK INSPIRER,10.94167,,,injection,WI,,,,,0.0,,1755.1612988700624,,,,,,
2013-12-12,NO 15/9-F-5 AH,5769,15/9-F-5,3420717,VOLVE,369304,MÆRSK INSPIRER,24.0,,,injection,WI,,,,,0.0,,27938.112406914486,,,,,,
2013-12-13,NO 15/9-F-5 AH,5769,15/9-F-5,3420717,VOLVE,369304,MÆRSK INSPIRER,9.0,,,injection,WI,,,,,0.0,,14735.766868,,,,,,
2013-12-14,NO 15/9-F-5 AH,5769,15/9-F-5,3420717,VOLVE,369304,MÆRSK INSPIRER,24.0,,,injection,WI,,,,,0.0,,37234.67010277615,,,,,,
2013-12-15,NO 15/9-F-5 AH,5769,15/9-F-5,3420717,VOLVE,369304,MÆRSK INSPIRER,23.16667,,,injection,WI,,,,,0.0,,38676.926719992465,,,,,,
2013-12-16,NO 15/9-F-5 AH,5769,15/9-F-5,3420717,VOLVE,369304,MÆRSK INSPIRER,24.0,,,injection,WI,,,,,0.0,,43320.437394,,,,,,
2013-12-17,NO 15/9-F-5 AH,5769,15/9-F-5,3420717,VOLVE,369304,MÆRSK INSPIRER,24.0,,,injection,WI,,,,,0.0,,42673.693226265816,,,,,,
2013-12-18,NO 15/9-F-5 AH,5769,15/9-F-5,3420717,VOLVE,369304,MÆRSK INSPIRER,24.0,,,injection,WI,,,,,0.0,,42328.42559570209,,,,,,
2013-12-19,NO 15/9-F-5 AH,5769,15/9-F-5,3420717,VOLVE,369304,MÆRSK INSPIRER,24.0,,,injection,WI,,,,,0.0,,42167.39692277767,,,,,,
2013-12-20,NO 15/9-F-5 AH,5769,15/9-F-5,3420717,VOLVE,369304,MÆRSK INSPIRER,19.66666,,,injection,WI,,,,,0.0,,32186.413408934906,,,,,,
2013-12-21,NO 15/9-F-5 AH,5769,15/9-F-5,3420717,VOLVE,369304,MÆRSK INSPIRER,24.0,,,injection,WI,,,,,0.0,,42061.404561709765,,,,,,
2013-12-22,NO 15/9-F-5 AH,5769,15/9-F-5,3420717,VOLVE,369304,MÆRSK INSPIRER,24.0,,,injection,WI,,,,,0.0,,42469.559637597435,,,,,,
2013-12-23,NO 15/9-F-5 AH,5769,15/9-F-5,3420717,VOLVE,369304,MÆRSK INSPIRER,24.0,,,injection,WI,,,,,0.0,,41768.58437686219,,,,,,
2013-12-24,NO 15/9-F-5 AH,5769,15/9-F-5,3420717,VOLVE,369304,MÆRSK INSPIRER,24.0,,,injection,WI,,,,,0.0,,41709.95826601986,,,,,,
2013-12-25,NO 15/9-F-5 AH,5769,15/9-F-5,3420717,VOLVE,369304,MÆRSK INSPIRER,24.0,,,injection,WI,,,,,0.0,,40860.99582228115,,,,,,
2013-12-26,NO 15/9-F-5 AH,5769,15/9-F-5,3420717,VOLVE,369304,MÆRSK INSPIRER,20.975,,,injection,WI,,,,,0.0,,33139.396412031994,,,,,,
2013-12-27,NO 15/9-F-5 AH,5769,15/9-F-5,3420717,VOLVE,369304,MÆRSK INSPIRER,17.94167,,,injection,WI,,,,,0.0,,25616.656339725705,,,,,,
2013-12-28,NO 15/9-F-5 AH,5769,15/9-F-5,3420717,VOLVE,369304,MÆRSK INSPIRER,24.0,,,injection,WI,,,,,0.0,,36417.69503553006,,,,,,
2013-12-29,NO 15/9-F-5 AH,5769,15/9-F-5,3420717,VOLVE,369304,MÆRSK INSPIRER,24.0,,,injection,WI,,,,,0.0,,37180.241499258074,,,,,,
2013-12-30,NO 15/9-F-5 AH,5769,15/9-F-5,3420717,VOLVE,369304,MÆRSK INSPIRER,24.0,,,injection,WI,,,,,0.0,,41149.84519503988,,,,,,
2013-12-31,NO 15/9-F-5 AH,5769,15/9-F-5,3420717,VOLVE,369304,MÆRSK INSPIRER,21.0,,,injection,WI,,,,,0.0,,32498.23743309105,,,,,,
2014-01-01,NO 15/9-F-5 AH,5769,15/9-F-5,3420717,VOLVE,369304,MÆRSK INSPIRER,24.0,,,injection,WI,,,,,0.0,,36795.70857925826,,,,,,
2014-01-02,NO 15/9-F-5 AH,5769,15/9-F-5,3420717,VOLVE,369304,MÆRSK INSPIRER,24.0,,,injection,WI,,,,,0.0,,37092.03348161802,,,,,,
2014-01-03,NO 15/9-F-5 AH,5769,15/9-F-5,3420717,VOLVE,369304,MÆRSK INSPIRER,24.0,,,injection,WI,,,,,0.0,,33991.29391698458,,,,,,
2014-01-04,NO 15/9-F-5 AH,5769,15/9-F-5,3420717,VOLVE,369304,MÆRSK INSPIRER,14.30833,,,injection,WI,,,,,0.0,,20601.063728620837,,,,,,
2014-01-05,NO 15/9-F-5 AH,5769,15/9-F-5,3420717,VOLVE,369304,MÆRSK INSPIRER,10.19167,,,injection,WI,,,,,0.0,,11786.917107745836,,,,,,
2014-01-06,NO 15/9-F-5 AH,5769,15/9-F-5,3420717,VOLVE,369304,MÆRSK INSPIRER,24.0,,,injection,WI,,,,,0.0,,37804.57961966036,,,,,,
2014-01-07,NO 15/9-F-5 AH,5769,15/9-F-5,3420717,VOLVE,369304,MÆRSK INSPIRER,24.0,,,injection,WI,,,,,0.0,,27134.24034,,,,,,
2014-01-08,NO 15/9-F-5 AH,5769,15/9-F-5,3420717,VOLVE,369304,MÆRSK INSPIRER,24.0,,,injection,WI,,,,,0.0,,22460.91151,,,,,,
2014-01-09,NO 15/9-F-5 AH,5769,15/9-F-5,3420717,VOLVE,369304,MÆRSK INSPIRER,24.0,,,injection,WI,,,,,0.0,,32845.38782,,,,,,
2014-01-10,NO 15/9-F-5 AH,5769,15/9-F-5,3420717,VOLVE,369304,MÆRSK INSPIRER,24.0,,,injection,WI,,,,,0.0,,40003.1916,,,,,,
2014-01-11,NO 15/9-F-5 AH,5769,15/9-F-5,3420717,VOLVE,369304,MÆRSK INSPIRER,24.0,,,injection,WI,,,,,0.0,,38569.11492,,,,,,
2014-01-12,NO 15/9-F-5 AH,5769,15/9-F-5,3420717,VOLVE,369304,MÆRSK INSPIRER,24.0,,,injection,WI,,,,,0.0,,37959.00335,,,,,,
2014-01-13,NO 15/9-F-5 AH,5769,15/9-F-5,3420717,VOLVE,369304,MÆRSK INSPIRER,24.0,,,injection,WI,,,,,0.0,,35927.394720000004,,,,,,
2014-01-14,NO 15/9-F-5 AH,5769,15/9-F-5,3420717,VOLVE,369304,MÆRSK INSPIRER,24.0,,,injection,WI,,,,,0.0,,34522.712030861716,,,,,,
2014-01-15,NO 15/9-F-5 AH,5769,15/9-F-5,3420717,VOLVE,369304,MÆRSK INSPIRER,24.0,,,injection,WI,,,,,0.0,,32696.348377991068,,,,,,
2014-01-16,NO 15/9-F-5 AH,5769,15/9-F-5,3420717,VOLVE,369304,MÆRSK INSPIRER,24.0,,,injection,WI,,,,,0.0,,24949.30187196651,,,,,,
2014-01-17,NO 15/9-F-5 AH,5769,15/9-F-5,3420717,VOLVE,369304,MÆRSK INSPIRER,24.0,,,injection,WI,,,,,0.0,,28892.820727170976,,,,,,
2014-01-18,NO 15/9-F-5 AH,5769,15/9-F-5,3420717,VOLVE,369304,MÆRSK INSPIRER,24.0,,,injection,WI,,,,,0.0,,30476.687805320333,,,,,,
2014-01-19,NO 15/9-F-5 AH,5769,15/9-F-5,3420717,VOLVE,369304,MÆRSK INSPIRER,24.0,,,injection,WI,,,,,0.0,,29935.742357680574,,,,,,
2014-01-20,NO 15/9-F-5 AH,5769,15/9-F-5,3420717,VOLVE,369304,MÆRSK INSPIRER,24.0,,,injection,WI,,,,,0.0,,28973.217296113573,,,,,,
2014-01-21,NO 15/9-F-5 AH,5769,15/9-F-5,3420717,VOLVE,369304,MÆRSK INSPIRER,24.0,,,injection,WI,,,,,0.0,,28280.872703,,,,,,
2014-01-22,NO 15/9-F-5 AH,5769,15/9-F-5,3420717,VOLVE,369304,MÆRSK INSPIRER,24.0,,,injection,WI,,,,,0.0,,29009.398776881164,,,,,,
2014-01-23,NO 15/9-F-5 AH,5769,15/9-F-5,3420717,VOLVE,369304,MÆRSK INSPIRER,24.0,,,injection,WI,,,,,0.0,,28729.379001399495,,,,,,
2014-01-24,NO 15/9-F-5 AH,5769,15/9-F-5,3420717,VOLVE,369304,MÆRSK INSPIRER,24.0,,,injection,WI,,,,,0.0,,29222.621235346698,,,,,,
2014-01-25,NO 15/9-F-5 AH,5769,15/9-F-5,3420717,VOLVE,369304,MÆRSK INSPIRER,24.0,,,injection,WI,,,,,0.0,,27729.49831009354,,,,,,
2014-01-26,NO 15/9-F-5 AH,5769,15/9-F-5,3420717,VOLVE,369304,MÆRSK INSPIRER,24.0,,,injection,WI,,,,,0.0,,28934.183594860944,,,,,,
2014-01-27,NO 15/9-F-5 AH,5769,15/9-F-5,3420717,VOLVE,369304,MÆRSK INSPIRER,24.0,,,injection,WI,,,,,0.0,,28290.73802756524,,,,,,
2014-01-28,NO 15/9-F-5 AH,5769,15/9-F-5,3420717,VOLVE,369304,MÆRSK INSPIRER,10.475,,,injection,WI,,,,,0.0,,13290.049056135951,,,,,,
2014-01-29,NO 15/9-F-5 AH,5769,15/9-F-5,3420717,VOLVE,369304,MÆRSK INSPIRER,0.5,,,injection,WI,,,,,0.0,,1116.5360178838791,,,,,,
2014-01-30,NO 15/9-F-5 AH,5769,15/9-F-5,3420717,VOLVE,369304,MÆRSK INSPIRER,1.69167,,,injection,WI,,,,,0.0,,3024.3230262824586,,,,,,
2014-01-31,NO 15/9-F-5 AH,5769,15/9-F-5,3420717,VOLVE,369304,MÆRSK INSPIRER,24.0,,,injection,WI,,,,,0.0,,34257.04318546471,,,,,,
2014-02-01,NO 15/9-F-5 AH,5769,15/9-F-5,3420717,VOLVE,369304,MÆRSK INSPIRER,24.0,,,injection,WI,,,,,0.0,,39827.07692,,,,,,
2014-02-02,NO 15/9-F-5 AH,5769,15/9-F-5,3420717,VOLVE,369304,MÆRSK INSPIRER,23.66666,,,injection,WI,,,,,0.0,,35566.65847321838,,,,,,
2014-02-03,NO 15/9-F-5 AH,5769,15/9-F-5,3420717,VOLVE,369304,MÆRSK INSPIRER,24.0,,,injection,WI,,,,,0.0,,30885.42933654052,,,,,,
2014-02-04,NO 15/9-F-5 AH,5769,15/9-F-5,3420717,VOLVE,369304,MÆRSK INSPIRER,24.0,,,injection,WI,,,,,0.0,,30386.07211,,,,,,
2014-02-05,NO 15/9-F-5 AH,5769,15/9-F-5,3420717,VOLVE,369304,MÆRSK INSPIRER,24.0,,,injection,WI,,,,,0.0,,30043.853265656453,,,,,,
2014-02-06,NO 15/9-F-5 AH,5769,15/9-F-5,3420717,VOLVE,369304,MÆRSK INSPIRER,8.0,,,injection,WI,,,,,0.0,,9623.4093,,,,,,
2014-02-07,NO 15/9-F-5 AH,5769,15/9-F-5,3420717,VOLVE,369304,MÆRSK INSPIRER,0.0,,,injection,WI,,,,,0.0,,0.0,,,,,,
2014-02-08,NO 15/9-F-5 AH,5769,15/9-F-5,3420717,VOLVE,369304,MÆRSK INSPIRER,5.0,,,injection,WI,,,,,0.0,,3893.39239,,,,,,
2014-02-09,NO 15/9-F-5 AH,5769,15/9-F-5,3420717,VOLVE,369304,MÆRSK INSPIRER,24.0,,,injection,WI,,,,,0.0,,21760.549678709533,,,,,,
2014-02-10,NO 15/9-F-5 AH,5769,15/9-F-5,3420717,VOLVE,369304,MÆRSK INSPIRER,16.5,,,injection,WI,,,,,0.0,,19297.13708,,,,,,
2014-02-11,NO 15/9-F-5 AH,5769,15/9-F-5,3420717,VOLVE,369304,MÆRSK INSPIRER,18.275,,,injection,WI,,,,,0.0,,17093.372213439547,,,,,,
2014-02-12,NO 15/9-F-5 AH,5769,15/9-F-5,3420717,VOLVE,369304,MÆRSK INSPIRER,24.0,,,injection,WI,,,,,0.0,,36312.44855289137,,,,,,
2014-02-13,NO 15/9-F-5 AH,5769,15/9-F-5,3420717,VOLVE,369304,MÆRSK INSPIRER,24.0,,,injection,WI,,,,,0.0,,39684.53531035305,,,,,,
2014-02-14,NO 15/9-F-5 AH,5769,15/9-F-5,3420717,VOLVE,369304,MÆRSK INSPIRER,24.0,,,injection,WI,,,,,0.0,,39907.679222075814,,,,,,
2014-02-15,NO 15/9-F-5 AH,5769,15/9-F-5,3420717,VOLVE,369304,MÆRSK INSPIRER,24.0,,,injection,WI,,,,,0.0,,39354.361458711384,,,,,,
2014-02-16,NO 15/9-F-5 AH,5769,15/9-F-5,3420717,VOLVE,369304,MÆRSK INSPIRER,24.0,,,injection,WI,,,,,0.0,,42455.28049783166,,,,,,
2014-02-17,NO 15/9-F-5 AH,5769,15/9-F-5,3420717,VOLVE,369304,MÆRSK INSPIRER,24.0,,,injection,WI,,,,,0.0,,42180.65451222493,,,,,,
2014-02-18,NO 15/9-F-5 AH,5769,15/9-F-5,3420717,VOLVE,369304,MÆRSK INSPIRER,16.5,,,injection,WI,,,,,0.0,,26888.93775,,,,,,
2014-02-19,NO 15/9-F-5 AH,5769,15/9-F-5,3420717,VOLVE,369304,MÆRSK INSPIRER,24.0,,,injection,WI,,,,,0.0,,42242.36396,,,,,,
2014-02-20,NO 15/9-F-5 AH,5769,15/9-F-5,3420717,VOLVE,369304,MÆRSK INSPIRER,24.0,,,injection,WI,,,,,0.0,,41625.96258,,,,,,
2014-02-21,NO 15/9-F-5 AH,5769,15/9-F-5,3420717,VOLVE,369304,MÆRSK INSPIRER,24.0,,,injection,WI,,,,,0.0,,41191.96569,,,,,,
2014-02-22,NO 15/9-F-5 AH,5769,15/9-F-5,3420717,VOLVE,369304,MÆRSK INSPIRER,24.0,,,injection,WI,,,,,0.0,,26178.18922,,,,,,
2014-02-23,NO 15/9-F-5 AH,5769,15/9-F-5,3420717,VOLVE,369304,MÆRSK INSPIRER,12.83333,,,injection,WI,,,,,0.0,,24486.230330000002,,,,,,
2014-02-24,NO 15/9-F-5 AH,5769,15/9-F-5,3420717,VOLVE,369304,MÆRSK INSPIRER,23.83334,,,injection,WI,,,,,0.0,,38738.939790000004,,,,,,
2014-02-25,NO 15/9-F-5 AH,5769,15/9-F-5,3420717,VOLVE,369304,MÆRSK INSPIRER,24.0,,,injection,WI,,,,,0.0,,40735.284272640725,,,,,,
2014-02-26,NO 15/9-F-5 AH,5769,15/9-F-5,3420717,VOLVE,369304,MÆRSK INSPIRER,24.0,,,injection,WI,,,,,0.0,,39889.07381340244,,,,,,
2014-02-27,NO 15/9-F-5 AH,5769,15/9-F-5,3420717,VOLVE,369304,MÆRSK INSPIRER,24.0,,,injection,WI,,,,,0.0,,39650.24799145281,,,,,,
2014-02-28,NO 15/9-F-5 AH,5769,15/9-F-5,3420717,VOLVE,369304,MÆRSK INSPIRER,24.0,,,injection,WI,,,,,0.0,,39888.754986864675,,,,,,
2014-03-01,NO 15/9-F-5 AH,5769,15/9-F-5,3420717,VOLVE,369304,MÆRSK INSPIRER,24.0,,,injection,WI,,,,,0.0,,34828.07257812225,,,,,,
2014-03-02,NO 15/9-F-5 AH,5769,15/9-F-5,3420717,VOLVE,369304,MÆRSK INSPIRER,24.0,,,injection,WI,,,,,0.0,,31597.70271828259,,,,,,
2014-03-03,NO 15/9-F-5 AH,5769,15/9-F-5,3420717,VOLVE,369304,MÆRSK INSPIRER,24.0,,,injection,WI,,,,,0.0,,31701.920644016496,,,,,,
2014-03-04,NO 15/9-F-5 AH,5769,15/9-F-5,3420717,VOLVE,369304,MÆRSK INSPIRER,24.0,,,injection,WI,,,,,0.0,,34042.07177718906,,,,,,
2014-03-05,NO 15/9-F-5 AH,5769,15/9-F-5,3420717,VOLVE,369304,MÆRSK INSPIRER,24.0,,,injection,WI,,,,,0.0,,38490.492295000004,,,,,,
2014-03-06,NO 15/9-F-5 AH,5769,15/9-F-5,3420717,VOLVE,369304,MÆRSK INSPIRER,24.0,,,injection,WI,,,,,0.0,,38643.334678,,,,,,
2014-03-07,NO 15/9-F-5 AH,5769,15/9-F-5,3420717,VOLVE,369304,MÆRSK INSPIRER,24.0,,,injection,WI,,,,,0.0,,38511.26202336323,,,,,,
2014-03-08,NO 15/9-F-5 AH,5769,15/9-F-5,3420717,VOLVE,369304,MÆRSK INSPIRER,24.0,,,injection,WI,,,,,0.0,,38038.883937,,,,,,
2014-03-09,NO 15/9-F-5 AH,5769,15/9-F-5,3420717,VOLVE,369304,MÆRSK INSPIRER,24.0,,,injection,WI,,,,,0.0,,37782.88867,,,,,,
2014-03-10,NO 15/9-F-5 AH,5769,15/9-F-5,3420717,VOLVE,369304,MÆRSK INSPIRER,24.0,,,injection,WI,,,,,0.0,,37833.836131000004,,,,,,
2014-03-11,NO 15/9-F-5 AH,5769,15/9-F-5,3420717,VOLVE,369304,MÆRSK INSPIRER,24.0,,,injection,WI,,,,,0.0,,38080.44157258774,,,,,,
2014-03-12,NO 15/9-F-5 AH,5769,15/9-F-5,3420717,VOLVE,369304,MÆRSK INSPIRER,24.0,,,injection,WI,,,,,0.0,,38222.635409467155,,,,,,
2014-03-13,NO 15/9-F-5 AH,5769,15/9-F-5,3420717,VOLVE,369304,MÆRSK INSPIRER,24.0,,,injection,WI,,,,,0.0,,34831.709818,,,,,,
2014-03-14,NO 15/9-F-5 AH,5769,15/9-F-5,3420717,VOLVE,369304,MÆRSK INSPIRER,24.0,,,injection,WI,,,,,0.0,,33018.16108692145,,,,,,
2014-03-15,NO 15/9-F-5 AH,5769,15/9-F-5,3420717,VOLVE,369304,MÆRSK INSPIRER,23.66667,,,injection,WI,,,,,0.0,,36604.799131351705,,,,,,
2014-03-16,NO 15/9-F-5 AH,5769,15/9-F-5,3420717,VOLVE,369304,MÆRSK INSPIRER,24.0,,,injection,WI,,,,,0.0,,37804.07176336606,,,,,,
2014-03-17,NO 15/9-F-5 AH,5769,15/9-F-5,3420717,VOLVE,369304,MÆRSK INSPIRER,24.0,,,injection,WI,,,,,0.0,,40061.17218764203,,,,,,
2014-03-18,NO 15/9-F-5 AH,5769,15/9-F-5,3420717,VOLVE,369304,MÆRSK INSPIRER,24.0,,,injection,WI,,,,,0.0,,40845.14153981122,,,,,,
2014-03-19,NO 15/9-F-5 AH,5769,15/9-F-5,3420717,VOLVE,369304,MÆRSK INSPIRER,24.0,,,injection,WI,,,,,0.0,,39539.10025182688,,,,,,
2014-03-20,NO 15/9-F-5 AH,5769,15/9-F-5,3420717,VOLVE,369304,MÆRSK INSPIRER,24.0,,,injection,WI,,,,,0.0,,39889.30727542512,,,,,,
2014-03-21,NO 15/9-F-5 AH,5769,15/9-F-5,3420717,VOLVE,369304,MÆRSK INSPIRER,24.0,,,injection,WI,,,,,0.0,,40650.54027220064,,,,,,
2014-03-22,NO 15/9-F-5 AH,5769,15/9-F-5,3420717,VOLVE,369304,MÆRSK INSPIRER,21.5,,,injection,WI,,,,,0.0,,25447.66661497298,,,,,,
2014-03-23,NO 15/9-F-5 AH,5769,15/9-F-5,3420717,VOLVE,369304,MÆRSK INSPIRER,24.0,,,injection,WI,,,,,0.0,,37184.845581211106,,,,,,
2014-03-24,NO 15/9-F-5 AH,5769,15/9-F-5,3420717,VOLVE,369304,MÆRSK INSPIRER,6.39167,,,injection,WI,,,,,0.0,,11081.650487858878,,,,,,
2014-03-25,NO 15/9-F-5 AH,5769,15/9-F-5,3420717,VOLVE,369304,MÆRSK INSPIRER,9.60833,,,injection,WI,,,,,0.0,,11225.262742412144,,,,,,
2014-03-26,NO 15/9-F-5 AH,5769,15/9-F-5,3420717,VOLVE,369304,MÆRSK INSPIRER,24.0,,,injection,WI,,,,,0.0,,36381.050481915365,,,,,,
2014-03-27,NO 15/9-F-5 AH,5769,15/9-F-5,3420717,VOLVE,369304,MÆRSK INSPIRER,13.75,,,injection,WI,,,,,0.0,,18487.125006704056,,,,,,
2014-03-28,NO 15/9-F-5 AH,5769,15/9-F-5,3420717,VOLVE,369304,MÆRSK INSPIRER,24.0,,,injection,WI,,,,,0.0,,26443.60670362338,,,,,,
2014-03-29,NO 15/9-F-5 AH,5769,15/9-F-5,3420717,VOLVE,369304,MÆRSK INSPIRER,17.5,,,injection,WI,,,,,0.0,,26033.445612080526,,,,,,
2014-03-30,NO 15/9-F-5 AH,5769,15/9-F-5,3420717,VOLVE,369304,MÆRSK INSPIRER,23.0,,,injection,WI,,,,,0.0,,41621.53905644355,,,,,,
2014-03-31,NO 15/9-F-5 AH,5769,15/9-F-5,3420717,VOLVE,369304,MÆRSK INSPIRER,24.0,,,injection,WI,,,,,0.0,,43993.45278510635,,,,,,
2014-04-01,NO 15/9-F-5 AH,5769,15/9-F-5,3420717,VOLVE,369304,MÆRSK INSPIRER,24.0,,,injection,WI,,,,,0.0,,43443.71767,,,,,,
2014-04-02,NO 15/9-F-5 AH,5769,15/9-F-5,3420717,VOLVE,369304,MÆRSK INSPIRER,24.0,,,injection,WI,,,,,0.0,,42210.91491,,,,,,
2014-04-03,NO 15/9-F-5 AH,5769,15/9-F-5,3420717,VOLVE,369304,MÆRSK INSPIRER,24.0,,,injection,WI,,,,,0.0,,42537.98503,,,,,,
2014-04-04,NO 15/9-F-5 AH,5769,15/9-F-5,3420717,VOLVE,369304,MÆRSK INSPIRER,24.0,,,injection,WI,,,,,0.0,,42343.00092,,,,,,
2014-04-05,NO 15/9-F-5 AH,5769,15/9-F-5,3420717,VOLVE,369304,MÆRSK INSPIRER,24.0,,,injection,WI,,,,,0.0,,41298.89246,,,,,,
2014-04-06,NO 15/9-F-5 AH,5769,15/9-F-5,3420717,VOLVE,369304,MÆRSK INSPIRER,18.0,,,injection,WI,,,,,0.0,,31254.06589,,,,,,
2014-04-07,NO 15/9-F-5 AH,5769,15/9-F-5,3420717,VOLVE,369304,MÆRSK INSPIRER,21.0,,,injection,WI,,,,,0.0,,18542.35988,,,,,,
2014-04-08,NO 15/9-F-5 AH,5769,15/9-F-5,3420717,VOLVE,369304,MÆRSK INSPIRER,24.0,,,injection,WI,,,,,0.0,,30615.399291514004,,,,,,
2014-04-09,NO 15/9-F-5 AH,5769,15/9-F-5,3420717,VOLVE,369304,MÆRSK INSPIRER,24.0,,,injection,WI,,,,,0.0,,38718.812398,,,,,,
2014-04-10,NO 15/9-F-5 AH,5769,15/9-F-5,3420717,VOLVE,369304,MÆRSK INSPIRER,20.54167,,,injection,WI,,,,,0.0,,29572.06802795552,,,,,,
2014-04-11,NO 15/9-F-5 AH,5769,15/9-F-5,3420717,VOLVE,369304,MÆRSK INSPIRER,24.0,,,injection,WI,,,,,0.0,,41312.92734547744,,,,,,
2014-04-12,NO 15/9-F-5 AH,5769,15/9-F-5,3420717,VOLVE,369304,MÆRSK INSPIRER,24.0,,,injection,WI,,,,,0.0,,40874.22874781094,,,,,,
2014-04-13,NO 15/9-F-5 AH,5769,15/9-F-5,3420717,VOLVE,369304,MÆRSK INSPIRER,24.0,,,injection,WI,,,,,0.0,,39045.12740534347,,,,,,
2014-04-14,NO 15/9-F-5 AH,5769,15/9-F-5,3420717,VOLVE,369304,MÆRSK INSPIRER,24.0,,,injection,WI,,,,,0.0,,38693.35142926242,,,,,,
2014-04-15,NO 15/9-F-5 AH,5769,15/9-F-5,3420717,VOLVE,369304,MÆRSK INSPIRER,24.0,,,injection,WI,,,,,0.0,,38231.4699481762,,,,,,
2014-04-16,NO 15/9-F-5 AH,5769,15/9-F-5,3420717,VOLVE,369304,MÆRSK INSPIRER,24.0,,,injection,WI,,,,,0.0,,36739.7526775241,,,,,,
2014-04-17,NO 15/9-F-5 AH,5769,15/9-F-5,3420717,VOLVE,369304,MÆRSK INSPIRER,24.0,,,injection,WI,,,,,0.0,,35723.189828473005,,,,,,
2014-04-18,NO 15/9-F-5 AH,5769,15/9-F-5,3420717,VOLVE,369304,MÆRSK INSPIRER,24.0,,,injection,WI,,,,,0.0,,35360.24525560792,,,,,,
2014-04-19,NO 15/9-F-5 AH,5769,15/9-F-5,3420717,VOLVE,369304,MÆRSK INSPIRER,24.0,,,injection,WI,,,,,0.0,,35167.96116317398,,,,,,
2014-04-20,NO 15/9-F-5 AH,5769,15/9-F-5,3420717,VOLVE,369304,MÆRSK INSPIRER,24.0,,,injection,WI,,,,,0.0,,34075.536151763044,,,,,,
2014-04-21,NO 15/9-F-5 AH,5769,15/9-F-5,3420717,VOLVE,369304,MÆRSK INSPIRER,24.0,,,injection,WI,,,,,0.0,,29994.981849483724,,,,,,
2014-04-22,NO 15/9-F-5 AH,5769,15/9-F-5,3420717,VOLVE,369304,MÆRSK INSPIRER,24.0,,,injection,WI,,,,,0.0,,26715.678276834416,,,,,,
2014-04-23,NO 15/9-F-5 AH,5769,15/9-F-5,3420717,VOLVE,369304,MÆRSK INSPIRER,24.0,,,injection,WI,,,,,0.0,,31831.443739894286,,,,,,
2014-04-24,NO 15/9-F-5 AH,5769,15/9-F-5,3420717,VOLVE,369304,MÆRSK INSPIRER,24.0,,,injection,WI,,,,,0.0,,32938.477008,,,,,,
2014-04-25,NO 15/9-F-5 AH,5769,15/9-F-5,3420717,VOLVE,369304,MÆRSK INSPIRER,24.0,,,injection,WI,,,,,0.0,,34113.43812488162,,,,,,
2014-04-26,NO 15/9-F-5 AH,5769,15/9-F-5,3420717,VOLVE,369304,MÆRSK INSPIRER,24.0,,,injection,WI,,,,,0.0,,34744.131841455004,,,,,,
2014-04-27,NO 15/9-F-5 AH,5769,15/9-F-5,3420717,VOLVE,369304,MÆRSK INSPIRER,24.0,,,injection,WI,,,,,0.0,,36421.72108525446,,,,,,
2014-04-28,NO 15/9-F-5 AH,5769,15/9-F-5,3420717,VOLVE,369304,MÆRSK INSPIRER,24.0,,,injection,WI,,,,,0.0,,36723.257810665105,,,,,,
2014-04-29,NO 15/9-F-5 AH,5769,15/9-F-5,3420717,VOLVE,369304,MÆRSK INSPIRER,24.0,,,injection,WI,,,,,0.0,,36198.02753324334,,,,,,
2014-04-30,NO 15/9-F-5 AH,5769,15/9-F-5,3420717,VOLVE,369304,MÆRSK INSPIRER,24.0,,,injection,WI,,,,,0.0,,36127.26150205208,,,,,,
2014-05-01,NO 15/9-F-5 AH,5769,15/9-F-5,3420717,VOLVE,369304,MÆRSK INSPIRER,24.0,,,injection,WI,,,,,0.0,,35987.65634261871,,,,,,
2014-05-02,NO 15/9-F-5 AH,5769,15/9-F-5,3420717,VOLVE,369304,MÆRSK INSPIRER,24.0,,,injection,WI,,,,,0.0,,35970.06371259966,,,,,,
2014-05-03,NO 15/9-F-5 AH,5769,15/9-F-5,3420717,VOLVE,369304,MÆRSK INSPIRER,24.0,,,injection,WI,,,,,0.0,,35661.07276694013,,,,,,
2014-05-04,NO 15/9-F-5 AH,5769,15/9-F-5,3420717,VOLVE,369304,MÆRSK INSPIRER,24.0,,,injection,WI,,,,,0.0,,35581.20434154984,,,,,,
2014-05-05,NO 15/9-F-5 AH,5769,15/9-F-5,3420717,VOLVE,369304,MÆRSK INSPIRER,24.0,,,injection,WI,,,,,0.0,,34719.167386387686,,,,,,
2014-05-06,NO 15/9-F-5 AH,5769,15/9-F-5,3420717,VOLVE,369304,MÆRSK INSPIRER,24.0,,,injection,WI,,,,,0.0,,34634.82292778257,,,,,,
2014-05-07,NO 15/9-F-5 AH,5769,15/9-F-5,3420717,VOLVE,369304,MÆRSK INSPIRER,24.0,,,injection,WI,,,,,0.0,,34931.73250860352,,,,,,
2014-05-08,NO 15/9-F-5 AH,5769,15/9-F-5,3420717,VOLVE,369304,MÆRSK INSPIRER,14.825,,,injection,WI,,,,,0.0,,21429.95810375087,,,,,,
2014-05-09,NO 15/9-F-5 AH,5769,15/9-F-5,3420717,VOLVE,369304,MÆRSK INSPIRER,0.0,,,injection,WI,,,,,0.0,,0.0,,,,,,
2014-05-10,NO 15/9-F-5 AH,5769,15/9-F-5,3420717,VOLVE,369304,MÆRSK INSPIRER,0.0,,,injection,WI,,,,,0.0,,0.0,,,,,,
2014-05-11,NO 15/9-F-5 AH,5769,15/9-F-5,3420717,VOLVE,369304,MÆRSK INSPIRER,0.0,,,injection,WI,,,,,0.0,,0.0,,,,,,
2014-05-12,NO 15/9-F-5 AH,5769,15/9-F-5,3420717,VOLVE,369304,MÆRSK INSPIRER,0.0,,,injection,WI,,,,,0.0,,0.0,,,,,,
2014-05-13,NO 15/9-F-5 AH,5769,15/9-F-5,3420717,VOLVE,369304,MÆRSK INSPIRER,0.0,,,injection,WI,,,,,0.0,,0.0,,,,,,
2014-05-14,NO 15/9-F-5 AH,5769,15/9-F-5,3420717,VOLVE,369304,MÆRSK INSPIRER,15.50834,,,injection,WI,,,,,0.0,,20397.85383,,,,,,
2014-05-15,NO 15/9-F-5 AH,5769,15/9-F-5,3420717,VOLVE,369304,MÆRSK INSPIRER,24.0,,,injection,WI,,,,,0.0,,31757.25069,,,,,,
2014-05-16,NO 15/9-F-5 AH,5769,15/9-F-5,3420717,VOLVE,369304,MÆRSK INSPIRER,24.0,,,injection,WI,,,,,0.0,,31662.90354,,,,,,
2014-05-17,NO 15/9-F-5 AH,5769,15/9-F-5,3420717,VOLVE,369304,MÆRSK INSPIRER,24.0,,,injection,WI,,,,,0.0,,32392.5215,,,,,,
2014-05-18,NO 15/9-F-5 AH,5769,15/9-F-5,3420717,VOLVE,369304,MÆRSK INSPIRER,24.0,,,injection,WI,,,,,0.0,,32889.41649,,,,,,
2014-05-19,NO 15/9-F-5 AH,5769,15/9-F-5,3420717,VOLVE,369304,MÆRSK INSPIRER,24.0,,,injection,WI,,,,,0.0,,32436.550170000002,,,,,,
2014-05-20,NO 15/9-F-5 AH,5769,15/9-F-5,3420717,VOLVE,369304,MÆRSK INSPIRER,24.0,,,injection,WI,,,,,0.0,,32288.485636747675,,,,,,
2014-05-21,NO 15/9-F-5 AH,5769,15/9-F-5,3420717,VOLVE,369304,MÆRSK INSPIRER,24.0,,,injection,WI,,,,,0.0,,34678.00106870834,,,,,,
2014-05-22,NO 15/9-F-5 AH,5769,15/9-F-5,3420717,VOLVE,369304,MÆRSK INSPIRER,24.0,,,injection,WI,,,,,0.0,,48323.64232389853,,,,,,
2014-05-23,NO 15/9-F-5 AH,5769,15/9-F-5,3420717,VOLVE,369304,MÆRSK INSPIRER,24.0,,,injection,WI,,,,,0.0,,50608.7291608016,,,,,,
2014-05-24,NO 15/9-F-5 AH,5769,15/9-F-5,3420717,VOLVE,369304,MÆRSK INSPIRER,24.0,,,injection,WI,,,,,0.0,,50190.975540019084,,,,,,
2014-05-25,NO 15/9-F-5 AH,5769,15/9-F-5,3420717,VOLVE,369304,MÆRSK INSPIRER,24.0,,,injection,WI,,,,,0.0,,35317.49765348704,,,,,,
2014-05-26,NO 15/9-F-5 AH,5769,15/9-F-5,3420717,VOLVE,369304,MÆRSK INSPIRER,24.0,,,injection,WI,,,,,0.0,,45300.76353495997,,,,,,
2014-05-27,NO 15/9-F-5 AH,5769,15/9-F-5,3420717,VOLVE,369304,MÆRSK INSPIRER,24.0,,,injection,WI,,,,,0.0,,46558.53876429353,,,,,,
2014-05-28,NO 15/9-F-5 AH,5769,15/9-F-5,3420717,VOLVE,369304,MÆRSK INSPIRER,24.0,,,injection,WI,,,,,0.0,,46069.239612235324,,,,,,
2014-05-29,NO 15/9-F-5 AH,5769,15/9-F-5,3420717,VOLVE,369304,MÆRSK INSPIRER,24.0,,,injection,WI,,,,,0.0,,46246.646013480124,,,,,,
2014-05-30,NO 15/9-F-5 AH,5769,15/9-F-5,3420717,VOLVE,369304,MÆRSK INSPIRER,24.0,,,injection,WI,,,,,0.0,,46327.56052599981,,,,,,
2014-05-31,NO 15/9-F-5 AH,5769,15/9-F-5,3420717,VOLVE,369304,MÆRSK INSPIRER,24.0,,,injection,WI,,,,,0.0,,45348.015899002865,,,,,,
2014-06-01,NO 15/9-F-5 AH,5769,15/9-F-5,3420717,VOLVE,369304,MÆRSK INSPIRER,24.0,,,injection,WI,,,,,0.0,,44736.07639752443,,,,,,
2014-06-02,NO 15/9-F-5 AH,5769,15/9-F-5,3420717,VOLVE,369304,MÆRSK INSPIRER,20.0,,,injection,WI,,,,,0.0,,35458.03601630558,,,,,,
2014-06-03,NO 15/9-F-5 AH,5769,15/9-F-5,3420717,VOLVE,369304,MÆRSK INSPIRER,24.0,,,injection,WI,,,,,0.0,,40232.24136944395,,,,,,
2014-06-04,NO 15/9-F-5 AH,5769,15/9-F-5,3420717,VOLVE,369304,MÆRSK INSPIRER,24.0,,,injection,WI,,,,,0.0,,39606.121957814765,,,,,,
2014-06-05,NO 15/9-F-5 AH,5769,15/9-F-5,3420717,VOLVE,369304,MÆRSK INSPIRER,24.0,,,injection,WI,,,,,0.0,,38649.65027753138,,,,,,
2014-06-06,NO 15/9-F-5 AH,5769,15/9-F-5,3420717,VOLVE,369304,MÆRSK INSPIRER,24.0,,,injection,WI,,,,,0.0,,39628.25443772298,,,,,,
2014-06-07,NO 15/9-F-5 AH,5769,15/9-F-5,3420717,VOLVE,369304,MÆRSK INSPIRER,24.0,,,injection,WI,,,,,0.0,,38773.47673180348,,,,,,
2014-06-08,NO 15/9-F-5 AH,5769,15/9-F-5,3420717,VOLVE,369304,MÆRSK INSPIRER,24.0,,,injection,WI,,,,,0.0,,38728.14482234412,,,,,,
2014-06-09,NO 15/9-F-5 AH,5769,15/9-F-5,3420717,VOLVE,369304,MÆRSK INSPIRER,24.0,,,injection,WI,,,,,0.0,,38016.236298066004,,,,,,
2014-06-10,NO 15/9-F-5 AH,5769,15/9-F-5,3420717,VOLVE,369304,MÆRSK INSPIRER,24.0,,,injection,WI,,,,,0.0,,37844.85955372772,,,,,,
2014-06-11,NO 15/9-F-5 AH,5769,15/9-F-5,3420717,VOLVE,369304,MÆRSK INSPIRER,24.0,,,injection,WI,,,,,0.0,,35168.81580683226,,,,,,
2014-06-12,NO 15/9-F-5 AH,5769,15/9-F-5,3420717,VOLVE,369304,MÆRSK INSPIRER,24.0,,,injection,WI,,,,,0.0,,35062.35288411222,,,,,,
2014-06-13,NO 15/9-F-5 AH,5769,15/9-F-5,3420717,VOLVE,369304,MÆRSK INSPIRER,24.0,,,injection,WI,,,,,0.0,,35133.217382279036,,,,,,
2014-06-14,NO 15/9-F-5 AH,5769,15/9-F-5,3420717,VOLVE,369304,MÆRSK INSPIRER,24.0,,,injection,WI,,,,,0.0,,34883.65417850482,,,,,,
2014-06-15,NO 15/9-F-5 AH,5769,15/9-F-5,3420717,VOLVE,369304,MÆRSK INSPIRER,24.0,,,injection,WI,,,,,0.0,,34969.68285167137,,,,,,
2014-06-16,NO 15/9-F-5 AH,5769,15/9-F-5,3420717,VOLVE,369304,MÆRSK INSPIRER,24.0,,,injection,WI,,,,,0.0,,34798.527580715825,,,,,,
2014-06-17,NO 15/9-F-5 AH,5769,15/9-F-5,3420717,VOLVE,369304,MÆRSK INSPIRER,24.0,,,injection,WI,,,,,0.0,,34754.65165482055,,,,,,
2014-06-18,NO 15/9-F-5 AH,5769,15/9-F-5,3420717,VOLVE,369304,MÆRSK INSPIRER,24.0,,,injection,WI,,,,,0.0,,35238.36694156637,,,,,,
2014-06-19,NO 15/9-F-5 AH,5769,15/9-F-5,3420717,VOLVE,369304,MÆRSK INSPIRER,24.0,,,injection,WI,,,,,0.0,,37154.391530669156,,,,,,
2014-06-20,NO 15/9-F-5 AH,5769,15/9-F-5,3420717,VOLVE,369304,MÆRSK INSPIRER,24.0,,,injection,WI,,,,,0.0,,35594.16709091185,,,,,,
2014-06-21,NO 15/9-F-5 AH,5769,15/9-F-5,3420717,VOLVE,369304,MÆRSK INSPIRER,24.0,,,injection,WI,,,,,0.0,,35705.534424839774,,,,,,
2014-06-22,NO 15/9-F-5 AH,5769,15/9-F-5,3420717,VOLVE,369304,MÆRSK INSPIRER,24.0,,,injection,WI,,,,,0.0,,37331.21781356501,,,,,,
2014-06-23,NO 15/9-F-5 AH,5769,15/9-F-5,3420717,VOLVE,369304,MÆRSK INSPIRER,24.0,,,injection,WI,,,,,0.0,,37267.69481832076,,,,,,
2014-06-24,NO 15/9-F-5 AH,5769,15/9-F-5,3420717,VOLVE,369304,MÆRSK INSPIRER,24.0,,,injection,WI,,,,,0.0,,36996.66242,,,,,,
2014-06-25,NO 15/9-F-5 AH,5769,15/9-F-5,3420717,VOLVE,369304,MÆRSK INSPIRER,24.0,,,injection,WI,,,,,0.0,,36965.21337,,,,,,
2014-06-26,NO 15/9-F-5 AH,5769,15/9-F-5,3420717,VOLVE,369304,MÆRSK INSPIRER,9.5,,,injection,WI,,,,,0.0,,11875.16128,,,,,,
2014-06-27,NO 15/9-F-5 AH,5769,15/9-F-5,3420717,VOLVE,369304,MÆRSK INSPIRER,21.58333,,,injection,WI,,,,,0.0,,19787.74226,,,,,,
2014-06-28,NO 15/9-F-5 AH,5769,15/9-F-5,3420717,VOLVE,369304,MÆRSK INSPIRER,24.0,,,injection,WI,,,,,0.0,,37361.4714,,,,,,
2014-06-29,NO 15/9-F-5 AH,5769,15/9-F-5,3420717,VOLVE,369304,MÆRSK INSPIRER,24.0,,,injection,WI,,,,,0.0,,37965.29316,,,,,,
2014-06-30,NO 15/9-F-5 AH,5769,15/9-F-5,3420717,VOLVE,369304,MÆRSK INSPIRER,24.0,,,injection,WI,,,,,0.0,,37028.11147,,,,,,
2014-07-01,NO 15/9-F-5 AH,5769,15/9-F-5,3420717,VOLVE,369304,MÆRSK INSPIRER,24.0,,,injection,WI,,,,,0.0,,35904.1256019748,,,,,,
2014-07-02,NO 15/9-F-5 AH,5769,15/9-F-5,3420717,VOLVE,369304,MÆRSK INSPIRER,24.0,,,injection,WI,,,,,0.0,,35619.87391783931,,,,,,
2014-07-03,NO 15/9-F-5 AH,5769,15/9-F-5,3420717,VOLVE,369304,MÆRSK INSPIRER,24.0,,,injection,WI,,,,,0.0,,35510.141609537866,,,,,,
2014-07-04,NO 15/9-F-5 AH,5769,15/9-F-5,3420717,VOLVE,369304,MÆRSK INSPIRER,24.0,,,injection,WI,,,,,0.0,,35526.16384959044,,,,,,
2014-07-05,NO 15/9-F-5 AH,5769,15/9-F-5,3420717,VOLVE,369304,MÆRSK INSPIRER,24.0,,,injection,WI,,,,,0.0,,35723.026378587514,,,,,,
2014-07-06,NO 15/9-F-5 AH,5769,15/9-F-5,3420717,VOLVE,369304,MÆRSK INSPIRER,24.0,,,injection,WI,,,,,0.0,,35451.62437661701,,,,,,
2014-07-07,NO 15/9-F-5 AH,5769,15/9-F-5,3420717,VOLVE,369304,MÆRSK INSPIRER,24.0,,,injection,WI,,,,,0.0,,33481.48737143447,,,,,,
2014-07-08,NO 15/9-F-5 AH,5769,15/9-F-5,3420717,VOLVE,369304,MÆRSK INSPIRER,24.0,,,injection,WI,,,,,0.0,,34160.09636395493,,,,,,
2014-07-09,NO 15/9-F-5 AH,5769,15/9-F-5,3420717,VOLVE,369304,MÆRSK INSPIRER,24.0,,,injection,WI,,,,,0.0,,33259.10723396076,,,,,,
2014-07-10,NO 15/9-F-5 AH,5769,15/9-F-5,3420717,VOLVE,369304,MÆRSK INSPIRER,24.0,,,injection,WI,,,,,0.0,,28454.623116802115,,,,,,
2014-07-11,NO 15/9-F-5 AH,5769,15/9-F-5,3420717,VOLVE,369304,MÆRSK INSPIRER,24.0,,,injection,WI,,,,,0.0,,29314.08698145363,,,,,,
2014-07-12,NO 15/9-F-5 AH,5769,15/9-F-5,3420717,VOLVE,369304,MÆRSK INSPIRER,24.0,,,injection,WI,,,,,0.0,,26129.29039991133,,,,,,
2014-07-13,NO 15/9-F-5 AH,5769,15/9-F-5,3420717,VOLVE,369304,MÆRSK INSPIRER,24.0,,,injection,WI,,,,,0.0,,15912.522006421892,,,,,,
2014-07-14,NO 15/9-F-5 AH,5769,15/9-F-5,3420717,VOLVE,369304,MÆRSK INSPIRER,24.0,,,injection,WI,,,,,0.0,,31633.200605464477,,,,,,
2014-07-15,NO 15/9-F-5 AH,5769,15/9-F-5,3420717,VOLVE,369304,MÆRSK INSPIRER,24.0,,,injection,WI,,,,,0.0,,33061.16848833402,,,,,,
2014-07-16,NO 15/9-F-5 AH,5769,15/9-F-5,3420717,VOLVE,369304,MÆRSK INSPIRER,24.0,,,injection,WI,,,,,0.0,,33065.494748068966,,,,,,
2014-07-17,NO 15/9-F-5 AH,5769,15/9-F-5,3420717,VOLVE,369304,MÆRSK INSPIRER,24.0,,,injection,WI,,,,,0.0,,32314.107141092118,,,,,,
2014-07-18,NO 15/9-F-5 AH,5769,15/9-F-5,3420717,VOLVE,369304,MÆRSK INSPIRER,24.0,,,injection,WI,,,,,0.0,,31492.5677487337,,,,,,
2014-07-19,NO 15/9-F-5 AH,5769,15/9-F-5,3420717,VOLVE,369304,MÆRSK INSPIRER,24.0,,,injection,WI,,,,,0.0,,30335.261182429826,,,,,,
2014-07-20,NO 15/9-F-5 AH,5769,15/9-F-5,3420717,VOLVE,369304,MÆRSK INSPIRER,22.33334,,,injection,WI,,,,,0.0,,26029.456778375657,,,,,,
2014-07-21,NO 15/9-F-5 AH,5769,15/9-F-5,3420717,VOLVE,369304,MÆRSK INSPIRER,24.0,,,injection,WI,,,,,0.0,,27669.716704807994,,,,,,
2014-07-22,NO 15/9-F-5 AH,5769,15/9-F-5,3420717,VOLVE,369304,MÆRSK INSPIRER,24.0,,,injection,WI,,,,,0.0,,28644.057326463728,,,,,,
2014-07-23,NO 15/9-F-5 AH,5769,15/9-F-5,3420717,VOLVE,369304,MÆRSK INSPIRER,24.0,,,injection,WI,,,,,0.0,,27915.26811051895,,,,,,
2014-07-24,NO 15/9-F-5 AH,5769,15/9-F-5,3420717,VOLVE,369304,MÆRSK INSPIRER,24.0,,,injection,WI,,,,,0.0,,26791.32275411167,,,,,,
2014-07-25,NO 15/9-F-5 AH,5769,15/9-F-5,3420717,VOLVE,369304,MÆRSK INSPIRER,24.0,,,injection,WI,,,,,0.0,,26179.971328902204,,,,,,
2014-07-26,NO 15/9-F-5 AH,5769,15/9-F-5,3420717,VOLVE,369304,MÆRSK INSPIRER,24.0,,,injection,WI,,,,,0.0,,27171.9792,,,,,,
2014-07-27,NO 15/9-F-5 AH,5769,15/9-F-5,3420717,VOLVE,369304,MÆRSK INSPIRER,24.0,,,injection,WI,,,,,0.0,,28258.025636467315,,,,,,
2014-07-28,NO 15/9-F-5 AH,5769,15/9-F-5,3420717,VOLVE,369304,MÆRSK INSPIRER,24.0,,,injection,WI,,,,,0.0,,29671.031677041792,,,,,,
2014-07-29,NO 15/9-F-5 AH,5769,15/9-F-5,3420717,VOLVE,369304,MÆRSK INSPIRER,24.0,,,injection,WI,,,,,0.0,,29586.54484334582,,,,,,
2014-07-30,NO 15/9-F-5 AH,5769,15/9-F-5,3420717,VOLVE,369304,MÆRSK INSPIRER,24.0,,,injection,WI,,,,,0.0,,28744.1471830654,,,,,,
2014-07-31,NO 15/9-F-5 AH,5769,15/9-F-5,3420717,VOLVE,369304,MÆRSK INSPIRER,24.0,,,injection,WI,,,,,0.0,,28157.028751262704,,,,,,
2014-08-01,NO 15/9-F-5 AH,5769,15/9-F-5,3420717,VOLVE,369304,MÆRSK INSPIRER,23.9963,,,injection,WI,,,,,0.0,,29117.971706781722,,,,,,
2014-08-02,NO 15/9-F-5 AH,5769,15/9-F-5,3420717,VOLVE,369304,MÆRSK INSPIRER,24.0,,,injection,WI,,,,,0.0,,29345.910909371145,,,,,,
2014-08-03,NO 15/9-F-5 AH,5769,15/9-F-5,3420717,VOLVE,369304,MÆRSK INSPIRER,23.75,,,injection,WI,,,,,0.0,,28000.672386384544,,,,,,
2014-08-04,NO 15/9-F-5 AH,5769,15/9-F-5,3420717,VOLVE,369304,MÆRSK INSPIRER,24.0,,,injection,WI,,,,,0.0,,32679.102501266185,,,,,,
2014-08-05,NO 15/9-F-5 AH,5769,15/9-F-5,3420717,VOLVE,369304,MÆRSK INSPIRER,24.0,,,injection,WI,,,,,0.0,,32763.62029,,,,,,
2014-08-06,NO 15/9-F-5 AH,5769,15/9-F-5,3420717,VOLVE,369304,MÆRSK INSPIRER,24.0,,,injection,WI,,,,,0.0,,32889.41649,,,,,,
2014-08-07,NO 15/9-F-5 AH,5769,15/9-F-5,3420717,VOLVE,369304,MÆRSK INSPIRER,24.0,,,injection,WI,,,,,0.0,,31329.54361,,,,,,
2014-08-08,NO 15/9-F-5 AH,5769,15/9-F-5,3420717,VOLVE,369304,MÆRSK INSPIRER,24.0,,,injection,WI,,,,,0.0,,32713.30181,,,,,,
2014-08-09,NO 15/9-F-5 AH,5769,15/9-F-5,3420717,VOLVE,369304,MÆRSK INSPIRER,24.0,,,injection,WI,,,,,0.0,,32442.83998,,,,,,
2014-08-10,NO 15/9-F-5 AH,5769,15/9-F-5,3420717,VOLVE,369304,MÆRSK INSPIRER,24.0,,,injection,WI,,,,,0.0,,31015.05311,,,,,,
2014-08-11,NO 15/9-F-5 AH,5769,15/9-F-5,3420717,VOLVE,369304,MÆRSK INSPIRER,24.0,,,injection,WI,,,,,0.0,,30191.088,,,,,,
2014-08-12,NO 15/9-F-5 AH,5769,15/9-F-5,3420717,VOLVE,369304,MÆRSK INSPIRER,24.0,,,injection,WI,,,,,0.0,,30234.917283023,,,,,,
2014-08-13,NO 15/9-F-5 AH,5769,15/9-F-5,3420717,VOLVE,369304,MÆRSK INSPIRER,24.0,,,injection,WI,,,,,0.0,,30922.273084506778,,,,,,
2014-08-14,NO 15/9-F-5 AH,5769,15/9-F-5,3420717,VOLVE,369304,MÆRSK INSPIRER,24.0,,,injection,WI,,,,,0.0,,31559.187026125903,,,,,,
2014-08-15,NO 15/9-F-5 AH,5769,15/9-F-5,3420717,VOLVE,369304,MÆRSK INSPIRER,24.0,,,injection,WI,,,,,0.0,,26525.957399909417,,,,,,
2014-08-16,NO 15/9-F-5 AH,5769,15/9-F-5,3420717,VOLVE,369304,MÆRSK INSPIRER,24.0,,,injection,WI,,,,,0.0,,31328.404289541126,,,,,,
2014-08-17,NO 15/9-F-5 AH,5769,15/9-F-5,3420717,VOLVE,369304,MÆRSK INSPIRER,24.0,,,injection,WI,,,,,0.0,,31101.49121048624,,,,,,
2014-08-18,NO 15/9-F-5 AH,5769,15/9-F-5,3420717,VOLVE,369304,MÆRSK INSPIRER,24.0,,,injection,WI,,,,,0.0,,28541.171147442634,,,,,,
2014-08-19,NO 15/9-F-5 AH,5769,15/9-F-5,3420717,VOLVE,369304,MÆRSK INSPIRER,10.50834,,,injection,WI,,,,,0.0,,9637.78729854407,,,,,,
2014-08-20,NO 15/9-F-5 AH,5769,15/9-F-5,3420717,VOLVE,369304,MÆRSK INSPIRER,0.0,,,injection,WI,,,,,0.0,,0.0,,,,,,
2014-08-21,NO 15/9-F-5 AH,5769,15/9-F-5,3420717,VOLVE,369304,MÆRSK INSPIRER,0.0,,,injection,WI,,,,,0.0,,0.0,,,,,,
2014-08-22,NO 15/9-F-5 AH,5769,15/9-F-5,3420717,VOLVE,369304,MÆRSK INSPIRER,0.0,,,injection,WI,,,,,0.0,,0.0,,,,,,
2014-08-23,NO 15/9-F-5 AH,5769,15/9-F-5,3420717,VOLVE,369304,MÆRSK INSPIRER,0.0,,,injection,WI,,,,,0.0,,0.0,,,,,,
2014-08-24,NO 15/9-F-5 AH,5769,15/9-F-5,3420717,VOLVE,369304,MÆRSK INSPIRER,0.0,,,injection,WI,,,,,0.0,,0.0,,,,,,
2014-08-25,NO 15/9-F-5 AH,5769,15/9-F-5,3420717,VOLVE,369304,MÆRSK INSPIRER,21.625,,,injection,WI,,,,,0.0,,27192.379622169086,,,,,,
2014-08-26,NO 15/9-F-5 AH,5769,15/9-F-5,3420717,VOLVE,369304,MÆRSK INSPIRER,24.0,,,injection,WI,,,,,0.0,,30228.986660485312,,,,,,
2014-08-27,NO 15/9-F-5 AH,5769,15/9-F-5,3420717,VOLVE,369304,MÆRSK INSPIRER,24.0,,,injection,WI,,,,,0.0,,28859.31315732682,,,,,,
2014-08-28,NO 15/9-F-5 AH,5769,15/9-F-5,3420717,VOLVE,369304,MÆRSK INSPIRER,22.5,,,injection,WI,,,,,0.0,,26250.584336878426,,,,,,
2014-08-29,NO 15/9-F-5 AH,5769,15/9-F-5,3420717,VOLVE,369304,MÆRSK INSPIRER,24.0,,,injection,WI,,,,,0.0,,29783.45186095525,,,,,,
2014-08-30,NO 15/9-F-5 AH,5769,15/9-F-5,3420717,VOLVE,369304,MÆRSK INSPIRER,24.0,,,injection,WI,,,,,0.0,,30092.034292627923,,,,,,
2014-08-31,NO 15/9-F-5 AH,5769,15/9-F-5,3420717,VOLVE,369304,MÆRSK INSPIRER,24.0,,,injection,WI,,,,,0.0,,33301.30776937389,,,,,,
2014-09-01,NO 15/9-F-5 AH,5769,15/9-F-5,3420717,VOLVE,369304,MÆRSK INSPIRER,24.0,,,injection,WI,,,,,0.0,,39667.940291373576,,,,,,
2014-09-02,NO 15/9-F-5 AH,5769,15/9-F-5,3420717,VOLVE,369304,MÆRSK INSPIRER,24.0,,,injection,WI,,,,,0.0,,36998.50628697414,,,,,,
2014-09-03,NO 15/9-F-5 AH,5769,15/9-F-5,3420717,VOLVE,369304,MÆRSK INSPIRER,20.91666,,,injection,WI,,,,,0.0,,31125.69186640734,,,,,,
2014-09-04,NO 15/9-F-5 AH,5769,15/9-F-5,3420717,VOLVE,369304,MÆRSK INSPIRER,24.0,,,injection,WI,,,,,0.0,,40217.13214379682,,,,,,
2014-09-05,NO 15/9-F-5 AH,5769,15/9-F-5,3420717,VOLVE,369304,MÆRSK INSPIRER,24.0,,,injection,WI,,,,,0.0,,39961.96472455413,,,,,,
2014-09-06,NO 15/9-F-5 AH,5769,15/9-F-5,3420717,VOLVE,369304,MÆRSK INSPIRER,24.0,,,injection,WI,,,,,0.0,,38798.02745103127,,,,,,
2014-09-07,NO 15/9-F-5 AH,5769,15/9-F-5,3420717,VOLVE,369304,MÆRSK INSPIRER,24.0,,,injection,WI,,,,,0.0,,38251.418240457206,,,,,,
2014-09-08,NO 15/9-F-5 AH,5769,15/9-F-5,3420717,VOLVE,369304,MÆRSK INSPIRER,24.0,,,injection,WI,,,,,0.0,,37644.421962245506,,,,,,
2014-09-09,NO 15/9-F-5 AH,5769,15/9-F-5,3420717,VOLVE,369304,MÆRSK INSPIRER,24.0,,,injection,WI,,,,,0.0,,36996.539763463494,,,,,,
2014-09-10,NO 15/9-F-5 AH,5769,15/9-F-5,3420717,VOLVE,369304,MÆRSK INSPIRER,24.0,,,injection,WI,,,,,0.0,,36743.39914769802,,,,,,
2014-09-11,NO 15/9-F-5 AH,5769,15/9-F-5,3420717,VOLVE,369304,MÆRSK INSPIRER,24.0,,,injection,WI,,,,,0.0,,36131.00822131439,,,,,,
2014-09-12,NO 15/9-F-5 AH,5769,15/9-F-5,3420717,VOLVE,369304,MÆRSK INSPIRER,24.0,,,injection,WI,,,,,0.0,,36014.84770884766,,,,,,
2014-09-13,NO 15/9-F-5 AH,5769,15/9-F-5,3420717,VOLVE,369304,MÆRSK INSPIRER,24.0,,,injection,WI,,,,,0.0,,36081.793643591074,,,,,,
2014-09-14,NO 15/9-F-5 AH,5769,15/9-F-5,3420717,VOLVE,369304,MÆRSK INSPIRER,24.0,,,injection,WI,,,,,0.0,,34873.23931979177,,,,,,
2014-09-15,NO 15/9-F-5 AH,5769,15/9-F-5,3420717,VOLVE,369304,MÆRSK INSPIRER,24.0,,,injection,WI,,,,,0.0,,34614.45926562181,,,,,,
2014-09-16,NO 15/9-F-5 AH,5769,15/9-F-5,3420717,VOLVE,369304,MÆRSK INSPIRER,24.0,,,injection,WI,,,,,0.0,,34480.73842,,,,,,
2014-09-17,NO 15/9-F-5 AH,5769,15/9-F-5,3420717,VOLVE,369304,MÆRSK INSPIRER,24.0,,,injection,WI,,,,,0.0,,34115.92944,,,,,,
2014-09-18,NO 15/9-F-5 AH,5769,15/9-F-5,3420717,VOLVE,369304,MÆRSK INSPIRER,24.0,,,injection,WI,,,,,0.0,,33826.59818,,,,,,
2014-09-19,NO 15/9-F-5 AH,5769,15/9-F-5,3420717,VOLVE,369304,MÆRSK INSPIRER,24.0,,,injection,WI,,,,,0.0,,33883.20647,,,,,,
2014-09-20,NO 15/9-F-5 AH,5769,15/9-F-5,3420717,VOLVE,369304,MÆRSK INSPIRER,24.0,,,injection,WI,,,,,0.0,,33845.46761,,,,,,
2014-09-21,NO 15/9-F-5 AH,5769,15/9-F-5,3420717,VOLVE,369304,MÆRSK INSPIRER,24.0,,,injection,WI,,,,,0.0,,33518.39749,,,,,,
2014-09-22,NO 15/9-F-5 AH,5769,15/9-F-5,3420717,VOLVE,369304,MÆRSK INSPIRER,24.0,,,injection,WI,,,,,0.0,,33247.93566,,,,,,
2014-09-23,NO 15/9-F-5 AH,5769,15/9-F-5,3420717,VOLVE,369304,MÆRSK INSPIRER,24.0,,,injection,WI,,,,,0.0,,32446.707573685984,,,,,,
2014-09-24,NO 15/9-F-5 AH,5769,15/9-F-5,3420717,VOLVE,369304,MÆRSK INSPIRER,24.0,,,injection,WI,,,,,0.0,,32463.951429809404,,,,,,
2014-09-25,NO 15/9-F-5 AH,5769,15/9-F-5,3420717,VOLVE,369304,MÆRSK INSPIRER,24.0,,,injection,WI,,,,,0.0,,33247.63630959682,,,,,,
2014-09-26,NO 15/9-F-5 AH,5769,15/9-F-5,3420717,VOLVE,369304,MÆRSK INSPIRER,24.0,,,injection,WI,,,,,0.0,,33470.01660038465,,,,,,
2014-09-27,NO 15/9-F-5 AH,5769,15/9-F-5,3420717,VOLVE,369304,MÆRSK INSPIRER,24.0,,,injection,WI,,,,,0.0,,33426.09805578511,,,,,,
2014-09-28,NO 15/9-F-5 AH,5769,15/9-F-5,3420717,VOLVE,369304,MÆRSK INSPIRER,24.0,,,injection,WI,,,,,0.0,,30809.954070876796,,,,,,
2014-09-29,NO 15/9-F-5 AH,5769,15/9-F-5,3420717,VOLVE,369304,MÆRSK INSPIRER,3.00833,,,injection,WI,,,,,0.0,,2679.1469832145876,,,,,,
2014-09-30,NO 15/9-F-5 AH,5769,15/9-F-5,3420717,VOLVE,369304,MÆRSK INSPIRER,19.575,,,injection,WI,,,,,0.0,,20954.22562240332,,,,,,
2014-10-01,NO 15/9-F-5 AH,5769,15/9-F-5,3420717,VOLVE,369304,MÆRSK INSPIRER,24.0,,,injection,WI,,,,,0.0,,34593.35309139054,,,,,,
2014-10-02,NO 15/9-F-5 AH,5769,15/9-F-5,3420717,VOLVE,369304,MÆRSK INSPIRER,24.0,,,injection,WI,,,,,0.0,,35060.781920200585,,,,,,
2014-10-03,NO 15/9-F-5 AH,5769,15/9-F-5,3420717,VOLVE,369304,MÆRSK INSPIRER,24.0,,,injection,WI,,,,,0.0,,34185.5882510398,,,,,,
2014-10-04,NO 15/9-F-5 AH,5769,15/9-F-5,3420717,VOLVE,369304,MÆRSK INSPIRER,24.0,,,injection,WI,,,,,0.0,,33966.81398432684,,,,,,
2014-10-05,NO 15/9-F-5 AH,5769,15/9-F-5,3420717,VOLVE,369304,MÆRSK INSPIRER,24.0,,,injection,WI,,,,,0.0,,34357.022617899944,,,,,,
2014-10-06,NO 15/9-F-5 AH,5769,15/9-F-5,3420717,VOLVE,369304,MÆRSK INSPIRER,24.0,,,injection,WI,,,,,0.0,,33780.12344744382,,,,,,
2014-10-07,NO 15/9-F-5 AH,5769,15/9-F-5,3420717,VOLVE,369304,MÆRSK INSPIRER,24.0,,,injection,WI,,,,,0.0,,33379.69136717974,,,,,,
2014-10-08,NO 15/9-F-5 AH,5769,15/9-F-5,3420717,VOLVE,369304,MÆRSK INSPIRER,24.0,,,injection,WI,,,,,0.0,,33585.1485507051,,,,,,
2014-10-09,NO 15/9-F-5 AH,5769,15/9-F-5,3420717,VOLVE,369304,MÆRSK INSPIRER,20.83334,,,injection,WI,,,,,0.0,,26237.736435515897,,,,,,
2014-10-10,NO 15/9-F-5 AH,5769,15/9-F-5,3420717,VOLVE,369304,MÆRSK INSPIRER,24.0,,,injection,WI,,,,,0.0,,35320.03494056463,,,,,,
2014-10-11,NO 15/9-F-5 AH,5769,15/9-F-5,3420717,VOLVE,369304,MÆRSK INSPIRER,24.0,,,injection,WI,,,,,0.0,,35251.73167923735,,,,,,
2014-10-12,NO 15/9-F-5 AH,5769,15/9-F-5,3420717,VOLVE,369304,MÆRSK INSPIRER,24.0,,,injection,WI,,,,,0.0,,35070.72664575481,,,,,,
2014-10-13,NO 15/9-F-5 AH,5769,15/9-F-5,3420717,VOLVE,369304,MÆRSK INSPIRER,24.0,,,injection,WI,,,,,0.0,,35517.426294510085,,,,,,
2014-10-14,NO 15/9-F-5 AH,5769,15/9-F-5,3420717,VOLVE,369304,MÆRSK INSPIRER,24.0,,,injection,WI,,,,,0.0,,35417.403669425425,,,,,,
2014-10-15,NO 15/9-F-5 AH,5769,15/9-F-5,3420717,VOLVE,369304,MÆRSK INSPIRER,24.0,,,injection,WI,,,,,0.0,,35107.103911272796,,,,,,
2014-10-16,NO 15/9-F-5 AH,5769,15/9-F-5,3420717,VOLVE,369304,MÆRSK INSPIRER,24.0,,,injection,WI,,,,,0.0,,34865.78438014586,,,,,,
2014-10-17,NO 15/9-F-5 AH,5769,15/9-F-5,3420717,VOLVE,369304,MÆRSK INSPIRER,24.0,,,injection,WI,,,,,0.0,,34758.80558948602,,,,,,
2014-10-18,NO 15/9-F-5 AH,5769,15/9-F-5,3420717,VOLVE,369304,MÆRSK INSPIRER,24.0,,,injection,WI,,,,,0.0,,34416.05211522361,,,,,,
2014-10-19,NO 15/9-F-5 AH,5769,15/9-F-5,3420717,VOLVE,369304,MÆRSK INSPIRER,24.0,,,injection,WI,,,,,0.0,,34507.74963296678,,,,,,
2014-10-20,NO 15/9-F-5 AH,5769,15/9-F-5,3420717,VOLVE,369304,MÆRSK INSPIRER,24.0,,,injection,WI,,,,,0.0,,34584.15673136125,,,,,,
2014-10-21,NO 15/9-F-5 AH,5769,15/9-F-5,3420717,VOLVE,369304,MÆRSK INSPIRER,24.0,,,injection,WI,,,,,0.0,,34578.29885833847,,,,,,
2014-10-22,NO 15/9-F-5 AH,5769,15/9-F-5,3420717,VOLVE,369304,MÆRSK INSPIRER,24.0,,,injection,WI,,,,,0.0,,33681.84957823346,,,,,,
2014-10-23,NO 15/9-F-5 AH,5769,15/9-F-5,3420717,VOLVE,369304,MÆRSK INSPIRER,24.0,,,injection,WI,,,,,0.0,,34765.14516105577,,,,,,
2014-10-24,NO 15/9-F-5 AH,5769,15/9-F-5,3420717,VOLVE,369304,MÆRSK INSPIRER,24.0,,,injection,WI,,,,,0.0,,34916.39807106783,,,,,,
2014-10-25,NO 15/9-F-5 AH,5769,15/9-F-5,3420717,VOLVE,369304,MÆRSK INSPIRER,24.0,,,injection,WI,,,,,0.0,,34303.20119856946,,,,,,
2014-10-26,NO 15/9-F-5 AH,5769,15/9-F-5,3420717,VOLVE,369304,MÆRSK INSPIRER,25.0,,,injection,WI,,,,,0.0,,34259.330103667584,,,,,,
2014-10-27,NO 15/9-F-5 AH,5769,15/9-F-5,3420717,VOLVE,369304,MÆRSK INSPIRER,24.0,,,injection,WI,,,,,0.0,,32956.242652346875,,,,,,
2014-10-28,NO 15/9-F-5 AH,5769,15/9-F-5,3420717,VOLVE,369304,MÆRSK INSPIRER,24.0,,,injection,WI,,,,,0.0,,31247.77608,,,,,,
2014-10-29,NO 15/9-F-5 AH,5769,15/9-F-5,3420717,VOLVE,369304,MÆRSK INSPIRER,24.0,,,injection,WI,,,,,0.0,,31477.219776313123,,,,,,
2014-10-30,NO 15/9-F-5 AH,5769,15/9-F-5,3420717,VOLVE,369304,MÆRSK INSPIRER,24.0,,,injection,WI,,,,,0.0,,29034.901519129788,,,,,,
2014-10-31,NO 15/9-F-5 AH,5769,15/9-F-5,3420717,VOLVE,369304,MÆRSK INSPIRER,24.0,,,injection,WI,,,,,0.0,,34166.24792,,,,,,
2014-11-01,NO 15/9-F-5 AH,5769,15/9-F-5,3420717,VOLVE,369304,MÆRSK INSPIRER,24.0,,,injection,WI,,,,,0.0,,34109.63963,,,,,,
2014-11-02,NO 15/9-F-5 AH,5769,15/9-F-5,3420717,VOLVE,369304,MÆRSK INSPIRER,24.0,,,injection,WI,,,,,0.0,,34304.62374,,,,,,
2014-11-03,NO 15/9-F-5 AH,5769,15/9-F-5,3420717,VOLVE,369304,MÆRSK INSPIRER,24.0,,,injection,WI,,,,,0.0,,34631.69386,,,,,,
2014-11-04,NO 15/9-F-5 AH,5769,15/9-F-5,3420717,VOLVE,369304,MÆRSK INSPIRER,24.0,,,injection,WI,,,,,0.0,,34646.073106023054,,,,,,
2014-11-05,NO 15/9-F-5 AH,5769,15/9-F-5,3420717,VOLVE,369304,MÆRSK INSPIRER,24.0,,,injection,WI,,,,,0.0,,34473.38362723307,,,,,,
2014-11-06,NO 15/9-F-5 AH,5769,15/9-F-5,3420717,VOLVE,369304,MÆRSK INSPIRER,24.0,,,injection,WI,,,,,0.0,,34288.3057543916,,,,,,
2014-11-07,NO 15/9-F-5 AH,5769,15/9-F-5,3420717,VOLVE,369304,MÆRSK INSPIRER,24.0,,,injection,WI,,,,,0.0,,32876.895365233,,,,,,
2014-11-08,NO 15/9-F-5 AH,5769,15/9-F-5,3420717,VOLVE,369304,MÆRSK INSPIRER,24.0,,,injection,WI,,,,,0.0,,32567.76449357738,,,,,,
2014-11-09,NO 15/9-F-5 AH,5769,15/9-F-5,3420717,VOLVE,369304,MÆRSK INSPIRER,24.0,,,injection,WI,,,,,0.0,,32333.693935716008,,,,,,
2014-11-10,NO 15/9-F-5 AH,5769,15/9-F-5,3420717,VOLVE,369304,MÆRSK INSPIRER,24.0,,,injection,WI,,,,,0.0,,32565.491275,,,,,,
2014-11-11,NO 15/9-F-5 AH,5769,15/9-F-5,3420717,VOLVE,369304,MÆRSK INSPIRER,24.0,,,injection,WI,,,,,0.0,,32643.771174804984,,,,,,
2014-11-12,NO 15/9-F-5 AH,5769,15/9-F-5,3420717,VOLVE,369304,MÆRSK INSPIRER,24.0,,,injection,WI,,,,,0.0,,32741.45777100753,,,,,,
2014-11-13,NO 15/9-F-5 AH,5769,15/9-F-5,3420717,VOLVE,369304,MÆRSK INSPIRER,24.0,,,injection,WI,,,,,0.0,,33138.784146202066,,,,,,
2014-11-14,NO 15/9-F-5 AH,5769,15/9-F-5,3420717,VOLVE,369304,MÆRSK INSPIRER,24.0,,,injection,WI,,,,,0.0,,33285.004896344384,,,,,,
2014-11-15,NO 15/9-F-5 AH,5769,15/9-F-5,3420717,VOLVE,369304,MÆRSK INSPIRER,24.0,,,injection,WI,,,,,0.0,,32919.8718129181,,,,,,
2014-11-16,NO 15/9-F-5 AH,5769,15/9-F-5,3420717,VOLVE,369304,MÆRSK INSPIRER,24.0,,,injection,WI,,,,,0.0,,32817.272070534025,,,,,,
2014-11-17,NO 15/9-F-5 AH,5769,15/9-F-5,3420717,VOLVE,369304,MÆRSK INSPIRER,24.0,,,injection,WI,,,,,0.0,,29561.945759410275,,,,,,
2014-11-18,NO 15/9-F-5 AH,5769,15/9-F-5,3420717,VOLVE,369304,MÆRSK INSPIRER,24.0,,,injection,WI,,,,,0.0,,28733.48225985203,,,,,,
2014-11-19,NO 15/9-F-5 AH,5769,15/9-F-5,3420717,VOLVE,369304,MÆRSK INSPIRER,24.0,,,injection,WI,,,,,0.0,,27354.631686725286,,,,,,
2014-11-20,NO 15/9-F-5 AH,5769,15/9-F-5,3420717,VOLVE,369304,MÆRSK INSPIRER,24.0,,,injection,WI,,,,,0.0,,26491.378824805244,,,,,,
2014-11-21,NO 15/9-F-5 AH,5769,15/9-F-5,3420717,VOLVE,369304,MÆRSK INSPIRER,24.0,,,injection,WI,,,,,0.0,,31090.930615565107,,,,,,
2014-11-22,NO 15/9-F-5 AH,5769,15/9-F-5,3420717,VOLVE,369304,MÆRSK INSPIRER,24.0,,,injection,WI,,,,,0.0,,37195.630253234245,,,,,,
2014-11-23,NO 15/9-F-5 AH,5769,15/9-F-5,3420717,VOLVE,369304,MÆRSK INSPIRER,24.0,,,injection,WI,,,,,0.0,,37222.93947477806,,,,,,
2014-11-24,NO 15/9-F-5 AH,5769,15/9-F-5,3420717,VOLVE,369304,MÆRSK INSPIRER,24.0,,,injection,WI,,,,,0.0,,37511.76970030686,,,,,,
2014-11-25,NO 15/9-F-5 AH,5769,15/9-F-5,3420717,VOLVE,369304,MÆRSK INSPIRER,24.0,,,injection,WI,,,,,0.0,,38310.2992104696,,,,,,
2014-11-26,NO 15/9-F-5 AH,5769,15/9-F-5,3420717,VOLVE,369304,MÆRSK INSPIRER,24.0,,,injection,WI,,,,,0.0,,36778.45891685399,,,,,,
2014-11-27,NO 15/9-F-5 AH,5769,15/9-F-5,3420717,VOLVE,369304,MÆRSK INSPIRER,24.0,,,injection,WI,,,,,0.0,,36910.54141766416,,,,,,
2014-11-28,NO 15/9-F-5 AH,5769,15/9-F-5,3420717,VOLVE,369304,MÆRSK INSPIRER,12.55833,,,injection,WI,,,,,0.0,,19054.002003078822,,,,,,
2014-11-29,NO 15/9-F-5 AH,5769,15/9-F-5,3420717,VOLVE,369304,MÆRSK INSPIRER,0.0,,,injection,WI,,,,,0.0,,311.90880162230206,,,,,,
2014-11-30,NO 15/9-F-5 AH,5769,15/9-F-5,3420717,VOLVE,369304,MÆRSK INSPIRER,0.0,,,injection,WI,,,,,0.0,,0.0,,,,,,
2014-12-01,NO 15/9-F-5 AH,5769,15/9-F-5,3420717,VOLVE,369304,MÆRSK INSPIRER,0.0,,,injection,WI,,,,,0.0,,0.0,,,,,,
2014-12-02,NO 15/9-F-5 AH,5769,15/9-F-5,3420717,VOLVE,369304,MÆRSK INSPIRER,0.0,,,injection,WI,,,,,0.0,,0.0,,,,,,
2014-12-03,NO 15/9-F-5 AH,5769,15/9-F-5,3420717,VOLVE,369304,MÆRSK INSPIRER,0.0,,,injection,WI,,,,,0.0,,0.0,,,,,,
2014-12-04,NO 15/9-F-5 AH,5769,15/9-F-5,3420717,VOLVE,369304,MÆRSK INSPIRER,0.0,,,injection,WI,,,,,0.0,,0.0,,,,,,
2014-12-05,NO 15/9-F-5 AH,5769,15/9-F-5,3420717,VOLVE,369304,MÆRSK INSPIRER,0.0,,,injection,WI,,,,,0.0,,153.2158955045875,,,,,,
2014-12-06,NO 15/9-F-5 AH,5769,15/9-F-5,3420717,VOLVE,369304,MÆRSK INSPIRER,0.0,,,injection,WI,,,,,0.0,,0.0,,,,,,
2014-12-07,NO 15/9-F-5 AH,5769,15/9-F-5,3420717,VOLVE,369304,MÆRSK INSPIRER,0.0,,,injection,WI,,,,,0.0,,0.0,,,,,,
2014-12-08,NO 15/9-F-5 AH,5769,15/9-F-5,3420717,VOLVE,369304,MÆRSK INSPIRER,0.0,,,injection,WI,,,,,0.0,,0.0,,,,,,
2014-12-09,NO 15/9-F-5 AH,5769,15/9-F-5,3420717,VOLVE,369304,MÆRSK INSPIRER,0.0,,,injection,WI,,,,,0.0,,0.0,,,,,,
2014-12-10,NO 15/9-F-5 AH,5769,15/9-F-5,3420717,VOLVE,369304,MÆRSK INSPIRER,0.0,,,injection,WI,,,,,0.0,,0.0,,,,,,
2014-12-11,NO 15/9-F-5 AH,5769,15/9-F-5,3420717,VOLVE,369304,MÆRSK INSPIRER,0.0,,,injection,WI,,,,,0.0,,0.0,,,,,,
2014-12-12,NO 15/9-F-5 AH,5769,15/9-F-5,3420717,VOLVE,369304,MÆRSK INSPIRER,0.0,,,injection,WI,,,,,0.0,,0.0,,,,,,
2014-12-13,NO 15/9-F-5 AH,5769,15/9-F-5,3420717,VOLVE,369304,MÆRSK INSPIRER,16.60833,,,injection,WI,,,,,0.0,,18919.748480000002,,,,,,
2014-12-14,NO 15/9-F-5 AH,5769,15/9-F-5,3420717,VOLVE,369304,MÆRSK INSPIRER,24.0,,,injection,WI,,,,,0.0,,36499.76743,,,,,,
2014-12-15,NO 15/9-F-5 AH,5769,15/9-F-5,3420717,VOLVE,369304,MÆRSK INSPIRER,24.0,,,injection,WI,,,,,0.0,,37380.34083,,,,,,
2014-12-16,NO 15/9-F-5 AH,5769,15/9-F-5,3420717,VOLVE,369304,MÆRSK INSPIRER,24.0,,,injection,WI,,,,,0.0,,37202.48262777177,,,,,,
2014-12-17,NO 15/9-F-5 AH,5769,15/9-F-5,3420717,VOLVE,369304,MÆRSK INSPIRER,24.0,,,injection,WI,,,,,0.0,,37066.57801384342,,,,,,
2014-12-18,NO 15/9-F-5 AH,5769,15/9-F-5,3420717,VOLVE,369304,MÆRSK INSPIRER,20.55,,,injection,WI,,,,,0.0,,31721.271762080443,,,,,,
2014-12-19,NO 15/9-F-5 AH,5769,15/9-F-5,3420717,VOLVE,369304,MÆRSK INSPIRER,22.0,,,injection,WI,,,,,0.0,,33470.685969827115,,,,,,
2014-12-20,NO 15/9-F-5 AH,5769,15/9-F-5,3420717,VOLVE,369304,MÆRSK INSPIRER,24.0,,,injection,WI,,,,,0.0,,36826.30709887365,,,,,,
2014-12-21,NO 15/9-F-5 AH,5769,15/9-F-5,3420717,VOLVE,369304,MÆRSK INSPIRER,24.0,,,injection,WI,,,,,0.0,,36917.763727376834,,,,,,
2014-12-22,NO 15/9-F-5 AH,5769,15/9-F-5,3420717,VOLVE,369304,MÆRSK INSPIRER,24.0,,,injection,WI,,,,,0.0,,36961.042008629694,,,,,,
2014-12-23,NO 15/9-F-5 AH,5769,15/9-F-5,3420717,VOLVE,369304,MÆRSK INSPIRER,24.0,,,injection,WI,,,,,0.0,,37169.033022457894,,,,,,
2014-12-24,NO 15/9-F-5 AH,5769,15/9-F-5,3420717,VOLVE,369304,MÆRSK INSPIRER,24.0,,,injection,WI,,,,,0.0,,36883.36848582002,,,,,,
2014-12-25,NO 15/9-F-5 AH,5769,15/9-F-5,3420717,VOLVE,369304,MÆRSK INSPIRER,24.0,,,injection,WI,,,,,0.0,,36702.985560409674,,,,,,
2014-12-26,NO 15/9-F-5 AH,5769,15/9-F-5,3420717,VOLVE,369304,MÆRSK INSPIRER,24.0,,,injection,WI,,,,,0.0,,36692.995007037716,,,,,,
2014-12-27,NO 15/9-F-5 AH,5769,15/9-F-5,3420717,VOLVE,369304,MÆRSK INSPIRER,24.0,,,injection,WI,,,,,0.0,,37173.344550933674,,,,,,
2014-12-28,NO 15/9-F-5 AH,5769,15/9-F-5,3420717,VOLVE,369304,MÆRSK INSPIRER,24.0,,,injection,WI,,,,,0.0,,37310.69501921125,,,,,,
2014-12-29,NO 15/9-F-5 AH,5769,15/9-F-5,3420717,VOLVE,369304,MÆRSK INSPIRER,10.39167,,,injection,WI,,,,,0.0,,15751.736881492565,,,,,,
2014-12-30,NO 15/9-F-5 AH,5769,15/9-F-5,3420717,VOLVE,369304,MÆRSK INSPIRER,0.0,,,injection,WI,,,,,0.0,,0.0,,,,,,
2014-12-31,NO 15/9-F-5 AH,5769,15/9-F-5,3420717,VOLVE,369304,MÆRSK INSPIRER,12.775,,,injection,WI,,,,,0.0,,21221.81894,,,,,,
2015-01-01,NO 15/9-F-5 AH,5769,15/9-F-5,3420717,VOLVE,369304,MÆRSK INSPIRER,24.0,,,injection,WI,,,,,0.0,,33769.98989,,,,,,
2015-01-02,NO 15/9-F-5 AH,5769,15/9-F-5,3420717,VOLVE,369304,MÆRSK INSPIRER,24.0,,,injection,WI,,,,,0.0,,25373.09354,,,,,,
2015-01-03,NO 15/9-F-5 AH,5769,15/9-F-5,3420717,VOLVE,369304,MÆRSK INSPIRER,24.0,,,injection,WI,,,,,0.0,,23989.33534,,,,,,
2015-01-04,NO 15/9-F-5 AH,5769,15/9-F-5,3420717,VOLVE,369304,MÆRSK INSPIRER,24.0,,,injection,WI,,,,,0.0,,24637.18577,,,,,,
2015-01-05,NO 15/9-F-5 AH,5769,15/9-F-5,3420717,VOLVE,369304,MÆRSK INSPIRER,24.0,,,injection,WI,,,,,0.0,,24465.178094820618,,,,,,
2015-01-06,NO 15/9-F-5 AH,5769,15/9-F-5,3420717,VOLVE,369304,MÆRSK INSPIRER,24.0,,,injection,WI,,,,,0.0,,24619.51454094274,,,,,,
2015-01-07,NO 15/9-F-5 AH,5769,15/9-F-5,3420717,VOLVE,369304,MÆRSK INSPIRER,24.0,,,injection,WI,,,,,0.0,,24651.906253940077,,,,,,
2015-01-08,NO 15/9-F-5 AH,5769,15/9-F-5,3420717,VOLVE,369304,MÆRSK INSPIRER,24.0,,,injection,WI,,,,,0.0,,24624.193454599867,,,,,,
2015-01-09,NO 15/9-F-5 AH,5769,15/9-F-5,3420717,VOLVE,369304,MÆRSK INSPIRER,17.0,,,injection,WI,,,,,0.0,,17356.524543856496,,,,,,
2015-01-10,NO 15/9-F-5 AH,5769,15/9-F-5,3420717,VOLVE,369304,MÆRSK INSPIRER,19.0,,,injection,WI,,,,,0.0,,18871.946242421633,,,,,,
2015-01-11,NO 15/9-F-5 AH,5769,15/9-F-5,3420717,VOLVE,369304,MÆRSK INSPIRER,24.0,,,injection,WI,,,,,0.0,,25785.865104490924,,,,,,
2015-01-12,NO 15/9-F-5 AH,5769,15/9-F-5,3420717,VOLVE,369304,MÆRSK INSPIRER,24.0,,,injection,WI,,,,,0.0,,26604.437049665852,,,,,,
2015-01-13,NO 15/9-F-5 AH,5769,15/9-F-5,3420717,VOLVE,369304,MÆRSK INSPIRER,24.0,,,injection,WI,,,,,0.0,,27212.19934549218,,,,,,
2015-01-14,NO 15/9-F-5 AH,5769,15/9-F-5,3420717,VOLVE,369304,MÆRSK INSPIRER,24.0,,,injection,WI,,,,,0.0,,27601.846485105823,,,,,,
2015-01-15,NO 15/9-F-5 AH,5769,15/9-F-5,3420717,VOLVE,369304,MÆRSK INSPIRER,24.0,,,injection,WI,,,,,0.0,,26226.254638953294,,,,,,
2015-01-16,NO 15/9-F-5 AH,5769,15/9-F-5,3420717,VOLVE,369304,MÆRSK INSPIRER,24.0,,,injection,WI,,,,,0.0,,26337.223725698816,,,,,,
2015-01-17,NO 15/9-F-5 AH,5769,15/9-F-5,3420717,VOLVE,369304,MÆRSK INSPIRER,24.0,,,injection,WI,,,,,0.0,,26329.1154752816,,,,,,
2015-01-18,NO 15/9-F-5 AH,5769,15/9-F-5,3420717,VOLVE,369304,MÆRSK INSPIRER,24.0,,,injection,WI,,,,,0.0,,26329.1154752816,,,,,,
2015-01-19,NO 15/9-F-5 AH,5769,15/9-F-5,3420717,VOLVE,369304,MÆRSK INSPIRER,24.0,,,injection,WI,,,,,0.0,,26329.1154752816,,,,,,
2015-01-20,NO 15/9-F-5 AH,5769,15/9-F-5,3420717,VOLVE,369304,MÆRSK INSPIRER,19.66667,,,injection,WI,,,,,0.0,,25253.58715,,,,,,
2015-01-21,NO 15/9-F-5 AH,5769,15/9-F-5,3420717,VOLVE,369304,MÆRSK INSPIRER,24.0,,,injection,WI,,,,,0.0,,28876.51771,,,,,,
2015-01-22,NO 15/9-F-5 AH,5769,15/9-F-5,3420717,VOLVE,369304,MÆRSK INSPIRER,24.0,,,injection,WI,,,,,0.0,,24536.54881,,,,,,
2015-01-23,NO 15/9-F-5 AH,5769,15/9-F-5,3420717,VOLVE,369304,MÆRSK INSPIRER,24.0,,,injection,WI,,,,,0.0,,24656.0552,,,,,,
2015-01-24,NO 15/9-F-5 AH,5769,15/9-F-5,3420717,VOLVE,369304,MÆRSK INSPIRER,24.0,,,injection,WI,,,,,0.0,,24454.78128,,,,,,
2015-01-25,NO 15/9-F-5 AH,5769,15/9-F-5,3420717,VOLVE,369304,MÆRSK INSPIRER,24.0,,,injection,WI,,,,,0.0,,24586.867290000002,,,,,,
2015-01-26,NO 15/9-F-5 AH,5769,15/9-F-5,3420717,VOLVE,369304,MÆRSK INSPIRER,19.0,,,injection,WI,,,,,0.0,,19573.88872,,,,,,
2015-01-27,NO 15/9-F-5 AH,5769,15/9-F-5,3420717,VOLVE,369304,MÆRSK INSPIRER,14.44167,,,injection,WI,,,,,0.0,,10833.057020782924,,,,,,
2015-01-28,NO 15/9-F-5 AH,5769,15/9-F-5,3420717,VOLVE,369304,MÆRSK INSPIRER,24.0,,,injection,WI,,,,,0.0,,17711.15829117992,,,,,,
2015-01-29,NO 15/9-F-5 AH,5769,15/9-F-5,3420717,VOLVE,369304,MÆRSK INSPIRER,24.0,,,injection,WI,,,,,0.0,,19846.35498140929,,,,,,
2015-01-30,NO 15/9-F-5 AH,5769,15/9-F-5,3420717,VOLVE,369304,MÆRSK INSPIRER,24.0,,,injection,WI,,,,,0.0,,21433.73311667516,,,,,,
2015-01-31,NO 15/9-F-5 AH,5769,15/9-F-5,3420717,VOLVE,369304,MÆRSK INSPIRER,13.525,,,injection,WI,,,,,0.0,,12098.164222666515,,,,,,
2015-02-01,NO 15/9-F-5 AH,5769,15/9-F-5,3420717,VOLVE,369304,MÆRSK INSPIRER,14.55833,,,injection,WI,,,,,0.0,,14938.337244947577,,,,,,
2015-02-02,NO 15/9-F-5 AH,5769,15/9-F-5,3420717,VOLVE,369304,MÆRSK INSPIRER,24.0,,,injection,WI,,,,,0.0,,24746.756549428766,,,,,,
2015-02-03,NO 15/9-F-5 AH,5769,15/9-F-5,3420717,VOLVE,369304,MÆRSK INSPIRER,13.60833,,,injection,WI,,,,,0.0,,14119.30872770626,,,,,,
2015-02-04,NO 15/9-F-5 AH,5769,15/9-F-5,3420717,VOLVE,369304,MÆRSK INSPIRER,0.0,,,injection,WI,,,,,0.0,,184.7912291648625,,,,,,
2015-02-05,NO 15/9-F-5 AH,5769,15/9-F-5,3420717,VOLVE,369304,MÆRSK INSPIRER,1.225,,,injection,WI,,,,,0.0,,1641.471967577823,,,,,,
2015-02-06,NO 15/9-F-5 AH,5769,15/9-F-5,3420717,VOLVE,369304,MÆRSK INSPIRER,24.0,,,injection,WI,,,,,0.0,,30359.327556148928,,,,,,
2015-02-07,NO 15/9-F-5 AH,5769,15/9-F-5,3420717,VOLVE,369304,MÆRSK INSPIRER,24.0,,,injection,WI,,,,,0.0,,36906.47045869635,,,,,,
2015-02-08,NO 15/9-F-5 AH,5769,15/9-F-5,3420717,VOLVE,369304,MÆRSK INSPIRER,17.44167,,,injection,WI,,,,,0.0,,26014.68713301855,,,,,,
2015-02-09,NO 15/9-F-5 AH,5769,15/9-F-5,3420717,VOLVE,369304,MÆRSK INSPIRER,21.05833,,,injection,WI,,,,,0.0,,31652.86009849858,,,,,,
2015-02-10,NO 15/9-F-5 AH,5769,15/9-F-5,3420717,VOLVE,369304,MÆRSK INSPIRER,24.0,,,injection,WI,,,,,0.0,,41004.61393028885,,,,,,
2015-02-11,NO 15/9-F-5 AH,5769,15/9-F-5,3420717,VOLVE,369304,MÆRSK INSPIRER,24.0,,,injection,WI,,,,,0.0,,37623.38153094288,,,,,,
2015-02-12,NO 15/9-F-5 AH,5769,15/9-F-5,3420717,VOLVE,369304,MÆRSK INSPIRER,24.0,,,injection,WI,,,,,0.0,,38568.464641441264,,,,,,
2015-02-13,NO 15/9-F-5 AH,5769,15/9-F-5,3420717,VOLVE,369304,MÆRSK INSPIRER,24.0,,,injection,WI,,,,,0.0,,38161.30847255611,,,,,,
2015-02-14,NO 15/9-F-5 AH,5769,15/9-F-5,3420717,VOLVE,369304,MÆRSK INSPIRER,24.0,,,injection,WI,,,,,0.0,,39452.03284274637,,,,,,
2015-02-15,NO 15/9-F-5 AH,5769,15/9-F-5,3420717,VOLVE,369304,MÆRSK INSPIRER,24.0,,,injection,WI,,,,,0.0,,39480.66802699855,,,,,,
2015-02-16,NO 15/9-F-5 AH,5769,15/9-F-5,3420717,VOLVE,369304,MÆRSK INSPIRER,24.0,,,injection,WI,,,,,0.0,,41119.320284546775,,,,,,
2015-02-17,NO 15/9-F-5 AH,5769,15/9-F-5,3420717,VOLVE,369304,MÆRSK INSPIRER,24.0,,,injection,WI,,,,,0.0,,41534.760335,,,,,,
2015-02-18,NO 15/9-F-5 AH,5769,15/9-F-5,3420717,VOLVE,369304,MÆRSK INSPIRER,24.0,,,injection,WI,,,,,0.0,,26577.532887954898,,,,,,
2015-02-19,NO 15/9-F-5 AH,5769,15/9-F-5,3420717,VOLVE,369304,MÆRSK INSPIRER,24.0,,,injection,WI,,,,,0.0,,26237.119525709586,,,,,,
2015-02-20,NO 15/9-F-5 AH,5769,15/9-F-5,3420717,VOLVE,369304,MÆRSK INSPIRER,15.5,,,injection,WI,,,,,0.0,,16869.253003778183,,,,,,
2015-02-21,NO 15/9-F-5 AH,5769,15/9-F-5,3420717,VOLVE,369304,MÆRSK INSPIRER,24.0,,,injection,WI,,,,,0.0,,26378.78671155619,,,,,,
2015-02-22,NO 15/9-F-5 AH,5769,15/9-F-5,3420717,VOLVE,369304,MÆRSK INSPIRER,24.0,,,injection,WI,,,,,0.0,,26871.942232610283,,,,,,
2015-02-23,NO 15/9-F-5 AH,5769,15/9-F-5,3420717,VOLVE,369304,MÆRSK INSPIRER,24.0,,,injection,WI,,,,,0.0,,27084.19336620054,,,,,,
2015-02-24,NO 15/9-F-5 AH,5769,15/9-F-5,3420717,VOLVE,369304,MÆRSK INSPIRER,24.0,,,injection,WI,,,,,0.0,,26960.485636023313,,,,,,
2015-02-25,NO 15/9-F-5 AH,5769,15/9-F-5,3420717,VOLVE,369304,MÆRSK INSPIRER,24.0,,,injection,WI,,,,,0.0,,27102.192548571955,,,,,,
2015-02-26,NO 15/9-F-5 AH,5769,15/9-F-5,3420717,VOLVE,369304,MÆRSK INSPIRER,20.49167,,,injection,WI,,,,,0.0,,22556.322110936126,,,,,,
2015-02-27,NO 15/9-F-5 AH,5769,15/9-F-5,3420717,VOLVE,369304,MÆRSK INSPIRER,24.0,,,injection,WI,,,,,0.0,,25532.198689437755,,,,,,
2015-02-28,NO 15/9-F-5 AH,5769,15/9-F-5,3420717,VOLVE,369304,MÆRSK INSPIRER,24.0,,,injection,WI,,,,,0.0,,23702.328163484624,,,,,,
2015-03-01,NO 15/9-F-5 AH,5769,15/9-F-5,3420717,VOLVE,369304,MÆRSK INSPIRER,24.0,,,injection,WI,,,,,0.0,,23736.288109567755,,,,,,
2015-03-02,NO 15/9-F-5 AH,5769,15/9-F-5,3420717,VOLVE,369304,MÆRSK INSPIRER,24.0,,,injection,WI,,,,,0.0,,23571.537664339947,,,,,,
2015-03-03,NO 15/9-F-5 AH,5769,15/9-F-5,3420717,VOLVE,369304,MÆRSK INSPIRER,24.0,,,injection,WI,,,,,0.0,,23816.216998377422,,,,,,
2015-03-04,NO 15/9-F-5 AH,5769,15/9-F-5,3420717,VOLVE,369304,MÆRSK INSPIRER,24.0,,,injection,WI,,,,,0.0,,24121.42135,,,,,,
2015-03-05,NO 15/9-F-5 AH,5769,15/9-F-5,3420717,VOLVE,369304,MÆRSK INSPIRER,24.0,,,injection,WI,,,,,0.0,,24121.42135,,,,,,
2015-03-06,NO 15/9-F-5 AH,5769,15/9-F-5,3420717,VOLVE,369304,MÆRSK INSPIRER,24.0,,,injection,WI,,,,,0.0,,23718.87351,,,,,,
2015-03-07,NO 15/9-F-5 AH,5769,15/9-F-5,3420717,VOLVE,369304,MÆRSK INSPIRER,24.0,,,injection,WI,,,,,0.0,,23775.4818,,,,,,
2015-03-08,NO 15/9-F-5 AH,5769,15/9-F-5,3420717,VOLVE,369304,MÆRSK INSPIRER,24.0,,,injection,WI,,,,,0.0,,23806.93085,,,,,,
2015-03-09,NO 15/9-F-5 AH,5769,15/9-F-5,3420717,VOLVE,369304,MÆRSK INSPIRER,24.0,,,injection,WI,,,,,0.0,,23781.77161,,,,,,
2015-03-10,NO 15/9-F-5 AH,5769,15/9-F-5,3420717,VOLVE,369304,MÆRSK INSPIRER,24.0,,,injection,WI,,,,,0.0,,23433.839040664727,,,,,,
2015-03-11,NO 15/9-F-5 AH,5769,15/9-F-5,3420717,VOLVE,369304,MÆRSK INSPIRER,24.0,,,injection,WI,,,,,0.0,,27054.00509813202,,,,,,
2015-03-12,NO 15/9-F-5 AH,5769,15/9-F-5,3420717,VOLVE,369304,MÆRSK INSPIRER,24.0,,,injection,WI,,,,,0.0,,21653.452099746344,,,,,,
2015-03-13,NO 15/9-F-5 AH,5769,15/9-F-5,3420717,VOLVE,369304,MÆRSK INSPIRER,24.0,,,injection,WI,,,,,0.0,,26933.846268761477,,,,,,
2015-03-14,NO 15/9-F-5 AH,5769,15/9-F-5,3420717,VOLVE,369304,MÆRSK INSPIRER,24.0,,,injection,WI,,,,,0.0,,26937.426225505027,,,,,,
2015-03-15,NO 15/9-F-5 AH,5769,15/9-F-5,3420717,VOLVE,369304,MÆRSK INSPIRER,24.0,,,injection,WI,,,,,0.0,,26967.732740691168,,,,,,
2015-03-16,NO 15/9-F-5 AH,5769,15/9-F-5,3420717,VOLVE,369304,MÆRSK INSPIRER,24.0,,,injection,WI,,,,,0.0,,27618.894981041023,,,,,,
2015-03-17,NO 15/9-F-5 AH,5769,15/9-F-5,3420717,VOLVE,369304,MÆRSK INSPIRER,24.0,,,injection,WI,,,,,0.0,,27819.99220848473,,,,,,
2015-03-18,NO 15/9-F-5 AH,5769,15/9-F-5,3420717,VOLVE,369304,MÆRSK INSPIRER,24.0,,,injection,WI,,,,,0.0,,26957.72991039631,,,,,,
2015-03-19,NO 15/9-F-5 AH,5769,15/9-F-5,3420717,VOLVE,369304,MÆRSK INSPIRER,24.0,,,injection,WI,,,,,0.0,,26704.12414745682,,,,,,
2015-03-20,NO 15/9-F-5 AH,5769,15/9-F-5,3420717,VOLVE,369304,MÆRSK INSPIRER,24.0,,,injection,WI,,,,,0.0,,27951.159552422916,,,,,,
2015-03-21,NO 15/9-F-5 AH,5769,15/9-F-5,3420717,VOLVE,369304,MÆRSK INSPIRER,24.0,,,injection,WI,,,,,0.0,,27980.728548075243,,,,,,
2015-03-22,NO 15/9-F-5 AH,5769,15/9-F-5,3420717,VOLVE,369304,MÆRSK INSPIRER,24.0,,,injection,WI,,,,,0.0,,27500.437646174512,,,,,,
2015-03-23,NO 15/9-F-5 AH,5769,15/9-F-5,3420717,VOLVE,369304,MÆRSK INSPIRER,24.0,,,injection,WI,,,,,0.0,,27009.71082124911,,,,,,
2015-03-24,NO 15/9-F-5 AH,5769,15/9-F-5,3420717,VOLVE,369304,MÆRSK INSPIRER,24.0,,,injection,WI,,,,,0.0,,26874.551070207755,,,,,,
2015-03-25,NO 15/9-F-5 AH,5769,15/9-F-5,3420717,VOLVE,369304,MÆRSK INSPIRER,24.0,,,injection,WI,,,,,0.0,,26966.72928012829,,,,,,
2015-03-26,NO 15/9-F-5 AH,5769,15/9-F-5,3420717,VOLVE,369304,MÆRSK INSPIRER,24.0,,,injection,WI,,,,,0.0,,27358.38776470072,,,,,,
2015-03-27,NO 15/9-F-5 AH,5769,15/9-F-5,3420717,VOLVE,369304,MÆRSK INSPIRER,24.0,,,injection,WI,,,,,0.0,,27325.26390078448,,,,,,
2015-03-28,NO 15/9-F-5 AH,5769,15/9-F-5,3420717,VOLVE,369304,MÆRSK INSPIRER,24.0,,,injection,WI,,,,,0.0,,27246.440499807773,,,,,,
2015-03-29,NO 15/9-F-5 AH,5769,15/9-F-5,3420717,VOLVE,369304,MÆRSK INSPIRER,24.0,,,injection,WI,,,,,0.0,,26620.731132742847,,,,,,
2015-03-30,NO 15/9-F-5 AH,5769,15/9-F-5,3420717,VOLVE,369304,MÆRSK INSPIRER,24.0,,,injection,WI,,,,,0.0,,27284.79902009558,,,,,,
2015-03-31,NO 15/9-F-5 AH,5769,15/9-F-5,3420717,VOLVE,369304,MÆRSK INSPIRER,24.0,,,injection,WI,,,,,0.0,,27210.984164683196,,,,,,
2015-04-01,NO 15/9-F-5 AH,5769,15/9-F-5,3420717,VOLVE,369304,MÆRSK INSPIRER,24.0,,,injection,WI,,,,,0.0,,27809.208375102928,,,,,,
2015-04-02,NO 15/9-F-5 AH,5769,15/9-F-5,3420717,VOLVE,369304,MÆRSK INSPIRER,24.0,,,injection,WI,,,,,0.0,,28671.57562784384,,,,,,
2015-04-03,NO 15/9-F-5 AH,5769,15/9-F-5,3420717,VOLVE,369304,MÆRSK INSPIRER,24.0,,,injection,WI,,,,,0.0,,28792.930684729236,,,,,,
2015-04-04,NO 15/9-F-5 AH,5769,15/9-F-5,3420717,VOLVE,369304,MÆRSK INSPIRER,24.0,,,injection,WI,,,,,0.0,,28954.142959828303,,,,,,
2015-04-05,NO 15/9-F-5 AH,5769,15/9-F-5,3420717,VOLVE,369304,MÆRSK INSPIRER,24.0,,,injection,WI,,,,,0.0,,28881.609317746883,,,,,,
2015-04-06,NO 15/9-F-5 AH,5769,15/9-F-5,3420717,VOLVE,369304,MÆRSK INSPIRER,11.66667,,,injection,WI,,,,,0.0,,13508.264339571946,,,,,,
2015-04-07,NO 15/9-F-5 AH,5769,15/9-F-5,3420717,VOLVE,369304,MÆRSK INSPIRER,24.0,,,injection,WI,,,,,0.0,,26888.116543233762,,,,,,
2015-04-08,NO 15/9-F-5 AH,5769,15/9-F-5,3420717,VOLVE,369304,MÆRSK INSPIRER,24.0,,,injection,WI,,,,,0.0,,25999.258495095095,,,,,,
2015-04-09,NO 15/9-F-5 AH,5769,15/9-F-5,3420717,VOLVE,369304,MÆRSK INSPIRER,24.0,,,injection,WI,,,,,0.0,,26352.09604565229,,,,,,
2015-04-10,NO 15/9-F-5 AH,5769,15/9-F-5,3420717,VOLVE,369304,MÆRSK INSPIRER,24.0,,,injection,WI,,,,,0.0,,32558.995311235743,,,,,,
2015-04-11,NO 15/9-F-5 AH,5769,15/9-F-5,3420717,VOLVE,369304,MÆRSK INSPIRER,24.0,,,injection,WI,,,,,0.0,,24975.592394572355,,,,,,
2015-04-12,NO 15/9-F-5 AH,5769,15/9-F-5,3420717,VOLVE,369304,MÆRSK INSPIRER,24.0,,,injection,WI,,,,,0.0,,28163.535532189784,,,,,,
2015-04-13,NO 15/9-F-5 AH,5769,15/9-F-5,3420717,VOLVE,369304,MÆRSK INSPIRER,24.0,,,injection,WI,,,,,0.0,,44821.251898586175,,,,,,
2015-04-14,NO 15/9-F-5 AH,5769,15/9-F-5,3420717,VOLVE,369304,MÆRSK INSPIRER,24.0,,,injection,WI,,,,,0.0,,45563.38364,,,,,,
2015-04-15,NO 15/9-F-5 AH,5769,15/9-F-5,3420717,VOLVE,369304,MÆRSK INSPIRER,24.0,,,injection,WI,,,,,0.0,,46569.75324,,,,,,
2015-04-16,NO 15/9-F-5 AH,5769,15/9-F-5,3420717,VOLVE,369304,MÆRSK INSPIRER,24.0,,,injection,WI,,,,,0.0,,35719.83099,,,,,,
2015-04-17,NO 15/9-F-5 AH,5769,15/9-F-5,3420717,VOLVE,369304,MÆRSK INSPIRER,24.0,,,injection,WI,,,,,0.0,,47802.556000000004,,,,,,
2015-04-18,NO 15/9-F-5 AH,5769,15/9-F-5,3420717,VOLVE,369304,MÆRSK INSPIRER,24.0,,,injection,WI,,,,,0.0,,48884.40332,,,,,,
2015-04-19,NO 15/9-F-5 AH,5769,15/9-F-5,3420717,VOLVE,369304,MÆRSK INSPIRER,24.0,,,injection,WI,,,,,0.0,,28543.15778,,,,,,
2015-04-20,NO 15/9-F-5 AH,5769,15/9-F-5,3420717,VOLVE,369304,MÆRSK INSPIRER,24.0,,,injection,WI,,,,,0.0,,28304.145,,,,,,
2015-04-21,NO 15/9-F-5 AH,5769,15/9-F-5,3420717,VOLVE,369304,MÆRSK INSPIRER,24.0,,,injection,WI,,,,,0.0,,27661.15780653918,,,,,,
2015-04-22,NO 15/9-F-5 AH,5769,15/9-F-5,3420717,VOLVE,369304,MÆRSK INSPIRER,24.0,,,injection,WI,,,,,0.0,,27478.085861557633,,,,,,
2015-04-23,NO 15/9-F-5 AH,5769,15/9-F-5,3420717,VOLVE,369304,MÆRSK INSPIRER,24.0,,,injection,WI,,,,,0.0,,27352.30299857559,,,,,,
2015-04-24,NO 15/9-F-5 AH,5769,15/9-F-5,3420717,VOLVE,369304,MÆRSK INSPIRER,24.0,,,injection,WI,,,,,0.0,,27505.608724360372,,,,,,
2015-04-25,NO 15/9-F-5 AH,5769,15/9-F-5,3420717,VOLVE,369304,MÆRSK INSPIRER,24.0,,,injection,WI,,,,,0.0,,27830.586396232768,,,,,,
2015-04-26,NO 15/9-F-5 AH,5769,15/9-F-5,3420717,VOLVE,369304,MÆRSK INSPIRER,24.0,,,injection,WI,,,,,0.0,,27835.532608469617,,,,,,
2015-04-27,NO 15/9-F-5 AH,5769,15/9-F-5,3420717,VOLVE,369304,MÆRSK INSPIRER,24.0,,,injection,WI,,,,,0.0,,27698.838602420237,,,,,,
2015-04-28,NO 15/9-F-5 AH,5769,15/9-F-5,3420717,VOLVE,369304,MÆRSK INSPIRER,24.0,,,injection,WI,,,,,0.0,,27834.565036514305,,,,,,
2015-04-29,NO 15/9-F-5 AH,5769,15/9-F-5,3420717,VOLVE,369304,MÆRSK INSPIRER,24.0,,,injection,WI,,,,,0.0,,27849.95768100003,,,,,,
2015-04-30,NO 15/9-F-5 AH,5769,15/9-F-5,3420717,VOLVE,369304,MÆRSK INSPIRER,24.0,,,injection,WI,,,,,0.0,,27773.627466360173,,,,,,
2015-05-01,NO 15/9-F-5 AH,5769,15/9-F-5,3420717,VOLVE,369304,MÆRSK INSPIRER,24.0,,,injection,WI,,,,,0.0,,27745.09153924092,,,,,,
2015-05-02,NO 15/9-F-5 AH,5769,15/9-F-5,3420717,VOLVE,369304,MÆRSK INSPIRER,24.0,,,injection,WI,,,,,0.0,,27845.97539918058,,,,,,
2015-05-03,NO 15/9-F-5 AH,5769,15/9-F-5,3420717,VOLVE,369304,MÆRSK INSPIRER,24.0,,,injection,WI,,,,,0.0,,27249.669190318476,,,,,,
2015-05-04,NO 15/9-F-5 AH,5769,15/9-F-5,3420717,VOLVE,369304,MÆRSK INSPIRER,24.0,,,injection,WI,,,,,0.0,,27019.136817,,,,,,
2015-05-05,NO 15/9-F-5 AH,5769,15/9-F-5,3420717,VOLVE,369304,MÆRSK INSPIRER,24.0,,,injection,WI,,,,,0.0,,27335.72142275461,,,,,,
2015-05-06,NO 15/9-F-5 AH,5769,15/9-F-5,3420717,VOLVE,369304,MÆRSK INSPIRER,24.0,,,injection,WI,,,,,0.0,,27389.796599228033,,,,,,
2015-05-07,NO 15/9-F-5 AH,5769,15/9-F-5,3420717,VOLVE,369304,MÆRSK INSPIRER,24.0,,,injection,WI,,,,,0.0,,27556.604931387872,,,,,,
2015-05-08,NO 15/9-F-5 AH,5769,15/9-F-5,3420717,VOLVE,369304,MÆRSK INSPIRER,24.0,,,injection,WI,,,,,0.0,,27658.083781145993,,,,,,
2015-05-09,NO 15/9-F-5 AH,5769,15/9-F-5,3420717,VOLVE,369304,MÆRSK INSPIRER,24.0,,,injection,WI,,,,,0.0,,27451.27561195149,,,,,,
2015-05-10,NO 15/9-F-5 AH,5769,15/9-F-5,3420717,VOLVE,369304,MÆRSK INSPIRER,24.0,,,injection,WI,,,,,0.0,,27423.014468285855,,,,,,
2015-05-11,NO 15/9-F-5 AH,5769,15/9-F-5,3420717,VOLVE,369304,MÆRSK INSPIRER,24.0,,,injection,WI,,,,,0.0,,27492.459016948007,,,,,,
2015-05-12,NO 15/9-F-5 AH,5769,15/9-F-5,3420717,VOLVE,369304,MÆRSK INSPIRER,24.0,,,injection,WI,,,,,0.0,,27513.71351276133,,,,,,
2015-05-13,NO 15/9-F-5 AH,5769,15/9-F-5,3420717,VOLVE,369304,MÆRSK INSPIRER,24.0,,,injection,WI,,,,,0.0,,27577.90684319596,,,,,,
2015-05-14,NO 15/9-F-5 AH,5769,15/9-F-5,3420717,VOLVE,369304,MÆRSK INSPIRER,24.0,,,injection,WI,,,,,0.0,,27445.271663332973,,,,,,
2015-05-15,NO 15/9-F-5 AH,5769,15/9-F-5,3420717,VOLVE,369304,MÆRSK INSPIRER,24.0,,,injection,WI,,,,,0.0,,27635.110797858615,,,,,,
2015-05-16,NO 15/9-F-5 AH,5769,15/9-F-5,3420717,VOLVE,369304,MÆRSK INSPIRER,24.0,,,injection,WI,,,,,0.0,,27666.18612438332,,,,,,
2015-05-17,NO 15/9-F-5 AH,5769,15/9-F-5,3420717,VOLVE,369304,MÆRSK INSPIRER,24.0,,,injection,WI,,,,,0.0,,27740.07114131587,,,,,,
2015-05-18,NO 15/9-F-5 AH,5769,15/9-F-5,3420717,VOLVE,369304,MÆRSK INSPIRER,24.0,,,injection,WI,,,,,0.0,,27941.1013809727,,,,,,
2015-05-19,NO 15/9-F-5 AH,5769,15/9-F-5,3420717,VOLVE,369304,MÆRSK INSPIRER,24.0,,,injection,WI,,,,,0.0,,28163.284580564177,,,,,,
2015-05-20,NO 15/9-F-5 AH,5769,15/9-F-5,3420717,VOLVE,369304,MÆRSK INSPIRER,24.0,,,injection,WI,,,,,0.0,,28143.333033306495,,,,,,
2015-05-21,NO 15/9-F-5 AH,5769,15/9-F-5,3420717,VOLVE,369304,MÆRSK INSPIRER,24.0,,,injection,WI,,,,,0.0,,27912.842295909464,,,,,,
2015-05-22,NO 15/9-F-5 AH,5769,15/9-F-5,3420717,VOLVE,369304,MÆRSK INSPIRER,24.0,,,injection,WI,,,,,0.0,,27339.459496148924,,,,,,
2015-05-23,NO 15/9-F-5 AH,5769,15/9-F-5,3420717,VOLVE,369304,MÆRSK INSPIRER,24.0,,,injection,WI,,,,,0.0,,27566.73647216136,,,,,,
2015-05-24,NO 15/9-F-5 AH,5769,15/9-F-5,3420717,VOLVE,369304,MÆRSK INSPIRER,24.0,,,injection,WI,,,,,0.0,,27210.148600115255,,,,,,
2015-05-25,NO 15/9-F-5 AH,5769,15/9-F-5,3420717,VOLVE,369304,MÆRSK INSPIRER,24.0,,,injection,WI,,,,,0.0,,27114.020161509106,,,,,,
2015-05-26,NO 15/9-F-5 AH,5769,15/9-F-5,3420717,VOLVE,369304,MÆRSK INSPIRER,24.0,,,injection,WI,,,,,0.0,,27021.02376,,,,,,
2015-05-27,NO 15/9-F-5 AH,5769,15/9-F-5,3420717,VOLVE,369304,MÆRSK INSPIRER,24.0,,,injection,WI,,,,,0.0,,27065.05243,,,,,,
2015-05-28,NO 15/9-F-5 AH,5769,15/9-F-5,3420717,VOLVE,369304,MÆRSK INSPIRER,24.0,,,injection,WI,,,,,0.0,,27014.73395,,,,,,
2015-05-29,NO 15/9-F-5 AH,5769,15/9-F-5,3420717,VOLVE,369304,MÆRSK INSPIRER,24.0,,,injection,WI,,,,,0.0,,27008.44414,,,,,,
2015-05-30,NO 15/9-F-5 AH,5769,15/9-F-5,3420717,VOLVE,369304,MÆRSK INSPIRER,24.0,,,injection,WI,,,,,0.0,,26782.01098,,,,,,
2015-05-31,NO 15/9-F-5 AH,5769,15/9-F-5,3420717,VOLVE,369304,MÆRSK INSPIRER,24.0,,,injection,WI,,,,,0.0,,26693.95364,,,,,,
2015-06-01,NO 15/9-F-5 AH,5769,15/9-F-5,3420717,VOLVE,369304,MÆRSK INSPIRER,24.0,,,injection,WI,,,,,0.0,,26807.17022,,,,,,
2015-06-02,NO 15/9-F-5 AH,5769,15/9-F-5,3420717,VOLVE,369304,MÆRSK INSPIRER,24.0,,,injection,WI,,,,,0.0,,26989.970608986678,,,,,,
2015-06-03,NO 15/9-F-5 AH,5769,15/9-F-5,3420717,VOLVE,369304,MÆRSK INSPIRER,24.0,,,injection,WI,,,,,0.0,,27087.38492324546,,,,,,
2015-06-04,NO 15/9-F-5 AH,5769,15/9-F-5,3420717,VOLVE,369304,MÆRSK INSPIRER,24.0,,,injection,WI,,,,,0.0,,27489.058047231018,,,,,,
2015-06-05,NO 15/9-F-5 AH,5769,15/9-F-5,3420717,VOLVE,369304,MÆRSK INSPIRER,24.0,,,injection,WI,,,,,0.0,,27010.506646011247,,,,,,
2015-06-06,NO 15/9-F-5 AH,5769,15/9-F-5,3420717,VOLVE,369304,MÆRSK INSPIRER,24.0,,,injection,WI,,,,,0.0,,27573.913710143883,,,,,,
2015-06-07,NO 15/9-F-5 AH,5769,15/9-F-5,3420717,VOLVE,369304,MÆRSK INSPIRER,21.45,,,injection,WI,,,,,0.0,,23588.249550609977,,,,,,
2015-06-08,NO 15/9-F-5 AH,5769,15/9-F-5,3420717,VOLVE,369304,MÆRSK INSPIRER,24.0,,,injection,WI,,,,,0.0,,26643.632232617594,,,,,,
2015-06-09,NO 15/9-F-5 AH,5769,15/9-F-5,3420717,VOLVE,369304,MÆRSK INSPIRER,24.0,,,injection,WI,,,,,0.0,,27021.690789108994,,,,,,
2015-06-10,NO 15/9-F-5 AH,5769,15/9-F-5,3420717,VOLVE,369304,MÆRSK INSPIRER,24.0,,,injection,WI,,,,,0.0,,27114.1210277851,,,,,,
2015-06-11,NO 15/9-F-5 AH,5769,15/9-F-5,3420717,VOLVE,369304,MÆRSK INSPIRER,24.0,,,injection,WI,,,,,0.0,,27173.462587480026,,,,,,
2015-06-12,NO 15/9-F-5 AH,5769,15/9-F-5,3420717,VOLVE,369304,MÆRSK INSPIRER,24.0,,,injection,WI,,,,,0.0,,27354.486431425597,,,,,,
2015-06-13,NO 15/9-F-5 AH,5769,15/9-F-5,3420717,VOLVE,369304,MÆRSK INSPIRER,24.0,,,injection,WI,,,,,0.0,,23105.940491100002,,,,,,
2015-06-14,NO 15/9-F-5 AH,5769,15/9-F-5,3420717,VOLVE,369304,MÆRSK INSPIRER,24.0,,,injection,WI,,,,,0.0,,27284.33762191039,,,,,,
2015-06-15,NO 15/9-F-5 AH,5769,15/9-F-5,3420717,VOLVE,369304,MÆRSK INSPIRER,24.0,,,injection,WI,,,,,0.0,,27276.581889136134,,,,,,
2015-06-16,NO 15/9-F-5 AH,5769,15/9-F-5,3420717,VOLVE,369304,MÆRSK INSPIRER,24.0,,,injection,WI,,,,,0.0,,27234.8773,,,,,,
2015-06-17,NO 15/9-F-5 AH,5769,15/9-F-5,3420717,VOLVE,369304,MÆRSK INSPIRER,24.0,,,injection,WI,,,,,0.0,,27052.47281,,,,,,
2015-06-18,NO 15/9-F-5 AH,5769,15/9-F-5,3420717,VOLVE,369304,MÆRSK INSPIRER,24.0,,,injection,WI,,,,,0.0,,31920.78575,,,,,,
2015-06-19,NO 15/9-F-5 AH,5769,15/9-F-5,3420717,VOLVE,369304,MÆRSK INSPIRER,24.0,,,injection,WI,,,,,0.0,,44281.03585531495,,,,,,
2015-06-20,NO 15/9-F-5 AH,5769,15/9-F-5,3420717,VOLVE,369304,MÆRSK INSPIRER,24.0,,,injection,WI,,,,,0.0,,44260.553862172426,,,,,,
2015-06-21,NO 15/9-F-5 AH,5769,15/9-F-5,3420717,VOLVE,369304,MÆRSK INSPIRER,24.0,,,injection,WI,,,,,0.0,,43311.68017802189,,,,,,
2015-06-22,NO 15/9-F-5 AH,5769,15/9-F-5,3420717,VOLVE,369304,MÆRSK INSPIRER,24.0,,,injection,WI,,,,,0.0,,44106.22528224393,,,,,,
2015-06-23,NO 15/9-F-5 AH,5769,15/9-F-5,3420717,VOLVE,369304,MÆRSK INSPIRER,24.0,,,injection,WI,,,,,0.0,,44116.72734,,,,,,
2015-06-24,NO 15/9-F-5 AH,5769,15/9-F-5,3420717,VOLVE,369304,MÆRSK INSPIRER,24.0,,,injection,WI,,,,,0.0,,43789.65722,,,,,,
2015-06-25,NO 15/9-F-5 AH,5769,15/9-F-5,3420717,VOLVE,369304,MÆRSK INSPIRER,24.0,,,injection,WI,,,,,0.0,,43508.08332157297,,,,,,
2015-06-26,NO 15/9-F-5 AH,5769,15/9-F-5,3420717,VOLVE,369304,MÆRSK INSPIRER,24.0,,,injection,WI,,,,,0.0,,43468.87691,,,,,,
2015-06-27,NO 15/9-F-5 AH,5769,15/9-F-5,3420717,VOLVE,369304,MÆRSK INSPIRER,24.0,,,injection,WI,,,,,0.0,,28750.72151,,,,,,
2015-06-28,NO 15/9-F-5 AH,5769,15/9-F-5,3420717,VOLVE,369304,MÆRSK INSPIRER,24.0,,,injection,WI,,,,,0.0,,17686.94572,,,,,,
2015-06-29,NO 15/9-F-5 AH,5769,15/9-F-5,3420717,VOLVE,369304,MÆRSK INSPIRER,24.0,,,injection,WI,,,,,0.0,,17691.547114369634,,,,,,
2015-06-30,NO 15/9-F-5 AH,5769,15/9-F-5,3420717,VOLVE,369304,MÆRSK INSPIRER,24.0,,,injection,WI,,,,,0.0,,17773.845889584496,,,,,,
2015-07-01,NO 15/9-F-5 AH,5769,15/9-F-5,3420717,VOLVE,369304,MÆRSK INSPIRER,24.0,,,injection,WI,,,,,0.0,,17885.041793430504,,,,,,
2015-07-02,NO 15/9-F-5 AH,5769,15/9-F-5,3420717,VOLVE,369304,MÆRSK INSPIRER,24.0,,,injection,WI,,,,,0.0,,17829.159120809265,,,,,,
2015-07-03,NO 15/9-F-5 AH,5769,15/9-F-5,3420717,VOLVE,369304,MÆRSK INSPIRER,19.675,,,injection,WI,,,,,0.0,,14084.493263943337,,,,,,
2015-07-04,NO 15/9-F-5 AH,5769,15/9-F-5,3420717,VOLVE,369304,MÆRSK INSPIRER,24.0,,,injection,WI,,,,,0.0,,17965.246635860527,,,,,,
2015-07-05,NO 15/9-F-5 AH,5769,15/9-F-5,3420717,VOLVE,369304,MÆRSK INSPIRER,24.0,,,injection,WI,,,,,0.0,,17904.448611693133,,,,,,
2015-07-06,NO 15/9-F-5 AH,5769,15/9-F-5,3420717,VOLVE,369304,MÆRSK INSPIRER,24.0,,,injection,WI,,,,,0.0,,17988.560659197992,,,,,,
2015-07-07,NO 15/9-F-5 AH,5769,15/9-F-5,3420717,VOLVE,369304,MÆRSK INSPIRER,24.0,,,injection,WI,,,,,0.0,,18088.41902327375,,,,,,
2015-07-08,NO 15/9-F-5 AH,5769,15/9-F-5,3420717,VOLVE,369304,MÆRSK INSPIRER,24.0,,,injection,WI,,,,,0.0,,17988.8566,,,,,,
2015-07-09,NO 15/9-F-5 AH,5769,15/9-F-5,3420717,VOLVE,369304,MÆRSK INSPIRER,24.0,,,injection,WI,,,,,0.0,,18102.07318,,,,,,
2015-07-10,NO 15/9-F-5 AH,5769,15/9-F-5,3420717,VOLVE,369304,MÆRSK INSPIRER,24.0,,,injection,WI,,,,,0.0,,18039.17508,,,,,,
2015-07-11,NO 15/9-F-5 AH,5769,15/9-F-5,3420717,VOLVE,369304,MÆRSK INSPIRER,24.0,,,injection,WI,,,,,0.0,,18070.62413,,,,,,
2015-07-12,NO 15/9-F-5 AH,5769,15/9-F-5,3420717,VOLVE,369304,MÆRSK INSPIRER,24.0,,,injection,WI,,,,,0.0,,18064.33432,,,,,,
2015-07-13,NO 15/9-F-5 AH,5769,15/9-F-5,3420717,VOLVE,369304,MÆRSK INSPIRER,24.0,,,injection,WI,,,,,0.0,,17932.24831,,,,,,
2015-07-14,NO 15/9-F-5 AH,5769,15/9-F-5,3420717,VOLVE,369304,MÆRSK INSPIRER,24.0,,,injection,WI,,,,,0.0,,21196.310235535646,,,,,,
2015-07-15,NO 15/9-F-5 AH,5769,15/9-F-5,3420717,VOLVE,369304,MÆRSK INSPIRER,24.0,,,injection,WI,,,,,0.0,,27156.053943576113,,,,,,
2015-07-16,NO 15/9-F-5 AH,5769,15/9-F-5,3420717,VOLVE,369304,MÆRSK INSPIRER,24.0,,,injection,WI,,,,,0.0,,27242.08160120042,,,,,,
2015-07-17,NO 15/9-F-5 AH,5769,15/9-F-5,3420717,VOLVE,369304,MÆRSK INSPIRER,24.0,,,injection,WI,,,,,0.0,,27314.006672715288,,,,,,
2015-07-18,NO 15/9-F-5 AH,5769,15/9-F-5,3420717,VOLVE,369304,MÆRSK INSPIRER,24.0,,,injection,WI,,,,,0.0,,27228.836783998595,,,,,,
2015-07-19,NO 15/9-F-5 AH,5769,15/9-F-5,3420717,VOLVE,369304,MÆRSK INSPIRER,24.0,,,injection,WI,,,,,0.0,,29005.424407118546,,,,,,
2015-07-20,NO 15/9-F-5 AH,5769,15/9-F-5,3420717,VOLVE,369304,MÆRSK INSPIRER,24.0,,,injection,WI,,,,,0.0,,29020.73364872367,,,,,,
2015-07-21,NO 15/9-F-5 AH,5769,15/9-F-5,3420717,VOLVE,369304,MÆRSK INSPIRER,24.0,,,injection,WI,,,,,0.0,,28741.677079020876,,,,,,
2015-07-22,NO 15/9-F-5 AH,5769,15/9-F-5,3420717,VOLVE,369304,MÆRSK INSPIRER,24.0,,,injection,WI,,,,,0.0,,29430.64713272324,,,,,,
2015-07-23,NO 15/9-F-5 AH,5769,15/9-F-5,3420717,VOLVE,369304,MÆRSK INSPIRER,24.0,,,injection,WI,,,,,0.0,,29742.818395013066,,,,,,
2015-07-24,NO 15/9-F-5 AH,5769,15/9-F-5,3420717,VOLVE,369304,MÆRSK INSPIRER,24.0,,,injection,WI,,,,,0.0,,29748.710821369154,,,,,,
2015-07-25,NO 15/9-F-5 AH,5769,15/9-F-5,3420717,VOLVE,369304,MÆRSK INSPIRER,24.0,,,injection,WI,,,,,0.0,,29451.637173475116,,,,,,
2015-07-26,NO 15/9-F-5 AH,5769,15/9-F-5,3420717,VOLVE,369304,MÆRSK INSPIRER,24.0,,,injection,WI,,,,,0.0,,29325.795482424288,,,,,,
2015-07-27,NO 15/9-F-5 AH,5769,15/9-F-5,3420717,VOLVE,369304,MÆRSK INSPIRER,24.0,,,injection,WI,,,,,0.0,,29118.26318312901,,,,,,
2015-07-28,NO 15/9-F-5 AH,5769,15/9-F-5,3420717,VOLVE,369304,MÆRSK INSPIRER,24.0,,,injection,WI,,,,,0.0,,28922.526051834302,,,,,,
2015-07-29,NO 15/9-F-5 AH,5769,15/9-F-5,3420717,VOLVE,369304,MÆRSK INSPIRER,24.0,,,injection,WI,,,,,0.0,,29127.146669663627,,,,,,
2015-07-30,NO 15/9-F-5 AH,5769,15/9-F-5,3420717,VOLVE,369304,MÆRSK INSPIRER,24.0,,,injection,WI,,,,,0.0,,29112.693232710873,,,,,,
2015-07-31,NO 15/9-F-5 AH,5769,15/9-F-5,3420717,VOLVE,369304,MÆRSK INSPIRER,24.0,,,injection,WI,,,,,0.0,,29229.556904003533,,,,,,
2015-08-01,NO 15/9-F-5 AH,5769,15/9-F-5,3420717,VOLVE,369304,MÆRSK INSPIRER,24.0,,,injection,WI,,,,,0.0,,29198.140105004306,,,,,,
2015-08-02,NO 15/9-F-5 AH,5769,15/9-F-5,3420717,VOLVE,369304,MÆRSK INSPIRER,24.0,,,injection,WI,,,,,0.0,,29082.95517220725,,,,,,
2015-08-03,NO 15/9-F-5 AH,5769,15/9-F-5,3420717,VOLVE,369304,MÆRSK INSPIRER,24.0,,,injection,WI,,,,,0.0,,29132.964521149523,,,,,,
2015-08-04,NO 15/9-F-5 AH,5769,15/9-F-5,3420717,VOLVE,369304,MÆRSK INSPIRER,24.0,,,injection,WI,,,,,0.0,,29143.58731049816,,,,,,
2015-08-05,NO 15/9-F-5 AH,5769,15/9-F-5,3420717,VOLVE,369304,MÆRSK INSPIRER,24.0,,,injection,WI,,,,,0.0,,28797.90679321924,,,,,,
2015-08-06,NO 15/9-F-5 AH,5769,15/9-F-5,3420717,VOLVE,369304,MÆRSK INSPIRER,24.0,,,injection,WI,,,,,0.0,,28208.143289271957,,,,,,
2015-08-07,NO 15/9-F-5 AH,5769,15/9-F-5,3420717,VOLVE,369304,MÆRSK INSPIRER,24.0,,,injection,WI,,,,,0.0,,27917.633504951507,,,,,,
2015-08-08,NO 15/9-F-5 AH,5769,15/9-F-5,3420717,VOLVE,369304,MÆRSK INSPIRER,24.0,,,injection,WI,,,,,0.0,,31446.757207009752,,,,,,
2015-08-09,NO 15/9-F-5 AH,5769,15/9-F-5,3420717,VOLVE,369304,MÆRSK INSPIRER,11.99986,,,injection,WI,,,,,0.0,,9629.597823092967,,,,,,
2015-08-10,NO 15/9-F-5 AH,5769,15/9-F-5,3420717,VOLVE,369304,MÆRSK INSPIRER,24.0,,,injection,WI,,,,,0.0,,32141.84059829917,,,,,,
2015-08-11,NO 15/9-F-5 AH,5769,15/9-F-5,3420717,VOLVE,369304,MÆRSK INSPIRER,24.0,,,injection,WI,,,,,0.0,,29615.955005571126,,,,,,
2015-08-12,NO 15/9-F-5 AH,5769,15/9-F-5,3420717,VOLVE,369304,MÆRSK INSPIRER,24.0,,,injection,WI,,,,,0.0,,28340.706391843472,,,,,,
2015-08-13,NO 15/9-F-5 AH,5769,15/9-F-5,3420717,VOLVE,369304,MÆRSK INSPIRER,24.0,,,injection,WI,,,,,0.0,,28013.073522542774,,,,,,
2015-08-14,NO 15/9-F-5 AH,5769,15/9-F-5,3420717,VOLVE,369304,MÆRSK INSPIRER,24.0,,,injection,WI,,,,,0.0,,27788.277402218835,,,,,,
2015-08-15,NO 15/9-F-5 AH,5769,15/9-F-5,3420717,VOLVE,369304,MÆRSK INSPIRER,24.0,,,injection,WI,,,,,0.0,,27806.823065559463,,,,,,
2015-08-16,NO 15/9-F-5 AH,5769,15/9-F-5,3420717,VOLVE,369304,MÆRSK INSPIRER,24.0,,,injection,WI,,,,,0.0,,27415.987755939652,,,,,,
2015-08-17,NO 15/9-F-5 AH,5769,15/9-F-5,3420717,VOLVE,369304,MÆRSK INSPIRER,24.0,,,injection,WI,,,,,0.0,,27291.535494400843,,,,,,
2015-08-18,NO 15/9-F-5 AH,5769,15/9-F-5,3420717,VOLVE,369304,MÆRSK INSPIRER,24.0,,,injection,WI,,,,,0.0,,27316.64483,,,,,,
2015-08-19,NO 15/9-F-5 AH,5769,15/9-F-5,3420717,VOLVE,369304,MÆRSK INSPIRER,24.0,,,injection,WI,,,,,0.0,,28624.925310000002,,,,,,
2015-08-20,NO 15/9-F-5 AH,5769,15/9-F-5,3420717,VOLVE,369304,MÆRSK INSPIRER,24.0,,,injection,WI,,,,,0.0,,27341.804070000002,,,,,,
2015-08-21,NO 15/9-F-5 AH,5769,15/9-F-5,3420717,VOLVE,369304,MÆRSK INSPIRER,24.0,,,injection,WI,,,,,0.0,,27278.90597,,,,,,
2015-08-22,NO 15/9-F-5 AH,5769,15/9-F-5,3420717,VOLVE,369304,MÆRSK INSPIRER,24.0,,,injection,WI,,,,,0.0,,27216.00787,,,,,,
2015-08-23,NO 15/9-F-5 AH,5769,15/9-F-5,3420717,VOLVE,369304,MÆRSK INSPIRER,7.34972,,,injection,WI,,,,,0.0,,7975.47908,,,,,,
2015-08-24,NO 15/9-F-5 AH,5769,15/9-F-5,3420717,VOLVE,369304,MÆRSK INSPIRER,24.0,,,injection,WI,,,,,0.0,,29027.47315,,,,,,
2015-08-25,NO 15/9-F-5 AH,5769,15/9-F-5,3420717,VOLVE,369304,MÆRSK INSPIRER,24.0,,,injection,WI,,,,,0.0,,28899.396583315633,,,,,,
2015-08-26,NO 15/9-F-5 AH,5769,15/9-F-5,3420717,VOLVE,369304,MÆRSK INSPIRER,14.27514,,,injection,WI,,,,,0.0,,16695.40940513054,,,,,,
2015-08-27,NO 15/9-F-5 AH,5769,15/9-F-5,3420717,VOLVE,369304,MÆRSK INSPIRER,0.0,,,injection,WI,,,,,0.0,,0.0,,,,,,
2015-08-28,NO 15/9-F-5 AH,5769,15/9-F-5,3420717,VOLVE,369304,MÆRSK INSPIRER,0.0,,,injection,WI,,,,,0.0,,0.0,,,,,,
2015-08-29,NO 15/9-F-5 AH,5769,15/9-F-5,3420717,VOLVE,369304,MÆRSK INSPIRER,0.0,,,injection,WI,,,,,0.0,,0.0,,,,,,
2015-08-30,NO 15/9-F-5 AH,5769,15/9-F-5,3420717,VOLVE,369304,MÆRSK INSPIRER,0.0,,,injection,WI,,,,,0.0,,0.0,,,,,,
2015-08-31,NO 15/9-F-5 AH,5769,15/9-F-5,3420717,VOLVE,369304,MÆRSK INSPIRER,20.575,,,injection,WI,,,,,0.0,,20287.50112759958,,,,,,
2015-09-01,NO 15/9-F-5 AH,5769,15/9-F-5,3420717,VOLVE,369304,MÆRSK INSPIRER,24.0,,,injection,WI,,,,,0.0,,28933.50303872932,,,,,,
2015-09-02,NO 15/9-F-5 AH,5769,15/9-F-5,3420717,VOLVE,369304,MÆRSK INSPIRER,24.0,,,injection,WI,,,,,0.0,,29296.66671581537,,,,,,
2015-09-03,NO 15/9-F-5 AH,5769,15/9-F-5,3420717,VOLVE,369304,MÆRSK INSPIRER,24.0,,,injection,WI,,,,,0.0,,29248.249742346274,,,,,,
2015-09-04,NO 15/9-F-5 AH,5769,15/9-F-5,3420717,VOLVE,369304,MÆRSK INSPIRER,24.0,,,injection,WI,,,,,0.0,,28042.792914104084,,,,,,
2015-09-05,NO 15/9-F-5 AH,5769,15/9-F-5,3420717,VOLVE,369304,MÆRSK INSPIRER,24.0,,,injection,WI,,,,,0.0,,27639.919045733866,,,,,,
2015-09-06,NO 15/9-F-5 AH,5769,15/9-F-5,3420717,VOLVE,369304,MÆRSK INSPIRER,24.0,,,injection,WI,,,,,0.0,,27542.628107408622,,,,,,
2015-09-07,NO 15/9-F-5 AH,5769,15/9-F-5,3420717,VOLVE,369304,MÆRSK INSPIRER,24.0,,,injection,WI,,,,,0.0,,27949.27177209196,,,,,,
2015-09-08,NO 15/9-F-5 AH,5769,15/9-F-5,3420717,VOLVE,369304,MÆRSK INSPIRER,24.0,,,injection,WI,,,,,0.0,,28490.278595173557,,,,,,
2015-09-09,NO 15/9-F-5 AH,5769,15/9-F-5,3420717,VOLVE,369304,MÆRSK INSPIRER,24.0,,,injection,WI,,,,,0.0,,28550.933422643662,,,,,,
2015-09-10,NO 15/9-F-5 AH,5769,15/9-F-5,3420717,VOLVE,369304,MÆRSK INSPIRER,22.26667,,,injection,WI,,,,,0.0,,25977.446093134768,,,,,,
2015-09-11,NO 15/9-F-5 AH,5769,15/9-F-5,3420717,VOLVE,369304,MÆRSK INSPIRER,24.0,,,injection,WI,,,,,0.0,,27045.36894134075,,,,,,
2015-09-12,NO 15/9-F-5 AH,5769,15/9-F-5,3420717,VOLVE,369304,MÆRSK INSPIRER,21.66667,,,injection,WI,,,,,0.0,,24300.320410953063,,,,,,
2015-09-13,NO 15/9-F-5 AH,5769,15/9-F-5,3420717,VOLVE,369304,MÆRSK INSPIRER,24.0,,,injection,WI,,,,,0.0,,27140.31982268473,,,,,,
2015-09-14,NO 15/9-F-5 AH,5769,15/9-F-5,3420717,VOLVE,369304,MÆRSK INSPIRER,24.0,,,injection,WI,,,,,0.0,,27088.905885788346,,,,,,
2015-09-15,NO 15/9-F-5 AH,5769,15/9-F-5,3420717,VOLVE,369304,MÆRSK INSPIRER,24.0,,,injection,WI,,,,,0.0,,26956.381458996442,,,,,,
2015-09-16,NO 15/9-F-5 AH,5769,15/9-F-5,3420717,VOLVE,369304,MÆRSK INSPIRER,24.0,,,injection,WI,,,,,0.0,,26829.354907951965,,,,,,
2015-09-17,NO 15/9-F-5 AH,5769,15/9-F-5,3420717,VOLVE,369304,MÆRSK INSPIRER,24.0,,,injection,WI,,,,,0.0,,26530.269392258688,,,,,,
2015-09-18,NO 15/9-F-5 AH,5769,15/9-F-5,3420717,VOLVE,369304,MÆRSK INSPIRER,24.0,,,injection,WI,,,,,0.0,,26446.8255125805,,,,,,
2015-09-19,NO 15/9-F-5 AH,5769,15/9-F-5,3420717,VOLVE,369304,MÆRSK INSPIRER,24.0,,,injection,WI,,,,,0.0,,26431.58235329169,,,,,,
2015-09-20,NO 15/9-F-5 AH,5769,15/9-F-5,3420717,VOLVE,369304,MÆRSK INSPIRER,24.0,,,injection,WI,,,,,0.0,,26363.533901340157,,,,,,
2015-09-21,NO 15/9-F-5 AH,5769,15/9-F-5,3420717,VOLVE,369304,MÆRSK INSPIRER,24.0,,,injection,WI,,,,,0.0,,26462.749571319735,,,,,,
2015-09-22,NO 15/9-F-5 AH,5769,15/9-F-5,3420717,VOLVE,369304,MÆRSK INSPIRER,19.80042,,,injection,WI,,,,,0.0,,18967.906177017878,,,,,,
2015-09-23,NO 15/9-F-5 AH,5769,15/9-F-5,3420717,VOLVE,369304,MÆRSK INSPIRER,24.0,,,injection,WI,,,,,0.0,,26644.34316722114,,,,,,
2015-09-24,NO 15/9-F-5 AH,5769,15/9-F-5,3420717,VOLVE,369304,MÆRSK INSPIRER,24.0,,,injection,WI,,,,,0.0,,25782.143679437457,,,,,,
2015-09-25,NO 15/9-F-5 AH,5769,15/9-F-5,3420717,VOLVE,369304,MÆRSK INSPIRER,24.0,,,injection,WI,,,,,0.0,,26493.56557159889,,,,,,
2015-09-26,NO 15/9-F-5 AH,5769,15/9-F-5,3420717,VOLVE,369304,MÆRSK INSPIRER,24.0,,,injection,WI,,,,,0.0,,27003.076503941265,,,,,,
2015-09-27,NO 15/9-F-5 AH,5769,15/9-F-5,3420717,VOLVE,369304,MÆRSK INSPIRER,24.0,,,injection,WI,,,,,0.0,,27001.236617892704,,,,,,
2015-09-28,NO 15/9-F-5 AH,5769,15/9-F-5,3420717,VOLVE,369304,MÆRSK INSPIRER,24.0,,,injection,WI,,,,,0.0,,27056.863422353515,,,,,,
2015-09-29,NO 15/9-F-5 AH,5769,15/9-F-5,3420717,VOLVE,369304,MÆRSK INSPIRER,24.0,,,injection,WI,,,,,0.0,,27247.45692,,,,,,
2015-09-30,NO 15/9-F-5 AH,5769,15/9-F-5,3420717,VOLVE,369304,MÆRSK INSPIRER,24.0,,,injection,WI,,,,,0.0,,27272.61616,,,,,,
2015-10-01,NO 15/9-F-5 AH,5769,15/9-F-5,3420717,VOLVE,369304,MÆRSK INSPIRER,24.0,,,injection,WI,,,,,0.0,,27624.84552,,,,,,
2015-10-02,NO 15/9-F-5 AH,5769,15/9-F-5,3420717,VOLVE,369304,MÆRSK INSPIRER,24.0,,,injection,WI,,,,,0.0,,28757.01132,,,,,,
2015-10-03,NO 15/9-F-5 AH,5769,15/9-F-5,3420717,VOLVE,369304,MÆRSK INSPIRER,24.0,,,injection,WI,,,,,0.0,,30788.61995,,,,,,
2015-10-04,NO 15/9-F-5 AH,5769,15/9-F-5,3420717,VOLVE,369304,MÆRSK INSPIRER,21.15,,,injection,WI,,,,,0.0,,27297.775400000002,,,,,,
2015-10-05,NO 15/9-F-5 AH,5769,15/9-F-5,3420717,VOLVE,369304,MÆRSK INSPIRER,23.0,,,injection,WI,,,,,0.0,,27744.35191,,,,,,
2015-10-06,NO 15/9-F-5 AH,5769,15/9-F-5,3420717,VOLVE,369304,MÆRSK INSPIRER,24.0,,,injection,WI,,,,,0.0,,28641.647444729202,,,,,,
2015-10-07,NO 15/9-F-5 AH,5769,15/9-F-5,3420717,VOLVE,369304,MÆRSK INSPIRER,24.0,,,injection,WI,,,,,0.0,,28767.778452625877,,,,,,
2015-10-08,NO 15/9-F-5 AH,5769,15/9-F-5,3420717,VOLVE,369304,MÆRSK INSPIRER,24.0,,,injection,WI,,,,,0.0,,28742.70050186824,,,,,,
2015-10-09,NO 15/9-F-5 AH,5769,15/9-F-5,3420717,VOLVE,369304,MÆRSK INSPIRER,24.0,,,injection,WI,,,,,0.0,,28553.716073898973,,,,,,
2015-10-10,NO 15/9-F-5 AH,5769,15/9-F-5,3420717,VOLVE,369304,MÆRSK INSPIRER,24.0,,,injection,WI,,,,,0.0,,28573.978003624496,,,,,,
2015-10-11,NO 15/9-F-5 AH,5769,15/9-F-5,3420717,VOLVE,369304,MÆRSK INSPIRER,24.0,,,injection,WI,,,,,0.0,,28506.762901703638,,,,,,
2015-10-12,NO 15/9-F-5 AH,5769,15/9-F-5,3420717,VOLVE,369304,MÆRSK INSPIRER,24.0,,,injection,WI,,,,,0.0,,28550.1941275489,,,,,,
2015-10-13,NO 15/9-F-5 AH,5769,15/9-F-5,3420717,VOLVE,369304,MÆRSK INSPIRER,15.50764,,,injection,WI,,,,,0.0,,18334.17664826782,,,,,,
2015-10-14,NO 15/9-F-5 AH,5769,15/9-F-5,3420717,VOLVE,369304,MÆRSK INSPIRER,24.0,,,injection,WI,,,,,0.0,,25837.394397813092,,,,,,
2015-10-15,NO 15/9-F-5 AH,5769,15/9-F-5,3420717,VOLVE,369304,MÆRSK INSPIRER,24.0,,,injection,WI,,,,,0.0,,26933.293216251193,,,,,,
2015-10-16,NO 15/9-F-5 AH,5769,15/9-F-5,3420717,VOLVE,369304,MÆRSK INSPIRER,24.0,,,injection,WI,,,,,0.0,,28902.473588506306,,,,,,
2015-10-17,NO 15/9-F-5 AH,5769,15/9-F-5,3420717,VOLVE,369304,MÆRSK INSPIRER,18.75,,,injection,WI,,,,,0.0,,21142.232940182483,,,,,,
2015-10-18,NO 15/9-F-5 AH,5769,15/9-F-5,3420717,VOLVE,369304,MÆRSK INSPIRER,22.0,,,injection,WI,,,,,0.0,,24127.063823237815,,,,,,
2015-10-19,NO 15/9-F-5 AH,5769,15/9-F-5,3420717,VOLVE,369304,MÆRSK INSPIRER,24.0,,,injection,WI,,,,,0.0,,27097.40906944433,,,,,,
2015-10-20,NO 15/9-F-5 AH,5769,15/9-F-5,3420717,VOLVE,369304,MÆRSK INSPIRER,24.0,,,injection,WI,,,,,0.0,,27340.231185075565,,,,,,
2015-10-21,NO 15/9-F-5 AH,5769,15/9-F-5,3420717,VOLVE,369304,MÆRSK INSPIRER,24.0,,,injection,WI,,,,,0.0,,27162.50350688785,,,,,,
2015-10-22,NO 15/9-F-5 AH,5769,15/9-F-5,3420717,VOLVE,369304,MÆRSK INSPIRER,24.0,,,injection,WI,,,,,0.0,,27371.275463525657,,,,,,
2015-10-23,NO 15/9-F-5 AH,5769,15/9-F-5,3420717,VOLVE,369304,MÆRSK INSPIRER,24.0,,,injection,WI,,,,,0.0,,27519.16766777737,,,,,,
2015-10-24,NO 15/9-F-5 AH,5769,15/9-F-5,3420717,VOLVE,369304,MÆRSK INSPIRER,24.0,,,injection,WI,,,,,0.0,,27565.428385617168,,,,,,
2015-10-25,NO 15/9-F-5 AH,5769,15/9-F-5,3420717,VOLVE,369304,MÆRSK INSPIRER,24.0,,,injection,WI,,,,,0.0,,27324.929708607786,,,,,,
2015-10-26,NO 15/9-F-5 AH,5769,15/9-F-5,3420717,VOLVE,369304,MÆRSK INSPIRER,24.0,,,injection,WI,,,,,0.0,,27464.17895929955,,,,,,
2015-10-27,NO 15/9-F-5 AH,5769,15/9-F-5,3420717,VOLVE,369304,MÆRSK INSPIRER,24.0,,,injection,WI,,,,,0.0,,27652.617966394664,,,,,,
2015-10-28,NO 15/9-F-5 AH,5769,15/9-F-5,3420717,VOLVE,369304,MÆRSK INSPIRER,24.0,,,injection,WI,,,,,0.0,,27589.36816642701,,,,,,
2015-10-29,NO 15/9-F-5 AH,5769,15/9-F-5,3420717,VOLVE,369304,MÆRSK INSPIRER,24.0,,,injection,WI,,,,,0.0,,27314.45574418326,,,,,,
2015-10-30,NO 15/9-F-5 AH,5769,15/9-F-5,3420717,VOLVE,369304,MÆRSK INSPIRER,24.0,,,injection,WI,,,,,0.0,,28048.835685264454,,,,,,
2015-10-31,NO 15/9-F-5 AH,5769,15/9-F-5,3420717,VOLVE,369304,MÆRSK INSPIRER,24.0,,,injection,WI,,,,,0.0,,27915.99070354741,,,,,,
2015-11-01,NO 15/9-F-5 AH,5769,15/9-F-5,3420717,VOLVE,369304,MÆRSK INSPIRER,24.0,,,injection,WI,,,,,0.0,,27712.514211329726,,,,,,
2015-11-02,NO 15/9-F-5 AH,5769,15/9-F-5,3420717,VOLVE,369304,MÆRSK INSPIRER,9.69167,,,injection,WI,,,,,0.0,,11233.457199916917,,,,,,
2015-11-03,NO 15/9-F-5 AH,5769,15/9-F-5,3420717,VOLVE,369304,MÆRSK INSPIRER,0.0,,,injection,WI,,,,,0.0,,0.0,,,,,,
2015-11-04,NO 15/9-F-5 AH,5769,15/9-F-5,3420717,VOLVE,369304,MÆRSK INSPIRER,0.0,,,injection,WI,,,,,0.0,,0.0,,,,,,
2015-11-05,NO 15/9-F-5 AH,5769,15/9-F-5,3420717,VOLVE,369304,MÆRSK INSPIRER,9.24167,,,injection,WI,,,,,0.0,,11359.823989203707,,,,,,
2015-11-06,NO 15/9-F-5 AH,5769,15/9-F-5,3420717,VOLVE,369304,MÆRSK INSPIRER,24.0,,,injection,WI,,,,,0.0,,28415.457875966727,,,,,,
2015-11-07,NO 15/9-F-5 AH,5769,15/9-F-5,3420717,VOLVE,369304,MÆRSK INSPIRER,24.0,,,injection,WI,,,,,0.0,,42741.6203163334,,,,,,
2015-11-08,NO 15/9-F-5 AH,5769,15/9-F-5,3420717,VOLVE,369304,MÆRSK INSPIRER,24.0,,,injection,WI,,,,,0.0,,43519.96280709735,,,,,,
2015-11-09,NO 15/9-F-5 AH,5769,15/9-F-5,3420717,VOLVE,369304,MÆRSK INSPIRER,24.0,,,injection,WI,,,,,0.0,,43500.67885110043,,,,,,
2015-11-10,NO 15/9-F-5 AH,5769,15/9-F-5,3420717,VOLVE,369304,MÆRSK INSPIRER,24.0,,,injection,WI,,,,,0.0,,41129.06759,,,,,,
2015-11-11,NO 15/9-F-5 AH,5769,15/9-F-5,3420717,VOLVE,369304,MÆRSK INSPIRER,24.0,,,injection,WI,,,,,0.0,,40525.24583,,,,,,
2015-11-12,NO 15/9-F-5 AH,5769,15/9-F-5,3420717,VOLVE,369304,MÆRSK INSPIRER,24.0,,,injection,WI,,,,,0.0,,38235.75499,,,,,,
2015-11-13,NO 15/9-F-5 AH,5769,15/9-F-5,3420717,VOLVE,369304,MÆRSK INSPIRER,24.0,,,injection,WI,,,,,0.0,,43361.95014,,,,,,
2015-11-14,NO 15/9-F-5 AH,5769,15/9-F-5,3420717,VOLVE,369304,MÆRSK INSPIRER,24.0,,,injection,WI,,,,,0.0,,43437.42786,,,,,,
2015-11-15,NO 15/9-F-5 AH,5769,15/9-F-5,3420717,VOLVE,369304,MÆRSK INSPIRER,24.0,,,injection,WI,,,,,0.0,,27530.49837,,,,,,
2015-11-16,NO 15/9-F-5 AH,5769,15/9-F-5,3420717,VOLVE,369304,MÆRSK INSPIRER,24.0,,,injection,WI,,,,,0.0,,27316.64483,,,,,,
2015-11-17,NO 15/9-F-5 AH,5769,15/9-F-5,3420717,VOLVE,369304,MÆRSK INSPIRER,24.0,,,injection,WI,,,,,0.0,,26903.151917338848,,,,,,
2015-11-18,NO 15/9-F-5 AH,5769,15/9-F-5,3420717,VOLVE,369304,MÆRSK INSPIRER,24.0,,,injection,WI,,,,,0.0,,26908.76198233064,,,,,,
2015-11-19,NO 15/9-F-5 AH,5769,15/9-F-5,3420717,VOLVE,369304,MÆRSK INSPIRER,24.0,,,injection,WI,,,,,0.0,,27228.31602704191,,,,,,
2015-11-20,NO 15/9-F-5 AH,5769,15/9-F-5,3420717,VOLVE,369304,MÆRSK INSPIRER,24.0,,,injection,WI,,,,,0.0,,27401.178210910726,,,,,,
2015-11-21,NO 15/9-F-5 AH,5769,15/9-F-5,3420717,VOLVE,369304,MÆRSK INSPIRER,24.0,,,injection,WI,,,,,0.0,,27539.85918235325,,,,,,
2015-11-22,NO 15/9-F-5 AH,5769,15/9-F-5,3420717,VOLVE,369304,MÆRSK INSPIRER,24.0,,,injection,WI,,,,,0.0,,27197.101437571924,,,,,,
2015-11-23,NO 15/9-F-5 AH,5769,15/9-F-5,3420717,VOLVE,369304,MÆRSK INSPIRER,24.0,,,injection,WI,,,,,0.0,,26957.90650467432,,,,,,
2015-11-24,NO 15/9-F-5 AH,5769,15/9-F-5,3420717,VOLVE,369304,MÆRSK INSPIRER,24.0,,,injection,WI,,,,,0.0,,26697.531104406342,,,,,,
2015-11-25,NO 15/9-F-5 AH,5769,15/9-F-5,3420717,VOLVE,369304,MÆRSK INSPIRER,24.0,,,injection,WI,,,,,0.0,,26665.245825477217,,,,,,
2015-11-26,NO 15/9-F-5 AH,5769,15/9-F-5,3420717,VOLVE,369304,MÆRSK INSPIRER,24.0,,,injection,WI,,,,,0.0,,26591.719272678827,,,,,,
2015-11-27,NO 15/9-F-5 AH,5769,15/9-F-5,3420717,VOLVE,369304,MÆRSK INSPIRER,24.0,,,injection,WI,,,,,0.0,,26496.735427488937,,,,,,
2015-11-28,NO 15/9-F-5 AH,5769,15/9-F-5,3420717,VOLVE,369304,MÆRSK INSPIRER,24.0,,,injection,WI,,,,,0.0,,26669.14537663951,,,,,,
2015-11-29,NO 15/9-F-5 AH,5769,15/9-F-5,3420717,VOLVE,369304,MÆRSK INSPIRER,24.0,,,injection,WI,,,,,0.0,,26676.07077980227,,,,,,
2015-11-30,NO 15/9-F-5 AH,5769,15/9-F-5,3420717,VOLVE,369304,MÆRSK INSPIRER,24.0,,,injection,WI,,,,,0.0,,26674.09581484245,,,,,,
2015-12-01,NO 15/9-F-5 AH,5769,15/9-F-5,3420717,VOLVE,369304,MÆRSK INSPIRER,24.0,,,injection,WI,,,,,0.0,,26533.330554990425,,,,,,
2015-12-02,NO 15/9-F-5 AH,5769,15/9-F-5,3420717,VOLVE,369304,MÆRSK INSPIRER,24.0,,,injection,WI,,,,,0.0,,26208.365399839924,,,,,,
2015-12-03,NO 15/9-F-5 AH,5769,15/9-F-5,3420717,VOLVE,369304,MÆRSK INSPIRER,24.0,,,injection,WI,,,,,0.0,,35222.18797517311,,,,,,
2015-12-04,NO 15/9-F-5 AH,5769,15/9-F-5,3420717,VOLVE,369304,MÆRSK INSPIRER,24.0,,,injection,WI,,,,,0.0,,43246.503583866375,,,,,,
2015-12-05,NO 15/9-F-5 AH,5769,15/9-F-5,3420717,VOLVE,369304,MÆRSK INSPIRER,24.0,,,injection,WI,,,,,0.0,,44582.342384162606,,,,,,
2015-12-06,NO 15/9-F-5 AH,5769,15/9-F-5,3420717,VOLVE,369304,MÆRSK INSPIRER,24.0,,,injection,WI,,,,,0.0,,44992.920826875365,,,,,,
2015-12-07,NO 15/9-F-5 AH,5769,15/9-F-5,3420717,VOLVE,369304,MÆRSK INSPIRER,24.0,,,injection,WI,,,,,0.0,,45526.56009280686,,,,,,
2015-12-08,NO 15/9-F-5 AH,5769,15/9-F-5,3420717,VOLVE,369304,MÆRSK INSPIRER,24.0,,,injection,WI,,,,,0.0,,43563.93398692357,,,,,,
2015-12-09,NO 15/9-F-5 AH,5769,15/9-F-5,3420717,VOLVE,369304,MÆRSK INSPIRER,19.24999,,,injection,WI,,,,,0.0,,24729.82735284399,,,,,,
2015-12-10,NO 15/9-F-5 AH,5769,15/9-F-5,3420717,VOLVE,369304,MÆRSK INSPIRER,24.0,,,injection,WI,,,,,0.0,,27171.5321032703,,,,,,
2015-12-11,NO 15/9-F-5 AH,5769,15/9-F-5,3420717,VOLVE,369304,MÆRSK INSPIRER,24.0,,,injection,WI,,,,,0.0,,27128.32986713072,,,,,,
2015-12-12,NO 15/9-F-5 AH,5769,15/9-F-5,3420717,VOLVE,369304,MÆRSK INSPIRER,24.0,,,injection,WI,,,,,0.0,,27064.326908278766,,,,,,
2015-12-13,NO 15/9-F-5 AH,5769,15/9-F-5,3420717,VOLVE,369304,MÆRSK INSPIRER,24.0,,,injection,WI,,,,,0.0,,26903.163626868463,,,,,,
2015-12-14,NO 15/9-F-5 AH,5769,15/9-F-5,3420717,VOLVE,369304,MÆRSK INSPIRER,24.0,,,injection,WI,,,,,0.0,,26684.01510335674,,,,,,
2015-12-15,NO 15/9-F-5 AH,5769,15/9-F-5,3420717,VOLVE,369304,MÆRSK INSPIRER,24.0,,,injection,WI,,,,,0.0,,26504.301027169156,,,,,,
2015-12-16,NO 15/9-F-5 AH,5769,15/9-F-5,3420717,VOLVE,369304,MÆRSK INSPIRER,24.0,,,injection,WI,,,,,0.0,,26384.42067520523,,,,,,
2015-12-17,NO 15/9-F-5 AH,5769,15/9-F-5,3420717,VOLVE,369304,MÆRSK INSPIRER,24.0,,,injection,WI,,,,,0.0,,26252.812187580425,,,,,,
2015-12-18,NO 15/9-F-5 AH,5769,15/9-F-5,3420717,VOLVE,369304,MÆRSK INSPIRER,24.0,,,injection,WI,,,,,0.0,,26219.127115366937,,,,,,
2015-12-19,NO 15/9-F-5 AH,5769,15/9-F-5,3420717,VOLVE,369304,MÆRSK INSPIRER,24.0,,,injection,WI,,,,,0.0,,26112.857200708255,,,,,,
2015-12-20,NO 15/9-F-5 AH,5769,15/9-F-5,3420717,VOLVE,369304,MÆRSK INSPIRER,24.0,,,injection,WI,,,,,0.0,,26171.42649491063,,,,,,
2015-12-21,NO 15/9-F-5 AH,5769,15/9-F-5,3420717,VOLVE,369304,MÆRSK INSPIRER,24.0,,,injection,WI,,,,,0.0,,26126.822886482296,,,,,,
2015-12-22,NO 15/9-F-5 AH,5769,15/9-F-5,3420717,VOLVE,369304,MÆRSK INSPIRER,24.0,,,injection,WI,,,,,0.0,,26083.84207,,,,,,
2015-12-23,NO 15/9-F-5 AH,5769,15/9-F-5,3420717,VOLVE,369304,MÆRSK INSPIRER,24.0,,,injection,WI,,,,,0.0,,26140.45036,,,,,,
2015-12-24,NO 15/9-F-5 AH,5769,15/9-F-5,3420717,VOLVE,369304,MÆRSK INSPIRER,24.0,,,injection,WI,,,,,0.0,,26178.18922,,,,,,
2015-12-25,NO 15/9-F-5 AH,5769,15/9-F-5,3420717,VOLVE,369304,MÆRSK INSPIRER,24.0,,,injection,WI,,,,,0.0,,26165.6096,,,,,,
2015-12-26,NO 15/9-F-5 AH,5769,15/9-F-5,3420717,VOLVE,369304,MÆRSK INSPIRER,24.0,,,injection,WI,,,,,0.0,,26109.00131,,,,,,
2015-12-27,NO 15/9-F-5 AH,5769,15/9-F-5,3420717,VOLVE,369304,MÆRSK INSPIRER,24.0,,,injection,WI,,,,,0.0,,26090.13188,,,,,,
2015-12-28,NO 15/9-F-5 AH,5769,15/9-F-5,3420717,VOLVE,369304,MÆRSK INSPIRER,24.0,,,injection,WI,,,,,0.0,,26109.00131,,,,,,
2015-12-29,NO 15/9-F-5 AH,5769,15/9-F-5,3420717,VOLVE,369304,MÆRSK INSPIRER,24.0,,,injection,WI,,,,,0.0,,26120.74239873834,,,,,,
2015-12-30,NO 15/9-F-5 AH,5769,15/9-F-5,3420717,VOLVE,369304,MÆRSK INSPIRER,24.0,,,injection,WI,,,,,0.0,,26088.924467106364,,,,,,
2015-12-31,NO 15/9-F-5 AH,5769,15/9-F-5,3420717,VOLVE,369304,MÆRSK INSPIRER,24.0,,,injection,WI,,,,,0.0,,26018.526843190575,,,,,,
2016-01-01,NO 15/9-F-5 AH,5769,15/9-F-5,3420717,VOLVE,369304,MÆRSK INSPIRER,24.0,,,injection,WI,,,,,0.0,,26027.68668432094,,,,,,
2016-01-02,NO 15/9-F-5 AH,5769,15/9-F-5,3420717,VOLVE,369304,MÆRSK INSPIRER,24.0,,,injection,WI,,,,,0.0,,26139.135458184595,,,,,,
2016-01-03,NO 15/9-F-5 AH,5769,15/9-F-5,3420717,VOLVE,369304,MÆRSK INSPIRER,17.0,,,injection,WI,,,,,0.0,,18284.879291403402,,,,,,
2016-01-04,NO 15/9-F-5 AH,5769,15/9-F-5,3420717,VOLVE,369304,MÆRSK INSPIRER,23.83333,,,injection,WI,,,,,0.0,,20420.288218167454,,,,,,
2016-01-05,NO 15/9-F-5 AH,5769,15/9-F-5,3420717,VOLVE,369304,MÆRSK INSPIRER,24.0,,,injection,WI,,,,,0.0,,40005.56520394498,,,,,,
2016-01-06,NO 15/9-F-5 AH,5769,15/9-F-5,3420717,VOLVE,369304,MÆRSK INSPIRER,24.0,,,injection,WI,,,,,0.0,,43769.01139827301,,,,,,
2016-01-07,NO 15/9-F-5 AH,5769,15/9-F-5,3420717,VOLVE,369304,MÆRSK INSPIRER,24.0,,,injection,WI,,,,,0.0,,43316.984369553385,,,,,,
2016-01-08,NO 15/9-F-5 AH,5769,15/9-F-5,3420717,VOLVE,369304,MÆRSK INSPIRER,24.0,,,injection,WI,,,,,0.0,,43695.381619209504,,,,,,
2016-01-09,NO 15/9-F-5 AH,5769,15/9-F-5,3420717,VOLVE,369304,MÆRSK INSPIRER,24.0,,,injection,WI,,,,,0.0,,43861.47427058,,,,,,
2016-01-10,NO 15/9-F-5 AH,5769,15/9-F-5,3420717,VOLVE,369304,MÆRSK INSPIRER,24.0,,,injection,WI,,,,,0.0,,43819.384190782366,,,,,,
2016-01-11,NO 15/9-F-5 AH,5769,15/9-F-5,3420717,VOLVE,369304,MÆRSK INSPIRER,24.0,,,injection,WI,,,,,0.0,,43498.96004258399,,,,,,
2016-01-12,NO 15/9-F-5 AH,5769,15/9-F-5,3420717,VOLVE,369304,MÆRSK INSPIRER,24.0,,,injection,WI,,,,,0.0,,41826.9425771787,,,,,,
2016-01-13,NO 15/9-F-5 AH,5769,15/9-F-5,3420717,VOLVE,369304,MÆRSK INSPIRER,21.16667,,,injection,WI,,,,,0.0,,23669.569305104946,,,,,,
2016-01-14,NO 15/9-F-5 AH,5769,15/9-F-5,3420717,VOLVE,369304,MÆRSK INSPIRER,24.0,,,injection,WI,,,,,0.0,,25698.869775322637,,,,,,
2016-01-15,NO 15/9-F-5 AH,5769,15/9-F-5,3420717,VOLVE,369304,MÆRSK INSPIRER,24.0,,,injection,WI,,,,,0.0,,26133.406427988542,,,,,,
2016-01-16,NO 15/9-F-5 AH,5769,15/9-F-5,3420717,VOLVE,369304,MÆRSK INSPIRER,24.0,,,injection,WI,,,,,0.0,,26211.224109312287,,,,,,
2016-01-17,NO 15/9-F-5 AH,5769,15/9-F-5,3420717,VOLVE,369304,MÆRSK INSPIRER,24.0,,,injection,WI,,,,,0.0,,26330.716345929406,,,,,,
2016-01-18,NO 15/9-F-5 AH,5769,15/9-F-5,3420717,VOLVE,369304,MÆRSK INSPIRER,24.0,,,injection,WI,,,,,0.0,,25985.581495875525,,,,,,
2016-01-19,NO 15/9-F-5 AH,5769,15/9-F-5,3420717,VOLVE,369304,MÆRSK INSPIRER,24.0,,,injection,WI,,,,,0.0,,26040.785575310012,,,,,,
2016-01-20,NO 15/9-F-5 AH,5769,15/9-F-5,3420717,VOLVE,369304,MÆRSK INSPIRER,20.33333,,,injection,WI,,,,,0.0,,22412.99079860877,,,,,,
2016-01-21,NO 15/9-F-5 AH,5769,15/9-F-5,3420717,VOLVE,369304,MÆRSK INSPIRER,24.0,,,injection,WI,,,,,0.0,,28785.183451060737,,,,,,
2016-01-22,NO 15/9-F-5 AH,5769,15/9-F-5,3420717,VOLVE,369304,MÆRSK INSPIRER,24.0,,,injection,WI,,,,,0.0,,28697.884120961004,,,,,,
2016-01-23,NO 15/9-F-5 AH,5769,15/9-F-5,3420717,VOLVE,369304,MÆRSK INSPIRER,24.0,,,injection,WI,,,,,0.0,,28825.891345110875,,,,,,
2016-01-24,NO 15/9-F-5 AH,5769,15/9-F-5,3420717,VOLVE,369304,MÆRSK INSPIRER,24.0,,,injection,WI,,,,,0.0,,28063.61692090687,,,,,,
2016-01-25,NO 15/9-F-5 AH,5769,15/9-F-5,3420717,VOLVE,369304,MÆRSK INSPIRER,19.25833,,,injection,WI,,,,,0.0,,22174.304805687323,,,,,,
2016-01-26,NO 15/9-F-5 AH,5769,15/9-F-5,3420717,VOLVE,369304,MÆRSK INSPIRER,19.825,,,injection,WI,,,,,0.0,,23058.958988552124,,,,,,
2016-01-27,NO 15/9-F-5 AH,5769,15/9-F-5,3420717,VOLVE,369304,MÆRSK INSPIRER,24.0,,,injection,WI,,,,,0.0,,27573.199900573018,,,,,,
2016-01-28,NO 15/9-F-5 AH,5769,15/9-F-5,3420717,VOLVE,369304,MÆRSK INSPIRER,24.0,,,injection,WI,,,,,0.0,,27457.019663000054,,,,,,
2016-01-29,NO 15/9-F-5 AH,5769,15/9-F-5,3420717,VOLVE,369304,MÆRSK INSPIRER,24.0,,,injection,WI,,,,,0.0,,27308.169384406116,,,,,,
2016-01-30,NO 15/9-F-5 AH,5769,15/9-F-5,3420717,VOLVE,369304,MÆRSK INSPIRER,24.0,,,injection,WI,,,,,0.0,,27121.84028883399,,,,,,
2016-01-31,NO 15/9-F-5 AH,5769,15/9-F-5,3420717,VOLVE,369304,MÆRSK INSPIRER,24.0,,,injection,WI,,,,,0.0,,27158.656875304066,,,,,,
2016-02-01,NO 15/9-F-5 AH,5769,15/9-F-5,3420717,VOLVE,369304,MÆRSK INSPIRER,24.0,,,injection,WI,,,,,0.0,,27053.171362850484,,,,,,
2016-02-02,NO 15/9-F-5 AH,5769,15/9-F-5,3420717,VOLVE,369304,MÆRSK INSPIRER,24.0,,,injection,WI,,,,,0.0,,27095.28039201113,,,,,,
2016-02-03,NO 15/9-F-5 AH,5769,15/9-F-5,3420717,VOLVE,369304,MÆRSK INSPIRER,24.0,,,injection,WI,,,,,0.0,,27316.64483,,,,,,
2016-02-04,NO 15/9-F-5 AH,5769,15/9-F-5,3420717,VOLVE,369304,MÆRSK INSPIRER,21.33334,,,injection,WI,,,,,0.0,,22712.50391,,,,,,
2016-02-05,NO 15/9-F-5 AH,5769,15/9-F-5,3420717,VOLVE,369304,MÆRSK INSPIRER,24.0,,,injection,WI,,,,,0.0,,28750.72151,,,,,,
2016-02-06,NO 15/9-F-5 AH,5769,15/9-F-5,3420717,VOLVE,369304,MÆRSK INSPIRER,24.0,,,injection,WI,,,,,0.0,,29102.95087,,,,,,
2016-02-07,NO 15/9-F-5 AH,5769,15/9-F-5,3420717,VOLVE,369304,MÆRSK INSPIRER,24.0,,,injection,WI,,,,,0.0,,29146.97954,,,,,,
2016-02-08,NO 15/9-F-5 AH,5769,15/9-F-5,3420717,VOLVE,369304,MÆRSK INSPIRER,24.0,,,injection,WI,,,,,0.0,,29084.08144,,,,,,
2016-02-09,NO 15/9-F-5 AH,5769,15/9-F-5,3420717,VOLVE,369304,MÆRSK INSPIRER,24.0,,,injection,WI,,,,,0.0,,29033.689445224874,,,,,,
2016-02-10,NO 15/9-F-5 AH,5769,15/9-F-5,3420717,VOLVE,369304,MÆRSK INSPIRER,24.0,,,injection,WI,,,,,0.0,,32145.713495081207,,,,,,
2016-02-11,NO 15/9-F-5 AH,5769,15/9-F-5,3420717,VOLVE,369304,MÆRSK INSPIRER,24.0,,,injection,WI,,,,,0.0,,36983.3185540152,,,,,,
2016-02-12,NO 15/9-F-5 AH,5769,15/9-F-5,3420717,VOLVE,369304,MÆRSK INSPIRER,24.0,,,injection,WI,,,,,0.0,,37047.14137139838,,,,,,
2016-02-13,NO 15/9-F-5 AH,5769,15/9-F-5,3420717,VOLVE,369304,MÆRSK INSPIRER,24.0,,,injection,WI,,,,,0.0,,37075.1950666472,,,,,,
2016-02-14,NO 15/9-F-5 AH,5769,15/9-F-5,3420717,VOLVE,369304,MÆRSK INSPIRER,24.0,,,injection,WI,,,,,0.0,,37212.663299823624,,,,,,
2016-02-15,NO 15/9-F-5 AH,5769,15/9-F-5,3420717,VOLVE,369304,MÆRSK INSPIRER,24.0,,,injection,WI,,,,,0.0,,37286.51793959463,,,,,,
2016-02-16,NO 15/9-F-5 AH,5769,15/9-F-5,3420717,VOLVE,369304,MÆRSK INSPIRER,24.0,,,injection,WI,,,,,0.0,,37352.19653659002,,,,,,
2016-02-17,NO 15/9-F-5 AH,5769,15/9-F-5,3420717,VOLVE,369304,MÆRSK INSPIRER,24.0,,,injection,WI,,,,,0.0,,37299.85662958996,,,,,,
2016-02-18,NO 15/9-F-5 AH,5769,15/9-F-5,3420717,VOLVE,369304,MÆRSK INSPIRER,24.0,,,injection,WI,,,,,0.0,,37203.016289321975,,,,,,
2016-02-19,NO 15/9-F-5 AH,5769,15/9-F-5,3420717,VOLVE,369304,MÆRSK INSPIRER,23.58334,,,injection,WI,,,,,0.0,,36192.14363089018,,,,,,
2016-02-20,NO 15/9-F-5 AH,5769,15/9-F-5,3420717,VOLVE,369304,MÆRSK INSPIRER,24.0,,,injection,WI,,,,,0.0,,41672.92279940329,,,,,,
2016-02-21,NO 15/9-F-5 AH,5769,15/9-F-5,3420717,VOLVE,369304,MÆRSK INSPIRER,24.0,,,injection,WI,,,,,0.0,,43855.13329952754,,,,,,
2016-02-22,NO 15/9-F-5 AH,5769,15/9-F-5,3420717,VOLVE,369304,MÆRSK INSPIRER,24.0,,,injection,WI,,,,,0.0,,43769.876889232786,,,,,,
2016-02-23,NO 15/9-F-5 AH,5769,15/9-F-5,3420717,VOLVE,369304,MÆRSK INSPIRER,24.0,,,injection,WI,,,,,0.0,,43591.27799766858,,,,,,
2016-02-24,NO 15/9-F-5 AH,5769,15/9-F-5,3420717,VOLVE,369304,MÆRSK INSPIRER,24.0,,,injection,WI,,,,,0.0,,43727.54505796704,,,,,,
2016-02-25,NO 15/9-F-5 AH,5769,15/9-F-5,3420717,VOLVE,369304,MÆRSK INSPIRER,22.33334,,,injection,WI,,,,,0.0,,40580.38094297821,,,,,,
2016-02-26,NO 15/9-F-5 AH,5769,15/9-F-5,3420717,VOLVE,369304,MÆRSK INSPIRER,24.0,,,injection,WI,,,,,0.0,,43369.714601196014,,,,,,
2016-02-27,NO 15/9-F-5 AH,5769,15/9-F-5,3420717,VOLVE,369304,MÆRSK INSPIRER,24.0,,,injection,WI,,,,,0.0,,41854.97717630228,,,,,,
2016-02-28,NO 15/9-F-5 AH,5769,15/9-F-5,3420717,VOLVE,369304,MÆRSK INSPIRER,24.0,,,injection,WI,,,,,0.0,,41061.92941638657,,,,,,
2016-02-29,NO 15/9-F-5 AH,5769,15/9-F-5,3420717,VOLVE,369304,MÆRSK INSPIRER,24.0,,,injection,WI,,,,,0.0,,34137.535879511124,,,,,,
2016-03-01,NO 15/9-F-5 AH,5769,15/9-F-5,3420717,VOLVE,369304,MÆRSK INSPIRER,24.0,,,injection,WI,,,,,0.0,,28243.791289321383,,,,,,
2016-03-02,NO 15/9-F-5 AH,5769,15/9-F-5,3420717,VOLVE,369304,MÆRSK INSPIRER,24.0,,,injection,WI,,,,,0.0,,28249.307688559253,,,,,,
2016-03-03,NO 15/9-F-5 AH,5769,15/9-F-5,3420717,VOLVE,369304,MÆRSK INSPIRER,24.0,,,injection,WI,,,,,0.0,,28153.720733144124,,,,,,
2016-03-04,NO 15/9-F-5 AH,5769,15/9-F-5,3420717,VOLVE,369304,MÆRSK INSPIRER,24.0,,,injection,WI,,,,,0.0,,27969.185982775405,,,,,,
2016-03-05,NO 15/9-F-5 AH,5769,15/9-F-5,3420717,VOLVE,369304,MÆRSK INSPIRER,24.0,,,injection,WI,,,,,0.0,,27962.67692048182,,,,,,
2016-03-06,NO 15/9-F-5 AH,5769,15/9-F-5,3420717,VOLVE,369304,MÆRSK INSPIRER,24.0,,,injection,WI,,,,,0.0,,27958.076938698683,,,,,,
2016-03-07,NO 15/9-F-5 AH,5769,15/9-F-5,3420717,VOLVE,369304,MÆRSK INSPIRER,24.0,,,injection,WI,,,,,0.0,,27642.97627995511,,,,,,
2016-03-08,NO 15/9-F-5 AH,5769,15/9-F-5,3420717,VOLVE,369304,MÆRSK INSPIRER,24.0,,,injection,WI,,,,,0.0,,27795.57235792664,,,,,,
2016-03-09,NO 15/9-F-5 AH,5769,15/9-F-5,3420717,VOLVE,369304,MÆRSK INSPIRER,24.0,,,injection,WI,,,,,0.0,,27853.980422022305,,,,,,
2016-03-10,NO 15/9-F-5 AH,5769,15/9-F-5,3420717,VOLVE,369304,MÆRSK INSPIRER,24.0,,,injection,WI,,,,,0.0,,27827.190523882637,,,,,,
2016-03-11,NO 15/9-F-5 AH,5769,15/9-F-5,3420717,VOLVE,369304,MÆRSK INSPIRER,24.0,,,injection,WI,,,,,0.0,,27819.108615975932,,,,,,
2016-03-12,NO 15/9-F-5 AH,5769,15/9-F-5,3420717,VOLVE,369304,MÆRSK INSPIRER,24.0,,,injection,WI,,,,,0.0,,28038.328260203856,,,,,,
2016-03-13,NO 15/9-F-5 AH,5769,15/9-F-5,3420717,VOLVE,369304,MÆRSK INSPIRER,24.0,,,injection,WI,,,,,0.0,,27941.04974949486,,,,,,
2016-03-14,NO 15/9-F-5 AH,5769,15/9-F-5,3420717,VOLVE,369304,MÆRSK INSPIRER,24.0,,,injection,WI,,,,,0.0,,27820.18775736725,,,,,,
2016-03-15,NO 15/9-F-5 AH,5769,15/9-F-5,3420717,VOLVE,369304,MÆRSK INSPIRER,24.0,,,injection,WI,,,,,0.0,,27851.27868,,,,,,
2016-03-16,NO 15/9-F-5 AH,5769,15/9-F-5,3420717,VOLVE,369304,MÆRSK INSPIRER,24.0,,,injection,WI,,,,,0.0,,28757.01132,,,,,,
2016-03-17,NO 15/9-F-5 AH,5769,15/9-F-5,3420717,VOLVE,369304,MÆRSK INSPIRER,24.0,,,injection,WI,,,,,0.0,,28863.93809,,,,,,
2016-03-18,NO 15/9-F-5 AH,5769,15/9-F-5,3420717,VOLVE,369304,MÆRSK INSPIRER,24.0,,,injection,WI,,,,,0.0,,28744.4317,,,,,,
2016-03-19,NO 15/9-F-5 AH,5769,15/9-F-5,3420717,VOLVE,369304,MÆRSK INSPIRER,24.0,,,injection,WI,,,,,0.0,,28813.61961,,,,,,
2016-03-20,NO 15/9-F-5 AH,5769,15/9-F-5,3420717,VOLVE,369304,MÆRSK INSPIRER,24.0,,,injection,WI,,,,,0.0,,28914.25657,,,,,,
2016-03-21,NO 15/9-F-5 AH,5769,15/9-F-5,3420717,VOLVE,369304,MÆRSK INSPIRER,24.0,,,injection,WI,,,,,0.0,,28901.67695,,,,,,
2016-03-22,NO 15/9-F-5 AH,5769,15/9-F-5,3420717,VOLVE,369304,MÆRSK INSPIRER,24.0,,,injection,WI,,,,,0.0,,28777.750437954568,,,,,,
2016-03-23,NO 15/9-F-5 AH,5769,15/9-F-5,3420717,VOLVE,369304,MÆRSK INSPIRER,24.0,,,injection,WI,,,,,0.0,,28786.484626676192,,,,,,
2016-03-24,NO 15/9-F-5 AH,5769,15/9-F-5,3420717,VOLVE,369304,MÆRSK INSPIRER,24.0,,,injection,WI,,,,,0.0,,28803.59378782884,,,,,,
2016-03-25,NO 15/9-F-5 AH,5769,15/9-F-5,3420717,VOLVE,369304,MÆRSK INSPIRER,24.0,,,injection,WI,,,,,0.0,,28788.983868265546,,,,,,
2016-03-26,NO 15/9-F-5 AH,5769,15/9-F-5,3420717,VOLVE,369304,MÆRSK INSPIRER,24.0,,,injection,WI,,,,,0.0,,28811.012260990898,,,,,,
2016-03-27,NO 15/9-F-5 AH,5769,15/9-F-5,3420717,VOLVE,369304,MÆRSK INSPIRER,23.0,,,injection,WI,,,,,0.0,,27668.874190000002,,,,,,
2016-03-28,NO 15/9-F-5 AH,5769,15/9-F-5,3420717,VOLVE,369304,MÆRSK INSPIRER,24.0,,,injection,WI,,,,,0.0,,28874.17563241727,,,,,,
2016-03-29,NO 15/9-F-5 AH,5769,15/9-F-5,3420717,VOLVE,369304,MÆRSK INSPIRER,24.0,,,injection,WI,,,,,0.0,,28884.998098336244,,,,,,
2016-03-30,NO 15/9-F-5 AH,5769,15/9-F-5,3420717,VOLVE,369304,MÆRSK INSPIRER,24.0,,,injection,WI,,,,,0.0,,28914.906129161718,,,,,,
2016-03-31,NO 15/9-F-5 AH,5769,15/9-F-5,3420717,VOLVE,369304,MÆRSK INSPIRER,24.0,,,injection,WI,,,,,0.0,,28949.90960844931,,,,,,
2016-04-01,NO 15/9-F-5 AH,5769,15/9-F-5,3420717,VOLVE,369304,MÆRSK INSPIRER,23.825,,,injection,WI,,,,,0.0,,27763.022178407857,,,,,,
2016-04-02,NO 15/9-F-5 AH,5769,15/9-F-5,3420717,VOLVE,369304,MÆRSK INSPIRER,6.00834,,,injection,WI,,,,,0.0,,7438.501338855386,,,,,,
2016-04-03,NO 15/9-F-5 AH,5769,15/9-F-5,3420717,VOLVE,369304,MÆRSK INSPIRER,24.0,,,injection,WI,,,,,0.0,,27644.801196255867,,,,,,
2016-04-04,NO 15/9-F-5 AH,5769,15/9-F-5,3420717,VOLVE,369304,MÆRSK INSPIRER,18.58334,,,injection,WI,,,,,0.0,,21621.82836206699,,,,,,
2016-04-05,NO 15/9-F-5 AH,5769,15/9-F-5,3420717,VOLVE,369304,MÆRSK INSPIRER,16.5,,,injection,WI,,,,,0.0,,24984.165864234332,,,,,,
2016-04-06,NO 15/9-F-5 AH,5769,15/9-F-5,3420717,VOLVE,369304,MÆRSK INSPIRER,10.65833,,,injection,WI,,,,,0.0,,17771.408727109465,,,,,,
2016-04-07,NO 15/9-F-5 AH,5769,15/9-F-5,3420717,VOLVE,369304,MÆRSK INSPIRER,0.0,,,injection,WI,,,,,0.0,,0.0,,,,,,
2016-04-08,NO 15/9-F-5 AH,5769,15/9-F-5,3420717,VOLVE,369304,MÆRSK INSPIRER,0.0,,,injection,WI,,,,,0.0,,0.0,,,,,,
2016-04-09,NO 15/9-F-5 AH,5769,15/9-F-5,3420717,VOLVE,369304,MÆRSK INSPIRER,0.0,,,injection,WI,,,,,0.0,,0.0,,,,,,
2016-04-10,NO 15/9-F-5 AH,5769,15/9-F-5,3420717,VOLVE,369304,MÆRSK INSPIRER,0.0,,,injection,WI,,,,,0.0,,0.0,,,,,,
2016-04-11,NO 15/9-F-5 AH,5769,15/9-F-5,3420717,VOLVE,369304,MÆRSK INSPIRER,0.0,0.7293576595744681,%,production,WI,,,,0.0,0.0,0.0,,,0.0,0.0,0.0,,
2016-04-12,NO 15/9-F-5 AH,5769,15/9-F-5,3420717,VOLVE,369304,MÆRSK INSPIRER,0.0,0.7181322916666667,%,production,OP,,,,0.0,0.0,0.0,,,0.0,0.0,0.0,,
2016-04-13,NO 15/9-F-5 AH,5769,15/9-F-5,3420717,VOLVE,369304,MÆRSK INSPIRER,0.0,0.7308147916666666,%,production,OP,,,,60.158861640000005,0.0,67.82658558600001,,,0.0,0.0,0.0,,
2016-04-14,NO 15/9-F-5 AH,5769,15/9-F-5,3420717,VOLVE,369304,MÆRSK INSPIRER,0.0,0.7203360416666666,%,production,OP,,,,151.459847526,0.0,170.863756356,,,0.0,0.0,0.0,,
2016-04-15,NO 15/9-F-5 AH,5769,15/9-F-5,3420717,VOLVE,369304,MÆRSK INSPIRER,0.0,0.7768035416666667,%,production,OP,,,,150.340444242,0.0,169.76320801199998,,,0.0,0.0,0.0,,
2016-04-16,NO 15/9-F-5 AH,5769,15/9-F-5,3420717,VOLVE,369304,MÆRSK INSPIRER,0.0,0.7773314583333333,%,production,OP,,,,150.589619526,0.0,170.071848876,,,0.0,0.0,0.0,,
2016-04-17,NO 15/9-F-5 AH,5769,15/9-F-5,3420717,VOLVE,369304,MÆRSK INSPIRER,0.0,0.7589747916666667,%,production,OP,,,,150.818779566,0.0,170.25648225,,,0.0,0.0,0.0,,
2016-04-18,NO 15/9-F-5 AH,5769,15/9-F-5,3420717,VOLVE,369304,MÆRSK INSPIRER,0.0,0.7457047916666667,%,production,OP,,,,151.119733416,0.0,170.42124541799998,,,0.0,0.0,0.0,,
2016-04-19,NO 15/9-F-5 AH,5769,15/9-F-5,3420717,VOLVE,369304,MÆRSK INSPIRER,0.0,0.7452708333333333,%,production,OP,,,,150.792092574,0.0,170.22312351,,,0.0,0.0,0.0,,
2016-04-20,NO 15/9-F-5 AH,5769,15/9-F-5,3420717,VOLVE,369304,MÆRSK INSPIRER,5.84167,16.6655775,%,production,OP,,,,211.44610327584388,21.83605727543013,177.40831108675422,,71.2356259278357,111.6441275,107.66745736000001,446.8910005,0.9643808391086224,0.8001126126126127
2016-04-21,NO 15/9-F-5 AH,5769,15/9-F-5,3420717,VOLVE,369304,MÆRSK INSPIRER,24.0,80.41459104166667,%,production,OP,,,,367.867871598125,9.030872653875,378.881090398125,,129.50340575,2495.796608,2198.359851232,2101.2368267,0.8808249214641131,0.4570853913828724
2016-04-22,NO 15/9-F-5 AH,5769,15/9-F-5,3420717,VOLVE,369304,MÆRSK INSPIRER,24.0,79.40018604166667,%,production,OP,,,,416.30331471975,8.108010968,377.144290564375,,135.9395105,2252.5067572000003,1903.301648115,2062.9947819,0.844970449935927,0.47804287942166707
2016-04-23,NO 15/9-F-5 AH,5769,15/9-F-5,3420717,VOLVE,369304,MÆRSK INSPIRER,24.0,79.45973020833334,%,production,OP,,,,427.19865992850004,8.28651044325,377.50578569287495,,134.839985,2059.6611826,1860.0121825610001,1815.6794527000002,0.9030670666973614,0.46852125363153885
2016-04-24,NO 15/9-F-5 AH,5769,15/9-F-5,3420717,VOLVE,369304,MÆRSK INSPIRER,24.0,79.4572825,%,production,OP,,,,296.93920420325003,7.23400593675,372.46647059912505,,137.01745062499998,2008.3992311,1820.8608935529999,1346.5854229000001,0.9066229788166741,0.4013685789276341
2016-04-25,NO 15/9-F-5 AH,5769,15/9-F-5,3420717,VOLVE,369304,MÆRSK INSPIRER,24.0,79.4743075,%,production,OP,,,,292.098482391,6.627677599375001,376.92039419512497,,134.023346,2058.5290167999997,1854.6143306660001,1285.9516545,0.9009415536677804,0.38449965207906267
2016-04-26,NO 15/9-F-5 AH,5769,15/9-F-5,3420717,VOLVE,369304,MÆRSK INSPIRER,24.0,79.44435958333334,%,production,OP,,,,287.44644293025,5.78942745675,374.843897235625,,132.6767705,2102.054502,1889.4791213880003,1274.0010155,0.8988725647171637,0.3773637633907778
2016-04-27,NO 15/9-F-5 AH,5769,15/9-F-5,3420717,VOLVE,369304,MÆRSK INSPIRER,24.0,79.41779958333333,%,production,OP,,,,280.590248897,4.4669739943749995,374.453152777125,,131.52760325,2072.6810892999997,1876.036227686,1253.4333368,0.9051253650987804,0.37684612620790076
2016-04-28,NO 15/9-F-5 AH,5769,15/9-F-5,3420717,VOLVE,369304,MÆRSK INSPIRER,24.0,79.516568125,%,production,OP,,,,275.133203211875,6.118902425125,375.3913038855,,125.792952875,2094.9470167,1849.875451073,1240.350532,0.8830177738752356,0.3718860203292662
2016-04-29,NO 15/9-F-5 AH,5769,15/9-F-5,3420717,VOLVE,369304,MÆRSK INSPIRER,24.0,79.533726875,%,production,OP,,,,267.875803854375,5.629973283875,374.900105503875,,123.169269125,2067.3347508,1834.162175308,1078.1992301999999,0.8872110211460583,0.34277144571085777
2016-04-30,NO 15/9-F-5 AH,5769,15/9-F-5,3420717,VOLVE,369304,MÆRSK INSPIRER,24.0,79.46224666666667,%,production,OP,,,,265.91726811325,4.365169404875,373.63141883675,,124.448917625,2065.6365021,1827.48981589,1069.3305980999999,0.8847102643819996,0.3410978692668833
2016-05-01,NO 15/9-F-5 AH,5769,15/9-F-5,3420717,VOLVE,369304,MÆRSK INSPIRER,24.0,79.491835625,%,production,OP,,,,261.731160205875,7.724992804625,376.953015658625,,113.40320037500001,2011.6699323,1821.8037960430001,1058.1976344,0.9056176496907122,0.34470465302108305
2016-05-02,NO 15/9-F-5 AH,5769,15/9-F-5,3420717,VOLVE,369304,MÆRSK INSPIRER,24.0,79.44234333333333,%,production,OP,,,,259.17749124799997,7.4555665898750005,376.561697091375,,111.14805125000001,2086.8960599,1889.5716459020002,1061.4683356,0.9054459789399116,0.3371491359504545
2016-05-03,NO 15/9-F-5 AH,5769,15/9-F-5,3420717,VOLVE,369304,MÆRSK INSPIRER,24.0,79.38318791666667,%,production,OP,,,,259.75609315437504,6.423630284750001,375.358643140875,,116.55735687500001,2085.5123017,1875.579961762,1070.0853753,0.8993377599514162,0.33910703607733705
2016-05-04,NO 15/9-F-5 AH,5769,15/9-F-5,3420717,VOLVE,369304,MÆRSK INSPIRER,12.0,79.46776166666666,%,production,WI,,,,257.70036684512496,3.525462839,376.45206649312496,0.0,111.54026075,2067.460547,1850.0463742210002,856.2318353,0.8948399895250819,0.29285975517931284
2016-05-05,NO 15/9-F-5 AH,5769,15/9-F-5,3420717,VOLVE,369304,MÆRSK INSPIRER,24.0,79.46401270833333,%,production,OP,,,,257.11723250125,7.1616803207499995,376.341946391625,,110.1508205,2080.1659632,1843.9333996510002,860.1315175,0.8864357134343289,0.2925321410999636
2016-05-06,NO 15/9-F-5 AH,5769,15/9-F-5,3420717,VOLVE,369304,MÆRSK INSPIRER,24.0,79.448759375,%,production,OP,,,,276.529774113875,5.704973037999999,374.75958785487495,,112.07204899999999,2088.7201047999997,1841.790503655,854.2819942,0.8817794684038608,0.29027569993588376
2016-05-07,NO 15/9-F-5 AH,5769,15/9-F-5,3420717,VOLVE,369304,MÆRSK INSPIRER,24.0,79.4182375,%,production,OP,,,,288.90540434524996,4.120321087875,373.30420102225,,117.515141375,2079.4111860000003,1849.1649193090002,852.7095416999999,0.8892733345664516,0.2908166548683956
2016-05-08,NO 15/9-F-5 AH,5769,15/9-F-5,3420717,VOLVE,369304,MÆRSK INSPIRER,24.0,79.406128125,%,production,OP,,,,286.145974811375,5.03687362075,374.817047075875,,110.202900875,2072.5552931,1834.636451729,849.3130443,0.8852050692384009,0.290674645886253
2016-05-09,NO 15/9-F-5 AH,5769,15/9-F-5,3420717,VOLVE,369304,MÆRSK INSPIRER,24.0,79.35830416666667,%,production,OP,,,,286.52577796575,4.975948595875,373.789525364875,,111.36274475,2045.7607025,1815.9048285550002,855.2883638,0.8876428344409457,0.29482037161502933
2016-05-10,NO 15/9-F-5 AH,5769,15/9-F-5,3420717,VOLVE,369304,MÆRSK INSPIRER,24.0,79.38474979166666,%,production,OP,,,,287.512976091125,3.563568551875,372.50318636450004,,116.54393675,2021.6707302000002,1795.516592804,1133.4866601,0.8881350291035637,0.359248848753065
2016-05-11,NO 15/9-F-5 AH,5769,15/9-F-5,3420717,VOLVE,369304,MÆRSK INSPIRER,24.0,79.50210541666667,%,production,OP,,,,286.096667934625,3.0388361760000002,372.174219029125,,119.6280755,2015.0035316,1793.9761655900002,834.4690926999999,0.8903091917489124,0.29285036311061075
2016-05-12,NO 15/9-F-5 AH,5769,15/9-F-5,3420717,VOLVE,369304,MÆRSK INSPIRER,24.0,79.44212208333333,%,production,OP,,,,286.491805835875,2.877309168375,372.064896636625,,119.741594375,1998.1468408,1782.823077036,834.3432965000001,0.8922382682957422,0.29456176581617927
2016-05-13,NO 15/9-F-5 AH,5769,15/9-F-5,3420717,VOLVE,369304,MÆRSK INSPIRER,24.0,79.552116875,%,production,OP,,,,282.845710662,4.010666316625,373.190566770875,,115.684290125,1984.2463607000002,1769.53839319,834.7206851000001,0.8917936946931047,0.29610870632335223
2016-05-14,NO 15/9-F-5 AH,5769,15/9-F-5,3420717,VOLVE,369304,MÆRSK INSPIRER,24.0,79.51490708333333,%,production,OP,,,,282.057912592,4.4954951127500005,373.68972411274996,,113.283261125,1966.6348927000001,1756.7293983529999,830.3178181,0.8932666682940725,0.2968651614644238
2016-05-15,NO 15/9-F-5 AH,5769,15/9-F-5,3420717,VOLVE,369304,MÆRSK INSPIRER,24.0,79.5394825,%,production,OP,,,,279.84408579787504,4.240330968,377.951602288625,,112.45871675,1830.5234042999998,1657.872252349,778.678478,0.9056820843997773,0.298435503700311
2016-05-16,NO 15/9-F-5 AH,5769,15/9-F-5,3420717,VOLVE,369304,MÆRSK INSPIRER,24.0,79.49092708333333,%,production,OP,,,,286.444861869875,3.035968653875,372.23124917937497,,118.23014975,1981.4788442999998,1282.639438969,840.8846989,0.6473142232422472,0.297936352290961
2016-05-17,NO 15/9-F-5 AH,5769,15/9-F-5,3420717,VOLVE,369304,MÆRSK INSPIRER,24.0,79.51327541666667,%,production,OP,,,,286.764156983625,3.726518744875,372.95283438075,,116.89091975,1949.4637114,1752.86632332,826.5439321,0.8991530917296151,0.2977455534156565
2016-05-18,NO 15/9-F-5 AH,5769,15/9-F-5,3420717,VOLVE,369304,MÆRSK INSPIRER,24.0,79.583015,%,production,OP,,,,287.8409039875,3.883588855625,373.17622916025,,113.91087387500001,1938.9597287,1749.3740526370002,823.1474347000001,0.9022229944971009,0.29801430067859913
2016-05-19,NO 15/9-F-5 AH,5769,15/9-F-5,3420717,VOLVE,369304,MÆRSK INSPIRER,24.0,79.605069375,%,production,OP,,,,284.170533078375,4.405906953125,373.632134961875,,113.01684387499999,1920.907974,1737.653456854,820.3799183000001,0.9046000539190849,0.29926806323566535
2016-05-20,NO 15/9-F-5 AH,5769,15/9-F-5,3420717,VOLVE,369304,MÆRSK INSPIRER,24.0,79.50937875,%,production,OP,,,,287.8173111395,5.804883068625,375.069259093,,111.0193925,1918.0775595,1712.474075754,819.0590582,0.8928075234874255,0.2992393777144564
2016-05-21,NO 15/9-F-5 AH,5769,15/9-F-5,3420717,VOLVE,369304,MÆRSK INSPIRER,24.0,79.56440125,%,production,OP,,,,285.4416612185,5.60373047075,374.79148714999997,,107.826102875,1890.9684783999999,1684.655627123,828.9969580000001,0.8908956687360717,0.3047821663120896
2016-05-22,NO 15/9-F-5 AH,5769,15/9-F-5,3420717,VOLVE,369304,MÆRSK INSPIRER,24.0,79.46639833333333,%,production,OP,,,,288.749772528,4.179254861875,373.43942478425,,114.5553125,1899.4597219000002,1698.486629378,844.0296039,0.8941946016517951,0.30764821862533814
2016-05-23,NO 15/9-F-5 AH,5769,15/9-F-5,3420717,VOLVE,369304,MÆRSK INSPIRER,24.0,79.46902458333334,%,production,OP,,,,287.49830610174996,2.836619966125,371.9423969375,,118.093134875,1907.1961882000003,1706.92189862,845.8536488,0.8949902003689417,0.30724240347269816
2016-05-24,NO 15/9-F-5 AH,5769,15/9-F-5,3420717,VOLVE,369304,MÆRSK INSPIRER,24.0,79.521888125,%,production,OP,,,,287.63782359287495,3.711066154625,372.643543867375,,116.63326512500001,1920.2789930000001,1717.833787773,844.092502,0.8945751081145114,0.3053469852104664
2016-05-25,NO 15/9-F-5 AH,5769,15/9-F-5,3420717,VOLVE,369304,MÆRSK INSPIRER,24.0,79.44578354166667,%,production,OP,,,,288.6779424585,3.019597489625,371.9615177805,,117.691151,1928.2041536000002,1718.1901130960002,839.7525330999999,0.8910830888358481,0.30338355261662914
2016-05-26,NO 15/9-F-5 AH,5769,15/9-F-5,3420717,VOLVE,369304,MÆRSK INSPIRER,24.0,79.42644208333333,%,production,OP,,,,292.19282961,2.22990486075,371.207486369875,,120.5682635,1928.6444403,1719.0401379250002,490.47938380000005,0.8913204020423816,0.20275083851173917
2016-05-27,NO 15/9-F-5 AH,5769,15/9-F-5,3420717,VOLVE,369304,MÆRSK INSPIRER,24.0,79.43476125,%,production,OP,,,,289.52768988425,2.323499695125,371.288674412,,119.22003874999999,1910.2781951,1707.3696890160002,489.78750470000006,0.8937806511091031,0.2040725404895435
2016-05-28,NO 15/9-F-5 AH,5769,15/9-F-5,3420717,VOLVE,369304,MÆRSK INSPIRER,24.0,79.45482708333333,%,production,OP,,,,290.379011576625,2.445171469,371.43645604750003,,119.463599,1916.8195975,1714.399433198,493.12110400000006,0.89439790548573,0.20461960067858542
2016-05-29,NO 15/9-F-5 AH,5769,15/9-F-5,3420717,VOLVE,369304,MÆRSK INSPIRER,24.0,79.4579225,%,production,OP,,,,292.05743663699997,3.186052767625,372.1479399565,,116.793341,1898.4533523,1708.218654404,494.00167740000006,0.8997949053288414,0.20648316113258144
2016-05-30,NO 15/9-F-5 AH,5769,15/9-F-5,3420717,VOLVE,369304,MÆRSK INSPIRER,24.0,79.38789041666666,%,production,OP,,,,288.87585587437496,2.1351406575,371.1326981295,,119.047713875,1892.2893385000002,1684.980522363,490.7309762,0.890445497990634,0.20592815477604454
2016-05-31,NO 15/9-F-5 AH,5769,15/9-F-5,3420717,VOLVE,369304,MÆRSK INSPIRER,24.0,79.470640625,%,production,OP,,,,288.378862016,2.728270536875,371.702114295875,,118.026916625,1928.7702364999998,1722.671901673,489.5359123,0.8931452119455184,0.20242925509779444
2016-06-01,NO 15/9-F-5 AH,5769,15/9-F-5,3420717,VOLVE,369304,MÆRSK INSPIRER,24.0,79.43869458333333,%,production,OP,,,,288.34987556737497,3.126774528375,372.032196610875,,117.29031574999999,1927.1348859,1700.09203564,486.76839590000003,0.8821863212994726,0.2016519881181927
2016-06-02,NO 15/9-F-5 AH,5769,15/9-F-5,3420717,VOLVE,369304,MÆRSK INSPIRER,24.0,79.4275425,%,production,OP,,,,289.229815070125,3.0345424468749997,372.0680723645,,116.983008125,1911.9135457000002,1712.5351701850002,490.7309762,0.8957178916570715,0.20424618445509043
2016-06-03,NO 15/9-F-5 AH,5769,15/9-F-5,3420717,VOLVE,369304,MÆRSK INSPIRER,24.0,79.37208895833334,%,production,OP,,,,289.343944868,2.01741210425,371.006886729375,,119.19465612500001,1824.1706961999998,1643.920826967,483.4347966,0.9011880469253863,0.20949629306585263
2016-06-04,NO 15/9-F-5 AH,5769,15/9-F-5,3420717,VOLVE,369304,MÆRSK INSPIRER,24.0,79.41516583333333,%,production,OP,,,,289.21027422124996,2.385013936875,371.390306768875,,118.762533875,1926.4430068,1777.2920887220002,491.35995720000005,0.9225770409238563,0.20322580645161292
2016-06-05,NO 15/9-F-5 AH,5769,15/9-F-5,3420717,VOLVE,369304,MÆRSK INSPIRER,24.0,79.42071,%,production,OP,,,,287.77322563075,2.367724198625,371.42725217775,,118.061284625,1937.0098876,1774.275860195,492.93240970000005,0.9159869918853996,0.20285766054927137
2016-06-06,NO 15/9-F-5 AH,5769,15/9-F-5,3420717,VOLVE,369304,MÆRSK INSPIRER,24.0,79.43165875,%,production,OP,,,,291.200579327625,2.15819565625,371.176405935125,,119.347920875,1939.9660983,1768.714854386,494.6306584,0.9117246203095671,0.2031673857441806
2016-06-07,NO 15/9-F-5 AH,5769,15/9-F-5,3420717,VOLVE,369304,MÆRSK INSPIRER,24.0,79.42867291666667,%,production,OP,,,,293.167630008,3.2263400937499997,372.23748279175004,,119.800102625,1946.3188064,1779.8622925880002,497.2094805,0.9144762341787749,0.2034801410589719
2016-06-08,NO 15/9-F-5 AH,5769,15/9-F-5,3420717,VOLVE,369304,MÆRSK INSPIRER,22.41667,66.57192583333334,%,production,OP,,,,279.08492693304754,45.90432777003131,409.75529350572407,,113.6628011758892,1717.3068242999998,1573.811965645,434.3742786,0.9164419213709872,0.20187669911426817
2016-06-09,NO 15/9-F-5 AH,5769,15/9-F-5,3420717,VOLVE,369304,MÆRSK INSPIRER,24.0,60.488252708333334,%,production,OP,,,,274.07593360275,9.03680410375,378.0438555215,,110.2406945,1851.8458602,1688.723174269,509.47461,0.9119134645939794,0.21575835064727503
2016-06-10,NO 15/9-F-5 AH,5769,15/9-F-5,3420717,VOLVE,369304,MÆRSK INSPIRER,24.0,60.629491875,%,production,OP,,,,287.25648243137505,9.650988666125,378.770710436875,,116.635372625,1909.3347236,1762.1865789439998,501.4236532,0.9229322429235686,0.20799415570862034
2016-06-11,NO 15/9-F-5 AH,5769,15/9-F-5,3420717,VOLVE,369304,MÆRSK INSPIRER,24.0,60.611991875,%,production,OP,,,,293.15149453050003,10.6962503375,379.8844119145,,118.06165962499999,1916.2535146000002,1740.4719230609999,492.93240970000005,0.9082680917740192,0.20460538339033496
2016-06-12,NO 15/9-F-5 AH,5769,15/9-F-5,3420717,VOLVE,369304,MÆRSK INSPIRER,24.0,60.576195416666664,%,production,OP,,,,293.17544695187496,11.5486386635,380.002228094875,,112.6340495,1824.4851867,1649.986126692,465.7604305,0.9043570968511827,0.20336702186092495
2016-06-13,NO 15/9-F-5 AH,5769,15/9-F-5,3420717,VOLVE,369304,MÆRSK INSPIRER,24.0,70.28068666666667,%,production,OP,,,,297.280795887875,6.901624165125,375.42279526125,,116.37987875,1929.1476251,1757.151762165,498.781933,0.9108435970906663,0.20543509235512036
2016-06-14,NO 15/9-F-5 AH,5769,15/9-F-5,3420717,VOLVE,369304,MÆRSK INSPIRER,24.0,80.43383229166666,%,production,OP,,,,297.143172955625,3.09944393025,371.647573964625,,119.83903212499999,1955.3761328,1767.767360985,503.6879848,0.904054893241254,0.20482913853079598
2016-06-15,NO 15/9-F-5 AH,5769,15/9-F-5,3420717,VOLVE,369304,MÆRSK INSPIRER,24.0,80.412695625,%,production,OP,,,,297.0403500785,2.6976735621250003,371.185504048,,121.368205625,1942.6078185000001,1759.592714229,506.5183993,0.9057889592906525,0.20681596383995068
2016-06-16,NO 15/9-F-5 AH,5769,15/9-F-5,3420717,VOLVE,369304,MÆRSK INSPIRER,24.0,80.41548,%,production,OP,,,,297.038694228,2.828095962,371.239409838,,121.80419599999999,1958.1436492,1769.0192671,509.8519986,0.903416492361392,0.2065854528773128
2016-06-17,NO 15/9-F-5 AH,5769,15/9-F-5,3420717,VOLVE,369304,MÆRSK INSPIRER,24.0,80.32920541666667,%,production,OP,,,,298.88230246225,2.024370906625,370.61454987449997,,121.85642375,1933.2360016000002,1729.3869918780001,505.6378259,0.8945555485448807,0.20732430689877498
2016-06-18,NO 15/9-F-5 AH,5769,15/9-F-5,3420717,VOLVE,369304,MÆRSK INSPIRER,24.0,80.30340354166667,%,production,OP,,,,294.976704090125,3.358067835625,371.836455743375,,117.6423515,1935.8777217999998,1739.0445028870001,504.442762,0.8983235269994315,0.2067116861693902
2016-06-19,NO 15/9-F-5 AH,5769,15/9-F-5,3420717,VOLVE,369304,MÆRSK INSPIRER,24.0,80.35812375,%,production,OP,,,,297.2519846935,2.960095650125,371.374319351,,118.73153375,1937.8275629,1736.238396825,506.45550119999996,0.8959715663382776,0.2072000205861918
2016-06-20,NO 15/9-F-5 AH,5769,15/9-F-5,3420717,VOLVE,369304,MÆRSK INSPIRER,24.0,80.35019333333334,%,production,OP,,,,296.074599447375,4.1229106205,372.66527841600004,,114.20550275000001,1942.0417356,1736.7811837640002,505.5120297,0.8943068276683642,0.206537660935934
2016-06-21,NO 15/9-F-5 AH,5769,15/9-F-5,3420717,VOLVE,369304,MÆRSK INSPIRER,24.0,80.31975020833333,%,production,OP,,,,298.870901871125,3.7345562673750003,372.24479512425,,118.02686487499999,1936.0664161,1734.8226305020003,507.9021575,0.8960553295462953,0.2078186123121268
2016-06-22,NO 15/9-F-5 AH,5769,15/9-F-5,3420717,VOLVE,369304,MÆRSK INSPIRER,24.0,80.33969770833333,%,production,OP,,,,298.098604737375,5.11222086175,373.5942105465,,114.245660375,1931.7893453,1735.082546694,508.0279537,0.8981737842769538,0.20822376901263215
2016-06-23,NO 15/9-F-5 AH,5769,15/9-F-5,3420717,VOLVE,369304,MÆRSK INSPIRER,24.0,80.338611875,%,production,OP,,,,295.976191164375,3.929801588375,372.414033318875,,114.0767015,1932.858613,1740.9426680120002,513.0598017,0.9007087514331293,0.20976161699282536
2016-06-24,NO 15/9-F-5 AH,5769,15/9-F-5,3420717,VOLVE,369304,MÆRSK INSPIRER,24.0,80.27775979166667,%,production,OP,,,,299.46159632075,1.9016234342499998,370.38235914462496,,122.289295625,1935.1858427000002,1734.3713086359999,505.88941830000005,0.8962298454065678,0.20724040195825816
2016-06-25,NO 15/9-F-5 AH,5769,15/9-F-5,3420717,VOLVE,369304,MÆRSK INSPIRER,24.0,80.300813125,%,production,OP,,,,299.132157611875,2.09620399775,370.54724619925,,120.92897074999999,1920.2160949000001,1727.5057778090002,506.0152145,0.8996413384916264,0.20856017006273656
2016-06-26,NO 15/9-F-5 AH,5769,15/9-F-5,3420717,VOLVE,369304,MÆRSK INSPIRER,24.0,80.27607895833333,%,production,OP,,,,298.40909181425,2.210986466625,370.76112286,,120.896453,1925.2479428999998,1734.344116317,506.39260310000003,0.9008419527017173,0.2082514226590792
2016-06-27,NO 15/9-F-5 AH,5769,15/9-F-5,3420717,VOLVE,369304,MÆRSK INSPIRER,24.0,80.32690541666666,%,production,OP,,,,294.72141908037503,3.360986725375,371.969165513375,,115.826235125,1898.2017599,1709.5793297950001,504.9459468,0.9006309897663688,0.21011856466092602
2016-06-28,NO 15/9-F-5 AH,5769,15/9-F-5,3420717,VOLVE,369304,MÆRSK INSPIRER,24.0,80.28975666666666,%,production,OP,,,,298.771859046875,4.967095234625,373.5098226035,,114.630584375,1913.0457115,1727.3080154890001,504.442762,0.9029099540620152,0.20866397814492
2016-06-29,NO 15/9-F-5 AH,5769,15/9-F-5,3420717,VOLVE,369304,MÆRSK INSPIRER,24.0,80.35724854166666,%,production,OP,,,,298.982889336875,3.603387526125,372.155614884,,114.49762175,1915.1213488,1728.6178377120002,505.4491316,0.9026153036177778,0.2088140525932855
2016-06-30,NO 15/9-F-5 AH,5769,15/9-F-5,3420717,VOLVE,369304,MÆRSK INSPIRER,24.0,80.28088375,%,production,OP,,,,297.129630032375,3.792381105,372.522974986625,,115.00838975,1898.2017599,1722.2248175710001,506.39260310000003,0.9072928146804212,0.2105937745226262
2016-07-01,NO 15/9-F-5 AH,5769,15/9-F-5,3420717,VOLVE,369304,MÆRSK INSPIRER,24.0,80.30686916666667,%,production,OP,,,,296.95415520374996,4.290094110125,374.76676421425,,113.89555849999999,1924.8076561999999,1719.3795121920002,505.3233354,0.8932734170366089,0.20794078061911173
2016-07-02,NO 15/9-F-5 AH,5769,15/9-F-5,3420717,VOLVE,369304,MÆRSK INSPIRER,24.0,80.27975,%,production,OP,,,,299.434036079125,3.2785567953749997,372.03713696775,,117.687033875,1900.2144991,1718.864270719,507.46187080000004,0.9045632856359673,0.21076830638208938
2016-07-03,NO 15/9-F-5 AH,5769,15/9-F-5,3420717,VOLVE,369304,MÆRSK INSPIRER,24.0,80.243990625,%,production,OP,,,,299.4003358955,3.7126645942499996,372.321586702,,117.82440199999999,1916.1906164999998,1708.950021841,504.9459468,0.8918476101101397,0.2085574000467618
2016-07-04,NO 15/9-F-5 AH,5769,15/9-F-5,3420717,VOLVE,369304,MÆRSK INSPIRER,24.0,80.23765416666667,%,production,OP,,,,300.306367130125,2.747185909375,371.28105085212496,,119.738425625,1883.4836045,1708.328836268,507.27317650000003,0.9070048882753627,0.21218100499868456
2016-07-05,NO 15/9-F-5 AH,5769,15/9-F-5,3420717,VOLVE,369304,MÆRSK INSPIRER,24.0,80.22395083333333,%,production,OP,,,,301.024063500125,2.110269662125,370.68602641387497,,121.460535125,1906.0640224,1710.5857987450001,504.5685582,0.8974440410407276,0.20930960705526275
2016-07-06,NO 15/9-F-5 AH,5769,15/9-F-5,3420717,VOLVE,369304,MÆRSK INSPIRER,24.0,80.25968895833333,%,production,OP,,,,297.8972345825,2.479445761375,370.989294828625,,118.11187699999999,1836.0584371000002,1700.689207217,507.2102784,0.9262718292905688,0.21645416722587568
2016-07-07,NO 15/9-F-5 AH,5769,15/9-F-5,3420717,VOLVE,369304,MÆRSK INSPIRER,24.0,80.270299375,%,production,OP,,,,299.116291059,4.113625166875,372.80517965350003,,114.970995125,1893.9875872,1745.272603379,513.1855979000001,0.9214804865533176,0.21319014397324348
2016-07-08,NO 15/9-F-5 AH,5769,15/9-F-5,3420717,VOLVE,369304,MÆRSK INSPIRER,24.0,80.24279020833333,%,production,OP,,,,300.924543259125,4.567165036125,370.403021016375,,115.11944525,1885.5592417999999,1746.957114569,512.7453112,0.926492828144351,0.2137949121426698
2016-07-09,NO 15/9-F-5 AH,5769,15/9-F-5,3420717,VOLVE,369304,MÆRSK INSPIRER,23.5,70.74991354166667,%,production,OP,,,,305.00550475541337,59.69350228305411,354.75223161765774,,121.93276308926383,2093.5003604,1920.5645329160002,379.7787278,0.9173939346965494,0.15355271857992983
2016-07-10,NO 15/9-F-5 AH,5769,15/9-F-5,3420717,VOLVE,369304,MÆRSK INSPIRER,24.0,79.83823229166667,%,production,OP,,,,320.64865671200005,4.514238252625001,298.305942601625,,123.339356,2215.1452858000002,2057.2016981270003,495.5112318,0.9286983166813103,0.18280118804529422
2016-07-11,NO 15/9-F-5 AH,5769,15/9-F-5,3420717,VOLVE,369304,MÆRSK INSPIRER,23.66667,76.86020520833333,%,production,OP,,,,319.5419405326839,11.151001593011499,307.02983155432815,,124.66587295160916,2140.4852411,1985.182311535,478.5287448,0.9274449893028976,0.18271332164557266
2016-07-12,NO 15/9-F-5 AH,5769,15/9-F-5,3420717,VOLVE,369304,MÆRSK INSPIRER,24.0,81.05678520833334,%,production,OP,,,,320.65254554337497,2.2202235742500003,298.43426497212505,,127.596650375,2225.1460837,2034.9739196530002,490.0390971,0.9145349757303218,0.18048091178650852
2016-07-13,NO 15/9-F-5 AH,5769,15/9-F-5,3420717,VOLVE,369304,MÆRSK INSPIRER,24.0,81.02099541666666,%,production,OP,,,,312.306714558125,2.489247912875,327.16761322225,,122.374034375,2230.1150336,1936.8248333840002,494.6306584,0.8684865149119454,0.18153277931671286
2016-07-14,NO 15/9-F-5 AH,5769,15/9-F-5,3420717,VOLVE,369304,MÆRSK INSPIRER,24.0,88.97786145833334,%,production,OP,,,,278.24971630175,3.468580748375,356.59419174475,,108.609009875,1223.5567393000001,1099.2505550160001,262.1592808,0.898405868488685,0.17645315608991996
2016-07-15,NO 15/9-F-5 AH,5769,15/9-F-5,3420717,VOLVE,369304,MÆRSK INSPIRER,24.0,99.83041458333334,%,production,OP,,,,320.89199421650005,3.12914046075,305.61691234874996,,126.140883875,2190.4263325,1968.776514503,553.1887895,0.8988097363931776,0.20162769371847775
2016-07-16,NO 15/9-F-5 AH,5769,15/9-F-5,3420717,VOLVE,369304,MÆRSK INSPIRER,24.0,99.78730729166666,%,production,OP,,,,318.25551460387504,3.451300075,314.18853728375,,122.591240375,1263.3083385,1134.804335535,244.79940520000002,0.8982797793311645,0.16232222546607167
2016-07-17,NO 15/9-F-5 AH,5769,15/9-F-5,3420717,VOLVE,369304,MÆRSK INSPIRER,21.47501,89.570236875,%,production,OP,,,,315.90936284311636,7.126249103253698,317.2392603440858,,123.26657936696094,1884.6786683999999,1694.2308548810001,332.7938471,0.8989494513244103,0.15007800312012481
2016-07-18,NO 15/9-F-5 AH,5769,15/9-F-5,3420717,VOLVE,369304,MÆRSK INSPIRER,24.0,99.95385375,%,production,OP,,,,323.58598139612496,2.21302002025,318.957522696875,,127.39457337500001,2118.6596004,1904.0178302310003,488.6553389,0.8986898272244982,0.18741707475936603
2016-07-19,NO 15/9-F-5 AH,5769,15/9-F-5,3420717,VOLVE,369304,MÆRSK INSPIRER,24.0,99.937794375,%,production,OP,,,,327.09992882225,2.6129894998750003,321.52682856412497,,126.361916375,2220.1142357000003,1994.5371755649999,613.6967617,0.8983939400470191,0.2165623474053358
2016-07-20,NO 15/9-F-5 AH,5769,15/9-F-5,3420717,VOLVE,369304,MÆRSK INSPIRER,24.0,100.0,%,production,OP,,,,326.693190902625,2.474928432,321.595939171125,,122.32418937499999,2244.7702909,2015.8248767250002,568.2214354,0.8980094243481777,0.20199897144645934
2016-07-21,NO 15/9-F-5 AH,5769,15/9-F-5,3420717,VOLVE,369304,MÆRSK INSPIRER,24.0,100.0,%,production,OP,,,,326.12810170325,1.37911195275,320.14180329125,,126.7075325,2203.8236278,1979.9020575910001,539.7285961,0.8983940604936099,0.19672619729934201
2016-07-22,NO 15/9-F-5 AH,5769,15/9-F-5,3420717,VOLVE,369304,MÆRSK INSPIRER,24.0,100.0,%,production,OP,,,,329.567638592125,2.33264011075,320.67374224275,,127.638125375,2100.4191514,1886.9756623050002,539.0996150999999,0.8983805261189262,0.20424162992970332
2016-07-23,NO 15/9-F-5 AH,5769,15/9-F-5,3420717,VOLVE,369304,MÆRSK INSPIRER,24.0,100.0,%,production,OP,,,,331.583579165,3.267672902125,319.17087963812503,,126.05865575,2099.2240875,1885.6944449890002,544.3830555,0.8982816347323378,0.20592433975731617
2016-07-24,NO 15/9-F-5 AH,5769,15/9-F-5,3420717,VOLVE,369304,MÆRSK INSPIRER,24.0,100.0,%,production,OP,,,,337.23909726662504,2.8493833101250003,314.725192991875,,127.641240875,2163.4430475999998,1943.430448019,550.7986616999999,0.8983044181241243,0.20292911269204922
2016-07-25,NO 15/9-F-5 AH,5769,15/9-F-5,3420717,VOLVE,369304,MÆRSK INSPIRER,24.0,97.91666666666667,%,production,OP,,,,338.30425485995744,3.4317169233750002,314.87537681925,,126.208616375,2162.1221875,1942.145346086,507.7763613,0.8982588298266561,0.1901856388993592
2016-07-26,NO 15/9-F-5 AH,5769,15/9-F-5,3420717,VOLVE,369304,MÆRSK INSPIRER,12.0,100.0,%,production,WI,,,,340.78067141012497,1.7686281206874999,312.99324286625,0.0,129.352761125,2141.8061012,1923.5468593310002,494.8193527,0.8980957044866412,0.18767146162837858
2016-07-27,NO 15/9-F-5 AH,5769,15/9-F-5,3420717,VOLVE,369304,MÆRSK INSPIRER,12.0,100.0,%,production,WI,,,,341.788993715875,1.5813236301875,312.38667884212504,0.0,130.28945637500001,2101.9287058,1888.217327157,536.0805063,0.8983260573713604,0.2032140387687466
2016-07-28,NO 15/9-F-5 AH,5769,15/9-F-5,3420717,VOLVE,369304,MÆRSK INSPIRER,12.0,100.0,%,production,WI,,,,343.019894962375,1.715131760875,313.444289894875,0.0,129.25481825,2130.2957489,1913.71065594,557.3400641000001,0.8983309744330871,0.20737186988064596
2016-07-29,NO 15/9-F-5 AH,5769,15/9-F-5,3420717,VOLVE,369304,MÆRSK INSPIRER,12.0,100.0,%,production,WI,,,,346.023900867,0.9139327840000001,311.207924799875,0.0,132.76910375,2155.9581737,1899.472828341,564.195957,0.881034173812924,0.20741323097555903
2016-07-30,NO 15/9-F-5 AH,5769,15/9-F-5,3420717,VOLVE,369304,MÆRSK INSPIRER,12.0,100.0,%,production,WI,,,,346.3408451565,0.8391596517500001,310.38153151375,0.0,134.05147475,2196.7161425,1954.3045504430002,577.404558,0.8896481946997848,0.20813966670445527
2016-07-31,NO 15/9-F-5 AH,5769,15/9-F-5,3420717,VOLVE,369304,MÆRSK INSPIRER,12.0,100.0,%,production,WI,,,,343.332222208875,0.8924475194375,310.4879591895,0.0,131.778360125,2153.5680459,1875.3482973300002,557.0255736,0.8708098640766521,0.20549947789766795
2016-08-01,NO 15/9-F-5 AH,5769,15/9-F-5,3420717,VOLVE,369304,MÆRSK INSPIRER,12.0,100.0,%,production,WI,,,,345.122199621,0.72355227925,309.73286114525,0.0,132.39020225,2210.1134378,1886.0196933760003,540.1688828,0.8533587738615759,0.19640488496546676
2016-08-02,NO 15/9-F-5 AH,5769,15/9-F-5,3420717,VOLVE,369304,MÆRSK INSPIRER,24.0,100.0,%,production,OP,,,,345.581646767125,2.0257094865,310.99510872950003,,132.456128375,2157.7193205000003,1978.8309627400001,528.0924476,0.9170937776473416,0.1966230299056228
2016-08-03,NO 15/9-F-5 AH,5769,15/9-F-5,3420717,VOLVE,369304,MÆRSK INSPIRER,24.0,100.0,%,production,OP,,,,340.86445200649996,3.16318813125,322.829408798875,,124.40630637500001,2085.1978111999997,1776.8541864420001,728.359998,0.852127398608503,0.2588750782437629
2016-08-04,NO 15/9-F-5 AH,5769,15/9-F-5,3420717,VOLVE,369304,MÆRSK INSPIRER,24.0,100.0,%,production,OP,,,,338.25355347112503,1.7395011665,343.656061846625,,128.040421625,1995.7567130000002,1987.127798358,603.9475562,0.9956763694764031,0.2323139456111487
2016-08-05,NO 15/9-F-5 AH,5769,15/9-F-5,3420717,VOLVE,369304,MÆRSK INSPIRER,24.0,100.0,%,production,OP,,,,341.18519750025,1.7007850853750002,343.72851134924997,,130.960107875,2046.7670721000002,1842.926224407,550.1696807,0.9004083803811356,0.21185332299941867
2016-08-06,NO 15/9-F-5 AH,5769,15/9-F-5,3420717,VOLVE,369304,MÆRSK INSPIRER,24.0,100.0,%,production,OP,,,,341.746198441,2.501497580625,344.21120989975003,,128.8441355,1994.8761396000002,1784.910175806,516.7707896,0.89474736820698,0.2057497746168486
2016-08-07,NO 15/9-F-5 AH,5769,15/9-F-5,3420717,VOLVE,369304,MÆRSK INSPIRER,24.0,100.0,%,production,OP,,,,343.11319972075,5.144410232875,347.383514273625,,120.611779625,2016.1356974000003,1913.9610371630001,518.5948345,0.949321536060909,0.2045956475346783
2016-08-08,NO 15/9-F-5 AH,5769,15/9-F-5,3420717,VOLVE,369304,MÆRSK INSPIRER,24.0,100.0,%,production,OP,,,,341.781929156625,3.8467612901250003,346.341905746875,,123.32203625,2011.0409513000002,1809.2946230090001,518.8464269,0.8996806464032545,0.20508676843518472
2016-08-09,NO 15/9-F-5 AH,5769,15/9-F-5,3420717,VOLVE,369304,MÆRSK INSPIRER,23.83333,94.02382229166666,%,production,OP,,,,330.8836392930323,20.942013606877847,362.0548724283521,,122.15290659048483,1902.3530345,1743.9811448,502.24132849999995,0.9167494745571108,0.2088673816374575
2016-08-10,NO 15/9-F-5 AH,5769,15/9-F-5,3420717,VOLVE,369304,MÆRSK INSPIRER,24.0,99.91582833333334,%,production,OP,,,,342.866027774125,2.30275019625,344.47931264275,,128.257535,1985.9446094,1818.284686188,511.1728587,0.915576737428415,0.20470517115437897
2016-08-11,NO 15/9-F-5 AH,5769,15/9-F-5,3420717,VOLVE,369304,MÆRSK INSPIRER,24.0,100.0,%,production,OP,,,,349.65278184325,3.7005901807500003,346.492721093875,,127.491481625,2024.7527371,1800.308797594,513.1855979000001,0.8891499513034539,0.20220570012391573
2016-08-12,NO 15/9-F-5 AH,5769,15/9-F-5,3420717,VOLVE,369304,MÆRSK INSPIRER,24.0,100.0,%,production,OP,,,,351.893434624125,4.34913968425,347.48574491225,,127.029160625,2074.8196247,1844.511854437,622.8169862,0.888998654378787,0.23087504954650376
2016-08-13,NO 15/9-F-5 AH,5769,15/9-F-5,3420717,VOLVE,369304,MÆRSK INSPIRER,24.0,100.0,%,production,OP,,,,354.307960772375,2.727720601125,343.361876436625,,130.627989125,2079.3482879,1857.077177844,648.1649205,0.8931053968450477,0.23763951664975558
2016-08-14,NO 15/9-F-5 AH,5769,15/9-F-5,3420717,VOLVE,369304,MÆRSK INSPIRER,24.0,100.0,%,production,OP,,,,354.23187323325,1.4978195125,342.042604745375,,133.2031205,2151.4295105,1886.7892006890004,695.7787822,0.8769932695821876,0.24437228002739303
2016-08-15,NO 15/9-F-5 AH,5769,15/9-F-5,3420717,VOLVE,369304,MÆRSK INSPIRER,24.0,100.0,%,production,OP,,,,359.431742371375,1.5718432817499999,342.60517693112496,,135.359975,2212.0003808,1946.1966484700001,688.4197045000001,0.8798355847326443,0.2373517229414699
2016-08-16,NO 15/9-F-5 AH,5769,15/9-F-5,3420717,VOLVE,369304,MÆRSK INSPIRER,24.0,100.0,%,production,OP,,,,361.64485001875,3.30334318525,344.997249384,,134.092904375,2268.7973650999998,2010.59300392,600.5510588000001,0.8861932911454086,0.20929875709682372
2016-08-17,NO 15/9-F-5 AH,5769,15/9-F-5,3420717,VOLVE,369304,MÆRSK INSPIRER,24.0,100.0,%,production,OP,,,,360.671067908375,2.874218046,344.201428899625,,133.609285625,2247.4749092,1949.74577582,574.5741435,0.8675272715342668,0.20360175630195912
2016-08-18,NO 15/9-F-5 AH,5769,15/9-F-5,3420717,VOLVE,369304,MÆRSK INSPIRER,24.0,100.0,%,production,OP,,,,362.60307982525,1.871594525,343.366771469125,,135.12203825,2294.522688,2003.5660849140002,571.3034423,0.8731951509533299,0.19935035006474552
2016-08-19,NO 15/9-F-5 AH,5769,15/9-F-5,3420717,VOLVE,369304,MÆRSK INSPIRER,24.0,100.0,%,production,OP,,,,362.24630749662504,2.761659493125,344.29890954375,,132.318092,2317.2289021,2033.1799328930003,566.5860848,0.8774186836054138,0.19647102444982442
2016-08-20,NO 15/9-F-5 AH,5769,15/9-F-5,3420717,VOLVE,369304,MÆRSK INSPIRER,24.0,100.0,%,production,OP,,,,357.244520985375,3.6989675681249996,345.15780645,,125.73793737499999,2238.8578695,1989.4896454940001,571.2405441999999,0.8886181086333582,0.20328133043848062
2016-08-21,NO 15/9-F-5 AH,5769,15/9-F-5,3420717,VOLVE,369304,MÆRSK INSPIRER,24.0,100.0,%,production,OP,,,,359.58468192075003,3.6808227100000006,345.13442511575,,127.755447125,2327.1668019,2043.543031608,574.1338568,0.8781248640791726,0.19788843844169357
2016-08-22,NO 15/9-F-5 AH,5769,15/9-F-5,3420717,VOLVE,369304,MÆRSK INSPIRER,24.0,100.0,%,production,OP,,,,362.571392043875,1.7398003073750001,343.01762874362504,,135.463529,2335.5951473,2045.951494148,569.9196841,0.8759872174392747,0.19615101528337017
2016-08-23,NO 15/9-F-5 AH,5769,15/9-F-5,3420717,VOLVE,369304,MÆRSK INSPIRER,24.0,100.0,%,production,OP,,,,363.66325925924997,2.7561359626249997,344.1475321745,,134.35072325000002,2381.0075755000003,2087.789878679,566.7747791,0.876851422129799,0.19227158281056628
2016-08-24,NO 15/9-F-5 AH,5769,15/9-F-5,3420717,VOLVE,369304,MÆRSK INSPIRER,24.0,100.0,%,production,OP,,,,361.63438310975,2.43255920625,343.787339366375,,133.24773425,2370.3777966000002,2070.582437957,574.3854491999999,0.8735242293135643,0.1950531846725618
2016-08-25,NO 15/9-F-5 AH,5769,15/9-F-5,3420717,VOLVE,369304,MÆRSK INSPIRER,24.0,100.0,%,production,OP,,,,361.589013410375,1.483209955625,342.895283147375,,136.19037350000002,2374.0258864,2095.4835392210002,574.7628377999999,0.8826708888160505,0.1949148927093554
2016-08-26,NO 15/9-F-5 AH,5769,15/9-F-5,3420717,VOLVE,369304,MÆRSK INSPIRER,20.59167,83.87681270833333,%,production,OP,,,,360.1043095219851,6.0942349392526225,347.6605642322886,,132.56953986831084,2057.7742396000003,1843.76636112,487.5860712,0.896000312200623,0.19155876247899573
2016-08-27,NO 15/9-F-5 AH,5769,15/9-F-5,3420717,VOLVE,369304,MÆRSK INSPIRER,0.0,33.199575833333334,%,production,OP,,,,213.725676192,110.522872026,183.891069516,,92.759198,0.0,0.0,0.0,,
2016-08-28,NO 15/9-F-5 AH,5769,15/9-F-5,3420717,VOLVE,369304,MÆRSK INSPIRER,0.0,0.7745252083333334,%,production,OP,,,,83.781780852,17.118545064,17.118545064,,65.893604,0.0,0.0,0.0,,
2016-08-29,NO 15/9-F-5 AH,5769,15/9-F-5,3420717,VOLVE,369304,MÆRSK INSPIRER,0.0,0.6937283333333333,%,production,OP,,,,0.0,754.644752154,754.644752154,,63.54788,0.0,0.0,0.0,,
2016-08-30,NO 15/9-F-5 AH,5769,15/9-F-5,3420717,VOLVE,369304,MÆRSK INSPIRER,0.0,0.6737579166666666,%,production,OP,,,,26.855526156,1216.364667912,1216.364667912,,54.099428,0.0,0.0,0.0,,
2016-08-31,NO 15/9-F-5 AH,5769,15/9-F-5,3420717,VOLVE,369304,MÆRSK INSPIRER,0.0,0.6327627083333334,%,production,OP,,,,91.245146256,87.15246397199999,87.15246397199999,,36.136886,0.0,0.0,0.0,,
2016-09-01,NO 15/9-F-5 AH,5769,15/9-F-5,3420717,VOLVE,369304,MÆRSK INSPIRER,0.0,0.6144310416666666,%,production,OP,,,,91.27850499600001,87.053548056,87.053548056,,36.135446,0.0,0.0,0.0,,
2016-09-02,NO 15/9-F-5 AH,5769,15/9-F-5,3420717,VOLVE,369304,MÆRSK INSPIRER,0.0,0.6108660416666667,%,production,OP,,,,91.197283716,87.071097654,87.071097654,,36.135356,0.0,0.0,0.0,,
2016-09-03,NO 15/9-F-5 AH,5769,15/9-F-5,3420717,VOLVE,369304,MÆRSK INSPIRER,0.0,0.591590625,%,production,OP,,,,45.015734136,41.933821674,41.933821674,,34.179404,0.0,0.0,0.0,,
2016-09-04,NO 15/9-F-5 AH,5769,15/9-F-5,3420717,VOLVE,369304,MÆRSK INSPIRER,0.0,0.6175066666666666,%,production,OP,,,,4.004789256,1.136807844,1.136807844,,32.410436,0.0,0.0,0.0,,
2016-09-05,NO 15/9-F-5 AH,5769,15/9-F-5,3420717,VOLVE,369304,MÆRSK INSPIRER,0.0,0.60033625,%,production,OP,,,,4.133583,1.23934971,1.23934971,,32.412002,0.0,0.0,0.0,,
2016-09-06,NO 15/9-F-5 AH,5769,15/9-F-5,3420717,VOLVE,369304,MÆRSK INSPIRER,0.0,0.613268125,%,production,WI,,,,4.075132686,0.6039382320000001,1.2078764640000001,0.0,32.41193,0.0,0.0,0.0,,
2016-09-07,NO 15/9-F-5 AH,5769,15/9-F-5,3420717,VOLVE,369304,MÆRSK INSPIRER,0.0,0.61606375,%,production,WI,,,,3.9073237199999995,0.546430665,1.09286133,0.0,32.411192,0.0,0.0,0.0,,
2016-09-08,NO 15/9-F-5 AH,5769,15/9-F-5,3420717,VOLVE,369304,MÆRSK INSPIRER,0.0,0.58911125,%,production,WI,,,,4.137789102,0.619094703,1.238189406,0.0,32.412056,0.0,0.0,0.0,,
2016-09-09,NO 15/9-F-5 AH,5769,15/9-F-5,3420717,VOLVE,369304,MÆRSK INSPIRER,0.0,0.5751045833333334,%,production,WI,,,,4.160705106,0.619674855,1.23934971,0.0,32.412002,0.0,0.0,0.0,,
2016-09-10,NO 15/9-F-5 AH,5769,15/9-F-5,3420717,VOLVE,369304,MÆRSK INSPIRER,0.0,0.5714602083333333,%,production,WI,,,,4.100804412,0.582690165,1.23934971,0.0,32.41193,0.0,0.0,0.0,,
2016-09-11,NO 15/9-F-5 AH,5769,15/9-F-5,3420717,VOLVE,369304,MÆRSK INSPIRER,0.0,0.5681020833333333,%,production,WI,,,,4.159399764,0.500671176,1.26038022,0.0,32.412002,0.0,0.0,0.0,,
2016-09-12,NO 15/9-F-5 AH,5769,15/9-F-5,3420717,VOLVE,369304,MÆRSK INSPIRER,0.0,0.558971875,%,production,WI,,,,4.160705106,0.383117877,1.23934971,0.0,32.412002,0.0,0.0,0.0,,
2016-09-13,NO 15/9-F-5 AH,5769,15/9-F-5,3420717,VOLVE,369304,MÆRSK INSPIRER,0.0,0.673718125,%,production,OP,,,,4.1282165939999995,0.542587158,1.23934971,,32.412002,0.0,0.0,0.0,,
2016-09-14,NO 15/9-F-5 AH,5769,15/9-F-5,3420717,VOLVE,369304,MÆRSK INSPIRER,0.0,0.6360879166666666,%,production,OP,,,,3.9554763360000003,0.270060756,1.127815488,,32.411822,0.0,0.0,0.0,,
2016-09-15,NO 15/9-F-5 AH,5769,15/9-F-5,3420717,VOLVE,369304,MÆRSK INSPIRER,0.0,0.670794375,%,production,OP,,,,4.160560068,0.091518978,1.23934971,,32.412452,0.0,0.0,0.0,,
2016-09-16,NO 15/9-F-5 AH,5769,15/9-F-5,3420717,VOLVE,369304,MÆRSK INSPIRER,0.0,0.6643927083333333,%,production,OP,,,,4.148666952,0.17128987799999998,1.239204672,,32.412128,0.0,0.0,0.0,,
2016-09-17,NO 15/9-F-5 AH,5769,15/9-F-5,3420717,VOLVE,369304,MÆRSK INSPIRER,0.0,0.62466,%,production,OP,,,,3.9467740559999998,0.373617888,1.087349886,,32.411228,0.0,0.0,0.0,,
2016-09-18,NO 15/9-F-5 AH,5769,15/9-F-5,3420717,VOLVE,369304,MÆRSK INSPIRER,0.0,,,injection,WI,,,,,0.0,,0.0,,,,,,
